{
  "truth": {
    "beta": 0.55,
    "gamma": 0.2,
    "endog_delta": 0.5,
    "policy_weight": 0.7,
    "adapt_rate": 0.3
  },
  "mle": {
    "beta": 0.5718311932458418,
    "gamma": 0.19996512690833212,
    "endog_delta": 0.6203801791784095,
    "policy_weight": 0.6972004000434082,
    "adapt_rate": 0.21571532858471196
  },
  "mle_se": {
    "beta": 0.007408868626177559,
    "gamma": 0.000986772107724917,
    "endog_delta": 0.014103276698446411,
    "policy_weight": 0.0071139061384578725,
    "adapt_rate": 0.009625125938903469
  },
  "posterior": {
    "beta": {
      "mean": 0.5718294211124976,
      "sd": 0.007652030514612085,
      "q2.5": 0.5568698587996684,
      "q97.5": 0.5868146496787074
    },
    "gamma": {
      "mean": 0.20003046737661856,
      "sd": 0.001009049746273039,
      "q2.5": 0.1980451615595116,
      "q97.5": 0.20204332340205017
    },
    "endog_delta": {
      "mean": 0.6196195176849989,
      "sd": 0.012514389212378062,
      "q2.5": 0.5961699054627775,
      "q97.5": 0.643065287565027
    },
    "policy_weight": {
      "mean": 0.6971396082113915,
      "sd": 0.0071766271328617195,
      "q2.5": 0.6824366993829964,
      "q97.5": 0.712103734536132
    },
    "adapt_rate": {
      "mean": 0.21657594895238036,
      "sd": 0.009019949709734217,
      "q2.5": 0.1995457217417766,
      "q97.5": 0.23616947240247324
    }
  },
  "accept_rate": 0.17124,
  "forecast_coverage": 0.7,
  "calibration": {
    "sd_0.0": {
      "beta": 0.9,
      "gamma": 0.96
    },
    "sd_0.05": {
      "beta": 0.58,
      "gamma": 0.98
    }
  },
  "rows": [
    {
      "param": "beta",
      "truth": 0.55,
      "mle": 0.5718311932458418,
      "mle_se": 0.007408868626177559,
      "post_mean": 0.5718294211124976,
      "ci_lo": 0.5568698587996684,
      "ci_hi": 0.5868146496787074
    },
    {
      "param": "gamma",
      "truth": 0.2,
      "mle": 0.19996512690833212,
      "mle_se": 0.000986772107724917,
      "post_mean": 0.20003046737661856,
      "ci_lo": 0.1980451615595116,
      "ci_hi": 0.20204332340205017
    },
    {
      "param": "endog_delta",
      "truth": 0.5,
      "mle": 0.6203801791784095,
      "mle_se": 0.014103276698446411,
      "post_mean": 0.6196195176849989,
      "ci_lo": 0.5961699054627775,
      "ci_hi": 0.643065287565027
    },
    {
      "param": "policy_weight",
      "truth": 0.7,
      "mle": 0.6972004000434082,
      "mle_se": 0.0071139061384578725,
      "post_mean": 0.6971396082113915,
      "ci_lo": 0.6824366993829964,
      "ci_hi": 0.712103734536132
    },
    {
      "param": "adapt_rate",
      "truth": 0.3,
      "mle": 0.21571532858471196,
      "mle_se": 0.009625125938903469,
      "post_mean": 0.21657594895238036,
      "ci_lo": 0.1995457217417766,
      "ci_hi": 0.23616947240247324
    }
  ]
}