horizon,r_rev,cost_c,q_c,dC,dQ,dLY,inc_c,inc_v,icer,nmb
lifetime,0.05,163210.0,16.35,-7608.409671742964,0.3081193703986109,0.1379616325743882,32.35953373779202,29.801144022842998,-24693.058608746476,38420.346711604056
10-year,0.05,40398.388518765205,7.641844512136816,-922.8899668950398,0.024597447949752826,0.0034856041959017148,20.146651623158103,18.292895230028037,-37519.74468165563,3382.6347618703226
