chain	draw	a0	beta	d_home	t_seed	d_school
0	0	2.2983	1.6412	5.9501	-11.0318	1.0
0	1	1.5564	3.8597	4.6557	-7.5898	1.0
0	2	0.83	7.5749	2.9312	-3.2042	1.0
0	3	0.7891	2.9044	4.746	-3.3558	1.0
0	4	1.2889	3.8768	4.244	-3.5614	1.0
0	5	1.0603	3.6078	2.8438	-2.5211	1.0
0	6	1.4539	2.6297	3.0645	-5.3823	1.0
0	7	1.8521	2.6261	3.0209	-3.8363	1.0
0	8	1.4242	2.0457	2.828	-2.5484	1.0
0	9	1.8439	4.8163	3.7331	-2.0469	1.0
0	10	1.7129	3.4925	3.5422	-2.9622	1.0
0	11	1.817	3.5059	2.7035	-2.3285	1.0
0	12	1.2982	8.1651	2.7264	-1.8751	1.0
0	13	1.5576	9.7078	2.1453	-1.4069	1.0
0	14	1.164	7.8234	2.6686	-3.6233	1.0
0	15	0.8749	1.9813	2.5837	-4.7158	1.0
0	16	0.6013	1.3968	4.0776	-7.6564	1.0
0	17	1.01	4.7823	2.6743	-2.0501	1.0
0	18	1.0634	6.9888	2.6021	-1.6099	1.0
0	19	0.7515	2.1691	4.0623	-4.7394	1.0
0	20	1.5534	3.4181	4.46	-6.343	1.0
0	21	0.8257	1.4708	4.3491	-5.3841	1.0
0	22	1.0158	6.7736	4.2736	-6.3585	1.0
0	23	1.2672	2.5474	3.6867	-8.6701	1.0
0	24	0.9346	1.4527	4.3298	-4.0602	1.0
0	25	1.238	3.116	4.9941	-4.7367	1.0
0	26	1.9952	3.2734	2.3686	-2.7483	1.0
0	27	3.0515	3.8783	2.0582	-1.5105	1.0
0	28	2.0758	3.3878	3.3154	-3.6284	1.0
0	29	2.3291	1.9724	4.1683	-3.7735	1.0
0	30	2.2501	1.3964	4.0551	-5.0835	1.0
0	31	2.7236	2.6874	3.7106	-2.5126	1.0
0	32	1.155	4.7849	3.882	-2.9548	1.0
0	33	1.0941	7.2535	4.1184	-1.4906	1.0
0	34	1.8593	4.5371	3.4781	-4.0719	1.0
0	35	1.719	5.2423	2.1859	-2.0416	1.0
0	36	1.7684	4.2549	2.5791	-2.2195	1.0
0	37	1.7684	4.2549	2.5791	-2.2195	1.0
0	38	4.6057	2.7671	2.2032	-4.6926	1.0
0	39	2.8393	1.7021	2.1972	-3.5404	1.0
0	40	3.8117	3.8525	3.1088	-1.9298	1.0
0	41	0.9192	2.3672	4.0277	-5.3095	1.0
0	42	1.3658	2.9757	2.9073	-2.663	1.0
0	43	3.1533	3.5203	3.0176	-1.9624	1.0
0	44	1.1212	3.3659	3.8908	-6.2052	1.0
0	45	1.7429	1.5241	4.8921	-3.7332	1.0
0	46	4.8023	1.7674	2.5635	-1.427	1.0
0	47	2.8625	2.535	4.7174	-1.8313	1.0
0	48	4.3088	2.9349	3.6379	-2.2332	1.0
0	49	2.1256	5.0068	3.6915	-2.7415	1.0
0	50	1.8797	7.301	3.2276	-1.8631	1.0
0	51	3.4342	4.3802	2.47	-2.2384	1.0
0	52	0.6344	3.0604	3.9103	-3.145	1.0
0	53	0.4757	2.2576	4.8176	-3.3285	1.0
0	54	1.6691	2.4875	4.8022	-6.7124	1.0
0	55	4.2147	2.3897	2.051	-3.6079	1.0
0	56	1.3741	7.7258	2.6147	-2.9203	1.0
0	57	1.1187	5.7107	3.316	-1.964	1.0
0	58	1.1187	5.7107	3.316	-1.964	1.0
0	59	1.7414	3.6999	3.8391	-2.9411	1.0
0	60	0.8572	1.9045	4.206	-5.2666	1.0
0	61	0.934	2.453	3.6948	-3.4758	1.0
0	62	1.6274	2.5587	3.3083	-6.253	1.0
0	63	2.1782	2.3661	3.1264	-4.1996	1.0
0	64	0.9491	1.7497	4.2422	-5.6934	1.0
0	65	0.9491	1.7497	4.2422	-5.6934	1.0
0	66	5.8348	1.4998	3.8921	-9.2533	1.0
0	67	3.4057	9.476	3.177	-4.2475	1.0
0	68	3.7086	2.5189	3.7336	-2.4817	1.0
0	69	3.7086	2.5189	3.7336	-2.4817	1.0
0	70	2.1531	1.8006	3.9388	-6.0381	1.0
0	71	2.4779	2.6631	5.5853	-10.6362	1.0
0	72	2.8956	3.5487	3.4954	-4.8614	1.0
0	73	2.183	1.8277	2.63	-5.116	1.0
0	74	3.6653	7.0419	1.8284	-2.1398	1.0
0	75	3.6653	7.0419	1.8284	-2.1398	1.0
0	76	0.8479	5.4986	3.4077	-3.5477	1.0
0	77	1.5764	6.5872	3.0852	-1.4427	1.0
0	78	1.9378	7.075	3.4159	-1.7028	1.0
0	79	1.9378	7.075	3.4159	-1.7028	1.0
0	80	1.9571	5.2113	3.0804	-3.6798	1.0
0	81	1.4918	5.6859	3.0024	-1.7717	1.0
0	82	2.5717	4.9034	2.5277	-1.9085	1.0
0	83	2.6074	2.5665	3.6075	-3.068	1.0
0	84	1.7665	4.8975	2.8326	-3.6106	1.0
0	85	1.8238	2.3454	2.7823	-3.1207	1.0
0	86	1.1649	3.1449	3.6853	-2.2535	1.0
0	87	1.2952	3.9878	3.4652	-4.3523	1.0
0	88	1.5577	3.041	2.8351	-2.7418	1.0
0	89	0.7782	2.118	3.3907	-5.5914	1.0
0	90	1.4102	2.3245	3.1195	-3.8876	1.0
0	91	1.6295	1.4906	4.4317	-9.3162	1.0
0	92	1.3005	2.0802	3.0148	-5.5429	1.0
0	93	0.9829	4.421	5.5561	-5.8368	1.0
0	94	0.9068	4.4333	4.364	-3.215	1.0
0	95	1.403	2.2161	3.2056	-5.3496	1.0
0	96	1.7747	3.7874	3.7857	-4.2621	1.0
0	97	1.9088	3.6487	2.3061	-4.2271	1.0
0	98	5.4871	1.4591	2.7472	-9.5599	1.0
0	99	2.9907	2.9802	2.9993	-5.756	1.0
0	100	3.9714	1.9998	3.079	-2.2335	1.0
0	101	4.9421	0.9525	3.0492	-3.8919	1.0
0	102	1.6601	1.7685	4.5185	-6.1557	1.0
0	103	1.6691	5.5754	3.661	-2.9367	1.0
0	104	1.8261	6.1425	3.3342	-1.4311	1.0
0	105	2.5594	3.889	3.1369	-2.3324	1.0
0	106	1.8599	1.7506	3.3476	-4.8865	1.0
0	107	2.5377	3.9423	2.7867	-2.7928	1.0
0	108	1.9245	5.0051	3.0125	-2.656	1.0
0	109	2.2092	3.5861	3.9498	-1.9349	1.0
0	110	1.1894	6.8765	2.9084	-2.4628	1.0
0	111	0.7767	9.1104	4.0458	-5.9466	1.0
0	112	0.9918	2.1853	4.1471	-8.8758	1.0
0	113	1.1389	7.5961	3.201	-1.7364	1.0
0	114	2.3523	5.8815	3.4178	-4.443	1.0
0	115	1.2555	3.396	4.5645	-9.166	1.0
0	116	1.9556	2.1244	4.6498	-8.6519	1.0
0	117	2.6761	6.6614	3.7241	-7.4308	1.0
0	118	1.7514	8.6936	4.4606	-5.4584	1.0
0	119	1.3573	5.5345	5.4559	-4.9747	1.0
0	120	0.8456	6.0313	5.6485	-6.274	1.0
0	121	0.9269	2.1982	3.7043	-3.5393	1.0
0	122	2.0665	5.2895	3.9785	-4.5212	1.0
0	123	2.2002	6.217	3.9515	-1.7367	1.0
0	124	3.2654	2.7839	3.5479	-2.1886	1.0
0	125	2.1413	1.9985	4.7755	-6.5487	1.0
0	126	1.4001	4.1209	3.8048	-1.9324	1.0
0	127	0.8544	4.7738	3.3447	-2.1649	1.0
0	128	1.3201	3.4585	5.8198	-2.8168	1.0
0	129	3.1407	1.5608	4.0725	-3.5456	1.0
0	130	1.4513	2.8647	4.1568	-2.1733	1.0
0	131	0.9824	3.1504	4.2281	-3.0241	1.0
0	132	1.8638	5.0802	2.694	-3.0192	1.0
0	133	0.9341	5.2555	2.6858	-1.3229	1.0
0	134	2.7754	2.6689	2.9208	-4.952	1.0
0	135	2.6753	2.2027	5.4262	-4.2445	1.0
0	136	1.3575	2.8226	2.6547	-3.0649	1.0
0	137	3.0651	2.1431	2.7286	-3.2874	1.0
0	138	1.4181	4.6624	3.0968	-2.0405	1.0
0	139	1.4181	4.6624	3.0968	-2.0405	1.0
0	140	1.4181	4.6624	3.0968	-2.0405	1.0
0	141	0.8348	3.7689	4.47	-3.8261	1.0
0	142	0.9092	4.8224	3.3896	-2.0637	1.0
0	143	0.9092	4.8224	3.3896	-2.0637	1.0
0	144	1.1126	8.661	2.5833	-1.5044	1.0
0	145	1.1126	8.661	2.5833	-1.5044	1.0
0	146	1.2602	2.6509	3.7457	-5.1012	1.0
0	147	2.285	2.7552	3.0211	-3.4658	1.0
0	148	2.2137	2.7557	3.0151	-2.696	1.0
0	149	3.6888	2.6105	3.04	-3.7356	1.0
0	150	1.8592	2.6437	3.9384	-6.311	1.0
0	151	1.014	2.4778	3.4194	-4.6218	1.0
0	152	0.887	3.2428	4.4922	-3.9654	1.0
0	153	0.847	7.5074	3.0757	-1.5523	1.0
0	154	1.7279	3.4395	2.3263	-1.7876	1.0
0	155	1.7279	3.4395	2.3263	-1.7876	1.0
0	156	2.3319	3.8476	3.0581	-3.0585	1.0
0	157	1.3982	3.1509	3.7453	-8.3935	1.0
0	158	1.9453	6.1454	2.6529	-1.5027	1.0
0	159	1.4314	4.1943	2.6612	-1.5859	1.0
0	160	2.351	2.4117	4.2544	-3.5525	1.0
0	161	1.3011	4.8831	2.8495	-1.3899	1.0
0	162	1.5157	2.6704	4.4224	-3.4981	1.0
0	163	0.9687	2.2103	3.4405	-2.5061	1.0
0	164	2.6443	2.2533	3.8727	-3.7109	1.0
0	165	0.9112	2.7295	2.3367	-2.9536	1.0
0	166	2.9359	2.954	2.454	-1.8004	1.0
0	167	0.9488	3.7811	3.8854	-2.4443	1.0
0	168	0.9488	3.7811	3.8854	-2.4443	1.0
0	169	2.0923	2.6465	2.8835	-4.2524	1.0
0	170	2.0076	2.6824	2.5217	-2.0871	1.0
0	171	1.1004	2.9201	3.2104	-1.7012	1.0
0	172	1.3039	2.3646	4.5093	-4.8177	1.0
0	173	2.0841	2.7988	3.9067	-2.1241	1.0
0	174	2.8589	6.7216	3.8312	-2.5496	1.0
0	175	2.0321	6.3766	2.3126	-1.6977	1.0
0	176	1.9558	3.1529	2.383	-3.3008	1.0
0	177	2.7477	4.7454	3.1505	-3.9719	1.0
0	178	1.9696	4.8974	3.1113	-1.5166	1.0
0	179	2.758	4.6426	2.806	-3.6197	1.0
0	180	2.169	5.0912	2.922	-2.0065	1.0
0	181	1.4844	4.4625	3.7773	-2.4983	1.0
0	182	1.4844	4.4625	3.7773	-2.4983	1.0
0	183	1.8232	3.6638	3.8625	-2.5131	1.0
0	184	2.4597	4.36	2.4996	-2.279	1.0
0	185	2.35	4.4264	3.1527	-2.5187	1.0
0	186	1.3445	6.3777	4.5984	-6.2182	1.0
0	187	0.5886	2.5631	2.4823	-3.1806	1.0
0	188	0.8277	3.8727	3.548	-2.4644	1.0
0	189	1.096	5.5925	3.6432	-2.8951	1.0
0	190	1.8339	3.8301	4.0	-3.2223	1.0
0	191	1.283	2.8614	3.8757	-2.0521	1.0
0	192	2.0223	4.0594	3.0969	-1.8953	1.0
0	193	3.51	5.0153	2.8325	-4.8028	1.0
0	194	1.7054	3.0926	4.142	-4.7825	1.0
0	195	2.202	4.3167	3.6579	-5.6341	1.0
0	196	1.1424	3.4488	3.8186	-3.4323	1.0
0	197	0.7789	8.2981	3.8939	-1.6683	1.0
0	198	1.7829	5.7457	3.9698	-4.0351	1.0
0	199	1.9653	1.8886	2.2404	-3.6784	1.0
0	200	1.0413	2.1146	4.3881	-6.0214	1.0
0	201	1.377	2.6868	2.9386	-3.8094	1.0
0	202	0.7884	3.0157	3.524	-2.7828	1.0
0	203	1.9232	3.8507	2.2649	-2.1956	1.0
0	204	2.025	5.4489	2.8175	-5.0847	1.0
0	205	1.4751	8.1483	4.0633	-4.8451	1.0
0	206	1.6078	7.2551	3.2634	-4.9517	1.0
0	207	2.1944	9.3335	3.2147	-1.5686	1.0
0	208	1.719	3.115	3.352	-2.764	1.0
0	209	1.2282	2.7903	3.7711	-2.4908	1.0
0	210	0.9859	2.1332	3.4772	-2.8929	1.0
0	211	1.6097	2.9906	4.4143	-2.4435	1.0
0	212	1.7129	2.7637	4.6842	-2.5861	1.0
0	213	1.0503	3.826	3.0976	-2.6165	1.0
0	214	1.3499	3.9043	3.5629	-2.2871	1.0
0	215	2.6396	2.6401	4.337	-6.4994	1.0
0	216	1.4241	2.7266	3.2647	-1.9933	1.0
0	217	1.5359	1.8192	5.7655	-3.871	1.0
0	218	1.8979	1.8278	4.7273	-3.1429	1.0
0	219	1.4119	1.8803	4.2145	-4.4524	1.0
0	220	1.4119	1.8803	4.2145	-4.4524	1.0
0	221	1.2193	3.2837	3.8635	-4.1615	1.0
0	222	2.6697	2.001	3.6548	-3.9578	1.0
0	223	3.6419	2.2145	4.0997	-4.379	1.0
0	224	3.6419	2.2145	4.0997	-4.379	1.0
0	225	1.1187	9.0222	3.062	-3.7392	1.0
0	226	4.1623	1.3696	3.1143	-6.9628	1.0
0	227	4.1719	2.0878	2.1319	-2.5478	1.0
0	228	5.7815	5.234	2.1999	-3.3263	1.0
0	229	4.8704	0.8073	2.3635	-2.6111	1.0
0	230	1.7908	0.7441	2.165	-5.0479	1.0
0	231	0.6455	5.2966	3.9463	-8.5464	1.0
0	232	2.5227	3.0464	2.8369	-4.0204	1.0
0	233	5.9699	8.6422	3.0063	-3.4866	1.0
0	234	5.9699	8.6422	3.0063	-3.4866	1.0
0	235	3.3516	7.7978	3.968	-6.3276	1.0
0	236	1.6206	4.6	5.2453	-5.4567	1.0
0	237	1.2899	6.2397	3.7703	-1.7068	1.0
0	238	1.2899	6.2397	3.7703	-1.7068	1.0
0	239	1.8374	3.8265	2.8218	-1.8107	1.0
0	240	1.6384	4.1942	3.4854	-1.7849	1.0
0	241	1.5886	4.4457	2.4243	-2.1283	1.0
0	242	1.1699	5.4214	2.5735	-1.979	1.0
0	243	1.1282	3.6639	3.1252	-3.4073	1.0
0	244	0.5563	4.3076	2.789	-3.0203	1.0
0	245	1.6703	3.6473	3.0707	-1.4725	1.0
0	246	1.1755	5.3151	3.976	-1.7963	1.0
0	247	1.0539	5.3426	3.1124	-1.7606	1.0
0	248	2.686	2.0336	3.7851	-4.676	1.0
0	249	3.5109	1.7189	3.5046	-4.5263	1.0
0	250	2.8039	2.2939	2.7177	-5.943	1.0
0	251	2.8549	6.8116	3.0824	-1.9609	1.0
0	252	2.1348	2.4972	3.0546	-3.108	1.0
0	253	0.752	6.4923	3.3504	-3.0253	1.0
0	254	0.6668	4.2708	3.822	-4.7983	1.0
0	255	2.1222	4.2133	3.1948	-2.341	1.0
0	256	1.318	3.0691	3.1161	-2.0053	1.0
0	257	1.7435	2.4834	5.6575	-4.4494	1.0
0	258	2.6217	2.1207	4.4974	-4.3588	1.0
0	259	2.1847	4.2535	2.2528	-2.2708	1.0
0	260	3.2873	6.2389	2.427	-1.6196	1.0
0	261	3.3561	3.3067	2.5948	-2.554	1.0
0	262	2.2298	1.9794	3.2907	-2.6008	1.0
0	263	1.2472	2.0135	4.3579	-4.283	1.0
0	264	1.2472	2.0135	4.3579	-4.283	1.0
0	265	1.7316	1.5289	3.241	-2.0529	1.0
0	266	1.1307	1.5483	2.7547	-3.9514	1.0
0	267	2.1125	2.0192	4.6254	-6.4099	1.0
0	268	0.8668	1.2556	3.9953	-6.4514	1.0
0	269	1.3037	3.3475	2.8034	-2.1501	1.0
0	270	0.7289	3.475	3.6877	-2.2201	1.0
0	271	0.6421	5.4823	4.0525	-3.6149	1.0
0	272	1.1022	5.3382	4.2209	-4.1915	1.0
0	273	0.7871	4.9137	4.9098	-4.9077	1.0
0	274	0.8677	1.4899	3.3849	-3.6321	1.0
0	275	0.8978	2.8641	3.1403	-3.0932	1.0
0	276	0.7697	5.9559	2.5133	-2.103	1.0
0	277	1.0629	6.1053	3.7955	-2.3815	1.0
0	278	1.8615	5.8233	3.6691	-4.2826	1.0
0	279	1.5062	2.3265	3.88	-9.1844	1.0
0	280	0.9494	1.1532	3.8891	-4.4351	1.0
0	281	1.2683	1.9399	5.6434	-4.0982	1.0
0	282	1.4035	4.9449	2.987	-2.795	1.0
0	283	3.3314	5.1244	2.7771	-2.4809	1.0
0	284	1.8027	4.4825	2.1712	-2.066	1.0
0	285	1.0349	4.0593	3.2841	-2.4151	1.0
0	286	0.9828	4.8251	4.2607	-2.3121	1.0
0	287	0.9946	4.2082	3.9664	-1.8817	1.0
0	288	1.7574	8.5951	3.8371	-3.7589	1.0
0	289	1.2862	3.891	3.2747	-2.4707	1.0
0	290	1.1208	3.8453	3.1752	-2.4191	1.0
0	291	1.7048	6.3671	2.4824	-1.6959	1.0
0	292	1.6432	6.7907	2.7887	-2.7342	1.0
0	293	1.1021	5.2239	2.2226	-1.8507	1.0
0	294	2.0895	2.8647	3.3018	-3.287	1.0
0	295	1.8453	2.2148	4.5847	-4.8696	1.0
0	296	3.087	2.675	4.4862	-3.0165	1.0
0	297	2.3605	6.9507	3.7233	-3.7955	1.0
0	298	2.3343	7.4651	2.7631	-1.7504	1.0
0	299	2.3343	7.4651	2.7631	-1.7504	1.0
0	300	2.7009	3.3658	2.7318	-4.2437	1.0
0	301	0.9629	4.3484	5.4559	-5.2135	1.0
0	302	1.2075	8.0543	5.4575	-5.0883	1.0
0	303	3.7074	4.1924	2.8844	-3.8431	1.0
0	304	1.5495	9.3702	4.3064	-4.1426	1.0
0	305	1.2232	4.2527	4.1124	-4.7751	1.0
0	306	1.2089	4.1021	3.2073	-3.0079	1.0
0	307	3.388	2.2549	4.5175	-2.7161	1.0
0	308	1.1729	5.9714	5.1531	-5.9624	1.0
0	309	1.6782	8.2769	4.1486	-7.7957	1.0
0	310	3.9328	6.2465	4.1866	-4.2465	1.0
0	311	2.5668	3.7032	3.1155	-2.6475	1.0
0	312	2.87	2.4464	3.2421	-3.8688	1.0
0	313	3.8237	2.7903	2.8668	-2.962	1.0
0	314	0.8351	2.6586	2.9859	-3.4963	1.0
0	315	0.9897	4.2501	3.6763	-2.0175	1.0
0	316	0.6729	1.9249	5.4031	-4.7761	1.0
0	317	0.5343	2.1315	5.9064	-4.2688	1.0
0	318	0.4601	2.4634	5.5435	-4.0021	1.0
0	319	0.8038	2.6394	3.784	-6.0669	1.0
0	320	2.2738	2.2882	5.3701	-7.6467	1.0
0	321	1.6114	8.4532	3.8069	-2.3537	1.0
0	322	1.4428	7.8704	3.4805	-2.5232	1.0
0	323	1.0296	2.2668	3.7082	-3.5892	1.0
0	324	1.3606	3.7706	4.6632	-5.3367	1.0
0	325	1.1316	3.2988	4.2294	-4.0171	1.0
0	326	1.1669	3.2218	3.2909	-2.6116	1.0
0	327	1.9606	1.6336	5.3882	-5.1316	1.0
0	328	0.8258	6.4874	3.1207	-2.0478	1.0
0	329	1.1708	3.6074	4.5115	-3.5251	1.0
0	330	2.2121	2.6194	4.8413	-5.7127	1.0
0	331	2.164	3.6159	3.8978	-2.7272	1.0
0	332	3.4931	2.0088	4.3376	-3.1495	1.0
0	333	2.647	9.6744	4.683	-4.587	1.0
0	334	1.3781	7.754	3.6715	-6.0926	1.0
0	335	1.8615	5.6235	2.0964	-2.9788	1.0
0	336	0.5544	5.0657	3.3578	-2.0223	1.0
0	337	1.9216	5.6629	2.1516	-1.5366	1.0
0	338	1.9216	5.6629	2.1516	-1.5366	1.0
0	339	1.9216	5.6629	2.1516	-1.5366	1.0
0	340	1.8749	3.0722	2.2034	-2.101	1.0
0	341	1.9171	2.9216	2.9886	-3.5193	1.0
0	342	1.8164	2.1359	3.5915	-4.95	1.0
0	343	1.4018	2.3046	4.4473	-4.2462	1.0
0	344	1.1231	1.9112	3.6544	-6.1771	1.0
0	345	1.036	4.0099	3.3986	-3.8298	1.0
0	346	1.1055	3.5012	3.0409	-2.0041	1.0
0	347	1.1055	3.5012	3.0409	-2.0041	1.0
0	348	1.1055	3.5012	3.0409	-2.0041	1.0
0	349	1.5935	7.3772	3.8351	-2.5601	1.0
0	350	0.8773	5.201	2.3708	-2.1787	1.0
0	351	0.8113	5.7202	4.1388	-2.5751	1.0
0	352	2.8031	7.4182	3.9669	-3.0243	1.0
0	353	1.2906	1.5979	4.5387	-4.9098	1.0
0	354	1.4508	3.5862	2.3072	-3.994	1.0
0	355	2.7152	8.2555	4.9146	-5.034	1.0
0	356	4.041	5.7641	3.2046	-6.3622	1.0
0	357	1.4601	7.5905	2.5446	-2.1009	1.0
0	358	1.8189	3.6424	2.682	-1.8513	1.0
0	359	1.7364	3.0578	3.0774	-2.7859	1.0
0	360	2.4865	1.9678	2.6998	-3.6057	1.0
0	361	1.4179	1.5768	4.8253	-6.2777	1.0
0	362	1.3584	4.0185	2.716	-2.9871	1.0
0	363	1.3571	3.6747	2.9058	-1.9548	1.0
0	364	2.1795	1.8235	4.6196	-5.4568	1.0
0	365	2.233	2.8026	3.3308	-2.9658	1.0
0	366	1.9341	3.6721	3.2265	-4.6381	1.0
0	367	2.3576	2.213	2.9837	-3.5478	1.0
0	368	2.0363	7.629	1.8348	-1.3911	1.0
0	369	2.4144	6.805	2.4116	-1.3956	1.0
0	370	2.9433	6.6489	2.2732	-1.6404	1.0
0	371	2.5843	3.6225	2.4372	-2.6447	1.0
0	372	2.5843	3.6225	2.4372	-2.6447	1.0
0	373	1.8644	5.1792	3.5135	-5.654	1.0
0	374	1.6482	6.2585	2.985	-2.164	1.0
0	375	3.2074	3.6675	3.6185	-4.2141	1.0
0	376	2.3154	8.3886	2.165	-1.7278	1.0
0	377	2.0042	5.9986	1.9317	-2.3406	1.0
0	378	0.3748	3.323	4.6799	-2.6939	1.0
0	379	0.7955	2.1169	4.1108	-3.9855	1.0
0	380	1.4855	4.2847	3.0115	-3.2659	1.0
0	381	1.4664	3.5715	3.1868	-2.2645	1.0
0	382	1.3	4.2105	5.1563	-3.2453	1.0
0	383	2.7885	1.5319	3.0036	-4.4157	1.0
0	384	1.0141	1.8997	4.9568	-3.6011	1.0
0	385	5.2445	3.0158	3.8159	-5.8206	1.0
0	386	1.5121	3.0707	5.0185	-2.8285	1.0
0	387	2.0615	4.856	3.2019	-1.5355	1.0
0	388	1.4643	6.341	3.7186	-1.6805	1.0
0	389	1.4643	6.341	3.7186	-1.6805	1.0
0	390	2.1181	3.467	2.619	-2.0777	1.0
0	391	2.502	4.8167	2.8705	-2.7451	1.0
0	392	1.4738	5.1913	3.8038	-5.3539	1.0
0	393	2.2069	2.2856	5.0759	-3.6404	1.0
0	394	2.6863	2.172	3.4721	-3.4235	1.0
0	395	2.9044	3.7169	2.6976	-2.9455	1.0
0	396	1.8529	6.0502	2.5511	-2.439	1.0
0	397	2.5023	1.9241	2.6357	-3.3272	1.0
0	398	5.0268	2.9623	2.5377	-8.6958	1.0
0	399	2.4088	4.3779	3.5424	-8.3143	1.0
0	400	2.4855	3.1659	3.5841	-2.752	1.0
0	401	2.4855	3.1659	3.5841	-2.752	1.0
0	402	2.303	3.5677	2.7285	-3.7198	1.0
0	403	0.9334	2.9188	3.038	-3.4898	1.0
0	404	2.3622	5.474	2.9464	-2.3011	1.0
0	405	1.327	4.7178	3.0584	-1.5605	1.0
0	406	1.5802	5.141	3.754	-1.9613	1.0
0	407	1.523	2.1442	4.4835	-3.0888	1.0
0	408	3.2578	1.079	3.0038	-2.7949	1.0
0	409	1.0454	2.0673	4.4894	-2.2955	1.0
0	410	1.4455	1.5872	3.1592	-2.538	1.0
0	411	1.0537	2.0077	4.0085	-5.1307	1.0
0	412	0.8899	3.4805	4.4223	-4.5585	1.0
0	413	1.3284	7.2686	2.8751	-1.3124	1.0
0	414	1.29	2.6782	4.22	-4.6465	1.0
0	415	1.8313	6.3114	2.2446	-1.6627	1.0
0	416	1.4274	2.1449	3.161	-2.5945	1.0
0	417	0.8089	3.4065	2.2933	-3.2551	1.0
0	418	0.8993	2.8005	2.718	-3.172	1.0
0	419	2.1386	4.5244	4.4095	-6.4214	1.0
0	420	2.7096	5.5154	3.3817	-4.5962	1.0
0	421	3.7509	7.0369	2.8729	-4.7896	1.0
0	422	2.1346	5.1682	2.694	-3.0915	1.0
0	423	1.5665	4.6704	2.4272	-1.5577	1.0
0	424	2.0351	7.0462	2.3911	-2.1829	1.0
0	425	1.377	7.132	2.8141	-2.1714	1.0
0	426	2.2838	4.9527	3.0264	-5.947	1.0
0	427	1.6732	5.2761	2.6283	-4.3528	1.0
0	428	2.7884	8.0328	1.9206	-0.4563	1.0
0	429	3.351	6.5464	2.6304	-2.0505	1.0
0	430	1.7776	3.0581	4.6309	-3.0778	1.0
0	431	1.7203	2.1967	2.8753	-3.328	1.0
0	432	2.9138	1.9124	2.863	-6.0014	1.0
0	433	1.5175	9.2115	3.0263	-4.7077	1.0
0	434	2.6384	2.8002	5.8952	-9.4048	1.0
0	435	0.7573	3.8007	3.0319	-3.155	1.0
0	436	1.0205	3.2551	3.7558	-3.7515	1.0
0	437	1.0057	5.6137	5.7243	-5.6244	1.0
0	438	1.1472	2.0601	3.0397	-2.7198	1.0
0	439	2.0714	4.0604	3.0922	-3.7561	1.0
0	440	2.7054	3.9692	2.3025	-2.5314	1.0
0	441	0.9383	2.8819	3.2142	-6.7115	1.0
0	442	1.9475	1.1285	5.2766	-10.3248	1.0
0	443	1.1898	5.2479	3.6361	-4.1916	1.0
0	444	0.7116	5.6242	3.2467	-1.2711	1.0
0	445	1.1583	2.7258	3.7112	-5.0586	1.0
0	446	1.2751	5.2362	2.7479	-2.0704	1.0
0	447	1.3497	5.3316	3.3567	-2.4516	1.0
0	448	0.6602	1.0611	3.4361	-4.1078	1.0
0	449	1.8887	7.7866	3.3387	-4.5601	1.0
0	450	2.52	3.4309	2.1013	-1.5393	1.0
0	451	2.2739	3.219	2.912	-4.1295	1.0
0	452	0.8451	3.8553	2.5438	-1.532	1.0
0	453	1.5633	2.0866	4.5265	-4.2446	1.0
0	454	3.124	1.5815	3.8606	-3.6386	1.0
0	455	1.9271	2.0819	4.1576	-1.7696	1.0
0	456	1.2994	2.0911	4.9695	-3.1226	1.0
0	457	1.2994	2.0911	4.9695	-3.1226	1.0
0	458	2.0203	3.1512	3.7001	-4.8515	1.0
0	459	2.2935	4.3569	2.3717	-2.32	1.0
0	460	2.2403	2.8361	2.9848	-1.9663	1.0
0	461	2.6211	1.5773	4.1516	-4.4316	1.0
0	462	0.9501	1.1479	2.6527	-3.9919	1.0
0	463	2.5768	2.2623	2.398	-3.2288	1.0
0	464	2.4378	3.6338	2.0288	-2.2306	1.0
0	465	0.9854	1.5445	3.1651	-3.1719	1.0
0	466	0.7873	3.9679	3.446	-2.0586	1.0
0	467	2.0533	9.7541	4.6482	-6.7436	1.0
0	468	1.1253	9.8349	2.9888	-1.8162	1.0
0	469	1.3631	3.2695	3.963	-3.9524	1.0
0	470	2.1378	3.8403	3.9458	-2.7337	1.0
0	471	1.9005	6.5288	2.6335	-2.2386	1.0
0	472	0.9493	3.6078	5.0405	-4.8067	1.0
0	473	1.8776	6.6855	3.8993	-4.1564	1.0
0	474	1.0728	3.0633	4.25	-5.2411	1.0
0	475	2.454	4.0516	2.4987	-3.7284	1.0
0	476	1.5052	3.0596	1.8345	-2.0673	1.0
0	477	1.3249	2.6014	2.1563	-3.5638	1.0
0	478	2.7824	4.7186	2.1906	-2.0427	1.0
0	479	1.6515	3.7556	3.1212	-2.5566	1.0
0	480	2.2678	5.5254	4.1062	-8.5024	1.0
0	481	1.7032	3.0173	5.0938	-7.2209	1.0
0	482	4.6269	4.7463	2.4929	-8.9652	1.0
0	483	3.6085	2.7291	3.2087	-8.1033	1.0
0	484	1.6117	3.1551	3.3509	-5.6429	1.0
0	485	1.028	4.6531	4.6317	-3.6576	1.0
0	486	2.7821	1.6089	3.9065	-4.9761	1.0
0	487	3.224	2.5611	5.9253	-2.5877	1.0
0	488	1.0185	3.4129	5.4018	-1.5661	1.0
0	489	2.0572	2.6779	3.4214	-4.2149	1.0
0	490	1.2973	2.1015	3.2965	-3.5009	1.0
0	491	1.2711	1.8249	3.0764	-3.1201	1.0
0	492	2.1728	4.8493	3.1759	-2.0741	1.0
0	493	2.3256	1.965	3.8906	-3.2609	1.0
0	494	1.087	3.2583	2.4249	-2.5846	1.0
0	495	3.2164	2.3066	2.792	-3.3958	1.0
0	496	1.9523	4.8451	2.2628	-1.0548	1.0
0	497	1.3427	6.8074	4.1792	-1.6986	1.0
0	498	1.1919	6.2197	5.2823	-3.0068	1.0
0	499	0.5719	4.0007	3.2609	-1.9104	1.0
0	500	2.2689	2.6001	2.8954	-4.3568	1.0
0	501	3.2923	3.8862	3.7863	-3.7991	1.0
0	502	1.4128	5.1373	4.2242	-2.8415	1.0
0	503	2.1651	6.3782	3.0741	-2.042	1.0
0	504	1.7525	5.7428	2.9072	-1.6151	1.0
0	505	1.4315	2.1889	3.676	-1.8065	1.0
0	506	4.1103	1.9497	3.8295	-2.5845	1.0
0	507	1.6153	3.2436	2.4759	-1.8013	1.0
0	508	1.2969	3.3639	4.5848	-2.604	1.0
0	509	1.1726	3.7483	4.4379	-2.5073	1.0
0	510	3.3374	3.9717	4.3765	-2.3274	1.0
0	511	0.6977	2.0944	4.4894	-4.3559	1.0
0	512	4.4611	1.5201	3.0279	-5.6677	1.0
0	513	1.7909	5.4408	2.2655	-2.0154	1.0
0	514	2.0593	2.9575	2.2305	-1.8851	1.0
0	515	1.2903	6.9761	2.3244	-1.9172	1.0
0	516	0.4256	4.4369	2.567	-1.7044	1.0
0	517	0.3533	3.6231	3.161	-2.1839	1.0
0	518	0.3096	4.4481	3.0041	-2.9799	1.0
0	519	1.9745	5.4347	3.0007	-5.4602	1.0
0	520	3.3375	3.2627	3.5733	-8.9548	1.0
0	521	0.8418	3.1993	2.9456	-2.0604	1.0
0	522	0.8492	2.2008	5.105	-5.179	1.0
0	523	0.9003	2.9881	3.4518	-3.7255	1.0
0	524	1.7388	1.5865	5.0597	-3.0955	1.0
0	525	1.1784	2.6082	4.4117	-1.8446	1.0
0	526	2.4182	1.2505	2.766	-4.1264	1.0
0	527	1.9736	2.2747	3.8566	-3.8651	1.0
0	528	1.9312	2.9342	3.0919	-3.0279	1.0
0	529	1.9312	2.9342	3.0919	-3.0279	1.0
0	530	1.9312	2.9342	3.0919	-3.0279	1.0
0	531	1.8491	3.4123	3.1821	-4.5965	1.0
0	532	1.5478	3.6299	3.2273	-3.3919	1.0
0	533	2.1904	3.084	2.8047	-3.7665	1.0
0	534	2.0987	9.4785	4.2287	-5.7551	1.0
0	535	1.0668	5.8071	4.9097	-5.6163	1.0
0	536	1.6942	3.7112	3.6247	-3.8781	1.0
0	537	4.1004	9.6678	2.4958	-1.2712	1.0
0	538	2.4683	3.7659	3.914	-5.8279	1.0
0	539	1.1203	4.6147	4.6095	-3.2788	1.0
0	540	2.2858	4.5833	3.9488	-6.564	1.0
0	541	2.0409	1.3862	4.0785	-4.4426	1.0
0	542	2.9926	7.0208	4.2221	-2.1056	1.0
0	543	2.3165	2.6162	3.4194	-2.6033	1.0
0	544	1.3702	2.7961	3.4528	-3.1265	1.0
0	545	0.8718	3.9778	5.3994	-5.6117	1.0
0	546	0.604	6.501	3.2329	-1.4047	1.0
0	547	0.7372	4.7105	4.9882	-3.9514	1.0
0	548	1.0395	5.2187	4.5255	-3.2447	1.0
0	549	1.3818	7.6797	3.7585	-4.3531	1.0
0	550	1.0495	3.3516	4.1523	-4.7635	1.0
0	551	1.006	3.0898	4.3978	-7.5897	1.0
0	552	1.1171	1.9924	5.1518	-7.4832	1.0
0	553	0.7976	2.9876	3.5981	-2.202	1.0
0	554	0.8876	5.8804	5.4144	-4.8294	1.0
0	555	1.6526	4.8186	4.8217	-5.6343	1.0
0	556	1.9993	3.5428	2.7238	-2.5656	1.0
0	557	1.1951	2.4727	3.6765	-6.084	1.0
0	558	1.8221	9.648	2.7559	-1.5622	1.0
0	559	2.1151	4.9678	2.5565	-3.0099	1.0
0	560	1.6079	1.7613	3.4094	-3.7003	1.0
0	561	0.7718	5.9985	3.8637	-3.6061	1.0
0	562	1.5157	9.6137	4.4999	-4.2981	1.0
0	563	1.3921	8.847	2.6075	-1.3195	1.0
0	564	0.7143	4.1255	3.1553	-2.0207	1.0
0	565	2.3759	1.8956	3.6793	-5.521	1.0
0	566	2.8603	1.6948	3.0227	-3.7517	1.0
0	567	0.928	2.7328	5.4888	-2.549	1.0
0	568	0.8585	4.8279	2.9951	-3.1715	1.0
0	569	2.0848	1.1397	2.6827	-3.4591	1.0
0	570	2.1119	1.2014	4.3011	-5.6748	1.0
0	571	1.6676	4.7138	2.259	-2.2987	1.0
0	572	1.3616	3.3146	2.5965	-2.2144	1.0
0	573	1.0604	2.6447	3.7544	-1.6813	1.0
0	574	2.3128	2.0506	4.2635	-8.5858	1.0
0	575	4.5254	1.6913	4.3578	-11.0039	1.0
0	576	2.0417	7.5336	3.1315	-2.9877	1.0
0	577	1.2549	6.0826	3.5525	-2.1733	1.0
0	578	1.2549	6.0826	3.5525	-2.1733	1.0
0	579	3.3774	2.5348	2.6844	-3.4832	1.0
0	580	3.0123	6.0851	3.1556	-1.7237	1.0
0	581	2.0641	4.4906	2.3055	-2.6799	1.0
0	582	2.0641	4.4906	2.3055	-2.6799	1.0
0	583	2.3789	3.0775	2.9901	-3.3279	1.0
0	584	2.4694	3.1162	2.9078	-2.9289	1.0
0	585	2.5469	5.0272	3.2127	-3.2927	1.0
0	586	2.6981	3.1836	2.7208	-5.8729	1.0
0	587	2.801	5.5821	3.2585	-7.8427	1.0
0	588	2.3955	6.5064	2.7011	-3.1159	1.0
0	589	2.6591	9.6056	2.303	-2.5273	1.0
0	590	2.74	2.6087	4.797	-4.5448	1.0
0	591	1.772	2.0299	3.0204	-2.833	1.0
0	592	2.9859	2.2037	3.6242	-5.1956	1.0
0	593	1.1252	6.9247	3.103	-2.5103	1.0
0	594	0.8778	9.8381	4.0199	-1.6157	1.0
0	595	0.9105	7.4978	2.9881	-1.8903	1.0
0	596	2.4671	8.2509	3.1472	-1.838	1.0
0	597	1.5636	3.6466	4.0104	-2.7811	1.0
0	598	2.8455	2.6474	3.6528	-2.9155	1.0
0	599	1.6224	2.8513	4.3336	-3.154	1.0
0	600	3.5858	2.9069	3.3726	-5.1841	1.0
0	601	1.7421	6.1237	2.0305	-1.3235	1.0
0	602	1.7377	6.0835	2.2496	-1.7764	1.0
0	603	0.9251	2.7962	3.475	-7.527	1.0
0	604	1.429	2.0126	3.4018	-6.8131	1.0
0	605	2.1227	2.4962	3.8382	-4.7322	1.0
0	606	2.6401	1.0691	3.0562	-3.399	1.0
0	607	1.4544	5.406	2.2127	-2.6953	1.0
0	608	1.6368	1.6359	3.054	-5.7213	1.0
0	609	2.2672	1.7804	3.7252	-5.3203	1.0
0	610	1.1214	1.6111	4.0017	-2.6417	1.0
0	611	1.2048	4.0454	4.4561	-3.9196	1.0
0	612	1.1283	4.2756	2.2781	-2.6349	1.0
0	613	2.1538	3.9864	2.7053	-4.5327	1.0
0	614	2.4532	6.1578	2.1299	-2.6652	1.0
0	615	1.3621	2.3036	2.9513	-2.5819	1.0
0	616	1.2866	2.3211	4.2658	-4.5742	1.0
0	617	1.9716	2.1481	3.2583	-5.7335	1.0
0	618	1.9874	7.9731	4.4019	-2.6578	1.0
0	619	0.5584	3.9872	4.946	-3.2157	1.0
0	620	0.7164	2.5851	4.6927	-2.8432	1.0
0	621	1.0114	2.0813	4.2595	-3.6901	1.0
0	622	1.4601	2.6568	4.823	-3.9753	1.0
0	623	2.3788	3.5726	3.859	-5.04	1.0
0	624	1.8377	2.627	4.3484	-5.7254	1.0
0	625	1.8989	3.2061	4.8941	-2.7524	1.0
0	626	1.5169	5.1319	3.56	-1.8166	1.0
0	627	1.5628	2.8208	2.7716	-2.5554	1.0
0	628	1.1355	5.0379	4.8453	-8.1964	1.0
0	629	1.8421	2.6454	2.1423	-3.2823	1.0
0	630	1.6149	2.2753	3.1359	-2.7253	1.0
0	631	3.6616	3.5843	2.9751	-2.1431	1.0
0	632	2.9669	1.6984	3.4114	-3.5853	1.0
0	633	3.1557	1.8407	3.6246	-6.0448	1.0
0	634	1.3766	2.6103	2.7827	-5.0335	1.0
0	635	1.2852	2.2168	2.9035	-3.5663	1.0
0	636	3.0555	1.8321	3.1769	-2.4671	1.0
0	637	3.6715	4.3659	3.0016	-3.05	1.0
0	638	2.3681	3.5235	3.7258	-3.524	1.0
0	639	2.0505	3.4317	2.1902	-1.8072	1.0
0	640	3.2564	1.5129	3.3746	-4.1416	1.0
0	641	1.9341	3.6286	3.9125	-2.1385	1.0
0	642	1.384	2.9069	5.1968	-6.1645	1.0
0	643	0.8176	4.7186	4.0013	-2.4757	1.0
0	644	1.6587	7.6039	4.6972	-3.8998	1.0
0	645	1.8243	7.0001	2.2818	-2.0512	1.0
0	646	1.7197	3.1808	2.664	-4.4285	1.0
0	647	1.0731	6.9315	2.7962	-2.9613	1.0
0	648	0.8761	4.1646	3.1902	-1.7884	1.0
0	649	2.4604	4.898	3.1123	-2.0372	1.0
0	650	2.4604	4.898	3.1123	-2.0372	1.0
0	651	1.5433	3.2065	3.6519	-3.3793	1.0
0	652	1.4229	2.1449	3.213	-3.8149	1.0
0	653	1.7097	2.8279	5.0941	-2.703	1.0
0	654	1.9701	3.0196	5.8176	-2.1449	1.0
0	655	1.2831	1.7469	3.3975	-3.4342	1.0
0	656	0.811	3.4026	3.1868	-1.9252	1.0
0	657	0.8085	5.2007	3.9175	-2.4932	1.0
0	658	0.6491	4.4546	3.6841	-3.4726	1.0
0	659	0.5353	1.7404	5.5275	-5.0299	1.0
0	660	1.1541	3.6851	3.396	-2.566	1.0
0	661	2.1979	2.3779	3.1694	-2.5994	1.0
0	662	2.534	2.7571	4.2171	-4.1771	1.0
0	663	3.8732	3.1183	3.3344	-3.0354	1.0
0	664	1.1358	4.4902	4.2318	-2.564	1.0
0	665	1.4777	4.9241	3.9255	-3.2375	1.0
0	666	1.1082	3.2484	4.0809	-4.2397	1.0
0	667	1.1082	3.2484	4.0809	-4.2397	1.0
0	668	1.6138	2.7591	3.4689	-3.7008	1.0
0	669	2.1984	3.0986	3.4272	-4.7494	1.0
0	670	2.2392	2.618	3.0726	-4.1026	1.0
0	671	2.6727	7.6933	2.4211	-3.6562	1.0
0	672	1.6709	1.4111	3.8941	-2.9044	1.0
0	673	1.3639	1.7523	5.6239	-6.7837	1.0
0	674	1.061	4.852	5.0722	-6.6288	1.0
0	675	1.4894	4.0549	4.8765	-10.371	1.0
0	676	2.4232	2.4138	2.9949	-2.4918	1.0
0	677	0.7716	1.2313	3.3933	-4.3895	1.0
0	678	0.933	2.0825	3.5916	-8.2502	1.0
0	679	0.778	4.0474	3.1311	-2.2367	1.0
0	680	1.2542	4.3247	2.5913	-2.6397	1.0
0	681	2.5753	1.4454	2.84	-3.3985	1.0
0	682	1.7694	4.8066	2.7734	-1.5553	1.0
0	683	1.3834	3.0858	3.8169	-4.5515	1.0
0	684	1.8828	2.9673	4.1892	-4.2076	1.0
0	685	1.8828	2.9673	4.1892	-4.2076	1.0
0	686	2.3505	4.5064	3.6346	-3.7613	1.0
0	687	2.7007	6.0467	4.7489	-4.0048	1.0
0	688	4.102	1.7153	3.8835	-3.405	1.0
0	689	0.7584	2.5042	5.087	-6.3339	1.0
0	690	0.8988	7.7778	3.7885	-5.5163	1.0
0	691	0.7352	7.0203	4.1671	-3.0336	1.0
0	692	2.1956	2.928	3.7133	-6.1213	1.0
0	693	1.0988	8.417	3.0807	-1.457	1.0
0	694	4.0361	3.6239	2.7964	-3.2125	1.0
0	695	3.3952	3.1342	2.2991	-3.5818	1.0
0	696	2.5749	3.0502	2.4962	-2.462	1.0
0	697	1.065	8.1867	2.5114	-1.7214	1.0
0	698	0.9208	3.9125	2.8951	-2.5372	1.0
0	699	1.7703	3.9654	4.3647	-1.8159	1.0
0	700	1.3308	3.1733	3.6793	-1.8388	1.0
0	701	2.9457	1.9737	4.2932	-4.2036	1.0
0	702	2.169	3.9114	3.5532	-3.7819	1.0
0	703	1.9262	4.5584	3.0718	-1.631	1.0
0	704	0.7054	2.9819	4.8339	-2.8339	1.0
0	705	1.5278	4.8785	3.4116	-2.6971	1.0
0	706	1.1093	5.7779	2.8526	-1.511	1.0
0	707	2.5756	4.7242	2.1921	-1.9098	1.0
0	708	1.7582	5.492	2.7133	-1.5044	1.0
0	709	1.9098	4.4491	3.3797	-2.9443	1.0
0	710	2.9276	4.0196	2.205	-2.2643	1.0
0	711	1.521	3.4213	2.8818	-1.5556	1.0
0	712	0.943	3.29	3.4646	-2.086	1.0
0	713	1.7934	3.9237	2.4496	-2.1332	1.0
0	714	2.1542	1.4785	3.9564	-4.4888	1.0
0	715	1.8475	2.4518	4.8521	-4.2381	1.0
0	716	0.8208	2.1985	3.2653	-2.4293	1.0
0	717	0.9554	4.4226	5.6705	-4.1133	1.0
0	718	1.1254	2.6593	3.0977	-5.7604	1.0
0	719	2.0319	5.0867	5.1293	-8.6733	1.0
0	720	1.3311	4.488	4.3152	-6.723	1.0
0	721	1.6217	2.935	2.3387	-4.151	1.0
0	722	3.1379	2.6609	3.8864	-8.081	1.0
0	723	0.7655	3.6962	2.8986	-3.5247	1.0
0	724	1.1337	2.213	3.6209	-4.9242	1.0
0	725	3.1588	1.9217	2.9871	-5.0221	1.0
0	726	0.912	5.6338	2.481	-2.6095	1.0
0	727	1.1355	6.7599	3.7129	-3.267	1.0
0	728	2.1149	6.0237	2.4702	-1.9066	1.0
0	729	2.2061	3.8952	3.0748	-1.777	1.0
0	730	3.1277	3.5631	2.8584	-3.6401	1.0
0	731	1.1551	5.8345	2.8293	-3.21	1.0
0	732	2.1989	4.3428	1.9657	-2.2727	1.0
0	733	3.379	3.2314	2.8275	-4.2834	1.0
0	734	2.6664	1.7729	2.7261	-2.6438	1.0
0	735	2.5896	2.6618	3.2359	-2.7374	1.0
0	736	2.5302	3.6312	1.7793	-2.27	1.0
0	737	2.2194	8.1385	2.5181	-4.0511	1.0
0	738	1.8225	9.2809	3.4959	-6.6068	1.0
0	739	1.8595	2.5174	4.5155	-4.232	1.0
0	740	1.4824	1.4614	3.8074	-3.6783	1.0
0	741	1.5291	1.8475	4.3816	-4.3211	1.0
0	742	1.0303	1.8505	4.2515	-3.353	1.0
0	743	1.3128	1.9326	3.463	-2.9071	1.0
0	744	1.6041	3.0411	3.0059	-2.2361	1.0
0	745	1.0144	4.7161	2.9122	-1.7609	1.0
0	746	1.4712	4.5752	3.4248	-5.8038	1.0
0	747	0.7489	5.9005	2.9543	-1.8093	1.0
0	748	1.8303	5.9002	2.9314	-1.9661	1.0
0	749	1.8303	5.9002	2.9314	-1.9661	1.0
0	750	1.4082	4.7783	3.0079	-2.8727	1.0
0	751	0.9122	4.6235	4.3778	-2.469	1.0
0	752	1.3333	8.9412	3.0029	-1.5302	1.0
0	753	1.9987	4.0809	3.4257	-1.9104	1.0
0	754	2.7802	1.8148	3.2351	-5.2882	1.0
0	755	1.8001	2.6778	2.2309	-1.8003	1.0
0	756	3.1013	4.7491	2.0184	-1.5069	1.0
0	757	2.4554	4.1925	2.8063	-2.7097	1.0
0	758	3.3798	3.5691	3.0644	-4.2327	1.0
0	759	2.4794	5.7945	4.2707	-4.8566	1.0
0	760	2.8635	7.2849	1.988	-1.2501	1.0
0	761	0.9095	6.8554	2.7898	-1.9105	1.0
0	762	0.9095	6.8554	2.7898	-1.9105	1.0
0	763	0.9012	6.2907	2.5992	-1.5147	1.0
0	764	1.2664	6.0288	2.6774	-2.05	1.0
0	765	1.9322	9.429	2.2771	-1.9927	1.0
0	766	0.9635	4.4658	2.9208	-2.2664	1.0
0	767	3.6165	3.4222	2.9488	-9.1311	1.0
0	768	2.5115	1.2627	3.6823	-11.0901	1.0
0	769	2.5271	2.2462	5.1543	-11.7576	1.0
0	770	4.0965	3.5857	3.5593	-11.9575	1.0
0	771	0.5664	2.0522	3.5839	-3.2609	1.0
0	772	0.4154	2.0634	4.3301	-5.24	1.0
0	773	3.5983	5.2216	4.3595	-9.0922	1.0
0	774	2.9887	1.5517	3.743	-11.6775	1.0
0	775	1.6171	0.7708	4.6162	-6.0961	1.0
0	776	0.927	0.643	5.216	-3.5023	1.0
0	777	1.3683	2.0913	4.4628	-1.8489	1.0
0	778	3.0923	2.9432	3.0501	-2.2003	1.0
0	779	3.4409	2.2325	2.4731	-4.3092	1.0
0	780	3.6874	2.0815	3.7021	-5.5134	1.0
0	781	1.0464	7.9752	4.1299	-2.7963	1.0
0	782	1.3625	5.3552	3.1906	-2.3199	1.0
0	783	1.64	2.6963	4.0905	-5.9038	1.0
0	784	1.5814	1.8935	3.2161	-5.8062	1.0
0	785	0.8965	2.263	3.8079	-4.2925	1.0
0	786	1.4476	4.8506	3.059	-1.8438	1.0
0	787	4.0702	2.9526	3.7534	-5.9821	1.0
0	788	5.0487	1.6176	1.8662	-5.1125	1.0
0	789	4.3609	3.965	2.2709	-4.8493	1.0
0	790	2.165	8.0635	3.1784	-7.206	1.0
0	791	1.2219	7.6258	4.9568	-3.6158	1.0
0	792	2.3694	4.283	3.5486	-3.3499	1.0
0	793	2.4738	2.808	3.1164	-6.5795	1.0
0	794	0.7937	2.7173	3.5618	-2.2925	1.0
0	795	0.9097	4.3255	3.5448	-3.8598	1.0
0	796	0.9724	2.7252	5.713	-11.4647	1.0
0	797	0.7977	2.5202	5.0818	-4.4105	1.0
0	798	1.7442	2.4909	4.7303	-6.2395	1.0
0	799	1.441	5.733	3.466	-3.4047	1.0
0	800	1.4021	6.3233	3.0844	-4.4551	1.0
0	801	1.6121	5.0165	2.7154	-3.0073	1.0
0	802	1.2985	9.074	3.5533	-1.582	1.0
0	803	2.361	7.9611	4.249	-1.4822	1.0
0	804	2.361	7.9611	4.249	-1.4822	1.0
0	805	2.2939	8.99	4.2075	-1.8522	1.0
0	806	1.3118	2.0068	3.6629	-5.6711	1.0
0	807	3.2174	2.662	3.2011	-1.8006	1.0
0	808	1.8039	3.5437	5.202	-4.5243	1.0
0	809	3.0127	3.244	3.8864	-6.3232	1.0
0	810	3.5476	1.3514	3.6467	-4.3583	1.0
0	811	3.5476	1.3514	3.6467	-4.3583	1.0
0	812	2.1959	2.142	4.2319	-2.005	1.0
0	813	2.2149	6.1904	3.1395	-1.6962	1.0
0	814	0.7414	3.9662	4.4898	-4.2876	1.0
0	815	0.9689	3.2513	4.9909	-3.9076	1.0
0	816	2.101	4.0556	3.4693	-3.9007	1.0
0	817	0.9692	5.2886	3.8736	-2.1823	1.0
0	818	1.6655	2.7165	3.4739	-6.8041	1.0
0	819	2.3902	4.2573	4.7696	-4.2638	1.0
0	820	1.0276	6.0248	3.7712	-4.4691	1.0
0	821	0.8298	4.8497	3.6423	-2.4593	1.0
0	822	1.8155	9.4146	2.6374	-1.3394	1.0
0	823	2.0441	8.141	2.8475	-1.4168	1.0
0	824	1.9076	9.4723	3.3605	-1.4375	1.0
0	825	1.268	2.93	2.7471	-2.3264	1.0
0	826	1.3433	1.8748	3.3507	-6.1379	1.0
0	827	2.0218	3.1921	4.1681	-5.3303	1.0
0	828	2.8324	3.5604	3.5734	-3.8738	1.0
0	829	1.8331	1.5589	3.7313	-4.288	1.0
0	830	1.8331	1.5589	3.7313	-4.288	1.0
0	831	2.7152	4.4003	2.2684	-2.4814	1.0
0	832	0.5563	8.1112	3.1585	-1.7871	1.0
0	833	1.1816	7.3355	5.0933	-1.7945	1.0
0	834	1.7871	1.4366	4.7452	-2.9583	1.0
0	835	1.2751	1.843	4.7884	-3.1839	1.0
0	836	1.2757	5.7338	4.3219	-5.9895	1.0
0	837	0.8662	3.9425	4.3867	-2.5604	1.0
0	838	1.161	1.8241	3.2504	-2.8778	1.0
0	839	1.6651	1.8199	3.0973	-4.6256	1.0
0	840	2.5815	1.9013	3.7539	-5.0714	1.0
0	841	2.0974	3.5924	4.2615	-2.9957	1.0
0	842	2.0727	2.5551	4.8789	-2.0975	1.0
0	843	1.755	1.7592	3.5926	-5.1171	1.0
0	844	2.3578	3.5114	3.9278	-5.695	1.0
0	845	2.3506	4.3667	3.4829	-1.7161	1.0
0	846	2.3767	5.6273	3.2195	-1.958	1.0
0	847	1.3632	4.595	4.7579	-4.865	1.0
0	848	1.0106	5.9107	4.1146	-1.7297	1.0
0	849	0.9707	2.8734	4.0852	-3.0274	1.0
0	850	1.3239	9.0671	4.2286	-1.6789	1.0
0	851	1.3239	9.0671	4.2286	-1.6789	1.0
0	852	3.2458	5.9086	3.8896	-5.7515	1.0
0	853	1.8468	7.9935	2.8403	-2.6319	1.0
0	854	2.4023	1.9151	4.6338	-9.1467	1.0
0	855	0.8665	3.4012	3.2198	-1.3289	1.0
0	856	1.3093	4.4925	2.9631	-1.7994	1.0
0	857	2.0582	4.0822	2.8699	-1.9057	1.0
0	858	3.6331	8.0716	2.0282	-2.7334	1.0
0	859	1.9758	1.3949	3.5505	-3.8171	1.0
0	860	2.9242	1.9063	2.3663	-2.9756	1.0
0	861	2.9242	1.9063	2.3663	-2.9756	1.0
0	862	2.5796	2.5681	2.4687	-1.7705	1.0
0	863	2.0234	4.0507	2.5799	-2.0888	1.0
0	864	2.1516	2.6658	4.8924	-3.8713	1.0
0	865	2.5087	8.3774	2.5379	-2.3322	1.0
0	866	1.2844	6.1251	5.4552	-6.9772	1.0
0	867	2.4141	5.3905	3.5814	-4.5639	1.0
0	868	2.0082	8.4323	2.7054	-2.0194	1.0
0	869	1.7881	7.6687	2.6042	-1.5514	1.0
0	870	4.2146	6.8039	3.8956	-4.5103	1.0
0	871	2.492	5.2956	3.1998	-5.3064	1.0
0	872	1.5566	1.7668	3.4699	-2.9237	1.0
0	873	1.2854	2.2783	4.9701	-3.0824	1.0
0	874	1.2131	4.1055	4.0946	-2.9551	1.0
0	875	1.1235	4.6911	3.3514	-2.6138	1.0
0	876	1.641	4.1648	3.4495	-2.2084	1.0
0	877	1.9368	3.6216	2.4658	-3.1989	1.0
0	878	2.8655	2.2823	3.0538	-3.9574	1.0
0	879	3.4355	3.9454	4.0802	-5.6469	1.0
0	880	2.7528	5.8437	4.2745	-7.1758	1.0
0	881	2.9809	4.1423	4.8779	-7.9651	1.0
0	882	3.4982	2.0994	3.7777	-4.9765	1.0
0	883	3.0474	2.0663	3.8195	-5.8387	1.0
0	884	1.2602	6.662	4.0645	-5.3336	1.0
0	885	3.3021	2.5298	3.5566	-6.1663	1.0
0	886	1.5002	5.5535	2.77	-2.3767	1.0
0	887	4.3936	9.8051	1.7203	-1.3663	1.0
0	888	4.3936	9.8051	1.7203	-1.3663	1.0
0	889	1.8927	6.3428	1.6876	-1.5895	1.0
0	890	2.2628	9.5577	1.9779	-2.1453	1.0
0	891	0.8838	3.8623	2.8244	-3.2397	1.0
0	892	3.9914	3.1939	2.904	-6.974	1.0
0	893	2.8012	1.1074	3.6953	-5.9286	1.0
0	894	2.5305	3.1623	3.2868	-4.631	1.0
0	895	3.9684	1.819	3.135	-3.8177	1.0
0	896	1.476	2.8631	3.3419	-6.2184	1.0
0	897	0.7785	2.019	3.2216	-4.5158	1.0
0	898	1.2196	1.9898	3.7697	-5.0967	1.0
0	899	1.2196	1.9898	3.7697	-5.0967	1.0
0	900	1.8928	2.6726	3.2185	-4.4786	1.0
0	901	1.7891	2.8949	4.6504	-2.6856	1.0
0	902	0.7593	3.6135	5.8167	-3.2247	1.0
0	903	1.1068	6.6836	4.5896	-4.1423	1.0
0	904	0.973	7.7541	4.9076	-5.3982	1.0
0	905	0.9053	6.5501	2.7376	-4.4441	1.0
0	906	1.495	1.6484	3.4792	-2.5379	1.0
0	907	1.963	2.8757	4.6065	-4.3522	1.0
0	908	1.4045	2.3108	3.5683	-2.2259	1.0
0	909	1.9484	2.359	4.6822	-1.8056	1.0
0	910	1.9563	1.5679	4.8601	-4.4735	1.0
0	911	3.3102	5.9209	4.4718	-2.4824	1.0
0	912	3.4864	1.6855	3.9362	-2.2762	1.0
0	913	4.381	2.0518	3.0412	-2.7384	1.0
0	914	1.1609	2.9558	5.5352	-3.8953	1.0
0	915	1.1004	2.889	5.9956	-5.2101	1.0
0	916	1.0616	3.4612	2.1466	-2.5954	1.0
0	917	1.7059	4.0041	5.0891	-2.0201	1.0
0	918	1.447	1.8062	5.0622	-7.3762	1.0
0	919	2.5211	4.1063	3.5458	-2.7044	1.0
0	920	1.9667	4.9475	2.8119	-1.8156	1.0
0	921	2.3797	2.4877	3.6432	-4.3896	1.0
0	922	1.7491	5.6413	3.3192	-3.8524	1.0
0	923	2.1673	5.2835	4.3703	-5.2029	1.0
0	924	2.5371	3.576	4.1572	-2.9865	1.0
0	925	2.5891	1.7545	3.968	-3.7036	1.0
0	926	1.0704	2.453	4.218	-3.356	1.0
0	927	2.7752	3.2608	3.8236	-2.3075	1.0
0	928	2.7752	3.2608	3.8236	-2.3075	1.0
0	929	3.3277	2.0258	3.4181	-4.2278	1.0
0	930	4.6899	2.1948	2.1925	-3.1294	1.0
0	931	2.8073	6.1948	4.2282	-4.8479	1.0
0	932	2.1613	3.8561	3.5022	-5.4324	1.0
0	933	3.2365	3.7574	2.7172	-2.9531	1.0
0	934	3.4469	4.8058	4.2699	-3.9427	1.0
0	935	4.5458	6.7959	2.7181	-4.3566	1.0
0	936	1.598	8.1424	3.2407	-2.8059	1.0
0	937	1.3506	7.7904	3.4809	-1.5719	1.0
0	938	1.6383	2.3232	5.1339	-5.9937	1.0
0	939	0.7458	2.665	4.3685	-4.9893	1.0
0	940	0.8719	3.0269	4.2201	-3.8231	1.0
0	941	2.1982	3.4557	3.9164	-2.4061	1.0
0	942	2.1373	2.7104	3.4082	-5.8577	1.0
0	943	1.4175	3.3537	2.328	-2.2762	1.0
0	944	2.1203	3.2482	3.854	-3.5997	1.0
0	945	2.7895	5.7626	2.4174	-1.5553	1.0
0	946	1.9006	4.2769	2.25	-1.3371	1.0
0	947	1.8778	7.557	2.1811	-2.0054	1.0
0	948	1.8778	7.557	2.1811	-2.0054	1.0
0	949	2.6896	5.7255	3.3425	-1.9334	1.0
0	950	1.2578	2.9552	2.3576	-2.65	1.0
0	951	0.8581	9.8038	2.9532	-2.8777	1.0
0	952	0.8939	8.9859	2.6036	-1.7481	1.0
0	953	1.9793	3.078	2.7121	-2.4623	1.0
0	954	1.3234	3.5675	3.0061	-3.7211	1.0
0	955	2.1746	7.0987	3.0557	-1.765	1.0
0	956	1.5751	2.6487	4.2073	-5.6784	1.0
0	957	2.0644	4.1263	4.0257	-4.9618	1.0
0	958	1.1457	8.1793	3.3557	-1.4308	1.0
0	959	1.5466	6.1317	2.1754	-1.5649	1.0
0	960	1.5171	4.5622	2.6591	-1.2892	1.0
0	961	2.1962	3.2849	2.4716	-1.2997	1.0
0	962	1.324	2.9996	3.9095	-2.4339	1.0
0	963	1.1385	3.7696	3.5055	-2.7928	1.0
0	964	1.304	2.6948	3.1285	-3.1284	1.0
0	965	1.699	2.2378	4.2644	-3.4422	1.0
0	966	1.7535	2.9395	3.2734	-4.9811	1.0
0	967	2.9531	2.6081	3.3551	-4.6974	1.0
0	968	2.985	1.5274	3.1109	-3.8045	1.0
0	969	2.985	1.5274	3.1109	-3.8045	1.0
0	970	1.651	2.0934	4.8825	-6.437	1.0
0	971	1.2874	3.086	4.3687	-3.6156	1.0
0	972	3.8956	1.8841	4.5172	-5.784	1.0
0	973	0.7166	5.5389	3.5564	-3.5876	1.0
0	974	1.0894	2.5005	3.3955	-1.5049	1.0
0	975	1.0934	2.2157	3.5646	-4.363	1.0
0	976	0.9749	2.0831	4.6209	-5.0584	1.0
0	977	1.1199	2.4143	3.9342	-4.5818	1.0
0	978	2.8152	3.0868	2.7671	-1.8977	1.0
0	979	0.7201	4.0775	2.8042	-2.0717	1.0
0	980	0.4337	7.2497	2.8152	-1.9801	1.0
0	981	2.0791	2.9717	2.6606	-4.4663	1.0
0	982	1.945	3.8492	2.6271	-2.5113	1.0
0	983	1.3023	2.3077	3.2377	-1.9156	1.0
0	984	1.3447	3.7131	2.9063	-2.9444	1.0
0	985	1.3447	3.7131	2.9063	-2.9444	1.0
0	986	2.8291	6.6878	2.8565	-1.536	1.0
0	987	1.8328	2.4078	5.109	-9.3396	1.0
0	988	0.8424	2.1216	5.9349	-7.5497	1.0
0	989	1.5696	4.2493	4.0575	-5.8587	1.0
0	990	1.2358	2.0172	5.2116	-5.7964	1.0
0	991	2.1232	4.6475	2.9178	-1.9433	1.0
0	992	2.5358	2.367	3.2147	-4.6681	1.0
0	993	2.5217	2.1983	3.0485	-3.1323	1.0
0	994	2.8795	7.4733	2.7646	-4.9611	1.0
0	995	1.9222	6.1248	5.6134	-5.2869	1.0
0	996	1.5321	9.2164	3.4116	-2.113	1.0
0	997	1.2774	6.6515	5.5147	-5.9972	1.0
0	998	1.341	3.8864	4.2429	-5.4316	1.0
0	999	0.7829	3.2579	3.0145	-3.9994	1.0
0	1000	0.8157	3.6631	4.2014	-1.8926	1.0
0	1001	1.5002	3.2304	4.8129	-2.2344	1.0
0	1002	1.175	2.5202	4.63	-3.9334	1.0
0	1003	0.5598	3.2052	2.8254	-2.3458	1.0
0	1004	0.5598	3.2052	2.8254	-2.3458	1.0
0	1005	2.0054	3.4612	2.3812	-2.408	1.0
0	1006	0.8672	3.0883	2.1996	-2.0261	1.0
0	1007	1.0789	4.9544	3.3088	-4.0293	1.0
0	1008	1.3691	5.2426	2.2726	-2.5764	1.0
0	1009	2.5741	2.4109	3.6613	-4.7036	1.0
0	1010	2.307	3.7581	2.1131	-2.2569	1.0
0	1011	2.1876	7.1537	4.4748	-4.6712	1.0
0	1012	2.5043	3.0864	2.4985	-2.3733	1.0
0	1013	1.281	3.1543	3.14	-7.8659	1.0
0	1014	4.4505	8.4054	2.8118	-8.4616	1.0
0	1015	1.3113	7.0281	4.1971	-5.9858	1.0
0	1016	2.793	7.6135	3.2084	-1.6123	1.0
0	1017	2.0387	4.8719	3.7203	-2.4002	1.0
0	1018	2.5876	3.1994	3.4195	-3.493	1.0
0	1019	1.2813	4.9906	2.2295	-2.5742	1.0
0	1020	1.2146	6.9727	3.6026	-1.3165	1.0
0	1021	0.7626	5.7256	2.3344	-2.233	1.0
0	1022	1.5473	3.5322	4.0213	-6.211	1.0
0	1023	2.1855	8.5734	2.5586	-3.6861	1.0
0	1024	2.1425	4.5202	1.8635	-1.5744	1.0
0	1025	1.7696	4.3314	2.4515	-1.8976	1.0
0	1026	1.0996	6.8164	2.8043	-1.7281	1.0
0	1027	0.8638	3.5898	5.4862	-2.0484	1.0
0	1028	2.7517	2.0283	3.433	-6.5418	1.0
0	1029	2.0142	2.1979	3.336	-8.5134	1.0
0	1030	1.8702	2.783	3.0085	-3.2947	1.0
0	1031	1.8702	2.783	3.0085	-3.2947	1.0
0	1032	2.0822	3.7303	3.606	-4.7707	1.0
0	1033	2.0209	1.3793	3.7029	-5.2848	1.0
0	1034	1.3763	2.1379	3.1267	-4.309	1.0
0	1035	1.3376	2.95	4.333	-4.8622	1.0
0	1036	0.5514	6.4709	2.8477	-2.8649	1.0
0	1037	0.8011	6.8468	2.5914	-1.9397	1.0
0	1038	1.4699	5.5906	2.9822	-3.1838	1.0
0	1039	1.8255	3.2582	3.4551	-4.7882	1.0
0	1040	3.4891	5.0559	1.5582	-1.456	1.0
0	1041	3.7967	2.9937	3.2174	-3.9697	1.0
0	1042	2.3115	9.8723	1.7345	-1.2664	1.0
0	1043	2.3115	9.8723	1.7345	-1.2664	1.0
0	1044	4.8546	2.4399	2.154	-4.9249	1.0
0	1045	3.9227	2.336	2.4572	-5.0259	1.0
0	1046	1.2475	4.2339	2.6307	-2.5368	1.0
0	1047	1.4944	9.8529	3.0899	-1.4473	1.0
0	1048	1.5147	3.9295	2.8804	-2.3758	1.0
0	1049	1.8462	5.5763	4.9614	-2.0751	1.0
0	1050	4.1113	7.8725	2.8268	-2.0756	1.0
0	1051	1.9303	8.4756	5.1019	-6.7938	1.0
0	1052	1.6217	6.4925	2.9655	-4.095	1.0
0	1053	2.933	3.6861	4.855	-3.965	1.0
0	1054	1.7393	9.8694	3.3939	-1.9721	1.0
0	1055	2.2789	4.7087	3.3233	-2.2925	1.0
0	1056	2.2667	2.7434	3.3643	-2.9812	1.0
0	1057	2.4614	0.9173	3.9658	-7.738	1.0
0	1058	1.5643	2.031	2.3152	-3.8385	1.0
0	1059	2.6892	2.2234	3.2418	-5.6003	1.0
0	1060	3.1314	7.6319	2.3614	-1.3259	1.0
0	1061	1.8745	4.8111	2.1973	-2.0399	1.0
0	1062	1.0652	4.9461	3.3627	-1.7904	1.0
0	1063	1.0652	4.9461	3.3627	-1.7904	1.0
0	1064	2.4256	6.5506	4.7429	-5.2164	1.0
0	1065	1.9869	2.7228	4.6217	-2.3432	1.0
0	1066	1.9869	2.7228	4.6217	-2.3432	1.0
0	1067	0.7526	7.879	3.1855	-1.5536	1.0
0	1068	2.2887	5.4039	3.7777	-3.4622	1.0
0	1069	1.94	1.9917	4.0875	-3.9989	1.0
0	1070	1.1669	5.7648	2.0514	-1.2997	1.0
0	1071	2.4164	7.1604	3.2354	-3.886	1.0
0	1072	2.6815	1.3648	3.8494	-7.0663	1.0
0	1073	3.7304	4.0927	2.7743	-3.629	1.0
0	1074	4.4808	2.8034	2.2139	-4.5696	1.0
0	1075	0.671	2.3196	3.2363	-4.4719	1.0
0	1076	1.0033	3.3749	4.0374	-5.2369	1.0
0	1077	2.6278	4.547	2.7603	-2.0206	1.0
0	1078	1.4583	5.9892	2.9649	-2.1192	1.0
0	1079	1.6293	2.164	4.149	-5.4024	1.0
0	1080	2.9711	3.3936	4.0265	-1.9368	1.0
0	1081	3.2902	2.0108	5.2396	-5.8082	1.0
0	1082	4.0454	2.2156	4.429	-3.718	1.0
0	1083	2.9362	1.4056	4.1214	-2.9307	1.0
0	1084	2.7325	7.3178	4.9698	-1.73	1.0
0	1085	3.2015	9.8058	1.9245	-1.0428	1.0
0	1086	1.7391	5.2491	2.7853	-1.5003	1.0
0	1087	1.318	2.4182	3.3565	-2.3126	1.0
0	1088	2.9453	1.1112	5.2967	-5.7667	1.0
0	1089	1.8235	4.687	2.7124	-1.611	1.0
0	1090	1.7819	4.4013	4.2173	-5.1942	1.0
0	1091	5.2052	6.3382	3.5317	-4.6384	1.0
0	1092	1.4613	4.04	3.7412	-9.9319	1.0
0	1093	1.5704	4.312	5.0894	-11.0342	1.0
0	1094	2.7429	2.9271	5.5262	-12.4258	1.0
0	1095	2.1302	4.302	4.4741	-10.6452	1.0
0	1096	3.4505	3.3392	1.9682	-1.8464	1.0
0	1097	1.7168	3.8024	2.2734	-1.9079	1.0
0	1098	0.9945	2.0993	3.8975	-5.1557	1.0
0	1099	2.5663	3.2654	4.5775	-6.6339	1.0
0	1100	2.161	1.665	4.2662	-5.5361	1.0
0	1101	2.0196	1.9613	3.2262	-6.4196	1.0
0	1102	2.332	2.5388	3.3038	-5.4734	1.0
0	1103	2.6962	5.3596	3.115	-1.5664	1.0
0	1104	2.4598	7.931	3.4987	-3.4771	1.0
0	1105	0.8254	3.7507	3.752	-2.1158	1.0
0	1106	1.8978	2.3782	2.8909	-4.3501	1.0
0	1107	1.7718	4.5418	4.7385	-4.7684	1.0
0	1108	1.7453	1.9858	3.4226	-4.8531	1.0
0	1109	2.4078	4.6052	4.0249	-2.4404	1.0
0	1110	2.4078	4.6052	4.0249	-2.4404	1.0
0	1111	1.3846	6.7037	3.5767	-1.5954	1.0
0	1112	2.6684	3.8925	4.2856	-3.1638	1.0
0	1113	1.8443	3.3473	1.8965	-1.9171	1.0
0	1114	2.0964	5.3345	4.6138	-3.3771	1.0
0	1115	1.3789	9.2081	4.3668	-1.6404	1.0
0	1116	1.4826	2.5922	3.4568	-4.8857	1.0
0	1117	1.4826	2.5922	3.4568	-4.8857	1.0
0	1118	1.9417	2.9349	3.0353	-2.4643	1.0
0	1119	1.3583	6.5678	2.6798	-1.3412	1.0
0	1120	2.0774	4.7656	2.6359	-1.8818	1.0
0	1121	0.8755	3.3324	4.2628	-5.2644	1.0
0	1122	2.0807	3.5464	3.9354	-3.2559	1.0
0	1123	1.1195	3.129	3.5794	-3.9555	1.0
0	1124	3.3343	3.1038	3.3908	-2.4876	1.0
0	1125	3.9291	6.0308	2.4261	-2.0121	1.0
0	1126	1.2841	5.6028	2.9857	-1.5642	1.0
0	1127	1.9976	4.6911	3.1705	-1.549	1.0
0	1128	1.7795	4.4457	4.2908	-3.7565	1.0
0	1129	1.1299	4.7761	3.8928	-4.5065	1.0
0	1130	2.0878	6.1188	3.0317	-3.3373	1.0
0	1131	1.6491	9.7949	2.8778	-1.4782	1.0
0	1132	1.6491	9.7949	2.8778	-1.4782	1.0
0	1133	0.763	1.6147	3.142	-4.2576	1.0
0	1134	0.9137	3.2268	2.1228	-2.085	1.0
0	1135	2.6381	6.3532	2.4046	-2.1841	1.0
0	1136	1.649	3.8112	2.196	-3.9044	1.0
0	1137	3.4056	4.0889	4.2341	-5.8298	1.0
0	1138	1.8373	4.1294	4.3452	-3.7545	1.0
0	1139	1.9184	2.2557	3.8766	-2.9735	1.0
0	1140	1.816	2.4383	2.5503	-3.1297	1.0
0	1141	2.0495	3.5374	3.8172	-2.0894	1.0
0	1142	2.2862	2.0604	5.6619	-5.0965	1.0
0	1143	1.3711	3.9374	5.8785	-2.9561	1.0
0	1144	1.4032	5.2867	4.357	-3.4797	1.0
0	1145	0.9065	5.6905	3.0953	-1.9176	1.0
0	1146	0.9065	5.6905	3.0953	-1.9176	1.0
0	1147	1.5775	7.9441	1.3229	-1.6079	1.0
0	1148	1.124	6.9232	2.1604	-1.6841	1.0
0	1149	1.1167	8.2319	2.5742	-2.034	1.0
0	1150	1.3118	6.046	2.266	-2.2952	1.0
0	1151	2.2627	4.1976	3.8233	-2.95	1.0
0	1152	2.3599	3.5003	2.9279	-2.0524	1.0
0	1153	4.1506	5.1502	3.0631	-6.4675	1.0
0	1154	2.2235	3.8711	3.7143	-6.8675	1.0
0	1155	1.7873	6.4338	3.1557	-2.0073	1.0
0	1156	2.5509	7.8581	2.2185	-1.7834	1.0
0	1157	2.0856	4.6542	2.386	-1.798	1.0
0	1158	0.9579	8.2241	2.6769	-1.8349	1.0
0	1159	2.5976	6.8671	1.789	-1.5066	1.0
0	1160	2.5976	6.8671	1.789	-1.5066	1.0
0	1161	3.0758	4.9707	2.1264	-1.9307	1.0
0	1162	2.6415	6.8701	2.0411	-2.0752	1.0
0	1163	1.0846	9.0612	3.1323	-1.6015	1.0
0	1164	1.2165	5.6049	3.7734	-7.7647	1.0
0	1165	2.0882	2.7523	3.1609	-2.592	1.0
0	1166	1.602	7.5386	3.5965	-1.8842	1.0
0	1167	1.6428	2.1374	4.7449	-5.9548	1.0
0	1168	1.6428	2.1374	4.7449	-5.9548	1.0
0	1169	3.4582	3.9149	2.8024	-3.3288	1.0
0	1170	2.2178	2.0419	3.369	-5.0019	1.0
0	1171	4.4023	2.7319	3.2968	-5.2674	1.0
0	1172	3.8023	1.8408	4.1839	-5.3952	1.0
0	1173	2.5012	2.9326	3.2361	-1.8206	1.0
0	1174	0.864	3.5678	2.4908	-2.2586	1.0
0	1175	1.2539	7.0845	3.5798	-1.6141	1.0
0	1176	1.6021	5.5441	4.0125	-1.6526	1.0
0	1177	0.9012	4.8799	2.8498	-2.7714	1.0
0	1178	1.2179	3.6976	4.2717	-4.5243	1.0
0	1179	2.1788	2.5059	3.7982	-5.9437	1.0
0	1180	2.0878	2.7627	2.3665	-3.1728	1.0
0	1181	3.4071	2.2218	4.0812	-3.6012	1.0
0	1182	1.8041	2.3115	4.7123	-4.5462	1.0
0	1183	4.6449	6.3636	2.2091	-3.2181	1.0
0	1184	2.2996	4.2137	3.9587	-4.0138	1.0
0	1185	1.7148	6.2635	3.552	-4.1835	1.0
0	1186	0.8737	2.3378	3.4968	-4.4082	1.0
0	1187	2.7493	4.8295	2.8602	-2.6983	1.0
0	1188	1.8781	2.3266	3.7571	-4.8468	1.0
0	1189	1.5127	3.1088	2.694	-1.9859	1.0
0	1190	1.2798	7.0554	4.3876	-5.1025	1.0
0	1191	1.7477	4.414	3.4195	-2.755	1.0
0	1192	1.0261	2.5016	4.5442	-2.9601	1.0
0	1193	2.6748	3.0349	3.1651	-2.4946	1.0
0	1194	2.1785	5.6171	2.9159	-1.9148	1.0
0	1195	2.8573	8.0157	3.7756	-2.9005	1.0
0	1196	0.7839	2.4104	2.9094	-4.2326	1.0
0	1197	1.2402	1.6926	2.7715	-3.9899	1.0
0	1198	2.7944	3.6917	4.3471	-3.8105	1.0
0	1199	1.5403	4.7614	4.0136	-5.049	1.0
0	1200	1.5403	4.7614	4.0136	-5.049	1.0
0	1201	2.1083	2.4863	3.2326	-2.7302	1.0
0	1202	3.1588	1.9747	2.8359	-3.5933	1.0
0	1203	2.1527	1.5719	2.7444	-3.076	1.0
0	1204	1.5228	1.6431	2.6563	-2.2431	1.0
0	1205	1.8099	1.666	2.8925	-3.041	1.0
0	1206	1.8099	1.666	2.8925	-3.041	1.0
0	1207	3.1642	1.9583	4.6386	-7.8789	1.0
0	1208	1.0285	1.6501	4.3476	-3.6623	1.0
0	1209	1.6896	2.1963	3.5258	-3.8839	1.0
0	1210	2.3565	3.8567	2.6743	-5.061	1.0
0	1211	4.9128	2.4958	2.2336	-4.3284	1.0
0	1212	2.383	2.3622	4.3224	-6.0254	1.0
0	1213	1.8523	5.6354	3.6558	-3.821	1.0
0	1214	1.59	3.6806	4.0523	-2.3175	1.0
0	1215	1.5444	3.9676	2.9807	-1.5669	1.0
0	1216	1.3137	7.5577	2.814	-1.4109	1.0
0	1217	2.0185	2.0638	2.9999	-4.1556	1.0
0	1218	2.5094	2.252	2.7896	-2.7727	1.0
0	1219	1.5816	2.5244	3.9792	-4.5244	1.0
0	1220	2.7568	1.5637	4.9601	-5.3964	1.0
0	1221	2.7098	2.6162	2.2967	-4.5008	1.0
0	1222	0.9048	7.805	4.1707	-2.32	1.0
0	1223	1.6873	5.6613	3.6858	-4.1543	1.0
0	1224	1.8829	2.4825	2.8186	-4.2609	1.0
0	1225	2.8857	4.4675	3.3144	-6.3027	1.0
0	1226	2.7487	1.7838	3.3791	-5.451	1.0
0	1227	2.1013	5.9936	2.4831	-1.9525	1.0
0	1228	2.3307	5.5427	2.2862	-1.9446	1.0
0	1229	2.3307	5.5427	2.2862	-1.9446	1.0
0	1230	2.3307	5.5427	2.2862	-1.9446	1.0
0	1231	2.4915	1.6834	2.2259	-2.6406	1.0
0	1232	2.4554	2.9646	2.5974	-4.0151	1.0
0	1233	1.5978	3.3072	4.2947	-2.7497	1.0
0	1234	1.8558	7.7197	3.7283	-3.9155	1.0
0	1235	1.3371	5.0223	2.5925	-4.5751	1.0
0	1236	1.5683	7.9443	3.42	-1.7816	1.0
0	1237	1.9502	9.1499	3.1952	-1.6641	1.0
0	1238	1.9502	9.1499	3.1952	-1.6641	1.0
0	1239	1.1677	9.6189	4.0377	-4.8485	1.0
0	1240	2.0179	9.1119	5.5342	-5.8869	1.0
0	1241	2.0179	9.1119	5.5342	-5.8869	1.0
0	1242	4.1753	3.6107	3.6059	-4.9304	1.0
0	1243	1.8712	2.8515	3.3798	-4.3547	1.0
0	1244	1.6624	1.9261	3.5241	-2.8636	1.0
0	1245	2.9963	1.3476	3.929	-2.9427	1.0
0	1246	3.0296	3.685	3.9001	-3.0929	1.0
0	1247	2.0	4.5076	3.9799	-2.6029	1.0
0	1248	2.3433	1.5451	4.0297	-5.4072	1.0
0	1249	2.6622	1.9661	4.7093	-4.7367	1.0
0	1250	2.7386	1.5826	4.008	-4.1593	1.0
0	1251	1.9434	1.9171	3.2435	-8.9535	1.0
0	1252	1.1188	4.5921	2.4768	-2.482	1.0
0	1253	1.8791	8.8667	3.1404	-1.6582	1.0
0	1254	1.7819	9.1356	2.5339	-1.4775	1.0
0	1255	2.8942	1.8738	3.5839	-4.3062	1.0
0	1256	4.109	3.9569	3.9568	-1.5502	1.0
0	1257	2.4228	4.7245	3.4428	-2.1917	1.0
0	1258	2.0926	7.6158	2.6038	-1.8826	1.0
0	1259	2.9863	5.5719	3.1084	-3.7842	1.0
0	1260	1.9226	7.4566	4.079	-6.258	1.0
0	1261	5.7076	6.0642	2.3808	-6.3547	1.0
0	1262	2.233	8.6173	1.9007	-0.5272	1.0
0	1263	2.0082	2.4036	2.1256	-3.0132	1.0
0	1264	1.2739	3.2294	3.6442	-4.1274	1.0
0	1265	1.2739	3.2294	3.6442	-4.1274	1.0
0	1266	2.1797	2.5261	4.0815	-6.3537	1.0
0	1267	1.1832	1.8835	3.5408	-3.6094	1.0
0	1268	1.0823	6.1676	4.4881	-2.1271	1.0
0	1269	1.1192	5.3615	3.5278	-2.5768	1.0
0	1270	0.7115	2.9684	5.8969	-4.2744	1.0
0	1271	0.6008	1.5949	5.2146	-6.387	1.0
0	1272	0.6091	8.9175	4.3629	-1.9543	1.0
0	1273	0.7568	8.3514	4.4133	-1.9476	1.0
0	1274	1.4749	4.0286	2.7258	-2.7767	1.0
0	1275	1.3177	5.8151	4.5374	-3.4314	1.0
0	1276	2.3777	8.5048	3.7679	-4.4964	1.0
0	1277	3.1644	1.449	4.1874	-5.2532	1.0
0	1278	4.8327	1.5134	3.1704	-8.5212	1.0
0	1279	2.9345	1.1277	3.4793	-6.8864	1.0
0	1280	3.0683	2.2243	3.2319	-8.4006	1.0
0	1281	3.6306	1.6386	2.0526	-2.848	1.0
0	1282	1.9955	2.6639	2.5823	-4.9698	1.0
0	1283	2.6123	9.0177	2.1652	-1.8656	1.0
0	1284	2.7746	5.3318	1.9348	-1.778	1.0
0	1285	1.2538	6.7825	2.2539	-2.0131	1.0
0	1286	0.3918	8.9256	4.2152	-4.0937	1.0
0	1287	2.2865	5.5187	3.6359	-6.4199	1.0
0	1288	0.8354	6.1105	3.8653	-4.5452	1.0
0	1289	1.3239	1.5703	3.3334	-2.1483	1.0
0	1290	2.6472	1.9655	3.0418	-5.0044	1.0
0	1291	1.0976	1.592	3.7596	-5.4235	1.0
0	1292	1.3921	2.6572	2.9278	-4.3471	1.0
0	1293	1.7633	2.7011	3.3036	-3.8542	1.0
0	1294	1.6796	2.4748	3.4589	-4.0785	1.0
0	1295	0.8586	2.6501	4.404	-5.1747	1.0
0	1296	1.9379	6.1881	3.3102	-2.4842	1.0
0	1297	3.3751	5.8824	2.4803	-1.7303	1.0
0	1298	2.5868	8.8994	2.0907	-1.4351	1.0
0	1299	2.5868	8.8994	2.0907	-1.4351	1.0
0	1300	2.2337	8.1718	1.9329	-1.3901	1.0
0	1301	1.5414	9.581	2.3162	-1.5461	1.0
0	1302	1.4307	4.0961	2.6617	-2.0281	1.0
0	1303	0.8834	5.0647	2.8587	-1.7436	1.0
0	1304	1.5886	3.365	2.6841	-3.2275	1.0
0	1305	1.298	6.0136	3.2668	-3.2191	1.0
0	1306	2.7329	4.3775	3.6766	-3.0955	1.0
0	1307	1.6108	5.1196	5.4491	-7.9971	1.0
0	1308	4.1224	6.9042	4.0782	-8.5794	1.0
0	1309	2.746	6.9532	4.3188	-8.5795	1.0
0	1310	1.1905	7.5429	3.164	-4.1225	1.0
0	1311	2.8936	1.9286	3.2695	-5.0388	1.0
0	1312	3.5529	9.5752	3.1432	-3.9938	1.0
0	1313	2.7148	8.7384	4.4943	-8.6395	1.0
0	1314	3.3532	7.6651	4.3307	-9.5561	1.0
0	1315	1.0538	7.0008	4.4276	-6.4643	1.0
0	1316	2.3504	4.6149	4.2855	-5.5634	1.0
0	1317	2.3504	4.6149	4.2855	-5.5634	1.0
0	1318	1.7398	4.4341	3.9948	-3.0255	1.0
0	1319	1.1866	4.0259	2.92	-5.7717	1.0
0	1320	2.514	2.1275	2.8149	-4.5161	1.0
0	1321	1.8718	3.3034	3.5861	-3.2229	1.0
0	1322	1.2867	2.4343	4.3728	-3.3334	1.0
0	1323	2.9019	3.5279	3.0609	-3.3012	1.0
0	1324	1.5491	2.0537	4.935	-3.7097	1.0
0	1325	1.8057	3.525	3.0092	-2.4441	1.0
0	1326	1.0072	2.3489	4.7736	-5.0531	1.0
0	1327	1.1931	2.7147	4.2034	-4.4037	1.0
0	1328	1.604	2.0349	5.221	-5.0109	1.0
0	1329	1.754	2.6073	5.1631	-6.5888	1.0
0	1330	1.5192	6.8685	4.2146	-6.6959	1.0
0	1331	0.6954	5.0893	3.3164	-2.5143	1.0
0	1332	0.7798	5.2674	4.1678	-2.1031	1.0
0	1333	0.9118	2.6664	3.4887	-6.4018	1.0
0	1334	0.7054	1.8891	3.6523	-4.0413	1.0
0	1335	0.7431	2.6481	3.399	-2.2714	1.0
0	1336	1.7414	7.4617	2.6001	-2.163	1.0
0	1337	0.8829	5.042	5.0204	-5.2146	1.0
0	1338	2.6723	7.2606	4.2869	-6.1167	1.0
0	1339	2.0816	7.2645	4.0317	-4.6729	1.0
0	1340	0.8872	4.0235	4.3057	-7.4306	1.0
0	1341	2.2398	3.2672	3.8645	-3.477	1.0
0	1342	3.0779	2.2752	3.4188	-2.193	1.0
0	1343	1.1348	7.2818	3.3143	-4.6273	1.0
0	1344	1.4311	5.3639	2.7367	-1.9739	1.0
0	1345	2.1357	6.0275	2.9844	-2.7235	1.0
0	1346	2.3465	4.1336	1.8943	-2.1237	1.0
0	1347	2.304	4.6883	2.2318	-1.6287	1.0
0	1348	2.5577	5.933	4.3257	-4.8289	1.0
0	1349	3.3955	5.1547	3.3114	-3.0845	1.0
0	1350	2.1922	5.883	3.9715	-5.9198	1.0
0	1351	2.215	3.3917	3.8615	-4.9555	1.0
0	1352	1.3188	4.2755	3.2839	-4.1973	1.0
0	1353	1.0791	4.976	4.065	-5.0645	1.0
0	1354	3.0188	3.2781	3.4219	-5.6534	1.0
0	1355	1.4905	3.2882	3.2731	-3.2832	1.0
0	1356	0.7137	4.2948	3.0024	-2.3361	1.0
0	1357	0.5629	1.3964	3.0905	-3.2597	1.0
0	1358	0.9373	2.2086	3.9404	-8.9707	1.0
0	1359	2.0402	9.9317	5.0156	-5.3859	1.0
0	1360	3.4471	7.8521	2.4849	-1.3124	1.0
0	1361	2.8394	9.3839	2.0962	-1.5469	1.0
0	1362	2.8394	9.3839	2.0962	-1.5469	1.0
0	1363	1.2557	3.8388	3.6661	-2.7883	1.0
0	1364	1.6052	4.8457	2.393	-2.1633	1.0
0	1365	2.7495	7.3536	3.3702	-2.9752	1.0
0	1366	0.7087	4.9779	3.05	-2.1486	1.0
0	1367	1.6188	2.9984	4.1237	-3.4664	1.0
0	1368	1.8629	3.7554	4.9691	-5.7051	1.0
0	1369	1.9784	2.8881	3.9591	-4.513	1.0
0	1370	1.2906	3.328	5.9963	-8.0248	1.0
0	1371	1.1668	8.2811	4.2393	-3.7758	1.0
0	1372	1.138	5.0051	4.0708	-5.4828	1.0
0	1373	3.2935	3.276	3.1934	-5.1417	1.0
0	1374	3.1995	3.2742	2.589	-1.9477	1.0
0	1375	1.7995	3.3343	2.9938	-2.2865	1.0
0	1376	0.8165	3.1171	2.5015	-2.868	1.0
0	1377	0.8165	3.1171	2.5015	-2.868	1.0
0	1378	1.2192	1.9281	2.6761	-2.6664	1.0
0	1379	0.7274	1.2844	4.0624	-4.3889	1.0
0	1380	2.0284	5.0749	3.2323	-1.8413	1.0
0	1381	1.7643	3.7619	3.4618	-2.945	1.0
0	1382	1.6129	4.3773	2.8107	-3.0314	1.0
0	1383	1.3897	5.9356	3.603	-2.8935	1.0
0	1384	1.4079	2.8633	3.2871	-2.0745	1.0
0	1385	3.7463	7.3043	3.3243	-5.8529	1.0
0	1386	2.2518	2.6223	5.5072	-8.3955	1.0
0	1387	1.1301	3.0205	3.6868	-3.633	1.0
0	1388	2.0516	5.524	3.6077	-6.2715	1.0
0	1389	2.0516	5.524	3.6077	-6.2715	1.0
0	1390	2.111	7.8838	3.7172	-6.0298	1.0
0	1391	1.8654	4.0221	3.9849	-3.176	1.0
0	1392	1.7424	2.4299	3.586	-2.8334	1.0
0	1393	1.6646	2.9053	2.306	-2.1818	1.0
0	1394	1.1232	4.7471	2.8897	-1.7252	1.0
0	1395	1.1246	2.7731	2.6327	-2.2609	1.0
0	1396	1.0277	2.4899	3.5965	-4.265	1.0
0	1397	0.496	3.5691	4.0713	-2.9299	1.0
0	1398	0.7395	5.1844	3.6192	-2.5603	1.0
0	1399	1.0085	4.2674	4.2976	-5.655	1.0
0	1400	1.0116	3.3657	2.2446	-2.9609	1.0
0	1401	1.4065	1.6187	4.3957	-3.6004	1.0
0	1402	1.7995	5.959	4.2162	-1.7937	1.0
0	1403	1.5904	2.7132	5.1727	-4.4185	1.0
0	1404	1.2564	2.496	2.2993	-4.2647	1.0
0	1405	1.5385	2.7139	2.7485	-4.9372	1.0
0	1406	2.9001	3.8174	2.2855	-1.9669	1.0
0	1407	2.3062	4.9022	3.6835	-5.3294	1.0
0	1408	1.6966	2.9096	2.5841	-2.0234	1.0
0	1409	1.5779	3.1585	2.7129	-2.2856	1.0
0	1410	1.9924	8.6849	2.7998	-1.4314	1.0
0	1411	2.6154	3.7895	3.3368	-1.8777	1.0
0	1412	2.3284	3.0937	3.9964	-1.7772	1.0
0	1413	1.8458	3.7059	3.2779	-2.6659	1.0
0	1414	1.8458	2.2446	3.4246	-5.6408	1.0
0	1415	1.9409	2.6681	2.9508	-4.783	1.0
0	1416	3.2813	2.3236	3.5952	-2.8552	1.0
0	1417	2.1521	1.6688	5.7767	-4.531	1.0
0	1418	3.543	7.055	2.0646	-1.4668	1.0
0	1419	1.7611	5.2184	2.2415	-1.3231	1.0
0	1420	1.2087	5.6573	2.5508	-2.4411	1.0
0	1421	0.9739	4.37	3.2273	-2.1732	1.0
0	1422	1.253	9.4595	2.9592	-1.7816	1.0
0	1423	0.9592	3.6914	3.3951	-2.4036	1.0
0	1424	1.4388	4.9553	3.9329	-3.4077	1.0
0	1425	3.0223	1.7861	2.6264	-3.5597	1.0
0	1426	1.2829	4.8012	4.2475	-2.2637	1.0
0	1427	1.27	3.5315	3.8734	-1.8776	1.0
0	1428	0.8773	8.0801	3.4545	-1.8539	1.0
0	1429	1.3568	7.0433	2.7981	-2.6796	1.0
0	1430	1.7304	2.6963	4.2154	-5.0112	1.0
0	1431	2.8281	2.1373	4.2954	-4.824	1.0
0	1432	1.535	2.5509	4.4401	-2.9914	1.0
0	1433	1.7081	3.418	3.7989	-5.3128	1.0
0	1434	4.0838	2.6462	3.1536	-2.4544	1.0
0	1435	4.0786	1.7558	2.8336	-2.6563	1.0
0	1436	1.9664	1.7709	3.3108	-3.9183	1.0
0	1437	2.5167	2.4911	2.6199	-4.8388	1.0
0	1438	0.9747	2.0065	3.2683	-5.4182	1.0
0	1439	1.2523	2.9254	3.2671	-4.9948	1.0
0	1440	2.7784	1.8785	2.4366	-2.2968	1.0
0	1441	3.4816	3.9687	2.6325	-6.1682	1.0
0	1442	0.3572	1.903	4.1634	-2.6255	1.0
0	1443	0.3505	3.4242	3.8797	-1.9616	1.0
0	1444	0.3664	5.22	4.6836	-4.4867	1.0
0	1445	0.4445	3.7538	4.4876	-4.1084	1.0
0	1446	0.6392	2.0391	2.9276	-3.387	1.0
0	1447	0.8261	9.4761	3.3422	-3.8037	1.0
0	1448	0.8832	5.7977	4.0847	-2.6361	1.0
0	1449	0.6978	2.8625	4.4248	-4.0389	1.0
0	1450	1.4442	6.8833	4.0044	-3.8855	1.0
0	1451	1.7138	1.7792	4.6319	-5.0636	1.0
0	1452	1.994	6.7376	3.5695	-4.6459	1.0
0	1453	2.7245	2.0347	3.0339	-3.9523	1.0
0	1454	3.4257	2.2052	3.4311	-5.756	1.0
0	1455	1.6058	2.5448	2.3098	-2.4803	1.0
0	1456	1.9527	2.8127	2.2748	-3.5489	1.0
0	1457	2.4984	2.9633	3.6914	-5.1692	1.0
0	1458	0.9738	5.6031	3.8679	-6.1817	1.0
0	1459	1.532	1.7172	2.927	-4.4189	1.0
0	1460	1.8824	8.2527	4.1504	-3.6711	1.0
0	1461	1.1168	3.0806	4.8165	-6.2566	1.0
0	1462	0.7149	5.2739	4.1661	-4.5444	1.0
0	1463	0.7648	7.0158	2.1631	-1.7093	1.0
0	1464	0.5915	8.0635	4.0173	-2.7794	1.0
0	1465	0.7449	7.2642	2.8759	-1.8182	1.0
0	1466	1.1927	3.013	3.3444	-2.7208	1.0
0	1467	1.3494	3.0426	3.8214	-3.6905	1.0
0	1468	2.6436	2.507	3.1559	-5.4775	1.0
0	1469	2.1191	3.7206	2.9843	-1.9194	1.0
0	1470	2.9966	1.9354	3.1064	-3.6333	1.0
0	1471	1.4606	2.2132	3.8457	-3.0084	1.0
0	1472	0.8397	6.9036	2.8342	-1.7179	1.0
0	1473	1.3048	8.2275	3.8068	-1.6048	1.0
0	1474	0.9141	6.2557	3.6699	-2.2862	1.0
0	1475	0.9313	3.4773	4.0953	-4.1142	1.0
0	1476	1.966	5.2444	2.2647	-1.2654	1.0
0	1477	2.143	4.8369	2.1796	-2.3292	1.0
0	1478	1.1975	7.2661	3.1986	-1.9412	1.0
0	1479	1.1614	6.1927	3.248	-2.8277	1.0
0	1480	1.1804	3.573	3.3719	-2.5936	1.0
0	1481	3.9238	3.4993	3.9898	-5.3297	1.0
0	1482	2.2317	2.993	4.476	-4.8729	1.0
0	1483	2.013	3.7337	3.4905	-1.8236	1.0
0	1484	2.1119	4.2567	3.7095	-1.5534	1.0
0	1485	3.4909	5.588	2.9354	-2.0099	1.0
0	1486	2.1711	4.8574	2.3827	-2.9525	1.0
0	1487	1.097	9.2139	2.2521	-2.1135	1.0
0	1488	0.5156	5.8207	3.3903	-3.8756	1.0
0	1489	0.7773	7.8373	4.5185	-8.184	1.0
0	1490	0.7902	2.7802	2.8136	-3.2879	1.0
0	1491	2.5963	5.7354	2.9488	-1.467	1.0
0	1492	2.6482	1.7127	2.3697	-3.3956	1.0
0	1493	1.0291	3.9424	4.7587	-6.8577	1.0
0	1494	1.7792	6.2986	4.7792	-5.7866	1.0
0	1495	1.0122	9.6565	3.8638	-2.818	1.0
0	1496	1.6138	3.8095	4.5106	-4.5926	1.0
0	1497	1.8704	9.5384	3.1454	-2.9453	1.0
0	1498	1.0322	2.9587	3.8434	-5.9046	1.0
0	1499	0.721	2.1364	3.469	-3.0675	1.0
0	1500	4.074	2.2239	3.3133	-5.1725	1.0
0	1501	2.6089	3.2906	3.5116	-4.8395	1.0
0	1502	2.0677	2.7054	3.9478	-6.2166	1.0
0	1503	2.2103	2.7152	3.5304	-4.9316	1.0
0	1504	2.2103	2.7152	3.5304	-4.9316	1.0
0	1505	1.4364	4.7147	4.2801	-4.6689	1.0
0	1506	2.5123	1.6447	3.2396	-3.5601	1.0
0	1507	2.3433	4.1585	2.5208	-3.0124	1.0
0	1508	0.5989	5.5109	2.0195	-1.5124	1.0
0	1509	0.5989	5.5109	2.0195	-1.5124	1.0
0	1510	0.9292	4.517	1.5517	-1.8014	1.0
0	1511	2.6171	2.9185	2.5673	-6.4228	1.0
0	1512	2.0325	7.0545	4.408	-6.3082	1.0
0	1513	1.9159	1.7098	4.6567	-5.5625	1.0
0	1514	3.1253	2.1088	3.0414	-4.4227	1.0
0	1515	0.7337	4.0029	4.3341	-4.6534	1.0
0	1516	1.1652	3.2712	2.8027	-2.1025	1.0
0	1517	1.8053	2.2459	2.7031	-3.4791	1.0
0	1518	1.8053	2.2459	2.7031	-3.4791	1.0
0	1519	2.0778	2.0781	3.6029	-3.6531	1.0
0	1520	1.5226	1.845	4.3433	-3.9903	1.0
0	1521	2.1342	3.6399	4.7676	-4.0988	1.0
0	1522	2.5469	3.8145	4.409	-1.7409	1.0
0	1523	1.3381	2.9288	4.9171	-3.876	1.0
0	1524	1.3118	1.92	5.7407	-5.1073	1.0
0	1525	1.9101	4.2807	3.6928	-3.1066	1.0
0	1526	2.9926	3.3144	4.2449	-2.0425	1.0
0	1527	2.7963	1.2701	2.6013	-3.422	1.0
0	1528	3.3967	1.7757	5.2107	-4.1126	1.0
0	1529	5.0349	2.8683	3.0988	-1.8402	1.0
0	1530	2.2428	3.0394	5.4355	-2.2606	1.0
0	1531	1.6955	4.269	2.6098	-3.0747	1.0
0	1532	0.761	4.9449	3.5955	-2.8035	1.0
0	1533	0.7423	9.4499	2.9422	-1.9944	1.0
0	1534	2.1572	2.624	2.5578	-3.4683	1.0
0	1535	2.0661	4.1076	3.355	-1.8215	1.0
0	1536	2.0685	2.795	3.7619	-6.0527	1.0
0	1537	0.9205	4.0657	4.6444	-3.1921	1.0
0	1538	0.9989	8.6743	4.2734	-3.8919	1.0
0	1539	1.4769	7.3389	4.3513	-5.1756	1.0
0	1540	2.8291	2.8487	3.9284	-2.6126	1.0
0	1541	3.019	4.2799	3.5016	-5.0179	1.0
0	1542	3.6678	2.7473	3.1664	-3.6752	1.0
0	1543	1.5447	2.2105	4.0345	-2.6638	1.0
0	1544	2.5057	1.3206	3.1943	-6.5526	1.0
0	1545	2.9479	3.0693	3.716	-8.2306	1.0
0	1546	2.605	3.9738	3.2915	-5.781	1.0
0	1547	0.8497	1.916	3.5871	-7.1771	1.0
0	1548	1.775	3.1205	2.2655	-3.4672	1.0
0	1549	3.7954	2.3327	3.3111	-5.0456	1.0
0	1550	1.6414	3.5548	3.1385	-5.797	1.0
0	1551	3.3512	9.1597	4.3869	-9.1771	1.0
0	1552	2.7597	1.5529	3.5636	-4.1965	1.0
0	1553	1.4494	6.6813	4.2098	-1.8949	1.0
0	1554	3.2628	2.4027	3.3431	-5.085	1.0
0	1555	2.3841	2.9102	2.3102	-2.9657	1.0
0	1556	2.8112	5.0103	2.2324	-2.6349	1.0
0	1557	1.24	5.8933	4.3404	-2.4361	1.0
0	1558	1.7109	3.0542	3.9013	-3.4715	1.0
0	1559	1.9	4.6425	2.9121	-2.2987	1.0
0	1560	1.4545	2.3829	3.2453	-3.0534	1.0
0	1561	1.0273	3.0994	4.761	-4.1082	1.0
0	1562	2.5342	4.0552	3.5306	-3.1067	1.0
0	1563	1.7669	2.2662	4.9376	-3.8469	1.0
0	1564	1.1633	4.0089	4.5668	-1.9027	1.0
0	1565	1.7964	6.7433	2.969	-3.4426	1.0
0	1566	2.0148	5.884	4.3721	-8.6748	1.0
0	1567	1.3951	4.3836	3.5562	-3.4979	1.0
0	1568	2.0641	1.9167	3.1141	-3.8799	1.0
0	1569	1.3885	2.6137	4.2685	-4.5105	1.0
0	1570	2.2635	1.6938	4.3617	-5.66	1.0
0	1571	1.125	3.2103	4.4219	-2.743	1.0
0	1572	2.2215	8.6885	2.6505	-1.7999	1.0
0	1573	2.3736	7.1745	2.5388	-1.607	1.0
0	1574	2.1827	7.4775	2.2435	-2.4989	1.0
0	1575	1.4378	8.0678	2.6146	-1.55	1.0
0	1576	1.3138	3.1922	4.4131	-5.8477	1.0
0	1577	0.8209	0.9853	3.6007	-5.0951	1.0
0	1578	3.604	2.3085	3.5047	-2.9813	1.0
0	1579	2.2474	2.6361	3.7641	-4.6042	1.0
0	1580	1.005	1.654	4.3706	-4.2969	1.0
0	1581	1.9674	1.976	3.7333	-2.3414	1.0
0	1582	1.9837	3.8914	4.0977	-6.5533	1.0
0	1583	1.8943	2.4278	3.6168	-3.1002	1.0
0	1584	0.7711	4.105	3.1291	-4.3551	1.0
0	1585	1.0564	5.1666	4.5784	-3.48	1.0
0	1586	3.0129	9.2459	3.0975	-3.3592	1.0
0	1587	1.5333	3.9107	4.8872	-7.0165	1.0
0	1588	3.1655	4.6061	3.3131	-5.3976	1.0
0	1589	3.1587	3.8336	2.828	-3.4368	1.0
0	1590	1.8211	3.1789	3.3789	-3.2225	1.0
0	1591	2.9617	1.8339	3.2554	-2.7064	1.0
0	1592	1.6844	6.6131	3.0635	-3.2258	1.0
0	1593	2.6627	2.5982	3.0453	-2.5025	1.0
0	1594	2.1182	2.1286	2.5114	-2.6165	1.0
0	1595	2.3807	3.881	3.0073	-1.7822	1.0
0	1596	1.4599	2.443	5.0498	-8.7605	1.0
0	1597	2.3134	6.7	5.5176	-5.0265	1.0
0	1598	1.8894	6.7093	5.1063	-5.8031	1.0
0	1599	1.3238	7.8235	5.4923	-5.7905	1.0
1	0	3.0017	2.9515	2.5264	-3.2752	1.0
1	1	1.7662	2.8447	2.3979	-2.7302	1.0
1	2	1.8507	7.2526	3.102	-1.6588	1.0
1	3	1.8507	7.2526	3.102	-1.6588	1.0
1	4	1.8507	7.2526	3.102	-1.6588	1.0
1	5	1.6124	3.1188	4.2675	-2.3795	1.0
1	6	2.1196	7.1651	4.5663	-5.2873	1.0
1	7	1.4772	5.3827	4.3485	-3.5063	1.0
1	8	1.6633	2.9645	5.1037	-5.0478	1.0
1	9	2.8143	1.8195	2.628	-4.8916	1.0
1	10	2.5719	1.9755	2.5371	-2.8685	1.0
1	11	1.1782	4.6321	2.9562	-1.848	1.0
1	12	1.1782	4.6321	2.9562	-1.848	1.0
1	13	1.0459	4.7192	3.143	-3.8462	1.0
1	14	0.8667	2.6201	5.3435	-4.8853	1.0
1	15	0.9479	4.8566	4.7567	-5.6812	1.0
1	16	1.7651	4.5679	3.9436	-2.4295	1.0
1	17	1.2493	5.7248	2.5892	-2.2459	1.0
1	18	2.3806	9.6914	3.1878	-3.1337	1.0
1	19	2.9651	4.0507	4.2436	-7.1786	1.0
1	20	1.4804	4.9572	2.43	-2.1859	1.0
1	21	1.1022	5.0946	4.1533	-3.6684	1.0
1	22	1.6337	3.3296	3.0276	-1.8009	1.0
1	23	1.2572	4.4898	2.7542	-3.5877	1.0
1	24	3.6465	3.4363	3.3067	-4.2253	1.0
1	25	1.4678	4.0372	3.2788	-4.8673	1.0
1	26	1.5799	3.6274	2.5959	-2.1013	1.0
1	27	1.3166	7.3099	4.0024	-2.5123	1.0
1	28	1.2074	7.2311	3.2811	-2.132	1.0
1	29	1.1164	2.6263	4.0487	-5.7583	1.0
1	30	2.6261	2.2282	2.5674	-2.6255	1.0
1	31	1.6109	2.3821	4.586	-5.8997	1.0
1	32	1.1781	3.4607	3.2879	-2.2206	1.0
1	33	2.0481	1.5998	5.5576	-3.7044	1.0
1	34	2.8824	1.8077	3.5342	-4.5831	1.0
1	35	2.3311	3.8332	3.2727	-3.3285	1.0
1	36	1.1506	3.5436	2.987	-2.0433	1.0
1	37	1.4164	9.6741	2.7314	-1.4106	1.0
1	38	2.6411	2.0006	4.2564	-4.3065	1.0
1	39	3.7766	5.6112	2.45	-2.1815	1.0
1	40	2.1186	2.1593	2.6303	-3.8802	1.0
1	41	1.7212	2.9346	2.9384	-4.8085	1.0
1	42	1.5181	3.4617	3.4119	-5.5586	1.0
1	43	1.2711	8.4419	4.3226	-4.2426	1.0
1	44	2.5761	4.9007	3.75	-4.4275	1.0
1	45	2.2443	3.812	2.3414	-1.9953	1.0
1	46	3.0907	6.3718	2.3541	-3.2501	1.0
1	47	1.5942	3.3287	4.4857	-3.0816	1.0
1	48	2.4565	3.1088	2.4034	-2.734	1.0
1	49	0.6462	6.6527	4.3831	-4.1341	1.0
1	50	1.193	8.0389	2.5652	-2.3441	1.0
1	51	1.7659	3.4861	3.7226	-2.2274	1.0
1	52	1.12	1.4744	3.3859	-5.4593	1.0
1	53	1.6308	3.2025	4.0088	-2.008	1.0
1	54	2.2719	4.8668	4.2416	-4.9451	1.0
1	55	1.3642	5.391	4.8131	-6.6581	1.0
1	56	3.2812	4.0126	4.3034	-4.3032	1.0
1	57	4.3295	1.7591	3.1283	-5.0412	1.0
1	58	1.4169	2.1674	3.5923	-3.5728	1.0
1	59	1.4915	2.3649	4.6554	-5.8796	1.0
1	60	2.3736	4.2971	4.7165	-6.1389	1.0
1	61	0.9821	5.5149	5.7428	-9.2865	1.0
1	62	2.0125	1.9104	5.4249	-6.8441	1.0
1	63	1.3968	4.72	5.0857	-2.3164	1.0
1	64	0.8519	3.1094	5.1851	-2.8251	1.0
1	65	1.2904	1.69	5.3291	-8.7645	1.0
1	66	1.6278	8.4095	1.5933	-1.347	1.0
1	67	1.6278	8.4095	1.5933	-1.347	1.0
1	68	0.7578	6.1562	3.2352	-5.5215	1.0
1	69	3.294	3.3007	3.153	-2.5841	1.0
1	70	3.294	3.3007	3.153	-2.5841	1.0
1	71	0.7073	5.2402	3.2271	-2.3819	1.0
1	72	0.6921	5.9226	2.9	-1.9633	1.0
1	73	0.6444	6.8139	3.6363	-1.6111	1.0
1	74	0.7357	4.7129	3.5269	-3.2426	1.0
1	75	1.484	2.6218	3.3835	-4.6539	1.0
1	76	1.3584	2.6454	3.9317	-3.5787	1.0
1	77	1.732	2.6803	3.5195	-5.5344	1.0
1	78	1.6581	5.1324	3.5878	-4.4611	1.0
1	79	1.5904	1.8318	2.7381	-3.1926	1.0
1	80	2.6662	2.7533	2.0702	-2.5704	1.0
1	81	1.2164	1.809	4.231	-3.7938	1.0
1	82	1.5653	1.2539	3.2187	-4.8726	1.0
1	83	2.2514	9.8579	3.8893	-3.5064	1.0
1	84	0.8426	4.4586	3.2757	-2.1918	1.0
1	85	0.9819	2.2055	3.7972	-4.2217	1.0
1	86	1.2723	3.2977	4.2476	-4.902	1.0
1	87	2.0016	4.0352	2.7632	-2.6579	1.0
1	88	2.0016	4.0352	2.7632	-2.6579	1.0
1	89	0.9072	1.4707	3.8847	-6.3029	1.0
1	90	1.3273	3.4535	3.3092	-3.3749	1.0
1	91	1.8126	4.9011	2.2935	-2.3911	1.0
1	92	2.3596	5.1838	2.3213	-1.9271	1.0
1	93	2.3596	5.1838	2.3213	-1.9271	1.0
1	94	2.5184	3.7657	3.0405	-2.1391	1.0
1	95	2.5184	3.7657	3.0405	-2.1391	1.0
1	96	2.5184	3.7657	3.0405	-2.1391	1.0
1	97	0.9484	3.8206	3.831	-2.2537	1.0
1	98	0.8224	4.6741	5.0794	-6.2683	1.0
1	99	2.5766	6.7734	2.5891	-1.7888	1.0
1	100	4.3303	6.8156	3.1165	-1.7537	1.0
1	101	3.9521	3.8696	4.3461	-5.8286	1.0
1	102	1.9423	2.437	4.8499	-4.8509	1.0
1	103	1.1734	4.3944	2.6184	-2.6264	1.0
1	104	2.1323	5.8548	3.1432	-2.0747	1.0
1	105	1.5826	1.4955	4.8913	-7.7646	1.0
1	106	1.7223	3.9663	2.7869	-2.0791	1.0
1	107	0.7248	3.0045	3.8398	-3.6509	1.0
1	108	0.7248	3.0045	3.8398	-3.6509	1.0
1	109	2.7109	5.7908	4.6736	-7.2324	1.0
1	110	1.5766	3.4561	2.3871	-4.5879	1.0
1	111	1.8548	4.0401	2.1262	-2.2347	1.0
1	112	0.8394	2.1289	4.9121	-2.2814	1.0
1	113	0.6656	2.1194	3.7037	-4.1523	1.0
1	114	1.0469	5.0634	3.8333	-4.8778	1.0
1	115	2.462	2.3445	3.9043	-2.2644	1.0
1	116	2.3367	5.2825	3.5922	-2.3632	1.0
1	117	3.0486	4.5328	2.5661	-2.2081	1.0
1	118	1.5797	3.5991	2.9117	-3.1322	1.0
1	119	2.2368	4.6903	3.1999	-1.9264	1.0
1	120	2.658	4.5586	3.9329	-4.5285	1.0
1	121	1.9695	1.8248	3.2159	-5.0672	1.0
1	122	1.5731	2.1609	3.5557	-2.9478	1.0
1	123	2.6926	3.6959	3.656	-4.8236	1.0
1	124	2.0194	2.0733	3.4899	-2.8268	1.0
1	125	1.1698	3.3701	4.0764	-5.6721	1.0
1	126	2.7855	5.8381	3.2383	-2.5268	1.0
1	127	2.7855	5.8381	3.2383	-2.5268	1.0
1	128	1.586	3.4913	4.4247	-6.0596	1.0
1	129	1.4194	1.9769	2.9865	-5.5101	1.0
1	130	1.6887	2.3369	2.1416	-3.4253	1.0
1	131	1.6637	5.1641	3.7964	-3.6008	1.0
1	132	1.6148	7.2923	2.7126	-1.8208	1.0
1	133	1.7456	3.72	3.3768	-3.3519	1.0
1	134	1.7265	4.2054	2.7728	-2.6546	1.0
1	135	2.1275	2.1483	2.8328	-4.548	1.0
1	136	2.6174	4.7171	3.1852	-1.9	1.0
1	137	1.0648	2.667	3.9705	-2.2572	1.0
1	138	1.5856	4.8849	3.0346	-2.8122	1.0
1	139	1.4158	2.4129	4.268	-2.0324	1.0
1	140	2.5524	2.6947	3.199	-3.4024	1.0
1	141	2.0641	3.2576	3.1652	-2.0528	1.0
1	142	1.266	2.0858	3.4465	-3.7207	1.0
1	143	2.0135	5.0061	3.321	-2.0416	1.0
1	144	2.0081	4.7671	3.3723	-2.0617	1.0
1	145	1.5312	6.1344	3.4777	-5.5916	1.0
1	146	2.1714	4.4235	4.3485	-5.9795	1.0
1	147	0.8696	3.8534	3.5295	-3.4216	1.0
1	148	2.2633	3.7988	3.3406	-6.2718	1.0
1	149	3.183	2.6915	1.8301	-2.5892	1.0
1	150	2.2704	4.2976	4.2063	-4.1664	1.0
1	151	3.08	3.6299	3.2131	-2.3929	1.0
1	152	1.8221	2.6634	4.2816	-2.5681	1.0
1	153	1.9802	8.7819	4.0894	-4.9775	1.0
1	154	1.9802	8.7819	4.0894	-4.9775	1.0
1	155	0.9392	4.9656	3.3694	-3.1378	1.0
1	156	0.903	6.9627	2.9293	-1.8051	1.0
1	157	1.5845	9.249	3.9807	-1.5664	1.0
1	158	1.3608	5.0813	4.4281	-3.9603	1.0
1	159	2.1555	2.084	4.1185	-9.0119	1.0
1	160	1.5139	4.4374	3.7593	-3.1565	1.0
1	161	3.8621	2.3157	3.6854	-3.2547	1.0
1	162	4.3618	7.5797	2.3592	-1.39	1.0
1	163	2.1752	2.4232	2.7672	-5.0957	1.0
1	164	2.1274	8.682	2.8877	-1.9539	1.0
1	165	2.1274	8.682	2.8877	-1.9539	1.0
1	166	2.1274	8.682	2.8877	-1.9539	1.0
1	167	1.6386	4.6167	2.3448	-2.0076	1.0
1	168	1.6386	4.6167	2.3448	-2.0076	1.0
1	169	2.6996	4.3339	4.2429	-9.5592	1.0
1	170	2.5188	2.6231	5.649	-5.021	1.0
1	171	3.5895	1.4812	4.0908	-5.0956	1.0
1	172	3.6219	2.7526	4.5715	-7.4542	1.0
1	173	2.2244	1.7534	4.2168	-4.3159	1.0
1	174	2.8534	3.137	4.1678	-5.7812	1.0
1	175	1.1321	3.989	4.0136	-3.1332	1.0
1	176	2.1597	4.1744	4.8489	-4.5145	1.0
1	177	3.0738	2.3237	3.4916	-2.1814	1.0
1	178	1.8126	7.0521	3.4275	-2.1156	1.0
1	179	1.7341	3.8174	4.7247	-2.4019	1.0
1	180	2.3117	2.6593	2.4745	-2.564	1.0
1	181	1.4793	1.4788	4.2962	-7.9336	1.0
1	182	2.7348	3.0972	3.5908	-4.9426	1.0
1	183	3.177	2.5244	3.4644	-2.762	1.0
1	184	1.8512	3.4078	2.5095	-3.1285	1.0
1	185	1.6159	4.3511	2.4451	-1.8932	1.0
1	186	1.4294	2.9633	3.8749	-5.0077	1.0
1	187	2.3611	3.8944	3.288	-2.7607	1.0
1	188	1.8172	4.2105	2.9675	-2.193	1.0
1	189	2.2087	1.6153	5.288	-5.3948	1.0
1	190	1.8631	3.4608	4.9152	-8.7247	1.0
1	191	3.3431	3.3823	2.2373	-4.5008	1.0
1	192	1.1494	2.3938	3.9259	-3.448	1.0
1	193	1.1494	2.3938	3.9259	-3.448	1.0
1	194	1.1468	2.3973	2.8465	-3.1736	1.0
1	195	1.0047	1.8162	4.0542	-3.7734	1.0
1	196	1.5873	1.7016	3.3561	-3.4121	1.0
1	197	1.4481	5.7386	2.7309	-1.5261	1.0
1	198	1.3175	5.776	2.2977	-1.9522	1.0
1	199	1.4338	2.8639	3.031	-4.6733	1.0
1	200	3.6863	1.4829	3.3029	-4.1948	1.0
1	201	2.4508	1.1996	2.8914	-3.3527	1.0
1	202	3.4296	0.8579	3.2073	-4.7891	1.0
1	203	2.2796	1.4265	3.5196	-3.8121	1.0
1	204	1.8675	3.0858	3.7686	-4.2444	1.0
1	205	1.8675	3.0858	3.7686	-4.2444	1.0
1	206	2.007	2.935	3.3868	-3.3871	1.0
1	207	1.8748	6.4731	2.7229	-1.836	1.0
1	208	1.8748	6.4731	2.7229	-1.836	1.0
1	209	1.6608	9.0119	2.8179	-3.1649	1.0
1	210	2.2904	4.047	2.5563	-2.7704	1.0
1	211	1.7727	3.5103	4.5684	-4.7138	1.0
1	212	3.2003	5.8871	3.7216	-2.0266	1.0
1	213	3.7567	4.5886	3.2521	-5.1637	1.0
1	214	0.8679	3.6177	3.0259	-2.5504	1.0
1	215	0.8679	3.6177	3.0259	-2.5504	1.0
1	216	0.9919	4.6737	3.5574	-5.6217	1.0
1	217	2.5557	5.4658	3.1167	-3.8098	1.0
1	218	1.6209	5.3998	3.1305	-3.7072	1.0
1	219	1.6209	5.3998	3.1305	-3.7072	1.0
1	220	1.4746	2.1944	3.635	-3.8981	1.0
1	221	1.4746	2.1944	3.635	-3.8981	1.0
1	222	1.9793	2.2652	3.8272	-5.1139	1.0
1	223	1.9793	2.2652	3.8272	-5.1139	1.0
1	224	3.4112	2.2884	3.0655	-5.3924	1.0
1	225	0.913	1.6473	3.8127	-3.4844	1.0
1	226	0.8194	3.5615	3.8107	-2.1825	1.0
1	227	1.243	5.8542	2.8861	-2.9769	1.0
1	228	0.885	3.3381	5.4978	-4.2936	1.0
1	229	0.6258	4.404	2.5817	-2.2954	1.0
1	230	1.6341	2.5449	3.8052	-2.9001	1.0
1	231	2.4348	4.2722	2.9912	-2.1548	1.0
1	232	2.0834	6.2269	3.3906	-2.3583	1.0
1	233	1.287	8.9869	2.5274	-1.3386	1.0
1	234	1.287	8.9869	2.5274	-1.3386	1.0
1	235	2.5572	2.8394	2.8238	-3.1638	1.0
1	236	2.2039	3.9472	2.0734	-2.9072	1.0
1	237	2.6267	3.9394	2.13	-2.2566	1.0
1	238	0.7477	2.7463	3.7306	-2.104	1.0
1	239	1.5251	3.1617	2.3489	-2.9367	1.0
1	240	1.9935	1.862	2.5613	-4.8184	1.0
1	241	2.7514	2.7673	2.8158	-2.0812	1.0
1	242	2.7514	2.7673	2.8158	-2.0812	1.0
1	243	0.958	6.6892	2.6765	-1.8773	1.0
1	244	2.1054	2.0934	3.0991	-2.4892	1.0
1	245	1.4727	3.5553	4.3202	-5.7372	1.0
1	246	0.9222	3.4712	3.9915	-2.0218	1.0
1	247	3.2234	3.9659	3.1659	-3.6672	1.0
1	248	2.7913	2.3498	4.2357	-7.9111	1.0
1	249	3.0118	6.6801	4.0239	-5.4489	1.0
1	250	1.3456	3.8797	3.8673	-4.0468	1.0
1	251	1.1638	2.5832	4.515	-5.3419	1.0
1	252	0.5641	5.7948	2.7681	-1.5919	1.0
1	253	1.6903	2.2743	3.2445	-5.4151	1.0
1	254	1.156	1.9438	4.0976	-5.196	1.0
1	255	1.507	2.3744	5.5863	-6.6576	1.0
1	256	1.3231	2.3355	3.7706	-7.1101	1.0
1	257	1.579	3.7885	2.9472	-4.0485	1.0
1	258	1.4671	4.033	3.616	-2.6092	1.0
1	259	1.4671	4.033	3.616	-2.6092	1.0
1	260	1.8897	2.0179	3.0466	-3.6065	1.0
1	261	1.0852	4.4694	3.5921	-3.955	1.0
1	262	1.824	2.5498	3.9352	-5.7872	1.0
1	263	3.17	4.0677	4.7176	-10.5549	1.0
1	264	3.0496	7.1234	3.2998	-6.1441	1.0
1	265	4.1362	5.7611	3.6299	-9.1777	1.0
1	266	4.4002	6.535	3.4483	-8.8425	1.0
1	267	3.3199	3.6502	2.1825	-4.2164	1.0
1	268	2.3297	7.455	4.4924	-4.5659	1.0
1	269	1.1852	2.0556	3.0959	-3.7605	1.0
1	270	0.7782	5.3023	3.3951	-2.038	1.0
1	271	1.9614	3.8269	2.9371	-2.7683	1.0
1	272	1.7134	1.7019	3.6479	-2.5744	1.0
1	273	0.7033	4.8066	3.69	-2.6352	1.0
1	274	1.0178	3.6936	3.0431	-3.0854	1.0
1	275	2.8853	3.7178	2.8845	-2.2919	1.0
1	276	3.129	1.1612	3.1822	-7.609	1.0
1	277	2.5607	1.4919	4.0711	-4.0318	1.0
1	278	2.3043	5.4376	2.1138	-2.3012	1.0
1	279	1.2393	7.6334	3.3442	-1.7164	1.0
1	280	1.2393	7.6334	3.3442	-1.7164	1.0
1	281	1.4554	5.2005	3.2573	-1.8485	1.0
1	282	0.6435	3.8197	2.6926	-1.2924	1.0
1	283	1.3054	1.6898	2.8594	-3.5909	1.0
1	284	4.5239	1.9832	2.1045	-4.5204	1.0
1	285	2.1135	4.1363	3.8587	-6.1524	1.0
1	286	1.9977	4.5441	1.9274	-2.8693	1.0
1	287	1.9977	4.5441	1.9274	-2.8693	1.0
1	288	0.5115	2.7194	4.1832	-2.5727	1.0
1	289	1.1484	2.1096	3.5415	-2.4402	1.0
1	290	1.6839	1.5425	3.6923	-3.477	1.0
1	291	1.8923	1.2424	4.6035	-5.3296	1.0
1	292	0.5016	4.1278	3.8059	-2.5827	1.0
1	293	2.047	3.3071	2.6928	-2.7116	1.0
1	294	2.5266	3.642	3.6405	-2.2066	1.0
1	295	1.4171	2.726	3.6523	-2.7677	1.0
1	296	2.6192	8.534	2.8043	-3.851	1.0
1	297	1.0265	6.476	2.5755	-2.2869	1.0
1	298	1.6694	8.0879	4.7828	-4.4244	1.0
1	299	2.2008	4.8691	4.6291	-5.012	1.0
1	300	2.1383	5.0707	4.1951	-4.7302	1.0
1	301	2.8922	2.1943	3.4818	-3.2082	1.0
1	302	3.0219	3.1555	2.845	-2.1682	1.0
1	303	2.4595	1.9673	5.4818	-5.368	1.0
1	304	2.8313	2.2713	5.733	-5.7209	1.0
1	305	5.2005	5.0711	2.8651	-6.2117	1.0
1	306	5.2005	5.0711	2.8651	-6.2117	1.0
1	307	1.6056	5.6995	3.4122	-1.5638	1.0
1	308	0.7537	1.7647	3.1097	-5.696	1.0
1	309	0.6539	1.375	4.5626	-3.4295	1.0
1	310	0.5771	1.7218	4.2276	-3.7726	1.0
1	311	0.8033	6.4464	3.4272	-3.1466	1.0
1	312	0.9535	8.9321	2.8126	-1.8131	1.0
1	313	1.3169	4.2255	5.8682	-5.4076	1.0
1	314	1.65	1.7076	3.505	-6.3236	1.0
1	315	2.0597	1.7766	5.3578	-3.3031	1.0
1	316	2.8227	2.4475	4.4075	-5.7166	1.0
1	317	1.8095	2.7909	5.3035	-6.1032	1.0
1	318	1.4998	9.1223	4.9868	-5.2242	1.0
1	319	1.3864	9.5919	3.08	-3.6004	1.0
1	320	2.8729	6.2512	2.9023	-2.541	1.0
1	321	2.1723	2.3114	3.3617	-5.5115	1.0
1	322	1.2164	2.3831	4.3735	-6.0478	1.0
1	323	0.5806	2.8051	3.3136	-3.3442	1.0
1	324	2.701	5.9589	3.1214	-1.5603	1.0
1	325	1.994	7.1507	3.2906	-2.6775	1.0
1	326	1.5345	4.123	4.8145	-3.2706	1.0
1	327	2.0262	1.4409	2.6583	-4.2687	1.0
1	328	1.231	5.4622	3.8531	-2.6725	1.0
1	329	0.8668	3.2596	4.8946	-5.1228	1.0
1	330	0.9355	5.4299	3.8171	-7.7802	1.0
1	331	0.892	2.2155	3.249	-6.8942	1.0
1	332	1.3265	1.5049	4.4541	-5.2059	1.0
1	333	1.4377	2.8602	3.5134	-3.5625	1.0
1	334	1.8067	2.7055	2.795	-1.9276	1.0
1	335	1.346	4.02	2.7429	-1.6577	1.0
1	336	0.7173	2.2564	4.2228	-5.9353	1.0
1	337	0.8841	4.0421	4.9363	-2.3957	1.0
1	338	0.9423	2.9936	5.6587	-3.1134	1.0
1	339	2.3528	2.9518	4.4811	-5.9136	1.0
1	340	2.9088	3.4286	3.1892	-1.8804	1.0
1	341	2.3276	2.3353	4.485	-2.524	1.0
1	342	1.4034	3.1551	3.276	-2.2695	1.0
1	343	2.2577	3.9327	3.274	-3.9662	1.0
1	344	1.6395	4.2533	3.1886	-1.8055	1.0
1	345	1.668	2.0494	5.1363	-9.7395	1.0
1	346	2.811	1.7736	5.0315	-5.9109	1.0
1	347	2.2436	1.422	4.7614	-4.418	1.0
1	348	2.7562	1.7062	5.0778	-5.3021	1.0
1	349	1.4241	3.2287	4.8257	-1.8521	1.0
1	350	2.0417	2.4742	5.4078	-5.8955	1.0
1	351	1.1661	3.2146	5.6799	-2.7988	1.0
1	352	1.0564	3.4523	5.8223	-6.1041	1.0
1	353	1.6537	4.4331	4.1532	-3.3237	1.0
1	354	2.2232	7.5411	4.1734	-2.7341	1.0
1	355	1.5274	3.2849	5.0463	-2.5042	1.0
1	356	0.4626	2.2497	4.6031	-3.0457	1.0
1	357	1.7446	3.6043	3.7733	-3.2741	1.0
1	358	1.9557	5.8864	5.2297	-5.2214	1.0
1	359	2.1582	8.3592	4.4402	-5.3207	1.0
1	360	1.2315	3.8316	5.6506	-3.2039	1.0
1	361	1.4039	2.7775	5.6133	-4.737	1.0
1	362	0.8112	2.3986	4.1108	-3.2159	1.0
1	363	0.9283	6.0181	3.0435	-3.4852	1.0
1	364	1.0259	5.1105	1.9724	-1.9969	1.0
1	365	2.0117	2.3907	4.0816	-3.7521	1.0
1	366	3.6068	3.1659	3.1407	-3.0337	1.0
1	367	1.4037	3.5504	4.2254	-3.0296	1.0
1	368	2.1753	3.1609	3.7329	-2.3434	1.0
1	369	2.7422	4.1585	2.5539	-1.7781	1.0
1	370	0.861	3.4392	5.4591	-2.7363	1.0
1	371	1.471	8.484	3.0847	-2.1311	1.0
1	372	1.1031	4.3515	4.6211	-7.2734	1.0
1	373	3.5403	6.7641	3.0532	-3.1157	1.0
1	374	3.5403	6.7641	3.0532	-3.1157	1.0
1	375	4.7802	8.8027	2.6385	-8.973	1.0
1	376	3.0412	6.251	3.0323	-8.5191	1.0
1	377	2.7561	4.7501	2.968	-3.7189	1.0
1	378	2.0129	3.1923	3.4488	-7.1321	1.0
1	379	1.3774	4.3324	4.0791	-4.4663	1.0
1	380	1.6451	2.6669	4.1026	-9.2412	1.0
1	381	2.8516	2.1687	4.1653	-8.0849	1.0
1	382	1.9247	2.9722	3.2626	-4.1767	1.0
1	383	2.1322	4.4554	3.2083	-1.7835	1.0
1	384	2.1322	4.4554	3.2083	-1.7835	1.0
1	385	3.1691	1.879	2.9494	-5.3098	1.0
1	386	2.568	2.8492	3.344	-2.6652	1.0
1	387	3.1322	3.0768	3.1839	-5.2339	1.0
1	388	2.046	9.5181	2.9103	-1.7474	1.0
1	389	2.046	9.5181	2.9103	-1.7474	1.0
1	390	2.046	9.5181	2.9103	-1.7474	1.0
1	391	2.1783	3.732	2.4863	-1.8484	1.0
1	392	1.181	6.4366	2.3065	-1.6872	1.0
1	393	3.4973	3.0902	2.7962	-5.5194	1.0
1	394	2.4531	2.5135	3.0814	-5.0407	1.0
1	395	1.458	1.9557	4.5774	-3.6282	1.0
1	396	0.959	3.4452	5.4269	-2.6819	1.0
1	397	1.7554	2.0835	4.9362	-9.1099	1.0
1	398	1.7213	3.4632	2.9664	-2.7854	1.0
1	399	1.6693	2.4992	2.7455	-2.7864	1.0
1	400	1.3978	2.3005	4.4434	-4.7741	1.0
1	401	1.0243	3.7687	4.0973	-4.1535	1.0
1	402	1.2813	4.9761	3.4911	-3.2464	1.0
1	403	0.6779	1.6022	3.3707	-4.2654	1.0
1	404	1.0087	4.0989	4.4393	-3.9172	1.0
1	405	1.2812	7.5865	2.7944	-1.9503	1.0
1	406	1.2812	7.5865	2.7944	-1.9503	1.0
1	407	1.2812	7.5865	2.7944	-1.9503	1.0
1	408	1.916	1.6668	3.8826	-5.1467	1.0
1	409	1.4408	3.1843	3.866	-4.191	1.0
1	410	2.1022	1.7838	4.2778	-5.2109	1.0
1	411	2.3595	2.9923	4.8473	-11.4979	1.0
1	412	1.1842	3.7286	4.8718	-8.2935	1.0
1	413	1.8169	8.7544	4.9139	-6.4833	1.0
1	414	3.8905	8.4963	5.249	-9.2432	1.0
1	415	3.8905	8.4963	5.249	-9.2432	1.0
1	416	1.9336	1.3834	4.4877	-8.3333	1.0
1	417	4.3419	4.74	2.7409	-1.7355	1.0
1	418	2.8756	7.6955	3.273	-3.567	1.0
1	419	1.5585	4.1555	2.8877	-5.3355	1.0
1	420	4.8401	2.7336	1.8405	-2.4095	1.0
1	421	1.3344	4.387	2.4682	-1.5324	1.0
1	422	1.7646	2.3238	3.6907	-4.3243	1.0
1	423	1.7646	2.3238	3.6907	-4.3243	1.0
1	424	1.2599	1.8076	3.2595	-3.3378	1.0
1	425	0.7648	4.3446	3.3066	-1.6428	1.0
1	426	1.3488	4.2293	2.8099	-1.8394	1.0
1	427	1.2066	2.0733	3.4626	-4.619	1.0
1	428	1.41	1.7167	3.1438	-2.8578	1.0
1	429	1.6895	5.6721	3.6841	-2.2123	1.0
1	430	1.7835	2.2786	4.4728	-6.0911	1.0
1	431	1.9092	1.8513	3.5946	-4.5032	1.0
1	432	1.6912	2.3929	4.7411	-6.1385	1.0
1	433	1.624	4.0347	3.8141	-3.0501	1.0
1	434	2.0571	3.5133	2.3085	-3.0799	1.0
1	435	1.5601	7.2963	2.5629	-2.7145	1.0
1	436	1.553	3.1015	3.0218	-3.1163	1.0
1	437	1.553	3.1015	3.0218	-3.1163	1.0
1	438	1.136	2.305	2.5742	-1.7679	1.0
1	439	1.9659	5.1248	3.379	-2.1976	1.0
1	440	3.3167	6.9246	4.2836	-4.5663	1.0
1	441	1.3747	7.8067	2.4248	-3.7069	1.0
1	442	3.0445	4.8788	2.1764	-3.0603	1.0
1	443	3.6995	2.0643	4.2691	-4.4054	1.0
1	444	1.3144	1.5917	5.3308	-2.1587	1.0
1	445	1.3144	1.5917	5.3308	-2.1587	1.0
1	446	0.6279	2.253	2.7046	-3.6464	1.0
1	447	0.6434	2.2489	4.0378	-4.0332	1.0
1	448	2.6017	2.2671	4.0337	-3.5676	1.0
1	449	2.5976	3.3423	2.753	-2.9301	1.0
1	450	0.9677	2.062	3.8563	-3.5202	1.0
1	451	1.2403	4.5128	3.0152	-2.7643	1.0
1	452	1.0454	7.8384	3.488	-1.8751	1.0
1	453	1.8812	8.7564	2.8788	-1.5962	1.0
1	454	1.2285	3.0729	4.3385	-4.4708	1.0
1	455	0.9797	3.7859	4.41	-3.5663	1.0
1	456	1.7818	3.8183	3.7443	-2.3165	1.0
1	457	1.7818	3.8183	3.7443	-2.3165	1.0
1	458	2.6954	6.2831	2.2665	-1.4881	1.0
1	459	0.8897	2.5327	4.8791	-5.6816	1.0
1	460	0.8211	3.4177	5.2544	-4.7583	1.0
1	461	0.7633	2.0224	3.2767	-3.6334	1.0
1	462	0.8057	7.8734	4.6318	-5.9856	1.0
1	463	1.7091	5.055	3.7602	-6.5185	1.0
1	464	2.0866	6.5722	4.2028	-5.9618	1.0
1	465	2.0187	5.2381	4.779	-5.4133	1.0
1	466	1.8366	5.2691	2.366	-2.3645	1.0
1	467	1.227	3.8535	4.3563	-4.5391	1.0
1	468	1.6504	5.0076	2.2309	-2.2451	1.0
1	469	1.3127	3.6997	3.9599	-7.3403	1.0
1	470	2.0125	3.5421	4.7572	-7.5138	1.0
1	471	1.2247	6.5757	3.1166	-7.6542	1.0
1	472	1.5432	2.9861	2.6885	-5.6474	1.0
1	473	2.5778	3.5251	2.5177	-3.6794	1.0
1	474	2.6195	3.9027	3.3989	-5.5071	1.0
1	475	1.8313	1.7876	3.0303	-3.2258	1.0
1	476	1.1774	5.2141	4.513	-1.8495	1.0
1	477	0.8328	2.915	4.08	-2.1913	1.0
1	478	1.3585	2.1223	3.6354	-2.4355	1.0
1	479	1.476	2.0548	3.8632	-3.1648	1.0
1	480	2.1387	2.6131	3.1347	-3.3646	1.0
1	481	1.6047	2.3443	3.724	-5.2899	1.0
1	482	1.6047	2.3443	3.724	-5.2899	1.0
1	483	2.0626	1.7253	4.5927	-5.5859	1.0
1	484	1.6222	4.6113	3.8479	-2.5166	1.0
1	485	2.2361	2.7356	3.4356	-4.2473	1.0
1	486	2.2361	2.7356	3.4356	-4.2473	1.0
1	487	2.4729	2.4632	3.5088	-3.8512	1.0
1	488	1.6682	4.0643	4.0535	-4.2676	1.0
1	489	2.1474	2.4655	4.8928	-4.0048	1.0
1	490	0.9369	6.8579	3.294	-2.2865	1.0
1	491	1.7891	6.7115	2.9019	-2.0961	1.0
1	492	1.1971	4.2145	3.603	-3.6967	1.0
1	493	1.264	2.8867	4.1121	-3.9554	1.0
1	494	1.7011	1.5077	3.7158	-5.8965	1.0
1	495	1.9688	2.5109	4.8998	-5.4624	1.0
1	496	1.7684	2.3762	2.8433	-2.9465	1.0
1	497	2.5497	7.934	2.9028	-2.8561	1.0
1	498	1.9673	4.8032	2.5963	-2.0963	1.0
1	499	1.8768	9.5258	4.2605	-5.0958	1.0
1	500	2.5407	7.1228	2.6202	-4.0947	1.0
1	501	2.8928	2.6012	3.3941	-3.3143	1.0
1	502	2.5554	1.8984	4.1015	-3.1769	1.0
1	503	0.9642	2.9084	3.8066	-5.6345	1.0
1	504	1.2423	9.5398	3.5392	-2.7037	1.0
1	505	0.6172	3.1165	4.0985	-2.3607	1.0
1	506	0.7013	2.4291	5.0724	-8.6468	1.0
1	507	0.8283	2.5263	3.9059	-3.8982	1.0
1	508	1.8611	5.7208	4.3096	-5.1349	1.0
1	509	1.8611	5.7208	4.3096	-5.1349	1.0
1	510	1.8939	5.2519	2.9721	-3.3383	1.0
1	511	1.3129	3.8055	3.2668	-3.0448	1.0
1	512	2.187	4.5435	4.0884	-3.4403	1.0
1	513	4.9427	2.5991	2.9797	-3.2125	1.0
1	514	2.8658	4.0317	3.5233	-4.7908	1.0
1	515	2.202	4.2342	3.0642	-2.8922	1.0
1	516	2.0097	5.4961	3.0613	-2.3077	1.0
1	517	2.6438	2.1149	4.0669	-5.1793	1.0
1	518	2.1911	5.212	5.9976	-5.692	1.0
1	519	1.7728	4.6251	2.1343	-1.2829	1.0
1	520	2.9582	8.7473	2.9564	-1.9612	1.0
1	521	2.3846	8.1042	1.863	-1.885	1.0
1	522	2.2734	5.2557	3.2758	-3.5087	1.0
1	523	1.5327	5.6116	3.7594	-6.5787	1.0
1	524	1.4275	2.9402	3.1844	-3.6362	1.0
1	525	1.7411	9.1928	3.6009	-1.471	1.0
1	526	2.1024	2.7571	2.5933	-1.8337	1.0
1	527	1.1245	2.5689	3.2345	-3.7762	1.0
1	528	1.1245	2.5689	3.2345	-3.7762	1.0
1	529	2.4585	5.381	2.7587	-1.9961	1.0
1	530	3.2395	3.9663	3.5264	-3.4253	1.0
1	531	2.5997	4.0703	4.7089	-6.1257	1.0
1	532	1.2758	5.4727	3.3911	-1.5964	1.0
1	533	1.7394	4.5738	3.5384	-6.0486	1.0
1	534	4.0967	9.0574	3.0413	-4.7023	1.0
1	535	3.5257	4.6292	3.358	-2.9939	1.0
1	536	2.2387	3.241	5.2906	-5.1039	1.0
1	537	1.6213	2.5663	4.2018	-5.5838	1.0
1	538	0.8049	2.4892	3.4509	-2.427	1.0
1	539	1.2346	3.7279	2.7813	-3.5158	1.0
1	540	3.6379	7.4072	2.7731	-1.5224	1.0
1	541	1.6785	6.186	3.3799	-2.5967	1.0
1	542	2.4074	5.5556	4.0841	-4.4058	1.0
1	543	2.531	5.2779	2.0929	-4.518	1.0
1	544	1.563	2.2085	2.5707	-6.2714	1.0
1	545	2.0222	7.6532	2.8618	-4.0763	1.0
1	546	2.2205	5.2093	2.0979	-1.3625	1.0
1	547	1.2636	4.306	3.8538	-2.2663	1.0
1	548	0.6817	1.9951	2.9643	-6.5921	1.0
1	549	1.1437	3.2042	3.6286	-7.0494	1.0
1	550	1.5332	6.1303	3.0531	-1.5882	1.0
1	551	2.6463	6.07	2.378	-2.0453	1.0
1	552	3.0817	2.5579	3.643	-3.6912	1.0
1	553	2.8299	4.6539	2.4837	-1.7538	1.0
1	554	2.8299	4.6539	2.4837	-1.7538	1.0
1	555	0.9963	3.5662	3.2983	-3.9974	1.0
1	556	1.8666	4.5758	3.5886	-2.9849	1.0
1	557	1.0885	3.8946	3.0949	-1.9013	1.0
1	558	0.8978	6.2149	3.2228	-1.9234	1.0
1	559	0.8978	6.2149	3.2228	-1.9234	1.0
1	560	0.6803	4.4304	2.935	-2.1544	1.0
1	561	1.0657	2.39	3.0981	-4.597	1.0
1	562	1.6196	3.3124	3.2608	-4.432	1.0
1	563	2.2166	1.1275	4.3779	-3.5953	1.0
1	564	4.3112	1.6962	2.8043	-5.3327	1.0
1	565	4.6879	1.5836	2.3897	-5.3171	1.0
1	566	2.3222	1.3047	3.1878	-4.9113	1.0
1	567	2.6977	5.6037	5.4425	-7.7042	1.0
1	568	4.1085	8.0216	3.0548	-5.7802	1.0
1	569	4.5672	2.6421	2.64	-2.9555	1.0
1	570	2.1369	3.2126	2.7311	-4.7336	1.0
1	571	0.7915	4.4737	3.3883	-2.1857	1.0
1	572	1.1118	6.3075	3.4651	-1.8569	1.0
1	573	1.4513	8.6939	2.5709	-1.8579	1.0
1	574	1.7269	7.9348	2.6245	-1.6194	1.0
1	575	1.7269	7.9348	2.6245	-1.6194	1.0
1	576	1.3963	5.4655	3.7699	-1.5831	1.0
1	577	1.9348	4.1477	4.5961	-6.9501	1.0
1	578	1.2848	5.3477	3.0245	-1.6009	1.0
1	579	1.2848	5.3477	3.0245	-1.6009	1.0
1	580	2.2585	3.0718	4.8243	-5.0739	1.0
1	581	2.4701	2.7192	3.2277	-5.129	1.0
1	582	1.5471	2.4583	2.9354	-1.524	1.0
1	583	0.8134	7.1683	3.4048	-2.1834	1.0
1	584	1.6321	4.3552	3.0685	-3.5339	1.0
1	585	1.6124	2.3919	3.463	-4.5632	1.0
1	586	1.0654	5.8501	3.7277	-4.994	1.0
1	587	0.9281	5.2878	4.0603	-4.1045	1.0
1	588	1.1502	5.1294	4.5196	-2.207	1.0
1	589	2.2823	2.8606	5.0471	-2.8485	1.0
1	590	1.635	2.3037	3.8319	-2.9299	1.0
1	591	1.635	2.3037	3.8319	-2.9299	1.0
1	592	2.9012	0.6953	3.352	-5.0108	1.0
1	593	2.095	2.8428	3.1787	-4.4499	1.0
1	594	0.8005	6.213	5.7559	-6.2306	1.0
1	595	1.4856	3.7802	5.2555	-3.2566	1.0
1	596	1.3317	4.9688	3.8964	-8.7717	1.0
1	597	1.3317	4.9688	3.8964	-8.7717	1.0
1	598	0.7948	5.2644	4.1676	-8.5802	1.0
1	599	0.9201	4.0696	5.01	-4.8223	1.0
1	600	4.0693	1.5149	3.1376	-2.2336	1.0
1	601	1.2438	2.0378	3.1152	-3.2683	1.0
1	602	0.924	2.339	3.589	-3.5375	1.0
1	603	3.4639	2.5877	4.0653	-6.1116	1.0
1	604	3.4083	3.4581	2.0405	-4.2021	1.0
1	605	2.0264	3.2177	3.6187	-2.8328	1.0
1	606	2.2684	1.795	3.2166	-2.7038	1.0
1	607	2.6347	3.4126	2.2474	-2.9445	1.0
1	608	1.8333	2.5434	2.4237	-1.8849	1.0
1	609	0.8055	3.4022	4.7198	-2.561	1.0
1	610	2.7818	6.7955	4.554	-8.7799	1.0
1	611	1.2155	1.6508	4.5832	-8.2787	1.0
1	612	0.8665	3.553	5.8104	-6.4163	1.0
1	613	2.0696	2.6785	2.8163	-3.4293	1.0
1	614	2.1064	5.5881	2.8003	-3.3919	1.0
1	615	2.5984	5.2468	2.8275	-4.0359	1.0
1	616	1.2264	1.5453	3.7354	-6.4242	1.0
1	617	2.3758	1.3857	3.2312	-3.7699	1.0
1	618	2.3758	1.3857	3.2312	-3.7699	1.0
1	619	2.7101	4.4997	3.388	-1.6902	1.0
1	620	0.603	2.4203	4.2189	-2.5127	1.0
1	621	0.603	2.4203	4.2189	-2.5127	1.0
1	622	1.885	5.1155	2.3989	-3.9898	1.0
1	623	1.1304	5.7822	3.6493	-4.6355	1.0
1	624	4.175	3.3337	2.2571	-6.26	1.0
1	625	3.7473	4.107	2.97	-4.684	1.0
1	626	1.0708	4.2778	3.6031	-4.2507	1.0
1	627	1.3216	3.1681	3.6931	-5.2468	1.0
1	628	1.1059	5.4768	3.3625	-2.2853	1.0
1	629	1.5939	5.8015	3.5271	-3.5595	1.0
1	630	1.5345	3.1594	3.9439	-5.8339	1.0
1	631	0.9257	2.4311	5.1151	-2.9319	1.0
1	632	0.5288	3.6385	4.273	-6.0682	1.0
1	633	2.078	3.1673	3.7218	-5.8045	1.0
1	634	3.5664	3.3368	2.4306	-3.4523	1.0
1	635	1.5006	2.9288	3.814	-2.2104	1.0
1	636	1.7714	2.0777	4.4221	-5.5571	1.0
1	637	1.77	1.6413	3.1137	-5.8026	1.0
1	638	4.3043	2.8812	2.1966	-4.3603	1.0
1	639	1.4846	4.137	3.4828	-4.4258	1.0
1	640	1.9657	1.4813	5.4646	-6.5975	1.0
1	641	2.908	3.6578	2.8697	-3.6361	1.0
1	642	2.1429	2.818	2.8855	-2.9591	1.0
1	643	2.8315	4.1658	2.8042	-2.3827	1.0
1	644	3.366	2.5518	3.1077	-6.4405	1.0
1	645	1.1321	2.2002	3.9285	-2.9108	1.0
1	646	2.4068	3.9921	3.0209	-3.2956	1.0
1	647	1.9526	3.1556	4.2915	-3.1763	1.0
1	648	3.2142	4.2491	3.2109	-2.4941	1.0
1	649	1.6228	3.5531	3.6078	-4.7183	1.0
1	650	1.1009	3.8394	3.2706	-3.0951	1.0
1	651	3.7778	3.9531	2.3685	-1.737	1.0
1	652	1.0763	3.5468	5.1621	-2.0557	1.0
1	653	1.5071	4.099	3.6057	-2.1962	1.0
1	654	2.7288	3.7612	2.5773	-2.0393	1.0
1	655	0.6207	4.4353	4.1206	-3.2374	1.0
1	656	1.209	3.0449	3.7681	-2.4811	1.0
1	657	1.5022	1.807	3.4447	-2.7853	1.0
1	658	1.5341	2.6135	3.704	-2.176	1.0
1	659	1.2388	1.9791	4.1627	-5.1383	1.0
1	660	2.1264	4.8675	3.7261	-2.0052	1.0
1	661	1.2109	8.8377	3.4078	-1.4942	1.0
1	662	1.6999	8.8682	5.1376	-5.1014	1.0
1	663	2.3691	2.6289	3.7908	-6.0553	1.0
1	664	2.0172	3.4664	2.7258	-3.4922	1.0
1	665	2.2714	6.2818	3.7166	-5.9569	1.0
1	666	1.0427	2.3519	5.7724	-4.9119	1.0
1	667	2.6923	2.3642	3.2725	-2.7223	1.0
1	668	1.4782	4.2279	4.2101	-2.0997	1.0
1	669	3.0925	7.5484	1.6347	-1.0509	1.0
1	670	1.2909	1.834	4.433	-9.218	1.0
1	671	2.9348	2.4603	4.2896	-10.0162	1.0
1	672	4.6421	1.2057	2.8306	-5.352	1.0
1	673	5.0021	3.9915	2.1132	-5.1982	1.0
1	674	1.9299	4.4872	2.3218	-2.1757	1.0
1	675	1.2626	4.8865	2.7928	-1.9382	1.0
1	676	1.2719	4.7289	2.6045	-2.654	1.0
1	677	1.0047	8.5801	2.3452	-1.4804	1.0
1	678	2.2442	3.0094	2.7877	-2.7348	1.0
1	679	1.3057	1.8957	3.2657	-4.7526	1.0
1	680	3.0939	8.5297	4.1071	-5.9122	1.0
1	681	3.0939	8.5297	4.1071	-5.9122	1.0
1	682	1.8563	9.2272	3.3454	-1.3189	1.0
1	683	1.5493	4.4149	2.3561	-1.3372	1.0
1	684	2.7914	6.9652	2.1189	-2.1021	1.0
1	685	3.2493	3.4134	3.3902	-3.5331	1.0
1	686	4.1016	3.1262	2.7664	-1.6536	1.0
1	687	5.4461	2.4027	2.9454	-3.054	1.0
1	688	1.3741	1.7411	5.2821	-5.0458	1.0
1	689	1.8784	4.7004	3.1759	-1.9296	1.0
1	690	1.8784	4.7004	3.1759	-1.9296	1.0
1	691	1.8784	4.7004	3.1759	-1.9296	1.0
1	692	3.7697	7.8974	2.3697	-1.3807	1.0
1	693	3.5588	1.7353	4.8917	-2.5537	1.0
1	694	2.2816	1.4017	5.3617	-5.3474	1.0
1	695	1.6517	2.7644	4.6035	-3.9096	1.0
1	696	1.6617	3.6552	4.0173	-3.6371	1.0
1	697	2.1091	8.0103	2.8458	-1.7843	1.0
1	698	2.2227	5.1098	4.6924	-7.212	1.0
1	699	1.7593	2.7114	3.2926	-3.5397	1.0
1	700	1.2968	8.1613	2.7962	-2.355	1.0
1	701	2.9924	2.4723	5.8225	-3.4085	1.0
1	702	1.9736	2.6652	5.1234	-4.4641	1.0
1	703	2.3934	3.5568	4.3152	-4.6593	1.0
1	704	2.5718	4.8137	3.081	-2.2974	1.0
1	705	1.4401	6.7864	3.9852	-3.8316	1.0
1	706	1.1534	2.4351	2.8064	-3.6722	1.0
1	707	2.4111	3.8993	2.9731	-4.968	1.0
1	708	1.8569	1.6738	3.8879	-4.6726	1.0
1	709	1.3288	3.6398	2.9201	-2.3158	1.0
1	710	2.5107	3.5088	2.8488	-3.5135	1.0
1	711	2.4457	3.2338	2.5954	-3.5803	1.0
1	712	1.6849	3.0139	3.8946	-2.6304	1.0
1	713	1.7301	4.2617	4.7811	-6.436	1.0
1	714	3.257	3.5543	2.6786	-3.6249	1.0
1	715	2.8315	2.1683	2.4505	-4.0404	1.0
1	716	1.5447	2.6094	4.4941	-4.8661	1.0
1	717	1.3486	2.8114	4.5702	-5.0814	1.0
1	718	1.3283	3.8512	2.8486	-2.6167	1.0
1	719	2.1588	1.6433	4.2543	-3.4265	1.0
1	720	1.9185	2.4807	5.6614	-4.197	1.0
1	721	1.5874	2.9195	3.9052	-2.162	1.0
1	722	2.1149	2.7231	4.3586	-4.1511	1.0
1	723	2.3294	4.2724	3.3943	-5.3559	1.0
1	724	1.7039	3.1385	2.9045	-2.9753	1.0
1	725	1.9566	4.8911	2.5092	-2.695	1.0
1	726	1.5345	3.8497	4.0726	-4.4687	1.0
1	727	2.7403	1.7935	2.8121	-5.1838	1.0
1	728	3.1063	2.1636	2.1043	-4.1342	1.0
1	729	1.9653	5.5469	2.419	-1.4979	1.0
1	730	3.7391	5.8235	2.6835	-5.4027	1.0
1	731	1.4951	2.9613	4.1419	-10.1533	1.0
1	732	1.64	2.6034	2.8065	-5.7616	1.0
1	733	1.9589	4.7946	2.6849	-2.1723	1.0
1	734	1.5286	3.6829	3.189	-2.8188	1.0
1	735	2.7637	3.3409	2.6675	-2.3997	1.0
1	736	1.6247	3.1966	3.547	-2.3198	1.0
1	737	1.0162	4.5961	4.2925	-2.6109	1.0
1	738	2.2916	2.2443	2.6979	-4.1951	1.0
1	739	1.6703	3.2126	3.7599	-4.7335	1.0
1	740	1.0583	2.3844	5.2507	-4.9879	1.0
1	741	0.9717	3.953	2.4865	-3.2492	1.0
1	742	0.7921	3.2553	4.581	-3.4523	1.0
1	743	0.8358	8.7173	4.2894	-4.3298	1.0
1	744	1.0648	6.1518	3.8512	-2.0427	1.0
1	745	1.9941	3.8144	2.4519	-1.6298	1.0
1	746	1.5505	8.7787	2.3169	-1.9069	1.0
1	747	1.5505	8.7787	2.3169	-1.9069	1.0
1	748	0.5996	4.0384	3.2523	-2.0542	1.0
1	749	3.6756	6.093	3.9442	-5.9149	1.0
1	750	3.6756	6.093	3.9442	-5.9149	1.0
1	751	1.3083	3.9058	2.8177	-3.5369	1.0
1	752	1.732	7.2723	2.6432	-1.9203	1.0
1	753	1.732	7.2723	2.6432	-1.9203	1.0
1	754	4.5186	3.6309	2.2173	-3.1901	1.0
1	755	3.809	3.5855	2.6627	-5.9247	1.0
1	756	1.2693	2.8285	4.1357	-3.9893	1.0
1	757	2.0145	3.0899	4.0388	-3.4224	1.0
1	758	1.3839	5.899	2.8052	-2.5126	1.0
1	759	1.0236	3.5256	3.6301	-2.2069	1.0
1	760	0.6517	2.7604	5.3443	-3.3368	1.0
1	761	2.0559	2.5725	3.7358	-3.1017	1.0
1	762	2.3054	2.669	4.8368	-5.8813	1.0
1	763	2.237	1.5953	3.7139	-3.8326	1.0
1	764	1.987	3.0089	2.9324	-4.8008	1.0
1	765	0.7703	3.8753	2.8765	-2.1303	1.0
1	766	1.4555	3.0966	2.8165	-2.8343	1.0
1	767	1.6762	3.3557	3.4946	-2.1293	1.0
1	768	1.3742	4.8655	3.3522	-1.7917	1.0
1	769	1.677	8.3056	3.1145	-2.6564	1.0
1	770	2.0053	7.0241	2.2639	-1.6357	1.0
1	771	2.0135	5.8328	3.6603	-4.8264	1.0
1	772	1.9666	2.8439	3.5033	-2.292	1.0
1	773	1.157	1.6893	3.5494	-2.5525	1.0
1	774	1.268	3.9155	2.5119	-1.5918	1.0
1	775	2.0221	8.0358	2.6527	-2.0719	1.0
1	776	1.1408	3.6385	3.5016	-3.2825	1.0
1	777	3.0641	1.8486	3.675	-3.3141	1.0
1	778	2.0793	3.9605	3.169	-2.2056	1.0
1	779	2.5882	3.5716	3.1601	-2.4934	1.0
1	780	2.5882	3.5716	3.1601	-2.4934	1.0
1	781	1.8824	4.4756	2.5502	-2.9199	1.0
1	782	1.9363	5.588	2.779	-2.3141	1.0
1	783	4.004	2.143	3.7983	-3.1929	1.0
1	784	1.8621	4.3248	5.2	-2.3	1.0
1	785	3.9753	3.1003	5.5357	-6.9992	1.0
1	786	4.3513	3.1609	5.2947	-9.6014	1.0
1	787	1.5557	6.6135	3.4988	-5.3477	1.0
1	788	3.2338	2.2347	3.8585	-8.8279	1.0
1	789	0.7807	3.4816	5.2767	-6.4955	1.0
1	790	1.7978	5.9018	2.8798	-2.6367	1.0
1	791	1.7978	5.9018	2.8798	-2.6367	1.0
1	792	1.9907	6.376	3.449	-4.1836	1.0
1	793	1.273	3.0202	3.2901	-2.2896	1.0
1	794	2.2318	3.4443	2.5054	-3.451	1.0
1	795	1.7581	6.6878	3.9072	-2.2869	1.0
1	796	3.9416	3.2163	3.7381	-4.633	1.0
1	797	1.3359	2.5891	4.3478	-2.1144	1.0
1	798	2.1052	1.9206	2.5334	-3.0609	1.0
1	799	2.167	1.9604	2.9362	-6.7869	1.0
1	800	2.075	2.6319	2.4438	-2.4528	1.0
1	801	2.4676	1.9044	4.9444	-4.3482	1.0
1	802	0.913	1.7291	2.9155	-2.4112	1.0
1	803	0.827	3.0834	4.7655	-4.2433	1.0
1	804	1.2104	1.811	2.9585	-4.0293	1.0
1	805	2.0085	3.8412	5.1416	-7.4273	1.0
1	806	1.6717	4.239	4.1073	-4.1223	1.0
1	807	0.8733	2.8483	4.6484	-4.2699	1.0
1	808	0.8789	5.1674	3.5149	-2.62	1.0
1	809	2.938	3.846	3.3498	-3.1125	1.0
1	810	2.2726	6.6944	3.6759	-2.4222	1.0
1	811	0.7891	5.8549	4.9262	-3.1762	1.0
1	812	0.8832	3.5055	4.0145	-5.235	1.0
1	813	2.3044	3.9502	2.3031	-2.0242	1.0
1	814	2.7296	3.5886	2.2032	-2.9355	1.0
1	815	2.5268	5.7816	2.217	-2.4797	1.0
1	816	1.8882	4.6238	2.233	-1.9055	1.0
1	817	1.8882	4.6238	2.233	-1.9055	1.0
1	818	2.2554	2.5615	4.0034	-3.0289	1.0
1	819	2.2554	2.5615	4.0034	-3.0289	1.0
1	820	1.7682	1.3647	3.0589	-2.9302	1.0
1	821	0.6289	7.1069	2.2849	-2.1516	1.0
1	822	1.708	1.3922	3.3835	-5.7432	1.0
1	823	1.8235	2.465	5.3311	-9.5906	1.0
1	824	3.1548	2.8476	4.2466	-4.3832	1.0
1	825	2.7894	7.227	3.2822	-2.0351	1.0
1	826	2.0143	1.8502	3.3124	-4.9823	1.0
1	827	2.4593	2.2621	3.7537	-5.638	1.0
1	828	1.6772	1.9051	3.9675	-5.6965	1.0
1	829	2.2408	2.8957	2.0931	-4.1552	1.0
1	830	1.7007	4.4611	2.4052	-2.718	1.0
1	831	5.691	4.2948	2.4672	-3.5369	1.0
1	832	1.2121	2.8109	2.9483	-6.1958	1.0
1	833	1.5685	2.8037	3.4999	-3.7965	1.0
1	834	2.3442	1.7732	4.7226	-4.1072	1.0
1	835	1.1797	3.9762	4.4147	-2.3322	1.0
1	836	1.6237	5.1394	2.2845	-2.0014	1.0
1	837	1.5854	3.5901	3.3912	-4.112	1.0
1	838	1.4978	1.9899	3.8314	-4.1599	1.0
1	839	1.6029	3.4823	4.3274	-2.6442	1.0
1	840	1.9783	1.6678	4.8925	-3.9452	1.0
1	841	0.7384	4.5792	3.5746	-4.5232	1.0
1	842	1.0766	6.1151	3.2289	-2.2074	1.0
1	843	1.949	7.0031	5.5423	-5.2645	1.0
1	844	2.6232	7.7148	3.8394	-4.2878	1.0
1	845	1.2882	4.4499	3.7649	-5.278	1.0
1	846	1.1802	3.4244	3.9187	-8.2902	1.0
1	847	3.5194	8.4787	2.3722	-3.8297	1.0
1	848	2.5026	2.0934	4.5416	-10.2971	1.0
1	849	2.1836	3.5118	5.5311	-7.5188	1.0
1	850	1.8452	1.5443	5.4945	-9.3784	1.0
1	851	1.8452	1.5443	5.4945	-9.3784	1.0
1	852	1.9123	6.5059	5.7543	-8.3397	1.0
1	853	2.0627	9.1275	5.0363	-8.0834	1.0
1	854	1.1531	6.618	4.6029	-5.7387	1.0
1	855	0.965	4.4197	4.4406	-5.3093	1.0
1	856	2.6166	9.2145	3.8667	-3.9432	1.0
1	857	2.4818	2.2212	3.1062	-4.4277	1.0
1	858	1.3736	2.7568	3.0207	-6.6148	1.0
1	859	2.2904	4.3688	3.3203	-4.3184	1.0
1	860	2.3593	3.7106	4.9481	-2.0793	1.0
1	861	2.9582	5.1979	3.581	-4.5581	1.0
1	862	4.398	4.0512	2.8048	-4.4974	1.0
1	863	4.2557	4.0124	2.2179	-2.7707	1.0
1	864	2.52	4.2385	1.3925	-1.8788	1.0
1	865	2.3929	5.8308	4.1286	-3.0514	1.0
1	866	1.9032	9.9623	4.2107	-1.3287	1.0
1	867	1.9032	9.9623	4.2107	-1.3287	1.0
1	868	3.0567	5.1736	3.8874	-1.7158	1.0
1	869	1.4611	3.1352	4.507	-2.6268	1.0
1	870	1.4611	3.1352	4.507	-2.6268	1.0
1	871	2.0921	9.1535	4.0931	-3.9577	1.0
1	872	2.4074	8.9321	2.4707	-1.2674	1.0
1	873	1.297	6.3955	3.4076	-4.0107	1.0
1	874	2.3826	3.7839	4.1597	-2.934	1.0
1	875	1.3508	2.2483	4.7203	-2.701	1.0
1	876	1.1634	2.476	4.9855	-2.5612	1.0
1	877	1.1634	2.476	4.9855	-2.5612	1.0
1	878	1.8609	4.0711	3.5684	-1.9073	1.0
1	879	1.8609	4.0711	3.5684	-1.9073	1.0
1	880	1.9026	2.2188	5.2679	-4.2922	1.0
1	881	3.5352	4.099	3.5878	-2.1575	1.0
1	882	1.3282	6.3764	3.8662	-1.5158	1.0
1	883	1.2694	5.8519	2.9181	-1.9257	1.0
1	884	1.0834	2.3399	2.9446	-4.2797	1.0
1	885	3.2663	2.1812	2.9531	-8.827	1.0
1	886	3.4033	2.4554	4.8967	-10.179	1.0
1	887	1.4662	7.2011	2.3097	-2.1305	1.0
1	888	1.8595	2.3287	3.2068	-3.3049	1.0
1	889	0.7298	3.6498	2.7882	-2.6876	1.0
1	890	3.2365	6.5271	3.3545	-5.4583	1.0
1	891	2.7031	2.8759	3.188	-4.4312	1.0
1	892	2.7031	2.8759	3.188	-4.4312	1.0
1	893	2.4377	2.688	4.1665	-4.2159	1.0
1	894	3.0153	1.4976	3.8713	-3.9307	1.0
1	895	2.1554	3.291	2.8179	-2.1632	1.0
1	896	1.5269	9.918	4.4288	-2.2758	1.0
1	897	2.255	2.2669	3.3256	-3.962	1.0
1	898	2.255	2.2669	3.3256	-3.962	1.0
1	899	1.4112	4.1007	3.94	-4.478	1.0
1	900	1.6254	6.3927	2.7235	-1.6027	1.0
1	901	4.4022	6.2053	4.225	-3.0511	1.0
1	902	0.9735	5.9841	3.4919	-2.0173	1.0
1	903	2.5198	7.8278	3.4179	-2.163	1.0
1	904	0.9422	2.0371	5.3152	-3.1925	1.0
1	905	2.9412	3.0089	3.4809	-2.1889	1.0
1	906	2.385	6.0163	2.5697	-1.5506	1.0
1	907	2.1905	3.0542	4.5982	-4.264	1.0
1	908	3.9214	3.7326	3.4445	-3.9044	1.0
1	909	3.0962	3.9648	3.2844	-5.8685	1.0
1	910	3.4719	5.122	4.1319	-9.0852	1.0
1	911	0.6363	4.1755	5.6817	-4.4683	1.0
1	912	1.6399	2.766	4.7402	-10.1509	1.0
1	913	3.0349	1.5072	3.6481	-5.9301	1.0
1	914	1.3514	2.6036	4.819	-4.5963	1.0
1	915	0.7692	4.1063	3.7372	-3.7168	1.0
1	916	1.9601	4.9688	3.1664	-2.1926	1.0
1	917	1.4486	4.6184	3.6834	-2.0857	1.0
1	918	1.4486	4.6184	3.6834	-2.0857	1.0
1	919	2.6639	7.2036	2.602	-1.8363	1.0
1	920	2.6639	7.2036	2.602	-1.8363	1.0
1	921	0.776	7.0555	3.6704	-1.8138	1.0
1	922	2.4936	4.7168	4.1503	-4.2911	1.0
1	923	1.9651	2.9689	5.1513	-6.2298	1.0
1	924	1.1333	3.9832	3.6665	-2.4737	1.0
1	925	0.7621	8.959	5.3421	-3.9428	1.0
1	926	0.7621	8.959	5.3421	-3.9428	1.0
1	927	1.18	9.1762	5.2806	-6.1449	1.0
1	928	3.1093	5.7305	1.7431	-1.594	1.0
1	929	3.1093	5.7305	1.7431	-1.594	1.0
1	930	1.5182	3.2039	3.6719	-4.05	1.0
1	931	2.838	5.9021	2.4641	-1.5014	1.0
1	932	2.3349	6.2045	4.0925	-3.4081	1.0
1	933	2.2874	4.6155	3.4088	-4.2037	1.0
1	934	2.544	7.6032	2.8209	-1.3981	1.0
1	935	0.7493	3.5157	3.6517	-4.8569	1.0
1	936	1.0969	4.5706	3.8452	-2.9794	1.0
1	937	1.4396	3.0992	3.8119	-6.8783	1.0
1	938	2.7771	3.8332	3.701	-2.9504	1.0
1	939	4.4152	5.9309	1.6691	-1.7588	1.0
1	940	1.6157	3.9143	3.3037	-3.0964	1.0
1	941	1.8216	4.3735	2.2465	-3.2991	1.0
1	942	1.3265	5.63	4.3158	-5.1516	1.0
1	943	1.2185	6.9217	2.3133	-1.6162	1.0
1	944	2.3507	3.0488	3.2896	-2.4103	1.0
1	945	1.602	4.9724	3.5673	-4.1549	1.0
1	946	1.0809	6.7812	3.5956	-4.6111	1.0
1	947	1.2894	3.259	5.0063	-2.1317	1.0
1	948	1.564	8.1491	4.2958	-6.7213	1.0
1	949	0.8326	2.1827	5.3467	-4.3529	1.0
1	950	2.0819	2.1226	3.4942	-2.9983	1.0
1	951	1.7942	3.4718	4.0729	-3.2277	1.0
1	952	0.9943	3.2064	2.4058	-2.0082	1.0
1	953	1.0282	4.7163	3.2556	-2.009	1.0
1	954	2.1535	5.455	1.995	-1.2932	1.0
1	955	2.6054	7.5927	2.2343	-1.5515	1.0
1	956	2.7077	6.2326	2.3967	-2.6608	1.0
1	957	2.3904	7.2227	3.3402	-3.4914	1.0
1	958	1.864	4.1495	2.9122	-2.1854	1.0
1	959	2.6775	6.7176	2.3795	-1.5536	1.0
1	960	2.9329	8.1002	1.9374	-1.5222	1.0
1	961	2.9329	8.1002	1.9374	-1.5222	1.0
1	962	3.2305	9.0405	2.1622	-1.3246	1.0
1	963	3.8862	3.8842	2.0342	-2.6499	1.0
1	964	1.8555	3.0581	4.5762	-9.0882	1.0
1	965	2.6237	6.1967	2.8195	-3.7361	1.0
1	966	4.0014	4.0458	1.9622	-1.9822	1.0
1	967	0.6732	2.0714	2.7901	-2.3996	1.0
1	968	1.596	3.5875	2.7367	-2.4628	1.0
1	969	2.101	3.7679	2.2891	-2.016	1.0
1	970	2.101	3.7679	2.2891	-2.016	1.0
1	971	2.101	3.7679	2.2891	-2.016	1.0
1	972	1.7369	2.0804	4.0665	-3.123	1.0
1	973	1.7548	4.7674	4.3013	-1.4771	1.0
1	974	1.2606	3.4247	4.5849	-2.1846	1.0
1	975	2.4982	5.7189	4.1966	-4.4792	1.0
1	976	1.5102	4.5805	3.0497	-2.5059	1.0
1	977	3.1619	2.9078	2.5884	-3.7331	1.0
1	978	1.2357	5.9182	3.0901	-2.0255	1.0
1	979	1.5582	6.867	4.2723	-2.1244	1.0
1	980	1.5566	1.4601	3.0403	-3.0708	1.0
1	981	1.3519	3.9019	4.0328	-1.6826	1.0
1	982	4.6551	4.3373	2.8751	-6.3401	1.0
1	983	0.7247	4.0526	3.1138	-1.9901	1.0
1	984	1.8008	4.0411	2.0021	-2.195	1.0
1	985	1.073	4.599	2.9907	-4.2391	1.0
1	986	0.7516	4.6173	5.013	-6.4378	1.0
1	987	2.3911	6.7915	1.6645	-1.5633	1.0
1	988	2.4235	9.7391	1.5991	-1.3299	1.0
1	989	1.2987	2.4797	3.3001	-2.487	1.0
1	990	1.2987	2.4797	3.3001	-2.487	1.0
1	991	1.2987	2.4797	3.3001	-2.487	1.0
1	992	1.1387	4.1671	3.7088	-2.8134	1.0
1	993	1.8498	3.2236	4.7148	-4.0775	1.0
1	994	3.1688	4.8089	2.9185	-2.073	1.0
1	995	2.6671	2.5163	2.7432	-3.5344	1.0
1	996	2.2856	1.507	2.8029	-2.3325	1.0
1	997	0.9948	5.5002	4.1062	-2.1374	1.0
1	998	1.8076	3.12	3.6628	-2.6283	1.0
1	999	1.5242	8.3983	2.8967	-1.7077	1.0
1	1000	1.2082	6.8579	2.672	-1.5877	1.0
1	1001	1.0012	7.7266	2.8916	-1.3844	1.0
1	1002	2.1699	4.2715	2.2641	-3.1001	1.0
1	1003	1.8876	3.4772	3.6555	-3.5659	1.0
1	1004	3.5478	2.9821	2.6383	-3.0718	1.0
1	1005	1.7111	3.5771	3.361	-4.4472	1.0
1	1006	1.5175	3.4916	4.5352	-4.3226	1.0
1	1007	1.2904	5.1499	5.1068	-2.5144	1.0
1	1008	1.3299	9.924	2.5907	-1.5318	1.0
1	1009	1.8077	5.1792	3.1835	-1.9872	1.0
1	1010	2.0632	5.4607	2.3171	-1.7512	1.0
1	1011	1.0423	5.2125	2.5645	-1.6446	1.0
1	1012	1.0423	5.2125	2.5645	-1.6446	1.0
1	1013	1.4989	4.0949	2.8161	-2.0246	1.0
1	1014	1.335	2.6241	3.0761	-4.2946	1.0
1	1015	1.2244	3.5807	3.5922	-3.0178	1.0
1	1016	1.746	6.5125	2.5802	-2.2103	1.0
1	1017	1.5805	9.2421	2.9061	-1.8428	1.0
1	1018	1.6332	3.2047	3.4277	-3.8526	1.0
1	1019	1.4184	4.7888	4.6034	-1.7137	1.0
1	1020	1.625	8.5509	4.4136	-3.3205	1.0
1	1021	2.3925	5.4723	3.5532	-5.718	1.0
1	1022	1.6057	8.9886	4.3213	-5.1343	1.0
1	1023	1.4674	9.2893	2.6717	-1.7078	1.0
1	1024	0.8995	9.015	3.0799	-1.5156	1.0
1	1025	2.9139	4.7185	2.627	-2.553	1.0
1	1026	1.304	9.2053	3.0569	-1.7268	1.0
1	1027	1.4909	5.5254	3.65	-2.1886	1.0
1	1028	2.2198	7.5351	3.4292	-1.638	1.0
1	1029	1.2106	2.3298	4.62	-7.3139	1.0
1	1030	3.0529	1.9657	3.6933	-4.2649	1.0
1	1031	2.1043	3.5671	2.7399	-2.8288	1.0
1	1032	3.4702	3.2353	2.2099	-2.7172	1.0
1	1033	2.5619	2.5172	3.6535	-6.161	1.0
1	1034	4.1211	1.8357	3.1008	-4.2753	1.0
1	1035	2.291	2.6391	3.7548	-4.1813	1.0
1	1036	1.2101	2.4378	4.1044	-3.2893	1.0
1	1037	2.3275	7.3307	2.908	-1.5733	1.0
1	1038	1.2576	4.7413	5.6658	-1.9463	1.0
1	1039	2.0474	1.4335	3.5766	-4.305	1.0
1	1040	0.6864	6.4614	4.9204	-5.5289	1.0
1	1041	1.7521	2.6773	3.6969	-7.7936	1.0
1	1042	1.6457	8.7659	3.7331	-4.7744	1.0
1	1043	1.1448	5.8815	3.9762	-2.8828	1.0
1	1044	1.7066	4.2047	3.0667	-2.8546	1.0
1	1045	1.8464	6.5438	2.3766	-2.2613	1.0
1	1046	2.3688	4.1865	2.5704	-2.7501	1.0
1	1047	2.1738	4.1739	4.572	-5.5757	1.0
1	1048	1.2918	5.4079	4.8034	-3.6895	1.0
1	1049	2.9869	6.3708	4.0548	-4.9648	1.0
1	1050	1.7956	3.2634	3.0088	-4.1662	1.0
1	1051	2.501	4.9144	2.9522	-2.5464	1.0
1	1052	1.9838	3.4911	3.7433	-5.4414	1.0
1	1053	2.0501	2.724	3.2459	-3.5052	1.0
1	1054	2.2964	4.352	2.2964	-2.905	1.0
1	1055	1.6719	6.7551	3.8614	-1.6145	1.0
1	1056	0.9594	5.4839	3.4643	-1.7583	1.0
1	1057	0.9594	5.4839	3.4643	-1.7583	1.0
1	1058	0.9594	5.4839	3.4643	-1.7583	1.0
1	1059	0.9594	5.4839	3.4643	-1.7583	1.0
1	1060	1.9579	8.1629	2.9134	-2.0969	1.0
1	1061	2.3118	5.9351	3.3189	-2.1118	1.0
1	1062	1.4503	2.5989	3.7472	-4.2535	1.0
1	1063	1.4503	2.5989	3.7472	-4.2535	1.0
1	1064	1.4675	3.7925	3.1956	-2.1631	1.0
1	1065	2.0715	2.9616	2.8949	-3.804	1.0
1	1066	1.3951	3.6865	3.4542	-5.7628	1.0
1	1067	1.7689	4.5894	3.5672	-3.8778	1.0
1	1068	1.1448	4.2676	2.8252	-1.9505	1.0
1	1069	2.1476	1.8513	3.6825	-5.8928	1.0
1	1070	2.5608	3.5622	2.4708	-2.5214	1.0
1	1071	2.5608	3.5622	2.4708	-2.5214	1.0
1	1072	1.6849	2.1881	3.5525	-4.5614	1.0
1	1073	1.6849	2.1881	3.5525	-4.5614	1.0
1	1074	0.9585	4.4385	3.9494	-2.3581	1.0
1	1075	0.9585	4.4385	3.9494	-2.3581	1.0
1	1076	0.9585	4.4385	3.9494	-2.3581	1.0
1	1077	0.9222	5.9192	3.95	-2.801	1.0
1	1078	2.7874	3.6861	3.4033	-4.452	1.0
1	1079	2.5566	4.1353	3.5793	-6.0113	1.0
1	1080	3.4885	7.3938	3.9458	-4.3991	1.0
1	1081	2.1223	2.6811	5.4751	-7.899	1.0
1	1082	1.3292	3.605	5.2256	-5.7934	1.0
1	1083	2.15	7.5804	3.8648	-3.8682	1.0
1	1084	1.653	7.245	4.9757	-6.2017	1.0
1	1085	1.653	7.245	4.9757	-6.2017	1.0
1	1086	2.2595	3.583	3.6135	-4.5636	1.0
1	1087	2.0495	4.3856	3.9397	-3.7115	1.0
1	1088	3.5398	2.1077	2.4999	-2.5869	1.0
1	1089	3.2353	4.0753	3.6239	-4.1073	1.0
1	1090	1.3825	3.8303	4.7376	-8.7788	1.0
1	1091	1.6518	4.6474	2.573	-2.3621	1.0
1	1092	1.6518	4.6474	2.573	-2.3621	1.0
1	1093	1.3392	2.6135	3.5033	-4.1543	1.0
1	1094	2.2219	5.869	2.9205	-2.0714	1.0
1	1095	0.9029	5.5769	3.7325	-1.876	1.0
1	1096	1.0221	6.1197	4.0371	-3.7578	1.0
1	1097	1.1778	9.603	1.9161	-1.4704	1.0
1	1098	0.9923	2.4283	4.0001	-2.1026	1.0
1	1099	1.2346	2.9615	3.2745	-4.6127	1.0
1	1100	2.1826	6.2273	4.7301	-5.5769	1.0
1	1101	1.719	5.3994	3.2593	-3.2905	1.0
1	1102	0.7361	4.9223	3.6408	-7.6611	1.0
1	1103	1.0149	5.6051	2.844	-2.0282	1.0
1	1104	0.6127	2.5394	4.3503	-3.1413	1.0
1	1105	0.801	4.5802	2.6829	-1.7932	1.0
1	1106	1.969	3.3214	3.0217	-1.9203	1.0
1	1107	1.7051	7.7354	2.3954	-1.2549	1.0
1	1108	3.878	1.5267	3.1673	-6.8042	1.0
1	1109	3.2549	2.9883	4.1043	-9.3218	1.0
1	1110	0.9827	4.2697	5.6034	-4.6801	1.0
1	1111	1.7793	1.7662	5.0643	-1.8617	1.0
1	1112	2.018	1.0479	4.0246	-3.6575	1.0
1	1113	1.8508	3.294	3.3722	-6.7672	1.0
1	1114	1.2012	1.8369	5.4336	-10.0041	1.0
1	1115	1.6558	3.7952	3.5997	-4.8869	1.0
1	1116	1.3166	2.3912	3.063	-3.0183	1.0
1	1117	1.7531	4.1223	3.0989	-1.784	1.0
1	1118	2.1577	2.1376	3.2011	-7.198	1.0
1	1119	0.5666	4.4773	5.398	-8.8172	1.0
1	1120	1.0504	3.1975	3.4304	-6.7929	1.0
1	1121	1.2547	1.9331	3.992	-4.2727	1.0
1	1122	2.2303	3.0876	3.8702	-2.4131	1.0
1	1123	2.7682	3.5308	3.6444	-3.745	1.0
1	1124	1.5617	5.7204	3.8126	-4.0875	1.0
1	1125	1.1883	3.0542	3.6148	-2.298	1.0
1	1126	1.3098	3.2077	3.9019	-4.3219	1.0
1	1127	1.216	1.6504	4.4466	-5.6632	1.0
1	1128	3.2411	4.839	3.3916	-8.9502	1.0
1	1129	3.9159	1.6471	2.5609	-8.372	1.0
1	1130	5.3528	2.3258	2.3846	-5.6652	1.0
1	1131	2.1899	1.0746	2.6231	-3.5809	1.0
1	1132	1.3367	2.6151	3.1185	-5.5016	1.0
1	1133	1.496	5.2626	5.996	-6.1413	1.0
1	1134	1.961	6.3929	5.726	-4.7877	1.0
1	1135	3.8035	3.752	3.3124	-3.5544	1.0
1	1136	1.2179	2.4865	4.1311	-5.539	1.0
1	1137	1.6935	2.9229	4.6977	-6.7753	1.0
1	1138	3.3145	1.8328	3.5153	-2.5352	1.0
1	1139	1.4414	3.1565	3.3364	-2.9064	1.0
1	1140	2.407	4.9202	2.9995	-2.6566	1.0
1	1141	1.1129	3.548	3.0537	-2.3402	1.0
1	1142	1.3813	2.0648	3.7054	-2.5713	1.0
1	1143	3.4755	2.8975	2.3026	-2.4391	1.0
1	1144	3.949	1.296	2.7287	-5.5407	1.0
1	1145	5.8187	2.0879	4.0358	-4.4173	1.0
1	1146	2.334	2.8285	3.2534	-2.5211	1.0
1	1147	1.6259	1.9408	2.6067	-2.0041	1.0
1	1148	2.4076	2.9346	4.2922	-7.5891	1.0
1	1149	0.7842	5.0108	3.1169	-1.8782	1.0
1	1150	0.9112	2.1283	3.7888	-4.1488	1.0
1	1151	2.7251	2.6574	3.9746	-5.5976	1.0
1	1152	2.4314	2.1208	4.268	-3.3505	1.0
1	1153	3.3906	2.5084	4.7168	-4.1254	1.0
1	1154	0.9328	6.1008	2.7372	-1.632	1.0
1	1155	1.3945	2.3138	4.0881	-5.6301	1.0
1	1156	4.0786	2.315	3.0673	-4.0119	1.0
1	1157	1.4968	2.6591	3.1396	-2.2284	1.0
1	1158	1.4103	2.9654	3.467	-2.7444	1.0
1	1159	0.7879	3.3399	3.4825	-2.5107	1.0
1	1160	1.0159	2.9549	3.9607	-5.3494	1.0
1	1161	1.5346	2.3872	4.6203	-2.7361	1.0
1	1162	2.7558	3.3023	3.6537	-3.2655	1.0
1	1163	1.7972	3.8733	2.8495	-2.4677	1.0
1	1164	2.1977	4.3878	3.7954	-2.533	1.0
1	1165	1.7028	2.7872	2.6872	-2.5758	1.0
1	1166	1.7556	1.8078	2.8121	-3.4636	1.0
1	1167	2.6179	7.0612	3.6936	-3.9726	1.0
1	1168	2.9812	9.4816	3.909	-5.3191	1.0
1	1169	1.6104	8.0198	5.6781	-5.6797	1.0
1	1170	1.4214	3.2631	3.751	-5.3319	1.0
1	1171	2.1975	7.4539	3.5021	-6.6329	1.0
1	1172	2.6877	7.0947	3.0076	-5.8707	1.0
1	1173	1.6606	1.8359	4.4983	-3.7619	1.0
1	1174	3.528	4.2658	3.6586	-3.8358	1.0
1	1175	2.0938	3.7643	3.2438	-3.6235	1.0
1	1176	1.8614	4.7234	3.1513	-2.3795	1.0
1	1177	1.2793	9.9081	2.6945	-1.2798	1.0
1	1178	1.0589	4.2704	3.6518	-3.1904	1.0
1	1179	0.7195	3.5368	4.5106	-5.0101	1.0
1	1180	1.7534	1.401	5.2522	-5.4329	1.0
1	1181	1.2129	2.0773	5.6496	-4.3835	1.0
1	1182	1.5484	4.7084	3.4907	-1.997	1.0
1	1183	2.7268	3.2377	2.7688	-1.541	1.0
1	1184	2.1138	4.0744	4.0515	-3.4611	1.0
1	1185	1.3597	2.8776	3.8928	-3.4917	1.0
1	1186	1.6427	4.5816	2.5716	-1.8697	1.0
1	1187	1.0368	3.0626	4.6284	-4.8115	1.0
1	1188	2.1623	3.0047	3.4835	-5.3924	1.0
1	1189	1.1965	3.1677	3.6857	-3.5983	1.0
1	1190	2.5961	8.2617	5.1333	-5.5221	1.0
1	1191	3.6694	2.6548	3.5925	-5.7574	1.0
1	1192	1.6136	3.2705	3.2038	-3.1397	1.0
1	1193	2.8747	3.1536	3.7644	-3.3711	1.0
1	1194	1.2488	4.0343	3.3959	-1.7547	1.0
1	1195	2.0303	2.2807	2.5068	-3.3487	1.0
1	1196	1.1246	3.2781	3.5716	-2.7377	1.0
1	1197	1.0132	5.6617	4.6815	-2.0619	1.0
1	1198	1.0623	2.8438	3.294	-2.3673	1.0
1	1199	0.3714	2.0303	4.0145	-5.5918	1.0
1	1200	2.4071	2.7493	3.3902	-2.6347	1.0
1	1201	0.837	2.2547	3.8787	-2.8846	1.0
1	1202	0.8636	7.6148	3.7293	-1.6529	1.0
1	1203	1.0932	7.5607	2.9567	-1.8307	1.0
1	1204	2.2712	2.7939	3.41	-4.8874	1.0
1	1205	2.5472	7.6358	2.5218	-1.2672	1.0
1	1206	2.5472	7.6358	2.5218	-1.2672	1.0
1	1207	2.6544	5.4826	3.4192	-5.8148	1.0
1	1208	0.8674	2.0857	2.5639	-3.7318	1.0
1	1209	0.9602	1.8822	4.1585	-5.7246	1.0
1	1210	0.6864	2.9406	5.3216	-7.244	1.0
1	1211	0.7544	2.2199	3.3054	-2.2684	1.0
1	1212	1.9364	2.2576	3.5762	-3.3284	1.0
1	1213	1.3762	5.6641	5.0449	-6.4517	1.0
1	1214	1.3762	5.6641	5.0449	-6.4517	1.0
1	1215	1.0068	5.757	3.9641	-2.1392	1.0
1	1216	1.9881	5.9524	5.1152	-3.9448	1.0
1	1217	2.0345	1.7865	4.9588	-3.916	1.0
1	1218	1.7485	3.8734	3.0947	-3.3724	1.0
1	1219	2.2242	2.6464	3.0414	-3.954	1.0
1	1220	1.358	3.8491	3.0347	-3.0847	1.0
1	1221	2.2581	5.3919	3.1932	-2.3664	1.0
1	1222	1.8008	2.6687	3.4164	-5.5977	1.0
1	1223	0.9597	3.529	3.8229	-1.6522	1.0
1	1224	1.041	3.2774	3.2143	-2.6567	1.0
1	1225	1.1769	4.419	2.947	-3.6955	1.0
1	1226	1.6044	9.8682	2.9801	-2.1651	1.0
1	1227	2.6659	5.5448	2.3953	-2.2404	1.0
1	1228	2.1893	2.9047	4.7987	-4.4692	1.0
1	1229	0.8559	3.0034	2.11	-3.3748	1.0
1	1230	1.8333	2.9109	4.7679	-5.8578	1.0
1	1231	0.9709	3.2687	4.6708	-5.9784	1.0
1	1232	2.4277	2.252	2.5506	-3.0817	1.0
1	1233	1.5492	2.8021	2.7157	-2.0255	1.0
1	1234	1.1776	1.6484	4.1252	-2.4612	1.0
1	1235	3.2371	1.4893	2.9107	-2.2624	1.0
1	1236	2.18	1.6973	3.6569	-3.0689	1.0
1	1237	0.9261	7.0946	3.37	-2.1959	1.0
1	1238	4.8331	4.1376	3.342	-2.1389	1.0
1	1239	2.1072	3.5162	4.4446	-4.1888	1.0
1	1240	1.0434	1.6796	4.2228	-5.351	1.0
1	1241	3.1295	6.2987	2.3617	-1.6915	1.0
1	1242	1.814	5.7105	2.2788	-1.9703	1.0
1	1243	1.2031	2.6525	3.397	-3.2358	1.0
1	1244	1.3336	3.85	3.7937	-3.4086	1.0
1	1245	1.8483	3.7836	3.842	-4.1836	1.0
1	1246	3.0626	5.5045	4.6635	-2.4985	1.0
1	1247	2.3399	4.7028	4.8219	-4.715	1.0
1	1248	0.9913	5.7796	2.7188	-1.5325	1.0
1	1249	2.9548	6.3014	2.8991	-2.1844	1.0
1	1250	2.6304	2.7262	2.3949	-2.781	1.0
1	1251	1.5779	2.0804	2.2597	-4.6821	1.0
1	1252	1.2505	4.2077	4.0383	-2.9511	1.0
1	1253	1.8475	4.8536	3.1783	-2.3789	1.0
1	1254	1.9596	2.1337	3.4599	-3.3803	1.0
1	1255	1.2306	4.2809	4.3202	-3.9789	1.0
1	1256	1.2306	4.2809	4.3202	-3.9789	1.0
1	1257	1.3034	3.7638	4.0948	-5.4786	1.0
1	1258	1.3554	4.5216	3.2919	-4.4493	1.0
1	1259	3.0216	2.3256	3.191	-5.73	1.0
1	1260	3.0216	2.3256	3.191	-5.73	1.0
1	1261	1.6141	3.3488	3.6555	-2.7954	1.0
1	1262	1.1498	3.6596	3.1738	-4.6098	1.0
1	1263	2.1613	3.6028	2.8527	-4.7174	1.0
1	1264	3.9963	4.102	4.4679	-6.7538	1.0
1	1265	4.4089	4.5748	3.2563	-5.0776	1.0
1	1266	2.3825	1.7053	4.6555	-5.812	1.0
1	1267	2.6598	1.5675	4.9355	-5.8685	1.0
1	1268	4.232	1.1695	3.7255	-3.7036	1.0
1	1269	1.4992	2.3919	5.9286	-5.2417	1.0
1	1270	2.2067	5.3285	5.1164	-2.7566	1.0
1	1271	2.709	4.8361	2.5672	-2.0197	1.0
1	1272	2.709	4.8361	2.5672	-2.0197	1.0
1	1273	2.0833	1.9104	3.9003	-4.3073	1.0
1	1274	0.9294	1.8049	4.0243	-8.1917	1.0
1	1275	0.892	3.5071	4.7371	-4.4934	1.0
1	1276	0.9059	5.2499	3.2085	-4.4093	1.0
1	1277	0.8128	7.3947	4.224	-3.9037	1.0
1	1278	1.5382	1.7942	4.519	-8.7661	1.0
1	1279	3.5069	1.1096	2.3941	-3.3033	1.0
1	1280	3.5069	1.1096	2.3941	-3.3033	1.0
1	1281	1.2308	1.7201	2.8818	-4.8839	1.0
1	1282	3.4401	2.1031	2.5437	-4.7633	1.0
1	1283	1.6547	3.9202	3.4471	-2.8785	1.0
1	1284	1.6547	3.9202	3.4471	-2.8785	1.0
1	1285	1.5176	3.317	3.8473	-3.148	1.0
1	1286	1.5176	3.317	3.8473	-3.148	1.0
1	1287	0.9833	2.4861	5.4749	-5.4379	1.0
1	1288	1.7399	4.5546	2.6637	-1.6317	1.0
1	1289	1.7399	4.5546	2.6637	-1.6317	1.0
1	1290	2.6526	1.8877	2.6976	-4.4097	1.0
1	1291	2.5381	7.5456	4.2453	-2.5066	1.0
1	1292	2.6025	7.0959	5.2914	-8.4018	1.0
1	1293	1.7671	2.0494	4.6434	-5.9093	1.0
1	1294	2.0375	4.3462	2.3262	-2.8841	1.0
1	1295	1.4135	2.4932	4.1865	-1.875	1.0
1	1296	0.9701	7.6152	3.6416	-4.9813	1.0
1	1297	2.15	4.7741	5.8197	-4.2408	1.0
1	1298	2.7426	2.9384	2.0807	-1.7306	1.0
1	1299	2.4379	6.353	3.4221	-1.8954	1.0
1	1300	2.4379	6.353	3.4221	-1.8954	1.0
1	1301	1.4379	3.4551	4.3441	-5.2485	1.0
1	1302	0.8916	6.9651	5.9031	-4.0503	1.0
1	1303	0.832	6.6566	5.1018	-8.8043	1.0
1	1304	1.4443	3.9977	4.9439	-5.4736	1.0
1	1305	1.4443	3.9977	4.9439	-5.4736	1.0
1	1306	1.1652	6.6946	4.0726	-2.916	1.0
1	1307	0.9979	4.9665	2.8291	-2.9136	1.0
1	1308	0.9979	4.9665	2.8291	-2.9136	1.0
1	1309	2.3637	3.2497	3.5185	-3.0235	1.0
1	1310	2.955	5.9712	3.5574	-4.4181	1.0
1	1311	2.6014	9.2408	3.2227	-4.2304	1.0
1	1312	1.1471	1.9814	4.2448	-6.2662	1.0
1	1313	0.7507	8.5725	4.1278	-4.5958	1.0
1	1314	0.9307	9.9647	5.1866	-6.2657	1.0
1	1315	1.2382	7.9821	4.2319	-4.8135	1.0
1	1316	1.2645	5.1155	3.4468	-3.4419	1.0
1	1317	2.6107	3.1806	1.8067	-1.7994	1.0
1	1318	2.0164	4.7321	3.3101	-3.2703	1.0
1	1319	0.8476	1.9544	4.2081	-5.5078	1.0
1	1320	2.5323	3.4672	3.7148	-6.328	1.0
1	1321	1.9239	2.0649	2.4679	-2.6381	1.0
1	1322	1.6376	9.2663	2.6373	-1.5408	1.0
1	1323	1.6376	9.2663	2.6373	-1.5408	1.0
1	1324	1.3431	8.5701	2.8675	-1.6232	1.0
1	1325	1.6032	3.742	2.4295	-2.4028	1.0
1	1326	2.2948	6.2816	2.9492	-1.2935	1.0
1	1327	3.0144	9.4408	3.0418	-1.7272	1.0
1	1328	0.9277	2.2841	2.7662	-2.0166	1.0
1	1329	0.782	3.4682	4.1849	-1.92	1.0
1	1330	2.0433	2.2922	4.1354	-3.0216	1.0
1	1331	1.229	3.0353	2.7207	-2.5391	1.0
1	1332	1.5421	5.3177	2.8517	-2.3344	1.0
1	1333	2.3649	3.4545	2.3343	-3.0975	1.0
1	1334	3.0165	4.8003	2.2757	-1.6575	1.0
1	1335	2.4015	4.1849	4.7498	-5.456	1.0
1	1336	1.4109	4.6205	3.3838	-3.4246	1.0
1	1337	1.4202	3.8659	3.3628	-2.236	1.0
1	1338	1.1289	3.3905	4.2259	-3.8365	1.0
1	1339	2.085	4.292	2.4637	-2.8808	1.0
1	1340	1.0955	3.2769	3.3661	-5.2507	1.0
1	1341	1.1101	7.4203	3.6202	-4.1235	1.0
1	1342	0.705	3.7436	3.2409	-4.8962	1.0
1	1343	1.0023	6.9169	4.4207	-5.4395	1.0
1	1344	1.0476	8.9749	4.7698	-6.0255	1.0
1	1345	0.6139	8.5972	5.8581	-7.1407	1.0
1	1346	0.6139	8.5972	5.8581	-7.1407	1.0
1	1347	1.013	5.1166	5.1179	-6.6606	1.0
1	1348	4.3419	7.2684	4.0713	-8.3459	1.0
1	1349	4.3419	7.2684	4.0713	-8.3459	1.0
1	1350	2.4595	9.3878	5.8659	-9.3867	1.0
1	1351	2.6765	3.6575	3.7954	-8.8717	1.0
1	1352	2.1291	6.7207	2.4888	-2.3608	1.0
1	1353	2.4458	8.5557	2.8368	-1.8513	1.0
1	1354	1.4699	6.7755	4.7908	-5.0235	1.0
1	1355	3.4302	2.5473	3.6736	-4.2866	1.0
1	1356	1.4112	2.5208	3.6941	-3.1979	1.0
1	1357	1.0265	3.3112	5.2328	-2.9877	1.0
1	1358	1.6766	6.6245	3.601	-4.9454	1.0
1	1359	2.8802	1.9481	2.1344	-2.9325	1.0
1	1360	3.703	2.6757	4.1382	-5.4561	1.0
1	1361	0.8342	4.9649	5.9036	-6.7608	1.0
1	1362	2.7513	7.0958	3.6578	-5.8606	1.0
1	1363	2.8592	1.8658	3.5594	-5.5357	1.0
1	1364	2.0021	2.7844	4.467	-2.8645	1.0
1	1365	2.7399	2.9473	3.9704	-1.8199	1.0
1	1366	2.6431	7.0696	3.4306	-4.7586	1.0
1	1367	2.8862	8.2123	2.4576	-1.5602	1.0
1	1368	1.5828	5.0111	3.6668	-2.4076	1.0
1	1369	1.9761	3.6444	3.1093	-2.4481	1.0
1	1370	3.6423	2.2271	2.9854	-2.932	1.0
1	1371	1.3218	2.1605	3.5116	-4.6317	1.0
1	1372	1.6997	5.3705	4.5574	-5.5881	1.0
1	1373	1.1492	5.2949	3.5996	-1.6568	1.0
1	1374	2.0627	2.7167	3.5512	-3.4822	1.0
1	1375	2.4869	2.4076	3.9095	-4.185	1.0
1	1376	2.4586	3.0178	4.2464	-2.6769	1.0
1	1377	2.0725	4.2101	5.8199	-2.6437	1.0
1	1378	1.6163	1.3063	4.5169	-4.4074	1.0
1	1379	1.7373	2.5894	2.2941	-5.0693	1.0
1	1380	0.8689	9.9671	3.1331	-1.7233	1.0
1	1381	0.8689	9.9671	3.1331	-1.7233	1.0
1	1382	1.0939	5.6133	5.2756	-4.19	1.0
1	1383	1.2262	4.7345	3.9213	-3.6038	1.0
1	1384	1.5516	7.3163	4.4513	-3.3195	1.0
1	1385	0.8035	2.332	4.7742	-3.1374	1.0
1	1386	1.1124	3.7349	3.9933	-2.3516	1.0
1	1387	1.0475	3.7027	4.2239	-3.8686	1.0
1	1388	1.0298	6.0909	3.5473	-2.4876	1.0
1	1389	1.0506	2.223	4.6802	-5.4546	1.0
1	1390	2.2856	3.6256	4.3808	-4.4946	1.0
1	1391	1.7127	6.3964	2.9971	-4.2833	1.0
1	1392	1.7652	2.4488	3.2407	-3.5858	1.0
1	1393	3.5757	4.127	4.3437	-5.8031	1.0
1	1394	3.5757	4.127	4.3437	-5.8031	1.0
1	1395	2.2889	1.4039	4.5943	-3.3444	1.0
1	1396	1.3921	3.52	3.1809	-5.4007	1.0
1	1397	1.8645	5.1842	5.3213	-9.0451	1.0
1	1398	1.665	2.337	3.4869	-5.1024	1.0
1	1399	2.4347	1.8224	2.0015	-2.6337	1.0
1	1400	4.9096	2.806	2.8405	-3.7726	1.0
1	1401	2.4799	3.3143	3.7122	-1.9684	1.0
1	1402	1.6175	3.5912	3.4317	-1.6121	1.0
1	1403	1.8303	4.4114	3.1414	-1.9278	1.0
1	1404	1.3616	4.2203	3.4591	-2.9371	1.0
1	1405	1.5785	6.6676	2.5436	-2.2607	1.0
1	1406	3.1162	5.1944	2.4113	-2.1567	1.0
1	1407	2.7769	4.1355	2.9634	-2.6025	1.0
1	1408	2.7022	2.614	5.067	-6.2286	1.0
1	1409	2.6546	2.488	2.872	-5.4702	1.0
1	1410	2.5756	2.1987	3.0348	-4.2487	1.0
1	1411	2.9213	1.0801	3.4204	-5.2526	1.0
1	1412	3.0508	1.5327	2.5465	-4.5877	1.0
1	1413	2.1666	8.2592	2.5497	-2.2477	1.0
1	1414	1.1408	9.0201	1.8814	-1.9544	1.0
1	1415	1.4789	8.1348	2.2116	-2.5254	1.0
1	1416	1.7095	4.6476	2.0221	-1.8766	1.0
1	1417	1.2597	2.6815	2.7473	-2.2998	1.0
1	1418	3.1398	2.533	2.3448	-2.5334	1.0
1	1419	1.6955	2.7826	3.7727	-3.2282	1.0
1	1420	1.6955	2.7826	3.7727	-3.2282	1.0
1	1421	2.0514	2.8348	2.7177	-1.727	1.0
1	1422	1.417	1.6753	4.3423	-6.4103	1.0
1	1423	2.0187	2.6048	3.9471	-5.4517	1.0
1	1424	1.5977	5.8692	3.593	-1.5967	1.0
1	1425	1.8366	8.7499	2.2239	-1.9499	1.0
1	1426	2.4749	7.5985	2.4752	-2.005	1.0
1	1427	1.2049	3.9924	5.8084	-2.948	1.0
1	1428	1.4894	7.6083	2.7164	-1.5867	1.0
1	1429	1.4645	7.0915	2.3797	-1.7876	1.0
1	1430	0.7947	4.7636	3.488	-1.5921	1.0
1	1431	0.7985	2.9358	4.2456	-4.2746	1.0
1	1432	1.443	3.9411	4.7215	-3.1381	1.0
1	1433	1.7064	4.9139	2.747	-3.0032	1.0
1	1434	1.438	6.3698	3.8839	-4.4175	1.0
1	1435	1.6302	3.5536	2.7053	-1.604	1.0
1	1436	1.9882	5.7042	2.7988	-1.6771	1.0
1	1437	2.397	3.2935	3.7273	-2.8573	1.0
1	1438	2.8488	2.4782	3.5219	-3.4849	1.0
1	1439	1.4789	1.8765	5.9785	-4.3355	1.0
1	1440	2.0113	4.413	2.6856	-3.1261	1.0
1	1441	4.5467	1.0646	3.4265	-3.086	1.0
1	1442	3.3942	1.3832	2.7953	-5.1136	1.0
1	1443	3.6205	1.2821	3.785	-4.8134	1.0
1	1444	1.5906	2.3802	2.6823	-1.5712	1.0
1	1445	2.9326	2.5613	3.8942	-2.2317	1.0
1	1446	2.3088	8.0078	2.5239	-1.4063	1.0
1	1447	1.2032	4.5741	4.3774	-6.0757	1.0
1	1448	2.7119	3.0432	3.2548	-4.7403	1.0
1	1449	0.7132	4.1859	4.7325	-4.505	1.0
1	1450	1.4034	1.7278	3.3799	-4.8578	1.0
1	1451	2.1846	2.6005	3.0987	-4.2464	1.0
1	1452	2.6814	1.9336	2.4361	-1.9573	1.0
1	1453	1.2865	2.0364	5.7749	-4.2442	1.0
1	1454	0.9181	2.5973	4.1036	-4.5025	1.0
1	1455	1.8529	2.3008	4.9826	-6.1228	1.0
1	1456	1.596	1.0188	5.1166	-5.9041	1.0
1	1457	0.8853	1.5349	5.2516	-3.6879	1.0
1	1458	1.4656	4.5276	2.8869	-1.7847	1.0
1	1459	2.3898	6.1347	3.7061	-2.7534	1.0
1	1460	1.0551	1.9348	5.3802	-7.0842	1.0
1	1461	1.1619	7.3117	3.1183	-4.044	1.0
1	1462	1.8701	6.9573	2.1491	-1.3273	1.0
1	1463	1.9622	2.9358	2.8639	-4.5142	1.0
1	1464	1.4598	3.9895	3.494	-3.0287	1.0
1	1465	1.1427	8.1436	2.9217	-2.6601	1.0
1	1466	1.1985	2.5769	3.3976	-5.038	1.0
1	1467	1.2978	9.0201	3.8701	-4.0144	1.0
1	1468	1.1472	9.0835	3.3037	-1.6718	1.0
1	1469	1.1472	9.0835	3.3037	-1.6718	1.0
1	1470	1.1472	9.0835	3.3037	-1.6718	1.0
1	1471	2.158	3.5495	4.5402	-4.9953	1.0
1	1472	0.8064	2.9992	4.9955	-4.9446	1.0
1	1473	2.0996	3.0094	3.7915	-1.9979	1.0
1	1474	2.0996	3.0094	3.7915	-1.9979	1.0
1	1475	1.5172	3.9865	4.3692	-3.8554	1.0
1	1476	1.0358	3.2181	3.8842	-2.9448	1.0
1	1477	1.1249	4.819	3.8615	-4.4833	1.0
1	1478	1.5408	5.2228	4.9885	-5.7606	1.0
1	1479	1.2298	4.7444	5.8965	-1.8216	1.0
1	1480	1.1705	3.1132	5.4826	-2.3826	1.0
1	1481	3.1405	4.232	2.6712	-2.558	1.0
1	1482	2.6407	2.8449	2.9178	-2.7524	1.0
1	1483	2.6407	2.8449	2.9178	-2.7524	1.0
1	1484	3.0775	2.1864	3.9367	-6.1935	1.0
1	1485	4.0749	4.7651	2.2253	-5.9101	1.0
1	1486	2.1497	3.8963	2.6605	-4.1137	1.0
1	1487	1.9103	4.3097	3.8887	-5.471	1.0
1	1488	2.0565	5.6311	3.4374	-3.702	1.0
1	1489	1.984	1.9901	3.5721	-2.9037	1.0
1	1490	1.984	1.9901	3.5721	-2.9037	1.0
1	1491	1.1983	1.864	4.0766	-2.9935	1.0
1	1492	2.0482	2.6308	3.457	-3.0641	1.0
1	1493	2.1779	2.2081	2.8713	-3.2581	1.0
1	1494	0.9584	3.3228	5.163	-5.9645	1.0
1	1495	1.1852	3.5792	3.5399	-3.4948	1.0
1	1496	0.9233	6.6171	4.0725	-1.7234	1.0
1	1497	1.4532	3.2017	3.436	-1.673	1.0
1	1498	1.1737	4.8542	4.2419	-2.9427	1.0
1	1499	1.4449	4.5613	3.285	-2.1959	1.0
1	1500	3.1852	2.3549	2.3428	-3.3739	1.0
1	1501	3.2409	2.8962	2.4592	-3.0528	1.0
1	1502	1.2751	2.5297	3.4278	-4.1683	1.0
1	1503	1.3319	3.8003	3.8143	-2.6767	1.0
1	1504	2.4295	4.1591	3.5631	-2.3808	1.0
1	1505	4.5591	5.6608	5.2201	-7.5572	1.0
1	1506	1.8908	5.3703	5.1711	-3.1518	1.0
1	1507	1.7721	8.41	4.5117	-5.6816	1.0
1	1508	1.7721	8.41	4.5117	-5.6816	1.0
1	1509	2.9655	3.6949	3.5486	-10.0829	1.0
1	1510	0.9491	4.5697	4.8223	-4.6164	1.0
1	1511	2.8462	8.1705	2.407	-1.3624	1.0
1	1512	1.5494	4.8914	2.9164	-2.8323	1.0
1	1513	1.1478	1.8402	2.55	-3.5435	1.0
1	1514	1.1549	2.3573	3.8778	-3.0684	1.0
1	1515	2.3517	3.8703	5.3134	-8.9865	1.0
1	1516	0.498	1.5959	3.3493	-6.7544	1.0
1	1517	1.4689	5.7984	4.0259	-2.4594	1.0
1	1518	1.5756	3.4023	4.1182	-3.8553	1.0
1	1519	1.2517	4.6593	3.0614	-2.4795	1.0
1	1520	1.7055	2.3334	2.7077	-2.7518	1.0
1	1521	1.2783	4.5371	3.0159	-2.4955	1.0
1	1522	1.2059	4.6303	3.5652	-3.6584	1.0
1	1523	1.3911	9.8035	2.8743	-1.7421	1.0
1	1524	1.0914	5.5329	2.2062	-2.5503	1.0
1	1525	1.755	3.7051	2.9299	-2.485	1.0
1	1526	1.7468	7.5831	2.4905	-1.7297	1.0
1	1527	1.7293	1.9792	2.818	-6.0525	1.0
1	1528	0.8973	2.4692	5.5498	-6.6665	1.0
1	1529	1.4087	7.8967	3.3009	-4.9055	1.0
1	1530	1.8005	2.1709	5.3356	-5.5779	1.0
1	1531	2.2027	4.4453	4.2193	-3.8294	1.0
1	1532	3.1534	1.5503	4.3537	-6.7906	1.0
1	1533	1.4128	2.6854	3.068	-2.2155	1.0
1	1534	1.6147	5.112	2.8648	-1.7423	1.0
1	1535	2.4556	5.9073	2.5064	-1.5297	1.0
1	1536	2.3225	3.4017	2.9616	-2.4719	1.0
1	1537	1.2979	1.8491	3.9187	-3.4282	1.0
1	1538	3.2234	3.2211	3.1363	-4.8692	1.0
1	1539	4.0979	1.7462	3.7496	-10.3688	1.0
1	1540	3.0225	1.4883	3.7394	-5.9276	1.0
1	1541	1.8959	1.2425	5.2234	-5.4342	1.0
1	1542	1.2646	2.7263	3.9508	-7.2901	1.0
1	1543	2.675	9.4692	3.3521	-5.2568	1.0
1	1544	0.6944	2.175	3.0731	-4.4739	1.0
1	1545	0.7472	7.0161	4.8407	-3.6307	1.0
1	1546	1.6419	6.2168	4.2256	-6.1941	1.0
1	1547	1.8887	3.2651	3.4439	-4.4347	1.0
1	1548	1.9697	1.63	3.6627	-4.2616	1.0
1	1549	2.6434	4.339	2.5725	-1.6368	1.0
1	1550	1.3635	4.5748	2.7995	-2.6256	1.0
1	1551	1.2935	2.7634	3.5032	-4.2799	1.0
1	1552	1.6811	3.2691	2.7477	-5.2542	1.0
1	1553	1.7445	5.2889	2.624	-1.9974	1.0
1	1554	1.4931	8.9243	2.9223	-1.9856	1.0
1	1555	2.27	1.9692	4.0832	-2.7863	1.0
1	1556	2.4193	1.5494	3.2271	-2.8221	1.0
1	1557	1.4352	0.9084	5.8194	-3.7408	1.0
1	1558	4.1385	3.3535	2.9238	-4.2241	1.0
1	1559	1.5809	3.395	3.6576	-2.3026	1.0
1	1560	1.5809	3.395	3.6576	-2.3026	1.0
1	1561	2.8002	2.0067	3.0752	-2.9142	1.0
1	1562	3.431	3.5911	2.0924	-4.2836	1.0
1	1563	1.2636	5.7643	2.9228	-2.3776	1.0
1	1564	1.479	4.2123	3.2765	-1.8026	1.0
1	1565	1.3285	2.4879	3.366	-3.246	1.0
1	1566	1.3273	4.9635	2.5901	-2.1913	1.0
1	1567	2.5073	2.7896	1.9989	-3.4228	1.0
1	1568	1.2086	4.5255	2.5292	-2.0072	1.0
1	1569	1.9601	2.2359	5.069	-4.2918	1.0
1	1570	2.1621	1.1244	2.8752	-3.3408	1.0
1	1571	1.8411	2.0838	3.6887	-3.8797	1.0
1	1572	1.8411	2.0838	3.6887	-3.8797	1.0
1	1573	1.8841	2.9044	3.7468	-2.8342	1.0
1	1574	1.5303	2.5613	3.6973	-3.7626	1.0
1	1575	1.0019	7.4991	2.7205	-2.1759	1.0
1	1576	1.6711	8.0077	2.7951	-1.9571	1.0
1	1577	1.9446	3.5236	3.4075	-2.9334	1.0
1	1578	2.4026	2.7865	3.2014	-2.1385	1.0
1	1579	1.2167	3.1615	3.4165	-2.7167	1.0
1	1580	1.3995	4.5631	3.996	-6.2912	1.0
1	1581	1.3995	4.5631	3.996	-6.2912	1.0
1	1582	1.6842	8.2814	3.1022	-3.5018	1.0
1	1583	1.4003	7.7207	4.369	-3.7633	1.0
1	1584	3.0672	8.542	2.8495	-1.5414	1.0
1	1585	1.7297	6.1509	3.285	-2.8095	1.0
1	1586	2.3683	9.2427	3.3735	-3.3462	1.0
1	1587	0.7693	4.6853	3.0353	-2.2188	1.0
1	1588	2.3518	4.6842	2.8393	-2.381	1.0
1	1589	1.5915	5.8742	2.4534	-1.8191	1.0
1	1590	1.0632	5.9254	3.2049	-2.3338	1.0
1	1591	1.0632	5.9254	3.2049	-2.3338	1.0
1	1592	1.8411	4.4084	3.0021	-1.9086	1.0
1	1593	1.9552	2.9185	4.0851	-6.6815	1.0
1	1594	0.6568	1.8782	3.6468	-3.6445	1.0
1	1595	0.8597	2.8116	3.7068	-3.3521	1.0
1	1596	0.8597	2.8116	3.7068	-3.3521	1.0
1	1597	0.3232	1.6123	4.5865	-4.6919	1.0
1	1598	0.8321	6.1061	3.5406	-1.842	1.0
1	1599	0.8321	6.1061	3.5406	-1.842	1.0
2	0	0.9771	3.5982	2.3346	-2.6302	1.0
2	1	1.2142	2.5962	4.2684	-4.0293	1.0
2	2	0.7522	7.3104	4.0041	-4.085	1.0
2	3	0.6424	2.0681	2.9223	-4.2095	1.0
2	4	1.2335	5.3187	2.9682	-6.6307	1.0
2	5	1.5408	5.8311	5.1628	-7.3588	1.0
2	6	0.9188	2.6893	3.2776	-6.6615	1.0
2	7	2.4428	9.9822	2.5748	-1.7859	1.0
2	8	0.9272	2.6546	2.6938	-2.6451	1.0
2	9	0.9447	6.3676	3.8006	-2.5323	1.0
2	10	1.6614	9.6229	2.7725	-3.8078	1.0
2	11	1.4876	3.1367	2.885	-4.2678	1.0
2	12	3.1591	7.5954	2.4757	-3.4245	1.0
2	13	1.9407	3.9856	3.8385	-4.8845	1.0
2	14	2.0607	4.8192	3.1618	-5.6573	1.0
2	15	1.7194	5.0473	4.0069	-8.6217	1.0
2	16	0.648	8.6562	3.7063	-7.0093	1.0
2	17	0.4298	4.0506	3.475	-7.317	1.0
2	18	0.5737	4.252	2.8362	-1.9793	1.0
2	19	0.5737	4.252	2.8362	-1.9793	1.0
2	20	0.9192	3.6169	3.6439	-1.8625	1.0
2	21	1.5403	1.7396	3.9969	-3.1355	1.0
2	22	2.4213	8.2625	3.2779	-1.7468	1.0
2	23	1.2333	9.6548	3.3374	-1.909	1.0
2	24	2.2638	2.5882	3.3255	-4.5561	1.0
2	25	2.4379	3.1079	2.1742	-3.548	1.0
2	26	1.1119	3.1506	5.6923	-2.9917	1.0
2	27	1.1595	4.8337	4.3511	-5.5995	1.0
2	28	2.2622	2.2014	3.0481	-4.4461	1.0
2	29	2.2377	7.4791	2.7871	-1.9585	1.0
2	30	3.3925	3.2097	2.9758	-2.4629	1.0
2	31	1.3615	1.4837	2.9221	-5.2622	1.0
2	32	0.6303	3.8143	3.8417	-5.3991	1.0
2	33	1.0887	3.5968	3.8172	-2.7142	1.0
2	34	1.0887	3.5968	3.8172	-2.7142	1.0
2	35	2.523	5.2586	2.598	-1.9369	1.0
2	36	2.523	5.2586	2.598	-1.9369	1.0
2	37	2.523	5.2586	2.598	-1.9369	1.0
2	38	4.0324	5.6716	2.186	-2.4804	1.0
2	39	2.8769	4.1327	2.4421	-2.4071	1.0
2	40	1.8807	2.5898	3.5778	-3.0725	1.0
2	41	1.8807	2.5898	3.5778	-3.0725	1.0
2	42	2.2097	1.6614	3.837	-5.5769	1.0
2	43	2.8504	1.3215	4.9326	-4.7022	1.0
2	44	2.2421	3.6646	3.9014	-4.2837	1.0
2	45	2.1214	2.5122	2.7895	-2.297	1.0
2	46	2.1405	3.0695	3.4459	-5.216	1.0
2	47	1.3825	4.2019	3.2162	-5.0325	1.0
2	48	1.1161	3.0558	3.6388	-2.6773	1.0
2	49	2.1018	3.0201	3.0822	-4.0477	1.0
2	50	0.9922	3.4795	4.8932	-5.9845	1.0
2	51	2.5397	3.9822	3.0311	-3.4677	1.0
2	52	1.514	2.7721	4.7418	-5.0497	1.0
2	53	1.9471	3.6773	2.6063	-2.0425	1.0
2	54	1.9471	3.6773	2.6063	-2.0425	1.0
2	55	1.9471	3.6773	2.6063	-2.0425	1.0
2	56	1.217	6.2322	4.9286	-5.5417	1.0
2	57	0.9998	3.745	4.2041	-3.6662	1.0
2	58	1.0681	2.7168	4.179	-6.7614	1.0
2	59	1.5425	4.2036	2.9842	-2.3309	1.0
2	60	1.2785	2.2439	5.4499	-8.6209	1.0
2	61	1.5264	1.9001	4.7344	-4.0262	1.0
2	62	2.2255	1.6589	4.068	-3.4176	1.0
2	63	1.0387	2.844	3.566	-3.0576	1.0
2	64	1.3303	9.5509	2.3402	-1.3556	1.0
2	65	1.826	6.1162	2.7521	-4.3428	1.0
2	66	1.1354	2.9127	3.7318	-2.5702	1.0
2	67	1.1354	2.9127	3.7318	-2.5702	1.0
2	68	0.8594	3.5433	4.1058	-4.2406	1.0
2	69	1.2706	5.8132	3.1442	-2.3621	1.0
2	70	3.007	2.1636	3.0033	-5.8139	1.0
2	71	0.7538	1.9064	4.9044	-5.2413	1.0
2	72	1.4225	2.1625	4.3687	-3.8174	1.0
2	73	1.1354	3.6987	4.2789	-4.0408	1.0
2	74	2.2208	2.9512	4.5761	-7.5046	1.0
2	75	2.3326	2.4122	3.64	-6.164	1.0
2	76	1.9933	3.6503	3.2534	-2.2875	1.0
2	77	1.8015	2.5404	3.1166	-2.3153	1.0
2	78	3.7656	1.6613	5.6714	-1.7971	1.0
2	79	3.2533	2.8622	4.8512	-1.7411	1.0
2	80	1.1336	2.0601	3.3179	-3.1187	1.0
2	81	3.4324	6.1434	3.9987	-4.3858	1.0
2	82	1.7917	5.7943	3.6498	-2.4207	1.0
2	83	1.1324	3.3972	3.8182	-4.5242	1.0
2	84	2.4749	6.5802	1.9503	-1.5457	1.0
2	85	2.8375	7.9019	4.0587	-4.9657	1.0
2	86	2.2891	6.887	4.683	-4.5238	1.0
2	87	1.3327	4.3504	3.9212	-1.9324	1.0
2	88	1.577	6.1281	3.8967	-3.1631	1.0
2	89	0.9999	3.2708	3.5303	-4.424	1.0
2	90	1.0977	3.8612	3.6265	-2.7544	1.0
2	91	1.0977	3.8612	3.6265	-2.7544	1.0
2	92	1.1968	3.2661	4.0482	-5.6765	1.0
2	93	2.2893	2.1058	3.7776	-5.4907	1.0
2	94	1.9729	3.812	3.7988	-1.7899	1.0
2	95	1.2859	4.6513	4.5834	-2.598	1.0
2	96	1.614	4.1088	5.1314	-9.9471	1.0
2	97	1.9544	0.8858	4.6955	-4.9928	1.0
2	98	2.0223	5.3833	4.6236	-3.0539	1.0
2	99	3.6781	4.1466	4.6092	-3.892	1.0
2	100	3.1278	2.4602	2.638	-1.7764	1.0
2	101	0.7421	2.4826	3.505	-3.5978	1.0
2	102	1.0965	2.4246	3.8111	-4.5948	1.0
2	103	0.7581	6.4945	3.2116	-1.4579	1.0
2	104	0.643	5.2975	4.1677	-3.4775	1.0
2	105	1.3169	1.4882	2.9205	-2.5256	1.0
2	106	1.6209	3.0546	2.1951	-3.7566	1.0
2	107	1.3859	5.6768	2.8506	-2.5688	1.0
2	108	1.2825	6.4756	2.9232	-1.3817	1.0
2	109	1.8548	2.3374	2.4792	-3.2474	1.0
2	110	0.6632	6.5395	3.0985	-1.9066	1.0
2	111	1.1706	7.4937	3.9042	-3.334	1.0
2	112	0.773	9.5369	3.9996	-1.5753	1.0
2	113	1.618	2.2577	2.8314	-5.7349	1.0
2	114	0.7282	3.061	5.4906	-4.7649	1.0
2	115	2.3241	7.2891	3.9012	-4.02	1.0
2	116	1.5278	6.7331	3.9949	-4.3081	1.0
2	117	1.3507	4.164	3.334	-5.341	1.0
2	118	0.5131	6.9132	5.6082	-6.4239	1.0
2	119	0.5131	6.9132	5.6082	-6.4239	1.0
2	120	1.6314	2.5614	3.7784	-7.5592	1.0
2	121	1.3847	3.5114	3.9456	-5.2652	1.0
2	122	0.715	9.5709	3.0798	-2.3971	1.0
2	123	2.9111	9.9867	2.9969	-2.1046	1.0
2	124	1.8169	4.7942	2.8641	-1.825	1.0
2	125	1.8169	4.7942	2.8641	-1.825	1.0
2	126	1.4316	9.0085	1.8207	-1.6193	1.0
2	127	4.1043	5.2868	2.1312	-1.8573	1.0
2	128	2.8419	2.8172	4.2364	-3.8804	1.0
2	129	1.2815	3.9297	3.2568	-1.8779	1.0
2	130	1.6129	4.7647	2.8201	-2.7386	1.0
2	131	0.7697	1.5997	3.7399	-4.979	1.0
2	132	1.0495	3.3605	4.4134	-6.5563	1.0
2	133	1.3861	2.9294	3.7421	-7.2385	1.0
2	134	0.7485	2.4016	3.6627	-2.387	1.0
2	135	1.4148	6.8147	2.9593	-2.0213	1.0
2	136	0.8315	6.3112	4.4284	-5.1773	1.0
2	137	1.7598	4.1505	3.6624	-3.2808	1.0
2	138	1.9713	9.8299	2.1289	-2.2843	1.0
2	139	2.8238	6.9053	2.0839	-2.4687	1.0
2	140	3.4891	9.169	2.6195	-2.8384	1.0
2	141	1.9717	5.804	3.529	-3.7562	1.0
2	142	1.9689	2.5074	3.8013	-6.0198	1.0
2	143	1.2258	4.839	2.9327	-2.7139	1.0
2	144	1.4059	4.978	2.2312	-2.0649	1.0
2	145	1.489	4.3348	4.2592	-2.8633	1.0
2	146	3.1657	2.4109	2.3287	-3.7083	1.0
2	147	0.6785	8.1571	3.3188	-1.9075	1.0
2	148	1.0621	6.3825	3.722	-4.3446	1.0
2	149	1.8068	7.2003	4.2454	-1.999	1.0
2	150	1.5766	3.5381	3.5945	-4.3683	1.0
2	151	2.7719	8.3363	3.6151	-3.1236	1.0
2	152	2.1436	9.127	4.337	-1.9642	1.0
2	153	2.1436	9.127	4.337	-1.9642	1.0
2	154	3.7564	5.4422	3.3067	-5.7939	1.0
2	155	4.3077	6.2738	2.1781	-3.4085	1.0
2	156	1.688	8.48	3.7023	-4.3517	1.0
2	157	0.8187	7.291	3.708	-1.7115	1.0
2	158	1.3143	4.5941	3.4097	-1.7202	1.0
2	159	1.0696	1.7644	4.0547	-2.598	1.0
2	160	0.5223	4.7835	5.7352	-5.393	1.0
2	161	0.5869	8.115	4.3018	-6.9341	1.0
2	162	1.6147	4.5883	3.1501	-3.7684	1.0
2	163	2.237	3.9853	3.8318	-4.093	1.0
2	164	1.5402	3.2143	3.1236	-4.0383	1.0
2	165	1.5985	2.6458	3.5432	-6.0272	1.0
2	166	4.0704	2.3974	4.1824	-5.0592	1.0
2	167	2.2132	2.7777	2.9231	-2.5468	1.0
2	168	2.3945	3.4901	4.1363	-5.5709	1.0
2	169	1.9706	4.3974	3.4271	-5.0482	1.0
2	170	0.5538	6.0892	3.0848	-1.805	1.0
2	171	0.5538	6.0892	3.0848	-1.805	1.0
2	172	1.836	5.9885	4.2475	-7.0168	1.0
2	173	1.838	6.1404	2.793	-1.8225	1.0
2	174	1.1482	8.8827	3.0257	-1.5802	1.0
2	175	2.4095	3.2926	2.6373	-2.9778	1.0
2	176	2.9432	1.6038	5.3576	-3.5203	1.0
2	177	2.7475	3.0433	5.1279	-2.7256	1.0
2	178	1.2891	2.0624	3.5659	-2.5433	1.0
2	179	2.7274	2.5624	2.7629	-2.3579	1.0
2	180	1.9576	3.8882	2.4415	-2.029	1.0
2	181	1.5874	6.0326	2.1137	-1.9912	1.0
2	182	1.5888	6.0055	2.4459	-1.2691	1.0
2	183	1.5888	6.0055	2.4459	-1.2691	1.0
2	184	1.5888	6.0055	2.4459	-1.2691	1.0
2	185	1.4029	3.2969	2.816	-1.9552	1.0
2	186	1.6686	7.6188	3.8708	-3.8507	1.0
2	187	1.0931	4.2382	4.395	-4.9923	1.0
2	188	2.2068	2.9557	5.6517	-8.9559	1.0
2	189	0.7594	2.428	5.6669	-6.2907	1.0
2	190	3.1018	3.7817	2.3968	-4.2114	1.0
2	191	2.0929	1.514	3.3486	-2.1797	1.0
2	192	1.4938	2.3537	2.4379	-1.7809	1.0
2	193	2.059	5.1176	2.2861	-1.5656	1.0
2	194	1.7417	1.868	4.0391	-6.5346	1.0
2	195	1.2132	3.5535	4.0375	-3.2305	1.0
2	196	1.1188	1.6738	3.1633	-3.978	1.0
2	197	0.5293	2.0433	4.2762	-2.8089	1.0
2	198	0.5293	2.0433	4.2762	-2.8089	1.0
2	199	1.3824	1.4744	3.3545	-5.382	1.0
2	200	0.8895	2.2791	3.6099	-1.832	1.0
2	201	0.8895	2.2791	3.6099	-1.832	1.0
2	202	3.3923	2.8244	3.1902	-4.0752	1.0
2	203	3.3923	2.8244	3.1902	-4.0752	1.0
2	204	1.1842	3.7016	3.4581	-2.2713	1.0
2	205	1.7783	8.7239	3.8302	-4.4583	1.0
2	206	1.1498	5.4803	4.3767	-4.8188	1.0
2	207	1.452	3.8029	4.5046	-5.21	1.0
2	208	1.1273	5.4246	4.2521	-3.3281	1.0
2	209	1.5537	6.2759	3.4613	-3.1064	1.0
2	210	1.8167	6.4143	4.9395	-8.0818	1.0
2	211	1.4816	5.4984	3.8556	-4.6136	1.0
2	212	1.7628	3.3998	3.9426	-2.3411	1.0
2	213	1.7616	3.0479	3.6337	-3.8489	1.0
2	214	3.0336	5.9693	3.7335	-3.4619	1.0
2	215	1.4726	3.1034	4.4904	-1.7669	1.0
2	216	1.1904	3.1922	3.4218	-2.5379	1.0
2	217	1.3588	2.3865	4.2084	-6.1518	1.0
2	218	1.584	3.566	3.6245	-4.1083	1.0
2	219	1.7747	3.7295	2.524	-2.6501	1.0
2	220	2.9148	2.9102	3.5778	-3.1677	1.0
2	221	1.9329	2.4682	2.5669	-4.3723	1.0
2	222	1.229	1.103	3.1102	-4.3373	1.0
2	223	1.7765	2.2165	4.9633	-6.4672	1.0
2	224	1.651	3.035	3.3647	-4.3538	1.0
2	225	1.2594	4.2	3.6964	-3.986	1.0
2	226	1.3636	1.4671	3.4512	-2.8535	1.0
2	227	1.9378	4.3066	3.3729	-4.2929	1.0
2	228	1.9378	4.3066	3.3729	-4.2929	1.0
2	229	3.3543	2.1961	2.3792	-3.0379	1.0
2	230	2.9404	1.2364	3.9973	-4.2794	1.0
2	231	0.4451	2.5052	2.4746	-3.3762	1.0
2	232	2.8918	2.8386	2.4691	-9.5014	1.0
2	233	1.9756	1.7127	4.4681	-3.9007	1.0
2	234	0.6982	0.8406	4.1416	-8.6081	1.0
2	235	0.6707	3.4497	4.0751	-2.7787	1.0
2	236	2.7252	2.4592	3.7058	-2.0335	1.0
2	237	1.0753	3.5935	4.0157	-2.7642	1.0
2	238	2.7014	2.9993	2.7603	-2.9746	1.0
2	239	1.5758	3.0435	4.1158	-1.6419	1.0
2	240	0.8723	3.3897	4.6269	-3.6647	1.0
2	241	1.8285	2.5351	2.9065	-4.6735	1.0
2	242	2.3642	5.174	3.2298	-3.6234	1.0
2	243	0.7981	1.0291	5.2318	-2.5188	1.0
2	244	3.9188	1.7471	2.4912	-3.8936	1.0
2	245	2.3497	5.8021	3.5019	-4.2867	1.0
2	246	1.3297	9.6228	3.9669	-4.38	1.0
2	247	3.0985	4.8139	3.3129	-3.9652	1.0
2	248	3.4757	6.1427	4.0807	-3.2477	1.0
2	249	1.8138	8.0867	3.5874	-1.9405	1.0
2	250	1.8138	8.0867	3.5874	-1.9405	1.0
2	251	1.1991	1.3184	5.3936	-10.6438	1.0
2	252	1.5475	5.1852	3.7537	-8.4391	1.0
2	253	1.6684	6.7604	4.8314	-4.2482	1.0
2	254	1.7124	8.6547	2.3628	-1.4395	1.0
2	255	1.6595	9.9976	2.263	-1.0711	1.0
2	256	2.7411	3.6761	3.0194	-3.5733	1.0
2	257	1.886	3.2454	2.5103	-3.1061	1.0
2	258	1.9621	5.2073	3.6933	-4.8519	1.0
2	259	1.5701	4.188	2.3663	-1.8859	1.0
2	260	2.0915	9.0735	2.6248	-2.6993	1.0
2	261	2.7857	5.3068	1.5815	-1.3193	1.0
2	262	2.5194	4.5677	3.1588	-1.6275	1.0
2	263	0.9692	3.4814	3.5965	-2.7004	1.0
2	264	2.028	1.1027	4.2838	-6.3303	1.0
2	265	0.9233	7.7241	2.532	-1.2657	1.0
2	266	2.9099	1.4965	3.3742	-3.2733	1.0
2	267	2.8555	2.8052	5.1965	-6.1953	1.0
2	268	3.1437	1.8981	3.4673	-5.0139	1.0
2	269	2.3682	2.514	2.6455	-3.1673	1.0
2	270	2.0403	4.2456	2.6194	-1.6186	1.0
2	271	2.2905	4.5364	2.4994	-4.4027	1.0
2	272	2.0189	6.2862	2.3388	-1.3337	1.0
2	273	1.2226	3.0462	3.4018	-2.3227	1.0
2	274	0.9019	4.7826	3.8317	-2.0463	1.0
2	275	0.6385	2.7418	3.169	-5.3091	1.0
2	276	1.0504	1.6343	2.8234	-3.1179	1.0
2	277	1.3402	2.7962	2.7788	-3.6772	1.0
2	278	0.563	3.9434	3.5943	-2.4388	1.0
2	279	1.8573	3.2176	2.8042	-4.7836	1.0
2	280	1.0713	6.9576	3.2239	-2.971	1.0
2	281	1.3569	4.792	2.1342	-2.0936	1.0
2	282	0.8896	4.7764	2.4833	-2.0864	1.0
2	283	0.8896	4.7764	2.4833	-2.0864	1.0
2	284	1.0151	3.2941	2.7753	-3.0729	1.0
2	285	2.4331	3.256	3.6139	-2.4038	1.0
2	286	1.2748	3.4433	3.1415	-1.7311	1.0
2	287	2.1091	2.2356	4.5537	-7.5135	1.0
2	288	2.0148	2.1187	3.5736	-2.4494	1.0
2	289	1.1958	2.1779	3.8601	-4.3685	1.0
2	290	0.7279	9.2343	5.6767	-8.0776	1.0
2	291	1.1952	3.3765	5.8317	-5.868	1.0
2	292	2.5194	9.3897	2.4954	-2.5139	1.0
2	293	3.8645	7.2599	3.7723	-6.7185	1.0
2	294	2.6577	4.569	4.4754	-8.4273	1.0
2	295	2.4789	7.6595	3.1088	-2.2175	1.0
2	296	3.7986	4.423	3.5016	-1.8499	1.0
2	297	2.7105	1.8117	3.2827	-6.3227	1.0
2	298	0.9317	6.4083	4.1905	-3.2537	1.0
2	299	1.5979	8.4985	3.7953	-5.0511	1.0
2	300	1.4612	9.8919	3.6469	-1.6557	1.0
2	301	4.5222	2.0078	2.9282	-3.823	1.0
2	302	5.2054	5.7326	2.4357	-3.591	1.0
2	303	2.2415	4.6081	4.8058	-6.2334	1.0
2	304	2.2415	4.6081	4.8058	-6.2334	1.0
2	305	1.4787	1.9215	4.004	-9.0858	1.0
2	306	0.9326	2.5913	4.2291	-8.666	1.0
2	307	0.4729	3.8321	5.204	-8.4925	1.0
2	308	3.165	1.9287	2.4427	-4.511	1.0
2	309	1.3651	7.9559	2.3497	-1.532	1.0
2	310	1.7323	6.2836	4.3767	-2.9777	1.0
2	311	1.3963	6.4671	2.439	-1.2552	1.0
2	312	1.9663	3.8926	3.1802	-4.0131	1.0
2	313	2.1451	3.2859	3.8087	-4.5982	1.0
2	314	4.4573	3.6228	3.6863	-1.3214	1.0
2	315	1.146	6.3054	2.3901	-2.4023	1.0
2	316	2.1422	1.7013	2.5745	-3.6771	1.0
2	317	1.2005	3.8982	2.7433	-2.1206	1.0
2	318	1.3604	6.7626	3.0424	-1.6142	1.0
2	319	1.2793	8.6697	3.8308	-3.1474	1.0
2	320	1.9917	3.1123	4.5375	-6.6681	1.0
2	321	1.9726	2.1529	4.0762	-3.1415	1.0
2	322	1.1899	3.2762	2.9519	-2.2652	1.0
2	323	1.3309	2.6284	3.2141	-4.4506	1.0
2	324	2.5863	4.3748	2.4364	-1.5778	1.0
2	325	2.9843	3.7744	3.9991	-4.4997	1.0
2	326	2.2736	2.836	4.3564	-4.1898	1.0
2	327	2.3646	1.7033	2.8007	-3.0083	1.0
2	328	1.4365	6.3013	2.9434	-1.5723	1.0
2	329	1.0995	2.9274	3.2074	-3.135	1.0
2	330	2.3616	4.0463	2.9986	-3.0688	1.0
2	331	1.5576	4.7082	3.4005	-2.0845	1.0
2	332	1.5843	4.5848	2.4096	-1.7975	1.0
2	333	1.26	7.3973	2.4635	-1.4713	1.0
2	334	1.1977	5.9171	2.7291	-1.4731	1.0
2	335	1.0694	4.7022	3.7511	-4.1692	1.0
2	336	1.6034	9.7406	3.5896	-1.3315	1.0
2	337	2.1196	4.2798	3.2973	-1.9311	1.0
2	338	1.5042	3.5023	2.74	-2.908	1.0
2	339	1.2003	1.3689	3.5031	-5.0483	1.0
2	340	0.4929	1.635	2.8276	-2.5076	1.0
2	341	0.8423	3.8034	4.4743	-1.4604	1.0
2	342	1.1948	4.893	5.012	-4.9797	1.0
2	343	1.0519	2.1047	5.6834	-5.8106	1.0
2	344	2.2788	3.2868	4.8	-7.2737	1.0
2	345	3.519	4.3831	2.6217	-1.7775	1.0
2	346	2.4369	4.7631	2.1278	-1.7636	1.0
2	347	1.6366	4.2763	3.1481	-4.0811	1.0
2	348	1.2183	6.8056	2.4648	-2.0187	1.0
2	349	1.9787	4.5561	2.2056	-2.9061	1.0
2	350	2.3587	2.371	3.2918	-2.1187	1.0
2	351	2.5686	1.939	5.3935	-6.8274	1.0
2	352	1.2357	3.9017	4.8447	-2.5173	1.0
2	353	1.7594	6.3388	3.1308	-1.4048	1.0
2	354	4.4646	4.3815	3.1395	-2.6271	1.0
2	355	1.0734	5.495	4.2988	-1.9028	1.0
2	356	1.4538	6.7712	3.2904	-1.6449	1.0
2	357	2.2031	1.6981	3.5269	-4.0221	1.0
2	358	2.3673	4.6401	3.4253	-6.4944	1.0
2	359	1.7271	8.5661	2.5978	-1.3057	1.0
2	360	1.7271	8.5661	2.5978	-1.3057	1.0
2	361	2.7399	4.3646	2.324	-2.0362	1.0
2	362	1.9218	8.2459	2.137	-1.6683	1.0
2	363	3.0568	2.3442	2.2669	-1.5681	1.0
2	364	1.4814	3.8183	3.0927	-3.0755	1.0
2	365	1.7645	3.184	4.0615	-4.2205	1.0
2	366	2.4439	3.9231	2.2139	-3.401	1.0
2	367	2.6553	3.2151	2.1314	-3.6678	1.0
2	368	3.7244	2.5713	2.6779	-5.7335	1.0
2	369	2.8637	1.2914	3.7598	-2.5258	1.0
2	370	1.7087	2.513	4.4266	-3.8301	1.0
2	371	1.6207	2.5679	5.5589	-9.6305	1.0
2	372	0.7739	5.8346	3.2763	-2.2231	1.0
2	373	2.3719	2.7209	3.4586	-3.2909	1.0
2	374	2.8903	3.4042	5.6592	-8.8817	1.0
2	375	1.4166	1.8827	5.37	-8.855	1.0
2	376	1.8093	5.8926	4.0248	-1.5484	1.0
2	377	2.0502	9.5102	3.4387	-1.3074	1.0
2	378	2.0264	8.5595	3.472	-1.8206	1.0
2	379	2.0264	8.5595	3.472	-1.8206	1.0
2	380	1.5409	4.0388	3.9292	-4.099	1.0
2	381	1.029	4.8754	3.0878	-2.0161	1.0
2	382	2.4434	1.3761	4.5478	-2.7783	1.0
2	383	1.0998	3.8956	2.6259	-2.1346	1.0
2	384	2.3786	2.7478	3.6106	-2.0204	1.0
2	385	1.4063	4.7389	3.9519	-4.959	1.0
2	386	1.619	5.5463	4.5176	-3.4169	1.0
2	387	1.545	5.9646	4.3923	-3.5429	1.0
2	388	0.7314	4.0179	3.6368	-2.509	1.0
2	389	1.052	2.9485	4.7292	-6.961	1.0
2	390	0.54	3.3448	3.9094	-2.8054	1.0
2	391	2.0689	2.1266	4.192	-4.9509	1.0
2	392	1.2883	3.8657	4.0584	-5.5208	1.0
2	393	1.4015	5.1233	2.5974	-1.7267	1.0
2	394	0.8513	7.4965	2.1398	-1.7926	1.0
2	395	1.991	2.6393	3.1151	-3.935	1.0
2	396	1.5352	2.8231	3.0439	-3.2754	1.0
2	397	1.2033	3.6215	3.0146	-2.1527	1.0
2	398	1.4302	8.8834	3.0978	-4.0652	1.0
2	399	1.6557	3.7986	5.6198	-5.452	1.0
2	400	2.1388	2.6649	5.3403	-3.578	1.0
2	401	1.3024	7.5508	3.8896	-4.9297	1.0
2	402	2.6334	2.9877	5.1446	-7.6445	1.0
2	403	3.4804	5.1134	4.7049	-3.6361	1.0
2	404	2.5305	5.6941	3.4016	-1.7133	1.0
2	405	1.9168	8.6709	3.2876	-2.975	1.0
2	406	1.8817	8.4073	2.4328	-1.7565	1.0
2	407	2.2585	7.8494	3.2065	-1.5197	1.0
2	408	1.2828	5.3999	4.4935	-4.8902	1.0
2	409	1.4836	4.3727	4.6503	-2.2194	1.0
2	410	2.7025	1.5074	3.0374	-4.9881	1.0
2	411	1.6034	2.5181	2.7704	-3.5063	1.0
2	412	1.6034	2.5181	2.7704	-3.5063	1.0
2	413	1.6804	1.9926	3.2903	-4.7682	1.0
2	414	1.5875	4.5038	2.8059	-1.6653	1.0
2	415	2.8913	2.0532	2.8826	-3.0786	1.0
2	416	1.6691	3.4938	4.0706	-5.0953	1.0
2	417	1.4016	3.5368	4.6427	-2.5341	1.0
2	418	1.1298	4.651	3.6273	-2.6169	1.0
2	419	2.9813	6.3802	3.0578	-4.2471	1.0
2	420	3.6523	5.1032	2.5497	-2.9642	1.0
2	421	1.8646	9.5757	2.2956	-1.4179	1.0
2	422	1.3295	5.4598	2.6519	-2.3634	1.0
2	423	1.5604	3.7351	3.1754	-2.2018	1.0
2	424	2.0152	1.8306	3.8494	-5.295	1.0
2	425	1.8454	1.325	3.0471	-4.9139	1.0
2	426	3.5542	1.2905	2.7077	-2.2727	1.0
2	427	4.1652	0.9408	3.5121	-5.8374	1.0
2	428	2.7259	1.5601	3.4231	-3.3735	1.0
2	429	1.8131	6.5625	3.2827	-2.1191	1.0
2	430	0.9928	2.569	4.531	-3.689	1.0
2	431	0.6585	4.6372	3.5045	-2.6283	1.0
2	432	0.9065	2.3951	4.979	-4.8249	1.0
2	433	1.0946	2.3591	3.535	-4.9486	1.0
2	434	2.3547	2.6657	2.4517	-2.345	1.0
2	435	1.9186	0.5916	3.1153	-5.9582	1.0
2	436	2.553	2.5675	3.7409	-7.719	1.0
2	437	5.0179	7.1969	4.2425	-8.2122	1.0
2	438	1.4194	3.784	3.3148	-6.7306	1.0
2	439	1.9177	3.9684	4.0873	-4.4047	1.0
2	440	3.6986	2.5536	4.1906	-7.1466	1.0
2	441	1.9589	5.22	3.544	-5.5955	1.0
2	442	1.9856	3.5182	5.0303	-4.1057	1.0
2	443	3.3153	1.9668	4.8884	-4.1391	1.0
2	444	1.0682	3.6038	3.346	-2.1359	1.0
2	445	1.0682	3.6038	3.346	-2.1359	1.0
2	446	0.8622	2.2895	3.8378	-3.4367	1.0
2	447	0.8947	3.3914	2.8778	-2.2533	1.0
2	448	0.8947	3.3914	2.8778	-2.2533	1.0
2	449	1.4523	7.1085	2.8042	-1.7808	1.0
2	450	1.1057	2.705	2.7429	-1.9506	1.0
2	451	1.9895	3.7003	2.6146	-2.727	1.0
2	452	1.4517	5.5863	3.43	-3.0758	1.0
2	453	1.8081	5.5025	2.7867	-1.2844	1.0
2	454	1.0992	2.5167	4.5611	-4.3706	1.0
2	455	1.3508	1.9948	4.1673	-3.6391	1.0
2	456	3.0639	3.9441	5.68	-5.8861	1.0
2	457	2.1574	9.9406	4.8069	-4.3835	1.0
2	458	1.4056	2.9603	5.5772	-9.87	1.0
2	459	1.7443	3.0207	3.5837	-4.4839	1.0
2	460	1.028	6.1484	4.7775	-2.1339	1.0
2	461	1.1311	2.8644	3.5763	-2.565	1.0
2	462	1.1311	2.8644	3.5763	-2.565	1.0
2	463	1.1883	3.7117	3.2707	-2.2916	1.0
2	464	2.4578	2.9398	2.8477	-3.9972	1.0
2	465	1.514	4.0818	2.815	-2.0164	1.0
2	466	1.0893	3.0598	3.5636	-2.4607	1.0
2	467	2.5484	6.6372	3.2798	-4.7161	1.0
2	468	1.8469	4.4079	3.643	-1.6196	1.0
2	469	2.6346	8.4941	2.0875	-1.6568	1.0
2	470	2.5415	4.4897	1.7925	-1.9578	1.0
2	471	2.2555	2.0923	3.2461	-2.3198	1.0
2	472	1.5399	6.4768	4.4843	-5.2351	1.0
2	473	2.1766	2.6226	3.4275	-5.7823	1.0
2	474	1.5907	6.3524	3.3131	-2.0858	1.0
2	475	1.0124	4.5219	3.4348	-2.3911	1.0
2	476	1.8568	8.2555	2.5383	-1.5115	1.0
2	477	3.0664	1.9661	4.2812	-3.9681	1.0
2	478	1.6138	4.2509	3.4752	-2.121	1.0
2	479	3.962	4.8377	2.389	-3.1175	1.0
2	480	2.0245	7.1451	5.2366	-5.4925	1.0
2	481	1.0115	9.0237	5.0714	-1.7256	1.0
2	482	1.651	4.8601	3.4749	-2.6124	1.0
2	483	3.2011	1.6415	3.3139	-3.8145	1.0
2	484	1.586	5.0329	3.4351	-5.1708	1.0
2	485	2.2984	2.782	3.0259	-3.192	1.0
2	486	1.8355	3.3	3.8128	-6.3152	1.0
2	487	1.6358	3.3761	3.7332	-5.3362	1.0
2	488	4.6201	8.864	2.8027	-1.8538	1.0
2	489	3.4517	3.3186	3.4534	-5.2979	1.0
2	490	3.417	2.9099	2.2947	-1.9628	1.0
2	491	1.6136	3.5187	3.3874	-3.5089	1.0
2	492	1.8421	2.3407	4.1106	-5.296	1.0
2	493	1.4544	4.7143	5.5479	-6.4591	1.0
2	494	3.1139	2.0635	2.9779	-4.0159	1.0
2	495	1.3747	2.015	3.7349	-3.0937	1.0
2	496	1.6831	3.1286	3.2262	-2.4673	1.0
2	497	1.6831	3.1286	3.2262	-2.4673	1.0
2	498	1.298	3.7619	3.3841	-2.3895	1.0
2	499	2.8001	5.4677	2.2778	-3.1387	1.0
2	500	1.6783	3.7761	2.1687	-2.0863	1.0
2	501	1.2614	1.7965	4.0008	-2.7316	1.0
2	502	0.7053	1.875	4.987	-3.0524	1.0
2	503	1.3828	4.5472	3.5825	-5.5167	1.0
2	504	0.8239	9.3324	3.924	-2.5306	1.0
2	505	1.3891	5.2697	3.3832	-2.9561	1.0
2	506	2.4119	5.3833	2.6061	-2.2611	1.0
2	507	2.9917	2.6616	3.4116	-4.9729	1.0
2	508	2.3286	2.848	3.2443	-4.4679	1.0
2	509	1.8439	3.0875	3.2758	-2.8523	1.0
2	510	1.3806	3.1475	4.3187	-3.5136	1.0
2	511	0.9304	7.632	2.6955	-1.3766	1.0
2	512	1.3314	2.2512	4.4577	-2.9199	1.0
2	513	1.2655	6.7551	3.5782	-1.6632	1.0
2	514	3.383	3.1995	4.0383	-9.4963	1.0
2	515	4.1971	2.8332	3.6151	-5.0757	1.0
2	516	1.3485	3.6651	3.0821	-4.8678	1.0
2	517	1.5791	3.0232	2.7005	-3.7929	1.0
2	518	1.6	4.8433	3.4952	-1.9255	1.0
2	519	1.4288	3.8597	4.159	-5.5537	1.0
2	520	0.8437	6.6982	2.5375	-1.5184	1.0
2	521	0.5546	5.247	3.5865	-1.8044	1.0
2	522	0.6483	3.1228	3.3606	-3.3193	1.0
2	523	0.6199	5.4467	3.2643	-2.6884	1.0
2	524	1.829	5.0833	3.7175	-4.3711	1.0
2	525	0.8655	3.2925	4.0732	-3.9077	1.0
2	526	2.3558	0.9216	4.3216	-4.8565	1.0
2	527	3.5433	1.85	3.9356	-4.0681	1.0
2	528	2.7642	2.7574	3.5026	-2.4664	1.0
2	529	1.7593	3.8966	5.0899	-4.0361	1.0
2	530	0.8908	3.4472	4.2135	-1.9574	1.0
2	531	3.8525	1.8971	3.2891	-3.7424	1.0
2	532	1.696	4.0767	5.2908	-5.9613	1.0
2	533	1.3776	4.0279	3.6358	-3.7553	1.0
2	534	1.5198	1.4173	3.9062	-5.6148	1.0
2	535	4.5592	1.7213	3.0513	-9.5391	1.0
2	536	4.4497	8.4152	2.6786	-3.3303	1.0
2	537	1.192	7.5391	3.3134	-2.7685	1.0
2	538	0.9234	5.4424	3.0679	-1.5344	1.0
2	539	1.2954	5.2846	5.1663	-8.0331	1.0
2	540	3.6556	1.8804	3.1976	-5.3846	1.0
2	541	1.8432	4.0108	2.7364	-1.6975	1.0
2	542	2.4263	4.1914	4.7635	-3.0924	1.0
2	543	2.4109	5.6811	3.37	-4.0332	1.0
2	544	1.3575	4.5284	3.3614	-1.6092	1.0
2	545	5.1668	2.4508	2.9559	-4.6685	1.0
2	546	2.8572	2.5611	2.3887	-7.8401	1.0
2	547	1.4151	4.3859	4.322	-4.1729	1.0
2	548	2.3472	4.0848	2.2199	-2.4196	1.0
2	549	1.5278	2.3901	5.214	-6.3516	1.0
2	550	0.7603	3.3826	4.7343	-3.1513	1.0
2	551	4.7061	1.9413	2.6643	-5.0316	1.0
2	552	0.9086	6.0607	2.3986	-1.6239	1.0
2	553	0.9086	6.0607	2.3986	-1.6239	1.0
2	554	1.3417	6.0832	2.6722	-2.2337	1.0
2	555	2.3515	2.6316	4.4289	-3.9449	1.0
2	556	1.7406	2.213	4.7426	-4.6956	1.0
2	557	1.9311	5.6265	3.4251	-4.3558	1.0
2	558	3.3206	1.677	5.8836	-4.7997	1.0
2	559	2.8298	1.5884	4.3123	-6.0051	1.0
2	560	4.0458	4.2786	2.9519	-5.495	1.0
2	561	2.2426	6.1119	3.3641	-2.2703	1.0
2	562	2.4888	3.7267	3.9578	-8.2525	1.0
2	563	5.0269	4.1798	5.6785	-8.3837	1.0
2	564	3.5011	2.4276	4.2553	-9.5443	1.0
2	565	1.17	5.6253	2.976	-2.5141	1.0
2	566	1.4387	7.5042	2.8943	-1.8569	1.0
2	567	0.7126	7.9728	3.0607	-1.2834	1.0
2	568	0.7126	7.9728	3.0607	-1.2834	1.0
2	569	0.8889	3.6409	3.9221	-2.5417	1.0
2	570	1.1417	2.0496	2.5571	-3.5675	1.0
2	571	1.2469	1.6042	4.5735	-7.1018	1.0
2	572	1.276	3.5203	5.0306	-2.6143	1.0
2	573	1.5965	3.2091	5.246	-2.2337	1.0
2	574	2.2093	9.0032	3.4732	-2.1773	1.0
2	575	2.9541	2.7187	4.1787	-4.5613	1.0
2	576	4.1874	1.4154	3.9058	-6.5909	1.0
2	577	1.259	4.52	3.6339	-1.8957	1.0
2	578	1.7041	5.5001	4.5131	-4.0498	1.0
2	579	1.0287	2.4159	5.4379	-5.6081	1.0
2	580	1.0207	3.2307	4.6977	-3.6752	1.0
2	581	1.2023	5.611	4.6089	-4.1653	1.0
2	582	1.5502	3.8589	4.5603	-2.1195	1.0
2	583	1.5502	3.8589	4.5603	-2.1195	1.0
2	584	0.8158	8.369	3.0882	-2.3174	1.0
2	585	1.1195	4.3482	3.2198	-3.5541	1.0
2	586	1.3069	7.0726	1.9709	-1.6207	1.0
2	587	1.2992	7.1043	3.231	-3.4422	1.0
2	588	1.5451	2.5793	2.6264	-1.7698	1.0
2	589	0.8313	1.9494	2.9156	-5.6394	1.0
2	590	2.6811	2.8141	4.1976	-2.9349	1.0
2	591	2.3718	3.3114	3.8546	-3.2247	1.0
2	592	1.6366	2.8593	3.0064	-3.8339	1.0
2	593	0.8547	5.0246	2.4684	-1.325	1.0
2	594	0.7538	5.0949	1.967	-1.5844	1.0
2	595	2.9862	5.5258	3.1574	-2.0193	1.0
2	596	2.6458	6.2775	2.9356	-1.5455	1.0
2	597	2.9776	5.8089	2.3892	-2.1234	1.0
2	598	3.2882	3.7924	1.8937	-1.7763	1.0
2	599	3.3896	5.9122	3.4752	-4.1242	1.0
2	600	3.8549	2.5349	3.6694	-3.1383	1.0
2	601	1.9543	6.8126	5.1869	-4.8203	1.0
2	602	1.6674	1.8321	4.4449	-4.6503	1.0
2	603	1.5785	3.2681	3.5243	-4.743	1.0
2	604	2.6399	7.3994	3.8703	-5.5669	1.0
2	605	2.3296	4.8662	3.5774	-2.5252	1.0
2	606	1.365	3.0168	4.3459	-3.6977	1.0
2	607	1.7773	3.0942	3.5017	-3.22	1.0
2	608	1.2922	1.9696	3.9015	-4.25	1.0
2	609	1.9922	1.7007	3.7307	-4.8698	1.0
2	610	2.5982	2.9162	4.2354	-5.156	1.0
2	611	1.2626	7.2724	5.3242	-6.109	1.0
2	612	1.1671	3.5739	4.9009	-5.7487	1.0
2	613	3.4684	4.0578	3.6443	-3.9543	1.0
2	614	1.9829	1.8637	4.6819	-5.1011	1.0
2	615	1.5362	1.4887	5.0338	-5.4866	1.0
2	616	1.0404	3.9882	3.1899	-4.3153	1.0
2	617	1.2398	4.2882	3.4078	-6.7813	1.0
2	618	1.0515	3.5749	3.1471	-4.5458	1.0
2	619	2.5193	7.3247	4.371	-1.7277	1.0
2	620	2.1228	8.0595	3.377	-5.9818	1.0
2	621	3.6144	9.1124	4.0315	-6.1982	1.0
2	622	2.0406	3.0682	3.3235	-3.4598	1.0
2	623	1.508	9.3059	2.9755	-2.7574	1.0
2	624	0.9949	4.4691	3.9357	-3.8634	1.0
2	625	2.2625	5.17	2.4695	-1.9569	1.0
2	626	1.4375	8.8363	4.5522	-1.2661	1.0
2	627	2.8555	4.0397	5.0511	-1.2947	1.0
2	628	3.1102	1.9399	4.5465	-2.2928	1.0
2	629	1.0342	2.3583	2.839	-2.3016	1.0
2	630	0.9065	1.8813	3.1886	-4.1403	1.0
2	631	1.365	4.6464	3.224	-2.1292	1.0
2	632	1.5595	7.3138	4.3597	-4.5916	1.0
2	633	1.1741	3.0945	4.1871	-4.1592	1.0
2	634	1.9977	4.7731	3.3019	-1.8137	1.0
2	635	0.7395	6.668	3.8974	-1.5571	1.0
2	636	1.2884	2.5416	3.8006	-6.6941	1.0
2	637	1.8318	3.688	2.8157	-4.0327	1.0
2	638	2.1956	2.5541	3.5434	-4.8017	1.0
2	639	3.0283	2.0011	4.5809	-5.2913	1.0
2	640	1.3035	3.1044	3.538	-2.8584	1.0
2	641	1.8096	3.0301	3.2801	-2.3421	1.0
2	642	1.6017	2.537	2.9854	-3.004	1.0
2	643	0.8427	5.8376	3.4218	-2.025	1.0
2	644	1.3691	5.3275	2.9217	-1.7365	1.0
2	645	2.1217	6.0485	3.0365	-1.8668	1.0
2	646	2.1217	6.0485	3.0365	-1.8668	1.0
2	647	2.1217	6.0485	3.0365	-1.8668	1.0
2	648	0.98	3.9827	3.7938	-4.0707	1.0
2	649	2.246	3.0424	2.1497	-2.27	1.0
2	650	1.4299	3.3179	3.0179	-2.3211	1.0
2	651	1.1293	2.645	3.7692	-2.0858	1.0
2	652	1.5599	1.0964	3.884	-4.3191	1.0
2	653	1.8236	0.7848	4.3431	-5.6926	1.0
2	654	1.8258	1.2267	3.5636	-7.4307	1.0
2	655	1.5965	3.2693	5.7044	-3.3186	1.0
2	656	2.2799	5.9611	3.8836	-6.1366	1.0
2	657	1.7666	6.8894	3.649	-1.501	1.0
2	658	1.1952	3.3392	3.5752	-1.8012	1.0
2	659	1.2835	3.6639	4.1416	-4.7234	1.0
2	660	1.9604	3.8975	3.3305	-2.566	1.0
2	661	1.9604	3.8975	3.3305	-2.566	1.0
2	662	1.4684	3.4955	3.7827	-3.7689	1.0
2	663	2.0752	4.3587	3.833	-3.4506	1.0
2	664	1.7928	3.8958	4.1899	-3.6039	1.0
2	665	1.8685	4.4744	4.8334	-1.6016	1.0
2	666	1.6783	3.3709	4.4361	-1.9811	1.0
2	667	1.4083	2.6579	5.2431	-3.5553	1.0
2	668	2.7414	4.4757	5.0873	-2.3721	1.0
2	669	2.5486	3.1918	4.2506	-2.1889	1.0
2	670	3.9805	3.3205	3.4782	-2.5753	1.0
2	671	2.6066	2.9061	3.1656	-7.3418	1.0
2	672	3.1327	2.4123	2.1567	-4.0767	1.0
2	673	2.5132	6.1316	2.1968	-1.6244	1.0
2	674	2.5132	6.1316	2.1968	-1.6244	1.0
2	675	1.3578	5.2181	2.7918	-2.3869	1.0
2	676	3.3244	6.7684	1.4219	-2.4069	1.0
2	677	3.3244	6.7684	1.4219	-2.4069	1.0
2	678	0.669	5.2522	5.3202	-9.4923	1.0
2	679	0.8293	5.2335	4.5819	-8.294	1.0
2	680	1.018	2.2228	4.7968	-5.299	1.0
2	681	1.2077	7.2332	5.2556	-4.5871	1.0
2	682	2.7519	3.7568	4.0167	-4.8808	1.0
2	683	0.4938	5.3303	4.0426	-2.5783	1.0
2	684	3.5725	3.6136	3.1397	-3.0118	1.0
2	685	2.4222	1.7317	3.2409	-5.5164	1.0
2	686	1.3216	1.3503	3.0408	-4.0853	1.0
2	687	1.8226	3.9051	2.5868	-1.6159	1.0
2	688	1.0725	2.1858	3.3297	-2.568	1.0
2	689	2.1141	3.5044	2.6012	-2.5207	1.0
2	690	4.9733	1.7573	3.2472	-4.8807	1.0
2	691	2.6156	1.9926	3.4925	-4.1848	1.0
2	692	1.1535	1.7363	3.7827	-4.9155	1.0
2	693	2.1666	2.0965	3.1894	-4.1416	1.0
2	694	2.1363	2.7959	2.3724	-1.6916	1.0
2	695	1.1712	3.6469	3.5308	-2.6193	1.0
2	696	0.8685	3.3328	4.2894	-2.8018	1.0
2	697	1.2255	2.6719	3.8839	-3.9989	1.0
2	698	1.3076	3.3678	3.321	-3.7689	1.0
2	699	2.0721	3.3126	2.9679	-3.2681	1.0
2	700	1.0179	5.592	3.8396	-3.9198	1.0
2	701	1.2031	3.9761	3.5079	-4.3767	1.0
2	702	1.8188	2.4423	3.1641	-2.1256	1.0
2	703	3.4753	4.16	2.5204	-2.1165	1.0
2	704	2.7528	5.0647	2.4462	-1.901	1.0
2	705	3.9246	2.1978	3.6826	-4.9436	1.0
2	706	3.3009	2.4827	3.8836	-3.5788	1.0
2	707	2.5386	2.9795	3.5165	-5.4168	1.0
2	708	2.5652	2.2164	3.8844	-2.5028	1.0
2	709	2.5652	2.2164	3.8844	-2.5028	1.0
2	710	1.1973	3.6573	5.043	-5.7295	1.0
2	711	0.992	5.2397	4.0746	-1.8299	1.0
2	712	0.992	5.2397	4.0746	-1.8299	1.0
2	713	1.3579	3.0425	3.8351	-4.6051	1.0
2	714	2.5843	1.4557	4.7206	-5.2535	1.0
2	715	1.2481	2.4983	5.0423	-4.2916	1.0
2	716	0.6628	4.2908	4.3288	-1.8414	1.0
2	717	0.6835	7.893	3.3025	-1.7616	1.0
2	718	1.5267	2.2108	4.3715	-5.1607	1.0
2	719	1.4709	3.8112	3.7561	-2.3248	1.0
2	720	1.6476	2.5141	2.8979	-3.1766	1.0
2	721	2.229	4.0549	3.237	-4.6514	1.0
2	722	3.4701	2.8199	2.8904	-2.467	1.0
2	723	1.588	8.2285	2.722	-1.0123	1.0
2	724	1.4469	4.6864	3.858	-2.9798	1.0
2	725	1.7993	3.1826	2.8621	-2.4374	1.0
2	726	2.7052	2.6448	1.778	-2.0769	1.0
2	727	3.2127	1.9385	1.9985	-2.3156	1.0
2	728	0.8918	6.425	3.9936	-1.2882	1.0
2	729	1.4384	2.555	3.7101	-1.7303	1.0
2	730	1.2631	2.3667	3.8595	-2.7317	1.0
2	731	0.8821	4.2583	3.6225	-3.8243	1.0
2	732	0.7328	7.276	3.3039	-1.9179	1.0
2	733	0.9742	3.3061	4.2686	-6.8916	1.0
2	734	0.8109	2.8705	4.8609	-8.6479	1.0
2	735	2.3759	4.1183	2.842	-1.927	1.0
2	736	2.2032	4.9874	2.9794	-1.9114	1.0
2	737	3.3707	2.045	5.4743	-5.4306	1.0
2	738	2.6824	3.6556	4.696	-1.4717	1.0
2	739	3.2009	1.719	4.6575	-3.3169	1.0
2	740	1.9121	5.2778	4.5782	-4.5253	1.0
2	741	2.1365	2.9578	3.086	-3.4355	1.0
2	742	2.1365	2.9578	3.086	-3.4355	1.0
2	743	2.3464	3.193	3.5796	-3.0459	1.0
2	744	1.0415	2.6855	3.9887	-5.2253	1.0
2	745	1.0958	1.9728	3.7583	-3.6746	1.0
2	746	0.9548	1.5086	2.7951	-3.581	1.0
2	747	0.9283	2.7711	3.6951	-2.3197	1.0
2	748	0.6909	3.8296	3.6239	-2.4251	1.0
2	749	0.9837	3.353	2.9654	-5.8639	1.0
2	750	0.7856	1.6985	3.7196	-7.2363	1.0
2	751	2.0662	1.9823	3.2943	-7.8042	1.0
2	752	0.6168	2.3026	4.0615	-4.2585	1.0
2	753	4.017	2.5265	1.7891	-3.2604	1.0
2	754	2.3241	2.4986	3.8664	-3.4805	1.0
2	755	2.7568	2.1271	4.3965	-4.9505	1.0
2	756	3.5286	1.6176	3.6741	-3.5745	1.0
2	757	1.718	2.7663	5.6499	-3.0474	1.0
2	758	2.0367	3.7816	2.2542	-2.5338	1.0
2	759	2.5966	3.1978	3.6097	-5.4037	1.0
2	760	1.4196	5.5075	5.9193	-6.0996	1.0
2	761	1.147	5.784	5.7885	-4.3627	1.0
2	762	1.282	3.3983	4.7262	-5.8332	1.0
2	763	2.2414	2.5854	3.4055	-4.4807	1.0
2	764	2.3426	2.2982	3.0834	-4.4014	1.0
2	765	2.722	4.0191	2.2627	-2.6535	1.0
2	766	1.4727	5.0582	3.1994	-2.3402	1.0
2	767	0.7919	6.3188	3.28	-2.0884	1.0
2	768	1.1693	4.0616	5.0719	-4.992	1.0
2	769	1.7079	9.3384	3.8278	-1.8691	1.0
2	770	1.7079	9.3384	3.8278	-1.8691	1.0
2	771	1.8774	6.9971	2.2778	-1.5835	1.0
2	772	3.757	1.9225	3.3987	-5.122	1.0
2	773	1.085	1.5258	5.1994	-3.421	1.0
2	774	0.8428	2.6622	3.6298	-3.5431	1.0
2	775	1.0083	2.4526	4.8658	-3.8231	1.0
2	776	1.8607	2.9423	2.1192	-1.9434	1.0
2	777	1.8771	3.0303	2.7224	-2.7061	1.0
2	778	2.6648	2.5576	3.3699	-2.9796	1.0
2	779	2.4241	2.9606	4.13	-6.2024	1.0
2	780	2.4241	2.9606	4.13	-6.2024	1.0
2	781	3.5643	2.7829	3.8747	-5.42	1.0
2	782	1.3856	8.8724	3.5459	-1.7818	1.0
2	783	4.2166	6.6166	3.6847	-2.8998	1.0
2	784	0.8484	4.0578	2.0171	-1.828	1.0
2	785	1.6242	6.1902	2.2687	-1.6307	1.0
2	786	1.8377	4.643	2.9156	-2.0539	1.0
2	787	2.0658	4.3552	2.7693	-4.7161	1.0
2	788	0.6853	2.2168	3.8765	-2.4064	1.0
2	789	2.9804	2.3815	4.2461	-4.4693	1.0
2	790	2.9804	2.3815	4.2461	-4.4693	1.0
2	791	1.1083	1.9359	4.1921	-5.8638	1.0
2	792	2.5646	1.9258	4.6398	-2.2816	1.0
2	793	1.3633	3.5425	4.6827	-2.3212	1.0
2	794	1.9471	2.6558	4.7435	-3.208	1.0
2	795	2.3191	2.2164	3.426	-4.4833	1.0
2	796	1.5537	9.0623	2.3739	-1.337	1.0
2	797	2.7884	6.4619	3.0358	-1.9799	1.0
2	798	3.3639	4.2796	4.9876	-3.711	1.0
2	799	1.7513	5.6383	3.4206	-1.8559	1.0
2	800	1.6048	7.4123	3.0223	-1.8773	1.0
2	801	1.3898	6.3667	2.9558	-1.6178	1.0
2	802	1.7101	2.2718	3.7874	-6.294	1.0
2	803	0.8936	2.2051	4.2326	-7.5305	1.0
2	804	2.1618	7.2658	3.3989	-1.778	1.0
2	805	1.4796	6.4067	2.6879	-1.8585	1.0
2	806	3.1256	2.4498	2.3636	-2.3308	1.0
2	807	2.0595	3.5062	2.5983	-2.4592	1.0
2	808	0.4687	5.0599	3.4109	-2.9955	1.0
2	809	4.0512	5.1319	3.2212	-10.9348	1.0
2	810	2.9737	6.1046	5.2702	-12.5891	1.0
2	811	4.8661	6.1333	3.4251	-9.7292	1.0
2	812	2.2223	4.6572	4.1799	-2.6097	1.0
2	813	0.9389	9.8847	5.993	-7.4642	1.0
2	814	0.9444	9.4148	3.3837	-4.0411	1.0
2	815	1.479	7.9581	2.5535	-1.8163	1.0
2	816	0.995	2.0533	4.5587	-6.0484	1.0
2	817	2.7169	2.5065	2.5192	-3.1552	1.0
2	818	1.782	2.3592	2.3033	-3.3464	1.0
2	819	0.6084	2.3818	3.9682	-2.9376	1.0
2	820	1.1823	3.2191	2.931	-4.1986	1.0
2	821	1.3921	7.0113	3.2261	-5.1814	1.0
2	822	2.8924	9.5322	4.3079	-4.1363	1.0
2	823	3.0283	3.258	4.9809	-6.1316	1.0
2	824	3.421	1.7875	4.3937	-4.4104	1.0
2	825	2.1924	2.253	4.0837	-4.813	1.0
2	826	1.4839	4.9988	3.8976	-1.8982	1.0
2	827	0.9444	3.513	4.8152	-3.9191	1.0
2	828	1.3548	5.4646	3.7456	-1.7743	1.0
2	829	1.3548	5.4646	3.7456	-1.7743	1.0
2	830	2.2448	9.2424	2.6579	-1.3862	1.0
2	831	2.6114	9.2983	2.0811	-1.3941	1.0
2	832	2.526	3.6367	4.3395	-6.299	1.0
2	833	0.8379	5.1638	4.9177	-7.0032	1.0
2	834	1.0049	7.5182	2.8552	-2.1363	1.0
2	835	2.2774	3.7765	3.6377	-4.0498	1.0
2	836	1.4843	7.1573	4.3393	-3.1727	1.0
2	837	1.4734	7.3508	5.3336	-1.9089	1.0
2	838	1.8411	3.8718	4.3348	-4.6421	1.0
2	839	1.6142	5.6783	4.3252	-2.0979	1.0
2	840	1.3673	2.7919	2.7141	-3.6179	1.0
2	841	0.9652	2.5743	4.5282	-4.0328	1.0
2	842	0.837	4.7367	4.6322	-1.6614	1.0
2	843	1.3196	3.7494	4.5145	-4.7127	1.0
2	844	1.957	2.5739	3.7944	-5.8033	1.0
2	845	2.3846	4.6697	2.8225	-2.8173	1.0
2	846	3.4143	3.1692	3.5016	-5.1002	1.0
2	847	1.0349	5.6564	2.4839	-1.2638	1.0
2	848	2.4266	2.7252	2.7215	-3.3757	1.0
2	849	2.3209	2.1307	2.7808	-3.4772	1.0
2	850	1.1856	3.0148	4.7453	-4.4609	1.0
2	851	1.8342	3.9941	4.1833	-4.8992	1.0
2	852	1.0259	9.6412	3.5692	-2.2573	1.0
2	853	1.595	9.8536	2.8413	-2.4193	1.0
2	854	1.0825	7.703	4.7943	-4.5214	1.0
2	855	1.1427	4.7939	2.5889	-2.031	1.0
2	856	1.4279	1.7874	4.5192	-5.2216	1.0
2	857	3.0017	4.814	3.6678	-3.897	1.0
2	858	3.1725	5.4427	3.5491	-2.3747	1.0
2	859	1.6805	3.2284	3.407	-2.7742	1.0
2	860	1.1949	3.0389	3.9418	-3.324	1.0
2	861	2.1835	6.0685	1.8109	-1.548	1.0
2	862	2.1835	6.0685	1.8109	-1.548	1.0
2	863	1.6751	2.8087	5.8957	-12.0944	1.0
2	864	0.7851	3.794	5.4028	-11.1717	1.0
2	865	3.871	4.8412	4.7982	-8.532	1.0
2	866	1.6002	2.181	5.5337	-5.3694	1.0
2	867	2.6707	1.4482	4.8794	-4.63	1.0
2	868	1.1535	1.7342	4.2549	-3.4032	1.0
2	869	1.4787	4.9867	5.8452	-4.4015	1.0
2	870	2.025	8.6693	3.608	-1.4084	1.0
2	871	1.0958	2.0421	2.9498	-4.1925	1.0
2	872	0.8318	3.3787	3.6096	-4.937	1.0
2	873	1.467	2.759	2.4904	-3.8443	1.0
2	874	3.6557	0.6572	4.0196	-6.4601	1.0
2	875	2.7382	2.2649	3.3351	-2.6405	1.0
2	876	2.2667	1.7413	4.5275	-3.903	1.0
2	877	2.5505	2.2384	3.3342	-4.395	1.0
2	878	1.4	5.0586	4.6289	-2.7433	1.0
2	879	1.4	5.0586	4.6289	-2.7433	1.0
2	880	0.8736	9.9171	3.9429	-1.9064	1.0
2	881	1.8639	2.501	3.9256	-4.6893	1.0
2	882	1.2954	2.6398	3.4209	-2.1696	1.0
2	883	0.985	3.5289	4.1909	-2.6733	1.0
2	884	4.7328	2.0754	2.7533	-2.8692	1.0
2	885	1.2218	3.9983	2.4747	-2.3639	1.0
2	886	1.2104	3.965	3.5405	-4.823	1.0
2	887	1.1032	1.9044	3.3045	-3.8699	1.0
2	888	0.9602	2.7977	4.412	-5.7295	1.0
2	889	1.1566	3.618	2.9383	-2.3108	1.0
2	890	1.9356	5.4313	4.1702	-5.1542	1.0
2	891	1.5787	3.7403	2.7035	-2.6312	1.0
2	892	2.6289	3.6295	3.3882	-6.0335	1.0
2	893	1.9521	2.9802	2.8027	-4.9383	1.0
2	894	0.6823	1.9318	4.444	-6.2499	1.0
2	895	1.5516	1.1685	3.7419	-4.8136	1.0
2	896	1.901	1.0824	4.0457	-5.6419	1.0
2	897	2.6286	1.1871	3.7197	-5.7087	1.0
2	898	1.1881	3.493	3.4814	-3.0072	1.0
2	899	1.0557	1.8585	3.5559	-6.1976	1.0
2	900	1.6566	5.0565	3.2457	-1.9267	1.0
2	901	3.0581	1.6794	3.5271	-2.741	1.0
2	902	1.0702	3.9325	2.964	-2.7202	1.0
2	903	1.5345	2.405	4.2139	-4.4459	1.0
2	904	1.1128	7.8268	3.4686	-1.6191	1.0
2	905	1.1128	7.8268	3.4686	-1.6191	1.0
2	906	0.6822	8.6941	3.7446	-1.7001	1.0
2	907	2.8361	3.1299	2.2895	-3.2632	1.0
2	908	3.5681	4.6961	3.488	-6.5918	1.0
2	909	3.083	3.3983	2.4119	-8.2175	1.0
2	910	3.2749	4.1893	1.6802	-2.2231	1.0
2	911	3.2196	2.7664	1.9234	-2.7571	1.0
2	912	2.1606	5.2232	2.8293	-1.6462	1.0
2	913	0.5466	3.186	5.1235	-4.4049	1.0
2	914	1.9306	1.5245	3.9304	-5.7485	1.0
2	915	2.2691	3.458	2.8768	-3.1851	1.0
2	916	1.6163	5.8154	2.4526	-2.1308	1.0
2	917	2.8863	2.5134	3.4008	-4.2405	1.0
2	918	1.3996	1.9256	4.8109	-5.6889	1.0
2	919	0.9389	2.9003	3.644	-4.2945	1.0
2	920	0.7023	3.2485	4.4671	-4.3697	1.0
2	921	1.7372	4.2813	4.0823	-1.7977	1.0
2	922	1.749	5.2146	3.6354	-5.0725	1.0
2	923	2.887	4.2602	4.9386	-1.9189	1.0
2	924	3.3054	1.0884	5.7836	-5.7027	1.0
2	925	1.9418	2.4023	3.1874	-3.3596	1.0
2	926	0.7338	3.4466	3.0469	-3.2304	1.0
2	927	2.2761	2.2164	4.1322	-5.1523	1.0
2	928	1.5612	1.1767	4.8438	-2.281	1.0
2	929	2.1704	2.5613	3.077	-1.2886	1.0
2	930	1.9437	4.6006	4.1323	-1.9168	1.0
2	931	1.9437	4.6006	4.1323	-1.9168	1.0
2	932	3.3819	2.1825	5.6382	-5.0975	1.0
2	933	0.9226	2.2367	4.189	-3.5497	1.0
2	934	1.6549	4.6528	3.7603	-8.4705	1.0
2	935	3.6046	4.2328	2.2609	-3.0698	1.0
2	936	0.7458	7.7247	4.9397	-3.2778	1.0
2	937	3.3145	3.6697	3.5807	-6.7352	1.0
2	938	1.2314	2.6961	3.5952	-3.202	1.0
2	939	1.6522	3.3066	2.7222	-2.8728	1.0
2	940	2.5539	5.2055	1.8386	-2.345	1.0
2	941	3.8777	7.473	2.1765	-1.7399	1.0
2	942	4.313	8.9396	1.9161	-1.3181	1.0
2	943	0.9637	8.499	3.1739	-2.2634	1.0
2	944	0.5108	5.1358	4.4984	-1.8503	1.0
2	945	1.6119	9.5584	4.2198	-3.581	1.0
2	946	1.5009	8.4717	3.6305	-1.6583	1.0
2	947	1.6377	2.8682	5.1143	-4.9308	1.0
2	948	2.2373	5.5581	3.855	-3.0335	1.0
2	949	1.9458	6.1093	5.4338	-2.8848	1.0
2	950	1.112	2.8858	4.8733	-1.3821	1.0
2	951	2.9679	3.3092	3.9396	-4.2955	1.0
2	952	2.2797	8.3269	3.4193	-2.8801	1.0
2	953	3.5233	6.6749	2.7066	-2.0143	1.0
2	954	2.3526	9.8892	3.097	-1.6769	1.0
2	955	0.8053	2.3977	3.6826	-3.836	1.0
2	956	1.0834	3.9624	3.213	-1.6309	1.0
2	957	1.5931	4.4034	3.5361	-2.5582	1.0
2	958	2.2781	2.0453	2.4883	-4.1898	1.0
2	959	1.7968	1.943	3.7043	-3.6454	1.0
2	960	1.9418	2.4722	5.1418	-5.3315	1.0
2	961	1.4238	5.74	5.2784	-4.6834	1.0
2	962	1.7578	7.4853	4.8887	-5.7254	1.0
2	963	1.5431	7.9594	5.9941	-5.7376	1.0
2	964	3.6329	4.6925	3.9123	-7.4403	1.0
2	965	1.0711	2.6055	2.9382	-2.7155	1.0
2	966	1.4573	3.0525	3.7458	-2.8805	1.0
2	967	1.7271	2.316	3.7727	-2.8117	1.0
2	968	2.4529	2.4404	2.4053	-4.4581	1.0
2	969	1.5933	2.4481	2.7325	-2.7548	1.0
2	970	4.8267	2.4434	3.5253	-8.7491	1.0
2	971	1.9708	3.1465	2.9756	-2.363	1.0
2	972	2.5101	2.0084	3.5389	-3.3572	1.0
2	973	2.2197	3.1085	3.2051	-2.8604	1.0
2	974	1.7201	6.1957	3.0062	-1.5099	1.0
2	975	1.0411	5.2733	3.2501	-3.0203	1.0
2	976	2.6556	5.0203	3.5776	-3.4455	1.0
2	977	1.4926	5.5929	3.9248	-6.5345	1.0
2	978	0.8325	6.2577	2.7421	-1.8361	1.0
2	979	0.4653	2.4152	3.5133	-3.5137	1.0
2	980	1.2232	5.318	3.1431	-3.192	1.0
2	981	1.5818	5.0898	4.6505	-5.8007	1.0
2	982	1.4421	2.4614	3.7432	-3.3412	1.0
2	983	2.1394	2.0753	3.5339	-4.1294	1.0
2	984	1.0434	7.3633	3.9693	-6.1326	1.0
2	985	1.296	4.4314	4.9331	-1.969	1.0
2	986	1.5374	5.6815	4.8963	-1.7339	1.0
2	987	1.5231	7.2176	4.9617	-1.7212	1.0
2	988	3.1532	7.9661	3.6189	-1.9075	1.0
2	989	3.7191	6.3038	5.1685	-2.0634	1.0
2	990	5.2801	7.1235	4.6557	-1.0611	1.0
2	991	1.8783	2.4065	4.993	-2.6411	1.0
2	992	2.7305	1.9618	3.2692	-2.6265	1.0
2	993	1.7497	2.0552	3.6278	-2.5322	1.0
2	994	2.3529	3.7148	4.0687	-2.8065	1.0
2	995	3.1829	4.5315	2.1631	-1.8126	1.0
2	996	2.9892	3.2003	3.4755	-4.5511	1.0
2	997	3.0313	2.7832	2.727	-2.0719	1.0
2	998	1.1035	2.4805	4.7921	-2.7456	1.0
2	999	1.4995	4.2503	4.2035	-5.3132	1.0
2	1000	0.9678	3.2729	3.7522	-3.2689	1.0
2	1001	1.3032	3.7729	2.393	-2.237	1.0
2	1002	1.3032	3.7729	2.393	-2.237	1.0
2	1003	1.0595	2.2495	4.8	-4.0488	1.0
2	1004	1.1214	4.4685	2.8806	-3.1283	1.0
2	1005	1.2439	2.8898	2.9833	-3.8198	1.0
2	1006	1.6611	2.3791	2.9163	-3.5418	1.0
2	1007	1.3686	4.0321	2.828	-1.7699	1.0
2	1008	1.957	6.2813	3.5039	-6.0334	1.0
2	1009	1.1188	4.6827	3.0331	-3.5021	1.0
2	1010	1.9084	1.1088	5.8071	-11.1361	1.0
2	1011	2.2543	2.1212	3.9906	-3.9476	1.0
2	1012	1.2409	5.6096	3.7059	-1.8136	1.0
2	1013	1.0717	8.189	2.7803	-1.3263	1.0
2	1014	1.665	3.7124	3.2625	-5.4295	1.0
2	1015	1.3787	4.3588	3.1714	-3.9536	1.0
2	1016	2.1796	5.5434	3.3971	-3.1227	1.0
2	1017	2.8502	1.6529	4.5586	-6.8322	1.0
2	1018	1.7505	4.7867	3.3697	-3.6296	1.0
2	1019	2.2454	3.1663	4.8157	-2.5551	1.0
2	1020	2.8457	2.7786	4.3073	-4.2364	1.0
2	1021	2.8644	5.984	2.8458	-5.3737	1.0
2	1022	3.3019	3.1326	3.1557	-3.7107	1.0
2	1023	2.5176	5.167	2.4152	-1.7657	1.0
2	1024	1.8444	2.8113	2.2398	-2.9241	1.0
2	1025	1.4928	3.2754	3.5139	-3.0415	1.0
2	1026	1.1248	1.7751	3.5074	-3.4054	1.0
2	1027	0.9018	5.4773	2.9871	-3.7824	1.0
2	1028	0.7758	9.8769	1.7618	-1.3107	1.0
2	1029	0.7758	9.8769	1.7618	-1.3107	1.0
2	1030	0.6501	4.2355	1.9761	-2.1448	1.0
2	1031	1.4265	1.6304	4.1555	-4.5138	1.0
2	1032	1.6608	6.7845	2.8266	-2.9106	1.0
2	1033	1.5272	3.5191	5.5441	-3.1126	1.0
2	1034	1.3506	5.5128	3.9005	-1.8048	1.0
2	1035	1.2387	4.8198	2.915	-1.7054	1.0
2	1036	1.7097	2.3258	3.0369	-1.6723	1.0
2	1037	1.0055	3.5488	4.079	-2.0449	1.0
2	1038	1.682	3.995	2.5845	-2.1452	1.0
2	1039	2.1411	3.1789	2.5579	-3.4805	1.0
2	1040	2.5168	1.644	4.7945	-6.0541	1.0
2	1041	1.3636	2.2368	5.8277	-3.9264	1.0
2	1042	1.7679	3.0659	3.827	-2.5522	1.0
2	1043	1.7679	3.0659	3.827	-2.5522	1.0
2	1044	1.7679	3.0659	3.827	-2.5522	1.0
2	1045	2.5849	3.8904	2.7653	-2.5926	1.0
2	1046	1.506	4.0725	2.2954	-3.2288	1.0
2	1047	0.7307	7.1234	3.5174	-1.6557	1.0
2	1048	0.6551	6.8792	5.3483	-5.785	1.0
2	1049	1.3385	5.3038	4.2693	-4.795	1.0
2	1050	2.0852	2.651	5.0747	-3.6275	1.0
2	1051	2.4397	2.4038	3.9715	-3.718	1.0
2	1052	2.4397	2.4038	3.9715	-3.718	1.0
2	1053	0.9934	3.1395	3.0395	-1.8137	1.0
2	1054	1.1342	8.2383	3.1428	-1.7347	1.0
2	1055	1.1342	8.2383	3.1428	-1.7347	1.0
2	1056	1.1342	8.2383	3.1428	-1.7347	1.0
2	1057	1.8381	1.1293	3.2874	-4.0133	1.0
2	1058	2.468	4.0133	3.2489	-3.5318	1.0
2	1059	2.7751	4.285	3.2965	-2.0041	1.0
2	1060	1.9195	1.9999	3.3845	-4.0138	1.0
2	1061	1.9195	1.9999	3.3845	-4.0138	1.0
2	1062	1.3586	5.8275	3.6025	-2.1813	1.0
2	1063	1.5937	3.5939	3.3539	-2.2736	1.0
2	1064	1.4351	2.264	2.4895	-2.7394	1.0
2	1065	1.0994	1.941	4.4071	-2.522	1.0
2	1066	2.3526	2.2094	4.9088	-2.8857	1.0
2	1067	3.0049	6.4229	3.6431	-4.3398	1.0
2	1068	3.3398	5.0012	4.1835	-7.4696	1.0
2	1069	1.5282	3.1397	3.3538	-2.7013	1.0
2	1070	3.3484	2.011	3.8626	-2.9919	1.0
2	1071	3.3484	2.011	3.8626	-2.9919	1.0
2	1072	2.3329	2.0239	4.3946	-2.7058	1.0
2	1073	2.3329	2.0239	4.3946	-2.7058	1.0
2	1074	1.511	2.4701	2.543	-2.0309	1.0
2	1075	1.6787	1.135	3.5568	-5.5604	1.0
2	1076	3.4407	1.9193	2.8093	-5.6971	1.0
2	1077	1.002	2.0692	3.5363	-5.5369	1.0
2	1078	2.2024	3.0742	2.5275	-1.7347	1.0
2	1079	4.3679	1.0702	4.2321	-2.6683	1.0
2	1080	3.4019	1.8254	5.8628	-5.9435	1.0
2	1081	3.5224	4.3548	4.4679	-9.0573	1.0
2	1082	3.5224	4.3548	4.4679	-9.0573	1.0
2	1083	1.7964	2.6776	4.3334	-4.5236	1.0
2	1084	1.9072	3.5749	4.3455	-5.7095	1.0
2	1085	1.704	2.4742	5.0135	-4.905	1.0
2	1086	2.1038	7.1051	3.5203	-2.9105	1.0
2	1087	2.9278	6.3442	3.4846	-4.2149	1.0
2	1088	1.9309	8.5991	3.9853	-2.5181	1.0
2	1089	4.2002	6.5252	2.595	-2.3237	1.0
2	1090	1.3529	3.3332	3.6739	-2.0993	1.0
2	1091	2.1448	4.1206	2.6658	-2.2161	1.0
2	1092	2.1448	4.1206	2.6658	-2.2161	1.0
2	1093	0.9715	3.5332	3.2082	-1.5882	1.0
2	1094	1.0228	4.6245	4.2175	-2.8659	1.0
2	1095	1.9678	7.3641	4.5145	-3.1782	1.0
2	1096	2.2776	4.9405	2.5805	-2.0692	1.0
2	1097	1.2224	5.4553	3.7802	-5.379	1.0
2	1098	1.4333	3.8307	2.859	-1.9454	1.0
2	1099	2.0116	9.609	2.4923	-1.7758	1.0
2	1100	1.5813	1.4206	3.3543	-6.1181	1.0
2	1101	0.8454	3.8085	2.4133	-3.9407	1.0
2	1102	1.1875	6.0853	2.9637	-1.8796	1.0
2	1103	1.0824	6.6377	2.7509	-1.955	1.0
2	1104	2.6887	4.1504	2.9036	-2.9965	1.0
2	1105	2.1724	2.3498	3.149	-4.9379	1.0
2	1106	2.4608	2.5525	2.1255	-3.1348	1.0
2	1107	3.8387	1.9952	2.7747	-3.9624	1.0
2	1108	2.1283	3.8617	3.272	-4.1255	1.0
2	1109	1.9193	3.5706	4.2922	-5.1807	1.0
2	1110	1.3929	2.4997	5.8099	-8.3035	1.0
2	1111	1.4515	4.0173	2.7736	-3.6724	1.0
2	1112	1.6528	2.4578	4.9972	-3.0171	1.0
2	1113	1.938	4.7189	4.2562	-4.7497	1.0
2	1114	1.5384	1.9992	4.3148	-5.2251	1.0
2	1115	3.2952	1.3255	4.0796	-6.0684	1.0
2	1116	3.2187	1.0693	3.4533	-5.0989	1.0
2	1117	1.5666	5.2219	3.7608	-6.5256	1.0
2	1118	2.4027	4.6758	2.7509	-2.3576	1.0
2	1119	2.5451	1.5634	4.226	-5.032	1.0
2	1120	1.2394	2.2877	4.7053	-2.7808	1.0
2	1121	1.1452	4.2548	2.9958	-2.4976	1.0
2	1122	1.0287	8.0969	2.7874	-1.2854	1.0
2	1123	1.2178	4.4855	3.1196	-6.5151	1.0
2	1124	4.2918	2.9647	2.7228	-2.5828	1.0
2	1125	2.3155	4.1815	2.9653	-2.0604	1.0
2	1126	1.9332	8.0864	2.9736	-2.3535	1.0
2	1127	2.6342	3.735	3.1042	-4.3185	1.0
2	1128	3.2761	2.2709	3.023	-2.9166	1.0
2	1129	4.5406	4.2705	2.9483	-5.133	1.0
2	1130	2.4935	4.1816	2.3702	-1.5194	1.0
2	1131	1.4294	4.2444	2.7759	-2.2367	1.0
2	1132	4.1293	1.7331	2.5604	-3.6377	1.0
2	1133	3.4103	1.7244	2.7227	-3.3666	1.0
2	1134	0.9589	2.2974	4.0091	-4.1036	1.0
2	1135	1.5142	3.1108	4.0366	-5.4298	1.0
2	1136	2.3896	2.5011	2.2827	-2.7284	1.0
2	1137	3.5054	4.8343	3.0048	-3.4408	1.0
2	1138	2.9182	3.463	3.4468	-4.0856	1.0
2	1139	3.2128	7.3953	4.1402	-2.903	1.0
2	1140	0.6804	6.4313	5.8102	-4.1118	1.0
2	1141	1.1503	3.6526	5.2075	-2.632	1.0
2	1142	0.7543	6.8457	4.9085	-5.7515	1.0
2	1143	1.7396	1.3946	4.2373	-4.5995	1.0
2	1144	1.7396	1.3946	4.2373	-4.5995	1.0
2	1145	1.2044	2.4961	3.5903	-5.3673	1.0
2	1146	2.9708	2.0209	2.7374	-4.5321	1.0
2	1147	2.513	3.6807	2.0004	-3.4469	1.0
2	1148	2.7628	6.1664	1.8763	-1.7278	1.0
2	1149	2.7628	6.1664	1.8763	-1.7278	1.0
2	1150	3.1794	7.5793	2.6952	-2.8396	1.0
2	1151	2.6785	3.8362	3.9864	-7.0412	1.0
2	1152	1.979	6.2448	3.1291	-1.4231	1.0
2	1153	2.7243	6.4038	2.7769	-1.7381	1.0
2	1154	1.1932	5.4422	4.2107	-2.1283	1.0
2	1155	1.2665	2.5653	4.344	-2.4182	1.0
2	1156	1.2665	2.5653	4.344	-2.4182	1.0
2	1157	2.7371	3.4861	3.1749	-4.6913	1.0
2	1158	1.2958	3.6351	3.7078	-4.0001	1.0
2	1159	1.2169	4.4439	3.7968	-1.5108	1.0
2	1160	1.2095	4.4571	4.505	-4.7214	1.0
2	1161	1.4156	2.8136	5.2635	-5.2055	1.0
2	1162	1.6122	3.9377	5.8847	-2.887	1.0
2	1163	1.321	1.8909	4.6114	-2.0236	1.0
2	1164	1.1261	5.2916	3.7952	-2.832	1.0
2	1165	3.1794	5.1081	2.6748	-3.5446	1.0
2	1166	1.7905	4.595	4.769	-8.5305	1.0
2	1167	1.0659	2.7551	5.3784	-8.9936	1.0
2	1168	1.5791	4.3682	4.4265	-7.2716	1.0
2	1169	1.9668	1.7199	3.3417	-2.4099	1.0
2	1170	1.5585	1.4002	3.4767	-3.5369	1.0
2	1171	1.9331	2.259	3.6408	-2.5631	1.0
2	1172	2.1588	3.1244	3.8679	-5.9041	1.0
2	1173	2.1934	4.7586	3.0459	-5.2042	1.0
2	1174	2.1802	8.2174	3.5472	-4.4702	1.0
2	1175	2.3361	2.677	5.0782	-6.3188	1.0
2	1176	0.6052	2.0551	4.5526	-6.1311	1.0
2	1177	0.6491	6.1826	3.9363	-1.8416	1.0
2	1178	1.3343	4.706	4.8329	-5.0371	1.0
2	1179	1.1296	7.7659	5.875	-5.8862	1.0
2	1180	3.3398	6.0629	3.2671	-4.8899	1.0
2	1181	0.9584	2.421	3.4768	-3.9686	1.0
2	1182	0.6743	2.5685	4.2504	-4.0154	1.0
2	1183	1.2991	2.3181	4.4627	-7.1243	1.0
2	1184	1.7841	5.6541	2.168	-2.4458	1.0
2	1185	1.7908	5.1165	3.61	-1.9869	1.0
2	1186	1.1537	4.2898	4.6442	-3.4383	1.0
2	1187	0.8994	4.8883	4.9362	-1.8325	1.0
2	1188	0.6319	6.3502	3.2916	-1.7715	1.0
2	1189	0.688	1.6553	3.2855	-7.2325	1.0
2	1190	1.0142	3.7109	3.2583	-2.2002	1.0
2	1191	1.4366	2.5105	2.9559	-2.3691	1.0
2	1192	1.2459	2.9422	4.2903	-3.2186	1.0
2	1193	1.636	2.0598	3.1843	-2.9785	1.0
2	1194	3.97	1.4191	2.958	-3.2534	1.0
2	1195	1.5771	2.473	4.0396	-3.4969	1.0
2	1196	1.232	2.562	4.3642	-5.0181	1.0
2	1197	2.1632	1.1368	3.0821	-5.5503	1.0
2	1198	1.6085	4.8499	2.7772	-2.8797	1.0
2	1199	1.0618	8.3058	4.3353	-5.864	1.0
2	1200	3.5843	9.8804	3.3585	-6.0145	1.0
2	1201	1.7243	5.6383	5.5471	-8.9234	1.0
2	1202	1.7139	3.0077	4.9965	-3.9778	1.0
2	1203	1.2045	5.9292	2.7872	-2.0619	1.0
2	1204	0.8564	3.4279	3.7195	-4.9406	1.0
2	1205	0.7303	2.9275	5.5624	-2.2621	1.0
2	1206	1.4013	4.6704	4.0351	-5.7011	1.0
2	1207	1.5264	4.3534	3.3169	-4.407	1.0
2	1208	1.592	4.7179	3.9418	-2.0895	1.0
2	1209	1.3203	7.6823	4.0511	-4.5703	1.0
2	1210	1.9167	1.8962	3.3859	-2.239	1.0
2	1211	4.2746	1.6549	2.6934	-1.595	1.0
2	1212	2.1318	1.6849	4.1835	-2.0801	1.0
2	1213	0.7408	7.312	4.1881	-1.9849	1.0
2	1214	1.4048	2.226	3.8769	-5.983	1.0
2	1215	2.486	1.8718	3.3117	-6.2151	1.0
2	1216	1.8661	1.0506	4.1955	-5.4168	1.0
2	1217	2.1512	3.6183	4.2082	-4.4678	1.0
2	1218	1.4745	3.834	1.853	-1.8955	1.0
2	1219	2.9754	1.7537	2.3234	-4.1166	1.0
2	1220	0.9859	2.2936	3.7413	-4.6812	1.0
2	1221	1.3084	2.6412	3.7537	-7.1035	1.0
2	1222	2.05	2.8354	3.4694	-2.8416	1.0
2	1223	3.5612	3.5514	2.867	-5.5075	1.0
2	1224	1.2777	2.5289	3.1314	-3.0984	1.0
2	1225	1.1701	7.2651	5.3777	-5.3707	1.0
2	1226	0.8203	7.7929	2.8725	-1.5123	1.0
2	1227	1.0521	5.3985	3.3404	-1.9865	1.0
2	1228	1.5353	5.217	3.2893	-2.1195	1.0
2	1229	2.1409	2.0841	2.5799	-3.7909	1.0
2	1230	2.3767	1.5451	3.0792	-4.1331	1.0
2	1231	2.3967	1.9651	3.3491	-4.1245	1.0
2	1232	0.8463	2.6823	4.3127	-6.0422	1.0
2	1233	2.2871	1.6404	2.9477	-3.757	1.0
2	1234	2.2871	1.6404	2.9477	-3.757	1.0
2	1235	2.2764	1.9475	2.8833	-6.1503	1.0
2	1236	1.8698	3.0707	4.1402	-2.6556	1.0
2	1237	2.1705	4.0755	4.2128	-2.7594	1.0
2	1238	1.9402	2.7207	4.1285	-3.0358	1.0
2	1239	1.5939	4.1687	3.6677	-2.4174	1.0
2	1240	0.9667	2.3866	4.5767	-5.8371	1.0
2	1241	1.3315	6.4578	4.2345	-3.5656	1.0
2	1242	1.9894	7.5997	3.1076	-1.0744	1.0
2	1243	1.5236	1.95	3.2741	-5.1593	1.0
2	1244	2.4663	2.1751	3.5826	-3.7058	1.0
2	1245	1.4532	4.1357	2.7735	-2.5911	1.0
2	1246	2.2198	5.5726	2.2305	-1.2655	1.0
2	1247	2.1214	3.1782	3.1586	-2.8774	1.0
2	1248	1.9605	2.0935	2.4277	-3.7672	1.0
2	1249	1.5543	0.976	4.1907	-4.2067	1.0
2	1250	3.3477	1.9018	2.3612	-3.5673	1.0
2	1251	3.0607	5.7219	2.5369	-3.4255	1.0
2	1252	1.7598	7.2307	4.1503	-3.7398	1.0
2	1253	1.1564	3.6711	3.1574	-1.8203	1.0
2	1254	1.3268	7.3706	2.831	-1.7803	1.0
2	1255	1.3268	7.3706	2.831	-1.7803	1.0
2	1256	2.4701	4.3145	2.9093	-1.4927	1.0
2	1257	4.1596	1.6849	2.8402	-3.2717	1.0
2	1258	3.5263	2.3437	2.7756	-2.3774	1.0
2	1259	1.8951	2.7244	2.9733	-2.5705	1.0
2	1260	1.1583	5.07	3.8402	-4.6013	1.0
2	1261	0.9222	2.9766	4.3603	-5.9863	1.0
2	1262	0.9165	1.5535	4.3407	-8.9475	1.0
2	1263	1.1807	3.156	2.9324	-2.5363	1.0
2	1264	1.898	4.2364	2.7853	-2.668	1.0
2	1265	2.3074	4.2858	2.5368	-2.5637	1.0
2	1266	2.2255	5.497	3.3986	-1.6594	1.0
2	1267	2.1244	3.7514	2.4215	-1.701	1.0
2	1268	1.3415	3.9155	3.7205	-2.2762	1.0
2	1269	1.07	3.8936	3.5424	-2.6247	1.0
2	1270	2.1094	3.5974	5.1925	-5.0042	1.0
2	1271	1.482	3.7374	4.6923	-2.5871	1.0
2	1272	1.1396	6.7561	5.0813	-5.8478	1.0
2	1273	0.839	9.4338	4.9466	-5.245	1.0
2	1274	1.2013	9.1898	5.8666	-9.706	1.0
2	1275	1.7968	4.5874	4.3159	-6.9553	1.0
2	1276	0.8291	4.4419	2.9324	-2.083	1.0
2	1277	1.4855	2.538	3.4072	-3.3683	1.0
2	1278	1.5306	2.1506	4.1588	-5.9441	1.0
2	1279	1.6486	2.1552	4.0099	-4.1284	1.0
2	1280	1.538	1.7982	5.4322	-4.1053	1.0
2	1281	1.1001	1.8908	4.1695	-3.2736	1.0
2	1282	1.1001	1.8908	4.1695	-3.2736	1.0
2	1283	1.5116	1.8311	4.2306	-5.9698	1.0
2	1284	2.1636	4.3227	2.7648	-1.5334	1.0
2	1285	0.5692	6.0293	4.6441	-4.8651	1.0
2	1286	1.4192	3.1004	5.7338	-2.0186	1.0
2	1287	3.8165	1.6728	3.7479	-2.5639	1.0
2	1288	2.5509	1.7472	3.8012	-3.9323	1.0
2	1289	5.3842	2.274	3.5109	-9.1659	1.0
2	1290	2.9738	3.296	2.9821	-4.9901	1.0
2	1291	2.2741	2.3462	4.322	-3.8828	1.0
2	1292	2.7155	5.7583	3.9116	-6.3022	1.0
2	1293	2.1133	6.3246	1.5459	-1.5172	1.0
2	1294	2.2679	1.8775	2.2319	-3.4012	1.0
2	1295	2.2273	2.5413	3.6567	-6.2959	1.0
2	1296	1.7173	1.0945	3.2105	-5.1037	1.0
2	1297	2.2585	2.7277	5.1221	-2.3664	1.0
2	1298	2.325	5.3214	3.6566	-1.8769	1.0
2	1299	1.2301	3.1808	3.2734	-8.2163	1.0
2	1300	1.6888	4.4658	1.5832	-1.4099	1.0
2	1301	3.6477	7.4411	1.7636	-3.5317	1.0
2	1302	3.6477	7.4411	1.7636	-3.5317	1.0
2	1303	2.4745	8.2601	2.6242	-3.1235	1.0
2	1304	1.3719	4.012	4.0529	-5.7382	1.0
2	1305	2.1815	5.0235	3.6892	-5.4224	1.0
2	1306	2.0752	3.3958	3.7405	-4.2327	1.0
2	1307	1.0846	4.5964	3.9488	-6.4763	1.0
2	1308	1.5158	5.3092	3.113	-2.0667	1.0
2	1309	1.4478	2.2284	2.6671	-3.6272	1.0
2	1310	1.6291	4.3646	1.8466	-1.5651	1.0
2	1311	2.4039	3.805	2.9745	-1.7621	1.0
2	1312	3.3542	3.8205	2.1928	-4.526	1.0
2	1313	3.9731	2.648	2.5906	-3.7475	1.0
2	1314	3.7433	2.6477	1.7719	-2.6093	1.0
2	1315	2.9762	1.5747	3.0468	-3.7903	1.0
2	1316	2.5494	1.9424	5.1366	-5.3771	1.0
2	1317	2.9353	9.7456	3.2619	-3.7588	1.0
2	1318	2.5764	2.9199	4.8653	-5.0459	1.0
2	1319	2.3663	3.2675	2.9303	-3.0924	1.0
2	1320	2.4057	6.8028	3.0044	-2.3024	1.0
2	1321	1.9073	4.9314	2.5038	-1.8022	1.0
2	1322	1.1614	6.6905	3.3169	-1.8397	1.0
2	1323	1.0287	9.7205	3.3436	-1.9583	1.0
2	1324	1.8651	3.6018	3.485	-5.3543	1.0
2	1325	2.8063	1.3582	3.4049	-5.1465	1.0
2	1326	1.8989	2.8957	3.2194	-3.7696	1.0
2	1327	3.2157	2.7779	2.3359	-2.3465	1.0
2	1328	3.7146	6.7617	3.7527	-4.3215	1.0
2	1329	1.3878	2.4227	2.616	-1.9591	1.0
2	1330	4.304	2.9333	3.6757	-8.7703	1.0
2	1331	2.488	3.5044	5.8729	-11.1076	1.0
2	1332	2.1064	2.4946	2.8446	-2.8185	1.0
2	1333	0.6354	4.7627	3.3698	-2.1381	1.0
2	1334	0.939	4.7992	3.9698	-1.9812	1.0
2	1335	3.0006	3.46	4.2452	-3.9903	1.0
2	1336	1.6188	4.023	4.6543	-6.0127	1.0
2	1337	1.4771	3.19	3.8983	-3.6859	1.0
2	1338	2.12	3.9865	3.6253	-1.8117	1.0
2	1339	3.4341	2.3723	3.4153	-3.8629	1.0
2	1340	2.1567	7.9219	2.2665	-1.8219	1.0
2	1341	2.3936	3.9098	2.3758	-1.5845	1.0
2	1342	1.6981	2.9592	3.0208	-3.01	1.0
2	1343	1.5794	3.4227	3.7877	-3.6726	1.0
2	1344	0.6095	3.839	4.7347	-4.3699	1.0
2	1345	2.264	2.3153	3.1498	-2.1913	1.0
2	1346	2.2021	2.3164	4.9632	-5.0746	1.0
2	1347	2.5028	5.2124	2.7778	-3.5218	1.0
2	1348	2.0761	2.1671	4.6997	-7.4032	1.0
2	1349	2.8031	4.8802	2.4307	-3.1909	1.0
2	1350	1.6921	2.0014	4.5686	-5.6208	1.0
2	1351	2.6219	2.8816	4.8729	-3.9564	1.0
2	1352	2.6219	2.8816	4.8729	-3.9564	1.0
2	1353	2.2449	6.2491	3.248	-3.9985	1.0
2	1354	3.5867	6.6806	3.1794	-5.6996	1.0
2	1355	3.4045	4.099	2.7288	-6.5368	1.0
2	1356	1.3211	4.9514	3.4769	-2.7746	1.0
2	1357	1.6144	2.0302	3.5532	-5.3009	1.0
2	1358	1.8407	2.1491	4.0665	-3.7437	1.0
2	1359	1.0542	2.03	3.3399	-3.825	1.0
2	1360	1.512	3.4318	2.9115	-2.5878	1.0
2	1361	0.6193	4.9495	3.2163	-3.4844	1.0
2	1362	0.8698	5.3472	5.1221	-4.7618	1.0
2	1363	2.3573	4.0907	2.3407	-2.1052	1.0
2	1364	1.6599	1.9465	3.0666	-1.7404	1.0
2	1365	4.2028	2.1737	3.8035	-5.3993	1.0
2	1366	2.0991	2.9616	3.2095	-2.9682	1.0
2	1367	5.3853	1.9943	2.4982	-3.8665	1.0
2	1368	1.3265	3.5657	3.5833	-2.2393	1.0
2	1369	1.6849	2.281	3.8185	-4.4924	1.0
2	1370	1.408	3.4392	4.0806	-5.2715	1.0
2	1371	1.1849	2.3103	3.0924	-2.996	1.0
2	1372	3.0995	1.9097	2.2519	-3.7288	1.0
2	1373	2.3406	4.244	4.6897	-11.6136	1.0
2	1374	0.7716	7.5338	3.3725	-5.2535	1.0
2	1375	1.7919	3.4481	2.8609	-4.9422	1.0
2	1376	0.6568	4.7386	2.0908	-2.1289	1.0
2	1377	0.6989	5.2233	4.0356	-4.5149	1.0
2	1378	3.1144	2.8054	3.8461	-3.5963	1.0
2	1379	2.4923	9.6272	2.9883	-1.6342	1.0
2	1380	2.4923	9.6272	2.9883	-1.6342	1.0
2	1381	2.4995	6.1956	2.5633	-2.3832	1.0
2	1382	3.1265	3.818	3.4477	-2.2707	1.0
2	1383	1.5802	4.3972	3.1915	-2.0879	1.0
2	1384	1.5802	4.3972	3.1915	-2.0879	1.0
2	1385	1.6556	3.7092	3.1611	-2.5712	1.0
2	1386	0.8671	9.415	5.0112	-2.9552	1.0
2	1387	1.9219	4.6407	3.3146	-2.1931	1.0
2	1388	1.9219	4.6407	3.3146	-2.1931	1.0
2	1389	1.3716	8.0923	2.9455	-1.8032	1.0
2	1390	1.3716	8.0923	2.9455	-1.8032	1.0
2	1391	1.0264	8.3083	2.7032	-1.3479	1.0
2	1392	0.4484	7.4556	3.5782	-1.6978	1.0
2	1393	2.1995	9.5554	4.6013	-5.3178	1.0
2	1394	2.1995	9.5554	4.6013	-5.3178	1.0
2	1395	2.7964	4.0149	3.3222	-6.661	1.0
2	1396	1.8532	3.6895	3.7727	-5.1369	1.0
2	1397	1.9104	1.6609	2.942	-4.2487	1.0
2	1398	2.5989	3.1291	3.4559	-2.4671	1.0
2	1399	2.6341	2.8716	3.3672	-3.0412	1.0
2	1400	2.3513	2.6375	4.3008	-2.9513	1.0
2	1401	1.4913	4.2413	3.5467	-2.2028	1.0
2	1402	1.9998	4.4909	2.9951	-2.2651	1.0
2	1403	1.2153	6.6336	4.9294	-3.5444	1.0
2	1404	0.8522	3.2749	4.9482	-4.9786	1.0
2	1405	2.549	3.2719	3.6561	-4.6847	1.0
2	1406	1.7472	3.8831	2.7787	-2.1516	1.0
2	1407	1.8326	6.5983	3.0848	-1.8328	1.0
2	1408	1.8111	6.0729	4.0713	-5.4074	1.0
2	1409	2.0235	2.9126	4.443	-4.2002	1.0
2	1410	2.8242	2.8177	4.1595	-4.2848	1.0
2	1411	2.8764	8.7212	3.0107	-3.706	1.0
2	1412	1.1419	4.1698	4.868	-3.9466	1.0
2	1413	2.2983	1.749	3.765	-5.1115	1.0
2	1414	2.2874	1.508	5.4741	-3.8708	1.0
2	1415	1.0683	3.4834	3.4699	-2.8817	1.0
2	1416	3.2437	2.7675	2.1023	-2.3303	1.0
2	1417	2.981	2.261	2.3425	-1.7992	1.0
2	1418	1.1921	3.4757	4.5135	-6.5129	1.0
2	1419	1.1921	3.4757	4.5135	-6.5129	1.0
2	1420	1.9819	3.7081	3.1724	-5.6482	1.0
2	1421	1.2117	3.6041	2.866	-2.2887	1.0
2	1422	4.1569	3.9665	3.1211	-6.6931	1.0
2	1423	4.2068	3.5284	2.3331	-2.3952	1.0
2	1424	1.3549	8.5	2.1745	-1.8896	1.0
2	1425	3.1582	1.9991	2.952	-7.03	1.0
2	1426	1.9691	4.3642	3.626	-2.0534	1.0
2	1427	1.6055	4.0301	3.2675	-2.3657	1.0
2	1428	1.2999	4.6189	3.1149	-2.0198	1.0
2	1429	3.2913	6.8607	2.898	-1.312	1.0
2	1430	1.608	4.2964	5.5356	-9.69	1.0
2	1431	2.7845	6.4468	3.8888	-5.2114	1.0
2	1432	1.0998	4.3523	2.8168	-2.4848	1.0
2	1433	0.6414	3.5161	3.6158	-3.4042	1.0
2	1434	0.612	2.7888	5.4326	-4.3178	1.0
2	1435	1.5768	2.9066	3.0345	-3.0939	1.0
2	1436	0.8307	5.521	3.9696	-2.1468	1.0
2	1437	1.0232	7.5498	3.3438	-2.0638	1.0
2	1438	1.5758	5.1916	3.8769	-2.0029	1.0
2	1439	2.8137	2.5128	4.4957	-4.4452	1.0
2	1440	2.0826	3.8282	4.4471	-5.6728	1.0
2	1441	2.0826	3.8282	4.4471	-5.6728	1.0
2	1442	1.4541	7.313	3.3452	-2.2563	1.0
2	1443	1.0496	7.3806	2.3181	-1.7113	1.0
2	1444	0.9322	7.2296	3.0981	-1.9368	1.0
2	1445	0.9646	5.4161	3.2842	-1.6988	1.0
2	1446	0.8798	2.7458	4.0384	-4.8462	1.0
2	1447	1.282	3.1258	3.4233	-3.1854	1.0
2	1448	2.2001	2.6246	3.1521	-3.324	1.0
2	1449	2.1119	1.357	4.3966	-5.7205	1.0
2	1450	1.8884	1.6461	2.8907	-2.2506	1.0
2	1451	0.9602	3.7357	2.0724	-3.04	1.0
2	1452	0.8227	6.6035	3.8523	-4.7476	1.0
2	1453	2.0218	5.2887	5.5686	-9.2569	1.0
2	1454	1.3897	2.404	3.4498	-2.3465	1.0
2	1455	1.4286	2.4697	3.6738	-2.3209	1.0
2	1456	0.7968	2.6817	3.3435	-3.1671	1.0
2	1457	0.7968	2.6817	3.3435	-3.1671	1.0
2	1458	1.5217	3.005	3.635	-5.8748	1.0
2	1459	2.1076	1.5529	4.0802	-5.8293	1.0
2	1460	0.9481	6.6523	3.951	-2.8052	1.0
2	1461	3.2885	2.5515	3.9935	-6.7571	1.0
2	1462	2.4323	3.4432	2.2607	-2.0579	1.0
2	1463	2.5334	5.4324	2.1484	-1.9949	1.0
2	1464	4.0692	3.5431	2.6833	-2.7924	1.0
2	1465	3.5432	2.4602	4.2922	-6.2839	1.0
2	1466	2.0853	2.477	3.0713	-2.5447	1.0
2	1467	2.3936	1.8126	5.5823	-6.2283	1.0
2	1468	3.8337	2.3535	3.4997	-5.3873	1.0
2	1469	4.6866	5.6506	3.8263	-8.4916	1.0
2	1470	3.3198	2.9926	3.2239	-4.467	1.0
2	1471	2.0431	4.1732	2.4529	-2.2154	1.0
2	1472	1.1264	4.5913	4.4935	-5.9326	1.0
2	1473	1.1867	5.5633	4.9584	-4.5236	1.0
2	1474	1.0516	4.2342	4.4071	-4.3842	1.0
2	1475	1.7376	3.7228	2.8571	-2.0834	1.0
2	1476	1.8787	7.2301	3.7762	-2.3243	1.0
2	1477	1.6052	7.5196	3.8469	-2.9147	1.0
2	1478	3.1582	6.9123	2.5106	-2.6814	1.0
2	1479	3.4076	7.5208	3.8708	-4.5503	1.0
2	1480	1.339	3.8774	4.8456	-6.0175	1.0
2	1481	2.9778	7.2625	1.6549	-1.2895	1.0
2	1482	2.3436	3.423	4.2194	-8.574	1.0
2	1483	2.0653	3.4744	2.5817	-5.2541	1.0
2	1484	1.2063	2.8706	3.2743	-8.5854	1.0
2	1485	1.0735	3.82	3.1031	-3.2531	1.0
2	1486	1.9343	4.4288	3.9341	-5.3795	1.0
2	1487	1.9202	8.6566	3.085	-1.6036	1.0
2	1488	1.418	5.9692	3.1232	-1.8182	1.0
2	1489	2.249	2.7568	3.4646	-3.405	1.0
2	1490	1.5916	3.706	2.5267	-1.5414	1.0
2	1491	2.3617	4.5273	2.723	-3.957	1.0
2	1492	1.054	5.9383	4.7519	-5.7472	1.0
2	1493	4.9218	4.3051	3.4159	-4.58	1.0
2	1494	3.2789	6.1246	3.066	-4.1685	1.0
2	1495	0.9668	4.8979	3.0984	-2.7896	1.0
2	1496	1.2156	6.7541	3.474	-3.8068	1.0
2	1497	2.292	5.9057	2.2895	-3.1496	1.0
2	1498	2.8499	8.4038	2.1502	-2.4477	1.0
2	1499	4.1718	3.2016	3.3195	-4.1271	1.0
2	1500	2.9009	3.0664	4.0505	-3.2184	1.0
2	1501	2.1382	1.3576	5.3193	-3.7279	1.0
2	1502	3.7631	2.0175	4.0957	-2.0573	1.0
2	1503	1.2313	0.8609	3.9121	-4.0634	1.0
2	1504	0.7875	1.8326	3.2145	-2.8251	1.0
2	1505	3.4879	2.5715	2.6498	-2.0198	1.0
2	1506	1.2655	3.2443	2.6329	-3.9882	1.0
2	1507	1.7641	3.999	2.4362	-1.7943	1.0
2	1508	1.6003	3.4552	4.0456	-3.3662	1.0
2	1509	1.6852	4.2692	4.3503	-3.3117	1.0
2	1510	1.6942	1.7869	5.5064	-1.7665	1.0
2	1511	2.3176	1.5552	5.5842	-5.0804	1.0
2	1512	3.0889	1.3756	3.1886	-5.3077	1.0
2	1513	0.8809	8.0337	2.5495	-1.2648	1.0
2	1514	2.4363	6.6357	4.5984	-4.7643	1.0
2	1515	0.9821	8.4163	5.141	-2.5177	1.0
2	1516	1.3748	9.0999	2.9255	-1.9497	1.0
2	1517	0.617	3.7268	4.8635	-2.8947	1.0
2	1518	0.617	3.7268	4.8635	-2.8947	1.0
2	1519	2.1226	4.2774	4.0436	-4.5248	1.0
2	1520	1.3189	4.2393	3.6055	-1.7637	1.0
2	1521	1.7756	3.9781	4.0686	-3.3482	1.0
2	1522	2.1299	1.5276	4.0827	-5.3082	1.0
2	1523	2.7138	5.0187	3.2865	-1.806	1.0
2	1524	2.7138	5.0187	3.2865	-1.806	1.0
2	1525	2.7138	5.0187	3.2865	-1.806	1.0
2	1526	2.0756	7.0913	2.4006	-1.624	1.0
2	1527	3.684	2.3995	3.1255	-2.3574	1.0
2	1528	2.51	4.5473	3.7406	-2.7852	1.0
2	1529	1.5372	6.2008	4.8154	-8.3254	1.0
2	1530	1.3768	6.6778	3.0822	-4.3794	1.0
2	1531	0.489	3.2161	3.7996	-2.2703	1.0
2	1532	1.6974	3.3417	3.9958	-5.1059	1.0
2	1533	2.0713	5.6167	3.5115	-2.4085	1.0
2	1534	1.3902	3.8228	4.6841	-5.7359	1.0
2	1535	1.0608	2.9147	3.4944	-5.3092	1.0
2	1536	1.0608	2.9147	3.4944	-5.3092	1.0
2	1537	1.5176	4.1307	3.2433	-4.2949	1.0
2	1538	2.9657	2.2385	3.9354	-6.1367	1.0
2	1539	1.4666	4.0045	4.1315	-4.4327	1.0
2	1540	2.3561	3.3395	3.4063	-3.9492	1.0
2	1541	2.085	3.1139	2.9846	-5.4191	1.0
2	1542	2.6679	1.7377	3.0553	-2.4373	1.0
2	1543	1.8159	4.7031	3.9553	-2.1064	1.0
2	1544	1.9853	2.6722	3.6627	-2.9607	1.0
2	1545	1.767	3.4589	3.7997	-3.8121	1.0
2	1546	2.9995	2.9653	3.1567	-5.7416	1.0
2	1547	1.807	9.0989	3.6633	-2.8469	1.0
2	1548	0.9908	8.0838	3.2375	-1.3117	1.0
2	1549	0.7445	2.3971	4.5081	-4.2246	1.0
2	1550	0.58	8.8007	4.0038	-1.9831	1.0
2	1551	0.58	8.8007	4.0038	-1.9831	1.0
2	1552	0.7087	7.4797	1.8577	-2.0226	1.0
2	1553	3.2402	3.9231	3.0127	-8.7482	1.0
2	1554	2.5218	2.4813	3.805	-3.5907	1.0
2	1555	2.5218	2.4813	3.805	-3.5907	1.0
2	1556	1.4919	2.6798	2.5292	-3.5977	1.0
2	1557	5.2173	2.1902	2.7894	-5.6488	1.0
2	1558	1.7783	1.2297	4.6474	-7.2909	1.0
2	1559	1.3441	2.487	5.5174	-3.5006	1.0
2	1560	2.4767	3.4241	3.1082	-3.8855	1.0
2	1561	1.1954	4.6178	2.7146	-2.2353	1.0
2	1562	0.7035	3.6453	2.6373	-3.3471	1.0
2	1563	4.4449	7.5222	3.0307	-2.9733	1.0
2	1564	1.784	4.0246	3.3549	-5.1764	1.0
2	1565	3.0849	3.3516	3.3103	-6.9149	1.0
2	1566	1.1172	2.9054	5.2975	-7.8053	1.0
2	1567	0.658	5.5898	5.8563	-7.9712	1.0
2	1568	0.9253	7.2598	3.498	-1.9513	1.0
2	1569	2.7065	4.7753	2.6307	-1.9386	1.0
2	1570	1.2258	1.5615	3.3652	-2.009	1.0
2	1571	0.7533	8.3408	3.3101	-1.7579	1.0
2	1572	1.1083	2.5766	3.2986	-2.3321	1.0
2	1573	1.2509	2.6215	3.1404	-4.3469	1.0
2	1574	1.5398	2.7063	2.919	-3.1014	1.0
2	1575	1.8326	3.8903	2.1849	-2.5524	1.0
2	1576	1.7009	9.5127	3.2306	-3.1533	1.0
2	1577	3.7657	1.335	4.351	-2.9909	1.0
2	1578	3.9496	8.0068	2.6201	-1.6244	1.0
2	1579	2.0164	9.0284	2.2083	-1.5342	1.0
2	1580	1.2482	2.3486	4.1484	-4.0273	1.0
2	1581	1.2482	2.3486	4.1484	-4.0273	1.0
2	1582	1.5755	2.4532	4.0239	-4.1622	1.0
2	1583	1.9646	2.3666	2.7655	-3.9321	1.0
2	1584	4.1227	1.5683	3.3367	-10.5396	1.0
2	1585	1.3525	9.7551	2.8725	-1.8734	1.0
2	1586	1.3525	9.7551	2.8725	-1.8734	1.0
2	1587	2.516	2.5806	2.7159	-3.3827	1.0
2	1588	2.8847	4.4251	3.1922	-2.1058	1.0
2	1589	1.7249	6.2616	3.7112	-4.8737	1.0
2	1590	2.5394	3.7455	3.9332	-3.4583	1.0
2	1591	1.656	2.1907	4.2238	-3.5828	1.0
2	1592	2.0738	1.7475	3.0605	-3.2363	1.0
2	1593	1.99	2.2977	2.5333	-1.8047	1.0
2	1594	2.1796	4.4111	2.5099	-2.6135	1.0
2	1595	2.6678	3.3622	2.1538	-2.1819	1.0
2	1596	2.2303	5.1041	2.9209	-2.1443	1.0
2	1597	1.5732	6.8725	2.9736	-1.8181	1.0
2	1598	0.8641	4.2499	5.7335	-9.9242	1.0
2	1599	2.8652	5.2955	5.5246	-9.0573	1.0
3	0	2.6423	5.0294	2.351	-2.6252	1.0
3	1	1.0684	4.9377	4.9163	-3.8779	1.0
3	2	1.2666	7.1441	3.014	-2.6186	1.0
3	3	2.1614	6.3556	4.2313	-4.666	1.0
3	4	1.1319	9.7161	4.601	-2.8881	1.0
3	5	0.8104	2.1818	3.775	-2.7519	1.0
3	6	1.5666	1.5312	3.496	-3.3189	1.0
3	7	1.5666	1.5312	3.496	-3.3189	1.0
3	8	1.2262	2.6448	3.6174	-5.2064	1.0
3	9	0.8223	4.8277	3.4272	-2.5392	1.0
3	10	0.7263	3.0584	3.7085	-2.0366	1.0
3	11	2.6938	3.7208	2.9847	-1.4098	1.0
3	12	2.7641	9.7514	4.6366	-5.1861	1.0
3	13	2.7641	9.7514	4.6366	-5.1861	1.0
3	14	1.2562	5.7267	4.3597	-5.2523	1.0
3	15	2.3238	1.9168	2.9579	-8.2112	1.0
3	16	1.6458	3.7785	2.6248	-1.9428	1.0
3	17	1.2351	4.0201	3.1434	-1.8182	1.0
3	18	2.9394	1.5579	3.6104	-9.2462	1.0
3	19	1.5865	1.9959	4.6836	-3.0159	1.0
3	20	3.284	3.8967	4.1319	-8.3743	1.0
3	21	1.451	4.4709	3.0937	-3.2469	1.0
3	22	1.451	4.4709	3.0937	-3.2469	1.0
3	23	1.4108	3.0078	4.6581	-5.0565	1.0
3	24	2.2065	1.8931	4.0468	-4.0348	1.0
3	25	1.3651	4.1346	3.3616	-3.2471	1.0
3	26	1.435	5.2642	3.458	-1.5433	1.0
3	27	1.8751	4.7702	2.3634	-1.7459	1.0
3	28	1.7801	2.1897	3.2553	-4.0175	1.0
3	29	1.7793	1.8095	3.8412	-6.0207	1.0
3	30	1.1862	2.6343	3.3806	-2.9893	1.0
3	31	1.1618	2.6225	4.3746	-4.7916	1.0
3	32	1.8137	1.6447	3.7934	-3.0039	1.0
3	33	1.7113	3.5942	2.6501	-3.4826	1.0
3	34	1.9044	4.9276	2.2021	-2.414	1.0
3	35	1.8518	5.538	4.2597	-5.7536	1.0
3	36	0.8855	1.922	4.1672	-4.7718	1.0
3	37	2.5386	2.4659	3.7538	-2.5022	1.0
3	38	1.1469	5.4899	3.1564	-1.5153	1.0
3	39	1.0586	8.3697	4.1897	-5.0526	1.0
3	40	1.7307	3.401	3.2602	-4.6428	1.0
3	41	1.4088	6.995	3.3745	-3.6803	1.0
3	42	1.2514	1.9753	3.852	-5.7517	1.0
3	43	1.2514	1.9753	3.852	-5.7517	1.0
3	44	2.8803	3.1085	2.347	-5.0905	1.0
3	45	0.4024	2.8295	2.6334	-2.5081	1.0
3	46	2.2486	6.13	4.1251	-3.0513	1.0
3	47	2.293	5.5282	2.1484	-1.6475	1.0
3	48	2.0173	3.5327	4.136	-8.5612	1.0
3	49	2.8072	1.6364	4.5141	-6.2348	1.0
3	50	1.3042	1.4758	3.9605	-2.2669	1.0
3	51	2.9858	5.215	2.9551	-3.9722	1.0
3	52	1.543	4.7224	4.7248	-5.1509	1.0
3	53	1.5059	2.7128	3.0986	-5.1958	1.0
3	54	1.3657	4.1517	3.0957	-3.0138	1.0
3	55	1.2455	4.189	3.5228	-5.5633	1.0
3	56	1.7974	2.1893	3.2755	-4.5968	1.0
3	57	1.4044	6.9861	2.1711	-1.6177	1.0
3	58	2.2873	9.0513	2.8514	-3.6359	1.0
3	59	2.3962	3.6729	2.4853	-2.8304	1.0
3	60	0.9624	3.9554	2.9574	-3.9997	1.0
3	61	0.8902	2.6394	2.6587	-2.6952	1.0
3	62	2.8347	3.5743	1.7374	-2.0681	1.0
3	63	1.6625	4.7829	5.5283	-5.7731	1.0
3	64	2.5111	2.1668	4.621	-4.7799	1.0
3	65	1.4666	4.2305	3.6762	-3.0076	1.0
3	66	1.1454	3.3709	4.3088	-3.7512	1.0
3	67	2.9806	3.2536	2.6938	-2.4855	1.0
3	68	2.2358	3.684	3.2633	-2.6409	1.0
3	69	1.1327	3.3723	3.3276	-3.0076	1.0
3	70	0.8001	6.6673	3.0159	-2.0393	1.0
3	71	0.8303	4.0919	2.2714	-1.7213	1.0
3	72	1.1292	5.0086	4.6672	-8.5293	1.0
3	73	3.6092	4.2826	3.5902	-5.7591	1.0
3	74	2.6489	5.0447	3.0822	-2.3241	1.0
3	75	1.772	4.0796	3.4227	-7.2778	1.0
3	76	1.1752	1.7362	4.8104	-3.5903	1.0
3	77	0.828	1.3177	4.4205	-4.4425	1.0
3	78	0.8057	2.3504	4.0109	-3.3128	1.0
3	79	1.2516	1.934	5.2729	-3.537	1.0
3	80	1.1036	3.9403	5.5788	-6.193	1.0
3	81	1.0758	6.9062	5.5662	-6.2738	1.0
3	82	1.9479	1.2956	5.5569	-4.4489	1.0
3	83	1.1173	1.8911	3.9472	-4.4817	1.0
3	84	1.8485	4.804	3.2917	-3.3685	1.0
3	85	4.0261	2.7726	2.8454	-3.2842	1.0
3	86	1.6965	7.8897	2.4179	-1.911	1.0
3	87	1.74	5.4671	3.4615	-5.4258	1.0
3	88	4.2735	8.3036	2.8361	-5.6345	1.0
3	89	1.7488	3.2972	3.2449	-4.7662	1.0
3	90	1.3206	6.0908	3.0216	-4.0365	1.0
3	91	5.8531	9.6913	3.3364	-3.0506	1.0
3	92	2.0893	7.4342	4.0696	-2.639	1.0
3	93	1.2834	5.1522	2.9942	-2.0646	1.0
3	94	1.6106	5.835	4.4032	-3.5269	1.0
3	95	1.78	3.7008	3.5802	-2.5749	1.0
3	96	2.0228	2.3603	3.1232	-5.1256	1.0
3	97	1.3059	2.7124	5.3757	-4.8756	1.0
3	98	1.7386	8.7673	3.266	-3.9818	1.0
3	99	1.5746	3.1674	2.3251	-2.6609	1.0
3	100	1.1069	2.8975	3.9285	-4.6214	1.0
3	101	2.9906	3.1419	3.6754	-2.6751	1.0
3	102	1.6395	5.0981	3.2003	-2.5417	1.0
3	103	2.1974	4.211	3.5774	-4.8141	1.0
3	104	1.2756	1.9798	5.4442	-3.8609	1.0
3	105	1.7746	4.2086	2.2997	-1.5697	1.0
3	106	2.5362	3.8837	2.0263	-1.5622	1.0
3	107	2.031	4.2252	4.2411	-4.4254	1.0
3	108	0.9357	2.3072	3.8044	-3.1148	1.0
3	109	2.7704	2.2785	3.3619	-3.6728	1.0
3	110	1.257	6.1819	4.217	-4.2316	1.0
3	111	1.257	6.1819	4.217	-4.2316	1.0
3	112	2.6286	2.1308	3.2313	-4.7697	1.0
3	113	2.5267	2.5091	2.6593	-5.2559	1.0
3	114	2.7215	7.5213	2.7326	-1.3011	1.0
3	115	1.5804	6.3009	3.854	-5.2215	1.0
3	116	1.5804	6.3009	3.854	-5.2215	1.0
3	117	1.3685	6.995	3.8918	-3.594	1.0
3	118	1.099	2.2292	4.8672	-5.229	1.0
3	119	0.9405	6.3489	2.419	-2.0344	1.0
3	120	1.339	2.8136	3.3088	-4.2347	1.0
3	121	0.9043	1.9639	4.4902	-5.0171	1.0
3	122	3.3254	1.7713	3.8505	-3.5606	1.0
3	123	1.6419	9.0768	3.6771	-1.3789	1.0
3	124	1.1752	4.1331	3.9736	-1.8255	1.0
3	125	1.4723	2.9059	3.7983	-3.5909	1.0
3	126	0.6838	9.425	3.7651	-1.9845	1.0
3	127	1.3429	4.2183	3.7128	-2.0546	1.0
3	128	1.3429	4.2183	3.7128	-2.0546	1.0
3	129	1.3429	4.2183	3.7128	-2.0546	1.0
3	130	2.4824	3.4377	3.9973	-1.9481	1.0
3	131	2.9397	3.533	4.4144	-2.4642	1.0
3	132	2.9943	3.2067	4.0161	-3.1022	1.0
3	133	2.5281	2.2069	2.7893	-2.664	1.0
3	134	2.2327	3.492	3.0102	-1.9939	1.0
3	135	1.4917	2.3331	3.5605	-2.5849	1.0
3	136	3.5393	4.011	2.4629	-3.0119	1.0
3	137	2.7539	4.3152	1.9382	-1.8009	1.0
3	138	1.4557	8.3102	2.2365	-1.6795	1.0
3	139	3.3232	9.529	4.3519	-5.5584	1.0
3	140	2.287	6.3428	3.7409	-4.1366	1.0
3	141	1.8482	8.68	2.4548	-1.9488	1.0
3	142	0.887	2.6109	4.4876	-5.8707	1.0
3	143	1.0968	3.6526	4.9098	-5.7863	1.0
3	144	1.229	3.5697	3.2664	-2.5055	1.0
3	145	1.7806	4.6092	4.0583	-4.9298	1.0
3	146	1.3671	2.9843	3.4145	-2.8984	1.0
3	147	1.1055	5.047	4.5635	-3.364	1.0
3	148	1.6711	1.1356	3.466	-4.8613	1.0
3	149	1.8146	1.8907	3.788	-5.1808	1.0
3	150	3.7511	5.8703	2.7164	-3.6549	1.0
3	151	3.7409	4.221	2.8164	-2.9253	1.0
3	152	4.8067	6.7024	2.9191	-5.6019	1.0
3	153	3.3948	3.0438	3.2342	-2.7757	1.0
3	154	1.3316	4.9735	3.0445	-2.0122	1.0
3	155	1.1242	7.2937	5.544	-4.4333	1.0
3	156	1.6781	4.9293	3.6067	-2.9635	1.0
3	157	2.5618	4.7238	3.1575	-5.6829	1.0
3	158	1.6364	4.5913	3.9136	-5.6294	1.0
3	159	1.3296	1.8206	3.0018	-4.8212	1.0
3	160	1.9682	3.6164	3.5323	-7.4217	1.0
3	161	1.1484	2.2778	4.1136	-4.5865	1.0
3	162	2.7411	1.9178	3.3465	-2.4753	1.0
3	163	3.0302	2.0095	4.5542	-2.4934	1.0
3	164	1.8754	4.3487	4.7236	-3.9088	1.0
3	165	3.0055	2.9237	3.3728	-4.8492	1.0
3	166	2.4821	8.4584	4.5046	-5.5376	1.0
3	167	2.0221	2.0774	5.7475	-4.9991	1.0
3	168	1.3121	2.8555	2.4952	-2.4997	1.0
3	169	2.7066	4.7638	4.3429	-5.7555	1.0
3	170	1.4746	3.1285	3.3269	-5.5339	1.0
3	171	2.3908	2.7993	1.8267	-3.1863	1.0
3	172	3.9131	4.0674	3.2717	-6.1164	1.0
3	173	3.4728	3.1267	4.1958	-7.5155	1.0
3	174	3.2425	2.8133	3.1076	-9.3094	1.0
3	175	2.7636	3.7228	4.9772	-8.9016	1.0
3	176	3.3278	1.1112	5.9406	-9.7015	1.0
3	177	2.5446	2.6758	3.8232	-7.7721	1.0
3	178	2.7502	3.6232	3.273	-8.0166	1.0
3	179	3.1076	4.5118	4.9962	-8.4191	1.0
3	180	4.0141	9.6975	4.6291	-8.015	1.0
3	181	1.8577	9.695	3.1113	-2.8806	1.0
3	182	1.6042	6.3867	3.5122	-2.4948	1.0
3	183	2.5062	3.6645	3.0854	-2.1448	1.0
3	184	2.5062	3.6645	3.0854	-2.1448	1.0
3	185	1.9766	8.4263	2.6091	-1.2768	1.0
3	186	1.0776	4.334	3.493	-3.1199	1.0
3	187	1.4816	3.9276	3.3506	-2.7887	1.0
3	188	1.8424	2.9457	3.2011	-3.6352	1.0
3	189	1.3216	6.986	2.6556	-2.9546	1.0
3	190	2.1848	4.5929	4.3454	-1.5093	1.0
3	191	2.1848	4.5929	4.3454	-1.5093	1.0
3	192	2.7253	4.8858	2.7686	-3.7939	1.0
3	193	1.7713	1.7479	3.9975	-4.5686	1.0
3	194	1.189	2.978	2.9323	-3.2569	1.0
3	195	3.3304	2.9642	2.4206	-3.6559	1.0
3	196	0.8178	7.5997	2.8235	-1.9387	1.0
3	197	1.299	4.1614	3.5058	-2.7105	1.0
3	198	2.4566	2.158	2.6191	-1.7789	1.0
3	199	0.9045	4.2452	3.5414	-4.7196	1.0
3	200	1.3171	2.2902	3.6346	-4.9915	1.0
3	201	3.815	6.9808	3.4829	-4.8449	1.0
3	202	0.9703	3.6664	4.8073	-4.0506	1.0
3	203	0.4914	5.8515	4.8013	-4.1254	1.0
3	204	0.8871	9.0694	3.1021	-1.5114	1.0
3	205	0.8871	9.0694	3.1021	-1.5114	1.0
3	206	1.2671	4.0947	2.2065	-1.6351	1.0
3	207	1.0019	4.2342	5.6879	-4.3667	1.0
3	208	1.4112	5.6652	2.9121	-2.9201	1.0
3	209	4.0771	1.3514	3.4459	-5.1728	1.0
3	210	4.0423	1.3461	3.2154	-11.0709	1.0
3	211	5.6596	2.1335	2.6176	-8.3921	1.0
3	212	2.0635	5.6838	1.9508	-1.4248	1.0
3	213	1.6131	7.9691	2.1938	-1.4175	1.0
3	214	1.306	4.8759	3.3126	-4.5395	1.0
3	215	1.5447	1.8149	4.7901	-9.3506	1.0
3	216	3.4134	3.184	3.3193	-6.0334	1.0
3	217	0.9071	2.6348	4.045	-6.3306	1.0
3	218	1.323	3.4379	2.2886	-2.1086	1.0
3	219	1.323	3.4379	2.2886	-2.1086	1.0
3	220	1.0466	1.6025	5.2235	-4.7149	1.0
3	221	2.4919	1.7078	5.8725	-5.709	1.0
3	222	0.5985	2.491	5.4051	-3.8529	1.0
3	223	1.3517	3.0896	4.6828	-2.489	1.0
3	224	2.9005	2.7817	3.6904	-3.6454	1.0
3	225	1.9503	1.7595	3.5856	-5.5483	1.0
3	226	0.6796	5.9005	4.3201	-1.7572	1.0
3	227	3.2098	2.5411	4.2956	-5.302	1.0
3	228	2.3101	2.1984	4.0896	-5.6087	1.0
3	229	2.072	2.252	3.9682	-2.55	1.0
3	230	2.2793	2.8381	4.4554	-3.2719	1.0
3	231	1.593	2.5859	2.6448	-2.5854	1.0
3	232	2.5418	4.1932	2.4834	-2.3324	1.0
3	233	2.5418	4.1932	2.4834	-2.3324	1.0
3	234	4.1916	2.3578	2.4113	-1.862	1.0
3	235	2.2654	1.5718	3.4285	-4.5707	1.0
3	236	2.1551	2.5786	4.6016	-8.0655	1.0
3	237	2.4384	3.417	4.4704	-7.2593	1.0
3	238	3.0606	7.6204	2.9062	-3.9653	1.0
3	239	0.7244	5.82	3.2965	-2.421	1.0
3	240	2.5263	3.1557	3.8398	-4.7582	1.0
3	241	1.5274	4.4236	3.9057	-2.4946	1.0
3	242	2.179	4.4709	3.0159	-2.8134	1.0
3	243	2.179	4.4709	3.0159	-2.8134	1.0
3	244	0.8253	4.3427	3.3639	-4.2024	1.0
3	245	2.6466	3.2294	2.8252	-5.7916	1.0
3	246	2.2074	2.1958	4.3246	-8.8014	1.0
3	247	1.2151	2.5615	4.1057	-3.1368	1.0
3	248	1.0148	2.8098	3.7891	-8.2903	1.0
3	249	1.1077	4.3113	2.9533	-4.6119	1.0
3	250	1.4357	9.5228	4.5495	-6.2229	1.0
3	251	1.1729	2.0966	4.8317	-5.2228	1.0
3	252	1.0449	4.6186	3.7775	-4.2205	1.0
3	253	1.5839	3.5169	3.7816	-5.0277	1.0
3	254	2.3004	5.3945	3.6252	-4.025	1.0
3	255	2.0142	1.8971	4.7985	-4.0197	1.0
3	256	2.1338	6.399	4.7957	-2.4425	1.0
3	257	3.7875	7.5805	2.7131	-2.1842	1.0
3	258	1.958	3.0195	3.697	-3.1655	1.0
3	259	1.7127	5.5809	4.2282	-4.7333	1.0
3	260	2.5618	7.0898	3.4059	-3.3017	1.0
3	261	2.8421	2.6425	4.4737	-3.683	1.0
3	262	2.7239	7.7334	3.1678	-1.7176	1.0
3	263	1.1208	5.7513	2.3941	-1.797	1.0
3	264	0.5759	2.6927	3.5589	-2.4756	1.0
3	265	3.4528	1.9805	2.7106	-2.6938	1.0
3	266	1.4332	3.9569	3.7063	-2.2454	1.0
3	267	1.4138	4.7825	3.034	-2.0096	1.0
3	268	1.4138	4.7825	3.034	-2.0096	1.0
3	269	2.7745	7.6791	3.6994	-6.479	1.0
3	270	2.098	8.2445	4.3938	-3.7906	1.0
3	271	1.5796	5.056	3.2196	-2.3099	1.0
3	272	2.6796	4.8823	3.1059	-2.8071	1.0
3	273	2.7227	1.497	3.7603	-6.6743	1.0
3	274	1.7646	3.9379	5.9377	-6.6979	1.0
3	275	2.4142	3.5127	3.9242	-2.9226	1.0
3	276	2.8201	3.5865	2.9909	-2.7163	1.0
3	277	1.515	2.9922	4.6664	-2.566	1.0
3	278	1.4133	2.7516	4.3662	-4.3218	1.0
3	279	0.646	2.58	2.9925	-2.1667	1.0
3	280	2.2138	4.3444	2.9807	-3.558	1.0
3	281	0.5715	7.8809	3.4978	-1.7947	1.0
3	282	0.7818	1.1481	3.9332	-3.3711	1.0
3	283	2.9132	1.3087	3.3622	-4.5863	1.0
3	284	1.1777	2.4174	2.5507	-2.7136	1.0
3	285	0.669	5.8005	3.643	-1.7147	1.0
3	286	1.9338	2.8937	4.6133	-4.5589	1.0
3	287	2.2584	2.0628	4.2716	-5.0506	1.0
3	288	2.1359	3.4611	4.2624	-2.7647	1.0
3	289	1.9771	4.095	3.8216	-4.478	1.0
3	290	2.0235	2.1907	4.3008	-3.94	1.0
3	291	1.3958	3.3015	3.5415	-1.9366	1.0
3	292	1.3359	2.3931	3.6202	-3.3341	1.0
3	293	1.1783	1.7212	4.3285	-5.4893	1.0
3	294	1.6333	1.9521	3.9602	-5.1582	1.0
3	295	0.9827	4.5356	4.6183	-4.7157	1.0
3	296	1.0643	2.4478	4.0178	-3.8112	1.0
3	297	1.4207	3.2528	4.0096	-3.4434	1.0
3	298	2.3737	2.503	4.4137	-6.4459	1.0
3	299	1.8928	4.1409	5.1943	-10.2077	1.0
3	300	2.7351	3.8054	3.5156	-10.3042	1.0
3	301	2.0827	4.78	2.2726	-5.2622	1.0
3	302	1.5929	3.3148	4.7548	-9.2941	1.0
3	303	2.45	4.7339	5.5063	-9.3933	1.0
3	304	2.45	4.7339	5.5063	-9.3933	1.0
3	305	0.6647	8.3009	4.8352	-8.4664	1.0
3	306	1.1255	5.7341	4.9856	-6.8929	1.0
3	307	1.6142	3.5194	4.8513	-4.8752	1.0
3	308	2.4214	1.936	3.2825	-10.024	1.0
3	309	1.7223	2.8428	4.2185	-2.6114	1.0
3	310	0.7482	3.7985	4.7494	-3.7775	1.0
3	311	1.3819	3.5708	3.6345	-1.718	1.0
3	312	3.9327	3.9786	2.6606	-2.1878	1.0
3	313	4.0094	7.6499	2.3714	-3.6241	1.0
3	314	2.9031	9.5204	2.849	-5.2158	1.0
3	315	2.3259	2.4186	3.3363	-4.7381	1.0
3	316	1.6539	3.6294	3.9673	-4.579	1.0
3	317	2.9637	7.505	2.6972	-3.5093	1.0
3	318	3.4117	1.9279	3.417	-4.7521	1.0
3	319	2.4103	3.1991	3.6792	-9.4857	1.0
3	320	1.321	2.0744	4.5967	-9.0881	1.0
3	321	3.5969	2.8666	2.7786	-7.5507	1.0
3	322	0.6126	4.0166	4.9334	-2.9352	1.0
3	323	1.171	4.5679	4.5294	-2.9208	1.0
3	324	2.1625	6.1791	3.5076	-1.586	1.0
3	325	2.5768	2.6416	5.0238	-4.5676	1.0
3	326	1.897	2.426	3.8651	-2.8377	1.0
3	327	1.9547	2.2816	3.3618	-2.893	1.0
3	328	1.7667	1.9642	2.9608	-2.5494	1.0
3	329	1.6024	3.468	2.8283	-2.232	1.0
3	330	3.0182	2.7119	2.3081	-2.3138	1.0
3	331	3.0182	2.7119	2.3081	-2.3138	1.0
3	332	2.3869	4.0155	2.1837	-1.897	1.0
3	333	1.8051	2.8186	1.9916	-2.4158	1.0
3	334	0.7316	2.1815	3.513	-2.5125	1.0
3	335	1.6717	2.5331	3.1804	-4.112	1.0
3	336	1.015	4.3161	4.5394	-3.5549	1.0
3	337	2.314	2.4202	3.2515	-3.2515	1.0
3	338	1.892	3.3196	3.6182	-2.989	1.0
3	339	1.018	4.465	3.558	-2.2495	1.0
3	340	1.0017	2.3372	5.2946	-4.897	1.0
3	341	1.4286	2.5895	4.3462	-6.4465	1.0
3	342	1.6715	2.184	3.8792	-5.4602	1.0
3	343	0.6839	4.5741	3.1795	-2.5962	1.0
3	344	2.2113	6.2401	4.0819	-4.6546	1.0
3	345	4.3318	3.5984	2.3543	-2.1976	1.0
3	346	1.3943	2.7882	4.5659	-9.2366	1.0
3	347	2.8329	6.0127	3.0389	-3.5158	1.0
3	348	1.4219	1.9086	5.3028	-5.6184	1.0
3	349	1.4486	1.7577	4.2842	-5.7968	1.0
3	350	1.6392	1.4347	4.3218	-6.1642	1.0
3	351	2.7222	4.0949	2.5	-2.0108	1.0
3	352	2.7469	6.5425	3.4716	-2.2211	1.0
3	353	1.8193	8.3054	1.9143	-2.1694	1.0
3	354	2.5892	6.0926	3.0294	-2.3018	1.0
3	355	2.9922	3.2706	2.7898	-2.5192	1.0
3	356	2.9922	3.2706	2.7898	-2.5192	1.0
3	357	4.3102	1.3611	4.2747	-1.7629	1.0
3	358	3.7319	1.8161	5.3383	-2.6198	1.0
3	359	1.5285	4.1072	4.5647	-3.6018	1.0
3	360	1.3521	1.4174	2.72	-3.4395	1.0
3	361	1.6416	4.2316	3.3021	-6.6853	1.0
3	362	2.6768	2.33	3.0566	-4.9736	1.0
3	363	1.9241	3.1727	3.5822	-5.7289	1.0
3	364	1.4894	3.183	2.1261	-3.1063	1.0
3	365	1.921	2.3018	3.5394	-8.3408	1.0
3	366	0.9318	6.5443	3.5513	-4.0068	1.0
3	367	2.1102	3.2933	3.9796	-1.6085	1.0
3	368	3.0139	2.5324	2.2585	-3.843	1.0
3	369	1.362	3.8924	2.1169	-2.9981	1.0
3	370	3.3369	2.9458	3.9769	-6.6641	1.0
3	371	1.9159	5.0072	4.712	-5.9169	1.0
3	372	0.9607	2.5762	4.7965	-6.8672	1.0
3	373	3.2116	1.8472	3.5491	-6.2351	1.0
3	374	1.1739	4.9919	3.1791	-1.7809	1.0
3	375	0.828	7.9624	2.6426	-1.8629	1.0
3	376	0.6695	1.3356	2.8013	-3.4739	1.0
3	377	1.151	5.3398	3.2363	-2.6127	1.0
3	378	2.5376	6.0972	2.7839	-1.9674	1.0
3	379	1.7295	1.9736	3.9339	-5.891	1.0
3	380	0.9015	2.6949	4.7671	-2.4305	1.0
3	381	3.7204	2.6297	3.7109	-5.3234	1.0
3	382	5.4574	8.3504	4.6362	-8.3274	1.0
3	383	3.3616	6.5015	5.7146	-5.3635	1.0
3	384	2.3468	1.9742	3.3161	-4.6468	1.0
3	385	0.9272	4.9829	3.0224	-3.7475	1.0
3	386	3.392	3.4549	1.7016	-3.2376	1.0
3	387	2.7606	1.4795	3.7008	-5.1234	1.0
3	388	1.0786	5.1484	3.6847	-4.5046	1.0
3	389	2.2659	2.4706	3.6721	-6.2051	1.0
3	390	1.6165	3.3155	2.7299	-2.6504	1.0
3	391	2.0548	4.1509	2.5104	-3.8136	1.0
3	392	2.7134	4.1477	2.9275	-2.6308	1.0
3	393	2.7134	4.1477	2.9275	-2.6308	1.0
3	394	2.7134	4.1477	2.9275	-2.6308	1.0
3	395	1.8602	4.8301	4.2198	-4.8178	1.0
3	396	1.8602	4.8301	4.2198	-4.8178	1.0
3	397	0.8025	1.6133	4.1376	-6.7331	1.0
3	398	1.28	2.6655	2.3768	-3.7102	1.0
3	399	1.1996	4.9666	4.81	-5.0342	1.0
3	400	1.2463	6.0367	2.1582	-1.5172	1.0
3	401	2.4223	6.0109	3.0972	-2.6758	1.0
3	402	1.8281	3.4355	3.3258	-2.625	1.0
3	403	2.4302	3.7717	3.0864	-2.2497	1.0
3	404	3.5786	3.2344	3.1068	-4.012	1.0
3	405	1.6855	3.0187	4.1396	-2.0357	1.0
3	406	1.1494	3.7245	4.4061	-4.5339	1.0
3	407	3.0697	4.4769	3.69	-2.5977	1.0
3	408	2.1517	2.6976	3.2698	-3.9378	1.0
3	409	0.6764	4.5641	4.1999	-1.6037	1.0
3	410	0.6281	2.6536	4.3737	-1.6403	1.0
3	411	0.5174	3.471	4.6005	-2.765	1.0
3	412	1.9624	2.8261	3.8818	-2.7163	1.0
3	413	0.7793	5.341	3.7052	-1.5386	1.0
3	414	1.383	3.8926	4.7621	-1.9255	1.0
3	415	1.3992	6.6783	4.1472	-5.2617	1.0
3	416	2.3838	2.7139	2.7812	-1.5819	1.0
3	417	2.8856	1.8227	3.7901	-3.6944	1.0
3	418	3.912	1.9556	4.5009	-3.153	1.0
3	419	3.5606	1.7949	3.7703	-3.2696	1.0
3	420	2.0763	2.6062	3.9192	-3.618	1.0
3	421	1.2169	1.591	3.9806	-3.3307	1.0
3	422	0.9643	5.4371	5.1319	-11.0328	1.0
3	423	2.9014	2.6278	3.0761	-9.9954	1.0
3	424	2.8122	7.9468	4.3931	-9.0236	1.0
3	425	3.2018	7.4988	3.9349	-7.595	1.0
3	426	3.0282	3.0146	2.3662	-2.4663	1.0
3	427	1.3872	7.3032	4.1567	-4.7584	1.0
3	428	0.9529	4.4024	3.298	-2.8103	1.0
3	429	1.6614	9.7735	3.948	-1.5876	1.0
3	430	2.5729	7.6625	2.2465	-1.7419	1.0
3	431	2.5729	7.6625	2.2465	-1.7419	1.0
3	432	1.0129	1.4956	3.1899	-4.8653	1.0
3	433	1.8782	2.4929	3.7684	-3.5992	1.0
3	434	3.4814	2.9287	4.6956	-2.6994	1.0
3	435	1.723	3.1189	5.8527	-2.86	1.0
3	436	1.1073	2.6741	2.8961	-3.7543	1.0
3	437	0.8858	3.3606	2.997	-4.0806	1.0
3	438	1.3292	2.628	4.3698	-2.8301	1.0
3	439	1.3292	2.628	4.3698	-2.8301	1.0
3	440	0.8072	1.7842	4.167	-3.6822	1.0
3	441	2.2063	2.758	2.3362	-2.9552	1.0
3	442	2.1881	1.817	2.7158	-3.7515	1.0
3	443	1.7746	3.8475	2.7738	-1.8739	1.0
3	444	1.916	5.412	3.4995	-1.9397	1.0
3	445	2.3762	7.903	2.7246	-1.7205	1.0
3	446	2.6037	2.0726	3.3875	-2.589	1.0
3	447	1.48	3.9337	3.6884	-2.5671	1.0
3	448	1.6133	1.5138	4.7913	-4.1156	1.0
3	449	1.5669	1.076	4.3375	-7.3951	1.0
3	450	1.9153	1.685	3.5664	-4.7298	1.0
3	451	1.1505	2.8228	4.3153	-6.7297	1.0
3	452	1.3971	3.2526	4.0025	-5.1483	1.0
3	453	0.7153	3.6628	3.4428	-1.9629	1.0
3	454	1.0116	8.4681	4.5694	-2.1086	1.0
3	455	1.0116	8.4681	4.5694	-2.1086	1.0
3	456	1.9602	3.9012	4.0028	-3.404	1.0
3	457	2.4244	1.5691	5.0405	-6.2806	1.0
3	458	1.1778	0.7962	4.4613	-6.2324	1.0
3	459	1.1076	4.6527	4.5249	-2.8298	1.0
3	460	1.1307	5.9889	3.59	-1.6803	1.0
3	461	1.4554	3.6208	3.9808	-3.0271	1.0
3	462	1.1307	4.4002	2.823	-1.7549	1.0
3	463	1.1307	4.4002	2.823	-1.7549	1.0
3	464	1.4742	7.1594	3.3124	-2.1362	1.0
3	465	1.4646	3.6177	2.4271	-3.9139	1.0
3	466	3.3288	5.9824	4.1739	-5.0565	1.0
3	467	0.97	2.9105	5.6816	-5.916	1.0
3	468	1.6508	1.1819	4.2951	-4.6298	1.0
3	469	2.5138	2.0684	4.083	-4.8081	1.0
3	470	5.0782	0.9487	3.3535	-4.5775	1.0
3	471	1.9997	4.0461	3.5482	-3.9059	1.0
3	472	3.4839	4.0376	2.6818	-1.9794	1.0
3	473	2.4871	4.7652	3.5551	-1.8357	1.0
3	474	0.8491	4.0674	5.1224	-2.5883	1.0
3	475	0.9606	2.8973	4.062	-2.0055	1.0
3	476	1.6076	2.1393	4.2407	-5.1503	1.0
3	477	4.8068	2.2307	3.8836	-6.45	1.0
3	478	2.8494	1.8121	2.4191	-5.5125	1.0
3	479	1.459	1.8798	3.592	-5.066	1.0
3	480	0.7439	1.8606	3.2047	-4.1162	1.0
3	481	1.4929	5.6767	3.9676	-5.0663	1.0
3	482	3.214	4.6582	3.9197	-3.445	1.0
3	483	1.1095	2.6505	3.728	-7.9225	1.0
3	484	1.8422	2.7827	3.3593	-3.0027	1.0
3	485	2.1732	8.4623	2.7698	-1.7623	1.0
3	486	1.9769	5.5755	3.7628	-1.5775	1.0
3	487	2.7762	4.2079	4.1252	-2.4212	1.0
3	488	1.2249	2.5814	2.3918	-2.7936	1.0
3	489	1.5845	4.9773	4.6155	-4.1773	1.0
3	490	0.6244	5.235	4.2872	-1.9085	1.0
3	491	2.9666	2.8121	2.9015	-3.7587	1.0
3	492	3.1625	2.5935	2.5812	-2.4596	1.0
3	493	1.4723	5.8878	2.9875	-1.5763	1.0
3	494	1.5467	3.5629	3.5289	-2.0778	1.0
3	495	0.9982	2.844	3.5735	-1.8308	1.0
3	496	1.4085	3.8394	2.7303	-1.6924	1.0
3	497	0.7985	7.516	2.3415	-1.2572	1.0
3	498	0.9421	6.5603	2.6715	-1.7108	1.0
3	499	0.9421	6.5603	2.6715	-1.7108	1.0
3	500	1.1983	4.7412	3.2036	-2.2012	1.0
3	501	3.6432	5.1555	2.4495	-2.2047	1.0
3	502	1.7324	4.4428	2.8086	-2.2305	1.0
3	503	1.4082	2.1954	3.6002	-2.0613	1.0
3	504	1.5872	6.2305	2.4691	-1.6884	1.0
3	505	1.5872	6.2305	2.4691	-1.6884	1.0
3	506	1.0052	5.1681	4.2145	-1.5832	1.0
3	507	1.029	3.3787	3.5095	-2.5111	1.0
3	508	1.0252	4.2557	3.3329	-2.4048	1.0
3	509	2.224	5.491	2.4019	-2.5699	1.0
3	510	1.3025	7.884	2.9548	-3.8481	1.0
3	511	0.5059	3.5509	4.6596	-4.348	1.0
3	512	1.2076	7.8763	4.705	-1.7017	1.0
3	513	1.2076	7.8763	4.705	-1.7017	1.0
3	514	1.0621	6.42	4.5788	-4.0143	1.0
3	515	0.7478	2.1906	3.3425	-5.313	1.0
3	516	0.8219	2.9073	3.7607	-3.828	1.0
3	517	0.6135	2.8586	3.9647	-3.6787	1.0
3	518	0.6298	1.6797	4.9338	-4.1797	1.0
3	519	1.841	2.29	3.5943	-4.3379	1.0
3	520	3.5712	1.7622	2.6198	-5.2775	1.0
3	521	1.7656	3.5919	2.125	-2.5299	1.0
3	522	2.5236	2.542	3.4783	-3.2124	1.0
3	523	2.8126	2.477	3.2319	-2.6554	1.0
3	524	2.0968	1.8298	3.6672	-5.3309	1.0
3	525	1.8401	3.9528	2.6162	-4.6646	1.0
3	526	1.8401	3.9528	2.6162	-4.6646	1.0
3	527	2.4148	1.8944	3.2957	-4.6688	1.0
3	528	1.675	5.3076	3.0806	-2.2301	1.0
3	529	1.1716	5.8613	4.8091	-8.6755	1.0
3	530	2.3324	5.956	3.7932	-1.9504	1.0
3	531	1.9477	7.3483	2.6602	-1.5723	1.0
3	532	1.757	4.1067	2.7484	-2.4129	1.0
3	533	0.9354	7.4434	4.3221	-3.8041	1.0
3	534	1.2964	3.0784	2.5024	-2.1408	1.0
3	535	1.5016	5.7886	2.7484	-2.3179	1.0
3	536	1.682	3.1104	2.4313	-2.7718	1.0
3	537	1.1424	6.5094	3.1112	-1.8912	1.0
3	538	1.0649	4.1658	2.3247	-2.1202	1.0
3	539	0.8747	6.3778	3.1344	-1.5281	1.0
3	540	1.3076	2.1841	4.3952	-4.4608	1.0
3	541	1.509	3.3711	3.2171	-4.7178	1.0
3	542	1.1349	1.941	2.5597	-7.5201	1.0
3	543	4.0987	3.8162	2.0524	-6.3805	1.0
3	544	2.277	2.9022	4.8271	-3.9765	1.0
3	545	2.4545	3.875	3.4904	-2.6985	1.0
3	546	1.9398	3.5044	4.3252	-2.203	1.0
3	547	2.6571	1.6602	4.9554	-5.7698	1.0
3	548	2.5154	3.8834	3.6253	-6.9911	1.0
3	549	2.7211	4.392	3.0205	-8.0686	1.0
3	550	2.2812	4.2012	2.8849	-5.2856	1.0
3	551	3.6459	2.0995	2.7767	-3.7005	1.0
3	552	4.2357	2.7892	2.4062	-2.738	1.0
3	553	1.9122	5.1563	2.7812	-3.5922	1.0
3	554	2.2132	5.9225	4.1816	-2.509	1.0
3	555	1.524	4.5162	3.6337	-2.7446	1.0
3	556	0.6974	5.707	4.4221	-6.5657	1.0
3	557	0.5399	3.8303	3.8671	-2.5077	1.0
3	558	1.5181	3.8458	5.3257	-2.0913	1.0
3	559	0.7095	5.1826	2.6934	-1.5117	1.0
3	560	0.7095	5.1826	2.6934	-1.5117	1.0
3	561	3.0238	3.808	1.819	-2.1161	1.0
3	562	1.2504	8.7275	3.0369	-1.2967	1.0
3	563	2.0538	3.7947	2.6013	-3.3086	1.0
3	564	2.3883	2.9006	2.7174	-5.9962	1.0
3	565	1.2831	1.6653	5.2536	-9.6124	1.0
3	566	0.9371	4.837	4.442	-2.5052	1.0
3	567	1.5278	7.0111	3.4988	-3.0496	1.0
3	568	1.8714	6.5544	4.1915	-3.1537	1.0
3	569	0.9227	3.5054	3.5696	-2.3768	1.0
3	570	2.8506	1.9995	3.2283	-6.689	1.0
3	571	0.9981	8.0821	2.6588	-1.5296	1.0
3	572	0.7507	6.1126	3.3219	-3.849	1.0
3	573	2.7216	3.3164	2.6555	-3.2888	1.0
3	574	3.6602	2.0459	3.0625	-3.2776	1.0
3	575	2.2598	4.0273	2.3649	-2.1105	1.0
3	576	1.2594	9.6096	2.6369	-2.7994	1.0
3	577	2.1028	9.1518	1.9722	-2.5075	1.0
3	578	1.5455	7.725	2.6722	-1.9398	1.0
3	579	3.1362	5.9086	1.7006	-1.9814	1.0
3	580	3.7103	7.475	1.9665	-1.5385	1.0
3	581	3.7103	7.475	1.9665	-1.5385	1.0
3	582	2.0435	4.6691	3.1616	-2.3761	1.0
3	583	1.6957	2.9911	4.5707	-4.4688	1.0
3	584	2.2446	9.1763	3.1985	-3.197	1.0
3	585	1.3253	6.5288	2.3887	-1.4597	1.0
3	586	1.3385	6.1558	2.5076	-1.4438	1.0
3	587	1.3865	2.6273	3.5496	-5.7458	1.0
3	588	2.5972	1.8679	4.6042	-5.918	1.0
3	589	3.74	3.6795	2.909	-2.8108	1.0
3	590	3.3077	5.3756	2.365	-1.7185	1.0
3	591	3.0039	6.4159	2.4235	-2.2727	1.0
3	592	3.5981	2.6269	2.7742	-2.3289	1.0
3	593	1.2992	2.5595	3.2984	-5.9548	1.0
3	594	1.1187	3.061	5.044	-6.9019	1.0
3	595	1.1511	8.0775	3.3248	-1.5607	1.0
3	596	1.1907	8.7658	2.6242	-1.6842	1.0
3	597	0.9852	5.6929	3.4595	-4.2981	1.0
3	598	2.9197	4.4109	3.0967	-3.9408	1.0
3	599	2.6989	5.4961	4.3778	-8.2866	1.0
3	600	3.1682	9.6857	2.7886	-3.7127	1.0
3	601	3.8502	8.5844	2.6425	-1.2492	1.0
3	602	4.5352	9.7131	2.3662	-1.5785	1.0
3	603	4.5352	9.7131	2.3662	-1.5785	1.0
3	604	3.8879	9.0802	1.3688	-1.2291	1.0
3	605	2.9036	2.2788	1.7046	-1.6969	1.0
3	606	4.768	1.5291	4.0217	-4.5657	1.0
3	607	3.5431	2.7356	4.2607	-5.6617	1.0
3	608	1.4938	3.3675	5.8621	-8.3114	1.0
3	609	2.5826	3.685	2.0483	-2.3894	1.0
3	610	1.923	5.0869	3.4928	-1.9353	1.0
3	611	0.9282	2.1086	4.4995	-3.9831	1.0
3	612	0.9282	2.1086	4.4995	-3.9831	1.0
3	613	2.2175	2.1361	2.8758	-3.9667	1.0
3	614	2.6757	2.5478	2.7056	-1.9791	1.0
3	615	0.7929	1.4027	3.2779	-3.5252	1.0
3	616	2.9136	2.6047	2.2075	-2.6241	1.0
3	617	1.7048	5.2794	2.0161	-1.8016	1.0
3	618	3.7195	3.9038	2.1848	-3.7558	1.0
3	619	3.2179	9.9581	2.4747	-1.4828	1.0
3	620	3.2179	9.9581	2.4747	-1.4828	1.0
3	621	2.2813	6.0658	2.799	-2.59	1.0
3	622	2.4361	5.687	5.751	-6.7215	1.0
3	623	2.1087	5.8687	4.7186	-2.1728	1.0
3	624	3.8454	4.474	2.7498	-2.2063	1.0
3	625	3.8454	4.474	2.7498	-2.2063	1.0
3	626	1.6956	3.0469	3.0494	-2.6835	1.0
3	627	0.8564	3.2562	3.4726	-2.5928	1.0
3	628	2.2474	3.8281	4.2617	-4.7028	1.0
3	629	1.2543	2.8226	4.1609	-3.2022	1.0
3	630	0.9064	3.3919	3.4403	-4.5562	1.0
3	631	1.173	4.0839	2.9354	-4.0652	1.0
3	632	2.6571	2.415	3.8229	-3.2008	1.0
3	633	2.2197	4.9739	5.9496	-4.5968	1.0
3	634	3.2644	3.7448	2.7028	-4.6293	1.0
3	635	1.7331	3.9035	2.8923	-3.9033	1.0
3	636	1.8164	3.1607	1.8384	-2.0943	1.0
3	637	2.9608	1.8707	4.8217	-7.1347	1.0
3	638	1.3704	7.2848	3.2615	-2.8813	1.0
3	639	2.4224	3.6162	4.8747	-5.5649	1.0
3	640	2.5488	2.5438	3.7568	-9.096	1.0
3	641	2.2457	3.068	4.0356	-6.7405	1.0
3	642	1.6664	1.3928	5.6539	-9.9984	1.0
3	643	1.428	4.1182	3.7992	-3.4213	1.0
3	644	1.428	4.1182	3.7992	-3.4213	1.0
3	645	0.9806	1.8607	2.816	-2.006	1.0
3	646	1.0599	2.578	3.4256	-2.9468	1.0
3	647	1.9999	2.8645	4.232	-5.939	1.0
3	648	1.5453	4.3449	2.814	-2.4889	1.0
3	649	3.4753	3.8589	3.1882	-4.4703	1.0
3	650	3.9202	7.4778	3.4897	-5.5763	1.0
3	651	1.4875	1.4544	4.2583	-5.4534	1.0
3	652	1.5878	3.9906	4.1446	-1.9876	1.0
3	653	0.8878	2.4141	3.1816	-5.2264	1.0
3	654	1.2966	4.1228	3.6345	-5.2259	1.0
3	655	1.4735	6.9258	4.0794	-2.7766	1.0
3	656	2.5124	5.413	3.8085	-4.0579	1.0
3	657	1.1288	7.8129	2.7707	-1.8156	1.0
3	658	2.1872	8.0694	2.5573	-1.5688	1.0
3	659	4.4136	7.8559	2.6304	-3.4365	1.0
3	660	1.5037	5.1889	4.012	-3.5879	1.0
3	661	0.8893	8.46	4.3459	-2.7963	1.0
3	662	0.6898	8.9914	3.8483	-6.1969	1.0
3	663	1.2476	5.6983	2.8421	-1.8838	1.0
3	664	3.0655	1.858	3.097	-9.1914	1.0
3	665	1.3963	3.4087	3.3001	-6.5281	1.0
3	666	1.4359	2.2728	2.7249	-4.7828	1.0
3	667	2.5475	1.8856	2.3053	-2.9805	1.0
3	668	0.9992	4.0396	3.8589	-2.9534	1.0
3	669	1.4115	2.3977	4.5951	-7.5594	1.0
3	670	4.8521	3.3018	3.6099	-7.5014	1.0
3	671	1.7169	8.5931	3.0565	-1.618	1.0
3	672	2.4615	8.5196	2.8174	-1.5846	1.0
3	673	2.4615	8.5196	2.8174	-1.5846	1.0
3	674	1.9501	4.1143	2.2108	-2.6886	1.0
3	675	2.7968	4.7996	5.5515	-6.2674	1.0
3	676	1.091	8.9986	3.0184	-1.9442	1.0
3	677	1.0857	7.3882	3.5012	-2.9087	1.0
3	678	1.2582	6.9093	3.812	-2.0205	1.0
3	679	1.0697	5.6607	5.4828	-3.0257	1.0
3	680	1.9036	5.0098	2.4753	-1.597	1.0
3	681	1.9163	3.2312	2.4942	-1.8029	1.0
3	682	1.3798	3.7301	3.9246	-4.2398	1.0
3	683	1.6425	3.4585	3.2232	-3.1211	1.0
3	684	1.5189	3.0637	3.8372	-6.2217	1.0
3	685	1.4992	7.8476	3.7582	-3.6855	1.0
3	686	1.734	5.4004	2.8735	-3.1686	1.0
3	687	1.499	5.1488	3.4061	-2.8483	1.0
3	688	0.571	4.8948	4.0451	-1.8881	1.0
3	689	1.4815	4.598	3.6723	-1.7674	1.0
3	690	1.3456	6.8707	3.3051	-2.6906	1.0
3	691	0.7	4.215	2.9999	-1.9039	1.0
3	692	1.4629	6.5648	4.6333	-3.9995	1.0
3	693	1.7368	7.2713	4.7845	-5.8217	1.0
3	694	1.6979	3.1728	4.2488	-5.5358	1.0
3	695	2.2091	9.4508	2.5919	-1.3351	1.0
3	696	3.2663	2.4955	3.1502	-1.9171	1.0
3	697	1.2032	8.8436	3.6772	-3.8881	1.0
3	698	2.0394	2.4532	2.8949	-4.3596	1.0
3	699	1.7233	2.8332	3.8913	-5.4581	1.0
3	700	1.0731	3.2364	4.4622	-4.2847	1.0
3	701	1.2285	3.5266	4.8316	-5.3083	1.0
3	702	1.4199	2.8641	3.5321	-3.2604	1.0
3	703	1.5915	3.0695	3.3971	-2.6378	1.0
3	704	0.5352	6.9876	3.6141	-2.0434	1.0
3	705	2.7301	1.1499	4.655	-3.975	1.0
3	706	2.0812	1.7783	3.0203	-1.7011	1.0
3	707	4.0501	5.1459	4.2429	-1.7526	1.0
3	708	4.0501	5.1459	4.2429	-1.7526	1.0
3	709	3.1167	4.7068	3.9746	-2.9295	1.0
3	710	1.0732	1.0418	5.4364	-3.2816	1.0
3	711	2.3008	1.6781	4.5154	-3.7873	1.0
3	712	2.3944	3.6479	3.2077	-3.3402	1.0
3	713	2.1815	3.845	4.051	-3.7626	1.0
3	714	2.1815	3.845	4.051	-3.7626	1.0
3	715	3.0097	5.4519	2.7606	-3.4084	1.0
3	716	3.8032	4.4271	3.1028	-5.3689	1.0
3	717	2.6335	2.4972	4.6429	-2.7289	1.0
3	718	1.7873	2.059	3.2205	-5.4237	1.0
3	719	0.9517	6.9832	2.8504	-2.4445	1.0
3	720	1.2946	7.0819	3.0071	-2.2048	1.0
3	721	1.5236	6.9558	2.0788	-1.2946	1.0
3	722	1.6513	2.8848	2.5109	-2.0398	1.0
3	723	1.5443	4.1688	5.1981	-3.0454	1.0
3	724	1.3685	3.5798	5.6033	-4.7603	1.0
3	725	1.719	9.3592	2.045	-1.2676	1.0
3	726	3.3107	6.0149	1.705	-1.5486	1.0
3	727	5.3438	6.2155	1.984	-2.2648	1.0
3	728	3.7097	7.0526	1.7899	-2.8901	1.0
3	729	3.1361	2.4158	2.7321	-5.0625	1.0
3	730	2.2532	2.3896	4.0858	-3.3775	1.0
3	731	1.5751	2.7353	3.7194	-6.7041	1.0
3	732	1.3211	1.5825	4.4085	-6.0071	1.0
3	733	0.6363	3.0191	3.4441	-2.8227	1.0
3	734	2.2329	6.9623	2.5502	-1.5468	1.0
3	735	1.7673	6.0713	2.1309	-1.747	1.0
3	736	1.7673	6.0713	2.1309	-1.747	1.0
3	737	1.2106	5.4495	3.4765	-2.2611	1.0
3	738	1.4218	9.6535	4.3257	-3.2543	1.0
3	739	1.4218	9.6535	4.3257	-3.2543	1.0
3	740	2.0539	5.5962	4.5513	-4.6541	1.0
3	741	1.0074	3.2466	4.0101	-5.5318	1.0
3	742	1.3844	4.2366	2.6408	-2.5342	1.0
3	743	0.8428	7.3216	2.5332	-1.3455	1.0
3	744	2.2049	5.4127	3.6089	-4.2937	1.0
3	745	2.3254	4.1353	3.8119	-1.7327	1.0
3	746	0.6514	2.4595	4.2781	-2.2769	1.0
3	747	2.1045	1.3962	3.6693	-8.98	1.0
3	748	3.4063	2.4562	5.0518	-9.2033	1.0
3	749	1.0173	2.2766	4.467	-5.181	1.0
3	750	1.8489	8.2865	2.7606	-1.9768	1.0
3	751	1.3952	3.4795	3.9235	-2.1114	1.0
3	752	1.2779	5.9311	2.8558	-1.9579	1.0
3	753	0.6143	6.3717	2.4717	-1.6095	1.0
3	754	0.7739	7.4747	2.3939	-1.9676	1.0
3	755	1.9173	2.7396	4.7574	-4.4738	1.0
3	756	1.6349	2.7903	3.0391	-5.0132	1.0
3	757	1.305	6.7336	3.6718	-3.2191	1.0
3	758	2.8963	7.5524	2.7596	-2.1206	1.0
3	759	1.2465	6.7698	2.3583	-2.5668	1.0
3	760	1.8662	4.3993	2.209	-1.7223	1.0
3	761	2.5269	2.9818	2.6019	-4.2959	1.0
3	762	2.4233	4.1196	3.5489	-4.2252	1.0
3	763	2.111	4.2319	3.0235	-2.4718	1.0
3	764	2.0532	3.6002	2.8392	-3.6562	1.0
3	765	0.8148	6.0569	2.7698	-1.9181	1.0
3	766	2.4639	4.5642	3.4724	-2.3501	1.0
3	767	1.3729	2.0244	4.0943	-4.6768	1.0
3	768	2.0792	1.6614	3.1457	-5.0322	1.0
3	769	3.8776	3.3478	2.1413	-3.131	1.0
3	770	1.4058	2.8302	1.8893	-1.8781	1.0
3	771	1.5087	4.8463	3.624	-2.9506	1.0
3	772	1.8393	7.9255	1.8004	-2.1317	1.0
3	773	1.5381	8.8333	3.5766	-4.2411	1.0
3	774	2.4132	2.7509	4.4724	-2.4174	1.0
3	775	1.6358	2.1925	4.6071	-2.9143	1.0
3	776	1.3649	4.7452	2.996	-1.7169	1.0
3	777	2.7796	4.1698	2.9065	-3.5635	1.0
3	778	2.3674	4.6468	3.2393	-2.3026	1.0
3	779	1.7179	7.353	2.8209	-1.789	1.0
3	780	1.4255	2.6429	2.6947	-2.5319	1.0
3	781	0.9429	4.6698	2.7529	-2.4813	1.0
3	782	1.5625	2.8107	2.8153	-3.4906	1.0
3	783	1.2736	3.5235	3.3632	-3.9023	1.0
3	784	2.2012	2.4835	4.1808	-9.4473	1.0
3	785	2.2216	2.2628	3.1287	-10.1684	1.0
3	786	4.1954	9.2726	3.7647	-6.2307	1.0
3	787	2.5408	8.6111	4.2002	-1.9019	1.0
3	788	2.5988	4.1457	3.2656	-5.0425	1.0
3	789	1.5628	5.7405	3.6307	-6.1481	1.0
3	790	2.4799	5.0353	4.5905	-6.9344	1.0
3	791	2.9052	2.1582	2.7991	-5.8665	1.0
3	792	0.764	2.7772	3.3648	-1.8348	1.0
3	793	1.2323	4.3814	3.6911	-2.3058	1.0
3	794	1.2323	4.3814	3.6911	-2.3058	1.0
3	795	1.5008	3.0648	3.6118	-2.9391	1.0
3	796	2.3609	4.7643	2.9319	-4.6295	1.0
3	797	2.7604	4.2596	4.2165	-6.2744	1.0
3	798	2.5691	3.2928	2.49	-2.2659	1.0
3	799	3.2309	3.3749	2.5548	-2.9067	1.0
3	800	2.5341	4.5126	2.6601	-3.8244	1.0
3	801	2.3456	3.5396	3.668	-2.0747	1.0
3	802	2.0351	4.6531	3.2371	-2.8403	1.0
3	803	3.5383	2.8338	2.6072	-2.1377	1.0
3	804	3.0769	2.4032	3.0178	-2.1936	1.0
3	805	3.0769	2.4032	3.0178	-2.1936	1.0
3	806	2.5338	1.4488	5.6979	-6.9449	1.0
3	807	2.2135	6.5912	4.6018	-9.1263	1.0
3	808	0.9965	9.0996	3.6178	-4.9301	1.0
3	809	2.819	2.6121	3.5407	-8.927	1.0
3	810	3.955	2.1248	5.4383	-5.5741	1.0
3	811	3.955	2.1248	5.4383	-5.5741	1.0
3	812	2.1364	3.3066	3.7044	-3.6016	1.0
3	813	2.1364	3.3066	3.7044	-3.6016	1.0
3	814	1.4053	4.8441	3.7782	-6.2344	1.0
3	815	2.1732	3.2835	4.2627	-2.8323	1.0
3	816	4.232	1.8248	3.4775	-7.4776	1.0
3	817	2.4634	4.9432	3.1796	-5.9047	1.0
3	818	2.0088	5.7737	4.2739	-8.6761	1.0
3	819	1.4865	2.6058	4.4761	-8.7861	1.0
3	820	1.0996	3.4717	3.5766	-9.2022	1.0
3	821	1.5673	6.7773	4.4111	-8.6497	1.0
3	822	1.0909	1.6332	2.6469	-5.1094	1.0
3	823	2.2164	2.3874	2.7003	-4.9294	1.0
3	824	1.7554	3.0165	4.0551	-5.631	1.0
3	825	0.6143	2.2923	3.1081	-2.0671	1.0
3	826	1.4288	3.6423	4.2705	-7.4605	1.0
3	827	0.9258	1.6816	4.0136	-7.3675	1.0
3	828	0.6941	4.2264	5.4602	-7.6386	1.0
3	829	2.6337	3.8602	2.793	-5.4086	1.0
3	830	1.7403	3.9502	2.514	-2.2864	1.0
3	831	1.5101	3.9939	3.1284	-2.9979	1.0
3	832	0.6039	7.1034	3.2188	-3.1219	1.0
3	833	1.306	3.3528	2.6507	-2.4204	1.0
3	834	1.2558	3.4696	3.6043	-3.6972	1.0
3	835	2.0833	7.9423	3.2432	-4.1853	1.0
3	836	0.8859	2.5763	5.1925	-2.9173	1.0
3	837	0.5152	1.5013	5.9461	-2.8399	1.0
3	838	0.8408	1.5511	5.4765	-3.5005	1.0
3	839	1.3152	1.533	4.1355	-2.0268	1.0
3	840	1.5753	3.3077	4.2515	-1.8391	1.0
3	841	2.2364	2.5038	4.9749	-3.1768	1.0
3	842	1.7873	2.5487	3.9686	-2.3937	1.0
3	843	0.7973	3.547	3.2316	-2.1603	1.0
3	844	2.9717	3.2037	4.1036	-3.8054	1.0
3	845	3.6768	4.9493	4.2463	-5.5006	1.0
3	846	1.0344	3.8871	3.4727	-2.5431	1.0
3	847	1.1061	3.5126	3.6482	-2.3002	1.0
3	848	0.908	3.7357	4.1395	-2.7853	1.0
3	849	2.4129	4.1375	3.6238	-3.6977	1.0
3	850	2.406	5.7546	2.9922	-3.344	1.0
3	851	1.8913	2.9661	4.4918	-2.9469	1.0
3	852	3.6438	3.5045	4.7098	-3.2024	1.0
3	853	1.8381	3.7493	3.419	-3.2738	1.0
3	854	1.7076	3.0853	3.1183	-4.0473	1.0
3	855	1.4007	2.2726	4.2152	-2.4481	1.0
3	856	1.4383	3.2724	2.0574	-3.4602	1.0
3	857	2.5498	5.3784	3.2255	-6.9796	1.0
3	858	1.8253	5.5945	3.9273	-4.8798	1.0
3	859	1.4989	5.8783	4.6231	-6.0081	1.0
3	860	1.6471	6.4028	4.8273	-8.0877	1.0
3	861	1.0534	7.6887	4.893	-3.9558	1.0
3	862	2.1548	4.0095	2.5308	-1.8229	1.0
3	863	3.4147	1.5524	2.4286	-5.1035	1.0
3	864	1.4293	1.7967	2.7948	-2.8691	1.0
3	865	1.1781	3.4626	3.3807	-4.1175	1.0
3	866	1.0955	7.8703	3.4881	-2.1232	1.0
3	867	1.7943	2.9378	4.097	-1.7512	1.0
3	868	1.7943	2.9378	4.097	-1.7512	1.0
3	869	1.7943	2.9378	4.097	-1.7512	1.0
3	870	1.0427	3.4678	3.928	-2.1934	1.0
3	871	2.0917	5.6841	3.5226	-1.7524	1.0
3	872	2.7743	3.8051	3.5799	-1.9662	1.0
3	873	2.0315	3.7548	2.838	-1.5802	1.0
3	874	2.2454	5.7405	3.1388	-3.4833	1.0
3	875	2.6157	5.2787	3.5478	-1.8094	1.0
3	876	1.2607	1.4144	5.6411	-3.2279	1.0
3	877	1.5923	3.0921	5.2493	-2.1292	1.0
3	878	1.4429	1.577	2.5006	-2.9129	1.0
3	879	0.7704	2.7748	3.6743	-3.3977	1.0
3	880	1.557	2.3225	2.3811	-3.1971	1.0
3	881	2.0689	4.8449	2.3592	-2.0456	1.0
3	882	0.5684	9.5724	2.5684	-1.3677	1.0
3	883	3.6448	7.9364	2.0074	-1.4543	1.0
3	884	4.4676	5.4033	1.8653	-1.6912	1.0
3	885	1.5366	5.8703	2.7907	-1.8495	1.0
3	886	2.1024	5.5229	3.075	-2.9713	1.0
3	887	1.5386	8.0254	2.9938	-3.5327	1.0
3	888	1.4496	8.8095	5.1008	-4.5381	1.0
3	889	1.5754	7.7101	3.6789	-2.8435	1.0
3	890	1.3758	3.7407	5.4445	-5.8705	1.0
3	891	1.4941	3.9393	5.4529	-2.8245	1.0
3	892	1.6043	2.497	4.4222	-3.006	1.0
3	893	1.9045	8.6705	4.3466	-2.3851	1.0
3	894	0.7046	9.6717	5.6093	-1.733	1.0
3	895	1.3426	4.3189	4.1737	-3.3556	1.0
3	896	2.7951	4.9407	4.0642	-7.2801	1.0
3	897	0.6274	8.1935	3.5735	-4.2738	1.0
3	898	1.7479	1.4783	4.9536	-10.4786	1.0
3	899	0.7722	3.0251	3.077	-4.0076	1.0
3	900	0.6131	6.6783	2.8037	-1.9694	1.0
3	901	1.6986	3.4061	3.6193	-5.593	1.0
3	902	2.2301	3.5685	3.3	-5.6171	1.0
3	903	1.7665	3.0156	4.2996	-3.0849	1.0
3	904	2.1282	2.6303	3.8809	-8.9484	1.0
3	905	1.7582	7.4912	3.3209	-2.0715	1.0
3	906	1.1465	5.6098	3.207	-1.8668	1.0
3	907	1.0929	3.3644	3.8004	-2.5303	1.0
3	908	1.3986	3.8295	3.2539	-2.1957	1.0
3	909	2.0692	6.3291	2.5258	-2.1744	1.0
3	910	3.9555	5.6769	2.4244	-2.8817	1.0
3	911	2.7238	6.6056	4.9695	-4.457	1.0
3	912	3.274	4.1565	3.2374	-2.2314	1.0
3	913	1.7845	3.0299	3.4317	-3.1789	1.0
3	914	2.9362	2.4441	4.6284	-4.7122	1.0
3	915	0.8325	2.6013	3.6242	-2.7546	1.0
3	916	1.453	2.7706	4.6407	-2.0487	1.0
3	917	2.6557	2.3065	5.8426	-3.0411	1.0
3	918	2.6557	2.3065	5.8426	-3.0411	1.0
3	919	2.5098	2.5154	3.445	-2.6955	1.0
3	920	1.7684	3.968	2.7982	-2.0487	1.0
3	921	2.5475	3.7314	3.4628	-3.7267	1.0
3	922	0.7724	2.7989	4.5251	-5.1874	1.0
3	923	1.747	2.1465	3.7508	-4.7023	1.0
3	924	0.5268	3.8773	3.4383	-2.1515	1.0
3	925	0.7689	5.7676	2.5681	-1.93	1.0
3	926	1.3938	5.7804	4.0635	-2.2413	1.0
3	927	2.3727	2.9409	2.3616	-4.8077	1.0
3	928	1.8429	5.2528	3.1203	-2.1657	1.0
3	929	1.4356	5.2924	3.3754	-1.8378	1.0
3	930	1.088	4.0302	4.6609	-2.1117	1.0
3	931	2.4228	4.3257	3.5241	-3.1487	1.0
3	932	0.9405	2.8648	4.837	-3.5763	1.0
3	933	0.9767	1.6241	4.0793	-2.1956	1.0
3	934	2.3078	1.0235	4.064	-5.7047	1.0
3	935	1.6382	1.6535	4.6035	-5.0332	1.0
3	936	1.8846	6.2345	3.1918	-3.0676	1.0
3	937	2.8075	3.6448	3.3933	-3.8862	1.0
3	938	3.3425	1.8488	3.3512	-3.0346	1.0
3	939	1.5787	4.8313	4.0497	-4.7756	1.0
3	940	2.2327	2.0556	3.7933	-3.8211	1.0
3	941	1.0447	3.2712	3.6435	-4.0851	1.0
3	942	0.8437	2.2322	3.7242	-4.5418	1.0
3	943	1.6113	2.1198	3.9232	-5.8212	1.0
3	944	1.6113	2.1198	3.9232	-5.8212	1.0
3	945	1.9027	4.3942	4.4637	-4.2459	1.0
3	946	2.9772	9.3144	3.546	-4.5331	1.0
3	947	3.5842	5.2295	2.3909	-2.3101	1.0
3	948	3.0675	1.6886	3.9164	-6.7226	1.0
3	949	1.8291	2.8285	5.3129	-10.0576	1.0
3	950	3.1614	7.496	2.1938	-1.7497	1.0
3	951	0.7742	6.0218	3.0016	-1.7009	1.0
3	952	1.7294	2.7576	4.1461	-9.2818	1.0
3	953	1.166	1.7125	3.1088	-7.0199	1.0
3	954	1.3316	2.072	3.1074	-5.739	1.0
3	955	2.6657	2.8206	4.1119	-3.2959	1.0
3	956	2.1376	4.0539	3.3232	-5.8231	1.0
3	957	3.5227	6.5787	5.6577	-9.1841	1.0
3	958	1.743	4.1055	2.1392	-1.7011	1.0
3	959	0.9376	4.4129	3.1463	-3.1615	1.0
3	960	0.899	5.5899	3.81	-2.0247	1.0
3	961	2.2651	3.8981	2.403	-2.1469	1.0
3	962	1.3735	5.2538	2.2333	-1.5647	1.0
3	963	1.4513	5.2364	2.6266	-3.342	1.0
3	964	0.5525	2.1316	4.0415	-6.0219	1.0
3	965	0.5525	2.1316	4.0415	-6.0219	1.0
3	966	1.4971	2.2928	4.4866	-3.4021	1.0
3	967	0.8729	5.9044	2.8553	-2.5108	1.0
3	968	0.7592	2.7145	3.841	-3.4276	1.0
3	969	0.9759	5.5813	3.0889	-1.8281	1.0
3	970	1.6896	2.406	4.5113	-9.733	1.0
3	971	4.7088	9.3531	4.3617	-10.5019	1.0
3	972	3.3733	9.7303	5.956	-11.4132	1.0
3	973	3.4928	7.5411	5.5481	-12.3662	1.0
3	974	4.2438	5.4988	4.1338	-10.7089	1.0
3	975	5.8299	2.7266	4.9296	-11.9966	1.0
3	976	2.4034	4.2327	5.3811	-11.9618	1.0
3	977	0.9157	4.6888	5.774	-9.478	1.0
3	978	1.661	3.261	3.9634	-7.862	1.0
3	979	3.5252	3.1088	3.3274	-7.8898	1.0
3	980	1.6507	5.6235	3.6444	-5.0477	1.0
3	981	1.0049	3.1934	3.7102	-2.1464	1.0
3	982	1.8583	2.5027	4.372	-5.0773	1.0
3	983	3.8241	2.0085	3.2582	-4.2488	1.0
3	984	1.0304	2.3015	3.0541	-3.5534	1.0
3	985	0.8115	6.7533	2.7811	-1.3417	1.0
3	986	0.8115	6.7533	2.7811	-1.3417	1.0
3	987	1.0841	3.5134	3.9663	-3.3581	1.0
3	988	1.3765	2.3392	3.2226	-4.465	1.0
3	989	2.6989	6.706	2.422	-2.2779	1.0
3	990	2.7862	2.335	3.2274	-3.9175	1.0
3	991	2.1723	3.9428	3.6477	-2.0252	1.0
3	992	0.7634	4.4308	3.881	-3.4918	1.0
3	993	1.4749	1.6953	4.5662	-5.8656	1.0
3	994	0.9724	1.6657	4.3784	-4.5161	1.0
3	995	1.9135	3.2734	2.3453	-3.0106	1.0
3	996	1.4581	3.7025	2.7895	-3.6673	1.0
3	997	2.1829	5.2647	1.9497	-1.8039	1.0
3	998	1.8844	4.1897	2.9727	-2.4707	1.0
3	999	1.2441	3.7966	3.1703	-4.7159	1.0
3	1000	1.4523	7.092	3.3572	-3.8383	1.0
3	1001	2.9459	5.2639	2.437	-7.8755	1.0
3	1002	2.2449	7.5445	5.6072	-10.3079	1.0
3	1003	1.9991	3.7464	3.8557	-3.9545	1.0
3	1004	1.8181	4.9821	3.8018	-2.9975	1.0
3	1005	1.5915	2.6247	5.799	-4.7114	1.0
3	1006	3.1478	4.8773	2.5728	-1.6441	1.0
3	1007	3.6902	1.5988	3.4297	-4.1051	1.0
3	1008	5.6889	1.3562	3.3108	-5.837	1.0
3	1009	3.8377	2.0853	2.0262	-2.6188	1.0
3	1010	1.9407	2.6757	2.8028	-4.6846	1.0
3	1011	2.1024	7.712	4.1395	-4.1861	1.0
3	1012	2.1103	4.8586	2.7772	-2.954	1.0
3	1013	2.4902	2.2177	2.9656	-3.1034	1.0
3	1014	1.3446	3.1007	3.6197	-2.9792	1.0
3	1015	1.0118	8.3693	3.1396	-2.7522	1.0
3	1016	1.1754	2.2817	4.4754	-5.267	1.0
3	1017	0.9792	2.4933	3.2488	-3.4916	1.0
3	1018	1.5902	2.3235	4.0294	-6.5573	1.0
3	1019	2.4455	5.7278	4.4469	-7.3223	1.0
3	1020	2.5352	3.4969	4.8353	-6.8096	1.0
3	1021	1.1517	1.4331	3.584	-4.8678	1.0
3	1022	1.7809	3.912	2.4046	-1.854	1.0
3	1023	0.8064	1.435	4.01	-2.225	1.0
3	1024	1.3393	6.2116	2.4058	-2.2762	1.0
3	1025	3.55	2.3198	3.5246	-2.3463	1.0
3	1026	1.8868	6.3134	3.634	-1.6571	1.0
3	1027	2.2154	9.0066	3.5571	-3.8241	1.0
3	1028	2.988	9.6583	2.2819	-1.2925	1.0
3	1029	3.0647	3.693	2.1043	-2.1463	1.0
3	1030	1.87	6.6356	2.1289	-1.2641	1.0
3	1031	1.1174	9.198	2.2285	-2.195	1.0
3	1032	0.6552	3.2301	2.368	-2.1949	1.0
3	1033	1.587	6.5262	3.0104	-1.6497	1.0
3	1034	1.4277	9.8586	2.5773	-1.3373	1.0
3	1035	2.0481	7.4316	2.7621	-2.2722	1.0
3	1036	4.2685	2.6386	2.1364	-3.8259	1.0
3	1037	3.9165	0.9286	3.4358	-5.9056	1.0
3	1038	2.2898	1.0779	3.7039	-3.5295	1.0
3	1039	1.3898	3.1662	3.5279	-4.3441	1.0
3	1040	1.469	6.5879	4.1308	-4.2566	1.0
3	1041	2.4985	6.988	4.3765	-4.6036	1.0
3	1042	1.7862	1.6618	2.5401	-2.7053	1.0
3	1043	1.4581	1.9934	3.466	-3.85	1.0
3	1044	1.6763	1.9833	2.674	-2.4332	1.0
3	1045	2.6518	4.2318	2.099	-3.6272	1.0
3	1046	3.6635	2.5017	2.7645	-5.8155	1.0
3	1047	5.5448	5.069	3.2759	-5.2828	1.0
3	1048	2.985	4.6569	2.4453	-2.9396	1.0
3	1049	3.358	2.8183	2.5746	-2.1965	1.0
3	1050	2.8488	4.4401	2.1147	-1.8024	1.0
3	1051	3.9726	3.1691	1.7499	-2.0867	1.0
3	1052	3.1211	2.904	1.8069	-2.0157	1.0
3	1053	1.5841	2.2732	3.1198	-3.6924	1.0
3	1054	0.8141	2.4989	5.9063	-4.7973	1.0
3	1055	0.5525	2.8487	5.3036	-4.1708	1.0
3	1056	2.6486	6.9015	5.3125	-4.0128	1.0
3	1057	3.1835	8.2199	4.6546	-3.784	1.0
3	1058	2.4656	5.1829	3.6952	-5.1515	1.0
3	1059	2.4656	5.1829	3.6952	-5.1515	1.0
3	1060	2.8618	3.2648	4.4023	-3.025	1.0
3	1061	1.1794	2.2642	5.3785	-3.053	1.0
3	1062	4.282	2.544	3.45	-3.5897	1.0
3	1063	1.5479	2.0419	3.4929	-3.0437	1.0
3	1064	1.1211	3.1959	3.9898	-3.8009	1.0
3	1065	1.1211	3.1959	3.9898	-3.8009	1.0
3	1066	1.8899	4.0855	2.9363	-3.9626	1.0
3	1067	2.8806	1.2431	4.3553	-5.7262	1.0
3	1068	2.7621	4.8211	3.9398	-2.0812	1.0
3	1069	2.2207	8.3938	5.4171	-2.0716	1.0
3	1070	2.5234	5.0858	2.6469	-1.271	1.0
3	1071	2.3988	3.0086	3.1854	-3.5284	1.0
3	1072	3.6323	2.5654	2.6103	-3.213	1.0
3	1073	2.3397	3.3595	1.9071	-2.7919	1.0
3	1074	1.1247	4.7353	4.5859	-3.243	1.0
3	1075	1.7227	4.2069	4.7157	-3.8867	1.0
3	1076	1.1453	8.9178	3.647	-1.2957	1.0
3	1077	1.1738	3.4856	3.8795	-2.7467	1.0
3	1078	0.9675	1.0745	4.6539	-5.5818	1.0
3	1079	2.5153	2.0897	4.5054	-5.1182	1.0
3	1080	1.9116	2.0434	3.3828	-3.492	1.0
3	1081	1.456	2.2582	2.9355	-3.0171	1.0
3	1082	2.3835	3.3808	2.6908	-2.6933	1.0
3	1083	2.1026	5.3241	2.4062	-1.6055	1.0
3	1084	2.6732	5.0763	3.3166	-5.3654	1.0
3	1085	2.2004	3.3461	3.709	-5.5395	1.0
3	1086	2.07	5.5813	5.8653	-10.578	1.0
3	1087	1.7961	4.7602	5.1125	-9.8243	1.0
3	1088	3.2809	5.0337	3.7601	-8.7864	1.0
3	1089	2.2634	7.0772	3.0888	-5.2422	1.0
3	1090	1.2593	4.6646	2.5064	-1.5194	1.0
3	1091	1.4229	2.6689	5.3675	-5.8754	1.0
3	1092	1.4998	3.6315	3.4627	-6.337	1.0
3	1093	1.1227	2.901	3.4344	-8.4599	1.0
3	1094	2.1456	9.2266	3.45	-2.4952	1.0
3	1095	2.3114	3.3249	2.5532	-2.1007	1.0
3	1096	3.0366	3.5684	2.2508	-1.788	1.0
3	1097	2.8177	2.3487	3.0609	-2.1902	1.0
3	1098	0.944	9.0468	3.474	-1.6738	1.0
3	1099	1.2644	6.1124	2.6887	-1.508	1.0
3	1100	0.9748	5.2152	3.7434	-2.4417	1.0
3	1101	2.1703	5.4459	2.7321	-1.3276	1.0
3	1102	2.9676	7.5128	3.6422	-5.9143	1.0
3	1103	1.7916	3.3188	2.9035	-3.0019	1.0
3	1104	2.9552	1.9632	3.389	-2.6638	1.0
3	1105	1.766	1.5567	2.582	-3.3843	1.0
3	1106	1.5124	4.3004	3.9852	-4.832	1.0
3	1107	1.7348	5.7643	4.4154	-7.4531	1.0
3	1108	0.6808	4.4677	4.3123	-6.7497	1.0
3	1109	1.708	3.7997	4.0305	-9.4048	1.0
3	1110	4.6157	0.7501	4.2207	-3.7092	1.0
3	1111	3.5975	3.3829	1.7231	-3.2293	1.0
3	1112	3.3106	2.2122	2.0807	-3.2043	1.0
3	1113	1.5048	2.5018	1.9782	-2.7486	1.0
3	1114	1.5048	2.5018	1.9782	-2.7486	1.0
3	1115	0.7415	4.3645	2.995	-2.3766	1.0
3	1116	0.6484	7.7361	2.9911	-2.1961	1.0
3	1117	4.5895	2.6043	2.4924	-2.9068	1.0
3	1118	2.2774	2.7842	2.4043	-2.304	1.0
3	1119	2.2774	2.7842	2.4043	-2.304	1.0
3	1120	3.0213	5.2619	2.7939	-2.0076	1.0
3	1121	3.3213	3.398	4.5435	-2.4483	1.0
3	1122	2.1864	1.4691	4.7063	-4.0994	1.0
3	1123	4.4489	1.8558	2.7248	-3.7199	1.0
3	1124	1.0903	1.869	3.9051	-4.5838	1.0
3	1125	4.4242	1.1579	3.413	-4.209	1.0
3	1126	2.2277	3.19	3.7511	-8.6972	1.0
3	1127	2.4496	2.7126	2.8894	-3.4302	1.0
3	1128	1.8887	5.0541	2.7134	-2.3624	1.0
3	1129	2.308	3.0888	3.653	-2.8955	1.0
3	1130	2.308	3.0888	3.653	-2.8955	1.0
3	1131	1.7995	2.7749	5.0637	-3.9907	1.0
3	1132	2.2791	2.8561	4.6968	-3.4935	1.0
3	1133	1.3878	4.7258	5.1993	-8.9703	1.0
3	1134	1.3701	1.7957	4.4413	-5.1606	1.0
3	1135	1.0915	2.6832	4.591	-4.6545	1.0
3	1136	1.9697	1.5821	3.2199	-3.0699	1.0
3	1137	2.8624	1.7558	4.1544	-6.2789	1.0
3	1138	2.5711	1.6735	3.3503	-5.1215	1.0
3	1139	3.419	2.2849	2.1114	-3.2464	1.0
3	1140	3.419	2.2849	2.1114	-3.2464	1.0
3	1141	3.2176	3.4349	3.3318	-4.0756	1.0
3	1142	1.1047	5.0261	4.8653	-5.2529	1.0
3	1143	2.3816	1.2022	4.9864	-6.7501	1.0
3	1144	1.9711	1.4391	3.6585	-3.1806	1.0
3	1145	1.1096	9.2159	4.186	-2.0484	1.0
3	1146	1.7842	9.247	4.0345	-4.6971	1.0
3	1147	1.317	2.9536	5.3782	-9.1362	1.0
3	1148	1.2636	5.8053	3.1636	-2.6992	1.0
3	1149	0.9336	6.0513	5.0092	-2.8401	1.0
3	1150	2.5892	2.6627	4.2302	-5.6548	1.0
3	1151	2.4692	3.2756	2.5853	-3.158	1.0
3	1152	0.7068	2.4032	3.6609	-4.4919	1.0
3	1153	1.8239	1.8343	4.5652	-8.4732	1.0
3	1154	1.1327	1.1772	3.4819	-3.8389	1.0
3	1155	2.1284	5.7367	5.2866	-6.1718	1.0
3	1156	1.8494	8.5931	2.7282	-2.0476	1.0
3	1157	1.3773	5.4602	2.4399	-2.4126	1.0
3	1158	3.8617	4.9395	3.1625	-5.1134	1.0
3	1159	2.1451	2.6305	2.9854	-2.9301	1.0
3	1160	1.7242	7.83	4.4611	-5.4474	1.0
3	1161	1.3154	4.3526	5.9743	-2.4823	1.0
3	1162	1.3685	2.4502	4.8389	-2.8443	1.0
3	1163	1.8073	2.6509	4.3809	-3.6019	1.0
3	1164	0.9738	3.0874	4.0969	-6.2233	1.0
3	1165	2.44	3.9591	2.0006	-4.5932	1.0
3	1166	2.785	2.1146	1.9159	-5.1915	1.0
3	1167	2.9743	2.3968	3.4244	-5.7258	1.0
3	1168	0.9584	2.8992	3.7392	-4.3609	1.0
3	1169	1.685	4.487	3.1727	-3.7641	1.0
3	1170	2.4845	1.6651	3.044	-5.383	1.0
3	1171	3.3092	2.9731	4.4225	-2.235	1.0
3	1172	1.2964	3.6186	2.1884	-4.1316	1.0
3	1173	1.1744	3.0419	3.5745	-2.77	1.0
3	1174	1.3542	3.7566	5.8149	-5.5007	1.0
3	1175	1.8514	4.3036	2.9861	-2.1914	1.0
3	1176	1.9206	4.5697	3.2039	-4.8825	1.0
3	1177	2.848	2.6711	3.1415	-4.2736	1.0
3	1178	4.1123	2.2718	3.4211	-6.917	1.0
3	1179	1.3902	4.1606	4.4779	-7.2769	1.0
3	1180	1.6086	9.3733	3.5647	-6.9636	1.0
3	1181	1.4949	6.4122	2.6508	-4.7337	1.0
3	1182	1.5944	3.4704	2.8291	-3.6725	1.0
3	1183	1.0985	2.1787	3.7061	-5.1408	1.0
3	1184	0.9794	2.028	3.3494	-4.6512	1.0
3	1185	2.7355	2.1164	3.1471	-3.661	1.0
3	1186	1.872	1.5768	2.8591	-3.153	1.0
3	1187	1.8939	4.7504	4.169	-3.6628	1.0
3	1188	2.2318	2.9369	4.4242	-3.497	1.0
3	1189	3.4145	2.56	4.4906	-3.3042	1.0
3	1190	1.3514	1.273	4.3476	-5.3732	1.0
3	1191	0.7604	2.3554	4.4485	-5.6342	1.0
3	1192	2.3379	5.2238	4.8004	-5.4951	1.0
3	1193	2.2632	9.4707	3.1488	-2.1801	1.0
3	1194	0.7198	4.3299	4.5157	-2.1562	1.0
3	1195	0.4706	2.5741	2.6627	-3.2078	1.0
3	1196	1.0275	1.719	4.8369	-4.0131	1.0
3	1197	3.7265	1.6654	3.2639	-2.8924	1.0
3	1198	1.0904	3.7264	4.2477	-5.0783	1.0
3	1199	2.9046	1.7238	4.1131	-5.5091	1.0
3	1200	0.989	1.8566	3.162	-4.5524	1.0
3	1201	2.125	2.0355	2.8045	-4.4623	1.0
3	1202	0.7461	2.0698	3.3363	-3.2967	1.0
3	1203	0.8902	1.7317	4.4944	-5.9725	1.0
3	1204	1.1086	2.7989	3.1639	-4.1006	1.0
3	1205	1.4615	9.899	2.3368	-1.6684	1.0
3	1206	1.4615	9.899	2.3368	-1.6684	1.0
3	1207	1.4615	9.899	2.3368	-1.6684	1.0
3	1208	1.7022	5.5052	3.4741	-1.5073	1.0
3	1209	2.4181	5.2862	3.1441	-1.7757	1.0
3	1210	2.3263	6.2855	3.3415	-4.727	1.0
3	1211	2.8313	2.9753	3.7206	-9.1474	1.0
3	1212	1.3339	7.9243	4.1766	-2.7277	1.0
3	1213	0.9691	6.6977	3.0626	-2.9512	1.0
3	1214	1.1595	2.4666	4.3259	-6.1441	1.0
3	1215	1.1573	4.5037	2.3862	-2.555	1.0
3	1216	2.2111	8.4254	2.9342	-2.0462	1.0
3	1217	0.626	4.5207	4.0759	-1.7954	1.0
3	1218	0.9383	2.7391	2.6973	-2.4925	1.0
3	1219	1.6242	2.1017	3.4523	-6.1249	1.0
3	1220	1.9021	3.591	3.8425	-3.8745	1.0
3	1221	3.0618	5.9197	2.0963	-2.7066	1.0
3	1222	1.6754	4.066	2.1905	-1.7969	1.0
3	1223	1.6435	6.5621	2.7256	-1.2948	1.0
3	1224	1.6435	6.5621	2.7256	-1.2948	1.0
3	1225	1.6435	6.5621	2.7256	-1.2948	1.0
3	1226	1.5711	3.4189	4.6402	-6.2301	1.0
3	1227	0.977	3.669	2.5255	-3.5276	1.0
3	1228	1.2974	4.4086	5.5119	-5.7344	1.0
3	1229	1.4587	3.6488	3.7349	-8.1624	1.0
3	1230	2.3678	3.7819	3.7331	-5.7767	1.0
3	1231	1.1902	2.7996	3.8108	-3.6383	1.0
3	1232	1.1902	2.7996	3.8108	-3.6383	1.0
3	1233	1.4	9.9761	2.5687	-1.6169	1.0
3	1234	2.2347	3.0554	3.5699	-2.6913	1.0
3	1235	2.3504	3.7032	3.9981	-1.6567	1.0
3	1236	2.1548	4.5645	3.4787	-2.3076	1.0
3	1237	1.5727	2.7243	4.2612	-3.44	1.0
3	1238	2.7068	3.7831	3.8483	-6.6427	1.0
3	1239	2.9414	5.8354	2.3481	-1.2788	1.0
3	1240	3.8077	8.3881	2.1848	-2.2498	1.0
3	1241	1.3881	2.1486	2.8939	-3.3248	1.0
3	1242	1.8288	3.1611	2.5685	-2.3133	1.0
3	1243	2.7682	7.3943	2.2826	-1.2757	1.0
3	1244	1.3792	4.1451	2.6822	-2.9199	1.0
3	1245	1.1684	3.1913	4.6591	-7.3592	1.0
3	1246	2.7191	1.681	3.4063	-6.612	1.0
3	1247	1.0316	2.8645	4.0734	-9.2453	1.0
3	1248	2.523	1.3927	2.8899	-9.1319	1.0
3	1249	2.4315	1.8253	3.1181	-10.8201	1.0
3	1250	1.4918	1.7483	3.6544	-5.5002	1.0
3	1251	0.8529	4.1179	3.8923	-2.2249	1.0
3	1252	2.0536	1.8135	4.9408	-4.8642	1.0
3	1253	2.3412	6.4034	4.1179	-4.4289	1.0
3	1254	1.0632	6.2577	3.1838	-3.2547	1.0
3	1255	0.5785	5.6779	4.4248	-5.0178	1.0
3	1256	1.7927	5.1441	4.6471	-4.4969	1.0
3	1257	1.3245	3.905	3.5965	-2.2745	1.0
3	1258	2.2831	5.1647	2.0266	-1.8303	1.0
3	1259	0.7159	6.1096	4.0635	-2.1842	1.0
3	1260	1.6171	9.4873	2.2179	-1.6342	1.0
3	1261	1.4116	4.9401	2.0751	-1.5618	1.0
3	1262	0.7655	5.1224	3.6193	-2.6858	1.0
3	1263	2.0842	4.4753	3.1748	-1.9791	1.0
3	1264	2.7153	4.1785	3.6199	-2.0977	1.0
3	1265	1.6327	1.9762	4.0674	-2.743	1.0
3	1266	2.9385	3.9145	4.1021	-5.1225	1.0
3	1267	2.4539	3.2999	3.9609	-3.7777	1.0
3	1268	0.8915	5.249	3.9681	-1.7171	1.0
3	1269	3.412	6.5606	2.7847	-2.0925	1.0
3	1270	1.9119	2.2657	3.1758	-5.7984	1.0
3	1271	3.4343	3.0904	2.2534	-2.3569	1.0
3	1272	5.2112	2.5539	2.0666	-3.6717	1.0
3	1273	1.3385	4.8263	3.3586	-2.5301	1.0
3	1274	1.9845	8.6196	2.8825	-1.4599	1.0
3	1275	2.9407	1.668	2.6084	-4.1201	1.0
3	1276	2.4362	2.5529	2.7968	-4.4517	1.0
3	1277	2.101	5.0897	3.2594	-1.706	1.0
3	1278	1.4128	3.1416	2.9008	-4.6477	1.0
3	1279	1.2759	3.1641	4.4999	-2.6526	1.0
3	1280	1.2759	3.1641	4.4999	-2.6526	1.0
3	1281	1.2759	3.1641	4.4999	-2.6526	1.0
3	1282	1.6871	3.173	3.821	-5.352	1.0
3	1283	1.5647	2.915	4.4499	-4.5579	1.0
3	1284	1.0861	5.7121	4.2063	-2.8247	1.0
3	1285	1.9337	5.7003	4.0844	-5.1494	1.0
3	1286	2.1031	4.5934	3.4798	-3.2774	1.0
3	1287	1.5441	6.7857	3.5695	-3.2539	1.0
3	1288	1.2706	5.6967	5.1001	-8.8612	1.0
3	1289	0.8411	5.7422	4.5847	-5.3087	1.0
3	1290	0.7755	3.1423	3.3676	-2.2036	1.0
3	1291	0.9118	4.5898	4.8042	-1.8066	1.0
3	1292	1.0369	1.7275	4.7937	-2.4585	1.0
3	1293	2.4767	3.2403	4.3294	-5.8355	1.0
3	1294	4.4696	1.6643	2.9491	-5.6828	1.0
3	1295	3.9633	2.2196	3.5574	-5.8775	1.0
3	1296	2.3321	3.9057	4.0869	-3.1238	1.0
3	1297	1.7058	3.583	3.0449	-1.7628	1.0
3	1298	1.0924	2.3498	4.2633	-3.6853	1.0
3	1299	1.5112	2.0831	3.2043	-4.9245	1.0
3	1300	0.9196	1.8095	3.4411	-2.8933	1.0
3	1301	2.1632	3.3765	2.033	-1.9481	1.0
3	1302	1.9037	1.9366	2.7002	-2.7506	1.0
3	1303	2.7425	1.6325	4.2057	-3.4598	1.0
3	1304	2.7891	2.2605	4.4194	-5.8013	1.0
3	1305	2.63	2.1667	4.518	-4.9141	1.0
3	1306	1.0418	2.576	3.5338	-4.577	1.0
3	1307	4.9667	2.6459	2.3219	-2.9523	1.0
3	1308	2.7198	3.0802	2.6919	-5.0809	1.0
3	1309	1.6732	2.215	2.6252	-3.3972	1.0
3	1310	3.5631	3.611	2.4014	-2.496	1.0
3	1311	1.0533	2.995	3.278	-2.3336	1.0
3	1312	1.1453	6.1533	3.2585	-1.7939	1.0
3	1313	0.9288	4.3282	3.7296	-5.6326	1.0
3	1314	1.1687	9.9029	2.9207	-1.6248	1.0
3	1315	1.1687	9.9029	2.9207	-1.6248	1.0
3	1316	0.7849	5.1639	3.3609	-2.6137	1.0
3	1317	1.3013	4.0934	2.6695	-3.6966	1.0
3	1318	3.235	1.8515	1.826	-4.0282	1.0
3	1319	5.3866	2.4024	1.3891	-4.5753	1.0
3	1320	2.0675	3.1204	2.6886	-2.5801	1.0
3	1321	2.0675	3.1204	2.6886	-2.5801	1.0
3	1322	0.9974	2.1796	3.9778	-2.6673	1.0
3	1323	2.6256	3.6779	3.6552	-5.8068	1.0
3	1324	3.2158	2.6636	3.5152	-4.3684	1.0
3	1325	2.1557	1.6841	3.1888	-4.3647	1.0
3	1326	1.4724	3.0388	4.5399	-2.853	1.0
3	1327	2.3048	2.1814	3.6632	-3.8072	1.0
3	1328	1.6877	8.5248	2.1584	-2.3989	1.0
3	1329	1.954	8.7956	2.2144	-1.9899	1.0
3	1330	2.7341	3.0911	3.1059	-3.8542	1.0
3	1331	1.3293	3.4237	4.4355	-4.0334	1.0
3	1332	1.2338	3.6945	4.3839	-3.4887	1.0
3	1333	1.4428	3.758	3.8656	-4.0855	1.0
3	1334	2.1924	4.1925	4.0291	-5.1378	1.0
3	1335	0.8189	5.4986	4.0713	-4.2988	1.0
3	1336	0.7489	7.767	4.1232	-6.556	1.0
3	1337	1.309	5.4443	4.1647	-4.7238	1.0
3	1338	2.275	5.149	3.2146	-4.8186	1.0
3	1339	2.3417	7.8296	4.7429	-6.3436	1.0
3	1340	1.2897	5.5127	5.4917	-5.746	1.0
3	1341	2.0629	4.9805	3.1642	-1.8806	1.0
3	1342	2.1926	6.9513	3.816	-3.6298	1.0
3	1343	2.2884	1.6141	3.4429	-2.9558	1.0
3	1344	2.4854	1.4698	2.7435	-4.4434	1.0
3	1345	1.9202	2.7394	3.4217	-3.5719	1.0
3	1346	1.4497	1.9785	4.1484	-6.7024	1.0
3	1347	2.0716	8.2896	4.3692	-5.9005	1.0
3	1348	1.419	7.2294	4.1433	-3.7439	1.0
3	1349	2.7542	2.5246	2.7265	-4.6	1.0
3	1350	2.4017	2.6338	4.1146	-2.7965	1.0
3	1351	2.4017	2.6338	4.1146	-2.7965	1.0
3	1352	1.4249	2.9398	3.297	-2.2413	1.0
3	1353	1.6724	3.5735	3.9991	-3.1018	1.0
3	1354	1.4721	2.4186	4.3694	-3.2595	1.0
3	1355	1.6305	2.2584	3.1713	-3.3478	1.0
3	1356	2.0199	3.7108	2.7926	-2.4859	1.0
3	1357	1.4792	4.3429	3.159	-2.6056	1.0
3	1358	2.3219	3.5453	2.6541	-1.79	1.0
3	1359	2.3219	3.5453	2.6541	-1.79	1.0
3	1360	2.2731	4.1036	3.739	-4.0002	1.0
3	1361	2.3004	3.1745	3.0836	-2.5553	1.0
3	1362	1.7446	2.9115	3.4153	-3.7649	1.0
3	1363	1.1046	3.7169	2.7049	-2.638	1.0
3	1364	1.8373	4.3607	4.2604	-2.5769	1.0
3	1365	1.0982	3.5714	4.2621	-5.9318	1.0
3	1366	1.5476	3.2064	3.0828	-5.563	1.0
3	1367	0.9695	4.3601	2.9339	-2.0223	1.0
3	1368	2.1556	3.261	2.5347	-3.5489	1.0
3	1369	2.58	2.6894	2.4937	-4.6567	1.0
3	1370	1.3762	3.2697	2.2968	-3.6822	1.0
3	1371	0.6412	4.5878	4.6551	-2.3497	1.0
3	1372	0.9473	3.9593	5.2206	-9.528	1.0
3	1373	2.2929	9.5925	3.5186	-8.4189	1.0
3	1374	1.4718	5.4423	4.5475	-6.4479	1.0
3	1375	1.4005	5.2711	2.3475	-1.8006	1.0
3	1376	2.1676	9.5458	3.5571	-1.1672	1.0
3	1377	1.8751	4.5699	5.3309	-4.9009	1.0
3	1378	1.5249	3.6439	4.4367	-2.0662	1.0
3	1379	1.1172	2.1919	5.5327	-2.498	1.0
3	1380	2.9292	2.3868	4.6058	-6.7282	1.0
3	1381	0.8815	2.0739	3.9801	-3.7439	1.0
3	1382	1.3658	4.1607	4.674	-9.4491	1.0
3	1383	2.8219	1.9957	5.3209	-12.4563	1.0
3	1384	3.4598	3.1429	4.6841	-11.4714	1.0
3	1385	1.5758	6.7105	5.5072	-6.1987	1.0
3	1386	1.2682	3.7462	5.1829	-8.5965	1.0
3	1387	1.1631	4.7748	3.4051	-4.6386	1.0
3	1388	1.6236	6.1156	3.4854	-1.5204	1.0
3	1389	1.5538	3.3341	3.9141	-2.1173	1.0
3	1390	1.2426	7.8631	2.8023	-2.2149	1.0
3	1391	0.5552	8.5148	3.4371	-1.8537	1.0
3	1392	1.3042	3.2878	3.9748	-3.5515	1.0
3	1393	1.1239	2.1909	3.6625	-3.9462	1.0
3	1394	0.9337	5.3608	4.53	-4.231	1.0
3	1395	2.261	6.8882	4.9911	-1.559	1.0
3	1396	2.261	6.8882	4.9911	-1.559	1.0
3	1397	2.3256	5.1641	5.2399	-2.143	1.0
3	1398	1.9902	1.8218	4.315	-3.228	1.0
3	1399	4.0829	0.6696	5.6319	-5.9632	1.0
3	1400	2.0474	3.3139	2.7468	-2.9279	1.0
3	1401	1.4041	4.4488	3.5736	-4.4451	1.0
3	1402	0.8754	5.7095	2.5309	-2.4448	1.0
3	1403	3.2424	4.2494	3.6499	-4.0154	1.0
3	1404	3.1026	5.3163	3.9116	-2.9362	1.0
3	1405	1.1541	3.4017	3.2904	-2.9087	1.0
3	1406	2.0717	2.9623	2.9526	-5.4013	1.0
3	1407	1.49	6.4863	3.4351	-1.89	1.0
3	1408	2.1368	5.1178	3.5732	-5.4203	1.0
3	1409	1.412	6.1371	3.1377	-4.1518	1.0
3	1410	2.5353	2.9817	4.0782	-4.9141	1.0
3	1411	2.5353	2.9817	4.0782	-4.9141	1.0
3	1412	2.774	3.3145	3.7058	-2.0944	1.0
3	1413	1.4679	8.1073	2.822	-1.1722	1.0
3	1414	2.2439	5.8838	1.8386	-1.2915	1.0
3	1415	1.4943	2.8874	3.1758	-2.4607	1.0
3	1416	2.4883	7.5133	2.3085	-2.2629	1.0
3	1417	1.1606	5.4747	5.1693	-6.2813	1.0
3	1418	2.0521	4.8994	3.6986	-2.3266	1.0
3	1419	1.1556	3.4222	3.9028	-1.6578	1.0
3	1420	1.6291	2.494	5.0309	-5.2324	1.0
3	1421	2.0631	1.7458	5.03	-3.4257	1.0
3	1422	1.3858	4.0568	4.1855	-4.9498	1.0
3	1423	1.3415	2.1769	3.213	-5.15	1.0
3	1424	1.3544	2.8017	3.9923	-3.9926	1.0
3	1425	0.8589	2.086	3.0524	-3.3082	1.0
3	1426	2.1591	7.868	2.6196	-2.4592	1.0
3	1427	1.8696	5.6331	3.7577	-4.6144	1.0
3	1428	1.9924	2.8595	4.1881	-5.6408	1.0
3	1429	1.7245	3.3671	2.3133	-2.7323	1.0
3	1430	1.3047	1.9094	3.2416	-5.5091	1.0
3	1431	1.3047	1.9094	3.2416	-5.5091	1.0
3	1432	1.448	3.5434	2.4481	-3.7281	1.0
3	1433	1.4086	2.4239	4.0133	-2.5608	1.0
3	1434	2.1297	4.1434	3.6969	-2.7213	1.0
3	1435	2.7022	3.1788	2.7472	-3.7876	1.0
3	1436	2.3587	5.541	2.3958	-2.9178	1.0
3	1437	2.6052	3.4441	2.4939	-3.2146	1.0
3	1438	2.5531	1.1763	4.5341	-3.3783	1.0
3	1439	2.5573	1.4354	4.2416	-2.9189	1.0
3	1440	1.0128	2.2364	4.3344	-3.2331	1.0
3	1441	0.627	2.6012	3.9693	-3.1965	1.0
3	1442	1.7501	6.9857	4.0857	-4.5056	1.0
3	1443	4.6017	1.9846	3.2501	-6.5582	1.0
3	1444	2.6106	1.8826	4.8922	-5.3621	1.0
3	1445	2.9543	4.37	1.7826	-3.2595	1.0
3	1446	5.5139	5.6171	1.9092	-4.3319	1.0
3	1447	0.8529	2.082	4.0143	-6.0576	1.0
3	1448	0.8869	4.003	3.4681	-4.0254	1.0
3	1449	2.2931	4.0951	4.8011	-6.0602	1.0
3	1450	2.9519	2.6115	3.6496	-4.8233	1.0
3	1451	2.3383	4.4429	2.1224	-1.5588	1.0
3	1452	3.2068	2.1195	4.1954	-3.8778	1.0
3	1453	1.6017	3.0407	5.3144	-5.7673	1.0
3	1454	2.4789	2.6278	4.5195	-6.0538	1.0
3	1455	1.9364	5.3311	2.8417	-2.4357	1.0
3	1456	2.3291	7.0587	2.5388	-2.201	1.0
3	1457	1.7046	4.0448	2.5848	-1.7813	1.0
3	1458	2.6722	4.9178	2.556	-1.7733	1.0
3	1459	1.5078	2.0774	2.9918	-3.5995	1.0
3	1460	1.5535	2.12	2.9507	-3.5362	1.0
3	1461	1.0562	2.0924	3.5279	-3.0127	1.0
3	1462	2.1129	2.407	2.3661	-2.6142	1.0
3	1463	1.1751	6.1571	4.1178	-2.3972	1.0
3	1464	2.9212	4.0532	3.5457	-2.8827	1.0
3	1465	4.1189	4.7925	4.2207	-5.4793	1.0
3	1466	2.0428	1.6955	4.9698	-4.2972	1.0
3	1467	1.7035	3.254	3.7989	-4.6249	1.0
3	1468	1.2095	2.8663	4.9605	-5.2666	1.0
3	1469	1.7133	3.3829	2.8406	-3.1352	1.0
3	1470	0.6902	1.5364	4.0641	-3.8951	1.0
3	1471	1.9558	1.4479	5.0938	-9.0458	1.0
3	1472	2.3877	5.5308	2.0809	-2.324	1.0
3	1473	1.3369	8.8195	2.8894	-1.6643	1.0
3	1474	1.3369	8.8195	2.8894	-1.6643	1.0
3	1475	1.9138	3.546	2.4803	-2.7862	1.0
3	1476	2.4072	2.2381	2.6737	-4.4154	1.0
3	1477	1.8361	4.0385	2.4009	-3.2118	1.0
3	1478	2.2913	5.2688	5.6222	-5.2933	1.0
3	1479	2.7042	4.535	4.8932	-5.6731	1.0
3	1480	0.9553	3.6961	3.8367	-5.4741	1.0
3	1481	1.4725	2.6752	3.7592	-2.7732	1.0
3	1482	0.8261	4.7392	4.7352	-2.1945	1.0
3	1483	0.7539	3.7689	3.7249	-2.5092	1.0
3	1484	0.581	6.8907	5.0243	-2.18	1.0
3	1485	2.0522	3.0839	3.1884	-4.278	1.0
3	1486	4.1163	1.7405	4.3582	-6.3263	1.0
3	1487	1.9797	2.1519	2.691	-3.0258	1.0
3	1488	2.2591	3.0991	2.2856	-2.8534	1.0
3	1489	1.8028	2.3772	3.2351	-2.0246	1.0
3	1490	1.5448	7.8709	3.742	-3.5625	1.0
3	1491	1.9753	3.3434	3.2377	-3.0258	1.0
3	1492	1.9753	3.3434	3.2377	-3.0258	1.0
3	1493	1.2227	3.3141	3.1255	-2.9621	1.0
3	1494	1.6902	6.2108	3.0593	-1.5694	1.0
3	1495	2.9881	5.0637	3.5637	-5.7448	1.0
3	1496	1.37	4.9359	3.4212	-2.3408	1.0
3	1497	0.803	3.7568	3.5568	-2.4897	1.0
3	1498	1.2626	3.867	2.8796	-6.1361	1.0
3	1499	0.7643	0.8285	3.874	-5.5097	1.0
3	1500	2.308	7.5706	4.7474	-5.3232	1.0
3	1501	2.308	7.5706	4.7474	-5.3232	1.0
3	1502	1.6866	1.7245	4.0742	-3.0525	1.0
3	1503	2.6345	3.3294	3.4435	-2.9131	1.0
3	1504	2.5877	3.5498	2.9588	-5.0404	1.0
3	1505	3.9386	2.237	3.3826	-3.8303	1.0
3	1506	1.8921	2.8348	2.2071	-3.9668	1.0
3	1507	1.7601	4.5211	4.4614	-4.5341	1.0
3	1508	1.0215	5.655	4.9261	-9.0221	1.0
3	1509	1.3344	4.0608	4.337	-8.7485	1.0
3	1510	0.9467	1.9771	4.8027	-4.5268	1.0
3	1511	1.8869	2.547	2.9315	-2.3456	1.0
3	1512	2.1453	3.1419	3.3266	-4.5508	1.0
3	1513	1.9177	4.4433	2.304	-1.8078	1.0
3	1514	1.4534	3.209	5.7494	-2.5522	1.0
3	1515	0.727	1.2033	3.9681	-4.8581	1.0
3	1516	0.383	1.4605	5.1331	-7.9852	1.0
3	1517	0.6754	1.1856	3.807	-7.9411	1.0
3	1518	1.0697	7.5437	2.4164	-1.6242	1.0
3	1519	1.5726	7.1784	2.7081	-1.9937	1.0
3	1520	1.617	3.4882	3.8384	-4.3453	1.0
3	1521	1.3258	4.802	2.5778	-2.7168	1.0
3	1522	0.6383	4.1025	4.1146	-2.2414	1.0
3	1523	1.502	5.4783	2.5832	-3.3213	1.0
3	1524	1.4668	6.3622	4.9005	-5.0603	1.0
3	1525	0.924	5.5387	4.2577	-1.8773	1.0
3	1526	1.7898	1.9138	4.2442	-5.228	1.0
3	1527	5.3731	1.4183	3.5135	-4.8522	1.0
3	1528	2.8477	3.06	3.317	-6.7756	1.0
3	1529	0.8326	3.6755	4.1441	-3.8802	1.0
3	1530	3.7042	2.8909	3.999	-2.1812	1.0
3	1531	3.7598	4.8546	3.5401	-3.1366	1.0
3	1532	3.4256	6.4764	2.9168	-3.0749	1.0
3	1533	0.8196	3.9798	3.8736	-5.9082	1.0
3	1534	1.4459	5.7585	4.1876	-5.1155	1.0
3	1535	1.4687	4.4248	2.5961	-1.7729	1.0
3	1536	2.9168	4.2577	2.0217	-1.7711	1.0
3	1537	1.5517	6.5751	3.3318	-2.4199	1.0
3	1538	1.3029	5.8178	4.9112	-5.4573	1.0
3	1539	1.8188	2.3299	3.219	-2.3314	1.0
3	1540	1.5283	2.1384	4.056	-8.8711	1.0
3	1541	1.4863	3.3922	3.9862	-7.3124	1.0
3	1542	2.4354	5.81	2.6714	-1.9242	1.0
3	1543	2.0142	6.4071	3.2977	-4.4347	1.0
3	1544	1.0239	2.061	4.5394	-4.9527	1.0
3	1545	1.0425	4.77	2.6288	-1.7844	1.0
3	1546	1.1867	2.5618	4.2417	-2.4451	1.0
3	1547	1.1977	3.5617	4.7118	-4.4767	1.0
3	1548	1.7729	3.088	4.1027	-4.8626	1.0
3	1549	1.6073	3.8739	3.483	-1.9731	1.0
3	1550	1.4519	4.3224	4.8367	-2.6214	1.0
3	1551	1.5115	3.8455	4.0362	-2.1748	1.0
3	1552	1.7835	1.3199	3.3377	-5.8982	1.0
3	1553	5.5433	1.9377	2.3528	-6.0795	1.0
3	1554	2.1507	4.3024	4.6195	-2.3751	1.0
3	1555	3.013	1.4437	3.4493	-4.2033	1.0
3	1556	1.7567	3.8484	4.3902	-4.4596	1.0
3	1557	1.6868	4.2954	2.9578	-2.9425	1.0
3	1558	3.6881	2.6615	2.4496	-2.2394	1.0
3	1559	2.9243	4.0911	3.1948	-4.3638	1.0
3	1560	1.8155	9.124	4.0878	-4.193	1.0
3	1561	3.4234	1.5116	3.2861	-2.7192	1.0
3	1562	2.3135	2.8922	3.6941	-3.062	1.0
3	1563	1.6646	5.8019	1.6242	-1.9397	1.0
3	1564	0.964	8.0917	1.6583	-1.6675	1.0
3	1565	0.9329	3.2051	2.9948	-3.3915	1.0
3	1566	2.0247	6.8292	2.1527	-2.4111	1.0
3	1567	1.777	9.6163	2.7923	-1.833	1.0
3	1568	1.9438	3.8954	5.8566	-5.9781	1.0
3	1569	3.2578	3.9287	2.4578	-4.6769	1.0
3	1570	3.9812	2.0724	5.403	-3.747	1.0
3	1571	4.3392	1.6382	3.4305	-2.7369	1.0
3	1572	1.424	3.1975	3.1141	-1.422	1.0
3	1573	1.0805	8.9849	2.5418	-1.3251	1.0
3	1574	1.0061	4.886	4.8483	-3.1764	1.0
3	1575	1.5224	6.6639	4.723	-4.451	1.0
3	1576	1.4884	6.673	2.2446	-1.3193	1.0
3	1577	2.1107	7.6062	3.7857	-3.7549	1.0
3	1578	1.9974	5.0163	2.7568	-1.7736	1.0
3	1579	1.4557	9.7807	2.3526	-1.4935	1.0
3	1580	1.4689	6.488	3.9802	-1.9396	1.0
3	1581	1.2693	2.9144	4.1038	-2.6132	1.0
3	1582	1.8639	2.7297	3.144	-2.5481	1.0
3	1583	1.4947	2.108	3.1345	-3.0414	1.0
3	1584	1.9299	2.9164	2.5907	-3.9221	1.0
3	1585	1.4803	1.7802	3.783	-5.2895	1.0
3	1586	1.6325	2.67	2.8205	-3.0275	1.0
3	1587	1.5985	4.4003	2.6045	-3.5546	1.0
3	1588	1.1402	3.3383	3.0513	-3.8734	1.0
3	1589	0.7961	4.56	3.6659	-2.3278	1.0
3	1590	1.035	6.308	2.1579	-2.449	1.0
3	1591	0.5839	4.0023	2.5834	-1.8992	1.0
3	1592	0.7772	3.3859	3.5768	-3.244	1.0
3	1593	2.9542	2.4703	2.87	-2.0435	1.0
3	1594	3.1989	4.3712	3.6625	-2.6047	1.0
3	1595	2.1996	6.6465	4.0611	-4.1982	1.0
3	1596	0.9297	5.0781	3.5087	-2.8743	1.0
3	1597	2.132	5.9235	2.3521	-1.7899	1.0
3	1598	2.132	5.9235	2.3521	-1.7899	1.0
3	1599	0.943	9.5522	3.2429	-2.668	1.0
