chain	draw	a0	beta	d_home	h0	i0	d_school
0	2000	1.1445	1.4925	3.9677	6.6592	8.253	1.0
0	2005	2.3495	2.2033	2.3324	6.4444	6.5872	1.0
0	2010	2.5019	0.8182	1.5751	7.3866	3.7682	1.0
0	2015	2.5019	0.2873	3.3269	5.1388	5.0771	1.0
0	2020	3.4221	1.1899	3.0045	10.5161	7.9369	1.0
0	2025	2.8964	1.0605	2.1322	7.6224	10.8785	1.0
0	2030	2.9206	2.4505	2.9037	5.0814	11.7766	1.0
0	2035	0.8309	1.1118	2.285	8.8864	9.3783	1.0
0	2040	2.0177	0.4909	2.8952	9.0713	11.1253	1.0
0	2045	2.8157	0.317	3.8395	5.4973	9.6704	1.0
0	2050	1.5359	1.2596	2.6921	11.0901	9.6704	1.0
0	2055	1.0946	1.2116	2.8617	9.6005	8.3105	1.0
0	2060	1.3892	0.8514	2.6231	11.5141	4.0185	1.0
0	2065	1.3892	1.3457	3.6988	11.5141	10.3012	1.0
0	2070	1.1322	2.3232	2.7426	4.769	2.4196	1.0
0	2075	1.2873	2.3232	2.9938	5.1796	6.23	1.0
0	2080	1.2067	1.2539	3.7395	6.789	11.7072	1.0
0	2085	1.4203	0.7312	4.3944	9.1786	11.8092	1.0
0	2090	2.5851	1.7817	2.866	3.8449	11.8092	1.0
0	2095	1.5227	0.7447	4.0708	4.6958	10.3752	1.0
0	2100	0.8863	1.2748	3.3174	1.5927	10.2007	1.0
0	2105	1.3814	0.9032	3.8868	11.6097	10.2007	1.0
0	2110	1.9144	1.3221	3.3373	5.0289	2.5414	1.0
0	2115	2.0258	0.4624	2.8528	6.5287	10.9266	1.0
0	2120	2.4102	0.8683	2.8923	1.3268	5.4011	1.0
0	2125	0.9195	2.8447	2.4338	9.5215	5.9126	1.0
0	2130	0.8288	6.076	2.7854	4.2773	1.3045	1.0
0	2135	1.4719	3.9044	2.0524	10.6719	2.2655	1.0
0	2140	1.7318	2.8411	2.9031	11.1653	4.2255	1.0
0	2145	1.8169	2.6282	2.6531	4.2619	1.7143	1.0
0	2150	2.7857	2.403	3.3439	1.048	5.183	1.0
0	2155	2.6235	2.1154	2.1454	3.8247	6.3823	1.0
0	2160	0.754	2.3972	2.8533	1.5618	11.0699	1.0
0	2165	3.0222	2.0076	2.6286	0.9372	7.9009	1.0
0	2170	3.3977	2.878	2.0569	0.3106	1.507	1.0
0	2175	1.7157	3.4452	2.6571	3.6054	1.4226	1.0
0	2180	0.7017	5.364	2.9948	3.8384	6.0674	1.0
0	2185	1.0349	4.3003	3.8133	6.4153	7.7501	1.0
0	2190	3.0144	6.9028	2.1625	5.1061	6.1129	1.0
0	2195	3.4727	6.7958	1.7071	2.7958	5.4351	1.0
0	2200	2.2142	7.2787	1.8083	8.557	10.0145	1.0
0	2205	2.2226	9.8313	2.3337	11.7271	10.1974	1.0
0	2210	2.0916	6.8628	2.5246	11.0915	1.346	1.0
0	2215	2.5196	5.5143	2.2155	9.0468	1.1578	1.0
0	2220	2.1728	6.696	1.9753	0.5527	0.2772	1.0
0	2225	0.8281	7.0438	1.776	0.2413	1.5489	1.0
0	2230	1.3603	8.1866	2.4927	0.4049	6.824	1.0
0	2235	1.3603	7.4287	2.7884	2.7472	7.0715	1.0
0	2240	1.1719	7.4287	2.2173	3.2541	1.0546	1.0
0	2245	1.2181	8.2766	3.0569	4.6162	4.5294	1.0
0	2250	1.0662	6.7814	2.2669	7.0457	6.4739	1.0
0	2255	1.598	7.75	2.913	4.6489	11.3879	1.0
0	2260	2.22	2.9293	2.3095	3.998	11.3879	1.0
0	2265	0.9533	4.3932	2.638	6.3788	11.4015	1.0
0	2270	1.7619	4.3932	3.0868	1.3298	5.6405	1.0
0	2275	1.4885	5.9475	4.4234	0.9677	0.7776	1.0
0	2280	2.16	7.3373	3.2572	4.0068	6.3718	1.0
0	2285	1.5277	6.1318	2.9064	1.9958	11.0044	1.0
0	2290	1.2455	4.0549	3.055	5.1647	11.0044	1.0
0	2295	0.7458	2.5908	3.3233	9.5541	7.2424	1.0
0	2300	0.8203	1.228	3.3494	6.947	11.7036	1.0
0	2305	1.5078	1.7968	2.5552	3.12	10.0574	1.0
0	2310	3.5176	1.7482	2.9251	1.0274	11.2468	1.0
0	2315	2.4769	2.239	2.4595	1.2608	2.2852	1.0
0	2320	2.3973	1.5331	3.0502	0.6692	3.3756	1.0
0	2325	3.2252	0.8854	3.066	8.3758	9.8378	1.0
0	2330	1.8671	2.3877	2.9183	8.9629	6.2081	1.0
0	2335	2.0365	1.213	3.965	6.9556	4.007	1.0
0	2340	1.9041	1.1794	2.6409	6.1457	5.7513	1.0
0	2345	1.6946	1.4957	4.1771	11.6655	4.2225	1.0
0	2350	1.268	5.406	2.8281	7.1427	2.9297	1.0
0	2355	3.5129	3.5487	1.9275	11.275	4.2869	1.0
0	2360	1.7683	5.5517	2.7607	8.862	7.6027	1.0
0	2365	0.7955	6.9311	3.8559	10.5651	0.9437	1.0
0	2370	1.5303	1.4349	5.886	8.7763	0.1901	1.0
0	2375	3.3604	0.4184	3.917	4.4191	0.1286	1.0
0	2380	3.0544	3.1298	2.353	8.0578	0.53	1.0
0	2385	3.2693	7.4746	4.2286	7.6951	0.1345	1.0
0	2390	2.1972	7.4746	2.3558	2.6167	1.9423	1.0
0	2395	1.3221	4.3785	3.7356	0.6764	3.1669	1.0
0	2400	1.8048	2.6419	2.9028	10.5098	9.327	1.0
0	2405	0.6645	2.744	3.1721	6.6812	6.2384	1.0
0	2410	1.8763	2.5996	2.8307	9.2111	10.3401	1.0
0	2415	1.5425	1.1833	2.6314	6.8204	9.5004	1.0
0	2420	2.7771	1.9645	3.5657	6.6675	7.2527	1.0
0	2425	1.4424	1.425	2.4426	3.1749	1.1382	1.0
0	2430	1.6974	1.2627	5.554	5.2858	0.5753	1.0
0	2435	1.1427	1.52	4.6789	6.1617	0.3936	1.0
0	2440	2.5066	3.3615	3.5266	11.6856	0.2135	1.0
0	2445	1.6377	5.9122	5.1637	0.6182	2.234	1.0
0	2450	0.5687	5.442	4.3419	2.7618	3.4346	1.0
0	2455	0.9398	4.1686	3.3172	6.1563	8.3302	1.0
0	2460	0.9195	2.7134	2.8524	0.5527	9.4241	1.0
0	2465	1.0909	1.1651	4.1504	0.8378	6.4623	1.0
0	2470	1.1632	3.3098	2.4403	0.1067	8.4598	1.0
0	2475	0.542	2.5468	2.938	0.3863	4.5974	1.0
0	2480	1.1741	4.5217	2.1346	0.3423	4.7569	1.0
0	2485	2.1022	3.7153	2.3277	9.58	0.9855	1.0
0	2490	1.2266	2.7647	2.807	3.0978	2.2808	1.0
0	2495	1.436	2.7457	3.1116	1.8187	3.3846	1.0
0	2500	2.6507	1.7686	2.0591	3.5214	1.7434	1.0
0	2505	5.359	1.1165	2.8969	3.5214	1.2991	1.0
0	2510	2.3008	1.1632	3.1769	3.0164	1.7606	1.0
0	2515	2.1215	1.7387	2.8961	4.8787	0.9346	1.0
0	2520	2.2267	1.1804	3.5024	3.277	2.2312	1.0
0	2525	1.6246	1.4796	3.1477	2.8948	6.5212	1.0
0	2530	0.64	2.8456	4.0185	2.2965	6.4553	1.0
0	2535	3.2772	1.9451	2.2589	8.3832	10.8662	1.0
0	2540	2.2061	1.6272	2.1197	6.855	10.8662	1.0
0	2545	1.5837	1.4566	3.1533	10.1826	11.6129	1.0
0	2550	3.2282	0.8375	2.1877	6.6794	1.7768	1.0
0	2555	3.5233	1.7334	2.3244	7.5664	3.3203	1.0
0	2560	2.6861	7.5041	1.9393	11.634	7.1589	1.0
0	2565	1.5095	6.119	2.3518	11.0902	7.1589	1.0
0	2570	1.6106	5.3398	2.6623	11.0902	2.163	1.0
0	2575	1.5068	1.3529	2.5878	5.2442	8.2588	1.0
0	2580	3.421	1.1703	3.5834	5.2442	4.0842	1.0
0	2585	1.9667	0.9911	2.6289	6.2707	2.8091	1.0
0	2590	3.0755	0.1845	2.688	10.5244	6.3927	1.0
0	2595	3.2456	0.3619	3.775	1.3807	6.3927	1.0
0	2600	3.4494	0.9926	2.618	2.1506	3.3458	1.0
0	2605	4.3041	0.9981	2.9351	3.6509	7.6836	1.0
0	2610	2.1548	1.1903	4.1029	1.2951	2.8312	1.0
0	2615	1.986	2.342	2.0563	4.3616	4.2668	1.0
0	2620	1.8114	0.9866	2.9698	3.7338	7.6998	1.0
0	2625	2.1732	0.3934	2.3867	11.7847	9.166	1.0
0	2630	0.9642	2.9205	1.6108	7.4821	9.4961	1.0
0	2635	3.3494	0.5019	3.2227	4.039	11.6344	1.0
0	2640	2.6005	0.3991	2.6372	6.5816	11.6344	1.0
0	2645	3.308	0.6231	3.6601	11.9999	1.063	1.0
0	2650	1.8897	0.6737	3.1121	11.9491	1.2804	1.0
0	2655	2.0598	0.4572	4.3864	10.5708	1.3379	1.0
0	2660	2.1476	0.5388	3.455	10.5708	7.6492	1.0
0	2665	2.2208	0.5892	2.7639	7.4888	6.1163	1.0
0	2670	2.0088	1.5333	3.0825	8.7449	6.3023	1.0
0	2675	1.1077	0.9585	2.4444	11.6343	8.147	1.0
0	2680	1.189	0.3574	4.567	3.1433	9.0188	1.0
0	2685	0.9227	0.5781	4.6327	4.0133	8.3934	1.0
0	2690	3.1716	0.8524	2.4199	9.0786	8.8881	1.0
0	2695	1.9927	1.3773	3.4462	9.1783	3.0075	1.0
0	2700	0.9462	0.6674	4.6007	5.3155	11.7133	1.0
0	2705	1.2846	1.43	4.3577	10.5902	2.5664	1.0
0	2710	0.729	5.4111	2.9801	11.4399	8.6301	1.0
0	2715	1.4664	4.5047	2.2808	9.7837	6.2583	1.0
0	2720	1.9779	2.4918	2.0894	9.7837	4.723	1.0
0	2725	1.237	4.3543	2.7827	7.6326	5.1296	1.0
0	2730	1.8144	1.6691	2.9262	7.0148	10.7554	1.0
0	2735	2.4069	1.9084	3.1218	2.8376	1.7981	1.0
0	2740	4.4839	0.4972	3.7662	6.4572	4.3831	1.0
0	2745	2.7865	0.1157	3.3857	1.2979	9.5455	1.0
0	2750	2.8948	1.2101	1.8551	0.776	9.5455	1.0
0	2755	4.1787	1.4865	2.109	1.9283	6.5176	1.0
0	2760	4.1787	2.0396	1.8437	3.0861	6.5176	1.0
0	2765	4.1787	1.5724	2.9852	11.5183	0.4522	1.0
0	2770	3.1955	7.8738	2.7322	2.1408	0.8341	1.0
0	2775	2.4836	8.7172	2.4583	1.402	0.403	1.0
0	2780	1.2067	6.693	2.4583	11.544	0.4852	1.0
0	2785	0.8004	3.5982	4.1652	4.2494	2.9037	1.0
0	2790	0.9046	3.0162	3.3952	1.539	10.7103	1.0
0	2795	1.3055	3.8845	3.7561	2.2587	10.2259	1.0
0	2800	1.4041	3.1589	3.0295	5.5332	7.2764	1.0
0	2805	1.0158	1.8063	3.9036	8.5948	7.0597	1.0
0	2810	1.9184	1.4256	2.1663	1.18	11.0933	1.0
0	2815	1.8259	0.8463	3.3942	6.9445	3.3288	1.0
0	2820	1.0869	0.805	3.2047	5.7869	11.793	1.0
0	2825	1.3661	0.6991	4.0339	7.7403	11.793	1.0
0	2830	1.9507	0.4736	3.5056	5.2499	8.7954	1.0
0	2835	2.809	0.8878	3.1103	6.7188	5.1831	1.0
0	2840	2.0587	1.6404	4.2154	2.3917	3.5669	1.0
0	2845	1.2229	0.7098	3.474	10.8271	8.6011	1.0
0	2850	1.1234	1.5934	3.4015	10.8271	11.0746	1.0
0	2855	2.4635	1.3087	2.9314	2.3413	2.6515	1.0
0	2860	1.8208	2.5791	2.7536	4.0336	2.9447	1.0
0	2865	1.0601	2.8145	3.483	10.3561	4.3534	1.0
0	2870	0.6982	1.9703	3.9061	6.273	2.2502	1.0
0	2875	2.8434	2.9133	2.1422	8.4033	0.5599	1.0
0	2880	2.2295	3.7766	3.4149	11.2671	0.9937	1.0
0	2885	2.2295	0.8048	3.9078	10.6086	0.4857	1.0
0	2890	1.9619	1.9189	5.0885	9.6214	3.5461	1.0
0	2895	1.0598	1.137	3.8737	2.7854	1.1372	1.0
0	2900	1.8122	1.137	2.7586	2.8873	5.9382	1.0
0	2905	1.9446	1.8644	2.3629	3.978	7.0653	1.0
0	2910	1.7813	1.2463	2.9708	10.9074	6.7578	1.0
0	2915	1.2346	2.5141	3.741	9.4764	0.7025	1.0
0	2920	1.4666	4.206	2.3147	6.9442	2.9339	1.0
0	2925	0.9104	4.4573	2.71	5.7462	3.319	1.0
0	2930	1.3054	1.6692	3.5343	3.5829	10.9109	1.0
0	2935	1.7086	1.5139	2.9832	3.4213	5.4558	1.0
0	2940	2.1159	0.9087	3.2054	6.0767	1.2603	1.0
0	2945	0.9454	1.3959	4.2092	11.4522	1.6711	1.0
0	2950	1.1956	2.3302	4.1843	8.8925	6.5622	1.0
0	2955	2.2118	1.9897	3.0239	10.0121	2.0525	1.0
0	2960	1.9701	1.9897	2.8434	10.1004	8.1578	1.0
0	2965	2.1088	1.6435	2.4127	4.7328	3.9031	1.0
0	2970	2.1088	2.4254	2.8736	7.874	8.9108	1.0
0	2975	2.3086	2.5493	2.165	4.5902	9.7086	1.0
0	2980	2.9062	1.6428	2.9525	5.73	7.2421	1.0
0	2985	2.3577	1.7809	2.8246	11.5623	7.4187	1.0
0	2990	2.4442	2.5296	3.2521	3.4537	2.9589	1.0
0	2995	2.0629	6.0697	2.8157	2.576	1.6976	1.0
0	3000	1.6175	4.9326	2.3813	9.2293	5.8838	1.0
0	3005	1.4747	5.8096	2.3725	9.2293	0.8248	1.0
0	3010	1.7793	2.4886	3.1647	5.3611	0.4225	1.0
0	3015	1.3892	1.6094	3.664	11.7787	1.6208	1.0
0	3020	1.1191	1.7062	3.5076	4.7235	11.0148	1.0
0	3025	2.5263	0.4195	2.1383	9.8814	11.011	1.0
0	3030	0.9976	1.1327	2.3989	11.4017	4.8658	1.0
0	3035	2.0424	1.9227	2.359	2.6746	11.6122	1.0
0	3040	0.9482	4.0335	1.943	11.9263	8.6532	1.0
0	3045	2.8632	1.5204	1.4446	4.5446	10.5775	1.0
0	3050	2.0356	1.3686	1.9495	10.4117	11.0054	1.0
0	3055	1.4682	1.5941	3.278	8.4955	11.0054	1.0
0	3060	2.5826	0.9483	3.2909	0.391	4.2911	1.0
0	3065	1.108	1.7163	3.187	8.5354	5.0825	1.0
0	3070	1.852	0.514	2.9911	1.8043	6.6836	1.0
0	3075	1.852	1.5209	3.3808	6.3836	9.4859	1.0
0	3080	1.4988	0.6615	3.6711	4.0491	5.9476	1.0
0	3085	1.082	0.408	2.2077	11.437	9.1476	1.0
0	3090	1.8774	1.1176	3.0215	7.6913	11.4314	1.0
0	3095	2.2265	2.3804	2.2878	2.2826	7.2001	1.0
0	3100	2.0335	1.8631	2.2035	3.8342	5.5652	1.0
0	3105	1.5902	1.7752	2.9717	7.3559	8.5047	1.0
0	3110	0.722	0.5815	3.7572	7.9743	11.4393	1.0
0	3115	1.1786	1.1617	2.559	6.7068	5.2707	1.0
0	3120	1.1499	1.1617	3.2941	6.1227	6.0482	1.0
0	3125	1.5015	1.4696	3.5077	5.1698	4.9668	1.0
0	3130	3.0247	5.4144	2.5218	6.7943	0.8829	1.0
0	3135	2.237	9.198	2.5028	8.8861	3.0298	1.0
0	3140	2.752	7.2995	2.4459	10.7927	4.4882	1.0
0	3145	1.1414	4.261	3.1366	9.3662	10.8157	1.0
0	3150	1.72	3.4423	3.0059	11.254	6.3441	1.0
0	3155	2.8762	2.0732	2.2735	6.9506	4.7225	1.0
0	3160	2.8762	2.4354	2.5025	7.3758	8.573	1.0
0	3165	1.5773	1.6002	2.0145	6.8299	10.7739	1.0
0	3170	0.9749	0.7379	3.0902	2.6877	3.7974	1.0
0	3175	0.6714	2.0143	3.1543	11.0122	1.818	1.0
0	3180	1.3816	0.9407	3.3633	4.7239	9.3836	1.0
0	3185	2.3598	2.4857	3.3011	8.0228	4.749	1.0
0	3190	2.409	1.471	3.0737	8.9508	6.6628	1.0
0	3195	2.3244	3.359	3.0408	10.2312	5.6155	1.0
0	3200	3.6813	6.4947	1.7364	10.7734	7.6197	1.0
0	3205	2.3332	0.6769	2.9086	3.2235	5.3585	1.0
0	3210	1.0368	1.6187	3.0379	8.2119	8.4172	1.0
0	3215	1.8955	2.8282	3.4614	6.1626	0.5793	1.0
0	3220	1.6601	5.0459	2.6976	8.3772	3.5267	1.0
0	3225	1.9754	1.6702	2.1982	8.7085	8.6634	1.0
0	3230	2.5933	3.2117	2.1599	7.2117	8.6634	1.0
0	3235	2.0576	0.8072	4.0127	7.2117	0.6812	1.0
0	3240	0.9859	2.0735	4.1838	1.2103	1.5609	1.0
0	3245	1.4082	4.2027	2.8741	2.6435	6.839	1.0
0	3250	0.9075	3.9516	3.7057	5.2786	0.3754	1.0
0	3255	1.9193	2.6196	2.7041	10.8664	1.8821	1.0
0	3260	1.8289	2.2322	2.2594	7.1208	9.5012	1.0
0	3265	0.9377	1.2909	2.6587	6.3785	9.5012	1.0
0	3270	1.5054	1.6524	3.1905	6.8335	5.3695	1.0
0	3275	1.5703	1.2528	3.7286	11.1827	6.8393	1.0
0	3280	1.0804	0.4354	3.5777	7.057	6.8393	1.0
0	3285	0.832	0.7607	3.7748	11.2889	10.3989	1.0
0	3290	4.1243	0.4053	2.2358	10.8331	8.5942	1.0
0	3295	1.6338	1.1591	2.3752	10.8331	1.441	1.0
0	3300	1.8737	1.8196	3.9152	4.03	0.2128	1.0
0	3305	3.6043	1.2717	3.3619	3.5996	0.475	1.0
0	3310	2.4271	0.8289	3.3711	11.6278	3.1825	1.0
0	3315	2.29	1.418	2.7742	1.4313	3.1949	1.0
0	3320	1.7446	1.8327	2.9126	4.2644	8.9852	1.0
0	3325	1.7446	0.9557	3.2582	11.2241	3.3041	1.0
0	3330	1.8207	0.6244	2.9261	8.7295	7.9538	1.0
0	3335	1.5569	1.6702	2.6379	3.0533	5.5134	1.0
0	3340	2.4114	1.3108	3.3731	11.4421	6.9931	1.0
0	3345	0.8651	2.1259	3.6599	10.142	5.0765	1.0
0	3350	1.0437	1.7781	3.1988	9.5638	4.8802	1.0
0	3355	3.2054	2.0518	2.6205	3.4909	6.7238	1.0
0	3360	3.6364	0.215	1.6684	5.7475	2.5335	1.0
0	3365	5.7264	0.3175	4.008	0.2295	11.0545	1.0
0	3370	1.7061	0.5196	4.9546	5.0502	6.7752	1.0
0	3375	1.0302	0.5261	5.0177	6.4623	2.2406	1.0
0	3380	1.0302	1.4271	3.8853	6.4623	0.623	1.0
0	3385	1.4258	1.0557	3.7449	4.1397	2.1247	1.0
0	3390	1.2835	0.6266	4.5537	1.6307	8.8209	1.0
0	3395	1.592	1.143	3.8643	0.574	5.5413	1.0
0	3400	0.7751	0.5452	4.123	0.7084	5.5413	1.0
0	3405	1.6896	0.918	2.9067	0.3832	10.2148	1.0
0	3410	1.0985	1.882	4.0188	3.1875	4.8233	1.0
0	3415	1.1289	3.4612	2.2149	6.0347	6.7445	1.0
0	3420	3.3387	3.4702	1.8919	2.7474	3.9443	1.0
0	3425	3.3516	2.3881	2.9706	7.7577	3.2346	1.0
0	3430	1.445	2.4195	2.7769	9.6937	11.1836	1.0
0	3435	0.7292	4.1313	3.2588	8.9664	5.6295	1.0
0	3440	1.5167	5.0426	2.9585	6.2265	1.1784	1.0
0	3445	1.8365	4.9394	2.3279	3.3418	7.04	1.0
0	3450	1.5006	6.2501	2.5909	2.2188	10.5323	1.0
0	3455	1.6618	8.3223	3.3238	2.2325	10.5323	1.0
0	3460	0.8642	7.5128	2.8244	0.3148	10.5323	1.0
0	3465	2.5943	4.9622	3.666	10.6961	10.5323	1.0
0	3470	1.0414	1.7082	3.1853	6.2765	10.5323	1.0
0	3475	1.0511	1.7743	3.9527	4.4541	5.1098	1.0
0	3480	1.5184	0.8851	3.2559	2.5385	1.1624	1.0
0	3485	1.9139	1.5462	2.9614	9.9266	1.342	1.0
0	3490	2.788	1.1251	3.8022	4.0351	8.1625	1.0
0	3495	1.9887	0.7519	3.5119	0.1173	0.4025	1.0
0	3500	5.5683	0.6087	3.851	0.5408	3.2346	1.0
0	3505	3.0133	1.0651	2.1177	2.2451	8.6706	1.0
0	3510	3.7321	0.6616	2.6504	3.3622	10.8709	1.0
0	3515	3.7321	1.125	1.9714	6.4947	5.771	1.0
0	3520	4.9194	0.9265	2.3058	3.9574	3.7386	1.0
0	3525	1.7313	1.4576	2.7004	2.0472	3.942	1.0
0	3530	2.0721	2.1161	3.1603	2.0363	3.5876	1.0
0	3535	0.6452	3.3578	3.0754	0.6962	5.9116	1.0
0	3540	1.5313	3.7239	2.6556	5.6755	5.8497	1.0
0	3545	1.1826	2.8172	3.601	3.2475	9.7693	1.0
0	3550	1.6376	1.0934	2.499	2.1311	6.5761	1.0
0	3555	1.0963	2.4663	3.7467	1.7613	8.8402	1.0
0	3560	0.5821	2.6732	5.2645	11.7951	5.6515	1.0
0	3565	0.9744	1.1632	4.1523	10.8045	5.6474	1.0
0	3570	1.1214	4.4873	3.6353	10.9377	2.35	1.0
0	3575	0.8884	1.5804	3.7322	10.9377	7.8307	1.0
0	3580	1.6456	2.1356	2.2787	7.941	11.0981	1.0
0	3585	1.0237	4.5607	3.9784	9.407	4.3067	1.0
0	3590	0.4472	2.5015	3.8167	9.407	7.285	1.0
0	3595	0.6905	2.1946	2.8324	5.1121	3.5782	1.0
0	3600	0.3047	4.362	2.8902	5.7915	1.9558	1.0
0	3605	0.5125	4.0364	2.5582	6.9164	3.2474	1.0
0	3610	1.1319	3.6963	2.5536	2.0472	1.2313	1.0
0	3615	1.532	3.6963	2.627	8.8501	7.7884	1.0
0	3620	1.6568	2.7681	3.017	3.0986	9.0512	1.0
0	3625	0.9952	2.8214	2.0121	7.858	9.0512	1.0
0	3630	0.6508	4.1514	2.6397	9.9839	2.609	1.0
0	3635	2.1284	5.417	2.8844	2.4253	3.6322	1.0
0	3640	1.3809	4.8194	3.0342	7.3196	3.6758	1.0
0	3645	1.9079	4.2293	2.134	0.9861	1.3667	1.0
0	3650	2.0826	3.6486	2.134	11.2701	11.5757	1.0
0	3655	2.0826	2.5442	2.1944	7.9777	11.3016	1.0
0	3660	1.154	2.2018	1.7829	3.3802	11.3016	1.0
0	3665	2.236	3.1893	2.5145	2.3567	5.8765	1.0
0	3670	2.236	3.0826	1.7602	4.378	4.4937	1.0
0	3675	2.5498	2.387	2.4177	7.224	8.8686	1.0
0	3680	1.4635	5.3378	2.4	10.3278	3.7503	1.0
0	3685	1.5446	5.3378	2.8902	10.3278	5.7459	1.0
0	3690	0.9105	5.3378	2.5296	6.265	6.113	1.0
0	3695	1.5422	5.5745	2.8017	8.3659	1.121	1.0
0	3700	1.2121	6.0137	2.3172	5.7041	9.8475	1.0
0	3705	1.2625	5.4688	2.9145	2.7443	7.3854	1.0
0	3710	1.5766	1.4226	2.9145	10.5999	6.8438	1.0
0	3715	1.2049	1.4226	3.7113	10.5999	9.5185	1.0
0	3720	2.2866	0.3104	2.1265	4.6609	9.0199	1.0
0	3725	1.813	1.9422	3.3841	2.466	1.269	1.0
0	3730	2.4536	2.5006	2.9756	6.4026	0.3603	1.0
0	3735	4.1535	1.6098	4.7948	5.2135	1.7925	1.0
0	3740	2.7172	0.7478	2.754	6.2146	8.0128	1.0
0	3745	1.1862	0.6805	4.5875	8.7534	3.9835	1.0
0	3750	0.9438	0.9442	2.9905	10.9246	3.143	1.0
0	3755	1.45	0.9271	3.3629	11.9222	2.4264	1.0
0	3760	1.2958	0.3766	4.6846	9.6944	5.5124	1.0
0	3765	1.0335	0.7598	3.8864	5.3896	8.2866	1.0
0	3770	2.4953	1.4652	2.2643	1.3805	8.5282	1.0
0	3775	2.232	0.8698	3.8819	8.4801	4.8326	1.0
0	3780	1.8982	1.9436	4.0733	6.6405	4.9502	1.0
0	3785	1.6893	1.2639	2.8531	6.6405	8.0996	1.0
0	3790	0.8533	2.3201	2.7981	5.1681	8.3779	1.0
0	3795	1.8835	1.4428	2.3417	0.7859	8.3779	1.0
0	3800	1.1304	0.8416	3.9961	0.8519	6.9814	1.0
0	3805	1.6269	1.7139	4.0325	0.3183	4.9339	1.0
0	3810	2.2742	1.4558	2.4749	0.5878	3.7311	1.0
0	3815	0.8139	4.1523	3.3598	1.496	9.0055	1.0
0	3820	2.1098	5.6674	2.386	0.683	9.0055	1.0
0	3825	2.343	3.2166	2.741	7.1325	7.6458	1.0
0	3830	3.9143	2.7473	1.8577	7.2486	10.2536	1.0
0	3835	2.4875	2.5751	1.9188	6.4401	5.8728	1.0
0	3840	2.2513	4.7972	2.3198	7.2625	5.6973	1.0
0	3845	1.8566	4.7972	2.4003	4.8717	7.707	1.0
0	3850	1.7418	4.7972	2.2704	5.6273	9.2555	1.0
0	3855	1.8026	2.4132	3.3135	4.9665	0.4193	1.0
0	3860	2.3323	3.0745	3.2084	10.0117	0.6567	1.0
0	3865	1.7294	0.4015	3.2084	9.5057	0.7635	1.0
0	3870	2.576	2.131	3.2084	9.2707	2.5837	1.0
0	3875	3.4083	1.3202	3.096	5.1325	6.8386	1.0
0	3880	2.9826	1.8123	3.158	0.77	5.0181	1.0
0	3885	3.0914	0.5951	3.9536	8.8072	0.6856	1.0
0	3890	2.0904	0.4748	3.0821	7.7897	9.0441	1.0
0	3895	1.6887	1.0528	3.1458	1.2453	1.2167	1.0
0	3900	1.9165	1.2525	3.4427	3.3226	7.1375	1.0
0	3905	3.4124	1.752	3.0508	3.0378	3.6193	1.0
0	3910	2.8294	1.752	2.806	1.0729	1.1124	1.0
0	3915	3.289	0.7716	2.781	1.7674	2.5971	1.0
0	3920	2.6631	0.7492	3.4572	11.1921	7.9248	1.0
0	3925	3.0102	0.4735	3.3411	10.4659	3.5644	1.0
0	3930	1.9252	2.1148	2.7363	1.4939	5.0623	1.0
0	3935	1.3277	1.8621	2.5418	5.3149	1.8119	1.0
0	3940	2.0835	3.4171	3.0645	4.798	5.4683	1.0
0	3945	2.3508	3.4171	2.6288	9.1933	3.3335	1.0
0	3950	1.4731	1.1983	3.3161	9.1933	4.8628	1.0
0	3955	1.4545	0.4283	3.2687	4.3301	5.8219	1.0
0	3960	1.0279	1.7061	2.4361	9.976	11.5876	1.0
0	3965	2.4191	0.3833	3.633	4.7904	8.876	1.0
0	3970	1.4657	1.6879	3.853	3.3995	10.0421	1.0
0	3975	0.8175	1.074	3.5278	5.4859	9.473	1.0
0	3980	0.8559	0.6643	2.2219	11.4768	2.7745	1.0
0	3985	4.3596	1.2728	2.6132	10.9768	3.0876	1.0
0	3990	3.7261	1.2595	2.8105	10.9768	2.9894	1.0
0	3995	2.6741	1.0801	3.4015	8.2379	10.1771	1.0
0	4000	1.8575	1.1608	3.0493	3.1505	10.1771	1.0
0	4005	3.1402	1.4759	2.7346	5.718	8.9803	1.0
0	4010	2.6408	2.7885	2.2354	1.106	10.7661	1.0
0	4015	1.4402	1.8419	2.7672	1.0666	3.3899	1.0
0	4020	1.4581	2.3325	4.2573	10.8444	10.3972	1.0
0	4025	1.05	4.3541	2.49	7.6269	9.3223	1.0
0	4030	0.8509	4.2035	3.397	6.6251	9.3223	1.0
0	4035	1.5235	6.4555	3.6239	10.6712	2.2548	1.0
0	4040	2.0825	0.8483	2.8583	10.6712	1.4044	1.0
0	4045	2.9065	0.7373	2.2494	2.689	6.9029	1.0
0	4050	1.4411	0.8763	2.741	10.8821	1.8292	1.0
0	4055	0.8907	2.4758	2.7516	3.3671	3.889	1.0
0	4060	1.7107	1.7046	3.093	0.2101	0.859	1.0
0	4065	1.1523	2.3111	4.2977	0.4681	0.4506	1.0
0	4070	0.9644	2.9139	3.0292	0.4365	1.0702	1.0
0	4075	1.1067	3.5311	3.0095	0.7104	2.5428	1.0
0	4080	2.3958	2.9439	4.1022	9.9614	6.6517	1.0
0	4085	2.3188	2.9112	3.5282	7.6355	7.094	1.0
0	4090	1.5389	1.8318	4.352	9.2538	5.3942	1.0
0	4095	2.1256	0.7903	3.7939	10.757	4.7555	1.0
0	4100	1.9235	2.6868	5.3722	10.884	1.8618	1.0
0	4105	0.8291	0.5441	5.3722	6.992	1.0017	1.0
0	4110	1.3117	6.4093	5.9395	2.8765	0.2805	1.0
0	4115	1.2912	2.2305	3.9471	1.3013	1.1664	1.0
0	4120	1.0393	4.5797	2.8672	0.4917	6.6153	1.0
0	4125	1.4767	1.8995	3.9584	1.9458	6.4429	1.0
0	4130	2.0792	0.429	5.5997	5.3019	4.6373	1.0
0	4135	2.0654	0.815	4.2708	10.5234	0.7923	1.0
0	4140	1.2823	4.2877	3.0049	11.0317	2.9973	1.0
0	4145	1.4358	6.3784	2.456	11.0317	3.1907	1.0
0	4150	1.4851	6.3784	1.8488	7.6395	11.262	1.0
0	4155	2.0063	0.6962	3.0413	8.0492	5.4759	1.0
0	4160	1.9814	0.3531	4.5691	7.6153	11.4808	1.0
0	4165	1.9613	1.0255	2.778	7.5904	11.4808	1.0
0	4170	1.5276	2.4115	2.8519	2.0552	11.3487	1.0
0	4175	2.715	1.9521	2.5626	5.6456	11.819	1.0
0	4180	0.8273	2.8527	2.1248	11.6041	11.819	1.0
0	4185	0.6048	4.5502	2.0894	5.4314	11.819	1.0
0	4190	1.7609	1.2676	2.2101	5.4314	11.7737	1.0
0	4195	4.0347	1.498	1.8669	7.056	11.7737	1.0
0	4200	1.1331	1.0647	3.12	9.1947	11.7737	1.0
0	4205	0.9094	0.8665	4.0384	8.5667	7.6898	1.0
0	4210	1.0637	1.0531	2.8725	1.0667	9.171	1.0
0	4215	1.639	2.081	3.4765	2.2818	7.3583	1.0
0	4220	1.639	1.2086	4.2822	5.0446	9.4121	1.0
0	4225	2.1304	1.2221	4.9068	5.9931	9.4121	1.0
0	4230	2.7333	1.4476	3.2289	5.3179	2.6969	1.0
0	4235	1.4686	0.7109	3.9319	11.8233	10.4228	1.0
0	4240	2.041	1.6216	3.1511	11.8441	0.2505	1.0
0	4245	1.9092	2.7695	3.5498	11.8441	4.8857	1.0
0	4250	1.283	3.3596	2.9463	11.6763	3.4946	1.0
0	4255	1.9351	3.3596	3.0485	11.6763	7.3126	1.0
0	4260	1.5878	1.783	3.5296	11.6763	3.1073	1.0
0	4265	2.3138	0.8096	2.7917	11.6763	2.0461	1.0
0	4270	1.6822	2.0053	2.4187	4.78	8.6746	1.0
0	4275	1.7675	1.6949	2.6848	10.5939	11.8144	1.0
0	4280	3.1789	1.6949	2.5603	10.113	11.8144	1.0
0	4285	2.511	0.7191	2.9284	7.429	3.8832	1.0
0	4290	1.6307	1.245	4.6446	7.2264	10.5982	1.0
0	4295	1.3218	0.1998	4.0114	5.8795	9.431	1.0
0	4300	0.5388	0.0727	5.3554	5.6944	11.7927	1.0
0	4305	1.4658	0.2025	3.352	6.8725	9.7995	1.0
0	4310	0.7689	0.2847	3.9446	9.3781	6.8302	1.0
0	4315	1.8156	1.2996	2.6629	2.3322	6.916	1.0
0	4320	1.6007	2.0406	3.3666	5.6065	2.0675	1.0
0	4325	0.8534	2.5648	2.3988	3.2933	8.1997	1.0
0	4330	2.2755	2.8971	2.0039	3.2174	10.5997	1.0
0	4335	2.8725	2.7949	1.9923	3.9295	9.4083	1.0
0	4340	1.3671	2.7949	2.2837	4.0993	9.4083	1.0
0	4345	1.2935	2.4986	2.176	1.9514	4.7861	1.0
0	4350	1.2583	8.0787	2.3545	5.0037	10.1398	1.0
0	4355	1.5095	3.4277	2.4892	8.5748	2.5713	1.0
0	4360	2.1429	4.9278	1.9772	7.9511	5.7412	1.0
0	4365	1.8344	4.9278	2.6442	7.6175	5.2547	1.0
0	4370	1.4399	9.2866	3.3332	2.0654	7.4277	1.0
0	4375	2.294	5.9002	2.3886	5.2973	5.7143	1.0
0	4380	2.294	5.3378	2.9012	7.0777	10.5111	1.0
0	4385	0.7607	1.8901	2.5876	0.9972	11.9995	1.0
0	4390	1.1523	1.2247	2.5011	6.3585	7.7149	1.0
0	4395	1.3827	2.2165	3.1764	7.5689	7.7149	1.0
0	4400	1.1291	1.0389	2.6674	5.6324	9.751	1.0
0	4405	0.7368	0.3494	2.7069	11.588	2.6512	1.0
0	4410	2.2001	0.5003	3.0042	11.588	1.7813	1.0
0	4415	1.7973	0.9821	5.3717	8.0377	4.0465	1.0
0	4420	1.1851	0.4784	5.5686	5.3665	8.1371	1.0
0	4425	2.1252	1.064	4.2244	2.6407	10.9745	1.0
0	4430	2.086	2.7845	2.6442	3.5777	2.7658	1.0
0	4435	1.3696	1.6242	2.9069	6.2523	1.9902	1.0
0	4440	1.7761	3.2183	4.2944	2.9858	0.4755	1.0
0	4445	2.0909	3.5516	3.284	2.1763	0.5857	1.0
0	4450	2.1264	3.5516	2.2378	0.313	4.1314	1.0
0	4455	1.4848	2.7571	3.2252	1.1212	11.3032	1.0
0	4460	1.969	2.016	2.3376	10.8731	7.9474	1.0
0	4465	1.1578	0.7997	3.0693	5.919	11.5464	1.0
0	4470	2.0846	0.3633	4.1089	6.2479	0.7538	1.0
0	4475	3.2498	0.3119	4.67	10.0844	0.1275	1.0
0	4480	3.5374	1.4482	5.0051	10.2926	0.9858	1.0
0	4485	1.8188	0.8128	2.8107	6.5685	9.1332	1.0
0	4490	1.6809	1.2271	2.6495	3.4231	9.0529	1.0
0	4495	1.463	0.4407	3.5529	3.4231	10.0743	1.0
0	4500	1.6804	0.4633	3.1	7.0279	6.5084	1.0
0	4505	2.6628	2.3817	2.8032	9.2349	6.5678	1.0
0	4510	0.868	2.8012	2.2965	9.2349	4.1359	1.0
0	4515	0.5399	2.9259	2.3011	5.9612	9.9654	1.0
0	4520	1.5926	9.3311	2.4648	3.7125	6.9527	1.0
0	4525	0.6537	7.4234	3.108	1.3376	7.4725	1.0
0	4530	0.8882	5.0771	2.7344	1.9902	8.494	1.0
0	4535	0.9345	4.4827	2.6957	8.6421	8.494	1.0
0	4540	1.875	7.7304	2.1291	11.8016	10.7791	1.0
0	4545	1.315	3.3313	2.4067	11.8016	7.2065	1.0
0	4550	2.7629	5.9816	1.9576	8.285	7.9837	1.0
0	4555	1.2878	3.3623	2.7361	10.0311	7.9778	1.0
0	4560	0.9967	1.8166	3.6945	9.3418	10.7752	1.0
0	4565	1.1145	0.9971	2.9941	9.078	10.7752	1.0
0	4570	2.2951	0.9971	3.1333	8.5861	7.6439	1.0
0	4575	0.8297	1.4519	2.5818	5.2598	4.8001	1.0
0	4580	1.4993	1.3119	2.5818	10.3041	5.9264	1.0
0	4585	1.8084	1.1643	2.3534	1.0549	10.6889	1.0
0	4590	1.8	1.1924	2.0427	0.5231	10.6889	1.0
0	4595	2.5195	1.8367	2.1381	0.4897	4.7206	1.0
0	4600	2.1223	2.9624	2.4335	0.5864	3.9326	1.0
0	4605	2.0738	4.7589	3.0201	1.7946	6.2588	1.0
0	4610	0.7855	2.2947	3.6996	3.3047	9.6136	1.0
0	4615	1.8293	4.8724	2.5094	10.9867	8.6848	1.0
0	4620	1.258	5.6892	2.2179	10.9366	3.2643	1.0
0	4625	0.7188	2.9168	2.586	10.9366	8.5364	1.0
0	4630	0.7188	2.3812	2.834	6.3506	10.6068	1.0
0	4635	1.3499	1.2229	3.1531	2.003	7.2963	1.0
0	4640	1.0097	1.6497	3.9952	8.3404	1.2086	1.0
0	4645	1.4215	0.6114	5.7266	1.2718	5.0325	1.0
0	4650	2.1442	1.3294	5.2227	0.1128	9.7622	1.0
0	4655	2.8703	0.5939	5.3539	0.1304	5.4615	1.0
0	4660	3.4641	1.5963	2.6385	0.1155	3.7137	1.0
0	4665	1.4287	1.6374	3.3709	1.8387	4.9021	1.0
0	4670	1.732	1.6136	2.9528	0.5015	6.589	1.0
0	4675	1.2964	2.0482	2.8909	3.1376	0.8416	1.0
0	4680	0.7781	2.0482	2.8409	5.2675	3.1047	1.0
0	4685	2.7893	2.3852	2.5726	6.9823	8.3496	1.0
0	4690	2.1626	2.3852	2.5933	10.5512	5.4997	1.0
0	4695	1.1805	2.0191	2.9058	11.1373	3.7362	1.0
0	4700	1.7114	2.9697	2.6748	5.2691	3.5217	1.0
0	4705	1.9306	2.9697	1.5362	7.9428	7.971	1.0
0	4710	1.8697	3.1164	2.5881	9.1745	8.5956	1.0
0	4715	1.3555	2.0473	3.1731	11.5016	10.6865	1.0
0	4720	2.0604	2.078	1.6675	3.4192	11.2988	1.0
0	4725	1.5952	1.1575	2.2241	6.955	11.2988	1.0
0	4730	1.2199	2.0766	4.172	2.3825	7.6917	1.0
0	4735	1.9224	1.295	3.1226	7.1976	4.8503	1.0
0	4740	1.305	1.1251	2.7754	11.8509	4.8254	1.0
0	4745	1.442	0.7564	3.8101	11.891	4.7536	1.0
0	4750	1.2444	0.8112	3.4263	9.8789	9.92	1.0
0	4755	1.7841	0.5786	3.3364	7.3315	4.4081	1.0
0	4760	2.478	0.7238	3.8489	2.7575	4.7342	1.0
0	4765	1.751	1.7158	3.1199	3.1427	9.7761	1.0
0	4770	1.751	2.1978	2.2975	6.2787	9.7761	1.0
0	4775	1.329	0.8083	2.3388	7.5819	10.4085	1.0
0	4780	1.136	0.8083	2.1586	10.4553	1.4641	1.0
0	4785	2.8912	0.5549	3.6605	4.6803	8.4659	1.0
0	4790	2.3967	1.1195	2.7475	6.0936	8.4659	1.0
0	4795	1.5955	1.1823	2.4958	4.9863	3.3805	1.0
0	4800	1.6724	2.2019	2.3598	6.035	3.5027	1.0
0	4805	1.5295	2.4358	4.3402	5.2944	9.9189	1.0
0	4810	1.9436	3.9533	2.7649	8.727	9.5577	1.0
0	4815	2.1617	3.1472	2.3519	3.4248	9.3853	1.0
0	4820	1.8329	3.1645	2.0383	5.5199	9.3853	1.0
0	4825	0.7276	1.2647	3.3892	7.3926	8.4379	1.0
0	4830	3.8811	1.2647	4.0179	5.7986	2.8557	1.0
0	4835	3.1733	1.2108	3.9137	5.7249	5.8349	1.0
0	4840	1.4626	0.7809	4.4965	3.5922	4.8828	1.0
0	4845	1.6847	1.0868	3.8976	2.1214	9.8278	1.0
0	4850	1.5663	0.2672	3.2345	10.7139	6.9227	1.0
0	4855	0.6859	0.5301	2.8595	10.0071	4.81	1.0
0	4860	2.8085	1.7129	3.0449	7.6825	0.8816	1.0
0	4865	1.2988	4.389	2.4555	7.3448	1.2241	1.0
0	4870	0.9352	2.5958	3.2839	11.1131	1.8851	1.0
0	4875	1.2265	2.4005	2.2351	10.223	3.9452	1.0
0	4880	1.4155	3.2733	3.126	3.4068	4.092	1.0
0	4885	1.5847	1.9337	5.1443	5.6326	1.2291	1.0
0	4890	2.3425	2.153	4.4192	1.62	1.2323	1.0
0	4895	1.5552	1.1247	2.8876	11.6139	9.3697	1.0
0	4900	1.3747	0.4178	3.4073	11.5832	1.7056	1.0
0	4905	2.6006	0.3974	2.8023	11.5832	1.8036	1.0
0	4910	3.3109	1.2637	2.7195	6.5245	4.7024	1.0
0	4915	1.1889	0.4911	2.5709	4.8301	6.9915	1.0
0	4920	1.2352	0.3453	4.3867	9.6608	5.8238	1.0
0	4925	1.6978	1.6898	4.3867	4.504	3.9193	1.0
0	4930	1.3566	1.1601	3.1903	6.061	2.6794	1.0
0	4935	1.5972	0.7123	3.8811	3.3116	1.65	1.0
0	4940	3.9943	2.1078	4.0147	5.3904	1.4413	1.0
0	4945	1.0432	1.7791	2.6696	4.3529	6.7588	1.0
0	4950	3.1112	2.6402	2.5974	2.7941	9.2317	1.0
0	4955	0.9578	2.5444	2.6229	0.3823	5.5929	1.0
0	4960	1.3885	2.2057	3.2259	10.8917	0.806	1.0
0	4965	1.0992	3.5144	3.0613	1.6516	0.3287	1.0
0	4970	3.3024	7.6869	1.8341	10.8029	0.5086	1.0
0	4975	2.848	5.9327	1.5001	4.6172	3.2876	1.0
0	4980	2.2025	5.9327	2.1829	0.871	3.5814	1.0
0	4985	1.5752	8.0895	1.8201	0.7953	4.8306	1.0
0	4990	1.645	8.0895	2.187	0.5755	2.0911	1.0
0	4995	1.089	8.7637	2.7084	11.1873	3.6487	1.0
0	5000	2.0737	9.3457	3.1819	11.7027	3.8466	1.0
0	5005	2.7735	9.3457	2.3266	9.3385	8.2332	1.0
0	5010	2.2764	8.598	1.9335	9.8837	1.3613	1.0
0	5015	2.3307	8.4112	2.5423	0.9685	7.8628	1.0
0	5020	2.0915	9.5826	3.853	1.7359	10.3994	1.0
0	5025	2.5798	5.7442	2.0647	0.3477	10.3994	1.0
0	5030	1.3701	5.7442	2.7361	3.6598	5.3224	1.0
0	5035	2.0562	7.1673	2.5311	10.8847	7.7248	1.0
0	5040	2.2366	5.3996	2.6161	11.5772	4.9549	1.0
0	5045	1.0936	5.6025	2.3612	4.9792	8.8103	1.0
0	5050	1.1074	4.9674	3.3072	4.4795	9.8452	1.0
0	5055	2.2833	5.2595	3.0966	4.297	8.7489	1.0
0	5060	2.0222	0.5689	3.2355	10.4974	1.9412	1.0
0	5065	2.8996	1.2768	3.6035	6.1352	1.8263	1.0
0	5070	1.4422	1.2884	4.6217	4.4854	0.9573	1.0
0	5075	2.3626	1.4428	2.8126	4.3121	2.3883	1.0
0	5080	2.4269	2.4037	3.7109	9.7572	2.2618	1.0
0	5085	2.4341	2.0863	5.7334	2.121	2.7923	1.0
0	5090	1.8879	0.8467	5.3099	4.4769	2.7923	1.0
0	5095	0.9569	3.2813	3.4773	5.9632	0.954	1.0
0	5100	1.8772	2.516	3.5476	1.1709	6.1187	1.0
0	5105	3.2138	1.656	2.1202	0.8027	7.7486	1.0
0	5110	2.7676	2.1705	1.6641	1.725	6.2794	1.0
0	5115	1.6394	1.5984	1.8783	0.5194	9.618	1.0
0	5120	2.138	0.9547	3.5175	2.8817	8.9954	1.0
0	5125	0.7891	1.1124	2.9074	6.6041	5.3046	1.0
0	5130	1.8196	0.8885	3.7283	2.3928	3.0839	1.0
0	5135	2.5618	2.2621	4.7431	7.0214	0.5998	1.0
0	5140	1.0942	0.8844	4.9406	9.6716	8.8001	1.0
0	5145	0.3379	0.2173	3.403	10.9995	6.4671	1.0
0	5150	2.6203	0.6072	5.0931	4.3577	5.7097	1.0
0	5155	3.0876	0.5739	3.6083	4.1786	7.9863	1.0
0	5160	1.1099	1.5404	3.1584	6.4662	1.9484	1.0
0	5165	2.6499	1.0343	2.3092	0.4623	11.2127	1.0
0	5170	3.0716	3.8403	2.3004	2.074	7.4671	1.0
0	5175	3.1294	3.3334	2.655	2.1866	4.7551	1.0
0	5180	1.2441	3.0795	2.3166	3.6384	2.5751	1.0
0	5185	1.3453	3.0795	3.1687	11.1674	9.9195	1.0
0	5190	1.3699	3.6492	2.6928	11.3789	11.6922	1.0
0	5195	1.1918	3.0518	2.8778	11.6295	11.6922	1.0
0	5200	0.6173	3.2862	2.2335	11.4999	11.5849	1.0
0	5205	1.7288	3.2455	2.522	9.774	8.5773	1.0
0	5210	1.077	1.754	2.8291	10.5241	11.7947	1.0
0	5215	1.0551	0.7722	2.6479	10.5241	11.7947	1.0
0	5220	1.6007	0.4649	2.8293	10.5241	4.6047	1.0
0	5225	1.9571	0.5145	3.3466	4.6445	5.7568	1.0
0	5230	2.0405	2.0195	3.323	3.3362	7.2371	1.0
0	5235	0.6913	1.4586	3.8024	3.931	8.3072	1.0
0	5240	0.9891	1.8439	3.2775	6.9163	7.9852	1.0
0	5245	1.1253	2.0492	3.0438	10.4994	6.9086	1.0
0	5250	1.4998	5.1889	3.0012	10.4994	5.691	1.0
0	5255	0.8597	9.086	2.4816	1.5979	0.8092	1.0
0	5260	1.1177	6.0921	3.0812	3.7335	0.1257	1.0
0	5265	1.2237	6.4038	3.5126	1.1649	0.2873	1.0
0	5270	1.1996	6.4038	3.3005	7.8914	2.4602	1.0
0	5275	1.7661	2.9715	2.1198	9.438	7.0612	1.0
0	5280	1.983	5.1294	2.2133	6.9821	1.0795	1.0
0	5285	1.3017	7.7087	2.6161	4.1459	9.3281	1.0
0	5290	1.4374	6.355	2.3995	8.2881	9.0346	1.0
0	5295	1.1133	4.404	2.7012	8.2881	2.8784	1.0
0	5300	2.5174	4.5523	2.9984	0.7777	10.0031	1.0
0	5305	1.0543	2.111	2.6492	3.1361	8.2631	1.0
0	5310	1.7568	2.6125	2.2758	5.1896	0.26	1.0
0	5315	2.2471	4.5468	2.7016	0.6726	1.4273	1.0
0	5320	0.5309	7.184	3.1264	5.1578	0.3219	1.0
0	5325	1.5683	2.9856	5.0895	6.3652	1.0701	1.0
0	5330	2.1564	0.4503	5.0607	3.8779	0.1241	1.0
0	5335	3.1146	0.2464	3.4382	5.7111	1.6484	1.0
0	5340	5.081	0.0856	2.3612	5.805	2.779	1.0
0	5345	3.3419	0.7937	4.2467	10.3575	3.6795	1.0
0	5350	3.9036	0.6581	4.4021	11.3644	4.4808	1.0
0	5355	3.0442	0.5057	3.4023	2.3428	2.2983	1.0
0	5360	0.8359	2.7447	4.6937	1.4596	2.561	1.0
0	5365	1.1568	1.6459	3.797	4.6438	3.0849	1.0
0	5370	1.7213	1.4231	4.0599	9.8747	3.1307	1.0
0	5375	1.4219	0.9659	3.2627	3.4295	5.5997	1.0
0	5380	1.4031	1.6498	3.9853	7.6365	11.1193	1.0
0	5385	2.337	2.0361	3.8533	9.4325	7.9376	1.0
0	5390	0.8601	4.178	2.1581	9.554	9.6166	1.0
0	5395	1.6716	2.4788	3.7164	10.3215	9.0826	1.0
0	5400	0.633	2.4788	3.7164	4.0339	7.2041	1.0
0	5405	1.302	3.2432	3.0294	11.7965	10.1792	1.0
0	5410	0.4518	2.9633	3.5963	11.7965	6.6682	1.0
0	5415	1.7626	3.1316	3.0252	11.7965	9.5287	1.0
0	5420	1.2784	2.1323	2.6785	2.2307	10.8778	1.0
0	5425	1.2974	2.2466	3.4313	1.8604	3.1591	1.0
0	5430	2.4845	2.611	3.0425	4.3078	10.7462	1.0
0	5435	0.9459	1.2019	3.0425	2.9213	8.9418	1.0
0	5440	2.4303	1.6301	2.5027	3.6269	8.9418	1.0
0	5445	1.9685	2.3683	2.5793	3.5211	7.508	1.0
0	5450	1.1739	3.0452	2.4703	2.3027	8.4785	1.0
0	5455	1.2635	5.4236	1.968	8.9665	8.4785	1.0
0	5460	2.4474	0.8587	2.5428	11.5059	8.4785	1.0
0	5465	1.6507	1.8474	3.2525	10.5747	7.4798	1.0
0	5470	2.1142	1.7797	3.0767	11.3441	4.4964	1.0
0	5475	0.9403	1.7092	3.4857	3.7325	3.2036	1.0
0	5480	1.2172	1.2302	3.6025	5.2563	6.7724	1.0
0	5485	0.9587	2.7346	2.8855	0.3532	7.6044	1.0
0	5490	1.4852	1.9655	2.6091	0.9585	2.3942	1.0
0	5495	3.5141	4.7638	3.0239	1.1953	0.2786	1.0
0	5500	2.0965	4.8445	2.5776	1.2658	4.676	1.0
0	5505	0.8162	9.8007	3.0041	7.3695	6.8598	1.0
0	5510	1.4891	5.3257	3.771	8.3404	9.553	1.0
0	5515	2.7535	7.596	1.4456	0.3265	9.253	1.0
0	5520	2.4561	6.1894	2.5122	0.2417	4.0994	1.0
0	5525	1.3758	5.4325	2.4253	0.4579	1.746	1.0
0	5530	1.2148	5.2695	3.8071	5.196	3.2782	1.0
0	5535	1.2831	5.1483	2.4817	7.2533	9.9058	1.0
0	5540	1.7154	3.0142	2.5653	9.7963	5.9791	1.0
0	5545	0.8601	3.0142	2.5155	5.2668	1.0627	1.0
0	5550	1.2313	2.8505	2.4438	2.3765	3.8162	1.0
0	5555	1.7989	2.1495	3.1774	5.4685	1.426	1.0
0	5560	2.8063	1.083	3.4851	3.106	11.0142	1.0
0	5565	1.7004	1.2754	2.4491	3.1539	10.8691	1.0
0	5570	1.6215	1.4851	3.0201	2.6005	10.2443	1.0
0	5575	1.8558	0.6025	3.9848	3.6339	8.796	1.0
0	5580	1.5063	0.5169	3.1568	9.09	4.1922	1.0
0	5585	3.3199	0.8707	3.2739	9.09	3.2497	1.0
0	5590	4.6567	0.3437	2.6635	6.4742	10.765	1.0
0	5595	1.3933	0.3479	2.6783	2.0829	7.5837	1.0
0	5600	2.0967	0.9776	3.1639	5.259	3.4382	1.0
0	5605	1.2869	2.0499	3.4808	1.9179	6.265	1.0
0	5610	1.5519	2.0006	3.0317	4.265	6.6635	1.0
0	5615	0.8411	1.7676	3.7558	6.6053	7.6623	1.0
0	5620	1.1894	4.758	2.5691	4.8686	11.8063	1.0
0	5625	2.3933	3.6726	2.1281	1.2057	6.8322	1.0
0	5630	0.776	7.5003	3.2301	7.093	10.9597	1.0
0	5635	1.4773	8.8576	3.4722	9.6941	10.9597	1.0
0	5640	0.8289	5.3876	3.7193	10.6384	10.717	1.0
0	5645	0.8509	6.7269	3.8378	8.1708	5.8537	1.0
0	5650	1.1996	7.4923	2.6076	0.6549	6.9462	1.0
0	5655	1.154	9.9715	2.971	7.0571	5.2858	1.0
0	5660	2.107	5.7756	3.1294	11.1592	4.3904	1.0
0	5665	0.7467	4.7076	4.1361	11.1592	1.2956	1.0
0	5670	1.0438	1.5691	4.0609	1.034	1.4146	1.0
0	5675	2.1235	2.064	1.966	7.402	7.2829	1.0
0	5680	2.8566	1.4287	3.7438	4.3003	3.8194	1.0
0	5685	1.1152	2.3572	4.8109	2.7216	2.0136	1.0
0	5690	0.5852	0.737	3.25	10.622	5.8612	1.0
0	5695	3.512	0.0546	3.1058	8.74	2.6718	1.0
0	5700	2.7254	0.0902	2.4554	2.3406	8.5358	1.0
0	5705	2.8209	0.2097	2.4503	1.1369	10.635	1.0
0	5710	1.5142	0.9394	3.7264	6.0127	3.3945	1.0
0	5715	2.005	1.1656	3.1826	2.7973	2.6881	1.0
0	5720	2.9737	1.1656	3.4256	0.4474	1.4235	1.0
0	5725	3.375	1.072	2.0556	7.07	7.0042	1.0
0	5730	2.1105	1.1388	2.0556	10.6038	4.8154	1.0
0	5735	2.0115	0.6503	2.5195	9.3376	10.6009	1.0
0	5740	0.5074	0.3954	3.3353	5.0762	10.0682	1.0
0	5745	0.5134	0.5882	4.0677	7.3247	10.4447	1.0
0	5750	0.4443	0.9314	3.0604	8.2565	8.287	1.0
0	5755	1.0089	0.665	4.2263	11.1929	4.4365	1.0
0	5760	0.6111	0.4751	3.6216	6.0668	4.8955	1.0
0	5765	0.9808	1.303	3.6433	8.4315	6.2364	1.0
0	5770	1.6868	2.7757	3.6433	4.429	1.0164	1.0
0	5775	1.6868	3.7524	2.8827	4.4035	6.3494	1.0
0	5780	1.1548	4.0668	2.3926	6.3533	7.6349	1.0
0	5785	1.6789	2.4634	3.4703	10.9226	9.7248	1.0
0	5790	1.1916	3.1577	3.353	8.0172	7.2154	1.0
0	5795	2.3113	0.7827	4.2722	11.1314	10.6485	1.0
0	5800	1.3495	0.7009	3.3903	11.1314	10.6485	1.0
0	5805	1.1731	0.26	2.9034	10.2895	8.9205	1.0
0	5810	0.9626	0.5913	3.2971	10.2895	7.0597	1.0
0	5815	1.6387	1.0047	3.6556	10.2895	7.43	1.0
0	5820	1.4962	0.3839	2.675	8.6442	6.243	1.0
0	5825	1.3859	1.3595	4.3502	6.3905	4.816	1.0
0	5830	0.9901	0.7174	3.7719	10.6365	5.5337	1.0
0	5835	0.9361	1.5596	2.5649	7.5314	3.9289	1.0
0	5840	0.722	2.0651	2.6011	9.0641	3.1839	1.0
0	5845	1.0546	3.7664	2.7596	1.7388	2.0981	1.0
0	5850	2.0123	3.7664	2.2306	3.3401	5.8405	1.0
0	5855	1.2639	2.9417	2.4482	3.4208	8.8878	1.0
0	5860	1.9304	2.576	2.4192	4.2835	8.8878	1.0
0	5865	1.1558	2.1513	2.3691	9.6433	9.9228	1.0
0	5870	1.3573	2.0231	2.134	4.7601	2.108	1.0
0	5875	1.332	1.9361	2.2155	0.3783	2.6866	1.0
0	5880	1.7165	2.6853	1.9443	0.6777	9.3628	1.0
0	5885	0.7563	2.1451	3.2331	3.2584	3.9659	1.0
0	5890	0.9035	4.0159	2.6949	4.7563	10.7428	1.0
0	5895	0.5919	4.1014	2.1977	2.6857	11.0919	1.0
0	5900	2.2972	4.2963	3.3886	11.0142	6.6135	1.0
0	5905	2.2972	2.189	2.9125	6.2028	3.358	1.0
0	5910	1.281	2.8385	2.4245	9.5205	7.7772	1.0
0	5915	1.4762	3.5477	2.8271	9.5205	11.0592	1.0
0	5920	0.7805	8.3723	2.1349	2.5209	7.3721	1.0
0	5925	1.2541	8.0726	2.6727	11.3699	6.7026	1.0
0	5930	1.0689	4.3991	3.0544	3.9653	8.435	1.0
0	5935	1.4454	3.2025	3.0899	5.437	7.3966	1.0
0	5940	1.9608	2.6298	3.0899	9.722	4.0682	1.0
0	5945	1.2326	6.5133	2.4789	5.3697	0.5259	1.0
0	5950	1.1123	4.6504	1.5588	10.7685	11.1331	1.0
0	5955	4.5001	1.123	1.8738	6.1478	11.1331	1.0
0	5960	4.669	1.0292	2.6428	9.2003	11.1331	1.0
0	5965	2.8385	1.5567	2.9035	3.4669	4.9336	1.0
0	5970	1.9505	1.5567	2.8876	5.5859	1.4917	1.0
0	5975	0.4571	2.365	3.8193	8.237	2.3443	1.0
0	5980	0.4285	3.1266	4.6934	2.3659	7.191	1.0
0	5985	1.2817	1.7313	4.3426	6.8694	7.191	1.0
0	5990	2.1823	1.8157	3.6283	11.118	3.8011	1.0
0	5995	0.6702	1.5969	3.8519	10.5701	9.386	1.0
0	6000	2.1487	1.295	2.7785	5.26	10.4516	1.0
0	6005	0.9309	2.2844	3.6162	5.26	5.7287	1.0
0	6010	3.5377	1.5706	2.2306	0.8985	7.5892	1.0
0	6015	1.1413	0.8459	2.6183	2.1616	1.2662	1.0
0	6020	2.2705	1.09	2.4693	1.2167	3.9048	1.0
0	6025	1.2916	1.8914	2.3594	3.8471	11.9162	1.0
0	6030	3.0882	1.4081	3.1956	1.4047	7.112	1.0
0	6035	3.4908	0.2314	3.422	5.2816	8.0126	1.0
0	6040	2.7711	0.3563	3.5405	11.1813	8.4172	1.0
0	6045	1.6538	0.6635	3.6227	2.4659	5.2121	1.0
0	6050	1.6538	0.5597	4.0247	4.9152	10.0364	1.0
0	6055	1.6538	1.166	4.193	4.6471	4.0131	1.0
0	6060	2.1706	0.6566	4.4297	4.2227	8.0643	1.0
0	6065	3.4518	2.9021	2.3437	1.3074	0.7165	1.0
0	6070	1.8951	1.8972	2.4618	3.3512	5.8329	1.0
0	6075	3.2023	2.992	2.9924	3.6331	5.8329	1.0
0	6080	1.0248	2.5897	2.2588	1.6145	6.9533	1.0
0	6085	1.1005	2.5897	3.5968	1.4117	4.0041	1.0
0	6090	0.6163	2.4362	3.3645	3.7687	11.162	1.0
0	6095	0.9799	2.4362	2.4215	8.3364	8.9073	1.0
0	6100	2.3496	1.8363	3.194	9.855	1.1208	1.0
0	6105	2.4475	0.9069	3.2342	9.855	2.1089	1.0
0	6110	1.6438	3.356	3.4344	9.0076	1.3741	1.0
0	6115	0.9998	3.356	3.1161	11.1624	8.6955	1.0
0	6120	1.3034	3.5569	2.2478	8.3217	8.6175	1.0
0	6125	2.2596	6.7277	2.2659	5.354	3.1736	1.0
0	6130	0.6821	5.9163	2.4187	2.8592	5.2005	1.0
0	6135	2.063	6.7994	2.2447	4.8837	3.2629	1.0
0	6140	1.0752	3.4026	1.6118	0.1878	2.4159	1.0
0	6145	2.6335	3.1413	2.9421	0.1768	6.0775	1.0
0	6150	1.0984	4.5956	2.3728	0.5581	9.7504	1.0
0	6155	1.3356	6.9726	2.5508	5.4234	9.7504	1.0
0	6160	1.5037	4.0771	4.2229	9.1102	9.7504	1.0
0	6165	1.0356	6.0539	2.6963	2.6976	8.7343	1.0
0	6170	0.6655	4.8653	2.3377	1.4632	5.6187	1.0
0	6175	1.7185	4.3568	2.798	1.4677	8.4028	1.0
0	6180	1.6675	4.3568	3.3321	10.1987	9.7754	1.0
0	6185	1.4534	3.0542	2.4312	8.3402	8.0136	1.0
0	6190	1.4534	2.7848	2.8876	8.071	4.7827	1.0
0	6195	2.2723	4.9312	3.7148	8.4949	3.3729	1.0
0	6200	0.8715	3.9995	3.2232	6.6121	1.8563	1.0
0	6205	1.5647	5.1613	2.7521	0.9252	2.9927	1.0
0	6210	1.2686	5.0578	2.6343	10.0823	3.3195	1.0
0	6215	2.4659	5.0766	2.4874	11.1371	1.5041	1.0
0	6220	1.3463	4.2123	2.0264	11.8611	3.188	1.0
0	6225	1.1184	7.4941	2.5412	11.8611	1.0557	1.0
0	6230	1.0795	7.4941	2.256	6.0519	0.7154	1.0
0	6235	1.1627	3.902	5.2777	9.3037	2.9762	1.0
0	6240	0.5896	3.934	3.6922	11.9836	2.6543	1.0
0	6245	1.8024	4.2199	2.5516	5.5106	1.0292	1.0
0	6250	1.9337	4.2199	2.8132	10.0567	1.5124	1.0
0	6255	0.7042	4.7692	2.7973	1.2168	3.4443	1.0
0	6260	1.7861	6.2539	2.2477	3.2246	5.382	1.0
0	6265	2.0092	8.6332	1.9299	3.9523	8.7013	1.0
0	6270	1.0676	4.4909	2.8603	11.6979	3.5669	1.0
0	6275	1.1193	2.6587	3.468	11.9325	9.3255	1.0
0	6280	1.8943	1.5902	3.671	11.9325	2.8014	1.0
0	6285	1.8787	0.4106	3.1879	10.3074	1.3198	1.0
0	6290	1.959	0.8778	3.7836	5.4242	3.9003	1.0
0	6295	1.6064	2.6761	2.9399	11.7387	2.7972	1.0
0	6300	1.3536	1.9213	3.0488	11.7387	4.6007	1.0
0	6305	1.2	0.848	4.1309	11.7387	8.74	1.0
0	6310	0.6508	0.5652	4.4144	11.7387	2.243	1.0
0	6315	2.1895	0.7098	4.1193	11.7387	0.783	1.0
0	6320	2.0017	5.5058	3.6255	9.5038	0.4028	1.0
0	6325	1.5985	8.2965	2.3084	0.6774	4.3904	1.0
0	6330	1.3424	4.4634	2.6047	2.4473	5.6511	1.0
0	6335	1.0215	6.5241	2.4563	5.9348	3.7339	1.0
0	6340	1.9436	2.5288	3.2128	3.8376	4.1611	1.0
0	6345	1.054	0.9633	3.3843	4.4483	4.1611	1.0
0	6350	1.0514	0.6449	3.0353	4.7531	7.4942	1.0
0	6355	2.5075	0.5635	2.6701	1.5132	9.3292	1.0
0	6360	3.0651	1.1035	3.7158	2.4329	10.9713	1.0
0	6365	2.5663	1.5443	2.6265	3.8064	5.2922	1.0
0	6370	2.5663	1.4761	3.0003	11.6144	5.0402	1.0
0	6375	2.4926	2.5618	3.0003	3.4755	4.1925	1.0
0	6380	2.5845	3.0704	2.3777	4.0692	9.8419	1.0
0	6385	3.6117	2.6844	1.8652	3.289	5.8927	1.0
0	6390	2.3278	1.338	2.959	7.0778	8.8154	1.0
0	6395	1.3856	1.4748	2.9917	4.8239	10.5912	1.0
0	6400	0.8902	0.471	3.7159	6.0011	5.3548	1.0
0	6405	1.9203	2.7299	2.1942	4.1257	6.7762	1.0
0	6410	1.5365	1.4356	2.6485	7.6286	5.8276	1.0
0	6415	0.8311	1.3856	3.424	0.45	6.7351	1.0
0	6420	2.2773	1.6646	3.189	6.1402	11.1044	1.0
0	6425	2.555	1.3519	3.189	1.9968	11.1044	1.0
0	6430	2.3178	2.179	3.12	6.2841	4.4465	1.0
0	6435	1.5715	2.7383	2.4657	2.6472	5.6777	1.0
0	6440	3.4503	2.9084	1.4883	0.8702	4.9227	1.0
0	6445	2.6758	3.4314	2.3933	1.8466	11.6198	1.0
0	6450	1.69	3.5809	2.078	3.7145	10.5982	1.0
0	6455	2.2801	1.9925	2.6235	7.6134	7.7361	1.0
0	6460	2.7034	2.7581	2.4149	2.7199	1.257	1.0
0	6465	2.2443	2.6909	3.0004	3.5004	0.6288	1.0
0	6470	1.5694	2.1763	3.4362	2.3474	1.0999	1.0
0	6475	1.5596	2.2132	3.0055	3.1214	0.5261	1.0
0	6480	0.5988	5.2032	3.6212	11.8125	2.09	1.0
0	6485	1.8112	6.8388	3.1714	7.7784	2.1465	1.0
0	6490	1.6801	6.8399	4.6388	6.6789	1.5129	1.0
0	6495	1.6221	8.9581	1.8228	5.6645	1.3117	1.0
0	6500	1.0532	9.6337	2.0096	5.3309	0.7716	1.0
0	6505	1.5205	3.1231	2.6406	1.8111	10.6629	1.0
0	6510	0.4879	3.9233	2.3649	1.8445	10.6629	1.0
0	6515	2.2675	1.0786	2.1657	2.2833	7.2253	1.0
0	6520	2.3359	2.0177	2.4693	1.8997	2.6975	1.0
0	6525	2.4277	5.0799	2.0173	11.7239	4.2483	1.0
0	6530	1.5251	4.4516	2.8775	4.4306	11.1407	1.0
0	6535	0.8653	5.5989	2.7791	4.1146	6.5793	1.0
0	6540	1.0331	5.5989	2.4287	3.7808	2.9957	1.0
0	6545	1.1413	2.9832	2.9083	1.0986	5.1493	1.0
0	6550	2.0385	3.9269	4.1317	2.0424	10.9222	1.0
0	6555	0.953	4.2998	2.5673	2.6505	5.6146	1.0
0	6560	0.6976	8.3487	2.9245	6.2553	10.748	1.0
0	6565	1.0257	8.7019	2.6927	9.1946	1.508	1.0
0	6570	1.1496	8.5552	3.5293	7.0659	1.3563	1.0
0	6575	1.6876	8.0069	2.4174	3.5286	6.9128	1.0
0	6580	0.8767	5.0472	2.3126	5.4687	7.9458	1.0
0	6585	0.9884	2.7511	4.0345	10.6884	8.3881	1.0
0	6590	0.9884	3.0497	2.5263	9.6983	6.6025	1.0
0	6595	2.5906	1.9226	3.5121	4.0385	7.3268	1.0
0	6600	2.5906	3.4189	3.2193	7.629	1.9661	1.0
0	6605	2.336	4.6327	2.8372	8.1754	7.091	1.0
0	6610	1.2051	2.8537	3.2351	9.7728	5.0772	1.0
0	6615	2.1599	0.2467	2.9746	4.6329	5.0882	1.0
0	6620	1.107	0.1486	3.4187	8.892	7.0883	1.0
0	6625	1.4261	0.3458	3.7227	6.5925	11.2803	1.0
0	6630	0.7389	0.6265	4.3856	6.5925	3.5522	1.0
0	6635	2.2688	0.8284	4.0923	6.3381	7.3681	1.0
0	6640	2.2293	0.6081	3.1718	7.9276	7.043	1.0
0	6645	3.3982	0.9731	2.3676	9.472	5.4015	1.0
0	6650	2.473	1.4353	2.6941	4.2828	5.9896	1.0
0	6655	2.1558	1.345	3.4269	10.8655	4.4284	1.0
0	6660	2.0312	2.0978	3.6226	8.427	10.6583	1.0
0	6665	1.2973	0.7805	3.6226	8.1946	11.9198	1.0
0	6670	2.9418	0.4051	3.6226	2.7427	11.9198	1.0
0	6675	1.5282	0.3096	4.2021	3.3696	3.8444	1.0
0	6680	2.3747	0.7856	4.2303	11.6777	2.8775	1.0
0	6685	2.2929	1.6675	4.0446	4.1202	5.6147	1.0
0	6690	1.9666	0.8272	2.1306	2.2397	9.8511	1.0
0	6695	2.1267	0.8571	2.1456	10.8523	5.3215	1.0
0	6700	2.982	1.4193	2.8468	5.1277	6.7127	1.0
0	6705	0.9909	2.5655	2.6846	8.2827	5.9559	1.0
0	6710	2.2177	2.9388	2.2493	0.7912	3.5056	1.0
0	6715	2.5066	3.1638	2.1537	1.9073	0.551	1.0
0	6720	2.0928	5.4938	2.4226	10.6516	2.5248	1.0
0	6725	1.5392	5.0134	2.7119	8.009	11.3448	1.0
0	6730	1.0367	9.5425	2.9587	10.5756	11.3448	1.0
0	6735	1.2348	3.1932	2.4382	4.0286	11.3448	1.0
0	6740	1.137	2.7278	1.837	8.0565	3.8638	1.0
0	6745	1.7327	5.8805	2.0507	10.7607	5.9974	1.0
0	6750	1.7634	4.0907	2.7067	2.6513	3.6042	1.0
0	6755	1.1714	8.784	2.8583	6.6928	0.3509	1.0
0	6760	1.4529	8.1354	3.5188	1.6028	6.6983	1.0
0	6765	2.5621	8.1354	2.8191	9.6265	1.0462	1.0
0	6770	2.7248	8.1354	2.1522	5.2541	0.7342	1.0
0	6775	2.3441	8.0484	2.04	4.3937	0.5193	1.0
0	6780	1.7052	4.163	2.3058	7.4868	2.0318	1.0
0	6785	1.2083	2.932	4.3803	1.3949	6.6272	1.0
0	6790	0.7457	2.932	2.5853	2.1516	5.7706	1.0
0	6795	0.9568	2.932	2.1345	2.2299	1.081	1.0
0	6800	1.5216	6.5103	2.1345	5.5538	8.2482	1.0
0	6805	1.5216	3.9908	2.611	10.7304	2.4308	1.0
0	6810	0.9538	2.8362	2.5307	4.3648	3.1869	1.0
0	6815	1.3142	2.5168	2.885	4.2222	10.897	1.0
0	6820	1.3568	2.9116	1.8706	3.3559	10.4287	1.0
0	6825	1.7271	3.9513	2.3084	3.2562	7.0883	1.0
0	6830	1.5407	4.8796	3.5229	5.0791	10.9001	1.0
0	6835	0.8864	3.1505	4.2575	10.8529	10.9001	1.0
0	6840	0.5002	1.3484	4.1126	3.7355	10.9001	1.0
0	6845	1.3417	4.8232	2.7006	5.0052	11.2454	1.0
0	6850	2.8424	3.4027	2.7936	0.3543	7.822	1.0
0	6855	1.5176	1.9865	3.1917	0.5366	7.822	1.0
0	6860	2.2541	1.9865	2.4326	2.2656	8.314	1.0
0	6865	1.3713	1.4482	2.6228	8.0424	5.3229	1.0
0	6870	1.5517	1.4482	3.2669	6.1228	7.8304	1.0
0	6875	1.307	2.3311	2.7449	1.2132	6.3863	1.0
0	6880	1.3644	0.9295	2.7822	7.6741	2.4142	1.0
0	6885	2.3869	1.3731	3.7406	10.2878	9.6654	1.0
0	6890	1.5306	2.9871	3.8365	10.95	8.8005	1.0
0	6895	2.4358	2.9227	2.5471	10.4289	4.048	1.0
0	6900	2.4358	2.4838	2.6896	10.4289	0.4323	1.0
0	6905	1.7727	1.7666	2.5787	3.8109	1.4533	1.0
0	6910	1.947	2.1816	2.1446	1.3259	3.1595	1.0
0	6915	2.1365	2.8975	2.5864	4.0842	6.645	1.0
0	6920	1.7492	1.8309	3.4208	3.5592	4.7931	1.0
0	6925	0.8408	2.6789	3.429	3.494	3.1646	1.0
0	6930	0.8338	2.6789	3.88	6.3275	2.8086	1.0
0	6935	1.1882	3.0768	3.0993	8.8297	3.6734	1.0
0	6940	1.378	2.1967	2.3412	4.442	7.9227	1.0
0	6945	0.9666	1.8945	2.9999	1.3308	6.7835	1.0
0	6950	1.1389	1.8945	2.9079	0.5576	6.8086	1.0
0	6955	1.3377	2.0469	4.3594	0.4062	3.3492	1.0
0	6960	1.6674	2.4904	4.9004	0.2118	3.3519	1.0
0	6965	1.2505	2.2881	3.9166	0.3925	4.9268	1.0
0	6970	1.1899	0.9969	2.8675	8.1192	11.3415	1.0
0	6975	1.1899	1.9774	3.143	8.2613	3.9221	1.0
0	6980	1.5636	0.8381	5.2124	4.8228	0.8197	1.0
0	6985	3.4679	1.3277	3.5252	3.9888	0.3107	1.0
0	6990	3.9894	0.7437	2.8903	7.3319	5.7356	1.0
0	6995	3.1623	0.1997	4.5035	3.6368	5.7494	1.0
0	7000	3.2162	0.4966	4.3809	4.4761	0.6943	1.0
0	7005	3.1619	0.4923	3.6108	7.4346	0.2622	1.0
0	7010	1.71	1.4452	3.4504	6.4052	1.1277	1.0
0	7015	5.9046	7.0899	5.7178	7.0832	0.6795	1.0
0	7020	2.1998	2.4371	3.83	11.0102	0.4541	1.0
0	7025	1.5046	2.9135	3.3359	8.3978	0.8495	1.0
0	7030	1.5937	1.888	3.5335	8.3978	2.3135	1.0
0	7035	2.3849	3.744	2.3839	2.612	6.2761	1.0
0	7040	1.3594	2.4187	3.0471	8.6416	1.764	1.0
0	7045	1.6392	1.0668	3.0268	8.5311	10.2414	1.0
0	7050	1.1814	2.8049	2.7668	11.4521	6.0229	1.0
0	7055	2.0096	4.5218	3.3664	5.1043	3.052	1.0
0	7060	0.5408	2.8219	3.1419	3.1765	5.0493	1.0
0	7065	1.7793	2.0547	3.273	10.0129	11.1145	1.0
0	7070	2.3561	1.8148	4.0625	7.676	4.2049	1.0
0	7075	0.5785	2.1816	3.8381	6.3776	10.0429	1.0
0	7080	1.0507	1.5908	4.5607	1.8992	8.263	1.0
0	7085	2.5513	1.5765	3.7337	5.2869	8.263	1.0
0	7090	1.4383	1.4909	4.0465	9.4601	2.8515	1.0
0	7095	1.9494	5.6939	2.3621	9.4601	5.7688	1.0
0	7100	2.1865	4.6382	2.3955	10.3485	6.8078	1.0
0	7105	1.3431	5.7118	1.8795	10.3485	11.7507	1.0
0	7110	1.1832	1.3273	4.0129	1.5195	7.7434	1.0
0	7115	1.2425	1.7414	3.9353	1.7519	9.5876	1.0
0	7120	1.8597	1.7414	3.0014	9.8979	6.8414	1.0
0	7125	0.8566	5.1029	2.6985	2.3751	6.8414	1.0
0	7130	2.5571	5.2824	2.6062	10.1753	7.9624	1.0
0	7135	1.244	3.4354	2.4692	6.1813	10.7853	1.0
0	7140	0.9491	3.5657	2.2256	7.1815	1.9624	1.0
0	7145	1.9642	3.9623	2.4363	5.383	2.9477	1.0
0	7150	1.9815	7.2819	1.7969	1.4068	9.7455	1.0
0	7155	2.5572	3.2681	1.6706	4.1343	6.4658	1.0
0	7160	2.5572	2.9086	1.8286	5.8556	5.5272	1.0
0	7165	1.6709	4.6105	1.711	6.2333	0.4742	1.0
0	7170	1.7403	4.6105	2.0132	4.6076	7.0989	1.0
0	7175	2.4142	2.2287	2.4649	4.3887	0.2826	1.0
0	7180	2.2655	2.2633	2.9607	6.822	3.5061	1.0
0	7185	0.7532	1.8826	3.237	2.6259	2.155	1.0
0	7190	1.1312	0.9382	3.5278	2.3932	11.64	1.0
0	7195	0.442	0.4072	4.8522	1.4793	11.64	1.0
0	7200	2.3061	1.94	4.0277	5.2339	6.72	1.0
0	7205	1.4324	1.1455	4.2025	9.261	7.6272	1.0
0	7210	1.3458	0.8574	2.6379	7.632	11.5393	1.0
0	7215	2.5655	0.5103	2.1536	6.948	10.4242	1.0
0	7220	1.3847	0.3527	2.353	10.9505	2.1949	1.0
0	7225	1.5261	1.6725	2.9932	10.9505	0.5872	1.0
0	7230	1.2298	3.1401	2.0223	5.5936	0.8336	1.0
0	7235	1.493	6.2228	1.9756	9.0808	2.4385	1.0
0	7240	1.4551	5.0443	2.3832	7.4157	9.6037	1.0
0	7245	1.1588	8.0363	2.1568	7.4157	10.8797	1.0
0	7250	1.615	3.5975	2.4881	7.9594	9.0262	1.0
0	7255	1.5501	3.6935	3.1851	5.3115	10.6204	1.0
0	7260	4.1502	2.0267	3.2556	9.1098	7.4622	1.0
0	7265	1.35	3.2445	2.8557	1.5975	4.4707	1.0
0	7270	1.3698	4.6302	2.4539	3.7655	3.5947	1.0
0	7275	1.2303	2.8134	2.6712	9.6041	7.2189	1.0
0	7280	2.2454	1.9122	2.9328	6.6095	5.3183	1.0
0	7285	1.3233	2.255	2.0393	11.0256	8.1352	1.0
0	7290	1.8861	1.5447	2.2226	1.9921	2.286	1.0
0	7295	2.5901	1.7471	2.6823	3.1712	8.363	1.0
0	7300	3.2234	3.5034	2.1411	1.984	8.363	1.0
0	7305	3.2234	3.5034	1.7163	1.9346	8.219	1.0
0	7310	1.4594	4.0381	2.7634	1.5511	7.1417	1.0
0	7315	1.5267	4.0381	3.32	2.7998	10.9771	1.0
0	7320	1.9273	3.9748	2.628	0.2709	4.0899	1.0
0	7325	2.3205	4.3488	2.628	1.8728	10.1256	1.0
0	7330	2.0744	2.5326	2.524	11.7213	1.795	1.0
0	7335	1.9717	5.6195	2.1823	11.7213	3.5023	1.0
0	7340	3.8707	8.0791	2.3874	9.5523	8.7211	1.0
0	7345	1.7092	8.4481	2.1805	9.7289	6.4928	1.0
0	7350	1.7092	8.1789	2.2743	6.6689	7.8159	1.0
0	7355	2.0453	8.1789	2.4633	4.0881	3.9056	1.0
0	7360	2.525	9.8638	2.608	3.6511	5.6428	1.0
0	7365	1.7804	7.1728	2.2733	4.5802	9.955	1.0
0	7370	1.2372	4.748	3.0415	3.4388	9.2084	1.0
0	7375	2.2603	4.748	2.9263	4.57	0.506	1.0
0	7380	2.4122	7.815	4.5227	11.4641	0.7562	1.0
0	7385	1.7174	3.7426	4.0136	1.5056	0.5196	1.0
0	7390	2.3672	0.6787	3.5072	8.7429	2.2477	1.0
0	7395	1.4667	0.6629	4.0916	7.32	3.1127	1.0
0	7400	1.4667	0.7008	4.1442	1.6168	2.5933	1.0
0	7405	2.9932	0.6028	2.7318	8.853	8.1967	1.0
0	7410	3.6572	1.3603	2.9882	10.977	3.1722	1.0
0	7415	3.1916	0.9156	4.2137	7.3753	0.205	1.0
0	7420	5.9696	0.1729	2.5737	6.4064	0.902	1.0
0	7425	3.6763	0.575	3.2601	10.3312	0.8496	1.0
0	7430	5.9466	0.5959	2.9456	3.3102	0.1639	1.0
0	7435	5.9466	0.4368	3.3063	0.3859	0.1123	1.0
0	7440	4.3166	0.5117	2.7346	6.6015	1.7677	1.0
0	7445	5.1213	0.8426	2.9106	6.6015	4.8026	1.0
0	7450	1.4313	0.9056	5.4929	8.8877	8.0575	1.0
0	7455	1.743	0.6846	4.4914	4.9481	10.3951	1.0
0	7460	1.2133	1.0393	4.0535	1.2447	7.5766	1.0
0	7465	3.7124	1.9725	2.1613	1.7347	9.8316	1.0
0	7470	3.6462	1.8556	1.5851	0.8471	8.6767	1.0
0	7475	2.6053	2.5846	2.7388	5.4083	2.5428	1.0
0	7480	1.2959	2.6784	3.1457	4.8891	2.9871	1.0
0	7485	1.9254	4.0372	3.1457	8.4776	1.3328	1.0
0	7490	1.34	3.9032	2.7109	10.367	3.9381	1.0
0	7495	1.6929	8.3445	3.8221	11.7813	2.8773	1.0
0	7500	3.6805	4.5273	2.7694	7.669	6.8682	1.0
0	7505	1.3911	4.4369	2.9817	4.1148	1.3326	1.0
0	7510	2.2648	3.1942	2.4026	10.104	8.9648	1.0
0	7515	2.2106	0.8674	4.4851	10.104	1.2935	1.0
0	7520	2.0105	1.7687	4.43	1.5111	4.429	1.0
0	7525	1.8403	1.7759	5.4816	8.0965	2.1087	1.0
0	7530	1.8403	0.8491	2.9424	10.0445	5.0972	1.0
0	7535	1.9731	0.9435	3.4689	4.0108	3.1622	1.0
0	7540	1.162	1.1449	3.1394	9.8479	7.4202	1.0
0	7545	1.1585	1.0272	2.6103	10.0618	7.4202	1.0
0	7550	0.9484	1.0663	2.7919	6.7299	5.8115	1.0
0	7555	2.9109	0.734	2.8054	8.5155	9.1292	1.0
0	7560	1.5921	0.2948	3.0309	8.5155	11.8822	1.0
0	7565	2.7374	0.1769	3.2494	9.1701	11.8822	1.0
0	7570	0.7353	0.2416	3.8105	8.9621	6.8715	1.0
0	7575	1.6952	0.363	3.106	7.1665	6.8715	1.0
0	7580	1.7047	0.9595	3.8385	10.7484	3.3716	1.0
0	7585	1.0948	0.7491	3.7938	10.7484	11.9092	1.0
0	7590	1.0591	1.5089	3.0141	3.75	11.9092	1.0
0	7595	1.0518	1.9419	4.1981	0.7472	2.4032	1.0
0	7600	2.1948	0.8591	3.7214	2.6053	6.0955	1.0
0	7605	2.3064	0.5204	3.2235	5.2598	7.676	1.0
0	7610	2.3768	0.9593	2.9582	4.9929	6.5588	1.0
0	7615	4.0422	0.8543	3.7112	10.508	0.727	1.0
0	7620	1.3013	0.9012	5.0034	10.508	5.2736	1.0
0	7625	2.559	0.4324	4.4255	10.508	3.1039	1.0
0	7630	0.7908	1.1251	3.6083	5.6536	4.7333	1.0
0	7635	1.4716	1.1783	3.4849	5.3061	6.3058	1.0
0	7640	3.1134	1.0553	3.5239	10.7079	5.4093	1.0
0	7645	1.8231	2.956	2.8241	9.8912	3.3601	1.0
0	7650	1.298	3.1308	2.8328	10.8605	6.829	1.0
0	7655	0.9616	2.754	3.6669	7.4636	1.9376	1.0
0	7660	1.6698	3.6167	4.0689	8.7392	4.1536	1.0
0	7665	1.0825	3.6167	4.4178	8.1215	1.9976	1.0
0	7670	1.7863	1.4174	3.9162	11.0417	5.7425	1.0
0	7675	1.0462	0.1188	3.4997	6.3539	8.9011	1.0
0	7680	1.8568	0.1725	2.8764	11.2454	4.9794	1.0
0	7685	1.8568	0.0548	2.569	8.1254	5.5623	1.0
0	7690	3.0536	0.3221	2.2727	8.8966	6.4172	1.0
0	7695	3.0536	1.869	2.4297	4.6456	10.0549	1.0
0	7700	2.1886	1.869	2.3424	8.4711	9.1998	1.0
0	7705	1.8298	1.6029	2.6209	10.9607	0.8183	1.0
0	7710	2.4396	2.2318	2.4823	9.871	0.3133	1.0
0	7715	1.5726	2.2019	2.8386	3.3544	0.9281	1.0
0	7720	3.2846	2.2019	2.7336	5.5584	6.4248	1.0
0	7725	1.9244	0.9924	4.437	6.0466	10.6098	1.0
0	7730	4.213	0.618	2.1277	0.2229	7.1348	1.0
0	7735	1.998	0.1928	3.8459	0.1432	9.4126	1.0
0	7740	5.0164	0.2023	5.1958	1.0262	2.0319	1.0
0	7745	5.0164	0.4924	4.7822	0.1289	1.942	1.0
0	7750	3.1576	0.6068	1.8796	0.3857	7.824	1.0
0	7755	2.2061	1.9568	2.6125	4.3571	2.5843	1.0
0	7760	1.4003	2.4411	2.2778	3.3491	1.7523	1.0
0	7765	1.193	3.1388	3.268	3.2649	2.9568	1.0
0	7770	1.4256	1.7636	3.2057	10.0779	3.7375	1.0
0	7775	2.5581	1.0836	2.483	10.0779	5.5416	1.0
0	7780	3.924	0.9067	2.4963	4.8452	2.7496	1.0
0	7785	2.0633	1.5384	3.2088	4.4416	3.3144	1.0
0	7790	2.5809	1.8353	3.2088	7.165	11.5876	1.0
0	7795	1.443	1.6625	2.7274	7.9136	4.276	1.0
0	7800	2.3442	3.1202	2.7709	4.1075	3.0049	1.0
0	7805	3.1098	3.1202	2.5523	1.0381	11.2997	1.0
0	7810	2.322	2.7048	2.0366	2.1172	8.0041	1.0
0	7815	1.0623	2.1794	3.6944	1.839	8.9458	1.0
0	7820	1.2405	1.9254	4.0209	3.2805	9.0732	1.0
0	7825	1.2234	2.1208	3.1928	0.4797	9.0732	1.0
0	7830	0.9159	4.0511	2.565	7.6271	8.0269	1.0
0	7835	1.2083	3.39	2.8024	4.8929	8.0269	1.0
0	7840	2.1813	4.0598	1.885	0.2034	10.5017	1.0
0	7845	1.1647	4.9601	2.5532	0.1463	2.1005	1.0
0	7850	1.2792	3.4949	2.661	0.2593	11.6625	1.0
0	7855	1.7526	2.4598	2.7281	8.8423	11.6625	1.0
0	7860	1.7375	3.5266	2.0976	4.7462	9.7912	1.0
0	7865	0.9924	4.4042	2.0138	4.7462	1.4236	1.0
0	7870	2.0247	4.5678	2.4041	1.2191	2.4717	1.0
0	7875	2.3317	4.1819	2.0702	0.3454	4.9166	1.0
0	7880	2.0982	4.1255	2.2919	0.4093	10.2688	1.0
0	7885	0.8209	4.662	1.9039	0.6864	10.7198	1.0
0	7890	0.831	2.6711	2.5378	4.4609	10.7198	1.0
0	7895	1.1623	6.3149	3.3872	0.8774	9.5056	1.0
0	7900	0.9528	6.2491	3.3256	1.3229	2.8943	1.0
0	7905	1.1376	6.2242	3.0766	4.7319	6.5166	1.0
0	7910	0.8938	6.5817	2.4863	0.4307	5.013	1.0
0	7915	1.3786	7.2376	3.1294	0.3232	7.3066	1.0
0	7920	1.3241	3.8604	3.1065	0.574	11.4192	1.0
0	7925	2.0673	2.5976	2.1665	1.2282	11.4192	1.0
0	7930	1.7103	3.6044	2.44	7.5927	4.6507	1.0
0	7935	0.5411	1.6185	2.9156	5.4559	9.0486	1.0
0	7940	1.6347	1.8096	3.2841	6.1465	3.8041	1.0
0	7945	5.4493	0.6887	3.5168	5.5878	7.1835	1.0
0	7950	4.0231	0.9969	1.9823	3.9959	9.2442	1.0
0	7955	4.0231	0.6409	2.7843	3.2599	4.6138	1.0
0	7960	1.9776	1.2019	3.7349	4.3675	10.5258	1.0
0	7965	1.1479	1.5683	3.4089	9.7272	10.2552	1.0
0	7970	1.2889	1.1268	2.7178	8.8764	8.7429	1.0
0	7975	3.4496	0.9979	3.3279	11.4207	9.4044	1.0
0	7980	2.7765	1.1255	3.0296	0.5325	3.069	1.0
0	7985	2.8721	3.1765	3.1102	1.4165	2.2453	1.0
0	7990	1.5115	4.0387	2.8479	2.0501	6.5383	1.0
0	7995	1.5734	4.0387	3.3319	4.9749	9.7302	1.0
0	8000	2.3644	4.0387	2.7596	4.2633	6.9651	1.0
0	8005	2.0798	3.1519	2.1221	7.9622	9.369	1.0
0	8010	0.7494	1.8306	2.5824	10.0449	10.969	1.0
0	8015	1.4474	1.6934	2.8179	1.7468	9.9622	1.0
0	8020	1.3441	1.9361	3.6009	11.1483	10.6565	1.0
0	8025	1.1605	1.5866	2.6003	8.2514	7.4957	1.0
0	8030	1.282	2.1072	1.7926	6.5627	0.7199	1.0
0	8035	1.5004	2.5379	1.8693	3.9663	2.6234	1.0
0	8040	0.6897	6.4636	2.4142	1.8825	5.5195	1.0
0	8045	1.59	6.4636	3.4771	5.5587	5.6385	1.0
0	8050	2.1354	4.559	2.4599	10.8845	8.2927	1.0
0	8055	2.6864	4.6282	2.1096	3.8843	5.1718	1.0
0	8060	3.6643	4.6282	2.3335	3.2346	5.522	1.0
0	8065	1.3773	5.6773	2.2729	0.694	6.32	1.0
0	8070	3.7846	1.3879	2.378	1.1191	11.4707	1.0
0	8075	2.1895	1.0245	2.6564	2.2921	4.0293	1.0
0	8080	1.4074	1.1312	2.9178	9.5619	10.2079	1.0
0	8085	1.973	0.6999	2.9178	10.7723	11.2399	1.0
0	8090	1.5845	1.5428	2.9359	7.6312	1.7009	1.0
0	8095	0.784	0.9898	3.1129	6.4082	4.9785	1.0
0	8100	1.7841	0.7513	3.4936	3.4116	5.5679	1.0
0	8105	0.2954	1.5029	3.0384	11.1468	6.8159	1.0
0	8110	0.723	3.3594	3.8277	8.51	6.8159	1.0
0	8115	1.1103	3.3594	2.6742	5.0428	11.2797	1.0
0	8120	1.3115	3.8891	2.071	1.3126	7.89	1.0
0	8125	1.6568	4.6698	3.0225	8.4762	6.2256	1.0
0	8130	1.1385	5.133	2.3464	8.3247	5.2726	1.0
0	8135	2.053	4.2028	2.4764	2.2559	8.1418	1.0
0	8140	2.4134	2.6574	1.6821	1.2224	10.901	1.0
0	8145	1.8797	4.0999	1.768	3.2004	9.9389	1.0
0	8150	1.8797	7.5849	2.1436	8.0197	8.789	1.0
0	8155	1.6414	6.4758	3.6018	4.7545	1.11	1.0
0	8160	0.5737	6.4538	3.1343	6.5535	4.8001	1.0
0	8165	0.7151	7.5859	2.889	2.2991	11.8075	1.0
0	8170	1.608	4.3236	3.4672	9.1113	1.3887	1.0
0	8175	1.1725	1.5653	3.0803	7.9533	3.8277	1.0
0	8180	0.9477	1.6256	4.4029	0.6029	2.1723	1.0
0	8185	2.299	2.7534	3.2253	1.5238	0.1293	1.0
0	8190	2.6222	2.6113	2.501	2.2624	3.2416	1.0
0	8195	1.5	6.0284	3.2565	4.3721	5.2129	1.0
0	8200	1.0788	6.7804	2.8932	1.3639	5.2129	1.0
0	8205	1.9848	2.4295	2.6052	2.8775	3.1041	1.0
0	8210	1.7785	2.4478	2.5496	11.3624	1.5306	1.0
0	8215	2.4058	1.006	2.7951	0.7128	4.3653	1.0
0	8220	2.1139	1.5936	2.8136	1.628	1.7392	1.0
0	8225	2.7056	1.4857	2.0739	8.5564	5.5918	1.0
0	8230	1.7666	0.8125	2.8599	8.7317	9.7235	1.0
0	8235	0.8754	0.5816	3.0765	10.0937	4.1187	1.0
0	8240	1.4362	0.9487	3.9273	5.976	8.2737	1.0
0	8245	1.3371	0.2034	2.5032	9.7324	11.2899	1.0
0	8250	1.3172	0.8726	3.6559	5.2679	9.7517	1.0
0	8255	1.7318	1.0494	3.2659	3.2724	10.6244	1.0
0	8260	1.4458	1.0204	2.3458	2.8847	10.6244	1.0
0	8265	1.4668	0.2979	4.0068	4.6564	11.6696	1.0
0	8270	3.0101	0.373	3.7507	2.3646	5.4765	1.0
0	8275	4.0156	0.3564	2.7125	2.7044	7.5223	1.0
0	8280	2.2554	0.1647	3.4192	1.9382	7.5223	1.0
0	8285	2.5579	0.7067	3.6165	3.9097	4.5529	1.0
0	8290	2.4059	0.6127	2.8465	5.9648	4.6581	1.0
0	8295	1.2888	1.2956	3.3104	4.3955	11.0123	1.0
0	8300	1.9337	1.8603	3.639	6.9857	9.7655	1.0
0	8305	1.9337	1.6951	2.8985	6.3807	5.3106	1.0
0	8310	3.0354	1.8181	2.378	7.8203	7.6156	1.0
0	8315	2.61	3.128	1.9233	5.5175	7.6156	1.0
0	8320	3.4119	6.399	2.3139	4.9025	9.2615	1.0
0	8325	1.1482	9.5958	2.3618	3.17	4.0543	1.0
0	8330	1.0918	9.5958	4.7733	6.706	4.9475	1.0
0	8335	0.7733	8.9752	3.0927	7.6228	3.8715	1.0
0	8340	1.4261	6.5168	2.1912	0.7889	1.9116	1.0
0	8345	0.7516	6.5168	2.8565	1.3103	1.4627	1.0
0	8350	1.5997	4.5726	2.7341	11.8639	10.8907	1.0
0	8355	2.2153	1.5714	2.6064	9.6108	2.4854	1.0
0	8360	2.6568	0.6752	3.02	9.1931	8.9507	1.0
0	8365	1.3621	0.6279	3.5511	6.6411	3.9866	1.0
0	8370	0.9333	0.2344	3.1221	9.8508	5.3349	1.0
0	8375	1.1109	0.4551	3.1263	2.8739	1.507	1.0
0	8380	1.5888	1.9626	2.9884	2.6219	0.6296	1.0
0	8385	1.6476	2.1086	2.4553	4.427	0.6359	1.0
0	8390	2.1439	4.6092	3.2882	10.4482	0.1618	1.0
0	8395	0.5443	2.6406	2.5169	6.3015	2.335	1.0
0	8400	0.992	2.9932	3.4032	4.5973	2.8944	1.0
0	8405	0.6465	2.9932	2.2272	0.842	7.1745	1.0
0	8410	1.277	3.4066	3.0412	2.0356	3.6611	1.0
0	8415	1.9432	1.3798	3.0412	10.6627	9.7433	1.0
0	8420	1.9636	1.5989	2.6493	7.8769	6.2391	1.0
0	8425	1.0193	1.7605	3.6699	1.8919	2.5128	1.0
0	8430	1.6805	1.8609	2.4754	9.2414	2.7851	1.0
0	8435	1.4868	2.0112	2.6831	11.9543	4.832	1.0
0	8440	0.8778	4.1921	2.6869	7.4076	11.9821	1.0
0	8445	1.6017	1.0329	2.848	4.6676	6.2174	1.0
0	8450	3.4389	1.3555	2.7215	0.3684	9.5328	1.0
0	8455	1.5131	0.8504	2.0438	2.6891	9.5328	1.0
0	8460	2.1101	2.0121	2.8469	5.4315	11.0596	1.0
0	8465	1.4161	1.858	2.1155	3.2908	6.1632	1.0
0	8470	2.3458	2.2433	2.3171	3.9807	8.4141	1.0
0	8475	0.999	2.7724	2.1966	2.4216	4.6088	1.0
0	8480	1.5008	5.1231	2.1966	4.0478	7.1945	1.0
0	8485	1.425	2.9589	2.7349	6.7398	6.2811	1.0
0	8490	2.2587	1.038	2.9388	6.7398	3.044	1.0
0	8495	3.4536	0.821	3.8636	9.2421	2.1355	1.0
0	8500	2.2213	0.9661	2.3925	9.2421	1.0272	1.0
0	8505	1.7402	4.6605	2.6289	6.5939	8.9272	1.0
0	8510	2.0857	5.3877	2.031	1.5788	10.4574	1.0
0	8515	2.1461	6.3701	2.0336	3.6287	7.7681	1.0
0	8520	2.896	4.8827	1.8638	6.3759	11.0338	1.0
0	8525	1.9078	4.8827	2.7352	3.434	7.0281	1.0
0	8530	1.1603	4.895	2.0716	0.7594	7.6343	1.0
0	8535	3.7113	4.2388	3.1365	9.7989	3.7002	1.0
0	8540	2.5898	1.8913	2.935	9.7989	7.4299	1.0
0	8545	1.5964	0.6731	3.3731	9.186	7.4299	1.0
0	8550	2.5961	2.0454	3.9783	6.4909	9.4338	1.0
0	8555	2.3291	2.1437	2.9282	2.2998	11.8305	1.0
0	8560	2.1741	5.0249	2.7725	9.2211	9.8241	1.0
0	8565	2.7508	2.8147	1.8335	2.6902	10.4151	1.0
0	8570	1.1197	2.8748	2.2241	9.9356	4.8201	1.0
0	8575	1.4457	3.5893	2.6566	11.3728	3.8179	1.0
0	8580	1.0327	4.8673	2.94	8.862	1.2699	1.0
0	8585	1.4262	3.5941	2.3786	1.4546	5.5997	1.0
0	8590	3.8493	2.5096	1.716	1.1707	3.3566	1.0
0	8595	3.1541	2.5096	1.2528	0.697	10.6961	1.0
0	8600	3.5044	3.0351	1.8569	7.9891	10.6961	1.0
0	8605	2.2044	1.8157	1.5139	6.7572	9.5513	1.0
0	8610	2.2165	1.2781	2.7578	6.0555	6.1879	1.0
0	8615	2.6236	0.831	2.5688	3.1145	9.0229	1.0
0	8620	1.0498	0.5228	3.1594	7.9238	3.742	1.0
0	8625	2.5031	1.0063	3.8595	1.8416	4.132	1.0
0	8630	2.9985	0.9593	3.2519	9.1	4.8406	1.0
0	8635	1.8262	0.931	2.3861	9.7513	6.4655	1.0
0	8640	3.8715	0.8684	1.6709	5.9721	5.0067	1.0
0	8645	1.9802	1.3547	2.5737	1.5555	10.2124	1.0
0	8650	0.6495	4.9196	2.8784	3.4901	1.0824	1.0
0	8655	1.201	4.02	2.4355	1.8064	1.5253	1.0
0	8660	0.7365	4.958	3.5918	7.6617	1.1404	1.0
0	8665	1.2875	3.7778	3.2075	5.9329	2.7684	1.0
0	8670	1.5514	7.0198	2.2905	3.5156	8.4262	1.0
0	8675	2.0545	1.648	3.5602	6.937	3.7519	1.0
0	8680	2.3583	1.4529	2.4787	6.1573	5.1827	1.0
0	8685	2.578	2.293	3.3857	7.6841	6.4353	1.0
0	8690	3.0521	0.9933	1.8773	6.0627	7.588	1.0
0	8695	1.3604	0.426	2.5412	8.2378	9.5131	1.0
0	8700	0.8444	0.6803	3.6049	11.5558	9.5131	1.0
0	8705	0.9109	1.2184	3.7585	11.4884	9.576	1.0
0	8710	0.8367	1.9171	3.7466	5.7194	6.2365	1.0
0	8715	1.2721	3.257	2.9161	8.9307	7.8398	1.0
0	8720	0.8006	1.5368	3.4053	2.5843	5.1601	1.0
0	8725	1.0229	2.2874	2.1879	8.4929	4.9242	1.0
0	8730	1.4284	2.3972	2.1179	9.7067	6.6422	1.0
0	8735	4.1846	0.7722	3.3595	3.8071	3.749	1.0
0	8740	1.9034	1.316	2.5383	7.6537	1.8535	1.0
0	8745	1.7302	0.2543	3.2123	7.1202	8.399	1.0
0	8750	1.1678	0.622	2.7459	8.8172	8.0374	1.0
0	8755	1.2552	1.2518	2.6019	1.6724	6.1447	1.0
0	8760	0.957	1.6938	2.8369	9.8531	7.7777	1.0
0	8765	1.0023	3.5005	2.8984	9.6548	10.7864	1.0
0	8770	1.1903	3.401	4.118	1.5501	4.4401	1.0
0	8775	1.1903	2.6773	3.6166	3.5017	11.577	1.0
0	8780	1.6618	1.159	2.8293	6.4539	11.577	1.0
0	8785	0.6653	2.0466	3.0231	7.5541	11.577	1.0
0	8790	1.0457	0.9081	3.2478	10.2922	2.8727	1.0
0	8795	1.3468	2.8215	2.1476	0.7596	5.6395	1.0
0	8800	2.7094	3.4178	3.5101	7.7206	9.0552	1.0
0	8805	1.961	1.0851	3.3644	6.1603	10.9373	1.0
0	8810	1.3158	1.1023	2.5788	11.5376	10.9373	1.0
0	8815	1.4198	3.2167	2.2296	3.9147	3.4903	1.0
0	8820	1.1016	2.2211	2.9987	0.4194	5.5727	1.0
0	8825	1.6452	3.1929	2.4234	0.3605	6.8679	1.0
0	8830	1.9832	3.1929	2.3117	1.4331	1.2039	1.0
0	8835	1.2217	3.6058	3.6846	0.8408	6.5029	1.0
0	8840	2.3136	4.2669	2.3335	1.1284	3.5686	1.0
0	8845	1.6354	0.7396	2.9129	8.1172	4.2634	1.0
0	8850	3.5954	0.5678	2.4037	6.8385	3.2009	1.0
0	8855	2.5905	0.4666	2.9165	7.7193	4.3485	1.0
0	8860	1.6706	0.5798	2.0677	6.7216	4.7664	1.0
0	8865	0.4926	1.4316	2.8147	5.6559	9.3213	1.0
0	8870	2.0128	1.4378	3.3975	3.5589	6.9071	1.0
0	8875	1.7072	1.0364	3.7957	4.6992	10.5063	1.0
0	8880	1.4259	0.5543	3.0815	6.4317	8.8936	1.0
0	8885	2.1016	0.4703	3.2119	3.4638	11.1753	1.0
0	8890	4.3642	0.609	3.8326	7.1587	9.9764	1.0
0	8895	1.3422	0.7412	3.8326	4.0793	3.274	1.0
0	8900	1.2504	0.3986	3.9635	8.9389	10.5711	1.0
0	8905	1.7533	0.2788	3.2513	1.7407	5.9175	1.0
0	8910	2.0626	1.642	3.1829	4.4356	10.8341	1.0
0	8915	1.6501	1.642	4.1297	3.2417	7.8365	1.0
0	8920	1.0482	1.6949	4.1213	2.6994	10.1287	1.0
0	8925	1.9918	2.6593	2.5971	7.0738	3.328	1.0
0	8930	2.3168	1.0742	3.884	6.6963	6.5727	1.0
0	8935	2.3168	0.6235	2.563	5.2974	5.0727	1.0
0	8940	2.3168	0.3994	2.815	3.7987	1.5883	1.0
0	8945	2.3468	0.2263	3.5934	10.7731	4.6609	1.0
0	8950	1.4131	0.3535	4.3279	1.4055	6.7686	1.0
0	8955	1.1844	0.7293	4.0982	3.3597	6.6869	1.0
0	8960	1.7956	1.2852	2.6001	10.442	6.6239	1.0
0	8965	2.3278	1.7512	2.5819	4.5425	5.3112	1.0
0	8970	1.0733	1.3969	2.6935	8.0643	6.2248	1.0
0	8975	1.7609	1.8407	2.0482	8.0643	9.5421	1.0
0	8980	1.2012	1.0581	2.281	4.1691	10.2212	1.0
0	8985	1.6134	0.6941	3.7665	5.8799	7.2497	1.0
0	8990	1.7144	0.8584	3.5415	10.2809	11.8119	1.0
0	8995	1.0388	1.1282	3.5686	6.8016	11.9976	1.0
0	9000	0.9727	1.6688	3.2533	1.298	10.4887	1.0
0	9005	1.6007	3.3254	1.792	0.7697	7.6601	1.0
0	9010	1.6164	3.4263	1.8156	5.159	8.6803	1.0
0	9015	4.2254	3.8821	1.7939	4.3312	2.2209	1.0
0	9020	3.2142	3.6694	2.1367	8.447	3.0512	1.0
0	9025	3.2142	5.9925	1.8575	8.447	10.909	1.0
0	9030	1.736	4.3982	1.8215	11.1931	10.909	1.0
0	9035	1.736	1.3404	2.1525	3.3496	2.3781	1.0
0	9040	1.0569	0.9697	3.3992	2.5138	11.087	1.0
0	9045	1.0046	1.3144	3.4371	5.1829	5.3373	1.0
0	9050	1.4269	0.9729	3.5178	5.529	9.0692	1.0
0	9055	1.2395	1.4856	5.0859	3.2434	0.6847	1.0
0	9060	1.8761	2.0114	3.2366	0.7404	3.0738	1.0
0	9065	1.3164	1.5295	2.3235	4.1592	8.5943	1.0
0	9070	2.0094	1.0973	3.9688	2.0831	9.8036	1.0
0	9075	1.955	2.0723	4.2121	8.4831	4.5922	1.0
0	9080	1.1956	0.5237	2.485	7.2042	7.6232	1.0
0	9085	1.1956	0.4641	2.2924	3.3426	7.2674	1.0
0	9090	2.7036	0.9375	2.8116	8.989	11.023	1.0
0	9095	1.5853	0.32	3.7929	9.2135	11.2967	1.0
0	9100	2.5889	1.0069	2.848	9.7719	9.8372	1.0
0	9105	2.5889	1.1378	1.7804	9.7719	3.5997	1.0
0	9110	2.7986	2.1552	2.3003	4.5801	2.5112	1.0
0	9115	3.5521	2.1722	2.3127	2.9685	6.9225	1.0
0	9120	3.0675	0.8979	2.8821	0.1312	5.8429	1.0
0	9125	2.6343	1.367	3.0742	3.5263	7.7175	1.0
0	9130	1.0576	1.0019	2.8373	6.6334	10.2382	1.0
0	9135	0.9009	1.0788	2.3719	7.2051	7.1353	1.0
0	9140	1.2446	1.0313	4.0532	5.5421	7.3449	1.0
0	9145	0.7459	1.0313	3.3463	9.3616	2.8343	1.0
0	9150	1.119	1.6015	3.6751	3.9398	1.9264	1.0
0	9155	1.8974	0.986	4.6336	3.6989	0.4615	1.0
0	9160	1.4273	3.997	3.7024	4.6186	0.5548	1.0
0	9165	1.4569	2.0977	3.677	3.9062	1.957	1.0
0	9170	1.2196	3.5857	3.2307	2.1591	1.2853	1.0
0	9175	0.8743	6.8755	4.4192	6.792	8.7467	1.0
0	9180	1.2242	4.1146	2.8163	6.0171	4.1345	1.0
0	9185	1.2242	2.0347	3.7212	4.4928	5.5132	1.0
0	9190	1.3604	1.8382	3.7267	4.4167	8.0369	1.0
0	9195	2.6029	0.96	3.3833	4.8859	6.4174	1.0
0	9200	0.9839	0.4222	4.0554	1.6136	5.2117	1.0
0	9205	2.3726	1.222	4.7593	1.5491	2.8455	1.0
0	9210	0.6859	1.222	4.6941	2.3029	4.591	1.0
0	9215	3.0724	1.4998	2.7046	1.7933	9.2482	1.0
0	9220	2.3763	2.0736	2.4116	1.2966	6.7896	1.0
0	9225	1.7859	2.4083	2.715	2.176	7.4603	1.0
0	9230	2.3134	2.2169	1.6173	2.0043	8.4247	1.0
0	9235	1.8398	0.7755	2.3955	7.4997	8.4247	1.0
0	9240	1.2041	2.8978	1.9578	11.5089	6.5587	1.0
0	9245	1.4032	1.9309	2.051	4.0334	11.1497	1.0
0	9250	2.6163	0.7574	2.0987	1.1787	7.2153	1.0
0	9255	2.4365	1.5699	3.1202	10.4033	9.8926	1.0
0	9260	2.7632	1.739	2.816	6.9037	11.6118	1.0
0	9265	0.7968	4.1414	2.019	6.8826	11.6118	1.0
0	9270	0.6937	2.5703	2.019	8.6396	11.6118	1.0
0	9275	1.1106	2.012	3.8821	2.852	5.6553	1.0
0	9280	2.138	2.3094	2.4179	2.5586	9.711	1.0
0	9285	1.1707	1.8846	2.8317	6.2642	3.977	1.0
0	9290	2.0027	3.0505	1.6618	2.2808	1.4592	1.0
0	9295	0.9795	3.0505	2.9514	4.0169	4.2252	1.0
0	9300	0.6868	2.4478	2.6463	1.679	3.8711	1.0
0	9305	0.6868	4.6866	3.5937	4.5654	3.675	1.0
0	9310	1.5188	5.4846	2.6245	5.914	4.0008	1.0
0	9315	3.4525	2.985	2.0535	1.5038	6.0511	1.0
0	9320	3.0607	2.5646	1.8831	7.1601	8.0082	1.0
0	9325	2.1498	2.2063	1.7519	0.5856	6.6949	1.0
0	9330	1.6732	2.2063	2.098	1.4767	6.6949	1.0
0	9335	3.9518	1.6252	2.9284	2.2211	3.4029	1.0
0	9340	1.0202	0.8912	2.7277	10.0507	11.7426	1.0
0	9345	1.0202	2.084	2.3595	10.0507	5.1796	1.0
0	9350	2.79	2.7799	1.5679	3.2001	4.3907	1.0
0	9355	3.6599	2.763	1.8859	11.7325	2.5638	1.0
0	9360	1.0942	2.763	2.9683	2.611	5.0443	1.0
0	9365	2.608	2.763	2.9632	8.348	0.2329	1.0
0	9370	3.2588	1.4044	2.8086	3.1986	0.6671	1.0
0	9375	1.0792	2.0497	2.4693	4.967	9.4759	1.0
0	9380	2.0082	2.4119	2.8173	6.9205	9.4759	1.0
0	9385	1.3565	0.8594	2.4321	7.9041	10.8207	1.0
0	9390	2.7762	5.2095	2.2522	2.8542	3.5818	1.0
0	9395	2.7104	8.5074	2.0274	6.0536	11.802	1.0
0	9400	2.0641	3.5165	2.68	4.5444	3.1966	1.0
0	9405	2.4677	2.0396	1.703	5.7412	0.7767	1.0
0	9410	3.6473	2.5793	2.1093	11.4573	11.0268	1.0
0	9415	1.2555	2.6358	2.4321	10.5314	3.1308	1.0
0	9420	2.6872	2.1447	3.3573	5.7626	9.2105	1.0
0	9425	1.5837	1.5723	2.458	2.1655	7.3844	1.0
0	9430	1.5239	1.8446	2.0991	1.66	11.2243	1.0
0	9435	2.6164	3.1823	2.1309	3.4031	4.8772	1.0
0	9440	1.6102	3.8722	2.897	3.7923	8.9794	1.0
0	9445	1.2731	3.5891	3.1097	4.8981	1.965	1.0
0	9450	1.9571	2.9888	2.4394	6.3974	5.5569	1.0
0	9455	1.4611	3.5847	2.3919	0.3536	9.6407	1.0
0	9460	1.4611	2.7481	2.5352	0.7844	7.3615	1.0
0	9465	2.554	1.8443	2.5352	2.1729	4.8005	1.0
0	9470	1.376	3.1863	3.0837	6.2628	3.3256	1.0
0	9475	1.7568	3.1863	2.5716	4.6017	1.5025	1.0
0	9480	3.2316	3.3494	2.5423	6.0723	5.2489	1.0
0	9485	1.8429	5.4819	2.5652	5.8747	11.6987	1.0
0	9490	2.3017	6.8963	2.7135	2.9508	5.9785	1.0
0	9495	1.6566	3.1	3.099	9.7214	5.9999	1.0
0	9500	0.818	3.1	3.6229	5.515	3.181	1.0
0	9505	0.4215	2.1869	3.2366	5.0511	10.3747	1.0
0	9510	1.0352	1.3076	3.6	11.8717	2.7961	1.0
0	9515	1.3901	0.8643	2.7428	11.8717	6.0945	1.0
0	9520	1.3643	0.9572	4.821	11.8717	2.7427	1.0
0	9525	1.1552	1.712	3.3356	9.7578	10.353	1.0
0	9530	0.9156	1.5755	2.8745	6.0209	10.7733	1.0
0	9535	1.5778	1.5755	2.6166	7.9605	11.7553	1.0
0	9540	2.1788	0.6141	2.4645	9.5107	4.3788	1.0
0	9545	3.0193	1.6427	3.6461	1.2635	3.5825	1.0
0	9550	1.7916	0.6758	1.9502	3.2901	0.959	1.0
0	9555	1.7916	1.3631	2.7812	0.6763	1.926	1.0
0	9560	3.4863	2.4895	4.7616	3.0209	5.1299	1.0
0	9565	4.9869	1.7605	3.7885	8.8613	5.4871	1.0
0	9570	5.767	1.4673	3.008	3.7942	1.7306	1.0
0	9575	2.7673	1.6888	3.2547	3.8767	1.8317	1.0
0	9580	1.6331	2.2261	2.8889	1.6639	6.1318	1.0
0	9585	0.6081	3.1057	3.6986	2.7815	6.1318	1.0
0	9590	0.5138	3.1057	3.4863	8.795	1.583	1.0
0	9595	0.9193	3.0613	3.6378	3.7453	1.2146	1.0
0	9600	1.7267	3.2641	3.6883	5.4528	0.4238	1.0
0	9605	0.6035	4.2104	2.9963	2.2046	1.3832	1.0
0	9610	2.01	4.7948	2.6255	2.4733	7.8487	1.0
0	9615	1.0636	4.7223	3.2924	10.5716	0.6814	1.0
0	9620	1.8162	3.1652	4.9212	8.5145	3.25	1.0
0	9625	0.6464	3.4674	3.6878	5.0532	7.9962	1.0
0	9630	1.0255	2.3509	3.7427	5.2572	4.0505	1.0
0	9635	1.0255	2.5493	2.864	2.516	3.8217	1.0
0	9640	2.8961	1.2946	3.143	1.4698	4.8991	1.0
0	9645	1.9473	1.3757	2.2989	1.7495	1.3321	1.0
0	9650	2.1599	1.5452	4.4564	9.9412	0.3258	1.0
0	9655	3.63	0.895	4.2698	6.2554	0.9647	1.0
0	9660	1.7867	0.1997	4.6852	10.2303	1.9487	1.0
0	9665	1.7723	0.2315	3.4488	10.2303	1.1599	1.0
0	9670	1.3822	0.2971	4.1171	4.0993	4.336	1.0
0	9675	3.1922	0.6047	4.0207	2.4847	4.6514	1.0
0	9680	1.7189	0.8102	2.6048	9.4076	6.2232	1.0
0	9685	1.4418	1.2533	2.6415	5.9985	10.9607	1.0
0	9690	2.0032	2.1669	3.0006	8.9295	10.8376	1.0
0	9695	0.5088	1.2829	3.2521	5.9256	10.8376	1.0
0	9700	1.4009	1.9699	3.2521	11.6159	10.8376	1.0
0	9705	1.5482	3.0252	2.3636	10.5255	11.0681	1.0
0	9710	2.5417	8.6618	3.1155	9.8263	4.7838	1.0
0	9715	1.3196	8.6618	3.1746	9.4784	4.3267	1.0
0	9720	0.7924	8.2685	2.5193	9.1019	3.2069	1.0
0	9725	0.8663	7.2771	2.673	3.0746	4.6098	1.0
0	9730	2.0504	8.3483	2.8663	6.0785	8.5222	1.0
0	9735	1.513	5.481	2.9311	10.6588	6.8838	1.0
0	9740	1.4793	3.5934	3.5998	7.0466	9.4736	1.0
0	9745	1.633	2.5817	2.1129	2.8348	3.2082	1.0
0	9750	2.6836	3.3947	1.5761	8.9719	7.3968	1.0
0	9755	1.6808	5.5572	3.2667	3.6005	3.2326	1.0
0	9760	1.0907	6.9364	2.8646	11.5924	4.1388	1.0
0	9765	0.9806	6.7141	4.1933	6.6911	4.6638	1.0
0	9770	1.8255	6.4253	3.1083	8.6832	5.6277	1.0
0	9775	0.8096	5.2058	4.1531	8.6832	7.2367	1.0
0	9780	1.3959	7.5187	4.6547	3.572	1.459	1.0
0	9785	0.9065	7.5187	2.0183	7.5458	2.114	1.0
0	9790	1.0454	7.5187	2.3802	4.4813	1.9122	1.0
0	9795	1.1117	5.4696	2.8791	1.3571	6.2368	1.0
0	9800	2.2883	8.8839	2.7876	10.6889	3.0104	1.0
0	9805	0.7752	8.8839	2.7467	10.6889	11.918	1.0
0	9810	1.1411	8.9154	2.9698	2.3366	1.9393	1.0
0	9815	0.5934	1.9606	2.9698	4.6814	10.5577	1.0
0	9820	2.192	2.7314	2.4304	5.3675	2.9724	1.0
0	9825	4.279	1.8528	2.215	10.2197	8.4208	1.0
0	9830	4.4088	0.5489	3.4022	0.9182	5.6254	1.0
0	9835	2.4956	0.7086	2.8527	4.9713	6.1894	1.0
0	9840	3.6675	0.7507	3.5813	10.5565	3.132	1.0
0	9845	4.9346	0.4318	2.0674	9.3819	7.3615	1.0
0	9850	3.4137	0.9148	3.0472	5.0736	6.352	1.0
0	9855	3.6686	0.3837	2.5952	2.1044	6.352	1.0
0	9860	2.9007	0.3859	3.7058	3.1827	3.5062	1.0
0	9865	5.4885	0.0934	2.7032	2.3537	10.4493	1.0
0	9870	3.0316	0.2647	3.2804	1.7793	2.1608	1.0
0	9875	2.1302	0.4155	2.4353	5.8686	11.7853	1.0
0	9880	2.9011	1.3096	2.4258	7.2052	1.5681	1.0
0	9885	3.7418	1.57	2.5092	11.0291	1.4062	1.0
0	9890	1.8952	2.1687	2.4934	9.9859	2.9393	1.0
0	9895	2.2024	0.854	3.5467	8.8374	10.5657	1.0
0	9900	1.5629	0.7981	3.6297	1.6953	6.9741	1.0
0	9905	2.1299	1.99	2.0243	11.9706	6.4748	1.0
0	9910	1.4619	1.8501	4.0311	11.9706	2.8773	1.0
0	9915	2.9691	1.9887	3.3372	11.9706	2.7734	1.0
0	9920	1.7466	2.399	3.9251	11.9706	0.9706	1.0
0	9925	1.0003	3.1369	3.2791	11.9706	3.2092	1.0
0	9930	1.1788	0.9561	3.2551	11.9706	7.8506	1.0
0	9935	1.4463	0.4799	2.5437	10.8104	5.0537	1.0
0	9940	2.4033	1.2136	2.8171	6.0235	5.6304	1.0
0	9945	1.29	0.5725	2.452	11.8971	2.2558	1.0
0	9950	2.3138	0.3812	3.9956	9.6585	8.4119	1.0
0	9955	2.6028	0.6414	3.4588	9.6585	8.6595	1.0
0	9960	1.7416	0.3303	3.4157	6.0958	8.6595	1.0
0	9965	1.0042	0.8877	2.8868	7.6936	10.1229	1.0
0	9970	2.5095	0.4907	2.7388	6.8903	6.0817	1.0
0	9975	2.8085	0.2575	3.6203	1.4884	8.3949	1.0
0	9980	2.6212	0.4329	2.7442	2.8751	9.2822	1.0
0	9985	2.208	2.5116	2.8493	5.8332	2.807	1.0
0	9990	1.7898	2.9702	2.8746	10.411	2.7949	1.0
0	9995	1.8361	4.0118	2.5863	10.411	10.8232	1.0
0	10000	2.7081	4.0118	2.9559	4.2039	10.8232	1.0
0	10005	2.0084	4.1071	2.1352	3.6541	10.8232	1.0
0	10010	1.1934	3.6594	2.9434	10.9063	4.5272	1.0
0	10015	1.8893	3.6594	2.5418	9.9038	3.7349	1.0
0	10020	2.3827	4.0128	2.6941	8.7545	8.2171	1.0
0	10025	2.5897	3.8059	2.5819	8.7545	8.7971	1.0
0	10030	2.6973	1.7246	2.5516	6.7781	8.7971	1.0
0	10035	2.9397	1.2278	2.2317	3.9833	8.7971	1.0
0	10040	2.2615	0.642	2.8963	5.5801	4.282	1.0
0	10045	2.8308	0.6788	2.7266	6.8639	5.5482	1.0
0	10050	1.9128	1.0053	3.9528	7.0992	3.7189	1.0
0	10055	1.4011	1.378	4.0079	7.0992	8.6053	1.0
0	10060	0.6224	0.6387	4.0079	9.9227	8.6053	1.0
0	10065	1.4889	0.8492	4.5597	7.9067	6.296	1.0
0	10070	1.3066	0.5387	3.2647	7.9067	1.3537	1.0
0	10075	2.1908	1.0604	3.7998	4.0534	9.8495	1.0
0	10080	1.1931	1.9697	3.8333	9.8169	9.8495	1.0
0	10085	0.6294	2.5135	3.4034	5.3991	10.0762	1.0
0	10090	0.5153	2.4255	2.1827	4.5198	8.5707	1.0
0	10095	2.0125	1.8419	2.3185	4.7602	8.5707	1.0
0	10100	1.8613	1.75	2.7522	6.16	7.4486	1.0
0	10105	1.8613	1.5646	1.7422	5.4373	8.2295	1.0
0	10110	1.7709	1.5644	2.5793	3.9042	11.0947	1.0
0	10115	1.5597	1.7876	2.6878	6.8606	3.506	1.0
0	10120	1.7277	1.2586	4.2477	6.8606	3.9217	1.0
0	10125	1.1011	1.352	5.1911	6.516	2.2468	1.0
0	10130	0.6675	1.5584	4.4555	11.9177	4.0584	1.0
0	10135	1.3645	2.4032	3.776	1.1053	2.5231	1.0
0	10140	1.5099	2.6311	3.9826	8.4412	3.5536	1.0
0	10145	1.5099	4.7872	2.9248	3.0541	1.5336	1.0
0	10150	0.8475	4.7044	2.9248	2.3125	11.5792	1.0
0	10155	0.8231	8.5939	2.4873	10.868	7.4288	1.0
0	10160	1.9102	3.0309	1.9724	3.4395	11.668	1.0
0	10165	1.8924	5.6839	1.8713	10.6427	11.668	1.0
0	10170	2.1841	3.779	2.6676	10.2462	0.8787	1.0
0	10175	2.5264	4.7665	2.3095	4.4161	2.1727	1.0
0	10180	0.7869	4.0318	2.7731	10.244	7.1536	1.0
0	10185	1.4764	3.987	3.4816	10.244	6.5999	1.0
0	10190	1.4719	2.1706	2.6733	0.4258	3.4459	1.0
0	10195	3.1072	2.1687	2.6025	0.3771	5.6699	1.0
0	10200	2.5749	1.3873	2.8548	2.5922	5.6022	1.0
0	10205	0.7353	2.3201	2.7549	4.0771	11.0317	1.0
0	10210	1.0739	3.0494	2.9107	8.0793	11.0317	1.0
0	10215	1.2327	2.6138	2.9107	2.7356	11.0317	1.0
0	10220	0.6296	2.1919	2.4726	4.9968	10.6738	1.0
0	10225	1.3179	2.6625	2.035	5.4229	6.74	1.0
0	10230	1.3001	4.0296	3.4055	0.5208	3.7492	1.0
0	10235	2.5085	4.5002	2.0998	3.9276	6.3483	1.0
0	10240	2.6396	4.2172	2.5021	7.2819	2.8533	1.0
0	10245	1.6453	5.8834	1.9621	9.8319	9.2501	1.0
0	10250	1.6412	5.1216	3.8619	9.8319	7.0557	1.0
0	10255	1.6588	2.455	2.3467	2.709	4.6999	1.0
0	10260	1.4162	2.8965	2.2425	7.7796	2.5845	1.0
0	10265	0.3541	3.0089	2.6004	4.1327	5.3816	1.0
0	10270	3.5062	1.0124	2.4986	3.8018	6.0351	1.0
0	10275	1.8252	1.0124	2.5161	8.4192	9.3549	1.0
0	10280	1.8252	0.5429	2.5596	2.9914	10.4157	1.0
0	10285	2.5804	1.9404	3.0153	8.4662	8.5986	1.0
0	10290	2.2918	1.9404	3.2834	1.0342	7.5667	1.0
0	10295	1.08	1.2657	2.6471	2.4913	7.5028	1.0
0	10300	0.9677	1.5151	3.9165	0.483	3.181	1.0
0	10305	0.8981	1.5151	2.5141	0.5756	8.6262	1.0
0	10310	1.6955	3.029	2.4955	1.8737	9.5612	1.0
0	10315	1.6256	2.3264	2.4955	3.5549	9.5612	1.0
0	10320	1.5312	1.3354	2.0234	2.8286	8.4254	1.0
0	10325	0.776	2.8917	2.3886	3.4201	8.4254	1.0
0	10330	2.0933	2.5915	2.5848	9.1814	2.7386	1.0
0	10335	2.3274	4.7776	2.6677	2.8225	9.698	1.0
0	10340	2.3423	4.4416	2.1913	8.4312	4.1753	1.0
0	10345	2.3423	2.0839	2.8555	6.9678	10.964	1.0
0	10350	1.1556	3.5007	2.8961	10.8936	10.964	1.0
0	10355	1.0994	4.4352	2.5619	7.1044	7.8798	1.0
0	10360	0.5398	2.2362	2.1063	5.8926	9.0246	1.0
0	10365	1.1899	4.2023	3.0428	2.7223	1.1095	1.0
0	10370	1.1286	3.4207	2.631	3.0248	7.1903	1.0
0	10375	3.2798	4.6345	2.3778	6.9244	10.3458	1.0
0	10380	2.0899	3.9933	3.0649	4.8207	9.8187	1.0
0	10385	1.8209	5.6758	1.387	10.6509	7.9423	1.0
0	10390	1.6288	3.5115	1.4401	10.4942	7.9423	1.0
0	10395	1.3953	5.1699	1.6	1.1884	6.3262	1.0
0	10400	0.9578	5.5535	2.6506	3.2396	11.7237	1.0
0	10405	1.187	3.9867	3.6498	10.7781	11.7445	1.0
0	10410	1.6907	3.3302	2.9562	7.4968	6.5251	1.0
0	10415	3.1464	1.5892	2.5249	3.7628	5.4851	1.0
0	10420	2.9398	0.4926	4.1211	3.415	5.4851	1.0
0	10425	1.6576	0.7593	4.8655	3.6093	1.6148	1.0
0	10430	3.1723	1.0986	3.6408	11.0697	0.2051	1.0
0	10435	2.0679	5.3886	4.1575	3.5992	6.0157	1.0
0	10440	1.2436	4.6235	2.137	1.8643	4.4125	1.0
0	10445	1.4735	4.3749	2.1332	0.2078	9.16	1.0
0	10450	1.4261	4.3749	3.0217	1.8154	3.6583	1.0
0	10455	1.4261	4.8287	2.2981	5.1354	11.7068	1.0
0	10460	1.3279	4.8287	3.0912	9.535	7.8527	1.0
0	10465	2.0656	3.5608	3.7976	11.8875	10.4423	1.0
0	10470	0.9234	1.415	2.6476	2.8566	8.2323	1.0
0	10475	0.5687	5.9217	2.939	3.1885	3.8272	1.0
0	10480	0.8785	7.6142	2.9708	4.7586	8.1804	1.0
0	10485	1.0323	4.9031	2.8976	3.7082	10.5767	1.0
0	10490	0.3154	4.9031	4.3281	4.2352	10.5767	1.0
0	10495	0.3154	2.1453	3.8266	5.7464	6.7889	1.0
0	10500	0.3154	2.1453	3.3816	8.2747	7.2726	1.0
0	10505	0.3798	2.2413	2.8505	8.9467	7.9304	1.0
0	10510	1.1902	1.5407	2.5021	11.6615	2.3043	1.0
0	10515	1.0616	1.9999	3.1263	7.8722	8.7718	1.0
0	10520	1.586	0.6096	3.9565	9.3736	8.7718	1.0
0	10525	1.9975	0.9593	4.7012	1.5596	6.6984	1.0
0	10530	2.0887	2.41	3.7066	1.239	7.6724	1.0
0	10535	0.9268	0.6958	3.1946	0.7515	7.6724	1.0
0	10540	1.7469	1.1469	3.1946	0.4357	7.6724	1.0
0	10545	3.1978	2.0188	2.5093	11.2557	5.5668	1.0
0	10550	2.294	0.3365	3.1829	11.2557	1.3336	1.0
0	10555	3.366	1.5985	3.534	6.3717	2.9403	1.0
0	10560	2.9307	1.1803	3.6725	5.9105	1.2854	1.0
0	10565	2.9353	2.0365	4.2687	6.2775	1.308	1.0
0	10570	2.2447	2.0365	4.2439	0.8192	0.2757	1.0
0	10575	1.3103	2.61	3.024	7.3736	8.8382	1.0
0	10580	1.3606	2.7423	3.5839	6.8495	3.1107	1.0
0	10585	2.3132	3.0208	3.4965	4.3506	9.0734	1.0
0	10590	1.7687	3.4337	2.5639	1.4917	11.7481	1.0
0	10595	1.3994	1.265	4.1004	10.3952	9.1884	1.0
0	10600	1.0956	1.3448	3.3768	3.4636	2.277	1.0
0	10605	0.8467	0.799	4.1962	7.8357	4.7674	1.0
0	10610	2.9758	0.5861	4.5371	10.3105	1.6625	1.0
0	10615	3.9128	2.219	4.3421	0.8156	0.4278	1.0
0	10620	4.1775	1.2458	3.9685	8.8331	0.8223	1.0
0	10625	2.5137	0.6079	3.3345	2.8013	3.3563	1.0
0	10630	1.6298	1.8928	4.7145	4.4387	5.2894	1.0
0	10635	1.6298	0.8083	3.1622	9.8574	8.0619	1.0
0	10640	1.8312	0.3861	2.0167	5.078	11.8431	1.0
0	10645	1.6523	0.2628	2.55	1.8291	11.8431	1.0
0	10650	1.278	1.3905	3.3663	2.981	11.8431	1.0
0	10655	2.8978	1.3905	3.3	8.5493	8.004	1.0
0	10660	1.5553	1.0463	3.8742	9.5734	7.6554	1.0
0	10665	1.4195	0.9094	4.0887	3.2162	3.9622	1.0
0	10670	0.6115	0.9501	4.6044	8.4473	10.811	1.0
0	10675	3.7855	0.2576	4.4501	2.1276	8.8389	1.0
0	10680	1.7366	0.2458	2.6835	2.9278	10.4654	1.0
0	10685	1.4295	0.7244	3.2329	5.6512	6.3143	1.0
0	10690	1.4295	1.7567	2.0764	8.4025	4.9009	1.0
0	10695	2.6253	3.3146	2.2474	5.8333	3.614	1.0
0	10700	1.6018	3.9656	2.9506	6.237	7.1293	1.0
0	10705	0.7389	2.8946	2.8838	6.1746	7.1293	1.0
0	10710	1.4477	2.8144	2.7806	8.2581	8.9869	1.0
0	10715	1.5713	4.8807	2.3836	5.8294	9.5373	1.0
0	10720	0.7914	3.5761	2.2479	10.715	9.5373	1.0
0	10725	1.7225	3.0027	1.9851	10.155	11.0069	1.0
0	10730	1.5143	4.5909	2.3596	7.0353	11.4271	1.0
0	10735	1.1453	1.9441	2.9934	8.7287	9.9063	1.0
0	10740	0.9875	2.7536	3.5077	5.9301	9.9063	1.0
0	10745	0.9875	1.262	3.1271	3.3621	7.6559	1.0
0	10750	1.0425	4.595	2.8178	5.7762	4.749	1.0
0	10755	1.3077	4.5681	2.0106	8.9822	8.1332	1.0
0	10760	0.8288	4.1391	2.5426	4.3112	3.2345	1.0
0	10765	0.6637	6.2938	2.2773	3.4742	7.6554	1.0
0	10770	1.445	7.4415	2.6146	9.4971	9.1003	1.0
0	10775	1.8223	9.5938	2.578	9.4971	4.9895	1.0
0	10780	0.8518	7.0061	2.5949	9.4971	6.6159	1.0
0	10785	1.3031	3.2739	2.0996	5.746	3.7887	1.0
0	10790	1.6236	3.01	2.843	3.5386	3.7079	1.0
0	10795	2.5894	1.5373	2.7797	5.8202	8.7521	1.0
0	10800	3.8223	2.1559	3.0164	9.8996	9.7699	1.0
0	10805	1.6135	0.9597	2.0488	4.9187	11.867	1.0
0	10810	1.8979	2.3624	2.7795	3.0003	9.8709	1.0
0	10815	1.1315	1.4023	3.1759	0.3926	11.7566	1.0
0	10820	1.4114	1.1639	3.6874	11.4541	1.6581	1.0
0	10825	0.7131	4.847	2.9754	9.8464	1.4171	1.0
0	10830	2.053	3.2525	3.0293	2.0369	11.9928	1.0
0	10835	1.9871	1.3713	3.2673	8.0116	9.8173	1.0
0	10840	2.5491	1.2266	4.3092	9.1528	1.8903	1.0
0	10845	1.5051	1.7261	4.2489	10.4132	7.8166	1.0
0	10850	1.6437	0.9689	4.0653	10.6839	4.9206	1.0
0	10855	1.4218	0.7143	4.2544	10.6839	5.7427	1.0
0	10860	1.7433	1.0624	4.0196	10.6839	6.2848	1.0
0	10865	2.7377	1.294	3.4433	10.0057	7.2601	1.0
0	10870	1.9756	1.565	3.6629	0.5416	7.6805	1.0
0	10875	0.958	0.4979	4.2291	5.078	3.8065	1.0
0	10880	2.261	2.2039	4.4912	9.6695	10.3282	1.0
0	10885	1.2876	3.3566	2.9995	9.4353	10.3282	1.0
0	10890	5.6143	0.7255	2.1959	8.2543	5.0766	1.0
0	10895	5.5131	0.6106	2.9919	3.9135	6.5366	1.0
0	10900	1.3897	0.6857	3.6243	7.0836	9.8839	1.0
0	10905	1.3897	0.8452	4.2178	5.0403	7.3348	1.0
0	10910	1.8997	0.7068	3.9642	5.0022	7.5236	1.0
0	10915	0.7485	3.8474	3.2695	2.733	5.2967	1.0
0	10920	1.6752	5.2496	2.3241	0.1815	9.7246	1.0
0	10925	2.4459	3.058	2.6316	0.5872	7.443	1.0
0	10930	1.3631	3.0398	2.7847	0.1138	3.4854	1.0
0	10935	2.0535	6.5302	2.4326	8.5381	2.5221	1.0
0	10940	3.3423	4.8094	2.1396	9.6164	1.8658	1.0
0	10945	2.1688	5.4433	1.9056	5.0851	4.0279	1.0
0	10950	1.9128	8.8142	1.7937	4.5572	7.1744	1.0
0	10955	3.5162	2.4629	1.5711	1.5165	3.6331	1.0
0	10960	1.9778	2.4629	1.9346	0.4917	10.2092	1.0
0	10965	2.0724	2.6528	3.0981	6.6566	10.6267	1.0
0	10970	1.2713	4.0566	3.5337	11.3182	8.67	1.0
0	10975	0.9335	5.7493	3.2946	11.7392	4.0752	1.0
0	10980	1.3463	6.678	2.698	5.8521	8.3602	1.0
0	10985	1.3106	5.979	2.193	8.0444	4.7239	1.0
0	10990	1.3106	2.3984	2.7671	8.135	10.6061	1.0
0	10995	1.4939	2.2074	2.726	4.7717	7.0022	1.0
0	11000	0.665	2.3654	2.6291	8.7489	11.6132	1.0
0	11005	1.4284	4.135	2.0903	8.7489	11.1589	1.0
0	11010	1.3764	3.8191	2.795	8.7489	7.7291	1.0
0	11015	1.762	4.1019	2.9271	6.8911	5.4874	1.0
0	11020	2.0203	2.6936	2.7164	4.4829	9.623	1.0
0	11025	2.5336	1.9044	3.6714	0.7532	3.7136	1.0
0	11030	1.1687	2.7369	3.334	7.3858	7.8435	1.0
0	11035	1.3364	1.9182	2.981	10.8969	7.8435	1.0
0	11040	1.1927	1.4276	3.0617	9.2856	8.6598	1.0
0	11045	1.4312	0.7901	2.6969	4.1207	1.4441	1.0
0	11050	2.5627	1.8387	3.2614	8.5125	4.1458	1.0
0	11055	1.804	0.9621	2.2104	7.7562	2.3433	1.0
0	11060	2.7946	1.6037	3.294	7.7562	11.4283	1.0
0	11065	0.6407	0.5085	3.4184	8.3408	11.4283	1.0
0	11070	1.2113	0.4346	3.4913	4.0118	11.4283	1.0
0	11075	3.3577	0.7533	2.6463	6.4585	11.2147	1.0
0	11080	1.9806	2.4336	3.2412	5.152	11.2147	1.0
0	11085	1.9806	2.4336	2.4045	3.7932	8.7852	1.0
0	11090	1.1724	4.2358	3.438	11.7367	1.444	1.0
0	11095	0.8137	7.7451	4.0438	3.6062	1.2782	1.0
0	11100	1.442	7.7451	4.2062	6.5999	2.1312	1.0
0	11105	1.1208	7.7451	2.8657	1.1261	8.8311	1.0
0	11110	1.4109	7.9851	2.6738	6.3784	2.4559	1.0
0	11115	1.5841	8.1994	2.4981	0.7131	5.2071	1.0
0	11120	0.9874	6.1701	2.5132	5.4116	4.9705	1.0
0	11125	1.0518	6.1701	2.8481	11.141	3.9614	1.0
0	11130	1.6246	5.9117	3.331	11.141	3.364	1.0
0	11135	2.2378	1.2132	2.9056	11.141	0.6368	1.0
0	11140	1.3077	1.0612	5.1251	4.4251	8.5096	1.0
0	11145	2.0339	0.9452	2.9918	0.6354	8.635	1.0
0	11150	2.8364	0.6941	2.4381	1.5124	10.4304	1.0
0	11155	3.0015	0.8643	2.3426	0.2045	6.6035	1.0
0	11160	3.8105	1.0874	2.2541	0.2465	10.0535	1.0
0	11165	1.2964	5.3725	2.9012	1.7963	4.5875	1.0
0	11170	2.8428	9.2037	1.7725	2.5658	4.5586	1.0
0	11175	4.1654	9.2037	1.545	8.1503	10.3918	1.0
0	11180	0.9185	8.0719	2.0515	2.72	3.1841	1.0
0	11185	2.4344	7.8737	1.8869	5.5055	3.7594	1.0
0	11190	3.6289	7.1258	1.9977	2.7744	5.8881	1.0
0	11195	1.4575	8.3137	2.9752	7.7831	5.0008	1.0
0	11200	2.2745	7.7693	2.473	8.5814	6.2175	1.0
0	11205	2.2745	7.1325	2.4043	10.8639	6.9624	1.0
0	11210	1.2773	6.6914	3.4565	5.2095	0.737	1.0
0	11215	1.7201	6.6914	2.5615	3.2412	0.2708	1.0
0	11220	1.7201	1.0359	4.444	7.9492	0.5807	1.0
0	11225	0.7696	0.9199	2.9918	9.8687	11.9139	1.0
0	11230	1.7926	0.2789	4.6748	5.9729	5.6601	1.0
0	11235	0.903	0.267	5.1108	2.6773	3.8596	1.0
0	11240	0.4899	0.5526	3.7759	2.7193	10.1812	1.0
0	11245	3.0236	0.8131	3.8383	7.5223	0.5748	1.0
0	11250	4.293	1.3559	4.2473	3.7499	3.6229	1.0
0	11255	2.7045	0.4844	3.8497	9.297	3.7603	1.0
0	11260	1.166	1.1782	2.3227	10.9134	2.1603	1.0
0	11265	1.1654	4.4794	4.4363	11.3249	0.3505	1.0
0	11270	1.1654	4.7492	5.5959	6.9921	0.6767	1.0
0	11275	0.9276	2.3456	5.9261	6.0051	2.9875	1.0
0	11280	1.0337	2.7044	2.9473	11.8333	6.4374	1.0
0	11285	1.4278	2.1686	3.9283	11.8333	8.447	1.0
0	11290	2.865	0.9852	2.6393	11.265	11.3542	1.0
0	11295	1.2571	1.6897	2.5483	10.2479	2.2489	1.0
0	11300	4.3587	2.4601	2.2926	10.2479	9.6785	1.0
0	11305	1.4949	2.4429	1.9084	10.9548	7.5261	1.0
0	11310	2.7965	1.8112	1.9443	3.936	2.4205	1.0
0	11315	2.3463	2.5282	2.9768	0.9329	5.9858	1.0
0	11320	1.8586	2.4824	3.2061	0.3777	5.1827	1.0
0	11325	2.3176	2.9864	2.8047	0.3984	8.1827	1.0
0	11330	1.1196	2.2461	3.4683	0.1625	5.5882	1.0
0	11335	0.728	1.1565	3.539	7.1358	11.9405	1.0
0	11340	1.5464	1.7072	4.1892	6.6336	3.2277	1.0
0	11345	1.3237	2.3993	3.6669	7.2512	3.2655	1.0
0	11350	1.5155	2.3993	3.4713	8.0898	4.3839	1.0
0	11355	1.6844	0.997	2.9471	4.0384	1.6143	1.0
0	11360	4.4715	0.3999	4.3256	3.9161	6.3202	1.0
0	11365	1.0465	0.5323	3.7429	4.2792	3.8927	1.0
0	11370	2.317	0.4263	4.4779	10.6444	3.1772	1.0
0	11375	1.5845	1.4355	3.9779	8.8099	1.4628	1.0
0	11380	2.2125	1.4532	4.2978	9.8981	2.6573	1.0
0	11385	2.4862	3.2461	3.6065	6.4708	6.5477	1.0
0	11390	1.7156	3.2599	3.8969	2.5576	11.9478	1.0
0	11395	1.0163	3.2599	2.8118	0.9064	9.686	1.0
0	11400	0.9657	3.9937	3.0264	3.1991	10.5339	1.0
0	11405	1.3943	2.2673	4.1154	2.5408	9.043	1.0
0	11410	1.4712	1.8091	3.9946	2.7981	4.796	1.0
0	11415	1.4625	1.5773	5.5646	1.713	2.6083	1.0
0	11420	2.6449	1.152	3.8325	4.2479	1.2619	1.0
0	11425	3.1629	2.0585	3.9814	2.059	8.9276	1.0
0	11430	3.3027	1.7181	4.2358	7.2608	11.9822	1.0
0	11435	1.1249	1.7181	3.4339	6.346	5.8669	1.0
0	11440	2.1771	0.9572	2.984	8.2421	6.0475	1.0
0	11445	1.0712	1.0466	4.0521	5.2093	6.0475	1.0
0	11450	1.8641	0.8326	3.0014	5.9026	9.4759	1.0
0	11455	3.1436	1.0836	2.541	6.3257	9.8213	1.0
0	11460	5.3823	1.5292	2.0471	1.6659	10.5526	1.0
0	11465	2.2683	1.9474	1.8352	8.1625	10.5526	1.0
0	11470	1.8031	1.7821	2.168	6.6908	10.1572	1.0
0	11475	1.7132	5.0397	2.036	11.6309	11.1528	1.0
0	11480	2.4987	1.5087	2.1581	3.8854	10.7458	1.0
0	11485	1.515	0.7732	2.0446	10.7691	4.1085	1.0
0	11490	1.6556	0.5754	2.5668	11.4441	6.6184	1.0
0	11495	1.4316	0.9005	3.412	11.1792	8.7229	1.0
0	11500	2.291	1.1552	2.2876	6.5578	9.264	1.0
0	11505	0.9281	1.8018	3.8405	2.5303	3.2195	1.0
0	11510	1.1753	2.036	3.3447	5.593	3.0116	1.0
0	11515	0.3418	2.3239	3.2579	7.6661	0.5499	1.0
0	11520	1.0139	3.7366	3.9789	7.4515	1.6173	1.0
0	11525	1.8342	6.0738	2.9427	7.4615	1.3524	1.0
0	11530	1.7522	5.5508	2.9836	6.0127	5.5017	1.0
0	11535	1.8126	4.8349	3.5374	4.2898	11.0633	1.0
0	11540	2.7051	4.2609	3.2625	5.8724	4.3185	1.0
0	11545	0.9761	2.0578	2.8264	3.0662	9.6209	1.0
0	11550	0.9617	2.5405	3.5562	11.3774	7.4743	1.0
0	11555	1.4132	6.2137	3.6048	3.8749	7.3069	1.0
0	11560	1.0614	5.867	3.0921	4.2189	3.3265	1.0
0	11565	1.2483	4.3304	2.5743	6.2622	9.0086	1.0
0	11570	3.4086	0.5086	2.4985	0.6068	9.177	1.0
0	11575	3.4086	0.6327	4.2835	0.1366	6.2279	1.0
0	11580	1.2971	0.5945	4.1547	0.2937	11.737	1.0
0	11585	1.3236	1.7878	3.232	7.5976	6.444	1.0
0	11590	1.0786	0.6176	2.2653	11.8085	11.6872	1.0
0	11595	1.5861	3.0682	1.8229	10.9249	2.9463	1.0
0	11600	1.2484	2.3901	2.9487	3.3152	9.4074	1.0
0	11605	0.8901	2.3901	2.8228	9.6547	9.6781	1.0
0	11610	1.4791	2.2211	2.8098	5.4874	8.6505	1.0
0	11615	1.0026	0.4711	3.055	8.557	8.0941	1.0
0	11620	2.9242	0.3442	2.0544	5.6363	8.0941	1.0
0	11625	3.0486	0.6913	2.3512	4.5579	11.4427	1.0
0	11630	2.0423	0.4751	3.5545	2.0032	2.7617	1.0
0	11635	3.9249	0.6644	2.0268	10.1234	7.2164	1.0
0	11640	4.3739	0.5759	4.007	2.3476	4.8842	1.0
0	11645	2.7405	0.8228	3.2239	7.6948	5.3231	1.0
0	11650	1.8335	1.2847	2.4238	9.7727	2.8796	1.0
0	11655	2.5253	1.058	2.2171	7.8448	9.8288	1.0
0	11660	2.012	0.985	2.4079	6.2069	9.8288	1.0
0	11665	1.6995	0.6909	2.2901	7.3563	7.2132	1.0
0	11670	0.9653	1.0598	3.2054	6.3385	7.7515	1.0
0	11675	0.7963	1.5933	4.2714	8.1025	7.7515	1.0
0	11680	0.8408	0.7284	3.9155	5.5176	1.6512	1.0
0	11685	2.0151	2.7733	2.4558	4.2585	2.302	1.0
0	11690	1.2047	2.7175	3.476	11.0454	4.673	1.0
0	11695	1.3207	7.9404	2.605	5.3669	10.1025	1.0
0	11700	0.9738	6.6227	2.6673	2.112	6.6905	1.0
0	11705	1.2114	8.2435	2.7005	5.1982	7.6105	1.0
0	11710	2.9205	2.881	2.2761	11.2426	7.3847	1.0
0	11715	0.9484	4.2398	1.8609	4.7929	3.2023	1.0
0	11720	1.4756	2.0172	2.0954	4.1425	7.4823	1.0
0	11725	2.5536	2.0172	2.8663	4.6032	3.4577	1.0
0	11730	2.8964	1.1242	2.5996	6.1391	3.6284	1.0
0	11735	4.2272	1.3965	3.9409	1.61	5.1478	1.0
0	11740	5.3773	0.894	4.305	2.1293	7.0516	1.0
0	11745	4.8624	0.49	3.0764	0.8807	3.0375	1.0
0	11750	4.3851	2.9673	3.2304	3.247	2.6637	1.0
0	11755	3.4879	1.1557	3.765	4.5293	0.4907	1.0
0	11760	4.3796	2.0053	4.3037	7.0559	0.1836	1.0
0	11765	2.7387	0.5091	2.215	10.7329	8.4105	1.0
0	11770	1.1843	1.0671	2.6949	7.9044	5.097	1.0
0	11775	1.55	2.3571	4.6085	7.9044	2.3288	1.0
0	11780	0.7224	2.387	2.9789	4.8049	3.8715	1.0
0	11785	0.9253	2.7407	2.5754	3.4466	3.1434	1.0
0	11790	2.7401	2.1882	2.0098	0.2829	4.076	1.0
0	11795	1.5287	1.8968	2.4736	8.0755	7.5323	1.0
0	11800	1.5928	1.1535	2.0304	4.7087	10.1352	1.0
0	11805	2.0397	2.2497	3.7027	10.0175	7.9711	1.0
0	11810	4.0101	2.8806	3.1371	10.0175	10.185	1.0
0	11815	1.1454	1.9168	2.6426	7.5289	5.2572	1.0
0	11820	3.2302	1.3538	2.9849	5.9017	7.0391	1.0
0	11825	1.455	1.4844	4.2243	11.4725	7.897	1.0
0	11830	1.0656	1.9236	3.8497	9.4751	9.2627	1.0
0	11835	1.3166	1.9236	3.0499	4.4977	6.8978	1.0
0	11840	3.1426	3.2415	2.011	2.8587	10.4225	1.0
0	11845	2.1361	2.398	2.4605	0.7081	5.0476	1.0
0	11850	3.1872	1.8437	1.4704	3.4043	3.3152	1.0
0	11855	4.085	2.0367	3.1227	2.4899	5.2891	1.0
0	11860	4.085	2.588	3.4646	0.1158	2.379	1.0
0	11865	1.1722	3.036	2.4494	0.8343	6.4271	1.0
0	11870	0.8559	3.036	2.4794	4.8633	9.0818	1.0
0	11875	1.3772	4.1442	2.4602	5.0738	11.1038	1.0
0	11880	1.3392	3.5401	2.9683	7.8033	6.0886	1.0
0	11885	2.2927	3.0439	2.4481	2.2086	8.3312	1.0
0	11890	3.9645	1.1307	1.914	2.9331	5.8298	1.0
0	11895	2.649	1.0303	2.3314	6.5106	5.0016	1.0
0	11900	2.649	1.3923	2.6553	8.3584	9.3801	1.0
0	11905	1.5842	1.4681	2.7904	7.0452	11.7709	1.0
0	11910	1.3199	3.3877	2.7904	8.4916	8.3573	1.0
0	11915	0.9044	1.6629	3.344	8.0148	5.1718	1.0
0	11920	0.9507	3.0345	2.1344	5.8192	4.848	1.0
0	11925	1.1519	1.3786	4.0223	2.8344	4.0919	1.0
0	11930	2.3778	2.0638	3.5034	10.574	7.9949	1.0
0	11935	0.7926	1.1317	3.6891	10.2672	6.1911	1.0
0	11940	1.0859	0.4025	3.6655	10.2672	5.1378	1.0
0	11945	1.8181	0.6084	3.1883	6.5874	10.67	1.0
0	11950	1.2926	1.1852	3.1883	0.5664	10.67	1.0
0	11955	1.3533	1.0851	3.0445	11.7188	10.8896	1.0
0	11960	1.3973	5.094	2.5347	6.0631	4.212	1.0
0	11965	1.7251	5.6039	2.8232	11.5321	6.2626	1.0
0	11970	1.7064	4.0765	1.9719	2.4294	7.7943	1.0
0	11975	2.1542	3.1002	2.4855	0.9493	9.5052	1.0
0	11980	3.3616	6.7538	2.3361	4.1186	5.0769	1.0
0	11985	2.0857	5.6786	2.6881	2.4753	7.5626	1.0
0	11990	1.8184	4.5766	1.9423	11.7985	7.9234	1.0
0	11995	1.973	6.6218	1.9693	10.2593	7.9234	1.0
1	2000	2.6069	1.1609	2.9013	2.2954	0.5569	1.0
1	2005	1.9986	1.9282	2.3314	0.765	10.2719	1.0
1	2010	3.4738	1.9554	3.3702	8.8602	10.3609	1.0
1	2015	1.2245	0.6976	3.985	5.0442	10.3609	1.0
1	2020	1.1524	1.385	3.9819	1.7696	9.953	1.0
1	2025	2.0464	1.385	2.4858	7.9759	5.7969	1.0
1	2030	2.1822	1.385	2.6155	7.3563	10.0778	1.0
1	2035	0.8967	3.0249	2.9645	8.5773	2.8009	1.0
1	2040	1.3486	3.0249	2.2737	8.1913	1.1675	1.0
1	2045	0.8904	2.545	2.9357	8.1913	1.9881	1.0
1	2050	1.3799	2.4307	3.8592	8.2398	4.9046	1.0
1	2055	0.6139	3.9436	2.9663	7.6166	5.6667	1.0
1	2060	1.0267	6.699	1.9301	8.5864	3.2807	1.0
1	2065	1.4175	1.6837	2.1448	2.5602	8.9911	1.0
1	2070	1.1607	1.7104	2.4268	5.4747	8.9911	1.0
1	2075	1.5864	1.7337	2.8051	8.4341	4.2545	1.0
1	2080	1.5864	1.2136	2.5379	6.1359	11.9009	1.0
1	2085	1.6966	2.1633	3.196	5.9063	6.1643	1.0
1	2090	2.0198	1.4095	2.9819	6.1043	5.9584	1.0
1	2095	1.2448	1.4095	4.6793	5.6782	7.8467	1.0
1	2100	1.6854	1.4095	4.598	4.23	9.8247	1.0
1	2105	0.984	2.0052	2.7122	2.3614	3.9727	1.0
1	2110	1.6718	2.1038	2.895	0.3351	2.344	1.0
1	2115	1.1175	2.1038	2.8971	0.2322	10.5364	1.0
1	2120	1.6772	1.7125	2.8016	0.3542	5.5798	1.0
1	2125	3.2152	2.6458	2.4516	0.5012	2.1596	1.0
1	2130	1.3787	4.6887	3.3101	0.1136	6.6555	1.0
1	2135	1.3829	4.6887	3.0023	0.5495	1.8204	1.0
1	2140	0.5819	4.6887	3.1447	0.1172	3.417	1.0
1	2145	1.0913	3.8791	2.7843	2.9047	5.6301	1.0
1	2150	1.2367	3.8791	3.0304	8.7261	7.4774	1.0
1	2155	2.5304	3.2545	2.6268	2.3971	9.129	1.0
1	2160	0.878	0.9832	3.254	9.284	4.366	1.0
1	2165	1.2942	2.8345	3.0245	10.6666	0.5095	1.0
1	2170	1.8684	4.6491	2.6371	8.1385	3.7331	1.0
1	2175	1.3144	5.0464	2.1824	5.4041	1.5516	1.0
1	2180	1.8245	4.0242	2.6777	0.8486	1.5269	1.0
1	2185	3.5447	4.0242	1.6869	4.2193	4.4167	1.0
1	2190	2.9636	2.8312	2.323	9.4937	9.0678	1.0
1	2195	2.0487	2.3699	2.8823	11.0755	5.3131	1.0
1	2200	1.7826	2.525	2.0497	11.0755	8.0244	1.0
1	2205	2.0982	1.9367	4.0942	5.168	8.5551	1.0
1	2210	1.1193	0.9435	2.5277	8.0414	11.176	1.0
1	2215	1.8036	1.4611	4.0418	10.8813	2.319	1.0
1	2220	1.9382	0.2253	4.5834	10.2198	7.7017	1.0
1	2225	0.8678	0.1763	3.739	0.6371	0.3129	1.0
1	2230	1.8385	1.3241	5.7471	3.1741	0.8968	1.0
1	2235	3.1815	1.6208	2.3732	6.9305	8.3483	1.0
1	2240	0.6947	1.6208	2.886	7.0808	11.7985	1.0
1	2245	2.9154	0.7344	3.0195	5.1165	7.6879	1.0
1	2250	2.7203	1.3211	3.3234	5.3445	4.5424	1.0
1	2255	3.7991	1.3211	2.425	11.616	5.7824	1.0
1	2260	1.2292	3.6517	2.5168	8.0899	7.6861	1.0
1	2265	1.3947	2.3402	2.0177	4.888	2.2888	1.0
1	2270	2.5978	3.0158	2.5457	3.1944	10.8746	1.0
1	2275	0.8786	6.341	3.2596	1.36	3.1887	1.0
1	2280	0.9169	9.8822	3.3225	1.0454	9.4816	1.0
1	2285	0.474	6.1212	3.3089	9.498	7.6621	1.0
1	2290	0.731	6.1212	4.0109	0.7931	10.583	1.0
1	2295	0.8058	6.1212	3.0877	1.0036	2.8299	1.0
1	2300	2.0487	7.7682	2.5784	0.1393	6.903	1.0
1	2305	1.8742	8.3751	2.7703	3.9924	10.9055	1.0
1	2310	1.7405	6.366	3.4514	4.4181	10.0411	1.0
1	2315	1.4105	6.366	2.3839	11.6112	10.0411	1.0
1	2320	1.862	5.4982	2.6125	11.4608	10.6598	1.0
1	2325	2.8122	3.3964	2.6394	11.4608	11.9767	1.0
1	2330	1.1511	1.0996	3.4818	11.4608	11.9767	1.0
1	2335	1.1511	2.8192	3.8219	5.1887	9.9451	1.0
1	2340	0.621	2.0499	3.8219	8.3432	5.9975	1.0
1	2345	2.5615	1.8921	2.873	1.3097	10.4437	1.0
1	2350	2.3864	0.7763	3.2776	5.8844	10.4437	1.0
1	2355	2.3864	1.0444	2.6957	6.8133	10.4437	1.0
1	2360	2.4539	1.3311	2.2801	5.6178	6.608	1.0
1	2365	3.9989	0.7438	1.9267	7.6564	5.7272	1.0
1	2370	3.4265	2.4441	2.5811	7.8089	9.926	1.0
1	2375	1.9969	3.7112	2.4751	4.3765	6.5008	1.0
1	2380	1.3383	5.3035	2.9425	6.63	9.5328	1.0
1	2385	2.2733	5.3035	3.0225	8.8356	9.4714	1.0
1	2390	1.8178	2.4823	2.8485	9.3597	6.0282	1.0
1	2395	1.5629	0.5686	2.0178	7.7817	9.4923	1.0
1	2400	1.5017	1.5371	2.2271	8.1108	11.8516	1.0
1	2405	1.2075	1.5992	2.1609	7.9476	5.3323	1.0
1	2410	0.8611	1.1366	3.8849	10.321	2.6097	1.0
1	2415	0.9304	2.2041	3.0131	10.321	2.8842	1.0
1	2420	0.9467	2.2138	4.3135	10.321	3.6683	1.0
1	2425	1.3436	1.5293	5.0545	5.4651	1.3363	1.0
1	2430	3.6748	0.7786	3.6027	4.8384	9.0612	1.0
1	2435	2.8982	0.5026	2.9575	0.6268	5.113	1.0
1	2440	1.568	1.1163	3.8972	0.3456	6.1554	1.0
1	2445	2.1912	0.8358	3.9731	0.6824	11.8049	1.0
1	2450	0.9316	0.3852	3.5761	0.5666	11.8049	1.0
1	2455	1.5958	0.1647	4.2287	5.2887	5.1477	1.0
1	2460	2.9814	1.4144	3.3665	6.4913	0.472	1.0
1	2465	2.258	0.8994	3.7356	11.2932	0.2908	1.0
1	2470	2.0074	2.3112	3.3834	11.2932	0.5563	1.0
1	2475	2.3437	2.2932	3.4721	7.3215	0.1178	1.0
1	2480	4.4034	0.7848	3.207	6.9787	1.7806	1.0
1	2485	3.0258	0.5522	2.831	3.5525	6.4562	1.0
1	2490	1.7271	1.2469	3.4926	7.1204	1.8246	1.0
1	2495	0.6915	1.2469	2.8547	7.4256	0.8591	1.0
1	2500	2.5515	2.2523	2.4597	11.7617	1.0811	1.0
1	2505	2.3888	0.4034	2.5679	9.7531	11.2814	1.0
1	2510	2.0285	3.0146	2.5679	11.2017	8.3645	1.0
1	2515	0.601	4.3678	2.724	4.5418	9.673	1.0
1	2520	1.5588	8.7359	2.0841	5.8493	11.7452	1.0
1	2525	0.8091	8.7359	2.4329	4.8117	7.8243	1.0
1	2530	0.9472	5.7194	2.3945	2.6037	4.0143	1.0
1	2535	0.945	6.3695	2.6445	3.9936	5.1102	1.0
1	2540	2.5731	7.2154	3.4862	9.8404	1.0182	1.0
1	2545	2.0557	7.5399	1.9398	0.4797	2.2681	1.0
1	2550	1.9374	7.5399	2.0605	2.3071	4.7083	1.0
1	2555	1.9374	7.5399	2.0605	8.3633	2.6754	1.0
1	2560	1.7541	5.6693	2.3456	3.3488	4.0129	1.0
1	2565	1.9297	5.6693	2.5643	1.6583	1.8537	1.0
1	2570	1.7601	5.6693	1.7945	4.605	2.0084	1.0
1	2575	2.0558	7.593	2.0635	9.1117	6.0829	1.0
1	2580	0.8497	8.003	2.0218	2.2025	6.7765	1.0
1	2585	0.8497	8.003	2.9989	3.1794	9.1791	1.0
1	2590	0.7852	3.6481	2.9484	5.8062	5.1786	1.0
1	2595	0.691	4.1691	3.445	6.2766	3.0724	1.0
1	2600	1.2909	4.0542	3.445	7.1302	10.7309	1.0
1	2605	1.0246	3.3152	3.7913	2.8622	10.7309	1.0
1	2610	0.5286	3.3152	2.3865	5.3583	5.2928	1.0
1	2615	1.3031	7.8455	2.5448	6.2114	6.2207	1.0
1	2620	1.3486	5.0667	3.4819	11.283	6.0273	1.0
1	2625	0.6625	4.255	4.0864	3.9271	8.8399	1.0
1	2630	0.8825	4.2264	2.5276	1.345	8.8399	1.0
1	2635	0.9897	4.2264	2.0269	3.1301	1.4936	1.0
1	2640	1.6668	5.333	2.0269	2.0005	11.3192	1.0
1	2645	1.2164	2.4298	3.1523	2.8596	5.7709	1.0
1	2650	0.6769	2.3445	2.418	8.4078	9.7858	1.0
1	2655	2.1855	2.3445	2.2918	8.4373	6.2779	1.0
1	2660	1.8506	2.006	3.5392	8.4373	5.1407	1.0
1	2665	0.7978	2.7936	2.8091	6.9355	2.1369	1.0
1	2670	1.3862	2.7936	2.6397	6.3618	7.8524	1.0
1	2675	1.0165	4.5936	3.0109	3.2302	9.5038	1.0
1	2680	1.0825	4.5936	2.3611	5.8513	7.2177	1.0
1	2685	1.7625	2.173	2.2568	6.4116	4.1194	1.0
1	2690	1.0453	0.5207	3.4432	11.4147	2.2764	1.0
1	2695	1.578	0.5207	3.858	5.9117	6.5631	1.0
1	2700	2.3201	1.7903	5.6918	4.2036	6.5631	1.0
1	2705	2.219	1.2727	3.6102	7.3363	1.0171	1.0
1	2710	2.7544	1.154	3.2703	3.6822	0.4845	1.0
1	2715	2.7544	1.4105	3.5115	8.8169	3.3183	1.0
1	2720	1.1061	2.0286	2.0941	8.8169	6.966	1.0
1	2725	2.0118	6.4449	1.9619	3.1062	10.1798	1.0
1	2730	1.0128	2.7576	2.5892	11.2071	8.0117	1.0
1	2735	1.4444	7.0074	2.5892	11.2071	6.0911	1.0
1	2740	2.2831	7.0074	2.1263	4.7645	1.8098	1.0
1	2745	2.5051	4.8438	2.0216	2.8366	5.2558	1.0
1	2750	1.4318	5.5696	2.0024	5.2558	1.6004	1.0
1	2755	1.45	6.9992	2.436	4.319	0.8485	1.0
1	2760	2.6447	8.1111	2.1115	6.0943	0.9011	1.0
1	2765	1.7202	6.0157	1.9015	0.3092	0.4427	1.0
1	2770	2.0834	7.9545	2.2767	10.5546	1.3277	1.0
1	2775	1.5027	4.5701	2.3422	3.7059	5.2211	1.0
1	2780	1.6886	1.5948	2.2038	6.4675	9.2573	1.0
1	2785	0.773	1.7737	3.5691	6.4675	4.8938	1.0
1	2790	1.7887	2.1467	2.8847	9.4929	11.673	1.0
1	2795	2.9439	5.1985	1.4663	4.269	3.8246	1.0
1	2800	0.9498	2.6276	2.0608	7.8198	6.3597	1.0
1	2805	1.0	2.0719	2.883	11.4538	7.5367	1.0
1	2810	1.0047	3.2015	3.2262	9.3937	10.3688	1.0
1	2815	1.998	4.5271	2.812	9.3937	10.274	1.0
1	2820	2.9207	4.7832	1.9148	8.1252	10.274	1.0
1	2825	1.807	4.7832	1.9483	9.3561	10.274	1.0
1	2830	1.043	4.9604	2.3753	5.4203	3.8039	1.0
1	2835	1.5338	4.8332	2.4358	3.1616	3.5682	1.0
1	2840	1.1865	4.8332	2.4358	1.8761	8.6408	1.0
1	2845	1.0073	2.9924	3.8719	8.3169	9.2973	1.0
1	2850	1.3383	2.3909	3.8719	8.3169	9.2973	1.0
1	2855	0.735	0.908	3.815	11.3566	1.0852	1.0
1	2860	2.8113	0.5298	4.3851	0.5528	0.9813	1.0
1	2865	5.4797	1.6253	4.5681	0.5477	1.3297	1.0
1	2870	0.9569	1.6253	3.4509	1.614	1.4461	1.0
1	2875	1.7997	2.0479	3.4509	2.7093	2.4749	1.0
1	2880	0.8253	1.8165	2.9854	4.3196	0.9437	1.0
1	2885	1.3627	1.626	3.02	2.8263	2.8812	1.0
1	2890	2.3119	3.1154	2.3602	0.2132	2.4653	1.0
1	2895	0.8452	5.2229	2.5079	4.315	3.9412	1.0
1	2900	2.7365	2.8627	2.8381	7.1896	1.6036	1.0
1	2905	2.3194	3.3856	2.9001	9.8389	5.3963	1.0
1	2910	1.1861	2.0662	3.4425	6.7866	10.2576	1.0
1	2915	1.0508	1.7783	2.6856	5.9025	10.0353	1.0
1	2920	0.3298	1.7719	3.3364	11.8716	9.6966	1.0
1	2925	0.3888	1.0993	3.3364	2.6674	11.7282	1.0
1	2930	0.3965	2.2661	3.9105	6.1249	8.0869	1.0
1	2935	1.2593	2.1061	4.5986	10.1906	1.5979	1.0
1	2940	1.9635	1.4917	3.4747	6.4314	1.3354	1.0
1	2945	1.3969	2.0412	4.0212	5.1821	5.76	1.0
1	2950	1.174	2.0412	2.7433	5.1821	2.937	1.0
1	2955	1.1045	4.1942	2.4442	9.3584	4.7432	1.0
1	2960	4.1141	1.7263	2.3447	6.2349	4.19	1.0
1	2965	1.8636	1.5541	2.4993	6.9414	8.0181	1.0
1	2970	2.3939	1.0812	3.202	5.2111	7.8192	1.0
1	2975	2.3602	0.4237	3.9406	7.3816	7.7209	1.0
1	2980	2.3201	0.8468	2.2785	7.4854	9.1754	1.0
1	2985	5.4424	0.7857	3.1938	10.8907	1.3664	1.0
1	2990	3.2898	3.6809	2.3879	2.6824	1.3902	1.0
1	2995	3.6671	1.4834	1.9338	10.0924	0.1704	1.0
1	3000	1.9909	1.709	2.4875	1.0626	0.5152	1.0
1	3005	2.4447	2.173	1.7656	8.1061	2.6854	1.0
1	3010	2.4447	2.222	1.4324	9.2688	11.4837	1.0
1	3015	1.2752	2.6971	2.507	0.7813	9.6745	1.0
1	3020	1.8802	5.2616	1.9228	3.9867	3.5178	1.0
1	3025	1.8802	7.102	2.5576	10.3942	1.91	1.0
1	3030	1.8802	7.672	2.0538	1.8988	6.7223	1.0
1	3035	1.8802	4.1614	2.577	2.5542	10.9793	1.0
1	3040	1.4576	2.4461	2.577	11.3774	10.9134	1.0
1	3045	1.7548	1.1012	2.7148	11.3774	11.2271	1.0
1	3050	2.2581	0.236	2.5561	11.3774	11.5844	1.0
1	3055	2.8539	2.2672	3.7734	10.3373	11.5844	1.0
1	3060	1.8845	2.2672	3.7734	11.1696	9.0445	1.0
1	3065	1.9236	2.236	3.8332	9.5302	9.1257	1.0
1	3070	1.9855	1.6649	3.184	5.409	11.3333	1.0
1	3075	2.3501	2.1899	1.8469	4.0655	4.7689	1.0
1	3080	1.333	2.2334	2.3373	2.545	2.1374	1.0
1	3085	1.6347	2.5581	3.5263	1.9297	1.0825	1.0
1	3090	2.2083	3.9379	2.6766	9.1798	2.9486	1.0
1	3095	0.8771	2.4096	2.6111	9.1798	11.5602	1.0
1	3100	1.5872	3.1545	3.7115	3.2115	6.6518	1.0
1	3105	1.8676	3.1545	2.5399	3.3971	0.262	1.0
1	3110	1.2522	6.053	2.4978	1.8076	0.2389	1.0
1	3115	1.588	5.8079	1.6236	4.607	3.7441	1.0
1	3120	3.8015	1.9592	2.7401	8.8079	0.3248	1.0
1	3125	3.6444	1.6388	3.0736	8.0171	1.0638	1.0
1	3130	4.492	3.0892	2.3165	5.4113	0.7613	1.0
1	3135	0.6324	7.4576	2.6374	3.2147	1.5804	1.0
1	3140	0.9338	7.6953	2.4014	4.8248	5.0215	1.0
1	3145	1.3808	9.6148	3.1872	10.1859	7.4456	1.0
1	3150	1.2919	4.7519	3.7024	10.1859	7.7778	1.0
1	3155	1.785	2.3463	3.7024	10.3863	5.56	1.0
1	3160	1.6019	1.7214	3.4162	10.7659	3.7693	1.0
1	3165	1.0116	0.5155	3.5312	8.9872	7.4065	1.0
1	3170	1.0116	1.1446	4.4054	6.5029	3.7668	1.0
1	3175	2.2561	2.4846	2.9892	3.1823	9.1993	1.0
1	3180	3.2045	2.1929	1.7865	9.1412	10.193	1.0
1	3185	1.552	1.4535	2.4888	5.8298	6.8526	1.0
1	3190	2.4952	0.7215	3.0836	7.6133	1.6221	1.0
1	3195	3.8734	1.1559	2.3628	7.6133	2.5744	1.0
1	3200	2.6126	1.1559	2.3628	3.1258	7.6784	1.0
1	3205	2.0142	0.5619	2.0317	7.9031	1.9867	1.0
1	3210	2.1225	0.4643	2.6087	10.8287	7.3592	1.0
1	3215	2.1225	0.9408	2.3633	7.0618	9.718	1.0
1	3220	2.0624	0.33	2.997	4.3813	11.5497	1.0
1	3225	0.913	0.33	3.7718	1.0702	9.176	1.0
1	3230	1.4706	0.5745	4.9569	0.191	11.5746	1.0
1	3235	1.5906	1.0865	3.4382	0.1712	7.2628	1.0
1	3240	0.9392	1.5781	3.7847	0.872	8.9906	1.0
1	3245	2.2061	1.9351	2.7463	5.0443	6.0014	1.0
1	3250	2.2975	0.8873	3.518	4.3973	3.1405	1.0
1	3255	2.5507	1.7751	3.0381	2.5153	2.5716	1.0
1	3260	1.6692	1.7552	2.5834	10.56	6.5273	1.0
1	3265	2.5772	1.7552	3.6497	10.842	6.3876	1.0
1	3270	2.7333	0.1702	2.8831	10.842	1.3158	1.0
1	3275	2.6448	1.2768	3.6811	8.9121	1.624	1.0
1	3280	0.6203	1.9296	4.9545	2.9105	2.1979	1.0
1	3285	2.1171	1.3484	3.6249	3.4862	2.8763	1.0
1	3290	2.544	0.5422	1.9424	7.0038	7.379	1.0
1	3295	2.544	0.9145	2.2809	10.0871	9.235	1.0
1	3300	1.1944	1.4134	3.1677	9.9551	9.683	1.0
1	3305	0.7879	2.8837	5.0518	6.6508	11.3805	1.0
1	3310	1.4545	4.0974	3.0888	10.4968	6.2296	1.0
1	3315	2.2187	1.4185	2.7719	10.2639	4.3111	1.0
1	3320	2.2187	1.1912	3.7631	9.0099	6.4844	1.0
1	3325	0.7747	3.0846	2.0787	11.6779	8.2093	1.0
1	3330	1.2942	3.0846	2.5664	9.3792	8.2093	1.0
1	3335	1.1574	3.0846	2.5664	6.4583	10.8349	1.0
1	3340	1.1921	2.8242	2.0917	7.4715	3.041	1.0
1	3345	2.135	3.8791	2.2851	4.3777	4.2288	1.0
1	3350	1.4581	5.0983	2.5285	10.3957	6.7794	1.0
1	3355	1.4581	5.9302	2.1553	6.543	6.7794	1.0
1	3360	2.0355	6.3453	2.1553	6.7019	5.3869	1.0
1	3365	1.5119	6.9547	3.7382	9.9965	6.5865	1.0
1	3370	1.5595	2.5491	2.8347	9.9965	8.7047	1.0
1	3375	2.6384	2.3894	1.9718	5.9908	5.2828	1.0
1	3380	1.3135	2.0289	2.373	2.6676	8.5975	1.0
1	3385	1.0379	1.5467	4.4583	9.4496	3.6211	1.0
1	3390	2.3538	2.3274	2.7381	4.1773	1.7364	1.0
1	3395	2.2451	4.1126	2.7381	6.7003	6.7622	1.0
1	3400	1.7712	3.4271	3.2816	1.8257	9.5319	1.0
1	3405	1.1665	3.8361	2.7649	0.4428	0.855	1.0
1	3410	1.3584	3.8361	2.7649	2.6456	1.861	1.0
1	3415	0.4054	4.2929	2.6161	7.3092	5.169	1.0
1	3420	1.4606	4.2929	3.0791	8.8151	4.4441	1.0
1	3425	1.7227	6.961	1.8144	10.0566	7.2302	1.0
1	3430	1.9533	8.7188	2.587	3.0071	8.2611	1.0
1	3435	0.7626	7.7486	3.4925	0.2519	3.2121	1.0
1	3440	2.2097	7.7486	3.0155	0.4658	1.4861	1.0
1	3445	2.0789	7.7486	2.6128	0.5886	1.9495	1.0
1	3450	1.2632	7.7486	2.4866	1.0775	5.9684	1.0
1	3455	0.4043	7.8845	2.7055	1.6531	1.4901	1.0
1	3460	2.0468	8.7718	2.9032	3.9156	2.4332	1.0
1	3465	1.8711	8.7718	4.0938	7.381	2.9137	1.0
1	3470	2.4377	3.0947	2.3993	2.4427	4.9898	1.0
1	3475	1.1929	4.5118	2.7197	5.4508	1.8892	1.0
1	3480	1.421	3.5486	2.7069	2.928	5.2687	1.0
1	3485	0.8387	2.589	2.7495	10.4786	3.2515	1.0
1	3490	0.5731	3.479	1.85	4.5823	4.9359	1.0
1	3495	0.8852	3.479	2.4654	2.9492	2.7152	1.0
1	3500	1.7408	3.9953	2.3769	10.1231	9.5447	1.0
1	3505	2.0805	2.6554	2.2428	8.5876	9.5447	1.0
1	3510	1.2905	4.3191	2.1369	10.2368	4.6053	1.0
1	3515	1.6904	2.2849	3.8757	7.3751	1.5272	1.0
1	3520	0.7999	2.3242	2.8592	8.1649	5.9471	1.0
1	3525	2.4198	1.5448	5.9906	11.9711	6.8189	1.0
1	3530	1.2961	1.0854	4.2304	9.6465	2.2196	1.0
1	3535	2.2207	2.2579	2.841	9.6465	7.5341	1.0
1	3540	1.543	3.0311	3.1517	11.7819	5.2261	1.0
1	3545	0.8135	2.682	3.1759	11.7819	6.1881	1.0
1	3550	2.202	1.0998	4.1448	10.1415	3.5302	1.0
1	3555	1.4134	0.9506	1.8216	10.1415	8.8497	1.0
1	3560	3.0297	2.5589	2.5286	5.0845	11.4078	1.0
1	3565	0.936	2.6075	2.8135	10.2137	8.7799	1.0
1	3570	2.0913	1.7572	3.9315	1.9279	11.6649	1.0
1	3575	1.4858	2.733	2.1843	2.7328	11.5052	1.0
1	3580	1.6221	1.1757	2.4794	3.9771	10.6926	1.0
1	3585	1.0336	1.3686	2.5257	7.6286	4.7589	1.0
1	3590	1.3976	1.3862	3.4645	7.1653	1.4097	1.0
1	3595	2.3556	1.3862	2.4252	5.7453	0.2906	1.0
1	3600	1.5109	2.4303	2.2357	1.7637	5.312	1.0
1	3605	1.3536	2.0813	2.2357	10.3545	10.1575	1.0
1	3610	2.7587	0.8772	2.324	6.872	1.2537	1.0
1	3615	2.0803	0.8139	2.7459	6.872	11.2145	1.0
1	3620	2.2591	1.4161	2.4986	1.5564	5.6802	1.0
1	3625	0.6185	2.4122	3.3048	11.6703	3.0443	1.0
1	3630	0.7269	3.464	3.0905	8.5589	1.8529	1.0
1	3635	2.2581	3.4987	1.9797	5.2862	6.5396	1.0
1	3640	3.3529	3.9064	3.6257	7.5646	4.0223	1.0
1	3645	1.8295	3.9064	2.7414	6.1891	7.6472	1.0
1	3650	0.7628	3.2238	2.9758	11.2681	4.4337	1.0
1	3655	1.6148	3.2238	2.232	11.2681	4.5378	1.0
1	3660	2.1964	2.3016	2.924	1.6502	5.273	1.0
1	3665	1.537	2.1303	3.3613	0.2266	5.7046	1.0
1	3670	1.2172	2.5003	2.8709	4.334	5.1048	1.0
1	3675	1.0039	2.9444	2.6858	1.4756	10.3218	1.0
1	3680	0.8407	2.6338	3.9314	0.7572	3.1481	1.0
1	3685	0.796	2.6338	3.2158	3.4109	4.8682	1.0
1	3690	1.8034	0.4591	2.2469	0.9773	7.4787	1.0
1	3695	0.8343	1.5815	3.5677	0.6433	7.4047	1.0
1	3700	1.6486	1.5815	2.7536	0.5431	2.1318	1.0
1	3705	1.6486	1.5815	2.7676	5.0037	11.4134	1.0
1	3710	2.1103	1.7816	2.2348	2.4098	11.4134	1.0
1	3715	2.1103	2.2074	3.1788	8.2715	2.1913	1.0
1	3720	1.2834	2.2074	4.1712	8.2715	3.2796	1.0
1	3725	1.0448	3.5362	3.8836	7.7999	2.1063	1.0
1	3730	0.7083	0.8549	3.5126	5.789	4.7253	1.0
1	3735	1.0347	0.677	3.9619	1.5355	11.0486	1.0
1	3740	0.8046	1.6832	4.0251	4.2336	9.6831	1.0
1	3745	2.5996	0.5909	3.4154	8.0948	11.4154	1.0
1	3750	2.8003	0.2851	3.2382	3.0158	5.5018	1.0
1	3755	3.1601	1.3392	3.1915	4.4981	7.9933	1.0
1	3760	1.3032	0.862	2.8114	1.1691	11.8267	1.0
1	3765	1.395	0.9443	3.3763	3.8703	11.8267	1.0
1	3770	1.0463	0.3916	3.4163	2.4276	11.8267	1.0
1	3775	2.6365	0.7281	4.4359	0.87	8.6685	1.0
1	3780	3.4863	0.7281	1.7116	4.44	6.4436	1.0
1	3785	3.0512	1.1574	2.3637	4.4589	11.2229	1.0
1	3790	2.4631	0.5552	2.1264	6.6326	9.2178	1.0
1	3795	4.4292	0.4441	2.1264	5.415	6.0562	1.0
1	3800	2.9743	1.1525	2.0743	9.0953	5.8229	1.0
1	3805	4.6445	1.4978	2.6171	7.4036	3.5278	1.0
1	3810	4.4147	1.2779	3.6525	8.9125	4.2729	1.0
1	3815	3.3316	0.7681	2.5623	10.9286	8.6143	1.0
1	3820	0.6357	0.4807	3.253	10.9286	2.415	1.0
1	3825	1.0719	1.3737	4.4692	11.2168	1.135	1.0
1	3830	4.2867	1.3737	2.0771	1.8652	1.6873	1.0
1	3835	4.2867	1.326	4.4353	11.2496	1.2224	1.0
1	3840	2.8617	1.1815	2.9568	3.3595	2.1874	1.0
1	3845	3.1889	1.1815	1.8686	6.3607	7.2989	1.0
1	3850	3.1889	1.1815	2.1475	6.6331	9.9034	1.0
1	3855	3.588	1.1815	2.1475	0.6731	6.8705	1.0
1	3860	1.9858	1.7801	1.5701	2.899	1.2341	1.0
1	3865	1.9858	1.101	3.1688	2.2317	0.6887	1.0
1	3870	1.3207	1.3608	2.706	7.1967	0.7896	1.0
1	3875	1.5768	1.4826	4.893	11.7726	0.9639	1.0
1	3880	1.4557	2.4387	3.6158	10.107	0.191	1.0
1	3885	1.0385	2.529	2.7884	4.4793	6.9754	1.0
1	3890	0.8434	2.3942	3.5993	4.4678	10.2413	1.0
1	3895	0.79	2.3942	3.8652	6.2364	11.664	1.0
1	3900	1.4681	1.6013	3.8156	5.5393	0.5568	1.0
1	3905	1.1603	1.6013	3.2068	3.2537	0.2618	1.0
1	3910	0.8458	1.4902	2.2703	4.0182	1.314	1.0
1	3915	3.6037	1.0363	2.7916	1.7854	2.0535	1.0
1	3920	2.1184	1.0888	2.7388	5.2835	3.91	1.0
1	3925	5.1467	0.6037	2.381	10.95	2.8883	1.0
1	3930	3.8088	0.861	2.3438	11.123	3.3282	1.0
1	3935	3.8088	2.5857	2.4504	11.123	4.3047	1.0
1	3940	3.0333	3.2353	2.4504	7.5875	4.2451	1.0
1	3945	0.7513	5.425	2.728	7.5875	7.8396	1.0
1	3950	1.9409	7.9472	2.6716	4.6014	3.9993	1.0
1	3955	1.112	5.2354	1.8825	6.9582	4.313	1.0
1	3960	1.2284	7.611	2.0261	2.3616	2.5441	1.0
1	3965	1.6693	7.611	2.9801	3.8134	4.6797	1.0
1	3970	1.5246	8.9696	2.1865	5.8531	5.6651	1.0
1	3975	2.2489	7.0305	2.2546	9.0076	8.2211	1.0
1	3980	0.5106	4.2939	2.4006	9.0076	8.5007	1.0
1	3985	0.9308	2.7668	2.4006	5.5792	8.2207	1.0
1	3990	1.6449	2.7668	2.1083	1.4453	4.8179	1.0
1	3995	1.3972	2.7668	2.3755	1.8237	4.2233	1.0
1	4000	1.2157	1.7886	3.6489	2.3685	4.3794	1.0
1	4005	1.6126	3.2985	4.9693	1.8346	1.1695	1.0
1	4010	2.0774	4.2939	2.1828	1.8651	2.1444	1.0
1	4015	1.6092	4.9328	1.8936	11.3706	2.6091	1.0
1	4020	1.8772	2.0211	3.5026	10.2569	3.1873	1.0
1	4025	1.6004	1.1716	3.9294	7.9145	8.3444	1.0
1	4030	2.019	1.0442	3.2537	11.1314	9.5392	1.0
1	4035	1.9159	0.3281	3.5498	11.1314	7.0988	1.0
1	4040	2.399	1.1953	3.4741	8.2328	2.8178	1.0
1	4045	1.8659	3.4685	2.6369	5.0141	11.9781	1.0
1	4050	1.7418	3.8031	2.5901	1.093	8.7974	1.0
1	4055	2.9867	2.2761	1.7308	6.0846	5.6257	1.0
1	4060	2.7011	2.2761	2.2907	4.3702	9.6042	1.0
1	4065	1.5974	1.5902	3.2063	3.1917	11.8785	1.0
1	4070	2.2288	1.4302	2.2364	4.5235	2.8756	1.0
1	4075	2.3488	1.1398	2.6107	2.6407	5.3173	1.0
1	4080	1.7644	1.6715	3.7826	6.1301	2.3623	1.0
1	4085	1.0677	1.8443	3.5871	11.6322	3.3426	1.0
1	4090	1.7807	1.6969	3.9084	8.5621	10.0709	1.0
1	4095	4.331	0.1909	4.6228	3.8682	3.5545	1.0
1	4100	3.0373	1.6784	3.6056	4.8652	7.1892	1.0
1	4105	0.4054	1.8694	4.0193	1.4988	11.3261	1.0
1	4110	2.2853	1.5899	2.7171	4.1168	10.0596	1.0
1	4115	0.7353	3.7051	2.527	4.5376	6.5799	1.0
1	4120	0.6451	3.0653	2.6247	3.3291	7.0466	1.0
1	4125	1.0298	3.0653	2.6247	3.2489	8.1848	1.0
1	4130	2.132	3.2028	2.356	6.6275	5.2175	1.0
1	4135	1.3125	3.0164	2.6784	10.5241	2.1795	1.0
1	4140	5.6335	0.9098	2.3775	10.5241	5.0571	1.0
1	4145	5.6335	0.9986	2.9992	10.5831	0.8732	1.0
1	4150	2.6869	0.6031	2.5607	4.4825	7.8217	1.0
1	4155	1.5022	1.3339	2.641	6.3566	2.4402	1.0
1	4160	1.6696	1.0729	4.423	2.373	4.6621	1.0
1	4165	2.161	1.1228	2.4171	6.8747	6.7155	1.0
1	4170	2.4933	0.6132	3.6339	8.369	4.8422	1.0
1	4175	3.7836	0.1263	5.1494	5.4546	4.4327	1.0
1	4180	1.7672	0.0944	3.7139	2.6553	4.8713	1.0
1	4185	2.6901	1.1934	2.5243	10.9684	1.8821	1.0
1	4190	2.5621	0.6807	2.815	10.9684	3.1728	1.0
1	4195	2.5621	0.4545	3.1505	6.076	0.7391	1.0
1	4200	3.1513	0.5028	4.071	2.4956	0.263	1.0
1	4205	4.3182	1.6102	5.6499	7.8821	0.2594	1.0
1	4210	2.3879	0.2994	5.6445	0.3263	0.1406	1.0
1	4215	3.0404	0.2094	4.3271	0.7345	0.1802	1.0
1	4220	2.7527	3.3294	4.2483	3.754	0.2034	1.0
1	4225	5.6007	0.5796	3.0524	5.5771	0.2448	1.0
1	4230	5.2019	2.3219	2.6961	7.515	0.1076	1.0
1	4235	2.0885	0.9398	4.295	10.9703	1.6467	1.0
1	4240	1.7182	0.6825	3.0638	10.9703	6.1236	1.0
1	4245	1.8064	0.2276	2.0474	11.5986	10.252	1.0
1	4250	1.1453	1.2245	2.9966	10.0749	7.53	1.0
1	4255	2.5172	1.7345	3.3368	11.1244	7.5368	1.0
1	4260	0.8836	0.5486	2.3551	11.1244	11.9896	1.0
1	4265	2.0708	6.5085	3.3121	5.9104	10.3217	1.0
1	4270	2.0708	3.0713	2.77	2.0853	5.8941	1.0
1	4275	1.7212	1.9574	2.77	1.1473	6.6325	1.0
1	4280	1.0857	1.9927	3.4841	2.0886	8.4448	1.0
1	4285	1.2719	1.8349	2.6222	2.8388	2.96	1.0
1	4290	0.8793	3.8834	2.7453	1.0014	1.6304	1.0
1	4295	0.4533	1.9763	3.948	10.1527	5.4464	1.0
1	4300	2.1995	3.0718	1.4949	8.1342	4.2281	1.0
1	4305	2.6423	2.997	2.1745	0.8097	4.6334	1.0
1	4310	1.152	2.1795	3.2361	1.5069	4.6573	1.0
1	4315	1.0205	0.9935	2.6267	0.8652	10.6988	1.0
1	4320	2.6876	1.6142	2.6267	0.5552	4.4503	1.0
1	4325	0.5089	1.6142	2.9469	0.4235	3.61	1.0
1	4330	2.8631	2.1561	2.7918	0.2527	11.7277	1.0
1	4335	3.58	1.6399	2.5115	0.3349	11.7275	1.0
1	4340	2.788	1.5414	1.7002	4.3442	11.7275	1.0
1	4345	1.9601	1.8152	2.6349	10.0219	10.7513	1.0
1	4350	2.0565	2.1366	2.5993	11.571	10.7513	1.0
1	4355	1.9708	1.285	2.5993	11.0769	10.7513	1.0
1	4360	2.41	1.4093	2.9601	11.0769	0.4403	1.0
1	4365	2.8637	2.8728	2.8825	5.458	0.16	1.0
1	4370	4.1548	0.6178	2.8825	3.2503	0.1186	1.0
1	4375	4.1548	0.2322	2.6025	3.8221	7.2934	1.0
1	4380	4.1548	0.1998	2.0852	2.584	7.1782	1.0
1	4385	5.5082	0.7575	2.9551	0.2092	1.9596	1.0
1	4390	5.5082	0.4478	2.9551	0.3042	10.7269	1.0
1	4395	2.7968	0.6421	3.943	0.8281	1.7811	1.0
1	4400	1.5379	0.2552	3.943	4.7837	3.3986	1.0
1	4405	1.7592	0.8575	3.4685	6.3011	6.3478	1.0
1	4410	1.4042	0.8523	5.0556	1.9029	6.3478	1.0
1	4415	2.1603	0.8372	4.5888	6.0537	1.0798	1.0
1	4420	2.5504	1.014	2.5146	2.4558	6.4515	1.0
1	4425	1.8087	0.6877	2.2227	2.9116	5.7092	1.0
1	4430	1.5349	0.903	2.8441	5.5505	0.8713	1.0
1	4435	1.7462	3.0148	3.7165	5.7811	0.4604	1.0
1	4440	1.7462	1.9499	3.3319	3.9163	5.2894	1.0
1	4445	0.9641	1.9499	3.7094	4.3685	5.5811	1.0
1	4450	0.6606	1.6116	3.6397	11.2827	10.9399	1.0
1	4455	1.1354	2.9791	4.6721	10.9222	2.7075	1.0
1	4460	1.3672	2.4686	3.1564	1.9937	5.4929	1.0
1	4465	1.3307	2.4686	2.0214	5.2283	6.0736	1.0
1	4470	1.7982	1.5195	3.8696	5.229	7.6636	1.0
1	4475	1.3875	1.7309	2.2263	1.6005	7.4486	1.0
1	4480	1.8477	1.9765	3.2257	3.5284	7.3747	1.0
1	4485	0.7136	2.9921	3.0051	11.2756	5.2887	1.0
1	4490	3.1204	3.0909	2.4368	4.0893	6.036	1.0
1	4495	1.4216	2.3667	2.7357	1.9237	9.5803	1.0
1	4500	1.2115	5.6418	2.0556	2.0922	1.3727	1.0
1	4505	1.5077	4.4572	3.0959	3.2422	6.6258	1.0
1	4510	1.0321	3.7187	2.6961	5.7721	6.3787	1.0
1	4515	2.0038	4.0932	2.6961	7.2078	2.6291	1.0
1	4520	1.483	3.9587	2.5181	11.3502	8.8071	1.0
1	4525	1.351	3.2113	2.2656	11.3502	7.5033	1.0
1	4530	3.8439	1.3413	2.8773	7.5832	6.2186	1.0
1	4535	3.1856	0.819	3.1191	6.7569	7.134	1.0
1	4540	2.8058	0.4319	2.9161	11.628	1.1394	1.0
1	4545	2.7454	2.2536	2.5262	1.2339	2.3311	1.0
1	4550	2.0492	1.6889	2.9515	2.6252	7.673	1.0
1	4555	2.0315	0.8452	5.4553	3.6876	9.4908	1.0
1	4560	1.074	3.3453	3.0164	9.356	9.4908	1.0
1	4565	1.2028	4.7215	2.9154	6.8421	11.5991	1.0
1	4570	0.9888	3.9658	2.6904	9.2927	7.5261	1.0
1	4575	2.5652	4.7087	2.3723	3.9944	7.7059	1.0
1	4580	2.2331	2.1132	3.3047	10.7054	4.6834	1.0
1	4585	0.9061	3.7513	3.7917	11.2211	11.2777	1.0
1	4590	2.3011	0.5751	3.0836	7.726	5.393	1.0
1	4595	2.3011	0.6753	3.5778	1.8754	5.4338	1.0
1	4600	3.5245	0.9239	2.0621	5.6045	6.2979	1.0
1	4605	2.4222	1.1263	3.0146	3.8393	5.062	1.0
1	4610	2.202	1.0917	2.5216	6.2515	9.3628	1.0
1	4615	1.1127	1.4372	3.1421	3.1152	7.2707	1.0
1	4620	1.1175	1.5286	2.9681	1.6156	10.3244	1.0
1	4625	2.1828	2.2218	1.9835	2.9202	5.1736	1.0
1	4630	0.5716	3.2394	3.1374	9.5212	1.0461	1.0
1	4635	2.8119	3.6766	1.8383	4.7432	6.232	1.0
1	4640	2.8723	0.9643	2.5398	8.8616	11.2391	1.0
1	4645	3.0094	0.7907	2.7905	1.4083	6.9763	1.0
1	4650	1.35	0.869	3.6469	4.8669	3.8767	1.0
1	4655	1.4858	1.4354	3.4177	4.8349	3.417	1.0
1	4660	1.4559	0.6731	3.4177	11.4415	0.3471	1.0
1	4665	3.711	1.4329	3.606	5.4117	0.1702	1.0
1	4670	4.7255	3.2624	2.1825	3.6062	1.8992	1.0
1	4675	4.7255	3.5987	1.5896	11.0937	2.1943	1.0
1	4680	3.8358	1.2652	2.0044	10.2684	7.8789	1.0
1	4685	2.72	0.6986	2.1552	3.9243	8.759	1.0
1	4690	1.7039	1.7514	3.051	3.8783	9.6289	1.0
1	4695	1.4123	1.2127	3.0284	1.207	9.6289	1.0
1	4700	0.7069	1.0063	3.993	6.6495	3.6145	1.0
1	4705	2.4358	1.3246	2.6944	0.3049	6.5714	1.0
1	4710	1.6125	3.1466	2.2137	6.5688	3.2976	1.0
1	4715	0.5469	5.6066	3.1958	11.0065	0.3867	1.0
1	4720	0.8687	4.5702	2.1312	7.6067	0.5369	1.0
1	4725	1.3079	5.2672	2.1312	8.8857	9.7173	1.0
1	4730	4.2671	7.7561	2.3553	8.8857	10.4592	1.0
1	4735	3.0974	8.718	2.6937	7.1635	10.4592	1.0
1	4740	0.7548	9.7899	2.9667	9.9253	10.4592	1.0
1	4745	0.508	6.8789	2.8256	7.0708	10.4592	1.0
1	4750	0.9907	6.8789	3.5646	3.2311	3.8694	1.0
1	4755	0.9984	6.9528	3.5646	6.3498	1.5711	1.0
1	4760	0.893	5.1787	3.4071	8.2759	11.4304	1.0
1	4765	1.3698	5.1787	2.5993	8.0282	4.6589	1.0
1	4770	0.9971	9.4964	2.6777	10.3944	0.4114	1.0
1	4775	0.6091	2.0564	2.716	5.4414	1.2211	1.0
1	4780	0.4154	2.943	3.2125	6.1452	2.6781	1.0
1	4785	1.1078	5.9381	2.2687	3.8666	2.1478	1.0
1	4790	2.318	5.9381	2.8615	1.5659	11.3752	1.0
1	4795	2.318	4.9312	2.655	7.7211	11.3752	1.0
1	4800	1.7391	6.2003	2.655	3.6753	11.3752	1.0
1	4805	1.7391	3.391	1.8208	4.1819	11.5292	1.0
1	4810	1.7968	4.4349	2.5514	9.5222	3.4502	1.0
1	4815	1.4066	4.4349	2.473	9.1539	2.4879	1.0
1	4820	1.2849	6.3403	3.1437	4.7947	1.7141	1.0
1	4825	1.7579	3.7408	3.232	4.7947	11.3953	1.0
1	4830	0.989	3.7408	2.0973	10.8894	6.7387	1.0
1	4835	1.1405	8.0792	3.1248	6.7761	0.4351	1.0
1	4840	1.8321	6.7854	2.9239	1.2693	0.8754	1.0
1	4845	0.4796	6.7854	3.4229	1.4423	6.5457	1.0
1	4850	0.9032	6.6392	3.7166	2.2728	4.3372	1.0
1	4855	1.4549	5.861	4.2857	1.6466	7.3121	1.0
1	4860	0.6683	8.5892	2.5053	8.8698	3.9531	1.0
1	4865	1.0663	6.2173	2.3733	8.1135	2.1363	1.0
1	4870	2.1639	5.6946	2.8502	4.8063	3.6654	1.0
1	4875	2.3247	5.6946	2.4564	6.1117	2.3007	1.0
1	4880	2.2122	4.8384	1.9215	5.6565	5.9044	1.0
1	4885	1.4856	5.5441	1.7814	2.4647	1.4048	1.0
1	4890	1.4428	4.9709	2.1699	5.3519	5.2371	1.0
1	4895	1.1748	5.1731	2.5255	6.3851	4.4047	1.0
1	4900	2.1097	9.658	2.5255	5.1873	2.1495	1.0
1	4905	2.7379	9.658	1.5477	1.2002	8.8653	1.0
1	4910	1.4958	5.7075	2.1084	1.1934	2.1917	1.0
1	4915	0.9572	5.7075	3.7231	0.1344	11.1206	1.0
1	4920	0.5915	4.7711	3.6485	1.8449	3.6041	1.0
1	4925	1.9255	4.7711	3.6057	5.7027	0.7699	1.0
1	4930	4.4537	4.961	3.121	3.6449	0.6435	1.0
1	4935	4.4537	2.5589	3.8242	4.5478	1.3071	1.0
1	4940	1.5899	2.0007	3.6197	2.0214	0.8921	1.0
1	4945	1.2653	7.6333	2.8918	1.6381	0.4055	1.0
1	4950	1.1993	7.4862	2.0479	10.0198	0.7144	1.0
1	4955	1.1789	8.1662	3.4048	3.5128	0.4737	1.0
1	4960	1.1888	5.6054	3.405	1.1169	1.0408	1.0
1	4965	1.6737	6.6303	4.1228	8.3222	1.0245	1.0
1	4970	1.2549	6.6437	1.9659	8.3222	4.2315	1.0
1	4975	2.9936	4.0331	1.9659	11.515	6.323	1.0
1	4980	1.4557	3.548	2.4227	11.515	4.6399	1.0
1	4985	1.4153	3.7348	3.4931	4.3391	1.5993	1.0
1	4990	3.2275	5.7244	1.8865	2.2196	1.452	1.0
1	4995	1.805	5.7244	2.637	4.7378	8.775	1.0
1	5000	2.4685	5.7244	2.6353	11.0638	11.9514	1.0
1	5005	2.0642	4.9681	3.0491	11.621	9.6691	1.0
1	5010	1.1566	4.4224	2.7105	11.621	11.4454	1.0
1	5015	0.9141	4.4224	2.4543	10.0465	2.5672	1.0
1	5020	1.8567	5.9175	3.1993	7.0152	0.2464	1.0
1	5025	3.2091	6.6466	2.2048	3.4959	1.1023	1.0
1	5030	2.3805	8.5085	2.2048	5.4147	4.5226	1.0
1	5035	1.977	7.9455	2.5656	5.5946	1.6791	1.0
1	5040	1.3268	8.0567	2.4512	4.8678	5.8744	1.0
1	5045	1.3667	7.468	2.0562	7.5269	8.7623	1.0
1	5050	0.6249	6.5437	2.3102	7.4048	3.4685	1.0
1	5055	0.5897	6.5437	2.3102	3.7699	2.2726	1.0
1	5060	0.6721	7.0094	2.9737	2.5116	6.0063	1.0
1	5065	1.1358	7.0094	2.8027	11.4721	7.9282	1.0
1	5070	1.5026	6.0881	2.517	1.6201	5.7102	1.0
1	5075	0.609	4.425	2.2466	3.9805	8.2757	1.0
1	5080	0.7178	3.8214	2.5143	10.1469	11.7938	1.0
1	5085	1.5942	2.5849	2.2295	10.2092	4.8798	1.0
1	5090	1.1085	2.2865	2.5683	5.336	3.8088	1.0
1	5095	0.9853	2.1848	2.9876	4.1901	6.3284	1.0
1	5100	1.21	2.5634	2.9876	1.6726	5.342	1.0
1	5105	0.8042	2.9719	2.3445	2.2894	3.3251	1.0
1	5110	0.5034	2.7928	2.3999	1.7509	2.183	1.0
1	5115	0.6081	3.7462	2.3999	0.6862	0.2229	1.0
1	5120	0.6081	4.7082	2.6134	0.2751	1.2309	1.0
1	5125	0.5375	4.7082	2.6134	1.7724	0.471	1.0
1	5130	0.9334	2.6478	2.3383	3.7067	1.5317	1.0
1	5135	0.9334	2.6478	2.4496	6.3529	0.5291	1.0
1	5140	1.3232	3.0553	2.8309	6.3529	0.359	1.0
1	5145	1.0958	3.4443	3.4222	5.2227	0.2037	1.0
1	5150	0.8339	1.6374	3.9611	8.0603	2.2233	1.0
1	5155	0.7719	1.2376	4.0081	2.0783	3.2138	1.0
1	5160	1.1238	2.405	2.5209	3.6608	7.2611	1.0
1	5165	1.1238	1.5076	2.4392	4.5726	10.6	1.0
1	5170	1.4673	1.793	2.3325	3.1921	9.9147	1.0
1	5175	1.5612	2.9867	3.3323	1.3266	2.4169	1.0
1	5180	0.6549	2.2256	2.7525	10.8742	4.9103	1.0
1	5185	1.0466	1.3288	2.9302	5.3035	5.0963	1.0
1	5190	0.6093	1.1763	2.9506	3.5524	10.7551	1.0
1	5195	2.6845	1.0124	5.0536	5.3836	6.9691	1.0
1	5200	1.437	3.5919	2.7187	1.484	0.7523	1.0
1	5205	2.367	3.4692	2.7187	5.8767	2.1731	1.0
1	5210	1.7503	3.2093	2.7807	3.5775	2.4729	1.0
1	5215	0.7839	2.8159	2.7807	3.1727	10.7603	1.0
1	5220	1.5381	3.0779	2.9358	1.0702	2.6236	1.0
1	5225	1.0209	2.7068	2.5309	4.5798	4.5723	1.0
1	5230	0.9509	3.9202	3.8526	1.5229	6.6908	1.0
1	5235	1.3071	3.651	2.3913	1.1511	3.4616	1.0
1	5240	1.2412	2.2359	3.3715	7.2097	11.8384	1.0
1	5245	1.0123	1.9359	2.9685	4.9604	3.1603	1.0
1	5250	0.7271	3.7316	3.2698	6.4155	4.533	1.0
1	5255	0.8751	4.5988	3.5147	7.5079	10.8323	1.0
1	5260	1.5002	2.4699	2.9035	11.6612	4.3626	1.0
1	5265	2.477	0.8401	2.655	9.3193	5.4336	1.0
1	5270	1.9362	0.4427	2.7613	9.8485	0.9438	1.0
1	5275	1.1499	1.3617	3.9376	9.0685	9.1251	1.0
1	5280	1.3414	1.3617	3.1853	2.6056	6.8358	1.0
1	5285	1.2088	0.9634	2.7023	1.997	3.9958	1.0
1	5290	2.1641	0.7792	2.6641	0.7658	1.1246	1.0
1	5295	2.1641	1.687	1.9041	0.923	3.0038	1.0
1	5300	1.2564	1.687	2.6879	1.4732	8.553	1.0
1	5305	1.85	0.8544	3.2731	9.6738	5.498	1.0
1	5310	2.5912	0.6162	3.563	8.4624	4.2629	1.0
1	5315	2.2298	1.0021	3.2163	3.8963	5.2287	1.0
1	5320	3.7605	1.3378	2.7223	0.7946	8.8627	1.0
1	5325	3.7605	0.4615	3.0344	1.3985	8.8627	1.0
1	5330	3.4702	0.7754	3.0344	7.4024	2.1097	1.0
1	5335	1.3214	1.1422	3.4728	4.8227	6.1028	1.0
1	5340	3.1135	1.3726	3.825	1.6864	6.4343	1.0
1	5345	1.3526	0.438	3.4784	2.418	11.5276	1.0
1	5350	1.6858	0.762	2.9557	1.7252	9.2679	1.0
1	5355	2.1806	2.0535	2.0043	6.5925	5.3436	1.0
1	5360	0.6913	2.1421	2.5245	3.3276	9.7011	1.0
1	5365	1.0382	2.1421	2.7196	4.332	9.2257	1.0
1	5370	0.8646	2.2389	5.0867	10.7568	5.0252	1.0
1	5375	2.0438	1.6418	4.0944	5.7492	7.324	1.0
1	5380	1.824	1.9036	3.5958	5.9083	5.0238	1.0
1	5385	0.9362	1.983	4.0636	4.0069	8.7932	1.0
1	5390	1.3402	3.1352	2.6899	7.6834	10.1156	1.0
1	5395	1.3402	2.5793	3.6468	7.8068	11.3581	1.0
1	5400	0.6194	0.8257	3.4927	7.6869	9.0013	1.0
1	5405	2.618	0.8129	4.7073	4.454	1.6497	1.0
1	5410	1.7268	0.8129	2.8926	10.5736	9.8472	1.0
1	5415	0.9217	1.5168	2.7636	1.2527	10.1083	1.0
1	5420	1.8152	2.1693	3.7835	7.1915	3.4286	1.0
1	5425	2.1533	1.3169	3.4816	0.6625	4.6953	1.0
1	5430	1.7885	1.3169	3.3027	2.5553	3.3975	1.0
1	5435	2.229	0.8869	2.8751	0.6212	3.2999	1.0
1	5440	1.8921	0.8467	3.1948	4.0447	7.984	1.0
1	5445	1.1363	2.558	3.3714	10.6282	1.9096	1.0
1	5450	0.9535	3.0376	2.5592	6.4119	0.5281	1.0
1	5455	1.0786	2.2664	3.4861	9.3038	3.7057	1.0
1	5460	1.0727	0.2248	3.3518	10.4223	3.261	1.0
1	5465	1.6119	0.1869	3.9013	6.1451	6.8768	1.0
1	5470	1.7773	0.977	2.6515	11.4454	6.8768	1.0
1	5475	2.4014	0.6601	2.4933	6.4384	4.5464	1.0
1	5480	2.9364	1.4187	3.1082	3.8709	8.4276	1.0
1	5485	1.2859	0.7936	3.38	2.3012	8.8749	1.0
1	5490	3.5428	0.8966	2.6338	6.155	6.6985	1.0
1	5495	2.8561	1.0312	3.5256	6.1792	8.9713	1.0
1	5500	0.7784	0.8324	2.8931	6.2004	5.7092	1.0
1	5505	0.4297	1.9935	4.3266	11.0154	3.5642	1.0
1	5510	2.6112	1.3735	2.5509	9.3207	7.3461	1.0
1	5515	0.8849	1.3897	3.7651	5.5688	7.1492	1.0
1	5520	0.2449	1.3897	4.2684	7.1646	6.4984	1.0
1	5525	0.4374	1.6773	5.5093	6.0773	10.555	1.0
1	5530	0.8578	1.6421	3.6867	2.3129	4.8684	1.0
1	5535	0.6343	1.5968	2.7223	9.536	9.3593	1.0
1	5540	1.7699	3.8844	3.1074	10.9401	8.2749	1.0
1	5545	1.0596	1.1303	3.155	7.5569	8.2749	1.0
1	5550	2.0132	1.4978	2.2909	10.5444	6.852	1.0
1	5555	1.7015	1.6894	2.5458	6.2869	4.2803	1.0
1	5560	1.8641	1.4689	3.039	2.1754	6.591	1.0
1	5565	0.4919	1.467	3.5636	0.5027	3.1944	1.0
1	5570	0.9763	1.6439	3.4664	8.3195	7.9443	1.0
1	5575	0.9763	0.3949	4.2804	8.3195	10.9301	1.0
1	5580	0.6242	0.9005	3.9294	7.2085	10.334	1.0
1	5585	1.067	0.3479	3.3694	9.5128	11.2714	1.0
1	5590	2.5184	0.9822	2.2409	7.7536	10.8868	1.0
1	5595	1.8172	3.5986	2.6262	6.094	9.1199	1.0
1	5600	1.3909	2.5788	2.9195	2.5573	5.8158	1.0
1	5605	0.6182	3.9406	3.1788	5.7583	6.6184	1.0
1	5610	0.5147	6.5494	2.4664	4.1156	6.061	1.0
1	5615	2.3283	6.2403	3.7107	0.2251	5.3126	1.0
1	5620	2.7201	8.8875	1.3441	11.4689	3.1951	1.0
1	5625	3.0776	7.484	2.7632	9.0473	8.7692	1.0
1	5630	1.2067	7.1316	2.2282	5.7286	10.9411	1.0
1	5635	1.7941	7.2252	2.5683	7.7043	7.1536	1.0
1	5640	0.9881	6.1754	2.8776	10.6229	5.9295	1.0
1	5645	2.1169	2.5144	1.9643	6.5941	7.6869	1.0
1	5650	2.2428	2.5023	3.6722	8.1482	7.6656	1.0
1	5655	1.9574	5.2473	3.243	3.7282	3.2233	1.0
1	5660	1.9767	4.256	2.9564	0.9436	1.9157	1.0
1	5665	1.6657	4.256	2.6474	1.5546	3.263	1.0
1	5670	1.6657	4.1674	2.9531	5.1669	11.77	1.0
1	5675	1.0102	4.1674	3.3824	0.616	0.788	1.0
1	5680	1.2383	4.1674	3.403	3.9784	0.2056	1.0
1	5685	1.5771	4.1674	2.7785	6.79	0.5107	1.0
1	5690	0.7637	4.5295	2.3627	1.5956	2.5542	1.0
1	5695	2.9672	4.8591	2.3627	0.5246	3.6104	1.0
1	5700	2.984	4.2659	2.3421	2.258	1.066	1.0
1	5705	2.598	3.8678	2.3421	0.3979	1.5279	1.0
1	5710	1.8487	3.8678	2.0784	3.492	9.5804	1.0
1	5715	1.2952	3.6786	2.6587	5.0462	8.4412	1.0
1	5720	1.5435	3.7145	2.5995	4.8822	9.0751	1.0
1	5725	1.2466	4.2801	1.8977	11.3936	9.0751	1.0
1	5730	1.2364	8.1809	3.0215	11.3936	4.0511	1.0
1	5735	1.6185	1.0557	4.5436	10.0738	6.701	1.0
1	5740	1.2576	0.9675	2.2141	3.1205	6.701	1.0
1	5745	1.4591	0.9634	2.932	4.9231	4.6352	1.0
1	5750	1.0142	0.8933	3.6058	9.2131	5.4433	1.0
1	5755	2.104	4.3517	2.6375	7.1191	2.3057	1.0
1	5760	2.1658	3.7936	2.6657	7.1191	5.933	1.0
1	5765	2.0473	3.2282	2.6772	7.1191	9.8935	1.0
1	5770	2.3703	7.1191	2.1306	10.5249	1.2604	1.0
1	5775	1.1587	6.2737	1.8765	10.1908	0.337	1.0
1	5780	0.7401	6.2737	3.6752	10.1908	9.8109	1.0
1	5785	1.5395	5.6959	2.4388	8.7333	11.4919	1.0
1	5790	1.5395	2.759	1.9395	7.9738	5.9628	1.0
1	5795	1.1104	3.3166	3.062	10.5686	2.2979	1.0
1	5800	1.5716	3.1883	3.204	7.2915	8.931	1.0
1	5805	1.634	2.5943	2.4884	7.8229	11.4684	1.0
1	5810	1.1158	3.0901	2.6427	2.7705	10.5401	1.0
1	5815	1.6864	2.6483	3.1037	1.5918	8.6523	1.0
1	5820	0.826	2.6483	2.6328	2.8369	8.5913	1.0
1	5825	1.4683	4.0387	4.0974	9.6022	4.9484	1.0
1	5830	1.6781	1.1188	2.9904	4.1112	5.5313	1.0
1	5835	1.746	1.7304	2.7532	6.1305	10.1499	1.0
1	5840	1.456	0.9329	2.8129	3.0806	7.6102	1.0
1	5845	1.5046	2.4654	3.0874	0.5248	9.4517	1.0
1	5850	1.4007	6.2766	2.6546	0.2511	11.8113	1.0
1	5855	1.437	3.3843	2.8549	0.6089	8.868	1.0
1	5860	1.9339	3.3843	3.157	10.1603	5.4168	1.0
1	5865	1.1936	6.8244	3.2779	10.1603	2.7184	1.0
1	5870	2.0893	6.2209	3.2779	3.6267	2.6161	1.0
1	5875	2.9579	8.6041	2.4277	6.8404	3.842	1.0
1	5880	2.0292	5.2757	2.174	4.9573	9.3608	1.0
1	5885	3.43	5.2757	1.9561	8.7096	0.9766	1.0
1	5890	1.651	7.6643	2.6888	8.5372	6.7303	1.0
1	5895	1.293	7.6643	3.223	9.0006	5.2368	1.0
1	5900	1.5881	5.2562	3.4485	3.1715	4.615	1.0
1	5905	2.6224	5.2562	1.9085	10.9242	0.4167	1.0
1	5910	4.0341	4.4457	2.3228	10.5576	6.389	1.0
1	5915	2.2565	1.6103	2.624	7.9945	3.4906	1.0
1	5920	1.9697	0.2503	3.6715	11.8712	2.931	1.0
1	5925	1.0081	1.3595	2.4208	11.0891	2.3511	1.0
1	5930	2.9155	0.2854	2.7981	10.0414	1.0947	1.0
1	5935	4.2797	0.7668	2.4646	5.9527	1.2265	1.0
1	5940	1.4287	1.5207	2.4391	3.4207	4.2003	1.0
1	5945	2.8711	3.2738	3.3806	5.1369	3.7346	1.0
1	5950	2.9198	2.4282	2.2855	10.7824	8.1873	1.0
1	5955	2.3241	0.8177	3.7094	10.7824	1.4981	1.0
1	5960	3.0528	1.5018	3.7094	7.8749	2.0517	1.0
1	5965	1.1447	0.6936	4.0234	10.8889	9.3202	1.0
1	5970	3.3044	1.2554	2.918	2.0694	9.3202	1.0
1	5975	3.0478	0.8768	2.9813	4.7303	8.7455	1.0
1	5980	1.1143	1.9351	2.9813	4.2444	1.5617	1.0
1	5985	0.3945	0.8353	3.1871	9.4844	1.5783	1.0
1	5990	1.8328	0.8619	3.2339	11.9775	6.5196	1.0
1	5995	1.2581	1.6117	3.3952	3.2168	8.6564	1.0
1	6000	0.9099	0.8514	3.3605	8.0737	8.4959	1.0
1	6005	1.7269	1.773	3.7614	3.9398	2.7876	1.0
1	6010	0.9393	1.773	2.8049	3.8623	6.3216	1.0
1	6015	1.894	1.773	2.4172	11.4724	9.6996	1.0
1	6020	1.4952	1.773	3.0107	7.9229	5.8205	1.0
1	6025	1.4952	2.3801	3.062	11.2803	1.8529	1.0
1	6030	0.5339	1.8978	3.3792	7.3989	8.8979	1.0
1	6035	1.9791	1.8978	3.4828	11.35	3.6329	1.0
1	6040	1.9657	2.3011	3.3087	11.35	2.3692	1.0
1	6045	0.6627	2.3011	3.3087	11.35	4.8833	1.0
1	6050	0.5774	0.6627	5.2328	4.1661	6.7203	1.0
1	6055	0.9915	0.2943	4.0427	2.0501	4.1467	1.0
1	6060	0.6686	0.5123	3.9093	8.778	0.6681	1.0
1	6065	1.8547	0.5123	3.0822	9.3845	11.8282	1.0
1	6070	1.1661	0.4024	2.8581	7.7432	11.8282	1.0
1	6075	1.0974	2.5027	3.4821	5.449	10.6164	1.0
1	6080	1.6211	0.4135	2.8466	11.048	6.6337	1.0
1	6085	2.3348	3.99	3.2496	11.048	0.77	1.0
1	6090	2.3348	1.2149	3.8386	6.6056	3.2035	1.0
1	6095	2.7477	1.2149	3.2075	4.0606	6.7358	1.0
1	6100	0.8348	1.2957	4.2694	1.9218	3.7914	1.0
1	6105	1.5595	2.4504	2.3737	4.9832	8.0755	1.0
1	6110	0.9802	2.5397	2.6135	6.5539	6.4906	1.0
1	6115	1.0565	1.9799	2.5349	2.6071	4.519	1.0
1	6120	1.7515	3.4769	4.1052	4.2805	2.5982	1.0
1	6125	1.4119	4.0503	2.9296	1.9862	3.273	1.0
1	6130	0.9099	1.7491	3.9796	4.246	10.8758	1.0
1	6135	0.9063	1.3839	3.8	5.4748	10.2918	1.0
1	6140	1.9137	1.7282	3.8	10.9213	3.1462	1.0
1	6145	1.771	1.7282	2.4358	11.7399	7.0167	1.0
1	6150	0.8243	3.833	2.4829	2.9492	3.3964	1.0
1	6155	2.4987	1.983	2.5112	3.5364	6.7599	1.0
1	6160	1.3661	1.9402	2.8082	7.3593	6.7966	1.0
1	6165	2.4798	1.5254	3.712	3.6783	6.7319	1.0
1	6170	1.2809	1.4742	5.3055	0.8682	1.5353	1.0
1	6175	2.8843	1.6896	5.8268	5.8996	1.0107	1.0
1	6180	1.501	2.4557	5.8268	1.507	3.4483	1.0
1	6185	0.9286	2.9954	2.364	1.6198	2.2456	1.0
1	6190	2.0702	5.1152	2.2138	0.1125	5.4644	1.0
1	6195	1.8177	6.0393	1.9222	0.1458	10.2618	1.0
1	6200	0.5897	4.1049	3.0129	0.8476	3.0195	1.0
1	6205	1.6802	4.7843	2.1791	2.6677	10.7186	1.0
1	6210	3.7407	2.2677	2.6984	11.7794	1.2305	1.0
1	6215	1.8169	2.9287	3.2192	6.957	4.4804	1.0
1	6220	1.2604	1.3704	3.4978	8.0307	9.5601	1.0
1	6225	1.4517	1.2022	2.5668	9.1169	3.0348	1.0
1	6230	1.0753	1.2304	2.7442	10.3091	4.9082	1.0
1	6235	1.615	1.2812	3.4443	7.0167	4.9011	1.0
1	6240	1.1487	1.4409	4.0195	9.7918	6.3462	1.0
1	6245	1.1566	1.0735	3.7459	5.672	8.1818	1.0
1	6250	2.1062	1.7656	3.8587	8.9021	3.2094	1.0
1	6255	1.2048	1.0791	4.1754	9.4647	4.4642	1.0
1	6260	0.6844	2.5179	3.9096	9.4647	8.3105	1.0
1	6265	1.0323	8.0036	3.0082	5.3593	2.6985	1.0
1	6270	1.0152	4.7958	2.7376	4.6114	1.5366	1.0
1	6275	1.0057	7.5799	2.9088	7.8303	4.9934	1.0
1	6280	0.5492	5.569	2.3313	3.004	1.8822	1.0
1	6285	1.1233	5.1017	2.3014	4.9179	5.7265	1.0
1	6290	1.2849	5.1017	2.1386	4.2184	7.3568	1.0
1	6295	1.9596	5.1017	2.2508	2.582	10.2353	1.0
1	6300	1.5918	5.1017	2.22	0.5162	9.8404	1.0
1	6305	1.1017	5.3781	2.9075	5.3275	5.9769	1.0
1	6310	1.5377	6.6212	3.1973	8.1005	3.1856	1.0
1	6315	1.5377	6.6212	3.2877	10.3028	0.7608	1.0
1	6320	1.5377	6.7821	2.3387	10.4004	0.6125	1.0
1	6325	1.5377	6.7821	3.3541	10.9419	0.7627	1.0
1	6330	1.9699	6.5331	1.8211	4.6003	5.3593	1.0
1	6335	1.9144	5.0255	2.5372	10.6217	7.9535	1.0
1	6340	2.1545	2.5917	2.3934	1.7985	11.2277	1.0
1	6345	1.3413	3.6061	2.4764	11.6226	9.3591	1.0
1	6350	2.6607	4.57	1.4983	9.8981	3.1337	1.0
1	6355	1.7319	4.57	1.5184	3.534	3.8951	1.0
1	6360	0.7043	4.4754	2.329	6.7412	2.6231	1.0
1	6365	1.3469	6.0047	2.8604	5.5389	5.3026	1.0
1	6370	2.2053	6.0047	2.9549	4.3261	5.7454	1.0
1	6375	2.6446	6.0047	2.3917	5.8274	5.7454	1.0
1	6380	3.0077	7.5759	2.3917	4.5215	3.7895	1.0
1	6385	1.0069	7.5759	2.7424	2.9439	9.4255	1.0
1	6390	0.82	7.5759	3.0459	4.7182	10.8408	1.0
1	6395	0.4983	3.9331	3.0459	1.721	10.1611	1.0
1	6400	1.0222	4.2981	2.866	7.6654	8.3879	1.0
1	6405	2.0498	4.2981	2.8656	7.7148	10.0232	1.0
1	6410	1.7759	3.9142	2.2981	4.4402	2.3501	1.0
1	6415	4.0614	4.3598	2.5645	6.0173	3.7068	1.0
1	6420	1.1487	6.3057	2.463	10.5379	5.8786	1.0
1	6425	2.891	2.0784	2.3453	10.5379	4.3059	1.0
1	6430	2.0039	4.4439	2.3494	5.5146	11.372	1.0
1	6435	1.1999	4.4439	2.3494	5.8887	8.4311	1.0
1	6440	1.328	5.6536	3.1947	7.3578	9.5337	1.0
1	6445	1.6534	6.1305	2.3937	8.6171	10.7455	1.0
1	6450	2.4285	3.3029	2.469	2.9125	2.5588	1.0
1	6455	1.0824	1.11	2.1832	1.6802	10.6528	1.0
1	6460	1.3882	1.8691	2.4421	1.7918	9.7206	1.0
1	6465	1.8152	1.6575	3.0059	2.551	5.326	1.0
1	6470	2.3937	1.6575	1.6567	10.6395	4.8037	1.0
1	6475	1.6769	3.9909	3.0524	10.6395	5.1427	1.0
1	6480	1.1471	4.5506	2.6333	3.7158	6.9295	1.0
1	6485	0.7348	4.5506	2.2657	4.1834	7.5317	1.0
1	6490	1.192	4.0229	2.6189	6.0045	7.469	1.0
1	6495	0.7904	4.2194	2.7341	0.327	11.2948	1.0
1	6500	1.4919	2.4332	2.1632	8.1076	11.9594	1.0
1	6505	1.4919	2.9951	4.0265	8.2908	11.9594	1.0
1	6510	1.5269	3.1236	3.3256	6.8836	4.7535	1.0
1	6515	1.724	2.0064	2.7125	6.0862	11.3569	1.0
1	6520	2.2509	1.899	2.8405	4.4911	11.3569	1.0
1	6525	0.7708	2.1673	2.2392	3.0133	7.0466	1.0
1	6530	1.6249	3.1724	3.2639	3.2467	11.6125	1.0
1	6535	0.7619	0.7341	2.1352	11.03	11.6125	1.0
1	6540	2.1165	1.1508	3.307	8.0299	10.192	1.0
1	6545	2.1165	0.9716	2.3746	6.3636	8.746	1.0
1	6550	0.7932	0.9702	4.3573	8.654	10.9762	1.0
1	6555	2.5449	1.7571	4.4984	8.654	6.56	1.0
1	6560	2.4674	0.7203	2.951	10.9446	7.8975	1.0
1	6565	2.2427	1.2436	1.6739	8.2469	8.639	1.0
1	6570	2.2427	2.0766	3.1893	11.6722	2.1872	1.0
1	6575	0.7858	3.4443	2.0479	9.5653	2.2652	1.0
1	6580	0.9035	3.4443	2.8662	1.3841	4.5483	1.0
1	6585	1.5751	3.1992	2.8662	0.5879	3.6253	1.0
1	6590	1.1636	3.09	4.1075	8.9053	2.5104	1.0
1	6595	1.3804	2.6236	2.4088	0.7847	1.3523	1.0
1	6600	2.1617	5.4929	2.6595	9.1618	4.2212	1.0
1	6605	2.4559	6.101	2.2952	7.7142	5.4825	1.0
1	6610	1.9193	6.7619	2.2757	6.6486	3.5783	1.0
1	6615	2.2791	6.113	2.3042	6.9747	2.0573	1.0
1	6620	2.1408	4.491	2.1329	11.2647	2.6616	1.0
1	6625	1.1633	7.4107	2.252	11.2647	8.9183	1.0
1	6630	1.7751	3.2786	2.1771	2.8258	0.312	1.0
1	6635	5.9711	1.5875	4.4418	9.0908	0.2796	1.0
1	6640	2.5474	1.3126	3.38	0.8862	1.6935	1.0
1	6645	2.1792	2.3771	3.4904	0.3801	6.172	1.0
1	6650	2.5588	2.8041	3.3022	2.9613	6.4362	1.0
1	6655	1.9854	1.5046	3.3022	10.6674	4.5304	1.0
1	6660	1.9292	0.7808	3.6698	2.2861	8.8004	1.0
1	6665	1.5902	0.9422	3.3711	0.8354	6.5481	1.0
1	6670	1.4289	4.4835	3.3711	1.3585	7.0591	1.0
1	6675	0.4979	4.0851	3.3711	1.4777	6.9162	1.0
1	6680	1.5747	4.0851	2.6226	0.2297	7.9528	1.0
1	6685	0.8751	4.0851	2.5455	2.0028	4.9957	1.0
1	6690	0.8751	6.5582	2.5455	11.1872	5.7293	1.0
1	6695	1.6588	6.9695	2.1889	11.1872	1.55	1.0
1	6700	1.2979	8.2754	2.1795	11.1872	4.9109	1.0
1	6705	1.0761	8.0417	2.1522	7.3457	1.9719	1.0
1	6710	1.0761	6.6382	2.946	2.8496	3.2741	1.0
1	6715	1.117	4.744	3.3823	9.9741	10.4654	1.0
1	6720	1.4994	5.7262	3.0146	8.3241	8.9577	1.0
1	6725	1.0402	5.2453	3.0875	8.3241	1.7243	1.0
1	6730	1.854	1.1024	2.5818	8.3241	0.2432	1.0
1	6735	0.9741	1.5921	3.9037	8.3241	4.0339	1.0
1	6740	0.6136	3.6534	2.2824	5.869	6.5592	1.0
1	6745	0.9593	4.238	3.0591	1.5826	0.6673	1.0
1	6750	1.4564	5.0529	2.1449	3.0283	0.138	1.0
1	6755	1.4036	5.0529	2.4482	0.5969	0.1056	1.0
1	6760	2.3781	3.8942	2.4601	0.9777	0.9342	1.0
1	6765	2.3781	4.3337	2.054	2.2069	4.5813	1.0
1	6770	3.8289	2.3575	2.054	4.3109	2.5273	1.0
1	6775	3.4959	1.0105	3.8921	6.3164	4.668	1.0
1	6780	2.6047	0.9423	3.7737	4.0439	8.2576	1.0
1	6785	1.8483	3.3402	2.5788	11.884	8.148	1.0
1	6790	1.3454	3.3402	2.6438	7.1408	7.1454	1.0
1	6795	1.5812	5.5456	3.7367	6.1489	8.5537	1.0
1	6800	1.4524	6.4023	3.7367	8.5486	11.0711	1.0
1	6805	0.8432	7.1358	2.7335	7.4471	6.559	1.0
1	6810	1.0275	6.2932	2.7335	1.8426	9.3512	1.0
1	6815	0.7577	3.7454	3.5867	0.5037	3.5539	1.0
1	6820	1.4742	3.7454	2.6149	0.8726	8.3619	1.0
1	6825	1.2952	3.7454	2.3596	10.5989	11.6562	1.0
1	6830	1.4541	6.341	2.1752	10.5989	11.6562	1.0
1	6835	1.502	9.2353	3.6608	4.0581	6.4753	1.0
1	6840	0.6023	4.166	2.3681	5.5434	9.0055	1.0
1	6845	3.2919	4.166	2.3681	10.9268	7.3429	1.0
1	6850	0.772	3.9944	2.3681	7.5392	10.9231	1.0
1	6855	0.9758	3.3011	3.653	6.9208	3.7479	1.0
1	6860	1.4668	4.1946	1.7626	3.0822	3.3994	1.0
1	6865	2.0539	5.9634	1.7972	0.8486	5.3925	1.0
1	6870	1.423	5.9634	2.2589	1.9508	7.5232	1.0
1	6875	3.5085	5.9634	2.3139	2.5598	6.4094	1.0
1	6880	2.1956	5.3341	2.8426	9.2644	9.6426	1.0
1	6885	2.1956	5.3341	2.1075	4.5942	7.6129	1.0
1	6890	2.0134	8.0159	1.7069	5.8964	1.1587	1.0
1	6895	2.2556	5.9603	2.3797	2.259	1.9344	1.0
1	6900	2.8631	5.9603	2.6755	10.609	0.5967	1.0
1	6905	0.9378	7.1592	5.7912	10.609	0.1076	1.0
1	6910	1.9667	0.7483	2.9489	3.8295	0.2958	1.0
1	6915	2.0031	2.852	2.9886	7.6032	0.1274	1.0
1	6920	2.2312	0.9889	4.7104	4.6394	0.1721	1.0
1	6925	3.7362	8.5967	5.3413	4.0671	0.9801	1.0
1	6930	2.9025	2.5991	2.9772	2.629	2.7886	1.0
1	6935	2.1226	2.5991	2.337	7.4889	10.5717	1.0
1	6940	2.6303	1.9016	3.3684	11.9892	9.2007	1.0
1	6945	2.1169	1.9016	2.1012	11.9892	5.7502	1.0
1	6950	1.7554	1.148	2.7264	11.9892	10.2501	1.0
1	6955	2.1313	3.0899	3.0576	5.4678	2.321	1.0
1	6960	2.4101	0.8885	3.7728	8.8842	0.8642	1.0
1	6965	3.3165	1.0785	3.8902	6.8615	1.1103	1.0
1	6970	3.2032	1.4903	4.089	4.7586	0.9852	1.0
1	6975	3.8821	1.1758	3.0838	10.646	10.5808	1.0
1	6980	1.4253	1.1862	3.1116	9.8326	5.6488	1.0
1	6985	3.4849	0.5961	2.3611	9.8565	7.9527	1.0
1	6990	3.441	0.7803	2.9958	4.1457	8.4778	1.0
1	6995	3.0064	1.0111	2.832	2.9753	8.9811	1.0
1	7000	3.4727	0.4986	3.0908	2.5593	4.2681	1.0
1	7005	4.9041	0.5169	2.9315	4.1708	3.9855	1.0
1	7010	2.6162	1.858	4.327	3.4262	0.3018	1.0
1	7015	3.2688	1.2563	4.2506	2.2027	2.0236	1.0
1	7020	3.2688	0.6035	3.5434	2.8117	2.9436	1.0
1	7025	2.4772	1.8205	2.6186	3.389	4.9412	1.0
1	7030	2.3739	1.7857	3.9644	11.3315	3.6828	1.0
1	7035	0.7068	0.8489	3.5814	11.3315	9.0511	1.0
1	7040	1.625	1.0262	5.3322	11.8843	2.2045	1.0
1	7045	2.4057	0.5968	4.6655	11.8097	1.5863	1.0
1	7050	2.2248	1.0483	3.1217	11.8097	5.5925	1.0
1	7055	2.5902	1.0395	2.2392	10.9077	10.9868	1.0
1	7060	2.5564	3.1464	2.667	10.9077	10.9868	1.0
1	7065	1.644	3.4932	2.3668	9.5612	11.6211	1.0
1	7070	2.7624	3.6574	3.0175	7.9795	8.8434	1.0
1	7075	2.7624	3.6574	2.9046	7.1926	5.8895	1.0
1	7080	2.5505	3.6574	2.9046	2.3369	8.3092	1.0
1	7085	2.5505	1.1403	2.9046	2.9042	7.0381	1.0
1	7090	2.5505	0.9713	3.4729	0.9855	3.3586	1.0
1	7095	1.8892	2.1142	1.8852	2.9097	2.7983	1.0
1	7100	1.4353	3.258	1.7757	10.2574	8.8083	1.0
1	7105	2.0811	4.4043	1.708	10.4943	10.421	1.0
1	7110	2.4076	1.9211	2.1643	5.9844	6.3314	1.0
1	7115	2.2076	0.8389	3.3026	3.4038	8.1693	1.0
1	7120	1.9517	2.0549	2.369	6.7604	7.3191	1.0
1	7125	1.4621	2.0549	3.5078	7.8796	10.9168	1.0
1	7130	1.9424	2.3097	3.1007	6.9298	8.1291	1.0
1	7135	1.552	9.5612	2.4737	2.6955	5.0813	1.0
1	7140	1.052	9.5612	3.51	6.8479	8.1214	1.0
1	7145	0.8982	9.5955	2.9488	2.9487	8.7135	1.0
1	7150	2.5623	9.6005	2.0129	4.9985	6.8106	1.0
1	7155	2.5352	5.5876	1.5931	11.2612	8.3058	1.0
1	7160	3.5856	2.9828	2.759	6.9592	7.7191	1.0
1	7165	1.853	0.7626	2.4934	4.5537	2.1825	1.0
1	7170	1.0306	1.6838	3.3032	5.2869	2.5046	1.0
1	7175	0.544	2.3469	3.9797	9.8125	0.6965	1.0
1	7180	0.8049	2.2276	3.9797	6.4283	1.3829	1.0
1	7185	2.0668	1.1863	3.732	9.3182	8.9428	1.0
1	7190	1.6599	1.5057	2.7193	5.2592	4.9202	1.0
1	7195	1.0737	1.4905	3.1194	5.2592	11.1705	1.0
1	7200	1.659	2.2232	2.3747	1.5653	8.2165	1.0
1	7205	2.2389	1.4253	3.0559	1.6752	9.237	1.0
1	7210	2.7525	1.7165	1.7641	0.2851	3.2	1.0
1	7215	2.5605	2.67	2.2729	4.3167	9.6947	1.0
1	7220	1.0034	2.67	2.1201	8.9879	0.9112	1.0
1	7225	1.936	5.9976	2.1644	8.9879	3.9099	1.0
1	7230	1.5878	6.2567	2.5064	10.1183	6.894	1.0
1	7235	1.8434	5.8622	2.9098	7.5971	5.82	1.0
1	7240	2.9709	5.5949	2.1664	10.0834	7.8846	1.0
1	7245	2.9709	1.8458	2.8253	10.0834	3.9638	1.0
1	7250	2.8125	1.011	4.4348	2.6195	6.1095	1.0
1	7255	2.2336	0.4898	2.2559	2.2562	3.9345	1.0
1	7260	1.1272	0.7179	3.7243	3.0579	5.1344	1.0
1	7265	1.498	0.5326	3.5432	5.83	11.1952	1.0
1	7270	2.1371	0.3988	2.6283	2.1513	11.2987	1.0
1	7275	2.2229	0.5887	2.786	10.947	5.0188	1.0
1	7280	2.5776	1.3781	2.2593	4.1822	11.5926	1.0
1	7285	1.3028	1.4065	2.0574	1.028	11.5926	1.0
1	7290	1.2629	2.7205	2.2431	5.2101	7.5238	1.0
1	7295	1.0946	3.0744	2.6544	8.9248	9.4522	1.0
1	7300	0.6036	1.1455	3.8402	4.0204	9.4522	1.0
1	7305	1.2735	1.1455	3.3343	5.946	4.0618	1.0
1	7310	2.0916	1.167	3.1387	11.7606	5.2297	1.0
1	7315	2.0916	2.2818	2.9716	11.7606	5.0295	1.0
1	7320	1.5101	0.4283	2.5494	11.7606	8.1496	1.0
1	7325	1.5101	0.5478	3.2832	4.1302	7.6542	1.0
1	7330	1.2662	0.5478	2.9216	4.9292	8.2848	1.0
1	7335	1.6384	1.271	2.9216	3.2727	8.8386	1.0
1	7340	1.5797	1.3924	2.9216	0.5807	6.2549	1.0
1	7345	1.623	2.2007	2.5174	4.7995	5.5821	1.0
1	7350	1.3713	1.5628	2.4218	1.0256	7.0437	1.0
1	7355	0.6644	3.0232	3.4733	1.0882	3.8842	1.0
1	7360	1.3994	1.1209	2.6633	9.8511	9.968	1.0
1	7365	2.2241	2.7075	3.9387	8.3648	3.8061	1.0
1	7370	0.8692	2.0569	2.1829	5.5692	1.9683	1.0
1	7375	2.0898	2.3909	2.4091	5.5692	8.2741	1.0
1	7380	1.5255	0.5911	2.1616	11.9904	7.3073	1.0
1	7385	1.1646	1.1557	2.2292	2.9032	8.9245	1.0
1	7390	1.451	0.3621	3.6782	7.8847	5.2241	1.0
1	7395	0.5376	0.6033	3.6101	7.0385	2.9899	1.0
1	7400	0.8947	0.3989	5.852	2.3889	5.4122	1.0
1	7405	0.8831	0.5968	4.1665	11.9361	11.0789	1.0
1	7410	3.7314	1.5873	4.1665	3.9886	0.6555	1.0
1	7415	1.6575	2.5846	5.4348	4.9768	3.5899	1.0
1	7420	1.5927	2.0792	3.8818	1.0503	1.6112	1.0
1	7425	2.0627	2.6371	3.9138	0.9233	2.3729	1.0
1	7430	1.2839	1.9457	3.3285	6.899	5.2577	1.0
1	7435	1.9077	3.5733	2.6871	6.899	0.6823	1.0
1	7440	1.6345	3.9338	2.2586	11.0471	1.0053	1.0
1	7445	1.6494	5.54	2.3695	10.6268	3.4144	1.0
1	7450	0.7533	5.8654	3.1131	10.6268	3.7988	1.0
1	7455	3.1609	6.3135	2.5096	10.6268	3.4219	1.0
1	7460	1.4027	6.3135	2.3522	2.4155	9.5009	1.0
1	7465	1.7098	6.3135	3.0745	2.4155	8.9028	1.0
1	7470	0.7161	6.3135	2.636	9.6428	11.1734	1.0
1	7475	1.2484	6.4524	3.1322	6.5733	7.3807	1.0
1	7480	1.2484	6.4524	3.1322	9.3996	2.3935	1.0
1	7485	1.1987	6.4524	3.2544	8.018	4.3353	1.0
1	7490	0.654	6.4524	3.2544	8.5088	2.8216	1.0
1	7495	1.3907	3.3853	2.338	2.7406	0.6281	1.0
1	7500	1.3907	3.3853	2.3893	3.9243	0.8249	1.0
1	7505	1.2985	3.8543	2.975	8.3362	2.4233	1.0
1	7510	1.336	3.8543	3.0607	6.9628	4.7251	1.0
1	7515	1.5479	3.6753	2.5188	3.536	7.3073	1.0
1	7520	1.7707	8.0713	2.3519	1.3138	7.6965	1.0
1	7525	1.7707	8.0713	3.0754	2.9094	3.3709	1.0
1	7530	0.9216	7.7116	3.2431	9.4074	2.1495	1.0
1	7535	0.5684	7.7116	3.8862	7.8089	3.3036	1.0
1	7540	0.7814	7.4205	2.7649	4.0642	1.549	1.0
1	7545	0.8162	7.2813	2.7649	4.1256	5.0541	1.0
1	7550	1.0366	4.3257	3.17	10.1647	9.7249	1.0
1	7555	4.1018	0.8171	2.2227	3.8545	8.6232	1.0
1	7560	2.9911	1.3608	1.7847	11.1458	5.6663	1.0
1	7565	1.4193	1.3793	1.8401	11.1458	10.6416	1.0
1	7570	1.4193	0.7022	1.8401	11.1458	3.6001	1.0
1	7575	0.9869	3.4943	2.4088	8.4722	8.7982	1.0
1	7580	1.3037	3.4943	3.3646	8.4722	7.6429	1.0
1	7585	1.3909	5.6876	4.0044	11.4553	1.9982	1.0
1	7590	1.4115	5.8216	2.0537	11.4553	6.8751	1.0
1	7595	2.4395	5.8041	2.6786	9.7397	9.6881	1.0
1	7600	0.9242	2.3142	2.5554	9.7397	2.8224	1.0
1	7605	1.8073	6.4694	2.5554	8.54	2.3511	1.0
1	7610	1.2387	7.1565	2.943	1.9803	0.8115	1.0
1	7615	1.4913	7.1565	2.5846	7.5167	2.8145	1.0
1	7620	1.4913	9.0319	1.9401	3.8921	7.9447	1.0
1	7625	1.5635	7.1922	2.7015	4.1081	8.8792	1.0
1	7630	0.6593	4.6055	2.8273	0.4125	3.8557	1.0
1	7635	1.2793	9.547	2.023	7.7745	1.7768	1.0
1	7640	0.8832	4.9505	2.7667	1.7282	9.3614	1.0
1	7645	0.8832	0.6557	2.7667	8.9186	6.8762	1.0
1	7650	0.9011	1.2999	3.7163	3.9277	6.3448	1.0
1	7655	1.1992	1.6575	3.6468	11.3232	5.0501	1.0
1	7660	1.432	1.2531	3.7358	10.7786	5.2227	1.0
1	7665	1.3733	1.2531	3.6685	10.7786	10.0819	1.0
1	7670	2.9395	0.3247	4.9116	10.3693	5.7283	1.0
1	7675	2.0551	0.5252	4.2618	9.7452	3.1383	1.0
1	7680	2.0722	6.3445	3.4684	9.7452	7.8005	1.0
1	7685	1.6792	2.6533	1.9492	5.0671	9.694	1.0
1	7690	0.8398	1.3681	4.3957	6.6254	1.7293	1.0
1	7695	1.2215	2.0825	2.2377	7.8174	0.7086	1.0
1	7700	1.3482	2.4794	1.7354	4.7037	5.0153	1.0
1	7705	1.4484	3.4299	2.2336	7.1942	0.5083	1.0
1	7710	1.1854	4.5529	2.2336	5.2452	1.3801	1.0
1	7715	1.263	4.5529	2.3726	5.2532	1.5423	1.0
1	7720	1.1582	4.5529	2.5369	8.4696	5.1272	1.0
1	7725	3.1658	6.3904	2.3331	4.3617	11.1359	1.0
1	7730	1.3815	3.9209	2.1215	1.6351	9.6829	1.0
1	7735	2.6452	9.7799	2.5806	9.3252	8.5096	1.0
1	7740	2.0465	5.377	2.5402	10.1128	6.967	1.0
1	7745	3.0683	6.6963	2.2869	3.4539	11.632	1.0
1	7750	3.0683	2.1595	1.437	0.6553	6.3678	1.0
1	7755	1.8722	2.3258	2.0836	4.4013	7.8463	1.0
1	7760	1.2459	2.3258	2.742	4.4515	1.9923	1.0
1	7765	1.989	1.6056	3.9085	2.5008	11.3982	1.0
1	7770	2.266	1.2004	3.0322	0.9152	6.937	1.0
1	7775	0.6943	1.2004	2.4146	9.9215	10.8477	1.0
1	7780	1.311	1.9678	3.1331	10.9444	7.5535	1.0
1	7785	1.3254	1.4433	3.1248	10.9444	6.5282	1.0
1	7790	0.792	1.7027	2.6207	0.2084	10.1226	1.0
1	7795	1.0755	1.5936	2.0088	3.0834	9.8948	1.0
1	7800	1.0466	2.3543	2.3092	1.6205	9.0477	1.0
1	7805	0.7797	2.7919	2.9311	6.7333	0.9763	1.0
1	7810	1.3138	2.2144	3.5635	6.3412	0.1721	1.0
1	7815	1.2856	4.8933	3.2938	11.3721	0.1637	1.0
1	7820	3.9275	0.7036	3.362	11.3721	0.1015	1.0
1	7825	3.5175	6.7314	5.4015	3.8552	0.464	1.0
1	7830	3.7189	3.0763	3.1042	6.8698	7.6944	1.0
1	7835	2.7434	2.5476	2.436	1.1446	3.9465	1.0
1	7840	2.5876	5.0477	2.3036	2.9984	3.9673	1.0
1	7845	1.6933	5.0477	2.3036	3.1995	7.2777	1.0
1	7850	1.2292	5.0477	3.4363	10.9157	2.9795	1.0
1	7855	1.9298	4.4052	2.7762	10.9157	11.0432	1.0
1	7860	1.0177	2.5763	3.8948	10.3864	7.9227	1.0
1	7865	1.6725	0.6094	4.1996	8.1037	6.1389	1.0
1	7870	2.0362	0.8711	3.8679	9.5624	9.6992	1.0
1	7875	0.5992	1.7238	2.9234	9.5624	4.3455	1.0
1	7880	0.7713	1.4102	2.1064	10.2616	4.7162	1.0
1	7885	2.2849	0.9358	2.6962	4.5375	2.3222	1.0
1	7890	2.5938	2.1577	2.5725	8.8525	4.8708	1.0
1	7895	1.5849	2.1577	2.6203	10.9071	2.8755	1.0
1	7900	3.3778	2.3058	2.7302	4.1724	11.6697	1.0
1	7905	1.821	1.5743	2.7302	8.86	10.0451	1.0
1	7910	1.8106	1.9068	2.501	8.86	11.4364	1.0
1	7915	0.8323	0.5333	2.3937	8.86	7.0104	1.0
1	7920	2.3224	0.985	2.7006	8.86	10.7922	1.0
1	7925	2.3104	0.2014	2.6288	4.7591	10.5738	1.0
1	7930	3.2362	0.1439	3.6337	4.7591	8.2929	1.0
1	7935	2.3779	0.9714	1.8625	4.7591	4.8161	1.0
1	7940	2.3779	1.2311	2.7097	4.6724	4.6227	1.0
1	7945	2.532	2.5003	2.2863	5.8073	4.4681	1.0
1	7950	1.0379	2.5003	2.2863	1.99	4.4247	1.0
1	7955	1.7531	2.5003	2.7125	9.7658	0.9005	1.0
1	7960	1.0738	1.754	2.9573	2.2883	2.9739	1.0
1	7965	3.0012	1.7033	2.3078	10.9759	3.2894	1.0
1	7970	5.6011	1.2478	1.8849	10.9759	10.5145	1.0
1	7975	2.889	1.3495	1.8725	5.837	6.7157	1.0
1	7980	2.5828	2.2182	1.8184	2.7617	3.0946	1.0
1	7985	3.0628	0.8145	4.1524	0.2037	6.7909	1.0
1	7990	2.1256	0.7097	4.7229	0.1829	7.6517	1.0
1	7995	2.7537	0.7816	2.4597	2.0884	6.559	1.0
1	8000	2.882	2.1053	3.1098	0.9934	8.8173	1.0
1	8005	2.8375	0.2571	3.433	6.1276	0.5864	1.0
1	8010	4.7579	0.9418	4.8491	1.1908	0.4095	1.0
1	8015	5.225	0.8798	3.3298	6.4553	0.2045	1.0
1	8020	5.4292	3.7612	4.1317	0.7184	0.2178	1.0
1	8025	5.4292	5.5853	3.672	1.6317	0.5004	1.0
1	8030	3.6609	2.1738	4.8919	9.7372	0.3402	1.0
1	8035	1.1595	0.4806	4.3507	3.3206	11.4094	1.0
1	8040	2.7024	0.5028	2.9596	1.7545	2.3839	1.0
1	8045	2.7024	0.1753	2.9596	0.9718	1.1378	1.0
1	8050	4.2214	0.4377	3.5758	1.6669	0.3473	1.0
1	8055	3.5329	1.4865	4.3075	0.9841	0.4628	1.0
1	8060	2.5825	1.0199	4.9632	0.9686	0.7826	1.0
1	8065	2.1551	1.3052	4.6933	1.6986	0.5363	1.0
1	8070	2.2213	1.0947	3.8294	5.6604	2.8652	1.0
1	8075	2.6274	1.9254	3.8294	11.6587	1.183	1.0
1	8080	1.8444	1.3329	3.725	4.462	3.6707	1.0
1	8085	1.4929	1.3592	2.0556	11.6873	3.6222	1.0
1	8090	1.6644	2.9994	2.7128	6.1277	1.2911	1.0
1	8095	1.0273	4.4746	3.2184	7.0063	2.1614	1.0
1	8100	2.2983	5.8609	2.4607	3.7818	3.8973	1.0
1	8105	1.9944	4.0693	2.0035	8.3697	2.6903	1.0
1	8110	1.4565	4.0693	3.0538	3.4022	10.4877	1.0
1	8115	1.1634	3.8854	2.2932	1.9562	10.4877	1.0
1	8120	1.2735	1.3919	3.795	9.4309	10.6862	1.0
1	8125	0.972	4.497	3.795	9.4309	11.7392	1.0
1	8130	0.8179	2.636	3.2962	8.5914	3.2845	1.0
1	8135	2.1693	3.248	2.3425	2.6008	5.4634	1.0
1	8140	0.7903	1.9412	2.5811	8.861	9.1503	1.0
1	8145	1.7444	1.1654	3.2342	9.1231	3.7331	1.0
1	8150	2.1362	1.5041	2.8713	3.6319	2.2554	1.0
1	8155	2.8259	1.616	2.8713	11.1508	4.8618	1.0
1	8160	2.0881	2.0456	3.4375	6.9117	4.5062	1.0
1	8165	2.4363	3.1447	2.422	1.2514	7.2447	1.0
1	8170	2.0205	3.1447	2.6697	4.1361	9.3375	1.0
1	8175	1.1132	1.4136	2.759	8.9839	4.709	1.0
1	8180	1.5966	0.4569	3.2786	8.9839	10.2221	1.0
1	8185	1.1944	0.5948	3.0504	4.1617	4.1258	1.0
1	8190	1.9923	1.2609	2.4805	7.4268	7.2087	1.0
1	8195	1.1926	2.584	4.2832	8.3468	5.2181	1.0
1	8200	1.8384	1.0624	4.5078	11.9783	0.9368	1.0
1	8205	3.1489	2.196	1.8029	11.9783	5.0245	1.0
1	8210	5.1859	0.5138	2.476	11.9783	11.273	1.0
1	8215	3.0108	1.0515	3.1918	6.9714	4.159	1.0
1	8220	1.1312	1.7727	2.6652	8.0125	3.5217	1.0
1	8225	1.1189	4.5919	3.6114	10.0008	2.0505	1.0
1	8230	0.73	1.6759	3.1177	7.0973	0.8376	1.0
1	8235	2.0497	1.7005	2.022	1.6716	0.419	1.0
1	8240	3.1644	0.8432	3.5441	3.4299	1.4431	1.0
1	8245	1.676	1.8484	3.2424	5.2183	6.3545	1.0
1	8250	1.2745	1.8484	1.7896	5.2183	2.0674	1.0
1	8255	0.9536	2.2225	2.5376	3.9813	0.4955	1.0
1	8260	0.8194	1.8146	2.9084	4.109	1.9278	1.0
1	8265	2.1183	0.7892	4.4013	7.5651	0.7014	1.0
1	8270	2.2327	2.3815	4.4274	0.2252	0.352	1.0
1	8275	0.8024	2.6892	3.3072	1.8739	6.58	1.0
1	8280	1.2847	3.2266	2.9616	7.8054	6.3758	1.0
1	8285	1.5915	3.2546	2.4009	6.4334	7.7847	1.0
1	8290	0.8953	5.02	3.4999	4.0277	9.8278	1.0
1	8295	0.4255	5.3935	2.8832	2.8958	9.2593	1.0
1	8300	1.2894	3.1357	2.9078	1.8992	7.4765	1.0
1	8305	2.3358	2.4737	2.5212	5.6355	11.9666	1.0
1	8310	2.1137	2.3722	2.9836	8.109	6.4107	1.0
1	8315	1.8914	3.1321	3.3022	3.4229	8.2142	1.0
1	8320	1.8812	3.0982	2.0872	1.1227	9.753	1.0
1	8325	1.953	3.0982	2.488	0.2413	4.2724	1.0
1	8330	2.2073	3.8516	2.488	0.2438	2.5367	1.0
1	8335	0.8497	4.3169	2.7761	1.1587	1.2645	1.0
1	8340	0.6348	2.9871	3.0647	0.2639	8.0892	1.0
1	8345	1.1426	2.9871	2.8243	0.6	2.8773	1.0
1	8350	1.7202	4.0919	2.9276	8.5788	3.049	1.0
1	8355	1.6517	4.0919	2.4652	9.9639	5.017	1.0
1	8360	2.1367	3.9823	2.6255	5.4231	4.4804	1.0
1	8365	2.0064	3.7502	3.0689	9.4593	2.8003	1.0
1	8370	1.745	6.3506	2.4831	9.4593	6.3791	1.0
1	8375	1.2317	3.7154	2.4597	3.8971	10.7523	1.0
1	8380	1.5817	3.7154	3.2088	3.8062	3.3356	1.0
1	8385	0.4594	0.7078	5.1191	3.029	8.3969	1.0
1	8390	1.4887	1.9237	4.6993	1.1782	2.6324	1.0
1	8395	0.8703	2.4148	2.9819	0.6519	2.3993	1.0
1	8400	1.8025	2.4148	3.0922	3.0596	4.8631	1.0
1	8405	2.0349	1.3783	3.0316	7.2186	3.5787	1.0
1	8410	2.0349	1.9828	3.7402	1.8596	6.6899	1.0
1	8415	2.3	1.316	2.1481	8.3924	4.8726	1.0
1	8420	2.5749	2.0784	2.176	10.557	9.249	1.0
1	8425	2.3086	1.8133	3.5419	10.557	6.3833	1.0
1	8430	2.3086	0.5446	3.5419	10.7163	11.0369	1.0
1	8435	1.5392	0.6964	3.0014	8.2298	5.4302	1.0
1	8440	1.2216	1.3091	2.9769	8.2752	4.8649	1.0
1	8445	1.0419	1.8055	2.9769	6.158	4.1736	1.0
1	8450	0.6802	1.8384	1.8297	3.4135	4.2781	1.0
1	8455	1.0315	2.6201	1.8297	7.4211	0.9918	1.0
1	8460	2.3703	2.0688	2.4778	11.7278	0.3934	1.0
1	8465	2.5218	2.0412	4.5711	10.5523	1.0471	1.0
1	8470	2.5218	0.6302	3.9273	6.0696	8.2917	1.0
1	8475	1.2857	0.9698	3.2389	5.3388	2.751	1.0
1	8480	1.2857	2.0246	3.6048	11.4181	7.5445	1.0
1	8485	1.9489	0.96	4.0312	11.4181	8.2602	1.0
1	8490	2.5635	0.5499	3.1233	7.7774	3.1527	1.0
1	8495	2.2381	2.4378	4.0502	6.3663	4.7739	1.0
1	8500	1.5313	2.9332	3.6062	5.3108	6.6442	1.0
1	8505	1.7802	0.9162	3.3087	10.939	6.0033	1.0
1	8510	1.9049	1.7925	4.0442	11.3192	10.149	1.0
1	8515	1.9049	1.4413	3.645	3.2244	10.149	1.0
1	8520	3.8141	0.3966	2.6954	10.659	7.2277	1.0
1	8525	2.01	1.4467	3.4913	6.9886	2.8925	1.0
1	8530	1.8338	1.4661	3.5832	2.8217	9.4826	1.0
1	8535	1.2694	1.4661	3.6116	3.3392	10.8839	1.0
1	8540	2.9389	1.4661	3.2477	4.3401	9.2619	1.0
1	8545	1.0183	1.7982	3.6426	7.5463	7.7988	1.0
1	8550	1.3719	0.4437	4.2866	7.1551	10.4598	1.0
1	8555	1.9493	0.375	3.5764	4.6893	9.1468	1.0
1	8560	3.3925	0.687	3.0093	11.854	7.2943	1.0
1	8565	1.5518	0.1705	4.7341	7.6181	7.0729	1.0
1	8570	1.4222	0.6458	4.442	7.6181	7.2838	1.0
1	8575	1.6061	1.0666	3.4792	8.4002	9.9458	1.0
1	8580	2.6489	0.7314	3.1135	9.4517	11.7928	1.0
1	8585	3.1922	1.0349	1.9676	7.4141	9.2378	1.0
1	8590	0.965	1.1208	4.5455	10.0121	4.0148	1.0
1	8595	0.7589	0.5604	4.1202	6.0985	6.9558	1.0
1	8600	1.2579	0.5868	3.348	4.2714	11.1999	1.0
1	8605	1.0579	0.4048	3.8877	9.2834	9.8871	1.0
1	8610	1.4337	1.1533	2.474	9.2834	11.2173	1.0
1	8615	0.9677	1.2052	3.0585	3.8535	9.5793	1.0
1	8620	3.3683	0.9791	3.4856	6.2868	2.8486	1.0
1	8625	0.7078	3.8111	4.8663	3.2836	7.9464	1.0
1	8630	0.7047	3.0109	5.3163	1.4615	5.691	1.0
1	8635	0.7062	2.657	3.2245	0.4635	2.1069	1.0
1	8640	0.76	3.8928	2.3904	0.596	2.4789	1.0
1	8645	0.76	5.5828	2.9753	0.2765	11.9252	1.0
1	8650	0.9391	4.3794	2.6401	0.2246	4.0841	1.0
1	8655	0.8529	4.0743	2.6401	9.6938	5.7023	1.0
1	8660	1.3375	4.0743	2.0764	0.4505	6.1766	1.0
1	8665	1.6401	3.9445	2.1384	0.7774	3.6829	1.0
1	8670	1.7202	5.6236	2.021	3.2687	6.309	1.0
1	8675	2.2482	5.6236	3.3605	3.74	10.925	1.0
1	8680	2.0537	2.3684	3.1344	10.0624	9.7781	1.0
1	8685	1.488	2.3684	2.2394	3.2344	9.8603	1.0
1	8690	1.506	2.7631	2.5817	9.7773	11.9016	1.0
1	8695	1.506	0.7812	2.5817	7.3752	4.0607	1.0
1	8700	1.6622	1.0708	3.3438	8.6614	9.1124	1.0
1	8705	3.1057	1.0708	2.7635	8.6614	9.7237	1.0
1	8710	1.2877	0.8241	2.6246	3.6158	11.2493	1.0
1	8715	0.7438	1.0178	3.1035	8.6478	8.9088	1.0
1	8720	0.7626	1.4386	3.2326	8.6478	3.5152	1.0
1	8725	0.6191	1.4386	2.7632	7.2155	10.6695	1.0
1	8730	2.1467	2.2377	2.1517	9.0232	10.6695	1.0
1	8735	1.3679	2.0538	4.2001	7.811	5.7157	1.0
1	8740	0.9702	1.4243	4.1172	10.2815	7.623	1.0
1	8745	1.9424	2.8339	4.3364	6.5878	7.623	1.0
1	8750	1.9424	2.8339	3.3017	7.6499	9.6027	1.0
1	8755	1.8807	3.1893	2.768	4.1479	9.6027	1.0
1	8760	2.711	1.1464	2.5064	5.3841	9.6027	1.0
1	8765	4.2007	0.8336	2.4628	11.3647	11.3482	1.0
1	8770	3.1329	0.3024	3.3529	9.7371	4.0683	1.0
1	8775	0.7754	1.9753	3.9445	9.7371	1.2774	1.0
1	8780	2.1812	1.9753	4.6109	3.8188	0.7185	1.0
1	8785	2.2641	0.9783	3.9832	3.8498	7.0715	1.0
1	8790	1.8828	1.2756	3.5285	3.4573	4.0016	1.0
1	8795	0.7508	1.7204	2.7194	4.0558	2.5115	1.0
1	8800	2.9075	2.3412	2.0896	3.2772	3.4077	1.0
1	8805	2.7287	1.8376	4.2103	5.4384	2.8314	1.0
1	8810	1.387	1.9832	3.1916	8.0257	8.2285	1.0
1	8815	1.1411	2.5067	2.7291	5.8568	8.2285	1.0
1	8820	3.1247	3.3192	2.6186	4.0853	5.0641	1.0
1	8825	1.3335	3.6888	2.2553	5.5005	3.0665	1.0
1	8830	1.9532	5.6673	2.2553	6.2593	11.2715	1.0
1	8835	1.5783	3.01	2.8697	7.0403	7.0329	1.0
1	8840	1.6264	4.1861	2.8697	6.9302	1.5975	1.0
1	8845	1.2436	3.7366	3.5463	5.9427	6.082	1.0
1	8850	1.1366	7.795	3.5854	6.2134	6.7397	1.0
1	8855	0.8544	5.7673	3.9411	7.1945	8.652	1.0
1	8860	0.8484	5.1432	3.9411	6.5476	9.3024	1.0
1	8865	1.2912	4.7723	4.0825	9.9779	9.3024	1.0
1	8870	1.259	4.9544	3.7095	9.0345	6.5612	1.0
1	8875	2.6922	2.0221	3.3008	0.559	8.7956	1.0
1	8880	2.4045	2.0221	2.1443	1.8814	10.4173	1.0
1	8885	2.0204	2.1441	2.0191	6.0107	1.4563	1.0
1	8890	2.3199	2.5209	2.1375	2.6879	4.5973	1.0
1	8895	2.7806	2.5209	2.1375	1.7463	1.2161	1.0
1	8900	3.333	2.2607	1.5542	3.8888	8.2686	1.0
1	8905	2.8751	2.3225	3.0599	0.1264	4.0375	1.0
1	8910	3.1853	1.3119	2.5669	0.1026	8.3893	1.0
1	8915	2.8101	1.0197	2.0421	0.3338	8.1358	1.0
1	8920	2.8101	3.9298	2.3587	7.5165	5.6939	1.0
1	8925	1.0237	7.8938	3.5241	11.2549	5.7354	1.0
1	8930	1.4178	7.8938	3.1042	11.2549	1.5807	1.0
1	8935	1.5461	4.4	3.7257	1.2922	5.353	1.0
1	8940	1.3019	4.4	2.9316	3.1938	2.9731	1.0
1	8945	1.9721	4.6786	2.3991	7.5153	10.0989	1.0
1	8950	0.6694	3.8204	3.0564	5.5466	1.189	1.0
1	8955	1.4895	3.929	2.5116	9.9957	1.6311	1.0
1	8960	3.4153	3.929	2.2811	8.8457	2.3888	1.0
1	8965	2.1991	3.07	2.3874	1.0952	4.7299	1.0
1	8970	1.4295	1.9097	2.3874	0.9018	9.3863	1.0
1	8975	1.5187	2.1026	2.9861	1.3605	11.1819	1.0
1	8980	1.8046	1.7747	3.4455	2.413	6.2183	1.0
1	8985	1.9127	0.9415	2.333	1.3579	9.9257	1.0
1	8990	3.1764	0.9088	2.4737	2.4347	3.7625	1.0
1	8995	2.1231	1.3201	2.5747	1.2904	11.6233	1.0
1	9000	1.675	1.8825	2.9369	4.4941	2.7692	1.0
1	9005	1.7411	1.2894	2.5603	6.4124	3.8623	1.0
1	9010	2.1222	1.0376	4.7646	3.7594	3.7486	1.0
1	9015	1.4918	1.0793	2.7111	9.5274	8.1917	1.0
1	9020	1.4152	0.8487	2.6173	4.4121	3.0622	1.0
1	9025	1.578	0.655	3.1046	10.6235	11.8093	1.0
1	9030	1.469	0.5426	3.1567	7.0875	11.8093	1.0
1	9035	1.6795	0.517	2.8487	7.0875	3.863	1.0
1	9040	1.6795	0.8284	3.1264	10.3166	11.841	1.0
1	9045	1.68	0.7373	3.9733	6.0715	10.5622	1.0
1	9050	2.2969	0.7373	2.1102	0.9563	11.7385	1.0
1	9055	2.5049	0.6798	2.3921	8.7792	10.3447	1.0
1	9060	1.7181	1.07	2.9168	8.7792	10.3447	1.0
1	9065	1.7181	2.0601	2.9168	8.9229	4.9397	1.0
1	9070	1.2211	1.3427	2.1931	5.0433	4.5711	1.0
1	9075	3.2125	1.927	2.8897	6.4977	1.1669	1.0
1	9080	1.4577	2.4311	3.3959	3.2967	9.4135	1.0
1	9085	0.9948	9.262	2.6614	5.1608	11.5298	1.0
1	9090	1.2241	4.5191	3.4714	2.9181	1.3054	1.0
1	9095	1.678	8.2411	3.9575	4.5089	1.7139	1.0
1	9100	1.3256	9.9698	3.9575	4.0999	0.9933	1.0
1	9105	0.502	7.1767	3.2217	0.173	8.7347	1.0
1	9110	0.6512	5.6519	2.717	5.8976	10.5034	1.0
1	9115	1.0441	1.6106	2.4155	4.0543	2.8383	1.0
1	9120	0.9981	2.7406	2.3283	4.9196	11.1073	1.0
1	9125	2.2011	0.6856	2.5281	9.6125	5.9255	1.0
1	9130	2.4804	0.5007	3.4409	7.0217	4.9401	1.0
1	9135	2.0781	1.2383	3.088	2.0382	5.1374	1.0
1	9140	2.7254	2.2626	3.2671	1.573	4.9216	1.0
1	9145	3.0649	1.793	3.0828	3.5673	4.4318	1.0
1	9150	2.7416	1.4723	2.1765	2.9915	10.9601	1.0
1	9155	1.3582	3.3001	1.8687	9.6103	7.1674	1.0
1	9160	1.3582	2.3374	2.0994	10.1941	7.1674	1.0
1	9165	1.3582	2.9146	2.7862	8.111	5.1799	1.0
1	9170	2.069	6.5383	2.2966	7.1749	1.3433	1.0
1	9175	1.8189	9.0213	2.5555	3.1563	7.7152	1.0
1	9180	1.4993	4.1379	2.5555	9.6263	6.9692	1.0
1	9185	2.4188	1.8443	2.7967	4.0986	6.9692	1.0
1	9190	1.6358	1.1539	2.7938	4.0986	9.4096	1.0
1	9195	1.9381	0.6457	2.7172	10.0132	6.1902	1.0
1	9200	2.1378	0.3383	3.1948	11.6103	4.3837	1.0
1	9205	2.0756	0.2332	3.1759	9.1238	2.6932	1.0
1	9210	1.6709	1.2357	3.048	9.1238	2.4491	1.0
1	9215	2.4542	1.0126	2.643	2.5107	9.8228	1.0
1	9220	2.5741	2.62	3.4859	0.1906	9.8995	1.0
1	9225	2.4543	4.0969	2.4375	1.1198	7.0137	1.0
1	9230	1.8145	1.9279	2.6309	3.0298	6.4534	1.0
1	9235	1.7969	4.5708	2.4377	4.2841	4.4601	1.0
1	9240	1.1391	5.1537	3.4904	0.8081	7.1342	1.0
1	9245	1.6062	4.8465	2.9757	1.9887	4.7481	1.0
1	9250	1.6062	6.0834	2.5675	9.103	6.6585	1.0
1	9255	2.0626	6.347	2.3084	4.6648	2.3583	1.0
1	9260	1.7706	6.347	2.3408	6.3736	8.6725	1.0
1	9265	1.1505	2.9212	3.4177	11.4791	8.0089	1.0
1	9270	0.8566	0.5956	3.9951	5.1441	9.2266	1.0
1	9275	0.793	3.0516	2.6445	11.403	1.5963	1.0
1	9280	0.9928	3.0516	3.384	11.403	3.4911	1.0
1	9285	1.9965	3.0516	2.4654	1.7726	11.6578	1.0
1	9290	1.817	1.652	3.332	11.9618	11.5933	1.0
1	9295	1.6813	1.3255	2.908	9.2155	2.12	1.0
1	9300	1.8809	3.2924	2.6318	9.2155	4.1212	1.0
1	9305	2.1529	3.3788	2.5953	9.4336	4.5307	1.0
1	9310	2.1596	3.8101	2.6979	9.4336	2.3157	1.0
1	9315	2.0006	3.0334	2.322	10.9099	1.7446	1.0
1	9320	1.0634	2.637	2.7626	10.9099	1.2642	1.0
1	9325	1.0838	2.064	2.2142	10.9099	2.6544	1.0
1	9330	1.6114	1.737	3.5375	10.9099	9.3101	1.0
1	9335	1.1204	1.9251	3.9875	10.9099	2.6221	1.0
1	9340	2.4182	6.7247	3.1072	10.9099	4.188	1.0
1	9345	3.0303	6.7247	1.527	6.598	5.6004	1.0
1	9350	2.7225	3.6178	2.259	6.7633	11.3958	1.0
1	9355	1.4713	3.6178	2.2778	5.4881	6.3698	1.0
1	9360	1.7686	2.0556	2.545	1.8073	5.1367	1.0
1	9365	3.3127	2.5295	1.7671	4.0769	11.4328	1.0
1	9370	1.4409	2.5295	2.7668	11.6694	7.6155	1.0
1	9375	1.55	0.8068	2.7466	11.6694	7.013	1.0
1	9380	2.7347	0.1418	1.7059	10.2474	10.1213	1.0
1	9385	2.7347	0.958	1.8504	9.7931	10.1213	1.0
1	9390	2.8378	1.8519	1.8184	8.923	5.595	1.0
1	9395	1.6795	3.4185	2.158	9.704	2.8043	1.0
1	9400	1.1944	3.4185	3.1259	8.6934	4.5008	1.0
1	9405	2.0643	3.2214	3.2448	6.7523	1.0712	1.0
1	9410	0.998	3.2146	2.3767	3.1993	7.7632	1.0
1	9415	0.8773	2.4681	3.1376	1.6041	1.5514	1.0
1	9420	1.3474	4.0374	3.0276	2.6799	0.5475	1.0
1	9425	0.7256	4.8337	2.3606	1.384	0.7507	1.0
1	9430	1.3523	5.2349	2.8595	0.6556	0.7214	1.0
1	9435	2.103	7.0611	2.2808	2.1422	0.376	1.0
1	9440	2.9955	7.4466	2.2301	7.3	1.2733	1.0
1	9445	2.05	3.8903	2.2938	10.2679	8.4003	1.0
1	9450	0.7348	4.4439	2.4659	5.2522	10.3298	1.0
1	9455	1.4729	3.3218	2.1419	2.2386	9.3844	1.0
1	9460	1.3914	3.3218	1.3139	2.331	10.3433	1.0
1	9465	1.3914	3.1896	3.043	3.9867	4.8324	1.0
1	9470	0.6651	3.1896	3.265	2.7116	2.7676	1.0
1	9475	1.5669	2.3549	3.1613	3.4902	5.4196	1.0
1	9480	0.5857	2.4815	3.2482	3.5085	4.7555	1.0
1	9485	1.1175	1.115	2.7788	1.3994	5.9798	1.0
1	9490	1.8534	1.3621	3.4181	1.4481	11.0323	1.0
1	9495	1.9103	1.3621	3.3758	5.5246	3.1154	1.0
1	9500	1.8168	2.4975	3.314	8.8737	1.5847	1.0
1	9505	1.4382	3.1023	3.6941	5.3415	1.3247	1.0
1	9510	1.5736	3.1023	3.1461	8.2942	11.1481	1.0
1	9515	1.5985	7.2405	2.4585	10.9001	11.1481	1.0
1	9520	2.6869	7.2097	3.0086	4.5194	11.0171	1.0
1	9525	1.6027	6.9626	2.7837	5.7068	11.0171	1.0
1	9530	1.498	9.4386	2.5895	4.5859	2.9915	1.0
1	9535	1.1339	7.726	3.2524	3.8721	10.5975	1.0
1	9540	1.8868	6.9547	2.9893	0.1982	4.5498	1.0
1	9545	2.4005	6.5921	2.3225	0.3488	2.0679	1.0
1	9550	1.0715	6.423	2.7459	1.0199	0.5877	1.0
1	9555	0.4391	8.8508	2.7459	1.3452	1.2637	1.0
1	9560	0.4391	4.5638	2.4712	0.5732	5.9015	1.0
1	9565	1.7202	4.3411	2.4712	1.1049	4.1036	1.0
1	9570	0.8269	5.8472	2.4712	0.6071	0.5519	1.0
1	9575	2.4511	4.9845	3.202	8.157	6.5319	1.0
1	9580	2.6691	4.598	2.8997	6.8301	6.8206	1.0
1	9585	2.4847	1.6266	2.3968	11.9393	10.6329	1.0
1	9590	2.9509	1.68	3.193	11.8648	10.384	1.0
1	9595	1.2676	1.908	3.3342	4.8858	10.384	1.0
1	9600	0.9368	1.574	3.3342	3.4627	9.2508	1.0
1	9605	1.9615	2.0215	2.3044	0.3551	0.6253	1.0
1	9610	1.6529	2.0215	2.8855	0.1333	8.4766	1.0
1	9615	1.6529	2.0215	2.8855	0.2042	5.6668	1.0
1	9620	2.7754	2.4126	3.245	0.6101	0.3409	1.0
1	9625	2.19	1.7198	2.2008	0.9481	0.3513	1.0
1	9630	2.3576	2.0167	1.8729	3.8685	0.3573	1.0
1	9635	0.6637	2.4468	2.2866	4.3318	0.605	1.0
1	9640	2.5878	2.2287	2.0967	4.8124	0.5594	1.0
1	9645	1.7212	3.6554	2.1543	11.8472	1.3328	1.0
1	9650	3.5002	7.1404	1.9391	4.2415	2.05	1.0
1	9655	3.3134	5.1143	1.5014	3.9484	7.95	1.0
1	9660	3.3134	4.3629	1.8687	0.6655	6.9432	1.0
1	9665	2.8515	3.791	1.4227	1.5723	7.4452	1.0
1	9670	2.8515	2.8752	1.7899	11.469	5.8676	1.0
1	9675	1.9254	2.8917	3.4584	4.6743	3.7746	1.0
1	9680	0.6679	2.0874	2.8159	9.8235	1.4986	1.0
1	9685	1.0777	5.6148	2.6747	5.4994	6.2731	1.0
1	9690	1.3251	3.6468	2.7272	11.2765	7.7142	1.0
1	9695	1.8207	3.6468	3.561	5.7461	0.6952	1.0
1	9700	1.16	7.5843	2.6936	3.7033	3.2875	1.0
1	9705	0.5582	7.9645	2.7474	7.0454	2.2531	1.0
1	9710	0.5582	8.2104	3.0272	2.7515	4.9145	1.0
1	9715	2.4112	8.2104	2.8193	0.6693	4.6652	1.0
1	9720	0.9799	7.4579	2.6694	0.1242	6.6514	1.0
1	9725	0.9393	4.542	2.0674	6.1032	9.3376	1.0
1	9730	1.1678	4.1661	2.3849	4.5055	2.9456	1.0
1	9735	0.709	4.1661	2.5886	4.6086	0.8916	1.0
1	9740	0.7686	3.111	2.2269	5.593	5.8869	1.0
1	9745	0.5223	3.7836	2.8791	0.7688	5.5227	1.0
1	9750	0.4355	5.1747	2.6619	0.7883	3.5701	1.0
1	9755	1.6353	9.9959	3.2338	0.8108	3.8216	1.0
1	9760	0.6323	6.9659	3.583	11.9063	1.4446	1.0
1	9765	1.2536	6.9659	2.4578	2.89	5.0833	1.0
1	9770	1.6178	7.4561	2.4966	2.5522	5.8317	1.0
1	9775	1.1426	6.7681	1.842	2.0514	10.6021	1.0
1	9780	2.4695	6.7681	1.7362	3.9301	2.3313	1.0
1	9785	1.584	6.3113	2.5098	5.1294	5.3794	1.0
1	9790	0.3533	6.8508	2.3473	6.2792	6.0364	1.0
1	9795	1.4215	9.398	4.2288	8.3472	9.9819	1.0
1	9800	1.4215	8.8212	2.937	11.8733	9.5927	1.0
1	9805	2.1299	3.1237	2.1903	11.4194	10.1063	1.0
1	9810	2.3969	6.1323	2.1438	9.3824	10.763	1.0
1	9815	2.3969	3.2703	2.3526	3.4041	10.4899	1.0
1	9820	2.1348	3.2703	2.3526	2.163	11.8823	1.0
1	9825	2.1348	2.1465	2.3304	7.5878	1.9067	1.0
1	9830	1.9836	1.9522	3.5363	6.577	11.7987	1.0
1	9835	2.3658	1.6657	3.3059	5.78	5.8771	1.0
1	9840	1.8758	1.4786	2.8231	0.9619	10.0294	1.0
1	9845	1.6288	1.4786	4.1764	6.899	11.402	1.0
1	9850	1.9036	1.4728	2.3496	1.7398	7.4376	1.0
1	9855	1.9628	1.4728	2.326	11.2237	1.0516	1.0
1	9860	3.4342	2.6885	2.8954	11.2237	6.272	1.0
1	9865	2.0857	2.3869	2.5386	5.6265	8.0513	1.0
1	9870	1.3425	1.8403	2.1557	0.2695	2.4106	1.0
1	9875	2.3792	3.599	3.7537	1.9702	3.5832	1.0
1	9880	1.3303	3.8296	3.0104	7.6547	3.2484	1.0
1	9885	1.0446	4.1346	2.5278	8.444	2.2603	1.0
1	9890	0.7677	4.1346	1.7452	11.4754	4.2424	1.0
1	9895	1.1574	4.1346	2.8433	7.5632	1.966	1.0
1	9900	1.6253	3.1402	3.4828	7.6765	2.6646	1.0
1	9905	1.2657	2.8533	2.9888	11.7724	4.3437	1.0
1	9910	1.0291	0.8099	3.2628	1.802	9.919	1.0
1	9915	0.5319	1.5368	3.0318	8.8246	9.1835	1.0
1	9920	1.6258	2.0755	2.5629	8.8246	7.8488	1.0
1	9925	0.9149	3.0012	2.9186	10.8557	7.0319	1.0
1	9930	0.6095	2.8845	2.2816	8.5758	6.4623	1.0
1	9935	2.3313	1.4607	3.5079	8.5169	0.6919	1.0
1	9940	2.9197	1.9056	3.1674	6.0136	1.4551	1.0
1	9945	2.6005	1.9497	4.2932	6.9609	1.2587	1.0
1	9950	3.0055	2.3618	2.8809	2.9829	3.9386	1.0
1	9955	1.6807	2.3618	3.2007	11.4738	7.1639	1.0
1	9960	1.4471	2.3618	2.3917	8.4724	10.7784	1.0
1	9965	1.6616	0.6643	4.5679	10.5701	9.9076	1.0
1	9970	0.9049	0.5383	3.0035	7.7982	6.5042	1.0
1	9975	0.9619	0.5213	3.8311	10.1379	6.3542	1.0
1	9980	0.7666	0.2895	3.2692	10.1379	7.4538	1.0
1	9985	1.3428	0.8764	3.1986	9.3782	6.1663	1.0
1	9990	2.0162	1.667	4.2022	9.3042	11.4486	1.0
1	9995	3.1289	0.7904	3.8198	8.2047	0.4187	1.0
1	10000	5.1132	0.7715	3.0654	10.8378	0.1058	1.0
1	10005	1.5944	3.2963	4.1152	10.8378	0.3318	1.0
1	10010	3.5794	1.9148	3.355	3.4717	0.2664	1.0
1	10015	2.5556	2.7199	3.3058	4.6931	1.9728	1.0
1	10020	0.8206	1.3473	4.2856	11.6003	8.7538	1.0
1	10025	1.4662	1.7448	4.5985	11.6003	4.5564	1.0
1	10030	2.2983	0.473	3.0702	10.0686	11.6133	1.0
1	10035	2.6592	0.6972	3.5749	11.367	3.0437	1.0
1	10040	2.7798	0.7633	4.0437	7.4326	0.7961	1.0
1	10045	2.377	4.1423	3.757	2.5999	8.313	1.0
1	10050	1.8478	4.1423	2.5373	11.4542	6.7823	1.0
1	10055	1.5343	1.4889	2.5373	6.2286	6.5969	1.0
1	10060	3.6152	0.8264	2.7794	8.2072	11.9462	1.0
1	10065	1.9755	0.5881	3.0212	11.3082	11.9462	1.0
1	10070	0.8262	1.1131	2.4857	3.014	11.9462	1.0
1	10075	1.5169	1.4605	4.2321	3.4034	11.9462	1.0
1	10080	1.0939	2.1637	3.1922	6.5475	5.4114	1.0
1	10085	1.9843	1.7941	4.1563	10.2283	3.9878	1.0
1	10090	0.7746	1.8683	5.5523	4.4008	2.7415	1.0
1	10095	1.2664	1.3057	5.0484	3.0326	9.6804	1.0
1	10100	0.9777	1.3057	2.7255	6.0393	5.8146	1.0
1	10105	1.0718	1.3057	5.0399	4.31	6.8123	1.0
1	10110	2.8417	0.475	5.9212	11.5999	5.1612	1.0
1	10115	2.8417	0.7836	3.8089	11.5999	6.5611	1.0
1	10120	2.1871	3.6062	3.4669	11.3957	1.6178	1.0
1	10125	2.6576	2.9903	3.3137	4.1708	9.7621	1.0
1	10130	2.599	0.5757	3.7872	4.1708	7.8507	1.0
1	10135	2.2582	0.7389	4.4205	9.6989	3.1119	1.0
1	10140	1.8416	4.1736	3.8528	10.198	2.5729	1.0
1	10145	0.8039	5.4634	3.5277	10.198	8.4323	1.0
1	10150	1.52	5.4634	2.5558	8.5282	11.2767	1.0
1	10155	1.52	1.6981	3.9516	7.1416	11.0295	1.0
1	10160	1.4695	0.6049	2.714	2.4189	11.0295	1.0
1	10165	1.4538	0.6513	2.9441	5.5151	9.6199	1.0
1	10170	2.3118	0.8817	3.8722	11.1519	9.6199	1.0
1	10175	2.1634	0.7616	3.5651	11.1519	9.6652	1.0
1	10180	1.7158	1.9353	2.403	2.1197	11.8691	1.0
1	10185	2.125	1.6663	2.9431	0.3852	4.3022	1.0
1	10190	2.2525	2.4757	3.1972	2.7069	11.5015	1.0
1	10195	1.2542	2.4757	2.5874	2.7253	1.0877	1.0
1	10200	1.394	4.7523	2.4346	5.0473	0.829	1.0
1	10205	1.2579	5.2324	2.4712	2.5551	0.3409	1.0
1	10210	1.7819	6.988	2.3697	7.2472	0.7406	1.0
1	10215	1.8013	5.768	4.3535	11.9966	0.3552	1.0
1	10220	1.8013	2.164	4.3535	9.8705	1.4058	1.0
1	10225	1.2097	2.8016	2.9737	6.8967	9.1709	1.0
1	10230	1.105	2.7202	2.9321	5.041	11.4542	1.0
1	10235	1.105	6.424	3.064	8.6352	11.4542	1.0
1	10240	1.2366	7.9551	4.469	9.2831	8.456	1.0
1	10245	1.2123	7.9551	1.9414	4.3034	8.9573	1.0
1	10250	1.3912	7.9551	2.7508	3.8142	7.963	1.0
1	10255	1.0945	7.9551	2.7508	0.5118	7.963	1.0
1	10260	1.8551	3.64	3.1228	1.2952	11.4659	1.0
1	10265	1.8551	3.6956	2.191	7.5835	11.4659	1.0
1	10270	2.2335	3.7981	2.5573	2.887	1.5593	1.0
1	10275	1.7224	3.5699	3.2232	4.1018	0.5305	1.0
1	10280	2.6758	3.5699	2.9469	11.6342	2.1311	1.0
1	10285	1.7746	2.577	2.5616	5.1083	1.791	1.0
1	10290	2.7481	2.7917	3.8566	7.0252	0.7903	1.0
1	10295	2.1019	2.7926	3.6281	10.6286	3.8113	1.0
1	10300	1.5507	1.0341	2.2565	10.6286	8.9927	1.0
1	10305	1.682	6.8656	2.5108	10.6286	7.2006	1.0
1	10310	2.4724	2.3436	2.368	11.3437	10.0192	1.0
1	10315	1.0499	2.5601	2.1254	2.8349	10.0192	1.0
1	10320	0.9126	2.9933	2.3992	0.8945	7.1171	1.0
1	10325	0.9286	2.9933	2.3088	1.268	5.6447	1.0
1	10330	0.8256	2.8785	1.9571	3.2303	9.222	1.0
1	10335	3.1674	1.9907	1.7231	11.0078	10.9655	1.0
1	10340	3.1674	1.8247	2.0212	11.0078	8.1168	1.0
1	10345	2.3834	1.8518	3.7759	11.0078	2.9958	1.0
1	10350	4.2613	0.4632	3.5223	5.9211	1.9589	1.0
1	10355	3.5658	0.2364	3.6367	4.3166	3.5834	1.0
1	10360	2.3664	0.8242	2.6103	4.4435	7.6195	1.0
1	10365	1.8476	1.1582	2.9461	2.6235	4.1648	1.0
1	10370	1.9474	1.3468	2.7044	9.5604	1.7504	1.0
1	10375	1.678	1.3468	3.2558	4.9444	0.1883	1.0
1	10380	2.6821	1.7641	2.559	6.9181	0.8131	1.0
1	10385	1.947	2.0554	2.8527	7.3015	1.5236	1.0
1	10390	2.1834	1.9308	2.4708	7.3015	11.6406	1.0
1	10395	0.8987	1.7124	2.3212	0.8185	6.6305	1.0
1	10400	2.1506	2.4092	2.6457	2.5663	4.3377	1.0
1	10405	2.8522	0.5941	2.3803	7.9778	0.6688	1.0
1	10410	3.4677	2.9935	3.9268	8.1304	0.7323	1.0
1	10415	1.2587	3.7115	2.8578	8.1304	0.3175	1.0
1	10420	4.9828	4.1374	2.3843	3.7214	4.9043	1.0
1	10425	2.4395	4.4219	2.3843	6.0494	9.4947	1.0
1	10430	2.3078	2.7608	2.7552	2.9744	5.2957	1.0
1	10435	2.3078	2.1945	3.0575	3.1874	3.1972	1.0
1	10440	2.8058	1.5375	3.8253	1.7013	2.7133	1.0
1	10445	2.4091	2.0509	3.8253	1.7866	1.6021	1.0
1	10450	1.8307	2.4163	1.9755	9.0059	1.4821	1.0
1	10455	3.676	2.9774	1.7308	4.4909	0.6831	1.0
1	10460	2.7068	0.5789	4.5272	6.6672	7.3744	1.0
1	10465	0.9688	1.2958	3.1834	4.802	7.2987	1.0
1	10470	3.1217	0.6277	3.1834	5.6234	11.9489	1.0
1	10475	1.2418	1.5732	2.4312	7.1258	10.898	1.0
1	10480	2.7988	0.6098	2.3413	4.6589	10.5771	1.0
1	10485	2.7988	2.2123	2.1065	3.2789	0.5133	1.0
1	10490	1.4272	2.2123	2.5564	0.4668	0.256	1.0
1	10495	3.4309	2.493	2.5564	1.9947	0.2975	1.0
1	10500	3.9621	2.8364	1.2942	0.7226	0.617	1.0
1	10505	2.2096	2.4735	1.8853	8.4654	4.1474	1.0
1	10510	3.0314	2.4735	1.9426	4.1646	4.8826	1.0
1	10515	1.3774	2.4074	4.2295	10.9155	10.2142	1.0
1	10520	2.676	2.9058	2.7574	2.3618	8.2593	1.0
1	10525	1.2892	3.9681	2.826	1.8671	3.3195	1.0
1	10530	1.771	2.8336	3.6473	9.3737	3.5742	1.0
1	10535	1.4937	2.3369	2.8879	3.1753	3.2011	1.0
1	10540	1.5243	4.6563	3.5728	4.9086	6.6683	1.0
1	10545	1.1222	5.9644	2.8183	9.0194	9.2703	1.0
1	10550	1.3089	4.3941	2.1953	4.705	10.25	1.0
1	10555	0.7796	3.4666	2.3814	11.0817	6.625	1.0
1	10560	1.1458	3.4354	2.3814	10.1082	10.5871	1.0
1	10565	3.4457	0.8816	2.3814	10.1082	7.1923	1.0
1	10570	2.5673	0.544	3.7275	8.2519	4.3806	1.0
1	10575	1.844	2.539	2.8969	9.6537	5.1253	1.0
1	10580	0.5386	3.3376	3.4981	11.5428	8.9792	1.0
1	10585	1.0007	5.5764	2.1805	11.5428	5.676	1.0
1	10590	1.6093	3.2231	3.1931	11.5428	8.7376	1.0
1	10595	0.7477	1.8186	3.2161	10.1136	8.8059	1.0
1	10600	2.0675	1.0883	4.0867	11.0284	8.5489	1.0
1	10605	0.7695	1.1054	4.0867	3.6339	2.6087	1.0
1	10610	1.8707	2.7174	2.5977	4.4135	5.351	1.0
1	10615	0.9622	4.6216	3.056	0.8236	6.0999	1.0
1	10620	0.9393	5.07	2.9777	11.2578	10.3546	1.0
1	10625	1.0946	3.6926	2.4699	11.2578	3.4759	1.0
1	10630	1.2622	3.5846	2.3814	11.1661	11.5375	1.0
1	10635	1.7652	3.5846	2.4164	4.8028	11.5375	1.0
1	10640	0.9636	3.5846	2.59	8.0708	7.4735	1.0
1	10645	1.0982	3.8585	2.1673	0.9412	8.6324	1.0
1	10650	1.9864	4.2722	2.078	1.1407	2.5603	1.0
1	10655	1.0843	6.1169	2.3485	0.2797	5.804	1.0
1	10660	1.8845	8.8739	2.1711	0.27	3.5812	1.0
1	10665	1.2773	8.973	1.8913	0.6758	11.114	1.0
1	10670	1.1921	8.973	3.5821	4.5676	10.1889	1.0
1	10675	1.2953	8.973	3.9126	9.753	11.8771	1.0
1	10680	0.7126	4.864	2.5227	1.2822	5.0928	1.0
1	10685	1.6444	4.8124	2.8173	1.4436	11.3862	1.0
1	10690	0.6865	3.7049	3.5209	0.4858	9.5579	1.0
1	10695	1.3179	3.7049	3.7561	2.7357	9.0693	1.0
1	10700	1.0888	1.84	2.989	7.8972	11.5947	1.0
1	10705	2.9249	2.4174	2.87	8.8877	6.3258	1.0
1	10710	1.347	3.431	2.0741	8.8877	4.8576	1.0
1	10715	1.501	3.431	2.5561	3.4445	7.8555	1.0
1	10720	1.6741	1.3982	3.1517	6.086	10.0695	1.0
1	10725	1.7438	1.9618	3.0729	0.5729	7.9491	1.0
1	10730	1.7438	1.7735	2.6468	6.5637	11.1751	1.0
1	10735	0.8103	2.1079	2.2128	11.714	8.1042	1.0
1	10740	0.6117	1.8068	3.2994	5.7468	2.585	1.0
1	10745	1.5809	3.5625	2.6419	8.1796	6.639	1.0
1	10750	1.5334	2.6026	2.3009	9.7499	11.7312	1.0
1	10755	2.1041	1.8242	2.9098	11.4137	9.5727	1.0
1	10760	0.9046	2.7443	2.5539	6.0502	9.9753	1.0
1	10765	1.9893	2.2736	1.8424	3.2176	10.9641	1.0
1	10770	2.4686	3.2722	1.8839	11.199	7.9005	1.0
1	10775	2.2687	3.284	2.8016	6.6721	3.9073	1.0
1	10780	3.4387	2.9752	2.4634	3.5382	7.9425	1.0
1	10785	2.5847	4.2976	2.1886	6.6032	6.4927	1.0
1	10790	1.7495	4.2976	2.1238	6.4423	11.2822	1.0
1	10795	1.7551	2.6854	1.8597	9.6189	5.5027	1.0
1	10800	1.4822	3.7501	2.5354	4.5479	5.2723	1.0
1	10805	2.3399	2.7112	3.3794	8.0755	1.8831	1.0
1	10810	1.8243	1.8295	3.6339	3.0686	0.5905	1.0
1	10815	2.9691	1.0011	2.2832	3.9128	0.5869	1.0
1	10820	2.0409	3.3816	1.9251	2.1496	7.1679	1.0
1	10825	1.3546	3.5639	3.7707	4.6757	7.1679	1.0
1	10830	0.9094	3.319	2.6981	4.6757	8.0012	1.0
1	10835	0.8345	4.4251	2.6909	2.0056	3.939	1.0
1	10840	1.0318	5.3151	2.6909	5.6931	8.9004	1.0
1	10845	1.0972	7.8989	3.8822	9.4224	2.5774	1.0
1	10850	1.6423	6.3386	2.7255	9.4224	5.7079	1.0
1	10855	1.4873	4.6488	3.9272	8.609	1.2252	1.0
1	10860	1.3177	5.3079	2.9069	8.609	8.9678	1.0
1	10865	0.7348	1.8944	3.2676	6.4477	8.9678	1.0
1	10870	2.1777	0.6466	3.1608	9.7526	7.78	1.0
1	10875	1.8044	0.3476	2.4032	9.7526	9.2019	1.0
1	10880	1.935	0.4579	2.7041	5.7719	3.1611	1.0
1	10885	1.4438	0.983	3.5618	4.9088	3.5168	1.0
1	10890	1.802	0.9109	3.0056	9.2009	10.3239	1.0
1	10895	0.8047	0.8021	4.027	5.7821	11.3238	1.0
1	10900	1.2006	1.1497	3.7849	2.7677	6.7525	1.0
1	10905	1.448	0.8532	3.9553	2.5123	9.2232	1.0
1	10910	3.1935	1.35	3.6237	8.0618	0.1518	1.0
1	10915	1.6793	2.5848	4.7537	9.2694	4.3651	1.0
1	10920	1.4747	1.5851	3.1339	11.8268	10.1159	1.0
1	10925	1.5756	0.7987	2.3837	11.0574	10.6068	1.0
1	10930	1.5756	0.2747	2.9553	9.8817	8.4147	1.0
1	10935	3.3477	0.6727	3.0766	4.3603	3.2641	1.0
1	10940	1.0406	1.8851	3.3961	9.1012	0.2898	1.0
1	10945	0.9853	1.7758	3.6436	10.4072	0.537	1.0
1	10950	0.7341	0.9399	3.7485	9.0783	10.3477	1.0
1	10955	1.8602	0.8546	3.5513	7.0682	11.2128	1.0
1	10960	1.6423	1.2182	3.3206	7.0682	4.7645	1.0
1	10965	1.6531	1.488	3.3206	5.9984	7.6356	1.0
1	10970	2.8407	0.5705	3.2066	3.9667	7.2443	1.0
1	10975	2.8407	2.212	2.2789	0.2805	3.3145	1.0
1	10980	2.9606	1.9671	2.8185	1.9017	2.7129	1.0
1	10985	2.0629	3.1791	2.844	7.331	4.6215	1.0
1	10990	1.1969	2.9024	3.1397	9.572	7.957	1.0
1	10995	0.7549	0.6377	4.4572	8.2278	2.9334	1.0
1	11000	2.6232	0.5659	3.0778	8.2278	6.7128	1.0
1	11005	1.8312	1.0247	3.1784	4.7071	8.5221	1.0
1	11010	1.3187	1.0247	3.3777	9.4531	0.7479	1.0
1	11015	4.233	1.6504	3.31	5.6444	0.3093	1.0
1	11020	3.8005	0.7782	5.2758	2.0951	10.8447	1.0
1	11025	1.2583	0.4249	3.7393	0.9448	9.3189	1.0
1	11030	2.6717	0.6829	2.4634	6.4848	10.5596	1.0
1	11035	0.8376	0.6829	3.7183	2.8541	11.5785	1.0
1	11040	0.8804	1.4947	3.7856	8.577	7.281	1.0
1	11045	0.4715	0.7356	3.9906	6.7903	1.2061	1.0
1	11050	0.6206	0.7621	4.4329	9.6637	1.917	1.0
1	11055	1.4504	1.3278	3.2525	9.6637	0.8285	1.0
1	11060	1.5053	1.2491	3.5204	11.3215	5.5523	1.0
1	11065	1.3182	0.397	3.4067	11.3215	7.6085	1.0
1	11070	0.8904	2.0148	3.7509	11.3215	10.563	1.0
1	11075	1.0466	2.0148	3.0961	8.2663	3.5385	1.0
1	11080	0.635	1.6375	4.5398	9.841	5.1413	1.0
1	11085	1.1867	2.479	3.5468	9.841	1.1584	1.0
1	11090	0.9802	2.0665	4.4519	10.904	0.2884	1.0
1	11095	1.8493	1.3956	3.8553	0.8329	0.5791	1.0
1	11100	2.2123	2.9655	3.1297	1.8652	1.4696	1.0
1	11105	3.0351	2.4755	1.8289	3.1765	5.7124	1.0
1	11110	2.2555	2.4755	2.7553	10.8054	6.4266	1.0
1	11115	1.8484	1.2274	2.6483	10.8054	3.1832	1.0
1	11120	1.8484	3.2969	3.2796	10.6244	11.1317	1.0
1	11125	2.2021	2.4093	3.8437	3.4271	11.5948	1.0
1	11130	2.1358	2.4093	2.4841	3.4271	3.495	1.0
1	11135	0.8463	3.4059	2.3959	2.2598	7.5968	1.0
1	11140	0.8581	4.9427	2.8648	2.6395	11.0875	1.0
1	11145	0.8581	0.642	2.8648	4.8248	8.0667	1.0
1	11150	0.9089	1.116	1.9666	8.3043	8.0667	1.0
1	11155	2.3594	5.4354	3.0215	8.3043	1.3541	1.0
1	11160	1.014	6.1264	2.7409	7.4889	2.5028	1.0
1	11165	1.8549	6.6509	2.5337	7.7883	3.6709	1.0
1	11170	1.5119	0.7796	2.5835	10.3314	1.1933	1.0
1	11175	0.9941	1.6655	3.5175	10.3314	8.9501	1.0
1	11180	1.7243	0.4729	3.9672	11.177	4.4113	1.0
1	11185	4.1502	3.184	5.3313	11.1029	1.4727	1.0
1	11190	4.1502	1.0444	2.3349	5.6932	0.3662	1.0
1	11195	2.1551	1.5908	3.4573	4.4852	7.6404	1.0
1	11200	1.3973	1.5734	5.087	11.6194	6.8118	1.0
1	11205	0.8534	1.1942	3.1082	9.9686	8.4783	1.0
1	11210	0.9393	0.4111	3.1082	9.9686	7.7919	1.0
1	11215	1.3444	0.6779	3.1751	9.9686	7.7919	1.0
1	11220	1.3444	0.1997	3.0061	6.6291	10.8323	1.0
1	11225	1.3444	0.6644	2.6785	6.956	6.2788	1.0
1	11230	2.4335	1.4383	3.7578	5.4285	6.396	1.0
1	11235	2.6408	0.2313	2.149	9.3355	10.0955	1.0
1	11240	2.6977	0.6183	2.6858	8.5786	11.6581	1.0
1	11245	1.8847	0.6804	2.3178	11.1214	2.3567	1.0
1	11250	1.8569	1.8541	2.6818	7.7968	3.0686	1.0
1	11255	1.9484	2.9313	2.0609	7.594	1.7274	1.0
1	11260	1.7288	3.5102	1.7982	2.459	0.4553	1.0
1	11265	1.6608	3.5102	2.8076	11.2197	2.443	1.0
1	11270	1.6085	3.9859	3.0402	8.104	6.7571	1.0
1	11275	3.2	1.6259	2.5648	3.6119	4.9656	1.0
1	11280	3.304	1.8423	3.0954	1.0173	1.2084	1.0
1	11285	3.304	0.6471	2.8062	1.1674	1.0082	1.0
1	11290	1.5364	0.594	2.6572	11.6784	6.8224	1.0
1	11295	1.6139	0.594	4.0694	10.6353	8.1006	1.0
1	11300	0.7528	0.5803	2.886	8.815	1.5341	1.0
1	11305	1.8214	0.5441	4.0994	11.3379	11.8558	1.0
1	11310	0.8839	2.6624	3.4238	7.285	6.1617	1.0
1	11315	2.9731	0.9191	3.0941	7.285	8.3756	1.0
1	11320	1.6359	1.1333	4.3561	4.7732	8.7763	1.0
1	11325	1.621	0.7018	3.6064	10.0013	5.3465	1.0
1	11330	0.9494	2.2484	2.344	10.0013	7.7659	1.0
1	11335	0.5593	2.6769	3.0882	8.326	2.0833	1.0
1	11340	0.9588	3.0817	2.8491	1.1182	3.8131	1.0
1	11345	1.2666	3.0817	3.2282	8.9999	1.2714	1.0
1	11350	1.7155	1.2572	2.4784	11.5668	11.4335	1.0
1	11355	2.6985	1.3554	4.1391	1.4315	0.7342	1.0
1	11360	2.4441	2.8174	1.6468	0.2844	0.9683	1.0
1	11365	2.4441	3.0034	2.111	0.2274	0.6297	1.0
1	11370	1.2261	2.0363	3.8841	0.7879	2.0153	1.0
1	11375	1.7658	2.7329	3.6512	7.4884	1.3419	1.0
1	11380	1.6707	0.5938	2.957	7.04	0.4914	1.0
1	11385	1.6616	0.9362	4.3485	4.6517	3.464	1.0
1	11390	3.3198	1.8835	3.3838	8.8841	1.4807	1.0
1	11395	1.0108	2.3525	2.9458	5.4418	1.8707	1.0
1	11400	1.2642	1.2252	3.4507	6.8661	5.91	1.0
1	11405	1.2642	2.2292	3.0361	7.5289	5.9992	1.0
1	11410	1.1949	1.9371	3.0933	11.5457	10.953	1.0
1	11415	1.7697	1.6106	3.4969	5.6113	6.1288	1.0
1	11420	1.6126	2.2873	2.803	11.6313	11.4095	1.0
1	11425	1.0195	1.9193	3.053	8.0759	11.4095	1.0
1	11430	2.2061	4.4282	3.053	8.802	9.789	1.0
1	11435	0.6755	3.1461	2.648	2.1629	8.2429	1.0
1	11440	1.5602	2.1509	2.3669	1.2188	7.7265	1.0
1	11445	1.0562	2.1509	3.0549	1.2844	8.5861	1.0
1	11450	1.7346	3.3905	1.9983	0.2638	2.5218	1.0
1	11455	0.5346	1.3443	1.9672	0.2429	5.6169	1.0
1	11460	1.1028	1.9253	2.9106	9.7137	9.7823	1.0
1	11465	0.8987	3.6742	2.4267	5.0964	5.3325	1.0
1	11470	1.3494	3.5475	1.9917	0.6289	3.6714	1.0
1	11475	2.0207	7.8802	2.55	1.0132	2.5368	1.0
1	11480	1.5952	4.7064	2.099	1.4258	4.0083	1.0
1	11485	1.5483	6.3245	1.8785	0.9497	7.5917	1.0
1	11490	2.3442	4.1054	2.6303	4.7811	1.4783	1.0
1	11495	1.4873	4.7059	2.7404	5.6799	7.8997	1.0
1	11500	1.5154	6.5379	2.4692	10.8444	10.5493	1.0
1	11505	1.5154	6.8944	3.7166	1.1017	11.7556	1.0
1	11510	0.889	5.4527	2.7543	2.7916	6.3645	1.0
1	11515	1.9923	2.0914	2.6268	9.6655	8.3412	1.0
1	11520	1.9923	2.1633	4.0614	7.7178	8.8508	1.0
1	11525	1.0614	2.1633	3.393	5.9134	8.4375	1.0
1	11530	1.156	1.2846	3.3728	6.7988	1.6296	1.0
1	11535	1.2324	4.6963	3.1546	10.1591	2.1131	1.0
1	11540	2.2091	4.6963	3.1546	7.9423	4.9887	1.0
1	11545	2.2091	2.2398	3.6195	2.0084	9.4767	1.0
1	11550	1.593	1.0281	2.4429	5.9479	6.8588	1.0
1	11555	1.4147	1.0281	5.1995	3.3906	3.1578	1.0
1	11560	2.7769	0.9912	2.7217	0.5602	5.7519	1.0
1	11565	1.4363	2.3944	2.4591	11.7962	5.3956	1.0
1	11570	0.4684	2.7862	2.4508	6.7782	3.3601	1.0
1	11575	1.6793	4.0359	3.3143	3.0154	5.7707	1.0
1	11580	1.5515	4.0359	2.8271	4.4757	6.163	1.0
1	11585	1.1984	4.8506	3.1962	9.6315	3.7396	1.0
1	11590	1.5871	3.5824	2.3608	3.8379	10.2439	1.0
1	11595	1.2712	3.2573	2.6105	8.1687	4.0855	1.0
1	11600	3.3573	3.2573	2.9575	2.9231	2.1157	1.0
1	11605	5.2965	1.3145	2.5741	7.8485	0.5054	1.0
1	11610	1.3336	5.7949	3.986	3.5381	1.2634	1.0
1	11615	1.3015	5.7949	3.2009	2.1944	1.6532	1.0
1	11620	1.7045	5.7949	2.8592	3.1738	9.4458	1.0
1	11625	1.7045	3.5667	3.0498	7.2054	6.4164	1.0
1	11630	1.0	4.7979	3.3038	9.6837	7.6499	1.0
1	11635	0.6757	7.0489	3.7715	4.837	11.952	1.0
1	11640	2.262	3.8829	2.046	6.0485	8.6337	1.0
1	11645	2.5954	3.9214	2.0927	1.6667	11.9292	1.0
1	11650	1.365	4.1797	1.8973	1.7526	11.9292	1.0
1	11655	1.8806	6.6984	2.5217	4.7188	11.9292	1.0
1	11660	2.2157	3.1714	3.5868	7.2981	11.9292	1.0
1	11665	1.1253	3.1714	3.2909	1.5665	10.9579	1.0
1	11670	0.9174	2.8488	2.2818	2.3078	10.9579	1.0
1	11675	1.2813	2.5774	2.1935	4.8858	2.6804	1.0
1	11680	2.2461	4.1162	2.2702	1.1403	1.9546	1.0
1	11685	1.3786	2.6334	2.9875	9.9555	3.0503	1.0
1	11690	1.1471	1.6019	4.5133	4.8764	0.7027	1.0
1	11695	1.4195	0.9226	2.9447	1.7438	2.9922	1.0
1	11700	0.8612	1.8807	3.464	10.568	4.7451	1.0
1	11705	0.8612	1.6296	3.464	10.568	4.9169	1.0
1	11710	1.2594	5.2575	3.6211	9.7112	4.8012	1.0
1	11715	1.5128	5.5552	3.2709	9.7112	7.1946	1.0
1	11720	0.9495	4.9008	2.3942	11.9048	9.7996	1.0
1	11725	1.0777	3.8133	2.3961	10.4827	3.4585	1.0
1	11730	1.0311	4.1208	2.6649	1.8487	6.6276	1.0
1	11735	1.8209	3.9199	2.4025	7.1534	9.0077	1.0
1	11740	1.8209	3.8761	2.3663	5.1895	9.0077	1.0
1	11745	1.0248	8.3493	2.95	5.1895	9.0077	1.0
1	11750	0.9188	8.3493	2.5384	0.5494	10.0516	1.0
1	11755	1.3008	8.6137	3.0085	0.3202	3.9237	1.0
1	11760	1.0767	6.5096	4.0468	0.9697	10.257	1.0
1	11765	1.7938	6.5096	2.576	1.2124	1.2431	1.0
1	11770	2.3229	5.6005	3.2652	1.1897	2.7369	1.0
1	11775	1.9886	6.8601	2.3483	7.8797	0.8453	1.0
1	11780	1.5951	3.2932	2.8515	5.2417	5.0013	1.0
1	11785	1.7886	1.0918	2.8515	5.7362	5.1391	1.0
1	11790	1.1705	1.3514	2.5616	4.1631	8.2235	1.0
1	11795	2.8643	1.3514	2.9865	4.5259	8.3041	1.0
1	11800	1.9609	1.3514	3.7797	11.3836	7.7822	1.0
1	11805	2.0684	1.1266	3.0358	11.3836	9.9326	1.0
1	11810	2.1683	0.5279	3.7265	11.3836	9.1712	1.0
1	11815	2.1683	0.3024	3.852	5.8333	2.9484	1.0
1	11820	1.9446	1.0585	3.4961	9.1006	5.1539	1.0
1	11825	1.1651	0.6661	3.8641	9.291	11.9061	1.0
1	11830	1.1702	1.0891	5.1662	5.3465	0.9954	1.0
1	11835	1.0717	1.3268	4.8007	9.585	10.6053	1.0
1	11840	1.0236	1.7695	3.6472	1.9004	10.2003	1.0
1	11845	1.1902	2.1297	3.9384	8.3285	3.2866	1.0
1	11850	2.128	2.3049	3.3242	4.5667	7.2242	1.0
1	11855	2.3511	4.4309	2.6806	4.5642	6.3824	1.0
1	11860	1.3697	4.1843	2.6806	3.449	6.3824	1.0
1	11865	2.6939	4.1843	2.3446	6.856	2.4909	1.0
1	11870	3.7388	2.2492	1.8848	6.5957	11.862	1.0
1	11875	3.7388	2.2492	1.6432	8.0216	10.3304	1.0
1	11880	2.6261	2.1512	2.3171	8.0216	3.683	1.0
1	11885	1.3109	4.1335	2.1749	5.1636	10.9109	1.0
1	11890	1.7452	2.437	1.861	2.5838	6.0559	1.0
1	11895	1.0207	3.9417	1.5207	4.8505	10.6907	1.0
1	11900	1.1578	4.3568	3.5551	11.0871	0.9035	1.0
1	11905	1.4189	2.3064	2.1563	8.7458	3.0553	1.0
1	11910	0.876	6.1012	2.5487	4.1383	0.6373	1.0
1	11915	1.0101	6.1012	2.2863	5.5473	1.1284	1.0
1	11920	1.3269	7.2447	2.3882	2.0259	7.0811	1.0
1	11925	2.3289	1.7185	3.5631	2.7096	6.2188	1.0
1	11930	2.142	1.1635	2.6398	3.5027	1.8038	1.0
1	11935	2.9692	2.0808	2.8423	7.1557	3.8544	1.0
1	11940	1.7539	2.0808	2.8423	4.0367	0.3131	1.0
1	11945	1.5523	3.8942	2.4641	2.7786	0.4231	1.0
1	11950	0.9797	5.2359	2.4908	5.9962	0.7995	1.0
1	11955	1.9788	3.3675	3.0818	9.0258	10.4209	1.0
1	11960	1.4366	1.9082	3.0818	4.0436	6.3884	1.0
1	11965	1.3599	1.3722	3.1568	1.2561	10.2879	1.0
1	11970	1.6248	1.3188	3.1709	1.8799	9.176	1.0
1	11975	1.6248	2.1358	2.3372	0.1216	1.7601	1.0
1	11980	1.5181	3.6837	2.6876	0.1344	2.8295	1.0
1	11985	1.5181	3.4798	1.9371	0.4275	11.411	1.0
1	11990	1.8862	3.4798	2.6217	1.2538	0.3325	1.0
1	11995	0.6175	3.4798	3.5906	0.4319	2.5929	1.0
2	2000	1.8176	3.1349	2.2969	5.5634	7.5108	1.0
2	2005	1.2855	3.2393	3.2628	6.3424	6.0966	1.0
2	2010	1.534	3.2393	3.2201	6.3424	4.0202	1.0
2	2015	0.569	4.5872	3.1647	8.5517	0.6323	1.0
2	2020	0.9415	3.881	3.1621	8.5517	1.1654	1.0
2	2025	3.654	1.881	2.7682	8.6336	8.3464	1.0
2	2030	3.4077	1.4384	2.9719	8.6336	1.8585	1.0
2	2035	2.9679	2.589	2.7174	8.6336	3.845	1.0
2	2040	3.6882	0.9423	2.9368	3.5894	1.7969	1.0
2	2045	1.6801	1.2627	4.3298	3.5894	3.9642	1.0
2	2050	0.9211	3.0819	3.5476	1.5447	6.3999	1.0
2	2055	1.892	2.8717	3.7053	3.7736	5.3139	1.0
2	2060	1.3615	4.3071	3.3189	4.7939	1.1473	1.0
2	2065	1.2716	8.4413	2.7822	0.1358	3.1342	1.0
2	2070	1.5521	6.9765	2.7822	1.4693	5.5481	1.0
2	2075	1.1322	9.0408	2.4667	1.4693	10.2843	1.0
2	2080	2.9846	6.0608	2.8632	3.4301	6.3522	1.0
2	2085	2.444	6.3514	2.4786	0.8484	3.6165	1.0
2	2090	1.853	8.7888	3.0607	1.1438	3.6165	1.0
2	2095	2.8524	3.945	2.3945	2.2614	4.5257	1.0
2	2100	0.7998	4.5634	2.3782	3.4489	1.4648	1.0
2	2105	1.8776	2.5495	2.6731	9.3768	3.2505	1.0
2	2110	2.6035	1.114	3.1611	0.6293	0.6313	1.0
2	2115	2.9372	1.1291	2.7979	1.1726	6.3095	1.0
2	2120	3.1532	1.7272	2.5023	5.4078	7.8858	1.0
2	2125	1.94	2.3818	2.9525	5.4605	8.3814	1.0
2	2130	1.4805	3.3347	2.3873	8.4942	1.5912	1.0
2	2135	2.0795	3.3347	2.928	5.1542	0.999	1.0
2	2140	1.035	2.2264	2.8109	5.1542	10.2207	1.0
2	2145	1.1122	2.339	4.0474	6.2686	6.764	1.0
2	2150	0.2598	3.0569	3.0471	4.1903	7.9191	1.0
2	2155	0.9217	4.8386	2.187	0.2253	7.9118	1.0
2	2160	0.4358	4.6107	3.1103	2.6015	8.0626	1.0
2	2165	0.7902	4.8379	3.1103	6.2659	7.2867	1.0
2	2170	1.5236	4.7295	2.2607	3.4766	9.2939	1.0
2	2175	1.3303	4.1003	3.2906	3.4766	9.3558	1.0
2	2180	0.8943	7.074	3.415	7.7898	11.128	1.0
2	2185	1.9676	6.6597	3.0991	1.3552	7.7988	1.0
2	2190	1.677	6.1293	3.0991	1.3552	4.2059	1.0
2	2195	1.4388	5.7355	2.6781	3.2731	2.1127	1.0
2	2200	1.8215	7.5879	2.2384	4.1666	5.2433	1.0
2	2205	1.5706	7.5879	2.2016	4.1666	6.5935	1.0
2	2210	1.1432	3.8222	2.8092	4.1666	4.9544	1.0
2	2215	3.3291	4.3194	1.9335	2.8618	4.1997	1.0
2	2220	1.1253	3.9028	2.2839	10.0479	7.2093	1.0
2	2225	1.7648	1.9235	3.3493	6.4185	0.8237	1.0
2	2230	1.7648	2.6305	2.1723	6.4185	8.0001	1.0
2	2235	1.7463	4.0772	2.6473	1.7578	3.8762	1.0
2	2240	1.7463	3.9517	2.4608	0.88	4.2751	1.0
2	2245	0.77	2.3511	2.0507	3.1177	0.8136	1.0
2	2250	0.5493	3.8915	2.9918	11.4157	3.4898	1.0
2	2255	0.5493	2.96	3.0709	8.918	9.2738	1.0
2	2260	1.1287	1.7177	4.6089	8.918	2.4833	1.0
2	2265	2.4526	1.8227	2.1695	5.0224	10.1473	1.0
2	2270	2.5717	1.0425	2.5097	6.7176	11.6008	1.0
2	2275	3.8134	0.6403	2.9188	4.5354	3.9461	1.0
2	2280	3.3889	1.5969	2.9055	7.4083	0.9085	1.0
2	2285	2.6917	2.2076	2.072	5.4911	10.6223	1.0
2	2290	0.6767	2.6962	2.2688	7.5988	10.6223	1.0
2	2295	0.6667	1.2241	2.526	0.5048	2.3798	1.0
2	2300	1.9968	2.6715	2.2403	4.4394	6.2105	1.0
2	2305	3.3614	2.8139	1.6998	2.3476	7.8222	1.0
2	2310	2.0246	2.8139	1.9965	3.0221	2.1118	1.0
2	2315	0.8669	4.4105	2.4201	3.0221	1.9486	1.0
2	2320	1.6057	6.339	3.209	7.1593	11.2429	1.0
2	2325	1.6538	4.2718	3.2497	7.1593	11.9717	1.0
2	2330	0.7213	1.7008	2.9295	2.4602	11.864	1.0
2	2335	0.6665	2.0801	3.1564	6.1175	11.6522	1.0
2	2340	0.8664	2.5671	3.2475	2.7969	11.8337	1.0
2	2345	2.3242	1.917	3.2475	1.891	11.9152	1.0
2	2350	1.2486	1.917	2.7541	0.218	1.4112	1.0
2	2355	0.872	2.3121	3.1693	3.4534	0.325	1.0
2	2360	0.8807	1.7927	2.8149	7.2792	8.5856	1.0
2	2365	0.9665	1.7927	2.3245	7.2792	10.0623	1.0
2	2370	1.0551	0.9269	4.5458	6.9172	10.6798	1.0
2	2375	0.9019	0.8732	4.1706	6.9172	10.6645	1.0
2	2380	2.8378	1.7742	2.6624	6.9172	4.5689	1.0
2	2385	4.836	2.5027	2.3262	6.2543	1.8561	1.0
2	2390	2.7907	2.1286	1.7597	9.0483	9.8928	1.0
2	2395	2.5034	6.0578	1.8194	7.6233	2.5971	1.0
2	2400	1.9059	2.7884	2.2554	7.6859	5.6875	1.0
2	2405	1.4941	3.6574	1.8397	0.9477	2.6337	1.0
2	2410	1.4246	5.0138	2.5775	10.2832	3.3847	1.0
2	2415	3.3229	2.0301	3.3478	1.4256	2.0217	1.0
2	2420	2.3141	1.6936	1.5687	9.0883	7.6089	1.0
2	2425	2.8896	2.8194	2.3964	7.3404	6.944	1.0
2	2430	1.2438	2.203	2.4955	4.5	5.3856	1.0
2	2435	1.2911	2.203	2.0895	4.5	8.5215	1.0
2	2440	0.6705	2.6055	4.5205	3.7587	6.5709	1.0
2	2445	3.0536	2.5443	3.2055	4.2818	4.3941	1.0
2	2450	2.2975	4.2646	3.4773	5.6132	7.9041	1.0
2	2455	0.5102	2.7563	2.872	5.5503	4.1008	1.0
2	2460	0.9653	2.9408	2.1189	5.5503	2.849	1.0
2	2465	1.5484	4.6121	2.8471	10.2257	3.1477	1.0
2	2470	1.5484	6.1096	3.6676	10.2257	7.9158	1.0
2	2475	0.668	3.8088	5.0086	10.2257	11.1642	1.0
2	2480	1.0127	3.1417	2.9194	10.1932	6.0646	1.0
2	2485	0.7206	4.4484	3.0353	10.1932	7.2046	1.0
2	2490	1.4015	2.1845	3.0802	7.1056	0.6063	1.0
2	2495	0.7781	1.8024	3.4661	7.1056	1.6861	1.0
2	2500	1.7409	0.9972	2.1049	7.1056	5.0906	1.0
2	2505	2.6946	1.0906	1.9438	9.4512	8.5116	1.0
2	2510	2.8161	2.3739	2.0212	9.4512	2.7958	1.0
2	2515	2.8161	1.89	2.3871	8.1533	5.6031	1.0
2	2520	2.8161	1.2574	1.5646	2.6651	3.8364	1.0
2	2525	2.9774	1.31	1.4787	4.6069	1.917	1.0
2	2530	4.4416	0.9096	1.4787	10.8462	2.4783	1.0
2	2535	3.3878	1.0836	2.2696	10.8462	6.3158	1.0
2	2540	1.381	2.0183	2.9778	10.8462	2.7927	1.0
2	2545	1.9458	2.2782	3.1614	2.7705	2.7927	1.0
2	2550	1.1129	1.2122	3.7703	8.3404	6.4364	1.0
2	2555	1.1129	0.2705	3.8558	1.3985	4.5808	1.0
2	2560	1.306	0.2556	4.6996	1.615	4.7638	1.0
2	2565	3.4827	0.3379	3.7263	1.4008	4.7638	1.0
2	2570	3.1849	1.1735	2.0491	1.7138	2.4835	1.0
2	2575	1.4087	0.9707	4.6121	5.5976	1.9179	1.0
2	2580	1.9564	2.5616	4.6121	9.3096	1.2387	1.0
2	2585	2.4404	1.0809	1.5747	10.2706	1.6608	1.0
2	2590	2.3238	2.5182	3.7307	9.0943	1.363	1.0
2	2595	1.2683	3.3211	4.2366	9.0943	1.3015	1.0
2	2600	1.5033	3.8456	2.4056	6.289	0.662	1.0
2	2605	1.1054	3.8456	2.5418	11.1164	0.5566	1.0
2	2610	1.8657	5.7356	2.7176	11.1164	3.8284	1.0
2	2615	0.9542	3.527	2.5569	6.4443	9.2297	1.0
2	2620	2.5459	1.142	2.9506	2.3888	4.8085	1.0
2	2625	1.2026	0.8947	3.8946	7.9649	11.6279	1.0
2	2630	1.5239	0.8947	3.9836	7.9649	8.9717	1.0
2	2635	1.5239	1.0447	2.726	9.4724	4.4866	1.0
2	2640	0.7286	1.2976	2.726	9.4724	4.815	1.0
2	2645	1.5581	2.7175	3.0664	1.1096	6.6022	1.0
2	2650	1.1982	2.1298	3.454	1.7536	10.1321	1.0
2	2655	1.7113	1.1201	3.0486	3.5467	10.1321	1.0
2	2660	1.9475	0.8693	3.0152	8.2563	7.8074	1.0
2	2665	2.021	0.5097	2.7835	8.2563	8.1144	1.0
2	2670	5.9568	0.4035	1.7618	8.2563	0.3772	1.0
2	2675	5.9568	2.3778	3.2382	2.4972	0.1215	1.0
2	2680	3.3613	2.3872	2.73	9.5925	0.2717	1.0
2	2685	1.3537	0.69	4.1054	7.3897	2.0276	1.0
2	2690	1.8505	1.3286	3.3093	10.9919	4.8103	1.0
2	2695	1.9295	1.0082	4.6774	10.9919	1.1694	1.0
2	2700	3.1841	1.3801	3.5304	3.6344	2.7108	1.0
2	2705	3.716	0.1139	2.7315	1.3264	7.8486	1.0
2	2710	3.5469	0.1999	4.0583	0.2139	10.9036	1.0
2	2715	2.3161	0.5949	4.4805	0.8879	3.2093	1.0
2	2720	2.4717	4.8711	2.9328	9.8734	6.2522	1.0
2	2725	1.0862	5.7565	2.1595	5.9446	11.885	1.0
2	2730	1.0772	3.6488	2.6817	3.9504	7.8504	1.0
2	2735	2.9349	2.3452	2.6817	0.2267	0.9091	1.0
2	2740	2.9349	2.2267	2.1381	0.1856	7.9011	1.0
2	2745	1.1557	2.2267	2.3455	5.3536	0.8699	1.0
2	2750	3.0114	1.9029	2.1918	5.3536	7.6814	1.0
2	2755	1.0582	1.9029	2.7595	9.2462	10.1428	1.0
2	2760	0.8644	3.1695	2.6506	9.2462	10.3135	1.0
2	2765	1.5399	2.2437	2.8686	9.2462	5.8622	1.0
2	2770	1.8589	2.2437	2.6155	6.8226	4.3696	1.0
2	2775	0.9856	2.1342	3.2945	6.8226	7.1686	1.0
2	2780	1.7862	2.1526	3.9182	7.2773	1.4953	1.0
2	2785	1.3234	2.1526	3.8464	0.2576	8.8731	1.0
2	2790	1.5978	0.7755	3.5945	9.5074	10.5857	1.0
2	2795	1.2938	0.3889	3.5945	6.9611	5.3879	1.0
2	2800	0.7712	1.5627	3.4778	6.9611	7.4011	1.0
2	2805	0.9418	1.5098	3.4778	9.8752	4.4822	1.0
2	2810	0.6923	4.9621	3.8844	10.0223	7.6373	1.0
2	2815	1.6075	1.1491	3.6411	4.6949	4.8155	1.0
2	2820	1.532	1.2394	2.823	9.4235	1.6238	1.0
2	2825	3.0571	0.9502	3.2596	4.6538	10.3481	1.0
2	2830	2.4398	0.849	3.0391	5.2346	3.9961	1.0
2	2835	0.9166	0.5584	2.6847	3.5013	10.0928	1.0
2	2840	1.1214	0.6987	3.3439	8.4362	7.7133	1.0
2	2845	0.3044	2.1334	4.1147	8.4362	1.8003	1.0
2	2850	1.0937	2.865	3.3542	8.4362	1.5577	1.0
2	2855	0.9934	2.2375	4.7234	8.4362	1.252	1.0
2	2860	1.7507	1.4144	3.0331	1.6043	2.4123	1.0
2	2865	1.3621	3.4037	2.5157	8.7654	2.4123	1.0
2	2870	1.4864	1.5153	4.3447	11.7813	1.6288	1.0
2	2875	2.212	0.7515	4.211	11.7813	3.7674	1.0
2	2880	1.8816	0.8388	3.978	8.1052	3.6332	1.0
2	2885	0.9254	1.252	3.482	8.1052	3.1197	1.0
2	2890	2.0568	0.456	5.6331	3.2887	11.0362	1.0
2	2895	1.7771	0.3246	4.7939	10.9539	4.0058	1.0
2	2900	1.9131	1.7979	4.8573	10.9123	7.217	1.0
2	2905	1.9596	1.6798	3.4883	10.9123	8.6079	1.0
2	2910	3.8141	1.1484	2.439	10.9123	0.6444	1.0
2	2915	3.8141	1.0629	2.3703	4.8045	9.321	1.0
2	2920	3.8395	0.8223	1.577	4.8045	4.6106	1.0
2	2925	3.2057	2.7847	2.6995	3.433	5.5868	1.0
2	2930	1.8339	2.1701	2.3928	4.6658	6.2239	1.0
2	2935	1.9443	5.8199	2.6382	4.6658	11.694	1.0
2	2940	0.7946	5.6354	2.7786	5.8186	10.6924	1.0
2	2945	1.4034	1.1241	2.7786	0.5515	5.4855	1.0
2	2950	2.2004	1.7369	3.6158	7.291	2.5145	1.0
2	2955	1.6715	0.9045	2.4879	2.4679	4.4457	1.0
2	2960	1.601	1.8349	2.3591	7.5692	4.4457	1.0
2	2965	1.7795	1.1717	2.5146	9.472	7.883	1.0
2	2970	1.1881	4.9217	2.6459	4.9763	3.5618	1.0
2	2975	0.8057	2.867	2.9053	11.9614	5.9474	1.0
2	2980	1.5423	0.8215	4.4464	7.2653	9.0925	1.0
2	2985	1.0822	0.924	2.817	0.9474	10.9703	1.0
2	2990	1.5842	1.8106	2.4853	2.3624	4.5255	1.0
2	2995	1.2828	2.3708	2.359	4.8473	8.9832	1.0
2	3000	2.4898	1.2418	3.1129	9.2165	2.6103	1.0
2	3005	1.7805	1.0328	3.1129	8.664	2.0364	1.0
2	3010	2.3742	1.3326	2.8988	8.9252	0.9688	1.0
2	3015	1.8999	1.2676	3.9235	8.9252	4.7021	1.0
2	3020	1.5243	1.8026	3.2807	11.4245	7.8357	1.0
2	3025	0.4985	1.9365	4.3126	11.4245	2.1968	1.0
2	3030	0.9331	2.4149	3.0607	11.4245	6.6226	1.0
2	3035	1.4712	2.5752	2.7009	11.4245	9.4363	1.0
2	3040	1.4712	2.441	3.1136	5.7998	1.5533	1.0
2	3045	1.5091	2.441	2.7152	8.0715	2.8882	1.0
2	3050	1.1339	1.5023	3.3044	8.0715	2.8882	1.0
2	3055	1.3629	1.6572	4.0494	3.5934	9.5321	1.0
2	3060	2.7939	1.6572	3.2752	1.7965	1.4104	1.0
2	3065	2.7084	2.1533	2.0791	2.7291	10.3625	1.0
2	3070	3.678	3.7606	1.8286	2.7291	10.0222	1.0
2	3075	3.678	3.349	1.8286	7.5312	11.9378	1.0
2	3080	2.7102	2.8332	2.2682	0.7294	4.2207	1.0
2	3085	2.4466	7.0584	1.7083	2.1085	7.6172	1.0
2	3090	1.9533	5.2123	1.8173	3.1591	6.2086	1.0
2	3095	2.1687	9.9933	2.3708	0.8093	5.9272	1.0
2	3100	1.5119	9.1302	3.1338	9.1605	7.9019	1.0
2	3105	0.4088	1.1776	2.9773	9.1605	8.1464	1.0
2	3110	0.8067	1.0622	2.5074	7.7703	7.1113	1.0
2	3115	1.7151	1.1297	2.6989	7.7703	9.375	1.0
2	3120	3.2296	2.5787	2.258	2.6566	9.375	1.0
2	3125	1.2636	2.9857	2.258	2.6844	3.4004	1.0
2	3130	1.3174	0.9422	5.3275	1.677	7.2507	1.0
2	3135	2.4893	1.2874	2.9629	7.3532	2.0181	1.0
2	3140	1.812	1.5379	3.0542	7.3532	9.0964	1.0
2	3145	1.1264	2.1483	3.0309	6.595	7.1636	1.0
2	3150	3.5184	3.1913	3.0458	5.6947	7.1636	1.0
2	3155	1.1439	2.717	2.7154	2.3859	7.1636	1.0
2	3160	0.8696	1.4881	3.3974	3.5892	5.9814	1.0
2	3165	1.4434	2.9609	2.551	5.4308	7.7539	1.0
2	3170	1.1957	4.2956	2.2099	1.8087	0.8938	1.0
2	3175	3.0125	3.858	1.941	8.6486	4.2001	1.0
2	3180	2.6759	3.858	1.7801	8.6486	8.9098	1.0
2	3185	0.9071	7.6202	1.8785	8.6486	9.9987	1.0
2	3190	0.4409	7.6202	2.3585	8.6486	6.0092	1.0
2	3195	2.3726	5.2296	3.3344	6.4217	5.7295	1.0
2	3200	2.3726	4.7202	3.3291	6.4217	7.4543	1.0
2	3205	1.2103	3.202	1.9076	10.7025	8.1759	1.0
2	3210	1.4724	6.7602	2.1107	8.677	3.2697	1.0
2	3215	1.3755	2.4066	2.9826	8.677	0.6367	1.0
2	3220	2.6271	0.5254	3.2841	0.9795	6.4935	1.0
2	3225	3.1028	0.8295	2.0951	0.1121	6.2686	1.0
2	3230	2.9521	2.2754	2.0188	0.4143	6.4015	1.0
2	3235	2.8598	1.5221	2.6922	2.6403	5.1883	1.0
2	3240	2.2599	2.0065	4.4135	2.2063	1.9332	1.0
2	3245	2.4581	2.5206	4.0477	6.7726	3.8288	1.0
2	3250	2.4581	2.0594	4.611	5.0562	6.6612	1.0
2	3255	1.0678	2.0594	2.716	3.7375	6.6612	1.0
2	3260	2.6399	0.5824	2.9955	3.7375	3.949	1.0
2	3265	2.6399	1.3128	2.9102	1.0467	4.7941	1.0
2	3270	2.785	1.4902	2.684	11.7321	9.5512	1.0
2	3275	1.3088	1.0005	4.0093	11.7321	9.5512	1.0
2	3280	0.9779	0.5938	3.6177	11.7321	4.9983	1.0
2	3285	2.3759	0.8648	4.2237	11.7321	8.6574	1.0
2	3290	0.8394	2.2171	3.0709	11.7321	3.2865	1.0
2	3295	3.5166	1.1575	3.1485	2.3696	1.8255	1.0
2	3300	0.7214	1.5933	3.1696	0.3004	0.698	1.0
2	3305	1.7966	1.449	2.9947	0.1556	1.8707	1.0
2	3310	1.691	1.449	3.2839	5.9024	1.5239	1.0
2	3315	1.7405	2.0409	5.2824	10.1357	0.4474	1.0
2	3320	2.07	0.5765	5.7907	11.5691	3.1739	1.0
2	3325	3.3646	2.1254	4.6393	11.5691	1.3851	1.0
2	3330	3.2126	2.6288	2.6657	6.7334	1.0232	1.0
2	3335	3.7643	1.8629	2.5758	5.1003	7.0484	1.0
2	3340	1.4421	1.7087	2.9808	11.2343	3.3605	1.0
2	3345	1.7009	3.416	2.8138	2.1759	6.8793	1.0
2	3350	1.4917	3.7105	3.0012	5.1221	6.8793	1.0
2	3355	0.257	6.4398	2.9449	4.9239	1.4355	1.0
2	3360	0.6818	6.334	3.8478	8.5698	2.8755	1.0
2	3365	1.1757	1.1807	4.1905	3.0366	11.617	1.0
2	3370	1.933	1.4203	3.5372	1.793	5.0901	1.0
2	3375	1.1363	1.7306	2.9	6.4719	4.416	1.0
2	3380	3.5909	1.63	2.6624	5.1688	2.3609	1.0
2	3385	2.45	2.791	3.3105	2.4015	1.2445	1.0
2	3390	2.5457	2.791	3.1121	10.6773	5.3939	1.0
2	3395	1.1193	1.6386	3.8769	0.5072	11.6869	1.0
2	3400	1.5072	2.1866	3.4164	8.5478	8.6388	1.0
2	3405	1.9919	2.1866	2.7768	8.5478	2.1956	1.0
2	3410	2.7768	2.2782	2.8283	2.8472	3.8463	1.0
2	3415	3.3269	2.2696	3.6824	2.3503	1.3121	1.0
2	3420	1.1309	1.2215	2.6214	0.2456	3.9934	1.0
2	3425	1.7618	1.0398	3.7934	1.5466	8.0782	1.0
2	3430	2.5268	0.6917	3.592	0.6939	10.1372	1.0
2	3435	1.4898	1.2218	3.0055	1.6292	10.1372	1.0
2	3440	2.4495	1.6126	2.9942	2.1836	2.8563	1.0
2	3445	2.9261	0.4451	2.5918	9.8504	11.7262	1.0
2	3450	2.2336	0.8228	3.261	3.4689	4.9904	1.0
2	3455	2.2336	1.1802	3.9744	0.6211	2.5152	1.0
2	3460	2.308	1.7066	2.3181	3.3837	4.8539	1.0
2	3465	0.8623	1.2701	2.634	5.9844	4.3696	1.0
2	3470	1.8246	1.9504	2.9887	6.1714	0.824	1.0
2	3475	2.4017	5.1397	2.7759	9.2602	4.7728	1.0
2	3480	1.0127	6.2913	2.7759	9.2602	6.3063	1.0
2	3485	2.8143	2.9142	2.4053	7.112	11.2352	1.0
2	3490	2.0941	1.8852	2.4852	7.112	11.2352	1.0
2	3495	0.6532	1.8852	3.5968	1.9972	9.9489	1.0
2	3500	1.1913	3.875	3.9064	5.9636	9.7464	1.0
2	3505	2.4798	1.8291	3.4949	1.5692	6.0268	1.0
2	3510	0.7372	2.0794	3.105	1.5692	6.0268	1.0
2	3515	1.5332	0.7597	5.8713	7.4304	10.8703	1.0
2	3520	1.7178	0.9919	5.8713	2.09	10.8703	1.0
2	3525	1.2438	0.7489	2.8293	3.0687	10.8703	1.0
2	3530	2.7304	0.8616	2.7124	7.342	10.8703	1.0
2	3535	1.3305	0.7338	2.1249	7.342	10.8703	1.0
2	3540	2.0115	1.6487	2.8378	3.308	10.8703	1.0
2	3545	1.7911	0.4997	4.8037	3.2821	9.4709	1.0
2	3550	1.1249	1.333	2.9176	5.703	8.9639	1.0
2	3555	1.0657	1.5021	2.6847	10.6922	8.9639	1.0
2	3560	1.7419	1.3323	2.233	8.1121	10.2723	1.0
2	3565	1.471	3.3932	2.233	8.1121	0.6999	1.0
2	3570	0.7011	6.546	3.1106	8.1121	6.6218	1.0
2	3575	0.9846	5.3111	3.1106	8.4773	6.6218	1.0
2	3580	0.9846	3.0752	2.4489	9.7462	0.4732	1.0
2	3585	1.1058	6.5395	5.9183	9.2727	1.6464	1.0
2	3590	1.7593	1.2268	4.0257	9.2727	3.6665	1.0
2	3595	1.6175	0.9606	2.8972	9.2727	2.6593	1.0
2	3600	1.2913	2.7132	2.815	4.5331	1.1531	1.0
2	3605	2.0425	3.2566	2.7441	2.9292	6.8728	1.0
2	3610	1.0306	3.9778	3.1336	10.2702	2.1183	1.0
2	3615	0.9462	2.596	4.0209	10.2702	4.734	1.0
2	3620	1.0519	1.8513	2.254	10.1105	6.4613	1.0
2	3625	1.3667	6.0091	3.1319	6.6425	10.4961	1.0
2	3630	1.3667	4.7341	2.9175	0.9187	10.577	1.0
2	3635	1.5239	2.8635	3.421	3.3565	5.329	1.0
2	3640	1.7013	1.7387	2.3524	2.7741	0.7316	1.0
2	3645	1.6665	1.9201	2.4022	5.1868	0.2132	1.0
2	3650	1.3385	2.8491	4.7149	9.2641	7.0241	1.0
2	3655	3.0453	1.3641	2.3375	8.7257	6.3703	1.0
2	3660	0.9188	3.3267	2.4284	8.7257	6.1394	1.0
2	3665	1.6878	1.8871	2.7549	4.6508	11.4351	1.0
2	3670	1.6008	1.5176	3.2663	4.7876	10.7899	1.0
2	3675	2.4856	1.3075	3.5008	4.0281	6.0676	1.0
2	3680	1.6471	0.9429	2.6498	4.0281	8.3588	1.0
2	3685	1.3255	1.4172	2.7911	2.3014	8.9132	1.0
2	3690	2.3999	2.5193	3.577	6.6045	5.8396	1.0
2	3695	3.6409	0.9474	3.1389	2.0925	2.6284	1.0
2	3700	4.8411	0.6846	2.6892	5.6191	11.3618	1.0
2	3705	1.1379	0.5527	2.3503	5.609	11.3618	1.0
2	3710	1.1379	1.0937	2.4946	1.0157	11.3618	1.0
2	3715	1.1757	0.5372	3.0971	0.812	11.3618	1.0
2	3720	0.8433	2.0135	4.7288	4.584	7.3629	1.0
2	3725	1.0188	1.819	2.6266	6.0082	7.0366	1.0
2	3730	2.8578	2.1837	2.4594	2.8894	8.6473	1.0
2	3735	0.8711	2.0308	3.2974	11.0059	9.5082	1.0
2	3740	1.8583	2.1534	2.7733	8.4153	4.3376	1.0
2	3745	2.0578	1.2231	3.2151	8.4153	1.7263	1.0
2	3750	0.8217	0.8301	3.5554	8.4153	7.548	1.0
2	3755	0.5933	0.8588	3.4209	5.921	1.0368	1.0
2	3760	1.8862	1.3916	3.5553	0.3577	3.1399	1.0
2	3765	1.8701	2.1837	5.1257	6.963	4.5947	1.0
2	3770	1.5561	1.9871	2.6248	0.9424	11.6213	1.0
2	3775	0.9613	3.5997	2.8037	3.5738	9.5419	1.0
2	3780	1.4962	2.7195	2.3362	3.5738	9.5419	1.0
2	3785	3.205	1.954	2.6629	5.2025	9.5292	1.0
2	3790	2.7567	2.0145	1.9624	3.051	10.3606	1.0
2	3795	1.595	0.6863	2.8547	9.7329	10.3606	1.0
2	3800	2.6759	0.6009	3.1013	2.2914	11.1702	1.0
2	3805	0.8769	0.5431	3.9467	1.3033	11.1702	1.0
2	3810	1.7725	1.2785	3.8014	0.4734	9.3008	1.0
2	3815	0.9868	1.2785	3.4743	7.3193	1.1883	1.0
2	3820	2.0592	1.9587	5.7518	4.971	4.3591	1.0
2	3825	1.4763	0.4749	4.8731	1.186	7.5942	1.0
2	3830	3.0771	0.2942	2.9432	0.2442	2.7913	1.0
2	3835	4.0186	0.3084	2.6688	5.014	6.1395	1.0
2	3840	2.289	0.5179	3.5455	11.8054	4.2017	1.0
2	3845	2.0616	1.5121	3.1396	11.8054	4.2017	1.0
2	3850	1.5314	0.5487	2.4732	11.8054	6.337	1.0
2	3855	0.8009	0.5845	3.0504	8.1648	3.6188	1.0
2	3860	1.168	0.7306	3.122	4.8086	5.5274	1.0
2	3865	1.1279	1.2258	3.0719	3.0766	10.471	1.0
2	3870	1.2428	2.2549	3.7823	3.0766	8.0889	1.0
2	3875	2.3506	2.1085	2.7743	0.3723	9.5589	1.0
2	3880	2.5046	2.2084	2.7743	0.3723	9.5589	1.0
2	3885	2.4138	2.4245	3.1995	2.634	5.7437	1.0
2	3890	2.3084	1.4843	3.6027	7.1883	9.6634	1.0
2	3895	2.0519	0.5306	3.0459	7.1883	9.6634	1.0
2	3900	2.9695	2.4766	4.6832	7.9945	9.8647	1.0
2	3905	5.2311	0.7068	4.6154	3.9848	4.0427	1.0
2	3910	1.8592	1.0453	2.7137	3.1706	11.0552	1.0
2	3915	1.7596	2.3164	2.1588	3.1706	7.8357	1.0
2	3920	1.2146	1.5555	2.953	3.1706	9.4036	1.0
2	3925	1.1567	3.3993	2.6366	1.1478	6.8718	1.0
2	3930	0.8975	4.2878	2.8967	0.4181	2.9176	1.0
2	3935	1.587	4.2878	2.0434	7.5622	1.146	1.0
2	3940	3.2488	4.2878	2.1082	10.5653	10.8177	1.0
2	3945	3.5578	3.2574	2.5058	10.5653	5.7549	1.0
2	3950	4.4313	1.0595	2.2699	9.7159	6.5391	1.0
2	3955	2.7792	3.3249	2.2699	9.7159	6.9466	1.0
2	3960	1.2672	3.7034	2.674	9.7159	8.9866	1.0
2	3965	1.0668	0.5794	4.593	9.7159	5.3461	1.0
2	3970	1.541	0.542	3.6916	3.8028	6.4758	1.0
2	3975	2.6674	1.3744	3.553	3.3072	5.6265	1.0
2	3980	1.9973	2.8633	2.8818	0.7588	5.6265	1.0
2	3985	0.7051	3.9437	2.5064	10.2185	2.7584	1.0
2	3990	2.5504	4.4857	1.9734	10.2185	1.7616	1.0
2	3995	2.7814	4.0555	2.2273	10.2185	1.627	1.0
2	4000	2.1289	1.7957	3.0062	1.3371	3.1654	1.0
2	4005	0.8975	1.7314	3.0852	6.2535	5.8542	1.0
2	4010	1.5941	1.5421	3.023	6.4697	3.4265	1.0
2	4015	1.546	1.3935	3.5349	9.9038	1.7571	1.0
2	4020	0.9908	1.7344	3.7948	11.3941	2.0678	1.0
2	4025	2.0965	2.6058	2.0128	11.3941	4.6503	1.0
2	4030	2.8577	2.4129	2.0604	7.5574	11.7443	1.0
2	4035	1.8429	1.8474	2.7487	7.5574	10.9858	1.0
2	4040	1.2453	0.937	3.5945	7.5574	10.3683	1.0
2	4045	2.6854	0.4789	3.4964	11.9645	1.5463	1.0
2	4050	1.5307	1.0198	2.6001	11.7903	8.2839	1.0
2	4055	2.3085	3.1235	3.0868	11.6281	6.3674	1.0
2	4060	1.6919	1.5594	3.1862	11.6281	3.4198	1.0
2	4065	1.3564	2.9326	1.7558	11.6281	5.2557	1.0
2	4070	1.058	2.4325	2.5398	7.9725	0.2498	1.0
2	4075	1.7168	7.2794	2.7167	7.9725	0.65	1.0
2	4080	1.338	6.8641	2.5392	2.056	2.2022	1.0
2	4085	0.9446	2.6365	2.2763	8.9582	0.8368	1.0
2	4090	1.575	1.1312	4.5202	8.9582	1.0127	1.0
2	4095	2.2041	1.1312	5.8147	8.9582	7.4734	1.0
2	4100	1.0695	1.9767	5.0071	3.9878	6.8348	1.0
2	4105	2.0358	0.7031	5.6134	1.2121	8.5646	1.0
2	4110	1.7968	2.7229	2.5719	6.3069	2.7741	1.0
2	4115	2.9427	1.7993	2.704	1.6347	5.1706	1.0
2	4120	1.2942	1.5522	3.899	4.9951	5.1706	1.0
2	4125	1.2942	2.1123	3.9845	3.7933	6.2009	1.0
2	4130	2.5512	1.0131	2.7591	11.7343	6.2009	1.0
2	4135	1.7937	2.0913	2.4726	4.5332	9.3912	1.0
2	4140	0.7589	2.4473	2.4323	2.5761	0.9797	1.0
2	4145	1.189	3.3638	2.6172	5.5088	6.7441	1.0
2	4150	2.1011	2.1035	3.4595	0.8677	1.3674	1.0
2	4155	1.3599	3.4747	2.2067	7.2924	10.394	1.0
2	4160	0.801	1.3452	4.1656	7.2924	6.8618	1.0
2	4165	1.7583	1.4767	3.4881	10.3042	3.653	1.0
2	4170	1.8412	2.7288	4.9891	3.5287	0.836	1.0
2	4175	1.5941	3.4678	2.9595	8.3788	11.8905	1.0
2	4180	2.6071	1.7987	2.2741	8.3788	9.1248	1.0
2	4185	2.804	1.0787	2.2355	8.3788	9.1248	1.0
2	4190	2.8684	1.6593	2.5474	9.768	11.2225	1.0
2	4195	2.3766	2.0463	2.0602	9.768	6.7907	1.0
2	4200	2.4653	0.9259	2.7175	9.768	6.7907	1.0
2	4205	1.2684	0.3276	2.7175	9.8819	10.4983	1.0
2	4210	0.555	0.8366	4.2781	3.6624	10.4983	1.0
2	4215	3.008	2.5629	3.437	8.1564	8.9197	1.0
2	4220	2.227	1.0058	3.175	3.1925	6.3425	1.0
2	4225	1.5688	0.9722	3.2845	2.9004	5.4798	1.0
2	4230	1.7121	2.6994	3.1979	2.729	4.5248	1.0
2	4235	2.048	1.8799	2.6423	11.8669	7.7377	1.0
2	4240	1.633	1.1472	2.2081	11.8669	5.7516	1.0
2	4245	2.6804	1.9417	3.3111	11.8669	1.3734	1.0
2	4250	2.3785	5.4466	3.0418	8.1725	1.3734	1.0
2	4255	3.1052	2.949	2.8456	8.1725	8.6257	1.0
2	4260	1.3773	3.416	3.2631	5.2833	5.6733	1.0
2	4265	1.0771	3.5932	2.6843	5.4942	3.8275	1.0
2	4270	1.3149	3.5932	2.705	6.6487	9.997	1.0
2	4275	1.5097	1.2632	2.1874	6.6487	1.2754	1.0
2	4280	1.3689	4.3624	3.3443	4.0205	0.178	1.0
2	4285	1.2837	3.0759	2.3899	3.5545	1.4883	1.0
2	4290	1.9717	2.9211	2.0312	8.3455	3.7181	1.0
2	4295	1.9717	3.6341	2.1971	2.6758	11.9767	1.0
2	4300	0.596	3.3649	2.4995	4.2535	7.3948	1.0
2	4305	2.37	2.7694	2.9535	2.1543	11.1868	1.0
2	4310	2.37	1.8829	2.717	11.2254	11.1868	1.0
2	4315	0.8581	0.9369	2.5809	2.4159	8.1579	1.0
2	4320	3.1873	0.9369	2.208	0.9356	3.7652	1.0
2	4325	2.2365	1.3793	3.8138	3.0357	5.4708	1.0
2	4330	3.812	0.5177	3.5376	9.6937	9.6194	1.0
2	4335	0.7988	0.5348	2.9522	8.8943	2.5741	1.0
2	4340	1.9996	1.2293	3.4563	8.8943	8.3628	1.0
2	4345	0.8496	0.8786	2.562	5.3163	6.9824	1.0
2	4350	1.3131	1.9067	4.0916	10.5726	11.7278	1.0
2	4355	2.2596	1.1241	4.7866	5.7865	0.838	1.0
2	4360	1.1559	3.3331	4.8993	11.7369	4.249	1.0
2	4365	1.0857	5.8657	4.6117	11.7369	0.9593	1.0
2	4370	1.2019	2.1622	3.2844	11.7369	0.7417	1.0
2	4375	1.0362	2.8792	2.9565	11.7369	1.1982	1.0
2	4380	1.0605	0.7924	3.5481	10.834	10.3132	1.0
2	4385	1.7838	0.4279	4.0867	10.834	3.2891	1.0
2	4390	2.5413	0.4799	4.442	6.8794	3.5917	1.0
2	4395	2.5274	0.2641	4.314	4.1408	3.7955	1.0
2	4400	4.2279	0.8581	5.6237	6.2169	2.2131	1.0
2	4405	2.3962	1.0501	4.0896	6.2169	2.3711	1.0
2	4410	1.0485	0.9186	4.5521	1.9893	11.2716	1.0
2	4415	3.8198	1.1854	4.3521	8.5438	4.243	1.0
2	4420	3.8198	1.9249	3.0684	10.3574	4.0356	1.0
2	4425	3.1724	1.1304	2.5728	10.3574	9.2269	1.0
2	4430	2.3876	0.9927	3.2084	1.8911	11.9243	1.0
2	4435	2.8587	0.3478	3.5466	1.3318	8.2498	1.0
2	4440	1.7965	0.6842	1.9519	11.3989	8.9674	1.0
2	4445	3.8074	2.2173	2.7059	10.7616	1.8486	1.0
2	4450	2.941	2.4587	2.3985	8.7832	0.6167	1.0
2	4455	2.7247	0.2907	3.3914	4.711	0.4415	1.0
2	4460	2.1624	2.7466	2.0665	5.6435	6.6135	1.0
2	4465	2.1186	2.7466	2.1365	7.7614	10.2263	1.0
2	4470	2.479	1.7951	2.759	7.498	3.4755	1.0
2	4475	2.6174	1.6276	3.3002	7.498	5.7851	1.0
2	4480	2.2545	0.3203	3.102	6.113	7.1332	1.0
2	4485	1.8416	0.5118	4.0353	11.7048	7.1332	1.0
2	4490	1.132	3.7389	2.7527	2.6402	3.7623	1.0
2	4495	1.6399	3.7555	1.8851	0.1494	6.9647	1.0
2	4500	1.2759	2.7494	2.1439	4.7307	5.7185	1.0
2	4505	2.4215	2.3146	2.0734	4.7204	9.1183	1.0
2	4510	1.7696	2.1773	2.6886	7.7653	9.1183	1.0
2	4515	1.3101	1.5755	1.9976	10.7815	6.8495	1.0
2	4520	1.2465	1.8242	2.8354	10.7815	9.23	1.0
2	4525	2.3993	1.3677	2.0897	3.5753	9.23	1.0
2	4530	1.7266	1.7532	3.2155	0.5199	9.4472	1.0
2	4535	1.7142	1.1663	2.9993	11.1676	9.4472	1.0
2	4540	3.1061	1.0412	3.0436	3.9467	10.6882	1.0
2	4545	3.1061	2.5459	2.1867	4.1408	2.8605	1.0
2	4550	1.3031	2.5459	2.8415	4.1408	10.7976	1.0
2	4555	1.1166	1.7084	2.8415	3.9586	2.0042	1.0
2	4560	2.8356	0.9189	2.6938	5.5378	7.6201	1.0
2	4565	1.1277	1.5748	2.7549	7.1294	4.9772	1.0
2	4570	0.7148	1.563	4.1524	2.553	6.4449	1.0
2	4575	0.4917	4.5444	3.6694	2.6546	3.9237	1.0
2	4580	2.147	1.801	2.4038	6.8293	4.4392	1.0
2	4585	1.6524	4.0192	2.4038	6.8293	0.8263	1.0
2	4590	1.6302	4.499	2.1872	7.5047	8.6517	1.0
2	4595	2.1911	3.3263	2.4342	7.1392	8.6038	1.0
2	4600	1.661	6.7125	2.8834	3.1927	8.6038	1.0
2	4605	0.8716	6.7125	3.7892	3.5644	5.3456	1.0
2	4610	1.3707	8.8333	3.4122	5.6318	10.1524	1.0
2	4615	1.2901	4.5451	3.7147	4.4885	5.103	1.0
2	4620	1.2901	2.5026	3.7147	9.2789	8.2869	1.0
2	4625	1.0294	1.7919	4.0085	7.9634	0.6555	1.0
2	4630	1.5251	1.4211	3.0611	7.9634	0.7395	1.0
2	4635	1.4996	3.4871	2.8467	7.9634	1.3015	1.0
2	4640	1.152	2.9121	2.9397	1.2706	7.2322	1.0
2	4645	1.2058	2.9121	2.219	1.5717	7.2322	1.0
2	4650	1.3683	2.9121	2.9117	5.5487	5.1274	1.0
2	4655	2.8755	1.9825	2.9539	9.5142	11.3292	1.0
2	4660	1.488	0.4279	2.5495	9.5142	4.5271	1.0
2	4665	0.781	0.5581	4.5287	9.5142	10.3637	1.0
2	4670	1.6202	0.4546	2.826	9.5142	6.4366	1.0
2	4675	2.8109	1.1431	2.7058	8.6877	11.4674	1.0
2	4680	2.8109	1.0763	2.4604	8.1033	2.4562	1.0
2	4685	2.9615	0.3231	4.3367	6.3104	4.7657	1.0
2	4690	1.4844	0.8972	4.809	6.3104	3.6385	1.0
2	4695	1.4982	0.8221	3.848	3.4605	3.6385	1.0
2	4700	1.2866	0.634	3.1348	3.4605	4.6002	1.0
2	4705	2.2056	0.5866	2.3737	4.805	2.1647	1.0
2	4710	1.6073	0.56	5.9281	6.9643	4.7192	1.0
2	4715	0.8869	0.7827	4.0493	10.2809	8.4538	1.0
2	4720	1.5344	2.2043	2.9483	1.7041	8.4538	1.0
2	4725	0.4902	0.5692	3.0437	2.3645	8.4538	1.0
2	4730	0.9408	0.6514	2.9705	1.3954	5.282	1.0
2	4735	1.6808	2.932	2.441	6.5377	11.1649	1.0
2	4740	1.393	3.7664	2.6919	2.5614	2.9197	1.0
2	4745	1.5431	3.9394	2.7732	5.8976	6.2477	1.0
2	4750	0.5103	3.7839	4.4596	9.1307	3.8609	1.0
2	4755	1.574	6.8147	4.1977	4.9937	4.5393	1.0
2	4760	0.4837	3.5051	2.8459	6.7577	1.8658	1.0
2	4765	1.766	3.6522	3.1777	11.0015	0.5032	1.0
2	4770	0.7668	6.9822	2.5882	1.7032	11.717	1.0
2	4775	0.5724	2.9288	2.7674	6.4008	11.6332	1.0
2	4780	3.3184	0.9352	2.8404	3.8393	0.835	1.0
2	4785	1.536	2.8241	3.4708	5.6303	0.8988	1.0
2	4790	0.7788	3.5785	4.0151	3.5488	2.546	1.0
2	4795	2.519	3.5785	2.7533	2.8537	3.1461	1.0
2	4800	2.885	2.3541	2.558	8.7216	4.54	1.0
2	4805	1.3181	4.317	2.2538	5.1273	10.6285	1.0
2	4810	2.2122	5.5747	2.3503	1.2805	11.2648	1.0
2	4815	1.203	4.5535	2.3632	1.2805	7.7168	1.0
2	4820	1.6709	3.1095	2.4067	0.8644	7.1313	1.0
2	4825	2.9162	2.6854	1.8997	4.3253	11.4475	1.0
2	4830	2.3066	1.9327	2.2591	4.3253	2.9931	1.0
2	4835	1.1882	2.8192	2.2591	2.9505	8.2905	1.0
2	4840	4.2207	1.8026	2.0911	5.567	2.1249	1.0
2	4845	1.9102	1.7515	2.0215	6.1079	6.9849	1.0
2	4850	1.2661	0.9522	2.9111	6.0646	7.7985	1.0
2	4855	1.7793	1.737	2.3721	3.4567	5.9465	1.0
2	4860	1.1175	2.0476	3.5482	0.5504	7.8101	1.0
2	4865	2.5287	1.0786	2.8964	0.6276	8.9783	1.0
2	4870	2.5786	1.4556	3.2506	9.7128	0.8992	1.0
2	4875	2.3101	1.2263	2.5937	9.7128	4.7353	1.0
2	4880	2.4117	0.9597	2.5937	7.4062	7.8663	1.0
2	4885	0.869	2.1366	2.2702	7.4062	7.8281	1.0
2	4890	3.1568	1.0982	2.1958	9.4978	8.6077	1.0
2	4895	1.1648	1.6437	3.5891	0.5721	8.6077	1.0
2	4900	1.1648	1.6437	4.3074	1.4694	3.5447	1.0
2	4905	1.1648	1.1291	4.9987	6.159	11.3158	1.0
2	4910	1.8295	0.9276	2.9118	8.3235	3.6991	1.0
2	4915	2.5405	0.3713	1.8684	8.3235	7.745	1.0
2	4920	2.3505	0.3862	1.9182	9.7813	7.745	1.0
2	4925	4.0228	0.9642	2.32	5.7415	7.8481	1.0
2	4930	1.4874	0.789	3.1377	4.4877	8.2009	1.0
2	4935	2.1604	1.5697	3.4067	6.7921	3.3473	1.0
2	4940	2.0498	8.0383	3.5503	6.7921	4.927	1.0
2	4945	2.063	7.7847	3.1819	6.207	4.927	1.0
2	4950	1.7383	7.2967	2.8534	4.9295	1.9677	1.0
2	4955	1.7969	8.4027	2.8542	9.0846	7.9563	1.0
2	4960	1.0977	3.2808	3.4812	10.0588	7.9563	1.0
2	4965	1.5056	2.134	3.9023	10.0588	7.9563	1.0
2	4970	1.8128	1.3485	3.5219	3.0339	11.4389	1.0
2	4975	0.8332	0.512	3.4103	7.8511	7.2623	1.0
2	4980	1.2049	0.8019	3.4083	4.1637	8.7629	1.0
2	4985	4.4032	0.6045	2.9337	3.2494	10.7748	1.0
2	4990	1.0735	1.3306	3.1243	2.2356	7.7489	1.0
2	4995	3.3069	1.0155	3.5871	2.6022	1.7493	1.0
2	5000	1.4639	0.4152	4.7116	2.6022	5.4647	1.0
2	5005	2.5901	1.1783	4.2503	9.3194	11.9511	1.0
2	5010	0.8993	1.1774	3.9222	9.3194	9.0234	1.0
2	5015	1.7729	1.5244	2.9023	1.978	5.0893	1.0
2	5020	2.2545	5.1667	2.7938	3.4416	11.0893	1.0
2	5025	2.9341	4.3492	2.2541	6.4695	11.0893	1.0
2	5030	0.9871	8.1177	2.9657	6.9389	10.3851	1.0
2	5035	1.4737	3.0652	2.9003	4.8903	8.3111	1.0
2	5040	1.6231	1.6942	2.995	5.8258	8.3111	1.0
2	5045	0.9341	5.016	2.995	0.5925	1.4226	1.0
2	5050	0.8621	5.016	1.9635	1.2396	0.8075	1.0
2	5055	2.5381	1.8533	4.3385	4.2426	2.7033	1.0
2	5060	1.5953	2.7305	4.2068	4.2426	0.5256	1.0
2	5065	1.1817	2.7305	3.9499	3.8545	1.4963	1.0
2	5070	1.5935	1.201	2.1684	3.206	9.0858	1.0
2	5075	1.1589	1.4607	2.6499	3.206	2.9674	1.0
2	5080	2.1228	3.1387	2.5757	4.7361	1.1911	1.0
2	5085	2.1228	3.6245	2.6555	4.7361	2.3649	1.0
2	5090	2.0515	0.1131	3.1439	6.2752	1.0704	1.0
2	5095	5.201	0.7412	3.1623	3.609	3.2299	1.0
2	5100	3.2424	0.7974	4.2241	2.5108	3.4952	1.0
2	5105	1.6207	0.3839	2.7751	9.8684	7.0328	1.0
2	5110	2.0396	0.4539	2.5662	10.2379	9.1715	1.0
2	5115	1.9812	1.2868	1.981	11.3233	0.4838	1.0
2	5120	4.8609	8.8324	1.5191	11.3233	5.0022	1.0
2	5125	2.1414	7.1489	1.6579	2.6395	0.4536	1.0
2	5130	2.1414	7.1388	1.9261	9.2005	1.4151	1.0
2	5135	2.1494	8.8898	1.9261	9.2005	7.6478	1.0
2	5140	3.3276	8.4728	2.3655	1.8427	1.1021	1.0
2	5145	2.4267	7.0146	1.4814	1.8427	4.2265	1.0
2	5150	1.7429	3.7166	2.6577	1.8427	9.1645	1.0
2	5155	2.3501	3.5307	1.7876	1.2603	11.8529	1.0
2	5160	3.8887	2.2164	1.7876	3.3258	5.866	1.0
2	5165	2.7128	3.1559	2.3244	3.2875	3.2332	1.0
2	5170	2.7128	0.53	2.7995	4.2397	9.2264	1.0
2	5175	1.7304	0.9224	4.9808	4.2397	5.5632	1.0
2	5180	2.7674	0.2937	3.2469	4.2397	5.3468	1.0
2	5185	2.1404	1.0382	3.5667	11.8659	0.8344	1.0
2	5190	4.3151	3.0836	2.8328	11.0363	0.5818	1.0
2	5195	1.8337	1.8992	3.7258	11.0363	10.1445	1.0
2	5200	2.4391	0.7678	2.1124	1.0251	4.0573	1.0
2	5205	2.2344	0.9727	2.3853	2.4312	3.2841	1.0
2	5210	4.2341	0.6045	2.1284	9.4779	5.172	1.0
2	5215	4.2341	0.5545	3.9319	9.4779	4.4117	1.0
2	5220	1.1924	1.9822	5.0757	9.4779	4.4117	1.0
2	5225	1.2389	1.9702	2.6539	9.4779	5.3452	1.0
2	5230	1.0555	1.4752	2.9639	9.4779	1.1128	1.0
2	5235	5.083	0.8286	3.5855	5.6747	0.9824	1.0
2	5240	2.2489	0.5546	3.0676	0.8146	8.4237	1.0
2	5245	4.3985	0.6665	3.2351	5.6528	2.4138	1.0
2	5250	2.3498	0.5253	4.2361	4.2122	7.0976	1.0
2	5255	1.5146	0.4296	2.4864	11.7465	9.1865	1.0
2	5260	1.6956	0.2573	4.0249	7.0318	3.1551	1.0
2	5265	2.0966	0.12	2.2457	8.6241	3.2803	1.0
2	5270	0.8889	0.1287	3.0785	11.6794	2.3568	1.0
2	5275	1.4109	0.0727	2.7679	6.1745	9.7288	1.0
2	5280	1.8216	0.0784	2.4886	9.9861	9.7288	1.0
2	5285	1.9612	0.255	2.3535	9.9861	11.5657	1.0
2	5290	3.1851	0.6198	2.4035	5.7274	11.5657	1.0
2	5295	1.9518	1.2804	2.4035	9.5018	11.5657	1.0
2	5300	1.9151	2.44	2.2536	6.733	6.5649	1.0
2	5305	2.1548	3.1496	1.4678	6.2831	1.5141	1.0
2	5310	2.3611	2.4354	2.152	1.9146	4.335	1.0
2	5315	2.6524	2.8293	2.152	3.9646	2.5092	1.0
2	5320	1.9418	3.1148	3.2818	3.911	11.1571	1.0
2	5325	2.3758	4.4197	2.9838	4.9819	2.7446	1.0
2	5330	2.332	4.4197	2.7922	2.7322	2.6043	1.0
2	5335	1.8058	3.4987	2.8669	2.7322	8.3531	1.0
2	5340	0.4806	3.049	3.2377	3.4079	0.6797	1.0
2	5345	1.1371	3.5429	2.8879	1.5924	5.9764	1.0
2	5350	0.8989	3.3276	2.9422	1.471	7.3284	1.0
2	5355	2.1006	2.6755	2.9422	8.4939	6.4826	1.0
2	5360	2.0319	1.4539	3.5327	0.9849	1.2435	1.0
2	5365	2.6354	1.7266	3.7	3.4504	2.7995	1.0
2	5370	1.9743	1.2434	3.7	6.1207	9.382	1.0
2	5375	0.8077	1.9089	4.2022	10.6981	8.7143	1.0
2	5380	1.5899	0.6677	3.9123	10.6981	8.7425	1.0
2	5385	1.1904	0.3932	4.0888	10.6981	5.5549	1.0
2	5390	1.0952	0.678	4.1755	4.4521	4.0168	1.0
2	5395	1.1445	0.5925	2.3383	4.0369	8.7397	1.0
2	5400	2.0626	1.263	3.8475	4.0369	1.6148	1.0
2	5405	2.0626	1.8888	4.7878	6.506	10.9479	1.0
2	5410	2.3378	3.6498	3.8877	5.2719	11.339	1.0
2	5415	0.9086	1.3037	3.8877	3.7731	3.5363	1.0
2	5420	0.954	2.5073	2.8663	3.4091	4.9121	1.0
2	5425	0.7566	1.9851	3.8463	10.017	6.6582	1.0
2	5430	0.8023	2.4874	3.8383	9.9711	11.7144	1.0
2	5435	1.4936	2.7024	3.3797	9.9711	10.7139	1.0
2	5440	2.2902	3.4565	2.8824	9.9711	9.4327	1.0
2	5445	0.9214	9.7541	2.8122	9.9711	6.3885	1.0
2	5450	1.5901	7.0961	2.469	9.9711	5.8631	1.0
2	5455	1.2591	9.3038	2.469	9.9711	11.7358	1.0
2	5460	0.9036	6.8256	2.9423	1.456	11.7358	1.0
2	5465	1.956	4.9075	3.0681	1.3905	5.4546	1.0
2	5470	1.1958	8.4841	4.0095	3.5705	8.7072	1.0
2	5475	0.4568	7.0206	4.0095	0.383	11.013	1.0
2	5480	0.4568	8.3064	3.4939	2.0789	6.9693	1.0
2	5485	2.4243	8.3064	2.2728	4.816	10.9668	1.0
2	5490	1.0707	7.115	2.3231	1.5546	9.5854	1.0
2	5495	1.9881	3.0528	1.6713	10.3441	3.8201	1.0
2	5500	1.4855	1.7885	3.2954	1.7694	6.1046	1.0
2	5505	0.5732	2.3335	2.5212	0.3518	2.8785	1.0
2	5510	4.5751	2.9933	2.5212	3.2596	9.0052	1.0
2	5515	3.191	2.7109	1.4789	8.577	9.0052	1.0
2	5520	1.2117	2.6488	1.8067	3.0049	5.2537	1.0
2	5525	1.7606	0.9003	2.9403	11.1917	3.1457	1.0
2	5530	1.5015	1.1109	2.8819	11.1917	3.6322	1.0
2	5535	0.6625	0.0935	3.7058	11.1917	7.6914	1.0
2	5540	2.2333	0.202	3.3177	5.4952	8.1171	1.0
2	5545	3.3255	0.3937	2.2217	5.4952	6.648	1.0
2	5550	2.4349	0.4392	3.0785	3.4334	6.648	1.0
2	5555	1.9056	0.6246	2.6712	3.4334	3.0858	1.0
2	5560	1.3894	0.7112	3.759	11.7787	8.2281	1.0
2	5565	1.9381	0.7217	3.3509	9.923	4.3538	1.0
2	5570	1.9381	0.6425	3.5738	9.923	0.387	1.0
2	5575	2.0117	0.3216	3.1823	9.444	2.9287	1.0
2	5580	1.951	2.167	3.9406	11.9721	2.0979	1.0
2	5585	1.5568	2.6636	3.3495	7.2392	5.7183	1.0
2	5590	2.5525	1.7339	3.1356	7.2392	4.3585	1.0
2	5595	1.5537	1.8022	3.3767	7.2392	5.0861	1.0
2	5600	1.4211	3.8316	2.2678	3.1416	2.8723	1.0
2	5605	0.4753	5.3907	2.1186	3.7251	1.49	1.0
2	5610	0.6838	8.3775	2.5145	2.9833	3.6202	1.0
2	5615	2.4829	8.3775	2.4873	0.575	0.8987	1.0
2	5620	1.8888	8.1451	1.9482	5.2048	2.2229	1.0
2	5625	1.7128	8.4531	3.4762	2.9847	3.0853	1.0
2	5630	1.5761	7.4064	2.2451	2.0069	6.5415	1.0
2	5635	1.8502	3.2319	2.2451	9.9239	0.4109	1.0
2	5640	2.4322	2.6271	2.0897	10.5594	0.1437	1.0
2	5645	2.8395	1.394	2.4608	6.5151	2.5239	1.0
2	5650	1.3309	1.3668	2.4608	5.2324	7.4023	1.0
2	5655	1.6404	1.6983	2.4155	2.0917	7.4023	1.0
2	5660	1.7118	0.4909	3.4301	5.523	7.4023	1.0
2	5665	1.008	0.2101	3.4567	9.5406	9.061	1.0
2	5670	0.8511	0.2091	3.6228	9.5406	9.061	1.0
2	5675	2.1738	0.1957	3.9042	9.5406	10.1437	1.0
2	5680	3.4969	0.1213	3.262	6.0823	10.1437	1.0
2	5685	3.9184	0.3659	2.5603	4.4607	6.1437	1.0
2	5690	2.4226	0.5127	3.2402	4.4607	3.998	1.0
2	5695	2.0447	0.2823	3.2402	5.1762	11.259	1.0
2	5700	1.8689	0.4287	3.042	7.7821	1.8656	1.0
2	5705	1.5343	0.8326	2.7723	11.4698	4.2017	1.0
2	5710	1.5601	1.9455	3.295	0.5651	6.0236	1.0
2	5715	1.3063	1.9455	3.5118	7.7796	9.7453	1.0
2	5720	0.845	2.681	3.5118	10.9861	11.8113	1.0
2	5725	0.8943	4.7958	2.7067	10.9861	10.8523	1.0
2	5730	2.0504	5.4347	2.5583	10.9861	7.1629	1.0
2	5735	0.9334	4.2954	4.2113	7.8591	7.1629	1.0
2	5740	1.5585	2.6815	3.7076	7.8591	6.6063	1.0
2	5745	1.0799	1.0542	3.6731	7.8591	7.9151	1.0
2	5750	3.765	0.9097	2.9703	5.7398	3.9824	1.0
2	5755	3.4398	0.9199	4.4176	0.1586	6.0812	1.0
2	5760	1.4125	0.4098	5.7281	0.1586	1.1076	1.0
2	5765	0.9517	0.3313	3.9763	0.3135	8.0953	1.0
2	5770	1.9933	0.4986	3.94	3.3559	5.6321	1.0
2	5775	2.2021	0.9041	4.4465	2.3206	4.0314	1.0
2	5780	2.9526	1.4102	4.4116	0.9396	4.1855	1.0
2	5785	2.2398	0.7459	4.1684	5.9921	2.7092	1.0
2	5790	1.9499	1.5091	2.7988	0.5516	6.2885	1.0
2	5795	2.1477	1.5375	5.3224	7.1345	6.0312	1.0
2	5800	3.0916	0.6964	4.1508	7.1345	3.4751	1.0
2	5805	3.0916	0.3836	2.9029	7.311	6.9563	1.0
2	5810	1.5093	5.3606	1.9474	2.829	10.4234	1.0
2	5815	1.5666	4.2887	2.7677	11.6409	1.815	1.0
2	5820	1.0059	7.1783	2.7677	10.8283	0.9154	1.0
2	5825	0.9791	3.0803	2.7677	10.8283	2.575	1.0
2	5830	0.5054	6.156	2.8008	10.8283	5.1699	1.0
2	5835	0.7397	6.9201	2.9833	10.8283	2.5461	1.0
2	5840	0.9736	6.9201	2.0964	11.169	10.3836	1.0
2	5845	1.9075	5.9311	1.6498	4.9509	1.6369	1.0
2	5850	1.4813	4.8083	1.5755	4.6057	8.5145	1.0
2	5855	1.9425	2.3447	1.6694	3.3845	9.3683	1.0
2	5860	2.8708	1.7939	2.3021	10.7331	9.3683	1.0
2	5865	2.8804	0.6996	2.499	10.7331	0.9079	1.0
2	5870	4.0335	2.2612	2.499	11.9023	2.4036	1.0
2	5875	3.1647	1.8338	3.4313	11.9023	11.299	1.0
2	5880	1.5484	1.7989	3.2696	6.1626	5.8565	1.0
2	5885	1.1486	1.7989	2.4666	7.0374	9.8028	1.0
2	5890	1.5096	0.4564	5.3942	8.1867	8.4403	1.0
2	5895	1.4853	0.3861	5.2296	7.2558	8.4403	1.0
2	5900	1.0016	0.6123	4.4889	7.2558	10.5954	1.0
2	5905	1.997	2.0289	3.0168	8.8808	1.6827	1.0
2	5910	1.9766	2.1433	2.9745	8.8808	11.3438	1.0
2	5915	0.7988	2.1433	2.7807	7.1765	11.176	1.0
2	5920	1.5947	2.606	2.9417	7.3533	3.5972	1.0
2	5925	2.0275	2.3817	2.9417	9.8012	1.2264	1.0
2	5930	1.0995	0.4169	4.0417	9.8012	8.4454	1.0
2	5935	1.1149	1.5876	4.5972	9.8012	5.9567	1.0
2	5940	1.3698	2.248	2.5724	3.2039	2.0026	1.0
2	5945	0.9694	2.9552	1.9124	1.5302	11.2441	1.0
2	5950	0.9866	2.6802	3.127	3.0878	4.703	1.0
2	5955	2.1229	2.3836	4.5759	6.8044	0.4039	1.0
2	5960	2.3123	0.9543	2.6832	2.9278	8.1473	1.0
2	5965	1.9564	0.1047	3.5265	8.937	8.1473	1.0
2	5970	1.0905	0.3935	3.0169	3.9013	5.835	1.0
2	5975	0.9289	1.5008	3.3049	3.0155	11.8568	1.0
2	5980	0.8361	2.0426	3.1989	2.9751	11.8568	1.0
2	5985	1.9245	2.0169	3.2259	9.9385	11.8568	1.0
2	5990	1.2822	2.243	2.7397	4.3808	2.0324	1.0
2	5995	0.9186	1.9568	4.2084	4.3808	6.1893	1.0
2	6000	1.0972	1.9568	3.3779	3.4516	5.2941	1.0
2	6005	1.0083	3.4874	3.3779	0.5351	5.4681	1.0
2	6010	0.9124	2.8969	2.4898	1.3716	5.6484	1.0
2	6015	1.291	1.7106	2.7616	7.075	11.6211	1.0
2	6020	1.3042	1.5188	3.2066	7.075	11.6211	1.0
2	6025	2.3732	1.9973	3.2565	7.5279	5.2075	1.0
2	6030	0.8546	2.4896	3.35	4.8558	9.0935	1.0
2	6035	0.9457	2.4896	3.7384	6.7514	6.5188	1.0
2	6040	1.1465	1.0709	4.9573	9.4961	4.9016	1.0
2	6045	1.8768	1.6738	4.1726	9.4961	4.3953	1.0
2	6050	0.6822	1.2917	2.8359	11.5369	2.7067	1.0
2	6055	1.4831	1.1363	3.0169	11.5369	5.3564	1.0
2	6060	2.244	1.7482	2.815	9.7398	4.66	1.0
2	6065	2.3816	2.6879	3.1806	11.7343	10.7617	1.0
2	6070	1.5785	1.7669	2.8491	1.4699	8.5168	1.0
2	6075	1.4092	1.7223	3.2004	2.2955	4.9334	1.0
2	6080	2.2259	2.7173	2.3878	4.4465	10.7902	1.0
2	6085	1.131	4.0729	3.5038	7.3909	8.5712	1.0
2	6090	1.131	7.4376	2.9432	3.3699	2.641	1.0
2	6095	1.1154	7.4376	3.5895	3.3699	5.1367	1.0
2	6100	1.5083	7.7851	2.339	10.1781	8.2663	1.0
2	6105	1.6456	1.3542	3.6638	8.0381	6.0984	1.0
2	6110	1.4735	0.9042	4.116	2.0568	11.6709	1.0
2	6115	1.611	1.5234	3.4083	5.4676	0.8943	1.0
2	6120	3.3884	1.4706	3.8345	2.9074	2.6206	1.0
2	6125	1.0275	3.2288	2.5289	1.6851	2.2543	1.0
2	6130	0.4607	5.7681	3.3155	8.1715	6.2777	1.0
2	6135	0.6906	3.3129	2.8115	6.7297	2.5174	1.0
2	6140	1.542	4.3164	2.1826	2.9262	10.5041	1.0
2	6145	2.0768	9.1075	2.3386	9.4692	11.4684	1.0
2	6150	2.2532	4.1747	2.4288	6.4164	7.5856	1.0
2	6155	1.6898	3.7249	3.1284	10.9737	4.8065	1.0
2	6160	1.144	4.4009	3.4043	4.2295	10.6953	1.0
2	6165	0.9831	9.9675	4.1364	4.2295	9.2614	1.0
2	6170	1.2818	7.7112	3.0916	3.6215	9.2614	1.0
2	6175	1.0724	8.0118	2.9126	8.804	8.7175	1.0
2	6180	2.4076	5.2959	2.9126	10.3381	3.2817	1.0
2	6185	0.8382	8.6103	2.636	10.3381	3.7265	1.0
2	6190	1.414	6.9352	2.671	2.7394	10.7832	1.0
2	6195	1.1567	5.6416	2.0802	2.7205	4.5236	1.0
2	6200	2.446	5.9638	1.8715	1.53	2.4456	1.0
2	6205	2.3992	7.6226	1.8341	3.4253	5.2944	1.0
2	6210	1.6069	7.3719	2.0737	4.0867	7.4109	1.0
2	6215	3.0226	4.6242	2.6737	1.8749	10.6848	1.0
2	6220	1.5165	5.504	2.6737	3.669	8.1564	1.0
2	6225	1.4338	7.2796	2.6737	10.6716	2.5041	1.0
2	6230	1.9951	4.9754	2.6737	2.8117	3.0702	1.0
2	6235	1.9951	3.5725	1.8551	2.8117	3.3196	1.0
2	6240	2.2663	2.5904	3.9506	9.5228	2.7089	1.0
2	6245	0.7405	2.4095	3.6757	9.5228	11.8312	1.0
2	6250	1.3181	2.6525	2.5688	5.0239	11.8312	1.0
2	6255	1.4354	3.1636	4.686	10.3941	11.8312	1.0
2	6260	2.3564	5.7291	2.3762	3.1831	8.9549	1.0
2	6265	0.7844	9.8136	3.1467	11.4735	8.9549	1.0
2	6270	0.8944	7.8242	3.2197	11.4735	11.9015	1.0
2	6275	1.5189	3.8938	3.2197	2.0376	10.8405	1.0
2	6280	1.5189	3.8727	2.2118	0.9504	10.8405	1.0
2	6285	1.2364	3.3385	2.4456	0.3645	6.7647	1.0
2	6290	1.3084	3.2352	2.7277	10.8501	9.1118	1.0
2	6295	1.2608	1.8716	2.3561	5.706	8.8415	1.0
2	6300	1.2115	1.8716	2.3315	7.1056	3.6932	1.0
2	6305	1.8727	3.2468	3.31	11.2654	3.4527	1.0
2	6310	0.6931	3.1971	3.3667	9.3699	2.5209	1.0
2	6315	1.4528	2.3425	2.605	4.7274	8.7458	1.0
2	6320	1.4166	2.3425	2.1296	8.8289	9.5285	1.0
2	6325	1.8954	1.9039	2.2248	8.8289	11.409	1.0
2	6330	2.0988	2.6583	2.1667	2.145	11.409	1.0
2	6335	1.5008	2.2222	2.3398	3.4612	11.409	1.0
2	6340	1.6288	1.6994	2.566	5.5471	11.409	1.0
2	6345	1.6288	1.8581	2.8312	2.2923	7.4588	1.0
2	6350	1.8558	1.8581	2.3653	4.9421	7.4588	1.0
2	6355	1.655	1.1672	3.1834	5.9509	10.286	1.0
2	6360	1.8519	1.5584	2.7798	5.9509	5.4913	1.0
2	6365	0.5666	1.6317	3.2342	10.3112	8.903	1.0
2	6370	0.9324	2.2008	3.041	8.1113	11.2664	1.0
2	6375	0.61	0.4056	2.2173	8.1113	11.2664	1.0
2	6380	2.9163	0.4126	2.3278	1.4199	8.6823	1.0
2	6385	2.3653	1.132	2.8995	1.7959	9.8243	1.0
2	6390	0.6123	2.3824	2.804	6.9678	5.8716	1.0
2	6395	2.0377	3.6931	2.6828	1.3367	4.9647	1.0
2	6400	1.8847	0.9119	3.4443	2.1206	3.9735	1.0
2	6405	1.9839	1.2433	4.3398	1.0799	1.8527	1.0
2	6410	3.0463	0.5995	5.127	6.4022	2.9914	1.0
2	6415	2.2922	0.6804	2.5427	5.4486	3.2325	1.0
2	6420	1.7707	1.1222	5.3924	9.5337	0.7524	1.0
2	6425	3.2002	0.6006	3.1009	1.4453	3.1563	1.0
2	6430	2.6978	2.1673	3.1447	1.451	3.1563	1.0
2	6435	1.3335	2.9052	2.0641	2.5105	5.1645	1.0
2	6440	1.9519	2.9052	2.2857	8.6525	8.389	1.0
2	6445	2.0704	3.4388	2.4734	11.5272	8.389	1.0
2	6450	1.808	3.1951	1.5068	3.0707	5.2899	1.0
2	6455	1.7628	6.6156	2.4416	2.3675	9.5717	1.0
2	6460	2.3264	3.0646	2.1048	2.3675	9.4726	1.0
2	6465	1.9904	3.0646	2.2781	0.2625	6.9115	1.0
2	6470	3.1197	2.6846	2.1024	1.2815	8.3289	1.0
2	6475	2.686	2.3726	3.556	3.3651	9.6475	1.0
2	6480	2.0691	2.8627	2.6442	3.3651	2.2933	1.0
2	6485	1.6883	2.8627	2.3728	9.7903	4.2336	1.0
2	6490	2.4441	2.1761	2.6366	1.5514	1.152	1.0
2	6495	3.5303	2.9737	1.9331	5.0965	4.2567	1.0
2	6500	0.761	2.6748	2.5151	4.3551	4.7597	1.0
2	6505	0.4436	2.6748	2.5151	2.0666	4.7597	1.0
2	6510	0.7923	2.6748	3.9785	2.1107	4.0254	1.0
2	6515	0.8139	2.5276	3.0577	1.5581	3.724	1.0
2	6520	2.1	3.2012	2.9245	1.4623	10.3321	1.0
2	6525	0.8266	3.0533	2.6297	0.6968	11.6168	1.0
2	6530	0.9484	1.6015	4.1898	1.8361	2.9292	1.0
2	6535	1.6022	1.9999	4.608	1.8361	0.6831	1.0
2	6540	1.9381	2.1559	2.6293	2.2339	11.28	1.0
2	6545	2.9991	1.167	3.4748	5.0117	11.9165	1.0
2	6550	1.0535	4.3149	3.1593	2.888	11.5775	1.0
2	6555	1.1451	4.3149	2.9356	1.0022	10.2034	1.0
2	6560	2.4545	3.3319	2.6876	10.7708	4.5686	1.0
2	6565	2.4476	2.9034	2.0694	10.7708	2.5281	1.0
2	6570	2.1785	3.2898	3.7684	4.1061	4.1322	1.0
2	6575	3.1544	4.2906	1.5086	4.7691	7.0157	1.0
2	6580	1.8259	4.1427	1.7381	4.7691	3.3465	1.0
2	6585	2.0854	4.1427	2.1756	4.7691	5.5685	1.0
2	6590	0.7294	7.9018	2.7958	2.7713	2.6378	1.0
2	6595	1.7133	7.9018	2.8743	11.7759	3.229	1.0
2	6600	2.2045	7.5731	2.4905	11.8203	3.1357	1.0
2	6605	0.9487	2.9194	3.1552	11.8203	6.3652	1.0
2	6610	0.9529	3.1263	3.1309	0.423	7.6827	1.0
2	6615	1.7523	3.1263	2.7538	2.2065	4.5008	1.0
2	6620	0.7813	2.8357	2.7538	9.7164	6.6922	1.0
2	6625	1.5508	1.8496	3.0894	9.7164	7.073	1.0
2	6630	1.6822	2.8566	3.0894	9.7164	11.5412	1.0
2	6635	1.4725	3.1391	3.1258	9.7164	7.031	1.0
2	6640	1.8513	4.0249	2.3447	10.487	1.7028	1.0
2	6645	0.4916	4.0136	2.6192	9.7718	3.819	1.0
2	6650	0.4303	3.0507	3.4514	8.7515	11.5655	1.0
2	6655	2.3943	4.2368	3.4555	5.1178	11.5655	1.0
2	6660	1.4307	7.2305	3.4973	2.7492	10.2009	1.0
2	6665	1.7488	8.5046	2.6184	4.0673	10.2009	1.0
2	6670	1.4735	6.1343	2.4851	1.6679	5.0757	1.0
2	6675	0.9545	3.9122	3.1408	2.7859	2.5066	1.0
2	6680	0.8982	8.0096	5.2396	1.5782	4.1358	1.0
2	6685	1.0813	3.6744	3.5336	3.3448	11.8173	1.0
2	6690	0.8424	2.9377	2.859	1.0697	8.4913	1.0
2	6695	1.1463	4.6355	2.859	3.5527	6.1447	1.0
2	6700	0.939	3.9492	2.5047	3.5527	10.5082	1.0
2	6705	1.5906	5.4165	2.4219	0.3583	3.3853	1.0
2	6710	2.6665	3.1629	3.0039	6.9461	0.474	1.0
2	6715	2.2718	2.4631	3.577	6.8905	0.96	1.0
2	6720	1.0484	1.2389	3.1065	11.9591	5.7026	1.0
2	6725	1.5692	1.9608	3.1065	11.9591	2.212	1.0
2	6730	1.5692	1.6128	2.7259	3.8608	3.3276	1.0
2	6735	1.7924	1.9507	2.7937	2.2501	10.2504	1.0
2	6740	1.241	1.1041	3.4012	0.2065	6.3241	1.0
2	6745	2.699	1.159	4.5874	10.5188	1.8679	1.0
2	6750	1.6089	1.6371	3.0253	10.5188	7.1614	1.0
2	6755	2.1921	0.4652	3.5456	11.6183	2.4596	1.0
2	6760	2.1921	1.7746	2.9156	6.7282	3.0025	1.0
2	6765	3.182	3.0251	2.1933	4.122	2.2161	1.0
2	6770	2.8178	3.3403	1.8374	4.317	5.88	1.0
2	6775	1.6742	8.013	2.2561	4.317	11.1733	1.0
2	6780	0.8961	6.7529	2.6823	3.2207	9.3343	1.0
2	6785	0.8621	6.7529	2.2849	9.8174	1.9619	1.0
2	6790	0.7935	5.0544	2.2849	8.4071	0.8888	1.0
2	6795	1.5908	1.9352	3.728	8.1847	10.7673	1.0
2	6800	1.7436	6.8985	3.151	1.8627	4.3151	1.0
2	6805	2.0383	3.9142	2.1361	0.57	7.2261	1.0
2	6810	1.9514	2.6117	3.112	8.6534	6.8216	1.0
2	6815	1.4038	2.2372	3.2077	7.2821	5.7453	1.0
2	6820	1.5891	2.7785	3.2077	9.0166	5.2483	1.0
2	6825	1.7803	2.7785	3.2154	9.0166	2.5964	1.0
2	6830	1.4549	1.633	3.7761	0.9171	7.0286	1.0
2	6835	2.3927	1.918	3.2585	4.1448	1.5585	1.0
2	6840	2.101	1.976	2.7327	0.9238	1.4435	1.0
2	6845	2.101	2.2002	2.4873	0.8927	0.1663	1.0
2	6850	0.7602	2.9302	2.7561	2.5295	0.773	1.0
2	6855	2.4881	1.293	2.7561	3.4423	0.4364	1.0
2	6860	4.6258	1.058	1.7933	11.5317	0.2408	1.0
2	6865	4.47	1.5374	2.9604	3.6813	0.25	1.0
2	6870	4.47	1.0106	3.0752	5.0631	0.6321	1.0
2	6875	2.7158	1.1451	2.6129	0.4204	2.6662	1.0
2	6880	1.3548	1.0463	2.6129	2.9236	0.6485	1.0
2	6885	5.3025	1.4137	2.3194	3.7443	11.8513	1.0
2	6890	4.0033	0.398	2.7359	11.1619	7.2016	1.0
2	6895	0.7599	0.8828	3.309	11.1619	8.0454	1.0
2	6900	2.3687	1.4302	2.4421	11.1619	9.5683	1.0
2	6905	0.9951	1.6538	2.7041	6.7383	8.1638	1.0
2	6910	1.9722	1.6538	4.1176	11.2665	11.803	1.0
2	6915	0.7629	0.7235	4.1176	11.2665	11.803	1.0
2	6920	0.7413	0.4216	3.5866	11.2665	11.803	1.0
2	6925	1.4211	1.0542	2.579	11.2665	8.2919	1.0
2	6930	2.5019	1.7654	2.4644	1.425	7.8661	1.0
2	6935	1.5	1.4551	2.6896	3.1666	8.3596	1.0
2	6940	3.4335	1.4551	3.4522	9.0982	3.9199	1.0
2	6945	3.4945	2.5139	3.8562	9.5401	3.9199	1.0
2	6950	2.0948	0.6521	3.3186	9.5401	7.7296	1.0
2	6955	2.8522	0.8094	2.7959	3.1914	4.186	1.0
2	6960	1.3578	1.6449	3.3462	4.6245	1.3315	1.0
2	6965	1.9836	2.8225	5.8598	8.0068	7.6453	1.0
2	6970	1.4404	1.3092	4.9795	8.0068	7.6453	1.0
2	6975	2.0843	1.3908	4.4956	11.4134	1.6596	1.0
2	6980	1.0597	1.4254	2.9806	11.4134	0.7442	1.0
2	6985	2.0358	1.7261	4.7807	1.968	4.4579	1.0
2	6990	1.1969	0.9538	4.7315	6.0478	6.724	1.0
2	6995	2.1353	1.5587	5.5347	1.4384	1.0942	1.0
2	7000	1.1545	1.8688	2.6509	5.4082	9.3734	1.0
2	7005	1.9555	2.1349	2.2348	1.8084	9.3734	1.0
2	7010	1.3278	1.6362	2.2225	10.4243	5.2387	1.0
2	7015	3.6392	3.3541	1.9281	2.955	5.7424	1.0
2	7020	1.7346	3.7147	2.14	3.4222	6.3107	1.0
2	7025	0.6657	4.4455	1.9282	8.3281	3.4426	1.0
2	7030	3.025	4.9178	2.7209	2.906	5.9894	1.0
2	7035	2.5891	4.2836	1.698	10.8405	11.5438	1.0
2	7040	2.6208	1.773	2.1386	7.7007	7.8014	1.0
2	7045	2.1465	1.6626	3.7548	5.595	7.8014	1.0
2	7050	1.4684	2.1298	2.4153	8.7377	8.5172	1.0
2	7055	2.0632	1.5061	3.9264	3.2738	3.0644	1.0
2	7060	0.9357	0.9479	3.5656	3.2738	8.0403	1.0
2	7065	1.0132	2.3103	3.3884	2.7229	2.0065	1.0
2	7070	1.4079	1.1803	3.3416	3.7273	10.6126	1.0
2	7075	1.319	1.5371	3.4466	8.3033	9.3988	1.0
2	7080	1.9092	1.2163	4.3815	1.063	9.301	1.0
2	7085	1.1613	1.1293	3.2753	1.1512	8.9314	1.0
2	7090	1.6147	1.9495	2.2737	1.1512	5.5502	1.0
2	7095	1.2787	1.336	3.0034	0.4009	10.5893	1.0
2	7100	1.9497	0.7152	3.0034	0.7832	2.2057	1.0
2	7105	1.4999	0.8041	2.6783	3.7386	4.8006	1.0
2	7110	2.3961	1.2418	2.693	6.8268	4.3022	1.0
2	7115	2.8164	0.8195	2.6611	9.6421	0.5173	1.0
2	7120	3.2687	2.0186	3.2125	9.6421	4.8537	1.0
2	7125	1.1543	2.2884	3.0475	11.7599	1.4073	1.0
2	7130	0.9463	1.8826	3.3078	11.7599	10.8667	1.0
2	7135	0.9718	6.0612	2.8555	9.2986	10.8667	1.0
2	7140	1.1865	6.6935	2.8545	0.7413	7.1198	1.0
2	7145	0.7156	4.5423	2.4999	4.6009	3.9935	1.0
2	7150	0.7156	5.2183	2.4999	0.9113	1.1506	1.0
2	7155	2.9113	5.542	3.1134	0.5495	0.1607	1.0
2	7160	1.2736	8.4329	3.4112	3.2225	0.3823	1.0
2	7165	1.2002	5.8371	3.686	2.6507	0.4716	1.0
2	7170	1.8423	7.0042	2.6779	3.7301	0.5291	1.0
2	7175	2.8781	6.4568	2.0174	5.1167	0.6325	1.0
2	7180	2.0911	7.1038	1.898	11.4668	2.3922	1.0
2	7185	2.808	6.5969	1.6118	11.4668	2.0696	1.0
2	7190	2.1155	6.4728	1.8562	6.2156	5.4701	1.0
2	7195	1.7899	6.4728	2.3988	6.2156	2.9442	1.0
2	7200	1.3749	6.4728	2.5278	4.3078	8.8482	1.0
2	7205	2.0692	6.4728	2.6738	3.3232	7.3493	1.0
2	7210	2.6888	2.7524	2.7366	6.6262	7.7536	1.0
2	7215	2.6952	2.7524	2.4572	6.6262	2.8993	1.0
2	7220	4.2532	3.8769	1.3226	7.2732	4.3981	1.0
2	7225	1.9329	3.9894	2.6533	11.6085	9.3009	1.0
2	7230	1.9329	3.9858	3.1209	11.6085	9.3009	1.0
2	7235	0.7162	2.0445	2.7161	11.6085	9.1063	1.0
2	7240	2.0055	3.5779	2.6912	8.7623	4.4929	1.0
2	7245	1.8669	3.5779	2.9388	8.7623	2.7777	1.0
2	7250	1.5604	2.3831	3.2989	8.7623	3.0925	1.0
2	7255	1.5604	1.1311	3.1075	11.1435	7.42	1.0
2	7260	2.5702	1.3779	2.4601	11.1435	7.42	1.0
2	7265	1.6082	2.4391	2.4601	11.1435	7.42	1.0
2	7270	0.9618	0.3999	3.1349	11.1435	11.0489	1.0
2	7275	1.5844	0.7579	4.8617	11.2407	3.9211	1.0
2	7280	1.3128	2.7772	4.8617	1.1573	11.8925	1.0
2	7285	0.9191	2.7317	4.8316	0.9977	3.3141	1.0
2	7290	2.1434	1.9885	3.4423	2.0231	2.7487	1.0
2	7295	2.2348	1.9885	3.6813	3.7104	1.2083	1.0
2	7300	1.4479	6.3344	3.3769	3.7432	0.383	1.0
2	7305	2.1079	1.4911	4.915	5.5984	0.3132	1.0
2	7310	4.0015	1.9306	4.6003	0.8035	1.7126	1.0
2	7315	1.1769	3.1597	2.6328	3.0984	2.1301	1.0
2	7320	1.8782	3.571	2.6522	10.5058	9.7692	1.0
2	7325	1.8532	1.2792	1.592	10.5058	9.7692	1.0
2	7330	2.6648	1.5233	2.7823	10.5058	4.647	1.0
2	7335	1.1935	1.5747	2.985	10.5058	10.3483	1.0
2	7340	0.8544	1.9153	3.5749	9.5216	4.0726	1.0
2	7345	0.7256	2.0275	2.9283	0.8963	4.0935	1.0
2	7350	1.3775	2.0275	2.3894	4.9059	7.7724	1.0
2	7355	1.2204	5.1725	2.9515	2.0147	2.9437	1.0
2	7360	1.1947	8.5808	2.9515	7.7757	0.38	1.0
2	7365	1.2851	0.5895	3.8788	8.9897	0.1129	1.0
2	7370	4.863	0.7704	3.552	5.8142	0.4623	1.0
2	7375	2.411	1.5235	3.0909	11.5701	7.813	1.0
2	7380	2.4704	0.4883	2.7405	11.5701	9.3616	1.0
2	7385	2.291	1.1929	2.7719	0.5633	1.7531	1.0
2	7390	2.291	4.8491	1.7438	3.4859	2.5493	1.0
2	7395	2.291	6.4674	2.8789	7.7487	7.3821	1.0
2	7400	1.0784	3.6523	3.1863	0.1413	10.1158	1.0
2	7405	1.2683	3.6523	4.1016	0.279	10.1158	1.0
2	7410	1.9439	2.0697	2.9261	2.9046	10.1158	1.0
2	7415	1.5166	0.9188	4.2734	10.1049	0.8373	1.0
2	7420	2.6072	0.4171	2.2853	10.1049	2.8799	1.0
2	7425	2.9102	0.5585	2.1773	7.7429	4.9886	1.0
2	7430	2.2361	0.5585	3.6399	11.9966	6.2803	1.0
2	7435	0.9937	2.2079	3.871	0.4812	1.992	1.0
2	7440	0.8095	4.4051	3.871	0.1831	0.799	1.0
2	7445	0.8095	3.6325	2.5944	8.8366	4.4982	1.0
2	7450	0.8095	4.693	2.9784	2.3402	5.2653	1.0
2	7455	1.1493	4.2143	2.4535	8.8911	9.2042	1.0
2	7460	1.8269	2.5384	3.518	2.013	8.1673	1.0
2	7465	3.4824	1.1288	3.2236	2.013	9.1719	1.0
2	7470	0.6	1.0259	3.019	10.8961	7.7905	1.0
2	7475	1.8077	1.6597	3.2435	10.8961	11.2175	1.0
2	7480	0.6837	0.8044	3.3398	10.8961	4.5675	1.0
2	7485	1.6694	2.3496	3.3743	10.8961	0.1872	1.0
2	7490	1.4405	1.0092	5.9004	10.8961	0.1123	1.0
2	7495	1.3768	1.0667	3.8207	10.8961	0.738	1.0
2	7500	1.2722	0.6301	3.1633	11.6852	5.5958	1.0
2	7505	1.1173	2.215	3.3831	0.4636	10.0637	1.0
2	7510	1.2132	2.0749	2.0051	0.3585	8.1787	1.0
2	7515	2.8849	2.7499	1.864	10.1358	11.9537	1.0
2	7520	2.9028	2.2398	4.6521	1.1676	2.7193	1.0
2	7525	1.5772	2.2398	2.9422	2.5701	1.7139	1.0
2	7530	1.2627	1.7631	2.2971	1.2976	7.1897	1.0
2	7535	2.2445	2.9523	2.773	2.8161	3.2672	1.0
2	7540	1.8018	1.887	2.7182	3.5384	0.9739	1.0
2	7545	1.8018	1.0447	2.9082	4.7634	9.7699	1.0
2	7550	1.9775	1.5743	2.68	2.8019	9.7699	1.0
2	7555	1.5585	1.0674	2.5066	6.014	8.7891	1.0
2	7560	2.6921	0.5796	3.1848	1.4976	7.9044	1.0
2	7565	1.4933	0.9664	4.4511	2.3884	4.5711	1.0
2	7570	0.7548	2.7306	2.2161	2.3884	4.6039	1.0
2	7575	1.9193	4.1455	2.5125	10.0765	3.7824	1.0
2	7580	2.0832	3.7449	1.7386	10.0765	0.968	1.0
2	7585	1.6634	4.6427	2.2665	4.4182	4.6319	1.0
2	7590	1.6634	6.2966	2.1337	11.3088	7.2053	1.0
2	7595	1.6634	4.2115	3.297	7.4953	8.5229	1.0
2	7600	1.6634	2.7454	1.9754	2.7073	10.3733	1.0
2	7605	2.2704	0.6358	3.8486	5.1826	2.1648	1.0
2	7610	1.265	0.3737	4.7722	5.1826	10.8391	1.0
2	7615	1.1066	0.8795	3.7126	8.1243	9.097	1.0
2	7620	1.1741	1.0301	3.1659	8.1243	9.5789	1.0
2	7625	1.4274	5.4482	3.1659	4.6043	2.1155	1.0
2	7630	0.5869	3.3628	2.7426	8.3576	2.1202	1.0
2	7635	0.7773	5.128	2.8154	8.3576	11.8593	1.0
2	7640	2.3854	4.3481	2.5115	6.8961	7.3687	1.0
2	7645	2.2197	5.0225	2.4952	6.8961	7.3687	1.0
2	7650	1.8103	1.8665	3.9183	4.6298	9.7263	1.0
2	7655	1.7137	1.8066	2.3272	4.0261	0.7056	1.0
2	7660	1.6347	2.133	3.4389	4.0261	1.3217	1.0
2	7665	0.6202	1.3037	3.0344	4.0261	11.5082	1.0
2	7670	2.1018	3.3752	2.2213	9.4486	6.1429	1.0
2	7675	0.7287	3.7424	3.463	6.7853	6.1429	1.0
2	7680	1.4997	3.8504	3.1956	5.498	6.9942	1.0
2	7685	1.2789	6.6339	2.8197	9.5785	6.9942	1.0
2	7690	0.5771	5.7345	3.4437	1.5521	3.2937	1.0
2	7695	1.8466	4.92	3.4901	3.8441	8.4822	1.0
2	7700	1.5576	4.92	3.2724	8.5244	4.7034	1.0
2	7705	0.8878	6.9522	2.519	11.571	3.4493	1.0
2	7710	1.0961	6.9522	3.0521	3.0491	11.7625	1.0
2	7715	1.0347	3.8184	2.4375	3.0491	3.7709	1.0
2	7720	2.0386	3.1345	3.0294	4.1542	3.7709	1.0
2	7725	1.7591	1.9942	2.5376	2.9213	4.3167	1.0
2	7730	1.3793	2.703	1.6051	7.6396	6.9412	1.0
2	7735	1.3806	2.9768	2.4207	1.7181	8.4731	1.0
2	7740	1.6956	1.3249	3.8793	5.5332	5.6542	1.0
2	7745	2.1365	1.4682	2.6518	4.3052	5.7556	1.0
2	7750	3.0957	0.5196	3.9231	5.7596	7.4453	1.0
2	7755	2.7092	0.9104	3.1421	11.7356	7.4453	1.0
2	7760	2.0133	0.7243	3.1421	1.7044	9.1867	1.0
2	7765	2.7137	1.3485	2.3296	1.7629	9.1867	1.0
2	7770	1.9942	1.8946	2.3614	5.1006	9.1867	1.0
2	7775	3.3977	1.4821	2.4752	5.1006	6.3844	1.0
2	7780	1.1861	2.3438	2.0298	1.8859	0.9698	1.0
2	7785	2.0226	3.2206	2.1187	8.2697	0.3279	1.0
2	7790	3.2522	5.3988	2.6353	8.2697	8.8408	1.0
2	7795	3.2522	5.3988	2.6353	4.2964	8.8408	1.0
2	7800	5.5627	4.3758	4.1671	5.7248	3.124	1.0
2	7805	5.4401	6.4187	3.5071	7.185	6.5729	1.0
2	7810	4.6525	6.4187	2.6445	6.4436	7.703	1.0
2	7815	2.638	6.4187	2.4401	3.6222	11.6966	1.0
2	7820	2.1155	3.3208	2.7843	5.4774	7.4274	1.0
2	7825	1.0023	2.8513	4.4892	5.4774	6.1632	1.0
2	7830	1.2004	3.5596	2.6724	6.1167	9.882	1.0
2	7835	1.2223	9.398	2.8997	9.4654	9.7482	1.0
2	7840	1.0619	6.2642	2.3567	0.9865	10.4738	1.0
2	7845	2.5886	4.6778	2.2771	2.2954	10.4738	1.0
2	7850	2.5886	5.3651	3.2992	1.8363	11.8632	1.0
2	7855	0.9408	5.3651	2.6834	0.5024	11.3613	1.0
2	7860	0.8808	3.7192	3.316	5.6581	9.7223	1.0
2	7865	1.0357	6.0133	4.5851	10.7421	9.7223	1.0
2	7870	0.8153	1.8345	2.5091	11.3898	5.7061	1.0
2	7875	1.0309	1.9158	1.822	5.8322	11.841	1.0
2	7880	0.8669	2.9226	3.4302	6.4423	9.1476	1.0
2	7885	0.7335	1.3089	4.2224	3.0301	11.4882	1.0
2	7890	0.7022	1.3089	4.2224	8.0236	7.2755	1.0
2	7895	1.4164	5.8481	1.9179	9.5225	9.4513	1.0
2	7900	1.374	9.3111	2.3191	6.7712	9.4513	1.0
2	7905	1.8032	1.425	2.7214	8.5215	9.4513	1.0
2	7910	0.7807	2.9411	3.3577	3.2431	9.4513	1.0
2	7915	2.0345	2.4494	2.7817	2.3995	11.5135	1.0
2	7920	1.2827	2.3655	2.4988	1.8293	8.0692	1.0
2	7925	1.9544	6.2717	2.2526	0.5252	9.063	1.0
2	7930	1.8666	6.2717	2.1673	9.8813	7.8857	1.0
2	7935	1.8373	4.4208	2.3387	5.5165	7.17	1.0
2	7940	2.5673	7.3999	2.3387	4.8491	3.3649	1.0
2	7945	1.0762	7.3999	2.5799	6.5696	2.8047	1.0
2	7950	0.8611	6.7305	3.095	2.859	1.0009	1.0
2	7955	0.9757	6.7305	1.8272	0.2183	0.4596	1.0
2	7960	1.3829	6.7305	1.9857	0.1327	1.9302	1.0
2	7965	0.892	6.7305	3.5495	0.9607	1.1816	1.0
2	7970	0.892	9.2356	3.6331	3.3512	1.9241	1.0
2	7975	1.334	8.0851	2.8838	1.7473	0.2991	1.0
2	7980	1.334	8.0851	2.8876	3.2339	2.573	1.0
2	7985	1.7693	5.9923	3.7339	8.5757	2.5944	1.0
2	7990	1.4201	2.848	3.046	8.5757	1.7606	1.0
2	7995	1.2849	3.1406	3.6799	8.5757	5.8772	1.0
2	8000	2.4349	2.9543	3.6799	2.8622	6.6283	1.0
2	8005	2.2618	1.6483	3.0968	2.5383	1.3044	1.0
2	8010	1.411	1.2588	3.0435	11.4778	8.5841	1.0
2	8015	1.2893	1.0058	2.6523	11.4778	5.3007	1.0
2	8020	1.4979	4.1164	2.6434	11.4778	5.9885	1.0
2	8025	0.807	4.2525	2.2225	11.4778	8.1122	1.0
2	8030	1.0077	3.3057	2.8969	11.4778	10.7206	1.0
2	8035	0.458	1.2728	3.7985	8.3286	10.7206	1.0
2	8040	0.5648	1.2728	3.7985	0.4055	9.8489	1.0
2	8045	0.5852	2.4577	3.9197	2.6008	7.9624	1.0
2	8050	1.1798	2.9769	3.3198	5.242	2.7301	1.0
2	8055	1.2281	5.8925	3.7311	4.4877	9.6258	1.0
2	8060	0.8686	4.9822	3.819	6.3464	7.0035	1.0
2	8065	1.4237	4.9822	2.4416	4.0995	7.0035	1.0
2	8070	1.4237	4.9822	2.9191	4.4708	0.4151	1.0
2	8075	3.5899	6.8508	2.5068	10.3267	3.6908	1.0
2	8080	1.9498	2.8944	2.0555	1.4472	5.6671	1.0
2	8085	1.861	3.8392	3.408	6.759	3.4821	1.0
2	8090	1.1535	2.1547	3.7685	7.3002	0.7506	1.0
2	8095	0.6721	1.0814	4.3332	7.4087	3.9969	1.0
2	8100	1.0123	1.0155	3.1118	2.1224	5.2252	1.0
2	8105	1.961	2.0907	2.9373	7.0413	2.525	1.0
2	8110	0.7416	5.1352	3.3309	0.8288	2.6986	1.0
2	8115	1.8042	2.8766	2.3816	0.4121	9.9983	1.0
2	8120	1.8042	2.4871	1.8816	1.4533	7.9296	1.0
2	8125	1.6956	2.1669	1.8805	2.6794	3.3095	1.0
2	8130	1.2187	6.6003	2.3196	5.2467	9.4333	1.0
2	8135	2.8321	6.6003	3.6408	5.2467	4.9224	1.0
2	8140	1.9302	6.3382	2.4772	9.935	3.7274	1.0
2	8145	0.9031	1.2898	2.8201	11.2943	4.4645	1.0
2	8150	1.5548	0.827	2.9481	11.2943	11.0826	1.0
2	8155	1.1282	1.4039	2.5911	11.2943	11.0826	1.0
2	8160	2.228	1.3983	3.3867	7.659	8.4319	1.0
2	8165	0.7568	1.6634	3.1989	9.5074	8.4319	1.0
2	8170	1.7674	1.1444	2.7721	6.3308	2.2181	1.0
2	8175	2.0136	2.5507	3.4208	7.1634	2.4985	1.0
2	8180	1.2856	2.245	3.1523	7.1634	4.4924	1.0
2	8185	1.4673	1.8537	2.4271	7.1634	3.4628	1.0
2	8190	1.4673	2.5804	2.894	7.1634	3.8501	1.0
2	8195	1.9047	1.3482	4.9439	3.6328	5.8356	1.0
2	8200	1.6486	1.4686	2.4054	10.7841	3.891	1.0
2	8205	2.3554	1.731	2.9141	10.7841	5.1661	1.0
2	8210	3.084	0.4698	3.9973	8.0276	0.4117	1.0
2	8215	2.7015	0.3689	3.3394	8.0276	7.0836	1.0
2	8220	2.0404	0.201	2.4155	11.0723	11.3605	1.0
2	8225	4.7567	0.2645	2.5083	3.16	10.4866	1.0
2	8230	3.7229	1.2821	2.4499	4.6438	10.4866	1.0
2	8235	3.3855	1.4794	3.6205	4.6438	7.5727	1.0
2	8240	2.2682	2.2687	2.4647	2.8079	9.9201	1.0
2	8245	0.9314	2.887	2.4647	7.2374	3.1668	1.0
2	8250	1.8159	2.1094	2.5367	7.2374	7.6914	1.0
2	8255	1.3686	1.4055	2.695	3.7444	6.8666	1.0
2	8260	1.3686	2.5556	2.6055	11.4893	3.9921	1.0
2	8265	0.9523	3.0415	4.0072	11.1111	7.2866	1.0
2	8270	2.1319	0.7846	3.751	6.9318	7.2866	1.0
2	8275	1.3402	0.8015	3.751	6.9318	8.0178	1.0
2	8280	1.3898	1.4062	3.1438	6.9318	8.7483	1.0
2	8285	1.3898	1.8152	2.8087	6.9318	11.5861	1.0
2	8290	0.732	1.7319	3.8416	9.6795	4.7324	1.0
2	8295	0.7883	1.2869	3.5932	6.7141	9.2095	1.0
2	8300	1.1231	9.1805	2.4621	6.7141	7.675	1.0
2	8305	1.6183	9.9522	2.2109	6.7141	1.0596	1.0
2	8310	1.2718	7.9611	1.945	6.7141	5.4848	1.0
2	8315	1.8945	3.505	1.8146	6.7141	0.2727	1.0
2	8320	2.839	4.1131	2.4984	3.9164	5.6289	1.0
2	8325	3.7569	1.0964	2.6754	10.2851	1.5442	1.0
2	8330	4.5132	0.6729	1.7702	8.515	6.3706	1.0
2	8335	1.618	0.4048	3.5465	3.9976	1.8119	1.0
2	8340	1.7082	1.2692	2.8665	7.6889	7.0384	1.0
2	8345	3.0918	1.7665	2.7525	11.2929	2.5213	1.0
2	8350	1.6629	6.3244	2.8967	11.9566	1.625	1.0
2	8355	3.1194	2.5679	2.1749	11.9566	0.2557	1.0
2	8360	3.3427	3.957	3.2881	11.9566	1.4782	1.0
2	8365	3.3427	2.9613	1.7633	4.3891	4.1126	1.0
2	8370	4.882	3.2277	1.7757	11.2747	1.4312	1.0
2	8375	1.9744	3.2277	1.6354	4.3501	9.4824	1.0
2	8380	1.1809	3.2277	1.4926	2.1656	9.3902	1.0
2	8385	2.1801	4.9573	1.8965	3.7824	3.0854	1.0
2	8390	1.1872	9.9287	2.6253	0.5539	7.6944	1.0
2	8395	1.9688	5.578	2.8455	1.8508	7.0517	1.0
2	8400	0.719	4.6647	2.7347	3.8669	11.7619	1.0
2	8405	1.7204	5.8842	1.9939	9.7058	9.8771	1.0
2	8410	2.6839	1.7679	2.4663	9.7058	5.4787	1.0
2	8415	0.7139	3.0106	2.0258	9.7058	8.5074	1.0
2	8420	2.3806	3.7119	2.0902	5.7908	5.3068	1.0
2	8425	2.2592	3.7119	2.1037	1.0071	10.4983	1.0
2	8430	1.0632	3.2078	2.7641	4.8302	8.4939	1.0
2	8435	1.8053	3.755	3.3997	4.8302	1.9838	1.0
2	8440	1.4417	2.187	4.3475	4.0753	6.0684	1.0
2	8445	0.8815	2.848	4.3475	3.3985	1.7861	1.0
2	8450	1.5834	2.8074	2.104	4.8762	3.5495	1.0
2	8455	2.576	2.8074	2.3289	4.8762	4.3394	1.0
2	8460	3.298	3.0673	1.6875	11.5128	11.0442	1.0
2	8465	3.6539	3.7447	1.6875	1.0476	8.8527	1.0
2	8470	1.8874	6.4787	2.1353	7.1613	0.1871	1.0
2	8475	2.2858	6.7291	2.1353	3.8619	0.3383	1.0
2	8480	1.4757	9.4227	1.8955	3.8619	7.5426	1.0
2	8485	1.5861	8.4586	1.8955	10.2633	7.5195	1.0
2	8490	2.03	7.2406	1.1241	1.2678	7.5195	1.0
2	8495	4.0882	8.5456	1.8411	0.6683	5.5056	1.0
2	8500	1.7568	6.4365	2.61	0.598	5.3641	1.0
2	8505	1.7568	3.3134	2.0685	9.7716	3.8969	1.0
2	8510	3.3557	0.9736	3.1235	9.7716	0.1441	1.0
2	8515	0.9486	2.9233	3.846	10.0613	5.9338	1.0
2	8520	1.4427	1.2084	3.555	10.0613	3.3452	1.0
2	8525	3.8317	1.7658	3.1383	8.4232	3.2241	1.0
2	8530	2.1524	4.2208	2.4821	8.4232	1.6546	1.0
2	8535	0.7717	2.5575	2.5146	11.9726	8.1664	1.0
2	8540	0.9776	2.9439	3.7992	11.9726	1.0143	1.0
2	8545	0.8078	0.3945	3.7964	11.9726	3.8943	1.0
2	8550	2.3851	0.9169	3.4895	6.6136	1.2314	1.0
2	8555	4.055	1.0185	4.3926	6.6136	2.5863	1.0
2	8560	3.7105	1.0689	3.523	3.337	6.4207	1.0
2	8565	2.0313	2.64	3.3064	10.6181	7.8523	1.0
2	8570	1.925	3.1994	2.463	5.8874	8.5336	1.0
2	8575	1.0751	5.0807	5.6623	11.4854	5.0828	1.0
2	8580	1.0239	0.6173	4.51	11.4854	0.3758	1.0
2	8585	0.975	2.7692	2.6303	10.4539	5.9108	1.0
2	8590	1.3956	0.8819	3.4594	2.6606	5.9108	1.0
2	8595	1.3956	2.5393	3.1907	2.8626	1.3681	1.0
2	8600	2.1065	2.0705	1.8139	8.4023	3.749	1.0
2	8605	1.9095	1.0395	2.1638	8.4023	10.2372	1.0
2	8610	2.4409	0.3783	2.8295	8.4023	2.3026	1.0
2	8615	0.996	1.6077	4.2996	10.7071	1.5012	1.0
2	8620	0.7908	1.5213	4.3012	10.7071	6.8295	1.0
2	8625	1.817	2.6735	2.9253	10.7071	7.5764	1.0
2	8630	1.2486	3.3696	2.6532	10.7071	6.09	1.0
2	8635	3.0065	3.3696	3.2409	5.7367	1.8236	1.0
2	8640	1.6163	4.0578	2.1816	3.851	4.6969	1.0
2	8645	0.808	5.8196	2.6276	11.03	4.5509	1.0
2	8650	0.768	3.7773	3.4556	10.1143	9.374	1.0
2	8655	0.6884	1.9288	3.3908	5.8291	9.374	1.0
2	8660	1.2421	4.5083	4.4513	8.7935	2.2133	1.0
2	8665	1.5673	8.9154	3.3006	9.4833	3.9318	1.0
2	8670	1.83	6.0439	3.0489	9.4833	3.463	1.0
2	8675	1.4728	9.9942	2.7359	8.4673	9.6645	1.0
2	8680	1.6845	3.1353	2.5011	8.4673	9.7251	1.0
2	8685	1.532	2.2031	3.1881	6.0974	9.7251	1.0
2	8690	0.9402	1.0562	5.7252	6.0974	0.2811	1.0
2	8695	3.7182	1.1097	2.7252	11.8356	2.8735	1.0
2	8700	2.5467	1.1579	2.4738	11.8356	11.0247	1.0
2	8705	1.2506	1.1579	4.2612	1.6179	3.232	1.0
2	8710	1.0508	0.4323	4.1324	7.9543	1.5491	1.0
2	8715	3.4083	1.7383	4.075	8.1627	5.6977	1.0
2	8720	1.1863	1.9292	3.0969	8.4965	7.2055	1.0
2	8725	1.1863	1.726	3.2239	8.4965	4.3655	1.0
2	8730	4.6051	8.0051	3.2643	6.4639	1.7031	1.0
2	8735	3.403	8.4341	2.0806	4.9776	9.0186	1.0
2	8740	1.9539	2.5926	1.8679	3.6696	7.2973	1.0
2	8745	1.8921	2.7832	2.7845	10.6625	10.9865	1.0
2	8750	2.2649	1.3242	2.0243	10.6625	10.736	1.0
2	8755	2.6879	2.2081	1.8919	10.6625	4.7642	1.0
2	8760	1.1939	1.8942	2.053	7.514	4.6504	1.0
2	8765	0.6507	2.9872	2.5307	7.2921	1.2165	1.0
2	8770	1.0387	1.5758	3.3321	4.3138	0.6977	1.0
2	8775	1.2913	4.0359	4.8895	11.2963	0.4391	1.0
2	8780	1.4312	5.8233	3.6701	11.2963	1.053	1.0
2	8785	1.3086	2.6286	3.3128	11.2963	5.8009	1.0
2	8790	0.9253	1.8555	3.1505	11.2963	5.8009	1.0
2	8795	3.4496	0.9369	2.243	11.2963	5.152	1.0
2	8800	1.7337	2.1329	1.7145	11.2963	5.152	1.0
2	8805	1.2341	4.6119	2.3012	4.3135	6.3478	1.0
2	8810	2.2812	3.6025	2.3933	5.1393	4.6067	1.0
2	8815	1.6176	3.0598	2.7909	8.4313	9.9134	1.0
2	8820	1.3418	3.8662	2.9839	8.4313	9.9134	1.0
2	8825	0.5988	1.4265	2.578	8.4313	1.1566	1.0
2	8830	2.5035	3.1558	3.3834	3.5093	2.7222	1.0
2	8835	1.6821	1.8691	4.1735	9.2431	2.3419	1.0
2	8840	1.4134	1.1871	2.9682	3.1854	7.185	1.0
2	8845	0.5506	4.2712	2.9682	5.8595	3.0212	1.0
2	8850	1.8147	7.545	2.1976	4.424	2.1497	1.0
2	8855	3.1548	6.8717	2.0117	10.8488	2.6413	1.0
2	8860	2.0389	8.7967	3.2187	10.8488	4.2455	1.0
2	8865	1.7453	5.3679	2.0065	11.1458	5.3896	1.0
2	8870	0.8181	4.2134	2.3532	6.8693	3.8011	1.0
2	8875	1.9324	1.275	3.777	2.4626	9.5078	1.0
2	8880	1.6271	1.4634	4.0892	0.8431	7.3947	1.0
2	8885	1.2311	3.166	2.2577	8.9702	7.3947	1.0
2	8890	1.4276	1.3031	3.8475	9.7104	7.5905	1.0
2	8895	2.0703	1.6422	4.1438	9.7104	8.6921	1.0
2	8900	2.2671	0.6287	3.829	11.9868	4.5267	1.0
2	8905	1.6393	0.3337	3.0598	5.2307	5.4651	1.0
2	8910	1.1413	1.3512	3.9744	2.435	3.3929	1.0
2	8915	0.9481	0.4422	4.9832	6.4667	1.7778	1.0
2	8920	3.4427	0.4422	3.7073	4.9105	10.938	1.0
2	8925	1.0487	0.7382	3.2816	2.6567	10.938	1.0
2	8930	1.6638	0.8892	3.028	5.4949	6.3975	1.0
2	8935	2.5625	3.8707	3.5134	11.4572	4.3605	1.0
2	8940	1.2523	2.1714	2.2734	11.4572	5.3672	1.0
2	8945	1.8842	4.509	4.8419	10.9358	6.1503	1.0
2	8950	1.2333	4.3372	4.8199	3.1636	0.6891	1.0
2	8955	1.7868	5.3419	3.2729	11.0597	6.3333	1.0
2	8960	1.0615	6.2058	3.1469	10.7949	3.4241	1.0
2	8965	1.1172	2.3108	2.9954	2.6751	0.695	1.0
2	8970	2.0081	2.4835	2.2147	1.477	5.6792	1.0
2	8975	1.6186	1.7094	2.3455	0.3268	3.6018	1.0
2	8980	1.695	2.4229	2.68	3.5404	0.4771	1.0
2	8985	2.1334	2.0243	2.542	3.5404	2.5537	1.0
2	8990	1.1921	1.0987	2.2886	3.5404	10.0553	1.0
2	8995	2.0785	0.7606	3.0404	11.2754	5.8668	1.0
2	9000	1.4093	1.6707	2.6881	11.2754	8.754	1.0
2	9005	1.0731	0.6335	2.6877	11.2754	8.3472	1.0
2	9010	2.0004	1.3604	4.4833	11.2761	2.6173	1.0
2	9015	0.6219	2.0452	3.4168	3.9729	6.6615	1.0
2	9020	1.3191	2.0452	3.0722	3.9729	10.2642	1.0
2	9025	0.9386	4.8643	2.2325	10.953	0.9241	1.0
2	9030	0.9939	3.0472	3.7068	10.7206	0.2237	1.0
2	9035	1.9143	0.6832	2.9546	6.8877	1.2603	1.0
2	9040	4.1642	0.3616	2.4708	1.2887	8.8665	1.0
2	9045	2.2535	1.0831	2.7114	6.6313	6.6484	1.0
2	9050	0.7063	2.6788	3.1041	8.4414	8.8547	1.0
2	9055	1.6073	3.9699	3.6618	2.7643	9.057	1.0
2	9060	2.0829	2.3855	2.3594	11.1628	6.5107	1.0
2	9065	0.7442	2.3855	2.1472	2.471	3.3309	1.0
2	9070	1.7777	1.1657	3.7937	7.5097	0.6119	1.0
2	9075	1.3596	1.0125	4.6552	10.3133	3.3631	1.0
2	9080	1.0029	3.4173	3.1139	6.4139	2.5535	1.0
2	9085	1.6129	3.4173	2.3863	6.6172	5.9087	1.0
2	9090	1.9896	6.7796	3.0517	4.2438	5.3251	1.0
2	9095	0.9329	6.7796	3.3102	7.2713	10.2137	1.0
2	9100	1.5932	8.2218	3.273	2.061	10.2137	1.0
2	9105	0.8005	6.7464	2.5664	10.6968	6.5895	1.0
2	9110	2.2582	6.531	1.8699	10.6968	1.3171	1.0
2	9115	3.7482	6.6772	2.2421	10.6968	6.1365	1.0
2	9120	2.0154	2.7384	1.5442	6.1413	6.1365	1.0
2	9125	2.2395	1.0273	3.0241	9.4193	10.6923	1.0
2	9130	3.167	1.0873	3.3557	2.3853	11.2322	1.0
2	9135	1.4406	1.7906	3.3437	2.2904	11.648	1.0
2	9140	0.9498	1.4592	2.5643	3.2115	11.648	1.0
2	9145	1.6015	1.4592	2.2686	3.2115	3.2102	1.0
2	9150	1.5573	2.8305	3.1556	11.863	6.4686	1.0
2	9155	0.8612	4.2532	3.5649	2.6299	7.9791	1.0
2	9160	1.014	4.2532	3.2233	9.519	8.4167	1.0
2	9165	0.5734	4.8266	3.0983	11.5773	3.0616	1.0
2	9170	0.6256	4.9907	2.885	7.6564	3.0616	1.0
2	9175	0.9872	7.372	2.6102	7.6564	3.0616	1.0
2	9180	1.4278	8.4702	2.9663	7.6564	8.5551	1.0
2	9185	1.2282	6.1363	3.2843	7.6564	8.4713	1.0
2	9190	1.4041	4.5718	2.5519	3.4955	4.4092	1.0
2	9195	0.9784	3.9241	2.9653	6.9233	10.7815	1.0
2	9200	1.1368	4.1675	2.9048	6.8402	10.7815	1.0
2	9205	3.2765	3.8935	2.5736	8.0225	10.7815	1.0
2	9210	2.5391	0.9105	3.1713	5.1087	10.7815	1.0
2	9215	2.5259	0.9079	3.2581	5.1087	7.8474	1.0
2	9220	0.7976	0.9125	3.2549	1.4853	7.1749	1.0
2	9225	0.8033	1.4106	3.7574	2.1982	2.3887	1.0
2	9230	0.8736	1.6219	2.6863	2.9206	2.8735	1.0
2	9235	2.8519	2.0679	2.916	0.8969	4.8314	1.0
2	9240	1.7348	1.9053	3.3858	4.2064	4.305	1.0
2	9245	1.6893	2.0106	4.7303	4.5606	4.9472	1.0
2	9250	0.8545	1.922	4.6884	2.094	4.9472	1.0
2	9255	2.7495	3.0592	3.2	0.4671	1.7248	1.0
2	9260	2.2068	3.7187	3.3294	5.3317	0.5753	1.0
2	9265	1.822	2.9975	3.0779	5.1794	9.8107	1.0
2	9270	2.5807	2.3388	3.0779	9.3017	5.8313	1.0
2	9275	1.3847	2.3388	3.4276	9.3017	0.5111	1.0
2	9280	2.225	2.697	2.2291	5.3994	1.0066	1.0
2	9285	2.0772	1.2532	2.3065	10.0447	3.3132	1.0
2	9290	2.9484	4.5354	1.9602	6.9391	4.8112	1.0
2	9295	2.9484	4.5354	1.9059	1.4771	1.2573	1.0
2	9300	2.1895	6.5804	2.084	1.4771	8.4241	1.0
2	9305	1.1079	7.698	2.3776	6.134	6.2085	1.0
2	9310	0.3161	5.6748	3.4115	8.9845	5.2571	1.0
2	9315	0.5072	6.0114	2.4126	7.1342	7.7898	1.0
2	9320	2.5916	4.3853	3.3805	1.8528	4.2199	1.0
2	9325	1.2463	6.2687	2.9204	2.5544	6.444	1.0
2	9330	1.5712	4.2509	2.7557	4.0552	5.6809	1.0
2	9335	1.3672	4.5332	2.7557	4.0362	2.7338	1.0
2	9340	1.7633	2.3708	2.8416	10.0961	1.4532	1.0
2	9345	1.011	2.6507	2.7472	1.452	1.6157	1.0
2	9350	1.1135	3.9255	3.4948	5.6573	4.1124	1.0
2	9355	0.6753	2.2246	3.241	5.6573	9.6479	1.0
2	9360	0.7797	8.5367	4.3863	6.1173	5.8916	1.0
2	9365	0.6969	8.5367	2.8476	5.9177	0.6909	1.0
2	9370	0.9435	7.4094	3.2313	5.9177	0.5369	1.0
2	9375	1.0562	3.9237	2.7331	7.2086	3.9603	1.0
2	9380	1.0056	1.8435	3.6144	6.4915	2.0807	1.0
2	9385	1.3233	1.5796	4.2066	5.1305	6.6024	1.0
2	9390	2.4014	0.7091	2.4452	5.1305	6.6024	1.0
2	9395	1.2512	1.6344	3.2741	4.5121	5.2281	1.0
2	9400	2.855	2.116	2.7901	1.455	0.5623	1.0
2	9405	1.1138	2.116	3.6692	0.7452	0.2272	1.0
2	9410	1.696	1.2385	5.622	10.2666	1.6292	1.0
2	9415	0.8126	1.3507	3.7217	10.2666	4.8158	1.0
2	9420	1.1508	0.7853	3.5865	1.6178	10.566	1.0
2	9425	2.4577	1.3335	2.588	1.5296	4.8196	1.0
2	9430	1.3697	1.7854	2.6865	7.4305	4.0834	1.0
2	9435	2.36	2.271	2.5919	5.4674	5.6272	1.0
2	9440	1.5827	3.2534	2.3461	5.4674	1.0049	1.0
2	9445	4.7391	2.8118	2.2125	5.4674	3.3759	1.0
2	9450	2.4215	2.8118	1.8862	5.4674	6.8578	1.0
2	9455	2.0855	4.1763	2.0711	5.0675	8.0808	1.0
2	9460	1.8272	4.1763	2.1362	8.0144	5.6356	1.0
2	9465	1.4845	1.4879	2.3389	10.4753	5.7499	1.0
2	9470	1.0697	2.219	4.887	10.4753	0.7653	1.0
2	9475	2.1523	1.5351	3.8084	11.8911	1.4657	1.0
2	9480	3.1041	1.6947	3.2485	1.4577	10.1264	1.0
2	9485	2.6416	0.9161	4.023	8.6856	7.6379	1.0
2	9490	1.7919	0.2021	4.023	8.6856	7.6379	1.0
2	9495	2.4067	0.6209	3.0263	7.1421	4.4855	1.0
2	9500	2.2485	2.2687	3.4963	2.9953	4.2695	1.0
2	9505	1.4301	1.565	3.365	5.3593	2.1881	1.0
2	9510	1.4549	1.0061	4.2459	6.4105	3.8588	1.0
2	9515	3.0725	2.8106	4.0172	5.9519	3.3993	1.0
2	9520	1.0737	2.7603	5.5162	1.2553	2.3975	1.0
2	9525	2.0138	2.9131	3.5887	7.8592	0.8787	1.0
2	9530	0.6728	4.9658	2.1229	10.6084	4.426	1.0
2	9535	0.6602	7.6868	2.2915	1.489	5.6401	1.0
2	9540	1.5355	6.6655	2.4945	7.2911	6.3504	1.0
2	9545	1.1005	5.3902	2.8712	6.2521	7.519	1.0
2	9550	1.5016	2.2198	5.2353	7.7947	2.327	1.0
2	9555	1.7891	1.7794	3.764	5.5259	0.3339	1.0
2	9560	2.5929	1.5835	2.9859	9.3615	1.102	1.0
2	9565	1.626	0.4889	2.9265	2.6073	10.297	1.0
2	9570	4.5388	0.4268	1.9384	6.3024	6.86	1.0
2	9575	4.0579	0.5082	2.9519	2.2987	7.7012	1.0
2	9580	1.9578	0.4588	3.4342	10.1532	7.7012	1.0
2	9585	3.2852	0.4625	3.805	4.8569	8.3212	1.0
2	9590	0.9373	0.9409	3.0339	2.2317	11.6739	1.0
2	9595	1.4139	0.5053	3.199	0.2095	11.6739	1.0
2	9600	1.6697	1.4726	2.5265	7.3949	11.6739	1.0
2	9605	2.0213	0.8094	2.4391	0.1611	11.6739	1.0
2	9610	2.0213	1.1545	3.8162	8.3282	4.5782	1.0
2	9615	2.2686	1.271	2.0096	6.6389	7.6682	1.0
2	9620	1.0934	3.0624	3.3269	6.6389	7.3277	1.0
2	9625	1.4041	3.273	3.7447	6.8163	9.8566	1.0
2	9630	1.4041	2.0445	3.0843	1.3272	10.3767	1.0
2	9635	1.8332	3.2617	2.1136	5.4626	10.6383	1.0
2	9640	0.9035	3.9945	2.8874	0.4201	9.1784	1.0
2	9645	1.1027	3.9945	2.293	0.1776	3.9592	1.0
2	9650	1.9282	5.2564	1.9886	3.6891	5.4448	1.0
2	9655	0.3878	5.2564	3.4912	7.1677	10.6906	1.0
2	9660	2.4632	3.3691	2.5117	10.8882	9.9146	1.0
2	9665	0.9344	4.4383	3.2472	7.5984	9.6167	1.0
2	9670	1.4064	4.4383	4.4681	7.8731	9.6167	1.0
2	9675	0.6339	3.0613	4.1422	7.8731	5.6762	1.0
2	9680	0.9657	1.3543	3.511	7.8731	2.8715	1.0
2	9685	2.1526	1.5177	3.0481	2.1923	10.5456	1.0
2	9690	1.6294	1.7523	3.9481	9.5908	3.228	1.0
2	9695	2.2619	0.9577	2.3685	9.5908	10.2577	1.0
2	9700	1.0275	1.2979	3.8596	5.2672	8.9983	1.0
2	9705	1.0275	1.2979	3.8549	7.4247	11.8224	1.0
2	9710	1.076	0.7994	3.4298	3.8093	4.0589	1.0
2	9715	1.045	0.7142	4.2127	3.8093	11.1193	1.0
2	9720	0.971	1.7981	4.0327	5.7722	9.7727	1.0
2	9725	1.5126	2.9746	2.3952	6.7973	5.7281	1.0
2	9730	1.813	2.3417	3.6046	11.5419	6.4875	1.0
2	9735	0.9823	3.2851	3.0357	3.2067	4.9688	1.0
2	9740	0.9193	3.5497	3.1542	7.862	4.9688	1.0
2	9745	1.1205	7.064	2.587	11.0001	2.938	1.0
2	9750	1.1751	7.2845	2.4255	5.159	8.3226	1.0
2	9755	1.0439	5.0176	2.4255	4.3027	4.5991	1.0
2	9760	2.2331	5.0176	2.248	10.007	7.5718	1.0
2	9765	2.2331	2.6873	2.728	10.007	2.9581	1.0
2	9770	0.8495	3.1066	2.198	10.007	0.4373	1.0
2	9775	1.893	2.0894	2.5965	10.007	6.4339	1.0
2	9780	2.5186	4.869	2.7897	10.0284	5.2396	1.0
2	9785	0.8487	5.0978	2.7897	10.0284	8.0552	1.0
2	9790	2.54	9.2976	2.1511	10.0284	8.0552	1.0
2	9795	2.0258	9.394	2.1511	8.8234	5.1492	1.0
2	9800	1.3414	5.3929	2.4435	3.2737	10.0989	1.0
2	9805	1.3897	5.3929	2.4821	0.382	5.4356	1.0
2	9810	1.5902	3.8563	2.0865	0.382	3.5542	1.0
2	9815	1.7281	3.8563	2.6234	5.2581	7.4998	1.0
2	9820	1.6821	5.6517	2.116	5.2581	10.3087	1.0
2	9825	3.7975	5.9175	2.5951	10.358	2.2014	1.0
2	9830	2.8327	2.7908	2.4332	10.358	5.7435	1.0
2	9835	2.3341	2.365	2.3635	8.7568	5.7435	1.0
2	9840	3.2131	1.9396	2.4123	8.7568	0.8646	1.0
2	9845	1.2988	1.5473	4.0556	0.8568	1.5921	1.0
2	9850	3.0165	2.4404	2.965	3.0631	1.7382	1.0
2	9855	4.693	1.5606	2.965	3.0631	0.5332	1.0
2	9860	4.693	1.6971	2.4818	0.6087	2.5675	1.0
2	9865	1.7722	1.526	2.9857	0.2018	8.7127	1.0
2	9870	1.889	1.3591	3.672	11.6992	9.9652	1.0
2	9875	1.4976	0.765	3.0415	11.6992	11.5417	1.0
2	9880	2.1837	0.4937	3.3749	2.2342	7.7906	1.0
2	9885	0.9244	0.8867	4.1902	9.3274	1.0872	1.0
2	9890	1.7427	2.9565	3.361	9.3274	0.1655	1.0
2	9895	2.2793	4.1277	5.5454	7.8396	0.435	1.0
2	9900	1.4109	0.9643	3.3867	7.8396	5.328	1.0
2	9905	1.0069	1.5681	3.3867	2.3007	8.6371	1.0
2	9910	0.9005	2.4493	2.7717	6.6785	11.2462	1.0
2	9915	0.9181	3.4696	3.1774	11.5141	11.2462	1.0
2	9920	1.3576	0.9378	2.4617	11.5141	4.9185	1.0
2	9925	0.9403	0.6139	3.2051	9.407	10.1517	1.0
2	9930	1.3715	0.3793	3.2553	5.3419	10.1517	1.0
2	9935	3.167	0.8478	2.9838	7.2623	11.8345	1.0
2	9940	3.6613	0.7088	3.2278	7.2623	2.8462	1.0
2	9945	3.1472	1.0486	1.443	5.4588	5.2901	1.0
2	9950	2.0467	1.0029	3.9626	5.4588	1.2021	1.0
2	9955	1.2927	2.3781	3.9626	5.4588	0.6279	1.0
2	9960	2.7554	3.2197	2.6036	5.5472	0.2548	1.0
2	9965	5.8746	0.6403	2.1299	4.5503	3.0271	1.0
2	9970	1.8019	1.0553	2.327	8.0756	1.4914	1.0
2	9975	4.0031	1.7323	2.7931	2.069	6.7364	1.0
2	9980	2.9391	0.3695	2.653	10.3243	11.2219	1.0
2	9985	2.1698	1.5864	2.8431	2.5947	11.2219	1.0
2	9990	0.9219	2.1882	3.0353	2.5947	11.2219	1.0
2	9995	2.677	2.1882	2.1167	10.1477	1.5096	1.0
2	10000	1.2386	3.3595	2.3871	10.1477	10.6784	1.0
2	10005	1.649	3.0233	2.4831	10.1477	8.6748	1.0
2	10010	1.9648	3.2282	3.3994	10.1477	9.8835	1.0
2	10015	0.7669	6.1253	2.5806	0.9139	9.8835	1.0
2	10020	1.8655	2.3502	2.5806	7.9444	3.971	1.0
2	10025	1.8655	2.7832	3.6174	3.5669	8.9924	1.0
2	10030	1.841	3.3998	3.1225	8.2867	3.7525	1.0
2	10035	2.643	0.7214	2.489	6.2159	3.7602	1.0
2	10040	2.7972	0.4208	2.4593	6.2159	2.7792	1.0
2	10045	3.352	1.3334	2.5155	6.8969	10.5426	1.0
2	10050	5.5762	0.5265	2.6114	0.1365	10.1341	1.0
2	10055	5.7103	0.4044	4.1108	8.9725	3.909	1.0
2	10060	5.7931	1.7941	3.3306	8.9725	3.909	1.0
2	10065	3.4306	0.8989	1.7063	8.9725	1.0425	1.0
2	10070	2.3712	2.717	2.9917	8.9725	2.3009	1.0
2	10075	3.3084	2.0969	2.0727	3.4245	4.624	1.0
2	10080	2.1737	2.5144	2.8796	3.4245	9.7969	1.0
2	10085	0.664	2.9607	2.8723	6.3807	9.7969	1.0
2	10090	0.4651	2.4852	3.6356	2.7569	11.4119	1.0
2	10095	0.3561	1.5607	2.9466	0.163	11.4119	1.0
2	10100	0.6103	1.3425	3.9594	0.163	11.4119	1.0
2	10105	1.7648	0.7629	4.1229	5.6978	10.525	1.0
2	10110	1.017	0.3564	4.5536	5.6978	10.888	1.0
2	10115	2.3497	1.1111	2.7725	5.6978	10.888	1.0
2	10120	0.8502	1.2903	3.3763	5.6978	10.888	1.0
2	10125	2.4411	1.2903	4.2878	5.6978	11.2389	1.0
2	10130	2.2753	1.6339	2.5423	10.718	10.1153	1.0
2	10135	1.48	4.3886	2.1327	10.718	6.2803	1.0
2	10140	1.4286	3.2114	2.6297	11.9421	1.3886	1.0
2	10145	1.4617	4.0466	2.6999	8.1503	0.5506	1.0
2	10150	1.1392	6.0252	2.1821	9.9923	5.8496	1.0
2	10155	1.5154	6.0252	3.8512	6.6257	2.0005	1.0
2	10160	1.0898	3.8463	3.1355	1.1239	8.4094	1.0
2	10165	0.7763	0.841	3.1355	5.7237	8.0223	1.0
2	10170	0.6682	2.2633	5.0354	2.082	2.325	1.0
2	10175	2.4984	1.9055	4.8481	9.2071	11.6651	1.0
2	10180	2.6058	0.9188	3.1581	5.2142	6.5902	1.0
2	10185	0.8842	2.9548	2.8858	5.4887	3.0207	1.0
2	10190	2.8388	1.1521	1.7074	4.0652	8.7764	1.0
2	10195	3.1259	2.9234	1.94	10.7815	8.3615	1.0
2	10200	3.1259	0.8151	1.7149	4.4081	8.3615	1.0
2	10205	3.0911	1.3974	2.2325	4.978	8.3615	1.0
2	10210	2.8778	1.3974	2.5358	4.978	1.4539	1.0
2	10215	2.6853	1.4955	1.4621	4.978	1.4155	1.0
2	10220	4.0812	1.6225	2.3674	4.0569	8.3581	1.0
2	10225	1.9326	4.1277	2.3412	3.3677	10.2744	1.0
2	10230	1.9224	2.7103	2.2788	3.7024	3.0274	1.0
2	10235	0.9639	2.8545	2.1951	2.753	11.5708	1.0
2	10240	1.1425	1.9487	3.8968	7.2492	7.5736	1.0
2	10245	0.9817	0.8937	3.1549	10.8866	7.5736	1.0
2	10250	2.1997	1.1889	3.4596	3.4092	7.5736	1.0
2	10255	2.5528	1.5752	2.2893	8.274	8.9923	1.0
2	10260	0.7383	1.8419	2.5922	11.6741	8.9923	1.0
2	10265	0.814	3.5402	3.3091	11.67	3.9692	1.0
2	10270	0.9003	1.8323	3.4596	5.6993	10.8834	1.0
2	10275	1.0795	0.8008	5.2766	0.5051	7.8439	1.0
2	10280	1.2742	1.5923	2.8702	11.4168	10.8142	1.0
2	10285	1.0943	2.0337	4.1859	11.4168	10.8142	1.0
2	10290	1.078	2.7223	4.6612	9.5397	4.064	1.0
2	10295	1.162	3.5421	2.6666	0.4722	6.4991	1.0
2	10300	1.1065	4.6707	3.4559	0.4722	8.4314	1.0
2	10305	1.0072	5.8165	2.4034	1.4213	8.8683	1.0
2	10310	0.9731	1.2342	2.8512	10.1154	9.5769	1.0
2	10315	1.5816	0.8191	4.0162	5.2813	2.3675	1.0
2	10320	2.1269	0.4451	2.7225	5.2813	9.4563	1.0
2	10325	3.5119	0.8796	1.9751	6.497	9.4563	1.0
2	10330	3.3128	0.6404	2.3277	2.3985	9.4563	1.0
2	10335	3.4264	1.1399	3.7949	7.271	9.4563	1.0
2	10340	1.555	1.8555	3.2812	1.8977	0.5324	1.0
2	10345	1.6291	1.4666	4.4093	4.1331	0.8718	1.0
2	10350	1.7521	2.5351	3.8399	5.9752	3.8691	1.0
2	10355	2.6196	1.1851	3.7615	5.2483	4.2022	1.0
2	10360	2.6196	1.8891	2.2681	1.12	4.6189	1.0
2	10365	1.1707	6.9937	2.4527	7.7613	2.5316	1.0
2	10370	1.1676	6.4691	2.3982	4.1237	2.2581	1.0
2	10375	1.1048	2.7398	2.712	0.5884	10.342	1.0
2	10380	2.229	2.4376	3.2018	11.4166	9.4634	1.0
2	10385	0.8599	2.919	3.1101	9.5662	4.94	1.0
2	10390	1.5625	2.648	5.0386	10.5891	7.8017	1.0
2	10395	1.4444	2.6737	3.1113	1.9045	0.7513	1.0
2	10400	1.06	2.6737	3.7702	2.5986	1.8023	1.0
2	10405	0.9836	4.2088	2.5549	1.984	0.4299	1.0
2	10410	1.4467	2.736	2.9918	9.1676	6.9601	1.0
2	10415	0.9351	2.7958	2.9261	9.7613	4.3634	1.0
2	10420	0.9351	1.5654	4.3044	7.9233	5.745	1.0
2	10425	1.4778	1.3821	2.9836	5.8261	7.3969	1.0
2	10430	0.8477	1.1501	3.2499	10.6775	7.3969	1.0
2	10435	0.8258	0.4438	2.3647	10.6775	1.2892	1.0
2	10440	2.1564	1.6818	4.4505	10.6775	10.5382	1.0
2	10445	2.3695	2.9576	2.5595	5.5616	2.7689	1.0
2	10450	1.3281	4.245	2.819	10.5409	3.2051	1.0
2	10455	1.5394	5.7324	3.5938	2.6275	9.6861	1.0
2	10460	1.0206	5.7324	2.8623	6.5027	9.6861	1.0
2	10465	0.9287	4.9683	3.2801	2.2846	6.9614	1.0
2	10470	1.9448	4.9683	2.0414	5.0619	5.907	1.0
2	10475	2.0484	2.1203	2.1976	11.5168	0.4882	1.0
2	10480	1.6084	3.5506	3.3144	11.5168	6.0554	1.0
2	10485	1.5333	2.3377	3.1339	11.5168	7.1638	1.0
2	10490	2.6159	2.1068	3.9319	6.7295	1.1013	1.0
2	10495	1.3933	4.482	3.431	6.4286	3.8999	1.0
2	10500	1.5668	4.482	2.7284	4.8337	4.287	1.0
2	10505	1.6577	4.482	2.4052	9.8485	4.5871	1.0
2	10510	1.4178	3.9871	2.3063	9.8485	9.017	1.0
2	10515	1.5862	6.5876	2.0634	9.8485	9.017	1.0
2	10520	3.2332	2.569	1.6523	10.7265	1.8805	1.0
2	10525	1.7196	9.614	2.7729	10.7265	2.4694	1.0
2	10530	1.6038	9.614	2.5361	7.4697	8.3733	1.0
2	10535	1.6038	6.3181	2.5361	7.4697	10.3241	1.0
2	10540	2.4712	2.4924	2.3598	7.4697	10.3241	1.0
2	10545	1.0443	2.3489	2.5816	3.4496	10.7236	1.0
2	10550	0.6629	1.9248	3.1551	7.4725	0.2804	1.0
2	10555	1.4111	3.335	3.0109	11.7691	0.144	1.0
2	10560	4.4274	3.1074	4.5313	7.9176	0.2845	1.0
2	10565	4.4274	2.3964	3.1087	1.0864	0.4322	1.0
2	10570	4.2366	0.7944	3.327	5.3935	8.5619	1.0
2	10575	1.6058	1.0556	3.8635	5.3935	0.7904	1.0
2	10580	1.3114	4.7948	2.4931	5.3935	1.5416	1.0
2	10585	1.8102	6.0585	2.4972	2.7657	2.1482	1.0
2	10590	1.1868	7.7493	3.4573	2.6025	4.6174	1.0
2	10595	1.4919	6.7537	1.9203	0.1993	9.5668	1.0
2	10600	1.6905	3.1748	1.8558	2.2976	6.1474	1.0
2	10605	1.0242	3.4659	2.7836	0.2875	6.1075	1.0
2	10610	1.3882	2.7347	2.5612	1.2072	6.1075	1.0
2	10615	1.5711	2.6938	3.1546	3.7845	10.3882	1.0
2	10620	0.6929	3.5018	2.4443	2.7631	6.4992	1.0
2	10625	2.7191	6.563	2.0007	0.8643	9.9805	1.0
2	10630	1.5377	6.1665	2.6083	5.4162	5.8926	1.0
2	10635	3.2263	6.6293	2.1596	5.4162	8.1772	1.0
2	10640	3.9335	4.7353	3.1521	8.6261	10.5637	1.0
2	10645	1.1882	2.9811	1.9149	7.4753	10.5637	1.0
2	10650	1.6083	4.0142	2.6748	7.4753	4.6248	1.0
2	10655	3.3383	4.7946	2.1055	8.6898	3.6582	1.0
2	10660	1.8163	1.7608	2.4925	8.6898	9.4176	1.0
2	10665	1.399	1.2429	2.4925	8.2812	7.1955	1.0
2	10670	1.1822	1.2429	2.4746	7.0346	6.3247	1.0
2	10675	2.552	0.4335	2.6	4.1378	6.2042	1.0
2	10680	1.2418	0.6492	3.9426	0.8923	6.9647	1.0
2	10685	0.4801	1.0199	3.7057	4.6124	2.9922	1.0
2	10690	2.4131	1.1854	3.9396	4.6124	0.3951	1.0
2	10695	2.123	2.8068	3.6901	9.6686	5.6933	1.0
2	10700	1.2324	4.1633	3.4842	9.6686	0.2087	1.0
2	10705	1.5235	2.9423	3.5368	0.363	2.0361	1.0
2	10710	1.3093	3.5203	3.2824	10.8903	0.6724	1.0
2	10715	2.0468	1.3575	3.0618	7.9911	5.9838	1.0
2	10720	2.0438	1.1635	3.1653	8.227	4.8187	1.0
2	10725	0.7085	2.29	3.8196	2.4898	0.8654	1.0
2	10730	3.0238	2.8161	2.0226	2.9197	0.4851	1.0
2	10735	2.365	2.1237	2.2989	6.0061	0.8334	1.0
2	10740	4.402	1.5863	2.655	2.8643	5.8807	1.0
2	10745	5.7275	0.9599	2.1693	3.5214	5.8807	1.0
2	10750	3.0231	1.0373	2.1693	5.8665	1.0525	1.0
2	10755	2.0449	1.6754	2.4087	1.8671	3.82	1.0
2	10760	2.0394	1.5616	2.4087	6.6857	1.8556	1.0
2	10765	1.5425	3.7255	1.7073	8.2803	4.0163	1.0
2	10770	2.5792	3.2782	4.6082	8.2803	11.915	1.0
2	10775	1.4845	1.1303	3.3877	4.8051	0.3093	1.0
2	10780	2.3184	1.2998	3.0362	4.8051	11.3567	1.0
2	10785	0.8819	2.6559	3.4778	7.1499	11.2855	1.0
2	10790	1.3492	1.0894	2.4121	3.839	4.9755	1.0
2	10795	0.8349	1.4854	1.8667	0.3376	9.7038	1.0
2	10800	1.7275	0.8681	3.2332	4.6412	11.0972	1.0
2	10805	1.7275	1.7613	3.1165	4.6412	6.9031	1.0
2	10810	3.4485	1.7613	2.774	4.6412	4.4227	1.0
2	10815	2.1424	1.7922	2.6061	4.6412	3.2972	1.0
2	10820	1.4226	1.661	1.9899	4.6412	7.2776	1.0
2	10825	1.2215	1.6879	2.2039	1.6823	6.6255	1.0
2	10830	0.8608	1.7214	1.9993	1.4494	6.4192	1.0
2	10835	1.3941	3.0394	2.3947	9.6238	8.5949	1.0
2	10840	1.1199	1.0827	3.6578	9.6238	8.6944	1.0
2	10845	0.5272	1.5838	3.9685	9.6238	8.6944	1.0
2	10850	2.0023	1.3653	4.2618	3.2483	2.568	1.0
2	10855	4.037	0.7309	2.2894	1.6176	11.5397	1.0
2	10860	2.2718	1.1655	2.234	3.4408	11.5397	1.0
2	10865	2.2718	1.1834	2.2879	4.5159	8.2287	1.0
2	10870	2.7941	2.2601	2.3973	10.7939	9.4012	1.0
2	10875	1.1239	2.1195	4.4987	7.0356	1.9467	1.0
2	10880	2.8485	1.6833	2.5212	7.1562	11.1349	1.0
2	10885	2.9249	0.6103	3.209	10.3204	11.1349	1.0
2	10890	1.9611	0.9697	2.7746	10.4149	8.8724	1.0
2	10895	1.7485	1.2905	2.5603	8.8376	2.255	1.0
2	10900	1.769	0.502	2.7748	10.7913	11.6223	1.0
2	10905	1.769	0.3756	3.2944	2.9427	11.6223	1.0
2	10910	2.2187	0.4658	4.0836	0.6667	9.6292	1.0
2	10915	1.8534	1.5744	3.4244	10.331	2.479	1.0
2	10920	4.1461	1.0846	5.9862	6.464	11.3363	1.0
2	10925	3.5107	1.4686	3.4985	6.464	11.3363	1.0
2	10930	1.0716	1.3356	3.0335	8.1156	5.5837	1.0
2	10935	2.2218	1.4428	3.0335	2.0786	4.8598	1.0
2	10940	3.2111	2.3702	3.5058	3.9215	0.8116	1.0
2	10945	2.1478	2.3987	3.4124	3.9215	0.3063	1.0
2	10950	0.9528	1.0545	4.8251	11.6577	4.7097	1.0
2	10955	1.9484	1.8814	2.6408	2.1795	5.1398	1.0
2	10960	2.7676	2.724	3.1372	0.2717	2.8302	1.0
2	10965	2.0417	1.828	1.9857	1.0861	10.1105	1.0
2	10970	2.7108	1.828	3.0451	1.452	10.1105	1.0
2	10975	1.2136	3.2938	2.0761	8.7592	9.0065	1.0
2	10980	1.5444	1.9292	2.6764	2.8294	9.0065	1.0
2	10985	2.4413	1.2061	2.557	11.9321	9.0065	1.0
2	10990	1.4409	0.9018	2.9964	4.006	3.4252	1.0
2	10995	2.1204	1.7288	3.0774	5.648	0.2105	1.0
2	11000	2.0246	1.7175	2.5341	2.1969	6.469	1.0
2	11005	2.3663	1.2355	3.766	0.4544	5.3985	1.0
2	11010	3.0378	1.2355	3.0929	7.3626	4.6265	1.0
2	11015	2.235	1.3524	2.265	5.5004	4.6265	1.0
2	11020	0.6468	0.89	3.2364	6.6647	4.6265	1.0
2	11025	0.5628	1.1962	2.5409	6.6647	1.9565	1.0
2	11030	2.5359	2.0135	2.7253	10.48	4.8924	1.0
2	11035	2.7506	1.1985	3.4761	10.48	1.2561	1.0
2	11040	2.7506	1.0267	4.3798	5.889	0.1754	1.0
2	11045	2.7506	0.6018	4.3798	5.889	0.2631	1.0
2	11050	3.5598	0.5961	4.3489	3.472	3.4899	1.0
2	11055	2.17	1.0265	3.3881	2.1147	4.0372	1.0
2	11060	0.4596	0.8541	4.3066	0.1318	10.1953	1.0
2	11065	0.7406	0.7207	2.1086	0.4892	10.1953	1.0
2	11070	0.7178	0.6933	4.0547	2.5928	2.7415	1.0
2	11075	2.4161	1.0006	4.0596	0.6658	0.6033	1.0
2	11080	1.5767	1.2407	3.361	10.3878	0.862	1.0
2	11085	1.5755	1.8114	3.0942	10.3878	3.2876	1.0
2	11090	1.3768	2.4593	3.6579	7.1424	4.5816	1.0
2	11095	2.1226	2.4593	3.1664	0.6908	4.2257	1.0
2	11100	1.1808	3.3426	2.3388	6.8664	1.5772	1.0
2	11105	1.019	5.7588	2.7562	9.5937	11.6226	1.0
2	11110	0.9512	9.1817	3.0795	7.6731	1.6139	1.0
2	11115	2.9491	9.1817	2.3958	4.1654	7.9364	1.0
2	11120	2.9491	6.1105	2.3547	4.1654	7.2975	1.0
2	11125	1.8308	8.5026	2.6028	1.0536	11.5434	1.0
2	11130	1.919	4.0751	2.7028	4.738	6.5859	1.0
2	11135	2.2777	5.0961	2.4707	4.738	11.8128	1.0
2	11140	2.0247	4.1552	2.4329	4.738	10.6596	1.0
2	11145	1.7333	4.1552	2.944	3.7603	10.6596	1.0
2	11150	2.5892	1.9433	2.8715	3.0372	5.4535	1.0
2	11155	1.6254	1.6709	2.8715	7.0348	10.2203	1.0
2	11160	1.4528	1.5134	2.4654	7.7129	10.2203	1.0
2	11165	1.1705	2.3722	2.8745	10.6877	6.1432	1.0
2	11170	1.5433	4.3939	2.8745	10.6877	2.8907	1.0
2	11175	1.076	2.4625	2.9241	10.6877	3.3756	1.0
2	11180	1.0234	2.104	3.2064	10.6877	0.2988	1.0
2	11185	2.0497	2.3614	3.7521	10.6877	10.8092	1.0
2	11190	1.0691	1.5119	3.1745	7.8428	2.4082	1.0
2	11195	1.3831	2.9164	2.9031	1.2721	11.8258	1.0
2	11200	0.6658	2.7677	2.3956	4.8844	1.2526	1.0
2	11205	2.9506	5.0019	2.373	4.4171	4.2358	1.0
2	11210	0.7604	3.9223	3.3506	6.7199	5.822	1.0
2	11215	1.0699	5.153	2.6887	8.8571	9.3335	1.0
2	11220	1.2899	3.0275	2.9561	7.5044	4.0142	1.0
2	11225	1.5992	5.6571	2.8507	1.213	4.4373	1.0
2	11230	2.0904	5.0482	2.0886	10.6979	2.7398	1.0
2	11235	2.0147	5.5154	2.8048	10.6979	1.2474	1.0
2	11240	1.2914	5.5154	2.4907	3.1426	3.7656	1.0
2	11245	3.1575	4.4671	1.81	4.0376	5.9726	1.0
2	11250	0.3409	3.5874	3.0172	1.3384	10.1564	1.0
2	11255	0.4262	4.8014	2.8233	1.6806	3.5254	1.0
2	11260	1.7318	7.4232	2.571	4.7816	0.6105	1.0
2	11265	0.9593	8.1176	3.1631	10.6848	0.6754	1.0
2	11270	0.772	5.4519	3.0429	10.6848	11.8616	1.0
2	11275	0.7553	2.3638	3.2688	6.0135	10.1844	1.0
2	11280	1.6898	0.8577	3.3291	10.8878	10.1844	1.0
2	11285	1.8571	8.5321	2.666	5.4652	10.1844	1.0
2	11290	1.5665	6.5603	2.1505	5.4652	11.5054	1.0
2	11295	1.5665	9.0055	2.2101	10.1656	11.5054	1.0
2	11300	1.6179	9.1706	2.2901	0.9875	5.3833	1.0
2	11305	2.0342	9.1706	2.2715	9.4311	3.7814	1.0
2	11310	0.7626	8.4383	2.3325	2.2458	6.2404	1.0
2	11315	1.1704	4.8896	2.2816	6.2321	10.601	1.0
2	11320	0.9362	7.4142	2.7946	6.2321	8.8421	1.0
2	11325	1.2073	5.8914	2.6791	6.2321	2.654	1.0
2	11330	1.0537	5.8914	3.2727	11.394	2.2423	1.0
2	11335	2.8692	3.9542	2.055	9.701	6.704	1.0
2	11340	1.4739	2.7024	3.0584	9.701	1.2933	1.0
2	11345	3.1458	1.3604	3.7985	10.6523	0.6799	1.0
2	11350	3.715	2.9239	3.2061	2.1506	1.5793	1.0
2	11355	1.5006	3.4439	4.066	0.3636	6.0324	1.0
2	11360	1.3763	2.6689	2.5153	1.2099	2.3418	1.0
2	11365	1.4031	2.6689	2.2443	1.79	5.4036	1.0
2	11370	1.4031	2.6689	2.2855	4.743	4.0696	1.0
2	11375	1.4415	6.1669	2.1399	2.1579	8.1571	1.0
2	11380	2.0442	7.5903	1.5874	0.3156	7.4332	1.0
2	11385	2.0442	7.0909	1.6636	0.4014	4.7438	1.0
2	11390	2.1837	7.4651	2.3339	8.4865	10.2185	1.0
2	11395	2.3377	7.4651	2.5284	1.738	10.2185	1.0
2	11400	1.7059	1.6534	3.1173	10.4248	7.2452	1.0
2	11405	1.4869	0.7526	3.4099	10.4248	7.0762	1.0
2	11410	4.0603	0.5927	3.2502	10.4248	1.2447	1.0
2	11415	4.0579	0.3551	2.7783	10.4248	4.7008	1.0
2	11420	2.3741	0.9798	2.6275	11.191	2.6396	1.0
2	11425	1.0519	3.426	3.5226	11.191	5.7365	1.0
2	11430	1.1347	2.5561	2.6546	7.997	6.4583	1.0
2	11435	0.8731	2.5561	2.5937	11.7355	2.207	1.0
2	11440	2.4251	3.9679	2.7309	10.6437	4.9555	1.0
2	11445	1.4812	3.9679	2.203	10.6437	4.3707	1.0
2	11450	2.5183	6.9979	2.7435	7.5946	8.8384	1.0
2	11455	1.4338	4.4306	2.1735	9.8136	8.9402	1.0
2	11460	1.1007	7.3386	3.4378	10.0585	8.9402	1.0
2	11465	0.9383	5.1883	2.5039	11.4206	8.9402	1.0
2	11470	1.8647	7.3634	2.5039	4.7523	1.2404	1.0
2	11475	1.8647	5.3073	2.3069	10.8764	10.6249	1.0
2	11480	1.7049	4.1469	2.3836	10.8764	3.8867	1.0
2	11485	0.853	6.6352	2.836	1.8917	6.1667	1.0
2	11490	1.8784	5.4085	2.8622	0.9545	4.7318	1.0
2	11495	2.7032	5.4085	2.1349	3.6639	7.9186	1.0
2	11500	1.4124	5.4085	2.4084	8.8324	0.5671	1.0
2	11505	0.9178	5.4085	2.4248	0.6546	0.2697	1.0
2	11510	1.2519	6.6625	3.3035	0.7003	5.2902	1.0
2	11515	1.7937	6.6625	2.6975	2.8647	3.8377	1.0
2	11520	1.1438	7.52	2.9297	0.1795	8.958	1.0
2	11525	1.5847	7.684	2.9563	2.7409	0.7146	1.0
2	11530	0.8652	5.7345	3.51	5.46	0.2349	1.0
2	11535	1.2601	8.9695	3.6016	4.9377	0.735	1.0
2	11540	1.2333	6.4913	2.0891	6.4121	3.3862	1.0
2	11545	0.8349	4.6477	3.3337	6.4121	1.8385	1.0
2	11550	1.7201	4.6477	2.3088	7.0843	1.0559	1.0
2	11555	3.5674	3.8823	1.9882	7.0843	1.1684	1.0
2	11560	3.4848	4.5418	1.5285	7.0843	0.9054	1.0
2	11565	3.139	6.9832	2.1061	7.0843	2.4903	1.0
2	11570	1.892	8.4578	5.279	10.118	1.2189	1.0
2	11575	0.8434	2.7053	5.0181	7.1559	6.702	1.0
2	11580	2.7703	1.44	3.21	4.2913	5.3182	1.0
2	11585	1.0371	1.314	3.2131	5.5787	9.5895	1.0
2	11590	0.818	1.6667	3.8219	2.4914	9.5895	1.0
2	11595	1.7638	1.25	3.7071	4.7876	6.7431	1.0
2	11600	1.2173	1.3629	3.3102	11.0439	2.3425	1.0
2	11605	2.8127	1.2287	2.8986	6.2494	2.8325	1.0
2	11610	0.9581	1.4391	3.8846	6.2494	3.6968	1.0
2	11615	0.8948	2.8782	2.5264	3.2294	4.0966	1.0
2	11620	1.4904	2.6982	3.3187	0.1241	11.9736	1.0
2	11625	3.2154	2.1737	1.7563	1.1768	11.9736	1.0
2	11630	2.4582	0.5434	2.3479	9.0453	11.7254	1.0
2	11635	2.2806	0.5434	2.944	3.9402	11.7254	1.0
2	11640	1.3657	0.86	2.9849	9.0202	8.1205	1.0
2	11645	1.9228	2.0032	2.8514	8.4786	5.3265	1.0
2	11650	1.369	2.969	2.6639	3.0942	3.4335	1.0
2	11655	0.6157	3.9973	2.6184	1.7799	4.1784	1.0
2	11660	0.94	3.9973	2.6576	6.7785	7.5822	1.0
2	11665	1.1911	3.7144	2.7537	7.687	7.5822	1.0
2	11670	1.6676	6.6859	2.9136	7.687	8.8191	1.0
2	11675	0.5208	2.8588	2.9508	7.687	8.5869	1.0
2	11680	0.7549	2.8621	2.0676	4.087	6.2864	1.0
2	11685	1.7721	1.209	2.8527	7.6137	0.8055	1.0
2	11690	2.7903	0.9235	2.8842	11.9925	2.4154	1.0
2	11695	1.6041	2.3088	2.5865	11.9925	3.2308	1.0
2	11700	1.4534	2.4947	2.6958	11.9925	3.3777	1.0
2	11705	0.942	4.9487	2.6958	11.9925	0.8774	1.0
2	11710	0.8734	1.2561	3.9337	11.9925	0.1261	1.0
2	11715	0.7701	3.5511	5.4089	5.8918	2.7999	1.0
2	11720	0.5337	3.1596	3.2987	10.0754	9.5055	1.0
2	11725	1.2329	6.2223	2.356	4.6802	11.9877	1.0
2	11730	0.7394	4.9866	4.6405	8.1435	11.3992	1.0
2	11735	1.056	1.0286	2.9361	0.7874	5.7973	1.0
2	11740	1.7387	2.2104	4.0203	2.9236	2.1964	1.0
2	11745	1.9757	3.4015	2.7167	2.9236	4.4897	1.0
2	11750	1.0212	1.944	3.2185	1.597	7.924	1.0
2	11755	2.0413	1.1015	2.9544	0.2432	7.924	1.0
2	11760	2.3713	1.1621	2.979	6.1313	3.901	1.0
2	11765	1.3028	3.8085	2.8453	7.2087	1.5413	1.0
2	11770	1.1317	3.1181	3.3557	9.2828	0.5996	1.0
2	11775	1.553	9.433	2.4386	9.2828	7.9819	1.0
2	11780	3.5458	9.433	2.5156	8.5398	6.6379	1.0
2	11785	1.7152	7.7615	3.3204	2.3977	4.6306	1.0
2	11790	1.024	9.5434	3.1227	10.9786	7.4178	1.0
2	11795	1.9219	1.9294	2.4488	10.3446	5.8033	1.0
2	11800	1.3976	4.7776	3.4304	9.9145	10.8939	1.0
2	11805	1.302	5.3819	2.4565	9.7109	5.4842	1.0
2	11810	1.3009	3.5514	3.739	4.6544	4.3179	1.0
2	11815	4.3924	3.5514	1.8797	8.2854	2.2109	1.0
2	11820	3.0466	2.7353	2.2659	4.8189	1.5124	1.0
2	11825	2.1933	1.9492	2.2659	3.136	0.8109	1.0
2	11830	4.0232	1.1188	2.6836	0.6285	4.8287	1.0
2	11835	3.7887	0.7492	2.9518	1.4005	6.0984	1.0
2	11840	2.4864	0.7667	2.9667	7.3021	11.9865	1.0
2	11845	3.1949	2.0889	1.9745	8.1694	10.1885	1.0
2	11850	0.7795	1.0199	2.6593	8.3497	10.1885	1.0
2	11855	2.6422	1.2879	3.0427	8.3497	2.0271	1.0
2	11860	1.1037	0.4499	3.8351	3.9117	0.9148	1.0
2	11865	1.2183	1.6928	3.277	1.0474	1.4947	1.0
2	11870	1.1403	4.0596	2.4353	0.7224	10.5553	1.0
2	11875	0.6974	2.1829	3.1108	0.7224	5.0676	1.0
2	11880	1.1331	2.7748	2.5147	3.1572	5.0676	1.0
2	11885	1.6021	2.4085	3.308	6.6132	5.77	1.0
2	11890	0.7682	2.965	3.1772	6.6132	0.3639	1.0
2	11895	2.3253	1.8711	3.1935	11.9851	1.503	1.0
2	11900	1.2775	1.8413	3.5306	7.5311	3.5757	1.0
2	11905	1.4028	0.9553	2.665	2.6505	8.1628	1.0
2	11910	3.6878	1.1326	3.7007	5.3418	3.3629	1.0
2	11915	2.2336	2.5135	2.5586	11.9591	2.6442	1.0
2	11920	1.027	3.944	2.5586	2.3962	3.1122	1.0
2	11925	1.246	5.2877	3.0862	1.4501	1.6503	1.0
2	11930	1.8693	8.8298	2.3477	7.1009	11.1848	1.0
2	11935	0.469	8.8298	3.1363	4.5641	5.9665	1.0
2	11940	0.7252	5.2177	2.3318	6.7074	3.3749	1.0
2	11945	0.8148	7.0056	2.3079	8.6087	7.2459	1.0
2	11950	1.1215	5.6612	1.8224	6.7811	1.9537	1.0
2	11955	1.1215	4.1476	2.4865	2.1038	8.2176	1.0
2	11960	1.7353	2.123	2.9982	6.9793	5.3259	1.0
2	11965	0.734	1.7335	3.9983	5.2888	9.1836	1.0
2	11970	2.1415	1.2968	4.2176	0.219	4.5729	1.0
2	11975	1.7202	0.9973	4.2234	0.219	11.4657	1.0
2	11980	2.0545	0.7483	3.3413	0.8776	11.4657	1.0
2	11985	1.829	1.1775	3.7121	0.4918	3.2318	1.0
2	11990	1.3575	1.8196	3.2961	0.14	11.6085	1.0
2	11995	1.232	1.7607	3.1041	0.3371	0.939	1.0
3	2000	1.2416	3.8779	2.9161	7.1261	4.8697	1.0
3	2005	1.4557	4.4021	3.5321	2.9869	7.5482	1.0
3	2010	1.5444	4.0049	2.513	3.6171	10.0276	1.0
3	2015	1.3832	2.8901	2.2993	6.5146	11.3948	1.0
3	2020	1.5336	2.4262	2.893	4.4102	10.2529	1.0
3	2025	1.1077	1.9465	2.3538	9.3673	11.5043	1.0
3	2030	1.2835	1.2221	3.0119	11.9181	2.0592	1.0
3	2035	1.7125	1.2649	2.9377	4.5813	10.0493	1.0
3	2040	1.9718	1.2679	3.1019	11.5476	8.1899	1.0
3	2045	2.2573	3.4458	3.33	10.0592	5.4117	1.0
3	2050	1.5808	4.4225	2.2853	1.4397	10.1947	1.0
3	2055	0.8017	4.7233	2.18	0.2941	5.0209	1.0
3	2060	0.7192	2.1998	2.4	9.5053	1.3837	1.0
3	2065	1.3529	1.8899	5.2268	9.5053	6.2864	1.0
3	2070	1.2498	1.2434	3.4986	10.4278	3.6025	1.0
3	2075	1.0791	1.5995	3.0517	10.4902	5.637	1.0
3	2080	0.8175	2.3193	3.1716	5.9947	4.861	1.0
3	2085	1.9459	5.491	3.8111	2.5213	1.1867	1.0
3	2090	0.9009	5.8408	2.1328	1.9978	2.9776	1.0
3	2095	1.3308	3.994	2.1501	0.8059	10.8948	1.0
3	2100	1.3308	5.6122	2.3874	9.4054	2.0784	1.0
3	2105	1.1065	3.6555	2.7738	4.7718	8.3308	1.0
3	2110	1.5828	5.2864	2.5294	2.9439	7.3486	1.0
3	2115	1.6521	4.3639	2.3549	1.8081	0.8626	1.0
3	2120	1.2644	4.3639	3.0041	6.6689	2.8648	1.0
3	2125	0.9862	4.2246	2.7864	6.2535	7.8323	1.0
3	2130	4.4213	4.4877	2.3728	10.5442	6.9095	1.0
3	2135	2.5721	3.0828	3.1721	8.7402	0.4133	1.0
3	2140	1.7468	3.0828	3.2762	11.7624	1.1573	1.0
3	2145	1.1485	1.9621	3.8083	11.7624	8.9685	1.0
3	2150	0.6245	1.5744	4.104	2.4328	8.9685	1.0
3	2155	1.4431	0.4015	4.9981	0.3161	8.0947	1.0
3	2160	1.3993	0.8879	5.6162	0.1263	5.3677	1.0
3	2165	2.1769	0.9336	5.4005	0.7805	5.3853	1.0
3	2170	0.841	0.4284	4.3387	6.5213	8.9051	1.0
3	2175	4.1477	0.8287	3.6465	4.6405	2.5675	1.0
3	2180	1.4847	0.7357	3.862	8.6837	8.8189	1.0
3	2185	0.9064	1.839	3.3801	9.3386	8.8189	1.0
3	2190	1.5572	1.5502	3.3801	5.7577	4.4047	1.0
3	2195	0.9188	1.2966	4.0005	1.9499	1.6442	1.0
3	2200	1.3577	0.7003	3.0179	9.7378	3.4822	1.0
3	2205	1.012	1.9387	2.946	9.4612	10.3731	1.0
3	2210	1.2478	2.5058	2.946	4.9238	1.2284	1.0
3	2215	1.6782	0.8202	4.9941	5.0118	11.2347	1.0
3	2220	2.546	1.3864	3.0153	8.1977	4.2919	1.0
3	2225	1.611	1.7758	2.6358	10.0879	8.0262	1.0
3	2230	1.611	1.623	3.0394	10.3649	4.2163	1.0
3	2235	1.0699	1.5556	3.8155	8.5209	8.0575	1.0
3	2240	1.1745	2.9156	1.6648	7.5465	3.1256	1.0
3	2245	1.3087	2.2327	2.1383	6.2657	7.0283	1.0
3	2250	1.484	2.2327	2.7144	2.1	8.0947	1.0
3	2255	0.6946	1.4767	3.4092	9.8194	8.7797	1.0
3	2260	1.6461	0.9411	3.4092	4.3993	7.3998	1.0
3	2265	2.3289	0.8458	3.3082	9.7648	7.7084	1.0
3	2270	2.3289	1.4254	3.0399	5.0578	6.1124	1.0
3	2275	0.944	1.659	2.6852	2.1711	7.3892	1.0
3	2280	1.184	1.6693	2.6852	2.6157	5.5841	1.0
3	2285	0.841	2.0558	2.6852	9.05	4.8509	1.0
3	2290	0.8097	2.7314	2.3566	7.1957	5.697	1.0
3	2295	0.8433	3.512	3.3436	9.7337	6.2736	1.0
3	2300	1.0193	4.5022	2.6263	2.6348	10.8569	1.0
3	2305	1.8501	3.1777	2.6263	7.8328	9.9553	1.0
3	2310	2.802	2.0547	1.384	8.5337	8.3778	1.0
3	2315	1.9539	3.0158	2.0008	8.8033	9.6992	1.0
3	2320	2.6341	3.9483	2.3513	8.9352	1.4573	1.0
3	2325	1.0901	6.2339	2.7279	2.081	4.5504	1.0
3	2330	1.1257	5.7082	2.7279	6.4225	10.1606	1.0
3	2335	1.5674	4.591	2.551	3.1796	6.7915	1.0
3	2340	1.5417	4.591	2.551	2.9046	7.3402	1.0
3	2345	2.1735	4.7185	1.9447	1.9033	11.6694	1.0
3	2350	1.4436	3.0062	1.9447	1.4403	9.3573	1.0
3	2355	1.7702	9.6934	2.518	1.6941	3.6412	1.0
3	2360	0.9646	9.6934	1.5336	4.1364	8.2903	1.0
3	2365	1.3037	9.6934	2.102	5.6421	4.5533	1.0
3	2370	2.1647	6.3824	2.5232	1.6025	4.3854	1.0
3	2375	2.1647	6.8724	2.4396	3.484	1.0202	1.0
3	2380	3.2571	6.569	2.6783	0.5742	8.2303	1.0
3	2385	1.3291	6.569	2.5593	1.8641	7.4927	1.0
3	2390	1.6034	6.569	1.867	1.2469	9.9606	1.0
3	2395	1.1632	7.2327	2.512	10.646	3.7207	1.0
3	2400	0.8966	7.2327	3.1739	10.646	5.5839	1.0
3	2405	0.7348	7.2327	3.1739	6.9255	0.8616	1.0
3	2410	1.7794	6.2487	3.4637	3.6719	2.798	1.0
3	2415	1.8246	3.1412	3.8645	10.1314	10.9835	1.0
3	2420	1.1647	1.1631	3.9739	8.4362	3.832	1.0
3	2425	1.347	2.2973	4.1191	3.2223	11.9314	1.0
3	2430	0.8548	3.7483	2.7123	1.1979	9.4705	1.0
3	2435	2.1696	2.7028	2.3006	1.7725	6.2456	1.0
3	2440	2.1941	2.2746	3.2609	9.1477	6.3602	1.0
3	2445	0.9827	5.1989	2.8567	1.8585	8.3767	1.0
3	2450	1.5126	6.2376	2.2777	0.603	8.5014	1.0
3	2455	1.9912	9.0057	1.9778	1.3483	2.4721	1.0
3	2460	2.2353	9.0057	1.8714	4.0532	10.5116	1.0
3	2465	1.7529	9.0057	2.3784	4.9613	2.571	1.0
3	2470	1.4029	9.0057	2.3502	6.8902	11.2256	1.0
3	2475	1.5559	7.7537	2.3891	6.4664	11.9737	1.0
3	2480	2.1387	7.7537	2.7072	1.4293	9.35	1.0
3	2485	1.173	7.7537	2.8639	2.9886	9.35	1.0
3	2490	1.5779	7.9361	3.2599	3.9035	7.0122	1.0
3	2495	0.8392	7.0958	2.6519	3.0363	8.4756	1.0
3	2500	1.2782	7.2949	2.1032	0.2094	0.8427	1.0
3	2505	0.8727	7.461	2.1032	1.7398	7.0666	1.0
3	2510	1.9182	6.7089	1.7127	0.4522	7.5063	1.0
3	2515	0.6378	7.4826	2.9259	3.4337	8.2792	1.0
3	2520	1.2921	8.697	2.9259	3.4249	8.2792	1.0
3	2525	1.0547	7.7387	2.99	5.5537	6.9189	1.0
3	2530	1.6478	7.1916	2.2863	4.4461	7.662	1.0
3	2535	0.8362	4.4384	1.7362	3.1144	5.7189	1.0
3	2540	1.0528	4.8656	2.1225	10.6557	3.8458	1.0
3	2545	0.5958	3.861	2.47	5.7459	4.9882	1.0
3	2550	3.2793	3.7308	1.6914	7.0254	3.2805	1.0
3	2555	2.2207	6.0413	3.0719	1.2713	7.221	1.0
3	2560	1.29	5.3662	3.6945	4.3515	9.5108	1.0
3	2565	1.1512	6.2773	2.5661	2.3977	4.7802	1.0
3	2570	0.5938	9.1255	3.0497	2.3977	3.8873	1.0
3	2575	2.1021	9.1255	2.3771	6.9332	7.7522	1.0
3	2580	2.0056	9.1255	2.8962	4.0389	5.7008	1.0
3	2585	0.7585	9.0336	2.8962	9.9124	6.7948	1.0
3	2590	1.1991	6.0058	2.3811	7.4729	7.2413	1.0
3	2595	3.2666	2.8939	1.314	8.9842	5.6699	1.0
3	2600	3.307	6.4566	2.1523	11.7303	6.2861	1.0
3	2605	2.6414	4.9908	2.0776	6.0324	4.0023	1.0
3	2610	1.7561	4.8798	1.8136	3.6367	4.7065	1.0
3	2615	3.525	2.3354	1.8538	2.3898	7.5225	1.0
3	2620	1.3527	4.4377	2.1985	1.2678	10.5669	1.0
3	2625	1.2195	8.409	2.6797	4.8874	1.2785	1.0
3	2630	1.8351	5.15	2.1718	1.5624	8.4416	1.0
3	2635	1.3495	2.9851	2.1718	4.6929	8.4416	1.0
3	2640	0.8034	2.6594	2.8015	2.7713	7.6729	1.0
3	2645	1.431	3.5577	2.5892	8.3254	11.4366	1.0
3	2650	1.699	3.4482	2.5457	7.1044	2.4604	1.0
3	2655	1.5908	4.4792	2.7009	4.7466	4.3185	1.0
3	2660	2.5531	3.7786	1.9607	4.2494	9.0047	1.0
3	2665	0.9681	1.9514	2.6947	1.6218	7.0989	1.0
3	2670	1.0159	1.9514	3.2117	2.9647	5.5741	1.0
3	2675	2.2106	2.4889	2.1727	3.3645	7.5786	1.0
3	2680	1.3221	6.68	3.1804	6.226	7.3393	1.0
3	2685	1.5022	9.8519	3.3295	3.3995	7.1695	1.0
3	2690	1.0452	9.8519	2.4013	6.1077	3.1481	1.0
3	2695	2.0199	7.701	2.5618	9.8804	10.4063	1.0
3	2700	2.38	6.2659	2.685	8.0887	11.1227	1.0
3	2705	1.756	6.2659	2.2546	8.0887	10.7894	1.0
3	2710	2.7195	4.5036	2.1999	3.6156	1.0863	1.0
3	2715	1.3778	5.8039	2.6767	3.649	0.9413	1.0
3	2720	1.3902	7.7523	2.5685	2.0006	0.7397	1.0
3	2725	1.3967	6.0417	1.1427	3.1138	1.3323	1.0
3	2730	2.0873	3.9532	1.4266	6.9617	1.9237	1.0
3	2735	2.2358	3.6563	2.107	2.6074	10.2535	1.0
3	2740	2.1043	3.6563	2.5448	1.8017	10.2535	1.0
3	2745	1.2089	3.7348	2.5448	2.0018	8.2601	1.0
3	2750	1.415	3.7348	3.0348	1.3658	9.9413	1.0
3	2755	1.0369	5.5964	2.1252	1.4459	2.3834	1.0
3	2760	1.2484	4.9928	2.5199	8.1582	2.7949	1.0
3	2765	1.6477	2.6782	2.5412	4.8701	4.3396	1.0
3	2770	1.4293	4.8382	2.1336	4.9063	3.4882	1.0
3	2775	1.4064	7.4823	2.1336	4.804	7.1524	1.0
3	2780	2.9247	7.79	1.6737	1.6854	6.6881	1.0
3	2785	4.2263	6.2631	1.136	4.7684	4.0391	1.0
3	2790	4.2263	3.3631	1.7996	6.6285	10.6264	1.0
3	2795	1.4709	3.3631	1.8253	5.3534	7.3671	1.0
3	2800	1.5581	1.0997	2.9748	3.963	7.6217	1.0
3	2805	2.1221	3.2676	1.557	8.21	2.7393	1.0
3	2810	0.6345	1.7013	2.304	6.6189	11.2435	1.0
3	2815	0.6	1.1403	2.9507	8.313	3.5001	1.0
3	2820	2.3627	4.1558	2.8363	6.4103	1.6514	1.0
3	2825	2.1996	4.1558	1.5166	11.1996	3.4238	1.0
3	2830	1.5473	4.1498	3.6187	0.2814	10.3395	1.0
3	2835	0.8274	3.9162	3.1898	1.3968	8.6971	1.0
3	2840	1.3095	8.546	2.4317	9.88	8.6971	1.0
3	2845	3.5391	7.428	2.4317	6.1538	8.303	1.0
3	2850	1.951	9.4673	2.3231	6.0501	10.4768	1.0
3	2855	2.3678	5.308	2.6206	3.6831	7.6238	1.0
3	2860	1.5041	3.3274	3.4302	4.2426	9.2981	1.0
3	2865	2.4546	2.8541	3.4236	5.5315	6.2257	1.0
3	2870	1.5556	3.6837	4.1237	5.4888	5.8689	1.0
3	2875	1.4581	3.6837	4.4596	8.9804	4.4525	1.0
3	2880	1.5067	1.0104	3.562	10.2371	3.5217	1.0
3	2885	0.7857	0.9673	3.5146	5.2634	9.2342	1.0
3	2890	1.2958	0.6019	5.0097	2.8151	8.8104	1.0
3	2895	1.5655	1.412	4.5261	5.9369	0.3108	1.0
3	2900	2.882	3.0907	2.8582	4.5351	1.9406	1.0
3	2905	2.5164	1.6086	1.8136	7.8371	1.8676	1.0
3	2910	2.5164	8.6384	3.9113	11.7004	0.547	1.0
3	2915	2.3318	4.0986	4.3988	11.1043	0.4421	1.0
3	2920	3.0397	3.0577	3.7968	11.1043	0.4849	1.0
3	2925	1.7181	4.5984	2.8905	11.1043	9.3002	1.0
3	2930	2.3	3.5041	2.4925	7.1078	9.3002	1.0
3	2935	1.0678	4.7067	2.011	7.7145	5.5721	1.0
3	2940	1.5866	4.644	2.011	11.3632	3.1325	1.0
3	2945	1.2057	4.644	2.9551	6.3286	4.905	1.0
3	2950	1.3043	0.8073	3.8112	4.5651	3.3025	1.0
3	2955	1.0755	1.0088	5.039	7.6032	6.2977	1.0
3	2960	1.4162	0.1736	3.9723	11.7641	6.5634	1.0
3	2965	2.4948	0.8461	2.9316	11.7641	4.2467	1.0
3	2970	2.2609	0.5196	2.2667	11.7641	10.6166	1.0
3	2975	1.8438	1.8403	2.61	4.3354	11.9313	1.0
3	2980	0.7162	0.5755	3.7025	4.21	6.3326	1.0
3	2985	1.9333	2.9962	3.4095	6.4059	2.4946	1.0
3	2990	1.1981	3.6612	3.2572	4.7373	6.3722	1.0
3	2995	1.4879	2.6425	3.29	10.6078	11.3731	1.0
3	3000	2.0377	1.1761	3.6328	6.2465	4.2699	1.0
3	3005	1.3211	0.6082	3.217	7.378	8.4418	1.0
3	3010	0.6829	0.7864	4.6372	7.8111	9.6139	1.0
3	3015	1.53	1.0559	3.622	8.0909	3.2387	1.0
3	3020	1.508	1.0235	3.5258	4.044	1.7719	1.0
3	3025	2.1566	0.8066	4.9181	5.0583	7.1191	1.0
3	3030	1.9496	1.0167	3.9231	8.4031	5.1438	1.0
3	3035	0.7885	1.5036	2.3604	1.1639	5.0563	1.0
3	3040	2.433	0.8076	2.48	2.9198	5.0563	1.0
3	3045	2.2463	1.2999	2.1841	6.6151	10.2939	1.0
3	3050	1.396	1.2999	1.8889	7.037	10.2939	1.0
3	3055	2.4083	1.8628	1.8327	11.3331	10.2939	1.0
3	3060	2.4404	1.0474	1.9431	8.7978	10.6141	1.0
3	3065	1.7358	0.8116	2.5195	11.4967	5.3365	1.0
3	3070	1.758	0.3325	2.6754	2.3745	9.9656	1.0
3	3075	2.1099	1.1453	2.5604	9.0205	9.9656	1.0
3	3080	1.6216	0.8041	3.1648	4.7748	9.9656	1.0
3	3085	1.239	1.162	4.3903	11.146	6.6952	1.0
3	3090	2.5366	0.8865	2.4672	7.2586	6.1263	1.0
3	3095	2.4863	2.0839	3.5921	8.0553	0.6677	1.0
3	3100	2.0063	2.4171	3.5921	8.2814	4.3678	1.0
3	3105	1.3688	1.5092	3.5672	9.9863	7.4846	1.0
3	3110	1.2166	1.2475	2.9294	10.3525	8.6702	1.0
3	3115	1.9712	1.4204	3.5175	7.3409	5.1026	1.0
3	3120	0.9019	1.519	3.5177	10.1744	1.8776	1.0
3	3125	2.8482	3.2424	3.7445	2.9136	11.5849	1.0
3	3130	2.0637	3.6573	3.2819	7.0699	10.9577	1.0
3	3135	2.9902	3.1941	3.2155	7.0699	9.094	1.0
3	3140	1.7149	5.4697	2.3351	2.2517	7.6296	1.0
3	3145	1.578	8.1505	2.258	7.6586	6.7063	1.0
3	3150	1.9792	9.2444	2.8481	10.8804	6.7063	1.0
3	3155	0.8536	9.2704	2.4291	7.3026	10.3257	1.0
3	3160	0.5457	7.1085	2.5146	7.2433	5.2482	1.0
3	3165	1.5759	6.7702	3.5323	3.7172	11.4395	1.0
3	3170	1.7995	6.7702	2.6407	1.7784	10.7487	1.0
3	3175	1.6087	6.7702	2.6696	3.3702	4.1582	1.0
3	3180	1.0547	4.5495	3.1316	5.993	8.4843	1.0
3	3185	0.7336	5.4026	3.1092	8.676	8.6714	1.0
3	3190	0.7534	4.2809	3.2934	6.4889	8.9135	1.0
3	3195	2.6975	7.3661	2.5497	11.4196	3.6541	1.0
3	3200	1.5113	5.6025	2.4519	11.8468	2.7941	1.0
3	3205	1.9798	4.1569	2.4066	11.8468	8.2037	1.0
3	3210	2.2915	1.4202	2.4066	7.7628	2.2954	1.0
3	3215	1.6864	0.3055	3.2991	8.4229	10.4458	1.0
3	3220	0.7522	0.6508	3.6823	3.5543	6.8119	1.0
3	3225	0.7911	0.3807	3.419	10.2422	1.3583	1.0
3	3230	2.3293	1.6361	5.9689	7.0333	0.2016	1.0
3	3235	2.3293	3.3671	4.0332	9.8255	4.182	1.0
3	3240	1.9057	3.3671	2.9511	0.3475	7.2958	1.0
3	3245	2.0522	8.0278	2.9511	1.1005	1.2114	1.0
3	3250	1.9698	7.1813	2.209	0.1352	10.8388	1.0
3	3255	0.6245	7.1813	2.8442	0.3825	6.4956	1.0
3	3260	1.1357	4.1016	2.6649	2.0953	9.445	1.0
3	3265	1.9863	2.2763	3.9889	2.0171	7.6099	1.0
3	3270	2.2444	3.2116	2.9681	11.0813	9.1436	1.0
3	3275	1.006	2.5307	2.7439	10.2289	8.6572	1.0
3	3280	1.8147	1.8394	2.7439	10.2289	5.2016	1.0
3	3285	1.596	3.6226	3.5179	10.2289	1.6408	1.0
3	3290	2.5838	3.4096	2.4748	2.731	4.6038	1.0
3	3295	2.9167	3.9003	2.4178	8.1784	3.9857	1.0
3	3300	2.314	6.0406	1.9068	7.0548	10.4471	1.0
3	3305	1.0489	4.7726	3.0796	5.8048	6.0841	1.0
3	3310	1.0489	5.0701	1.9863	9.4366	10.4285	1.0
3	3315	2.0223	2.3159	2.4268	5.9519	8.8662	1.0
3	3320	2.8956	2.3159	2.0219	2.5315	7.2528	1.0
3	3325	2.2968	5.8814	2.0219	9.3409	7.3737	1.0
3	3330	2.2968	7.0639	2.3057	4.1322	8.2662	1.0
3	3335	2.2288	7.0639	2.175	4.2149	6.5698	1.0
3	3340	2.0182	9.8118	3.1213	6.8304	0.5542	1.0
3	3345	1.4564	9.8118	2.6033	0.6291	0.2208	1.0
3	3350	0.3881	9.8118	2.6996	0.745	1.254	1.0
3	3355	0.524	9.8118	3.5551	1.0467	4.5863	1.0
3	3360	0.7372	9.8118	3.1036	3.3806	7.4971	1.0
3	3365	0.9922	6.8889	2.1841	4.6143	8.2758	1.0
3	3370	1.0204	5.0541	2.8462	4.9443	2.0539	1.0
3	3375	1.7187	4.7188	2.6141	8.4824	3.6443	1.0
3	3380	1.1187	6.8262	2.6314	4.186	10.7111	1.0
3	3385	1.4595	5.566	3.0865	8.567	6.9497	1.0
3	3390	2.8547	5.566	2.2167	9.6516	5.4259	1.0
3	3395	2.8547	5.6145	1.6116	5.9652	9.3481	1.0
3	3400	1.8914	5.297	2.7013	11.2438	9.6555	1.0
3	3405	3.0285	5.297	1.9056	6.9438	10.7548	1.0
3	3410	1.5895	7.2657	2.5142	8.0432	1.2822	1.0
3	3415	1.7404	5.8716	2.7115	8.3802	3.474	1.0
3	3420	1.9928	8.028	2.8875	7.8618	4.5841	1.0
3	3425	1.7792	8.028	2.5385	0.9037	2.3156	1.0
3	3430	2.5463	4.0372	2.144	6.3371	1.8828	1.0
3	3435	1.1176	4.0372	2.5391	3.4917	2.6278	1.0
3	3440	2.0672	5.744	2.6737	2.7481	1.1928	1.0
3	3445	1.9609	5.744	1.885	3.5747	3.4348	1.0
3	3450	2.5973	4.2595	2.3271	10.0843	8.2061	1.0
3	3455	1.0989	6.625	2.1607	1.6598	3.1261	1.0
3	3460	1.2515	6.3329	2.4227	3.82	4.4831	1.0
3	3465	1.6142	2.6889	2.2312	7.3606	9.2991	1.0
3	3470	4.8342	1.2182	3.0472	9.3017	9.4398	1.0
3	3475	2.319	0.8805	2.6892	9.3017	2.5708	1.0
3	3480	1.0207	0.8805	3.8892	4.2206	4.8679	1.0
3	3485	1.1024	1.0338	2.5109	4.8422	2.0004	1.0
3	3490	2.7532	0.8608	3.5696	3.8066	1.8111	1.0
3	3495	2.5056	1.0169	4.0751	8.8132	5.6665	1.0
3	3500	3.0615	0.8008	3.3452	10.4489	2.4036	1.0
3	3505	2.2	0.8963	3.5248	1.4215	6.9127	1.0
3	3510	1.7169	0.2791	3.5248	11.6927	7.2074	1.0
3	3515	1.7169	0.2492	2.8926	11.8808	11.2801	1.0
3	3520	1.6203	0.7765	3.5438	3.985	3.131	1.0
3	3525	0.9092	3.4628	3.5787	4.7874	2.8224	1.0
3	3530	1.8928	1.002	3.3055	10.9934	3.7645	1.0
3	3535	1.2701	0.8379	2.7319	0.9069	3.6377	1.0
3	3540	2.4561	2.8917	2.7319	0.2984	1.799	1.0
3	3545	2.8068	1.4689	2.5265	1.2928	3.1511	1.0
3	3550	2.3976	1.9006	2.853	3.1298	7.9517	1.0
3	3555	0.9834	3.5886	3.7014	4.6924	4.1697	1.0
3	3560	1.0817	2.4411	2.2259	11.4583	1.1128	1.0
3	3565	2.8551	2.7062	2.8671	4.493	7.1983	1.0
3	3570	1.7074	2.6118	2.1766	9.5837	7.6596	1.0
3	3575	1.4721	2.8634	2.1934	4.8412	7.6596	1.0
3	3580	1.3435	1.7358	3.0272	1.5052	5.8481	1.0
3	3585	1.4691	3.513	4.2873	9.1154	2.5683	1.0
3	3590	0.7241	2.1938	4.5282	0.9482	0.8564	1.0
3	3595	1.4808	2.0701	4.8278	6.3934	0.3009	1.0
3	3600	2.7011	1.03	5.6715	6.1053	0.1656	1.0
3	3605	2.0951	2.2497	1.7087	1.6416	1.2862	1.0
3	3610	1.9514	3.3415	1.5534	3.2901	11.6164	1.0
3	3615	2.2118	3.6066	2.9333	8.124	7.2706	1.0
3	3620	1.592	0.9401	2.8125	2.8009	8.0132	1.0
3	3625	1.0441	0.4561	4.371	1.561	4.0085	1.0
3	3630	2.1298	1.3182	2.7356	1.4329	4.2934	1.0
3	3635	2.3938	3.839	2.5901	0.6097	6.2948	1.0
3	3640	2.5288	2.3944	2.8546	1.058	3.8444	1.0
3	3645	2.5288	0.9181	4.2422	3.7588	8.8819	1.0
3	3650	1.1387	1.7467	3.6056	4.9778	6.454	1.0
3	3655	1.6757	1.7467	2.2137	3.4607	1.2342	1.0
3	3660	1.1553	1.0075	4.6754	10.3616	2.1553	1.0
3	3665	1.495	2.2915	3.9746	11.2357	3.9315	1.0
3	3670	0.5111	2.0846	4.4434	3.4848	6.7257	1.0
3	3675	0.4985	1.0499	2.2723	6.5579	11.3929	1.0
3	3680	1.0792	1.2855	3.0226	4.4749	6.8332	1.0
3	3685	0.5706	0.4699	3.2107	5.9404	4.3243	1.0
3	3690	0.6959	1.1019	2.4758	5.9443	2.4475	1.0
3	3695	2.0175	2.3668	3.2006	6.7271	3.876	1.0
3	3700	3.9553	1.743	2.6359	11.7968	5.1118	1.0
3	3705	4.2673	1.9811	1.7892	11.7968	1.3287	1.0
3	3710	2.7137	1.3039	2.7508	3.3417	3.0513	1.0
3	3715	1.4571	1.8884	3.2281	4.9736	8.0724	1.0
3	3720	2.6454	2.4715	4.3834	3.3093	6.0773	1.0
3	3725	2.5471	0.8967	2.2576	3.162	8.5624	1.0
3	3730	2.1551	1.2033	2.726	1.585	11.2223	1.0
3	3735	1.288	1.5962	2.7566	7.9001	10.2074	1.0
3	3740	1.3858	1.5938	2.4515	9.2142	7.9686	1.0
3	3745	1.4084	1.5921	2.7272	7.0292	1.571	1.0
3	3750	1.6514	1.5921	2.4595	8.7172	5.6028	1.0
3	3755	1.8393	0.9371	2.9571	9.889	8.7408	1.0
3	3760	2.5821	0.4258	3.1581	11.5286	1.91	1.0
3	3765	2.8703	0.8159	3.5103	3.5587	11.1847	1.0
3	3770	2.0936	0.8759	3.8326	7.2161	11.3195	1.0
3	3775	1.468	0.5344	4.3867	2.7099	3.0844	1.0
3	3780	2.4522	3.1669	2.8569	11.3264	3.354	1.0
3	3785	1.1824	3.9322	2.2588	11.3264	2.3534	1.0
3	3790	1.9437	4.3033	3.9862	7.5857	4.3579	1.0
3	3795	1.407	4.3033	2.6832	10.0641	4.1773	1.0
3	3800	2.0075	2.2408	2.3115	9.7315	3.4532	1.0
3	3805	2.4456	5.1061	1.8607	11.4477	8.8281	1.0
3	3810	2.0974	5.1061	2.4208	2.5534	8.6785	1.0
3	3815	2.0974	2.5674	2.4208	8.5379	5.1338	1.0
3	3820	1.7388	1.8315	2.4208	3.7471	8.8013	1.0
3	3825	2.3706	0.602	3.7391	3.853	2.6828	1.0
3	3830	1.1708	0.5503	3.4251	0.7721	8.727	1.0
3	3835	0.9888	0.7341	3.7633	5.509	10.1764	1.0
3	3840	2.2491	0.7341	3.5486	7.7485	8.3486	1.0
3	3845	1.9743	0.3821	3.7223	4.925	5.1766	1.0
3	3850	1.3703	1.2719	4.0849	6.9612	7.3291	1.0
3	3855	1.2049	0.419	2.7299	9.3596	4.6284	1.0
3	3860	1.6941	1.6021	2.582	5.1559	1.3485	1.0
3	3865	3.3546	1.9596	2.595	1.1832	1.6757	1.0
3	3870	2.3004	2.548	1.7067	0.8908	3.3211	1.0
3	3875	2.3004	1.9425	1.7067	6.244	7.0783	1.0
3	3880	2.0644	7.7447	3.0808	3.772	6.4565	1.0
3	3885	0.9565	7.7447	2.8617	2.5014	2.04	1.0
3	3890	1.0206	7.7447	2.8848	1.4702	1.9038	1.0
3	3895	1.5369	6.398	2.7287	10.5397	8.7777	1.0
3	3900	1.3424	2.4599	1.7235	7.5881	8.7777	1.0
3	3905	2.7291	2.4599	1.7235	2.4407	7.3705	1.0
3	3910	2.7291	2.4599	1.924	0.2046	7.3705	1.0
3	3915	2.3983	2.4599	1.6349	3.0795	11.347	1.0
3	3920	0.8103	4.4201	2.5007	4.1845	1.6923	1.0
3	3925	1.526	8.3209	2.589	10.5418	2.2713	1.0
3	3930	1.0634	8.3209	2.589	8.5196	6.7	1.0
3	3935	0.8359	8.5278	2.553	5.3687	11.519	1.0
3	3940	0.9635	3.9928	2.6127	11.0843	8.4801	1.0
3	3945	1.7165	3.9928	2.6414	9.4472	4.3577	1.0
3	3950	1.219	2.5028	3.9129	5.8274	0.8295	1.0
3	3955	1.219	4.1436	2.691	8.9304	3.5503	1.0
3	3960	1.0868	2.3458	3.2194	8.9304	2.6709	1.0
3	3965	1.184	1.9162	4.6893	9.3237	9.4947	1.0
3	3970	0.8845	5.2194	2.5093	7.4633	7.0873	1.0
3	3975	2.1064	5.2194	2.6551	6.6657	11.36	1.0
3	3980	2.1792	2.7505	2.3363	10.6849	5.4814	1.0
3	3985	1.5065	1.8781	2.7052	10.0904	9.6201	1.0
3	3990	2.2792	3.25	3.8638	6.9442	6.8672	1.0
3	3995	2.0374	3.1306	3.7725	2.959	11.4584	1.0
3	4000	1.7207	3.806	2.664	9.3333	5.98	1.0
3	4005	0.8194	3.8841	2.8784	3.9323	5.98	1.0
3	4010	1.5104	5.1322	3.1805	0.9282	0.284	1.0
3	4015	0.6115	6.6296	2.2011	2.3685	0.1731	1.0
3	4020	0.9178	9.5287	3.0183	1.4432	0.134	1.0
3	4025	0.5432	6.4391	3.8119	2.7151	0.4185	1.0
3	4030	0.7322	7.0992	4.472	2.0345	3.2227	1.0
3	4035	0.6723	7.0162	3.8465	9.7937	1.6526	1.0
3	4040	1.3536	5.6194	2.3084	7.0792	5.6105	1.0
3	4045	1.9526	5.6194	2.655	9.5909	3.8099	1.0
3	4050	1.6795	4.7508	2.1027	5.2963	2.9654	1.0
3	4055	1.5114	5.0872	2.2603	1.8412	8.5976	1.0
3	4060	0.577	2.8909	3.1929	7.5105	8.1886	1.0
3	4065	1.7101	4.1695	3.7645	5.8388	3.0461	1.0
3	4070	0.8992	5.5304	2.5711	8.7461	7.4392	1.0
3	4075	0.9167	4.2708	3.8324	2.6541	11.7541	1.0
3	4080	1.0099	6.9232	2.963	2.6071	5.62	1.0
3	4085	0.511	6.4671	2.6112	2.4825	0.8526	1.0
3	4090	1.1147	6.4671	2.5459	5.3828	4.0528	1.0
3	4095	0.7388	2.1783	2.8549	6.5637	4.0528	1.0
3	4100	1.2744	2.1657	2.8549	2.2488	2.3193	1.0
3	4105	2.4188	3.435	2.6077	10.8148	6.0988	1.0
3	4110	1.3864	0.5446	3.2139	11.4513	10.3305	1.0
3	4115	1.5927	0.6486	4.3454	8.3133	6.3242	1.0
3	4120	1.0522	0.7748	3.4881	7.5447	9.1503	1.0
3	4125	1.0522	1.2907	3.4881	7.5447	9.2453	1.0
3	4130	1.6484	1.7735	4.1341	3.0663	3.6177	1.0
3	4135	1.5827	2.1563	2.8471	4.8485	2.2722	1.0
3	4140	3.6808	1.7014	3.6479	5.6686	0.1716	1.0
3	4145	3.8479	1.7014	4.7165	5.4771	1.176	1.0
3	4150	2.7235	0.4756	2.9093	11.0794	9.4902	1.0
3	4155	2.7235	0.6936	2.3827	11.0794	1.9762	1.0
3	4160	4.1855	0.7104	2.0563	3.6455	8.7088	1.0
3	4165	2.1322	1.6724	2.4719	3.3684	11.728	1.0
3	4170	2.139	0.7255	2.8117	5.6452	11.728	1.0
3	4175	3.3178	0.8383	2.2994	3.8941	1.2233	1.0
3	4180	2.7995	0.654	3.5845	3.2084	9.7501	1.0
3	4185	4.5587	0.4911	5.3567	4.1929	0.2698	1.0
3	4190	4.8664	1.3732	3.8118	9.4306	1.0363	1.0
3	4195	3.0576	0.2332	3.0168	4.2051	4.0399	1.0
3	4200	4.0404	0.4016	2.5896	2.8366	8.9925	1.0
3	4205	2.0825	0.4112	3.1363	4.4672	8.9925	1.0
3	4210	2.9021	0.2234	3.459	4.6568	1.2737	1.0
3	4215	2.7178	0.2602	2.7249	6.1029	3.2894	1.0
3	4220	2.6356	0.3945	2.734	8.8799	10.8508	1.0
3	4225	1.4678	0.9829	2.734	5.2403	0.9268	1.0
3	4230	3.4295	1.5171	2.1325	2.5816	0.3847	1.0
3	4235	2.5212	0.5689	2.5787	11.6885	0.4258	1.0
3	4240	1.9539	9.4798	2.4099	6.2122	1.319	1.0
3	4245	0.7669	6.1629	3.1727	6.2122	7.8123	1.0
3	4250	3.483	4.4909	2.7855	3.6402	7.7468	1.0
3	4255	2.7809	3.7862	3.609	2.7168	3.4474	1.0
3	4260	3.4217	2.7731	3.9094	4.5246	0.982	1.0
3	4265	3.348	1.1331	2.8745	4.6358	2.6461	1.0
3	4270	0.5247	0.3834	3.2928	8.0446	7.5077	1.0
3	4275	1.9295	0.7868	3.557	6.7692	7.0041	1.0
3	4280	2.9359	0.7868	3.3758	3.7827	3.1008	1.0
3	4285	2.7123	0.696	3.6694	4.9612	3.954	1.0
3	4290	2.5028	0.3499	3.4933	8.7818	6.5715	1.0
3	4295	1.0437	1.2273	2.9398	3.2055	10.9781	1.0
3	4300	2.0859	1.1847	2.7997	2.7906	11.1	1.0
3	4305	1.7693	1.1168	3.1871	3.3694	11.1	1.0
3	4310	2.4314	0.6359	3.2429	8.6793	3.8034	1.0
3	4315	3.7064	0.6502	3.2429	1.8185	1.7113	1.0
3	4320	5.4571	0.9717	2.8116	6.2785	11.8466	1.0
3	4325	4.0192	1.1759	3.1987	11.261	5.3167	1.0
3	4330	1.3904	2.381	3.196	11.261	11.9318	1.0
3	4335	1.2727	1.4761	3.2063	4.7575	4.7861	1.0
3	4340	1.6641	0.8966	3.5569	2.4511	6.9312	1.0
3	4345	3.3284	1.8463	3.6461	6.3543	0.7913	1.0
3	4350	3.6899	2.6792	3.7691	7.4772	0.3996	1.0
3	4355	4.4345	2.9965	3.5809	9.5669	0.1455	1.0
3	4360	4.5253	3.3128	2.7824	4.5213	0.7441	1.0
3	4365	2.7892	2.5526	2.4274	3.0009	5.2544	1.0
3	4370	2.2499	1.6548	2.4274	11.6802	0.9014	1.0
3	4375	1.5299	3.6987	3.2699	2.9274	3.7548	1.0
3	4380	0.9484	7.2852	2.3486	9.5887	1.9581	1.0
3	4385	0.8358	9.1194	2.9529	9.5887	1.8342	1.0
3	4390	1.4646	7.5041	1.827	8.7729	2.2966	1.0
3	4395	2.261	6.434	2.6945	4.9434	1.1572	1.0
3	4400	1.0094	5.9481	3.1674	2.7937	3.8224	1.0
3	4405	0.6608	4.3398	3.4849	11.3221	3.5182	1.0
3	4410	1.0314	0.9995	2.6271	11.3221	6.5676	1.0
3	4415	2.9891	0.5909	2.6247	9.7535	6.5676	1.0
3	4420	2.8678	2.34	2.4362	8.8503	5.3181	1.0
3	4425	2.1154	2.34	2.6411	4.127	7.9942	1.0
3	4430	1.818	1.7283	1.5161	4.7368	2.5443	1.0
3	4435	1.518	2.4773	2.1815	11.1535	1.748	1.0
3	4440	2.0264	2.4506	2.572	11.6066	5.3164	1.0
3	4445	1.7309	1.7178	2.7848	8.7321	3.5468	1.0
3	4450	1.5338	0.4477	5.2969	11.5951	2.9288	1.0
3	4455	2.4399	0.7925	5.2969	3.5104	2.0791	1.0
3	4460	4.0277	0.9883	3.5633	6.6135	10.9043	1.0
3	4465	1.7717	0.1235	2.8516	8.1752	4.9072	1.0
3	4470	3.1386	0.3952	3.4833	6.7043	1.4681	1.0
3	4475	3.3952	1.3419	2.9926	2.1042	3.6584	1.0
3	4480	1.7821	1.3506	2.2583	8.3012	3.9118	1.0
3	4485	1.8698	1.9373	2.6392	4.4271	0.6366	1.0
3	4490	0.859	3.3298	2.5607	9.2065	6.2936	1.0
3	4495	1.3686	8.1244	1.4992	5.5076	7.5488	1.0
3	4500	2.0649	7.2437	1.5015	11.573	7.5488	1.0
3	4505	2.4551	9.0093	1.8115	11.1445	6.2255	1.0
3	4510	3.6748	5.3511	2.2309	10.434	11.5102	1.0
3	4515	1.7404	1.1359	2.3451	4.642	11.5102	1.0
3	4520	3.531	1.0287	1.9804	6.7778	10.0749	1.0
3	4525	1.7334	0.8317	3.2632	6.9813	8.9062	1.0
3	4530	1.8424	0.45	3.0926	5.4683	11.0274	1.0
3	4535	1.4152	0.3995	3.1927	11.9344	6.5696	1.0
3	4540	1.8674	0.3995	2.7419	11.9344	8.6847	1.0
3	4545	1.923	2.951	1.984	11.9344	8.6847	1.0
3	4550	1.9006	2.684	2.3099	2.4314	4.2264	1.0
3	4555	1.545	2.8822	3.0551	3.515	4.7884	1.0
3	4560	1.8357	1.8814	1.7389	10.6292	10.7913	1.0
3	4565	1.9118	2.0338	2.1867	7.0386	11.4731	1.0
3	4570	1.9242	0.5231	2.1391	4.6949	11.4731	1.0
3	4575	4.76	0.8484	2.8242	6.1376	6.4744	1.0
3	4580	2.0584	0.6741	2.7224	10.158	1.5656	1.0
3	4585	1.1731	1.1648	3.2157	8.9835	11.3999	1.0
3	4590	2.5999	4.0065	3.5146	8.9835	11.3999	1.0
3	4595	0.8977	1.4897	3.2249	8.9835	11.3999	1.0
3	4600	1.0421	0.7561	4.7815	11.6783	5.1122	1.0
3	4605	0.8054	0.6892	3.3359	3.7685	10.219	1.0
3	4610	1.8355	0.6963	3.6355	3.3488	5.777	1.0
3	4615	1.3577	2.5084	3.1725	9.6964	5.777	1.0
3	4620	1.4592	1.1031	2.8389	3.93	8.6517	1.0
3	4625	1.4665	1.6576	1.5479	1.3217	3.6035	1.0
3	4630	1.8934	2.3019	2.7529	2.5054	1.7877	1.0
3	4635	1.9335	2.3019	2.2399	5.5524	10.5275	1.0
3	4640	1.742	3.6791	2.3447	11.5527	9.0494	1.0
3	4645	1.5111	3.6791	2.9412	11.5527	9.0494	1.0
3	4650	1.4097	5.9391	2.6462	1.3527	9.0494	1.0
3	4655	1.4167	4.9917	2.8026	1.2598	4.6891	1.0
3	4660	2.2443	4.4095	1.6851	1.4645	7.6386	1.0
3	4665	2.4307	5.7553	1.754	2.3421	6.129	1.0
3	4670	1.5515	6.3097	2.2623	9.175	4.5323	1.0
3	4675	1.7069	6.1646	2.2623	5.298	9.0119	1.0
3	4680	2.1056	5.5644	2.2623	10.5809	8.7312	1.0
3	4685	2.3155	3.0016	2.2968	10.5809	5.9573	1.0
3	4690	1.6935	2.6905	2.3628	11.0802	10.7146	1.0
3	4695	1.8514	2.8602	3.9279	9.0757	0.4123	1.0
3	4700	2.1634	1.6096	2.6942	2.2021	2.7035	1.0
3	4705	1.2241	2.6402	4.0144	2.6597	7.1272	1.0
3	4710	1.8109	2.7939	3.6206	1.9178	5.9686	1.0
3	4715	1.1382	2.5338	3.5347	2.368	11.2624	1.0
3	4720	1.0737	2.2815	2.8693	3.6733	5.9729	1.0
3	4725	2.9318	1.7374	3.6984	8.148	0.7216	1.0
3	4730	2.4919	2.3423	2.2743	3.169	0.6587	1.0
3	4735	3.3577	0.9193	4.5847	1.7836	0.6145	1.0
3	4740	1.9875	1.405	3.2108	9.3328	4.6136	1.0
3	4745	1.8226	0.3616	4.7253	10.713	7.3009	1.0
3	4750	2.1329	0.5302	2.2986	4.2038	7.0075	1.0
3	4755	1.0142	0.9154	2.9945	1.0475	9.1011	1.0
3	4760	1.1681	1.0712	4.1022	11.8035	10.8953	1.0
3	4765	0.9732	0.4416	4.549	5.4711	10.8953	1.0
3	4770	1.4102	0.7926	4.5701	1.3224	5.2296	1.0
3	4775	4.0786	1.5184	5.0282	0.1871	7.7611	1.0
3	4780	2.5374	0.6832	1.8387	2.1893	4.9665	1.0
3	4785	1.9669	1.5196	2.5954	11.4178	3.6195	1.0
3	4790	1.806	2.1901	2.8121	8.4878	1.0766	1.0
3	4795	1.806	2.4582	2.8121	11.9501	2.9416	1.0
3	4800	2.14	1.6711	3.7287	6.6199	6.8684	1.0
3	4805	1.0037	2.0688	3.2293	7.1809	5.8728	1.0
3	4810	1.3133	2.3601	2.9415	2.7221	11.8396	1.0
3	4815	1.2835	0.8394	3.4112	4.4277	11.8396	1.0
3	4820	1.3397	1.3392	3.1899	2.3295	5.977	1.0
3	4825	2.9157	0.4368	2.9457	5.8322	8.9326	1.0
3	4830	3.5265	0.9091	2.5896	8.5613	8.7077	1.0
3	4835	2.2531	1.2195	2.7794	5.7573	5.3233	1.0
3	4840	1.7726	2.2228	3.2981	10.3275	9.5251	1.0
3	4845	1.7726	2.1352	2.4999	10.3275	6.9358	1.0
3	4850	1.8869	1.2411	2.2373	7.0331	6.9358	1.0
3	4855	2.2398	1.2411	4.4231	3.4036	1.2414	1.0
3	4860	2.9434	1.462	2.5477	3.1451	10.2931	1.0
3	4865	1.7579	1.1451	3.086	4.9577	3.0591	1.0
3	4870	2.5019	3.208	2.8696	1.4342	2.4817	1.0
3	4875	1.7947	3.3156	2.9818	9.5197	1.4558	1.0
3	4880	1.7947	3.06	3.1603	4.4852	1.8974	1.0
3	4885	1.243	6.1516	3.2856	9.1435	3.3609	1.0
3	4890	1.4024	3.3886	3.3271	6.4749	9.5196	1.0
3	4895	0.9372	2.3805	2.594	2.3606	6.2177	1.0
3	4900	2.3436	4.6229	3.2988	6.8154	6.2166	1.0
3	4905	2.0534	4.8996	3.1774	5.1964	3.9996	1.0
3	4910	1.2059	4.0018	2.9589	5.1964	4.1439	1.0
3	4915	0.6752	6.4412	2.423	4.4151	10.8128	1.0
3	4920	1.0085	6.4412	2.6067	7.5531	1.3877	1.0
3	4925	1.2143	6.4412	2.6067	7.5531	0.456	1.0
3	4930	1.2767	6.4299	3.2943	5.3213	1.778	1.0
3	4935	0.9706	7.5553	3.2943	9.0123	2.5767	1.0
3	4940	1.2998	7.6939	3.3241	4.3761	2.4613	1.0
3	4945	0.7939	8.0632	2.6992	1.2972	0.963	1.0
3	4950	0.8498	8.0632	2.164	1.0352	6.7762	1.0
3	4955	0.7458	8.0632	2.7933	7.6345	7.9747	1.0
3	4960	1.3416	5.0924	2.6126	4.4313	7.8846	1.0
3	4965	1.5455	6.0294	2.6126	7.5631	3.6493	1.0
3	4970	1.4525	6.7653	3.3292	6.6454	1.866	1.0
3	4975	0.8429	8.3177	3.3258	0.8448	7.9435	1.0
3	4980	1.1183	7.4911	3.3258	9.0278	5.2299	1.0
3	4985	0.7877	7.7322	2.8416	10.8184	6.7147	1.0
3	4990	1.2842	8.558	3.7483	10.8184	8.8132	1.0
3	4995	1.3114	2.6363	3.3245	0.7526	2.284	1.0
3	5000	2.0397	1.9389	3.4128	1.7405	2.3494	1.0
3	5005	4.5095	0.6322	3.6239	5.5321	5.9853	1.0
3	5010	1.9754	0.9631	2.277	10.0594	8.9518	1.0
3	5015	1.2074	2.0763	4.3244	4.0604	7.1356	1.0
3	5020	0.8299	1.2475	3.4837	8.8711	11.0778	1.0
3	5025	1.2734	0.9449	2.7641	8.8711	11.0778	1.0
3	5030	1.1375	1.8045	2.7641	8.9217	11.0778	1.0
3	5035	1.1375	1.7745	3.4188	3.0633	9.9201	1.0
3	5040	2.1399	2.167	3.2185	2.2436	7.2033	1.0
3	5045	3.5044	2.167	2.0218	5.8215	6.3712	1.0
3	5050	3.2351	3.3002	1.901	4.2528	9.7892	1.0
3	5055	1.6371	3.3002	2.8453	4.4102	2.622	1.0
3	5060	0.5048	3.3724	4.2388	7.9522	0.8296	1.0
3	5065	0.7165	2.0479	4.8375	6.1691	10.3339	1.0
3	5070	1.2368	3.1202	2.0502	2.6628	11.2243	1.0
3	5075	1.4514	3.1202	2.1556	5.0183	9.5122	1.0
3	5080	1.4514	6.9374	2.9353	9.5818	2.9239	1.0
3	5085	1.703	7.9492	2.0511	9.5818	3.349	1.0
3	5090	1.9283	7.9492	2.8715	9.0294	2.6177	1.0
3	5095	1.1887	6.8877	3.1092	9.6887	1.2018	1.0
3	5100	0.9901	9.5773	2.5832	6.6831	4.9588	1.0
3	5105	1.9726	6.2554	2.977	5.3057	0.9766	1.0
3	5110	0.9669	5.6605	2.3556	4.8626	2.8489	1.0
3	5115	1.3488	4.1415	3.313	7.9882	7.8813	1.0
3	5120	1.8756	2.391	3.2731	3.1849	1.5286	1.0
3	5125	2.1093	1.4395	2.5097	2.8	10.1306	1.0
3	5130	2.1093	1.238	3.4722	8.851	10.1306	1.0
3	5135	2.3858	0.4288	2.1027	9.3211	10.1306	1.0
3	5140	2.2597	3.1284	1.9622	8.1532	9.3492	1.0
3	5145	1.9623	3.2154	2.5126	3.1771	11.9693	1.0
3	5150	2.9295	3.8626	2.0803	2.9425	9.6164	1.0
3	5155	1.8836	6.2689	2.4562	4.0321	11.2971	1.0
3	5160	1.5007	6.2689	1.981	10.2666	4.8081	1.0
3	5165	1.8262	5.5674	3.0196	8.8672	0.7213	1.0
3	5170	3.1961	4.0525	2.6561	4.902	0.6336	1.0
3	5175	2.4211	4.8876	2.0407	3.7088	0.2432	1.0
3	5180	4.5104	7.1785	1.5759	4.0126	4.0769	1.0
3	5185	1.935	2.3502	2.6063	5.5065	11.4367	1.0
3	5190	2.108	1.0841	3.1794	9.9529	7.1647	1.0
3	5195	3.5316	1.7097	2.7677	7.8349	1.7253	1.0
3	5200	4.0868	1.3766	2.4903	10.2155	1.1774	1.0
3	5205	2.1208	1.5709	3.7238	1.956	0.6514	1.0
3	5210	0.7216	1.1137	3.7238	5.4961	8.6493	1.0
3	5215	1.513	2.3499	2.5338	11.125	5.5339	1.0
3	5220	2.7596	2.1067	2.355	2.0665	5.1213	1.0
3	5225	0.9272	2.0944	3.7177	3.7172	1.0294	1.0
3	5230	1.3553	2.0865	3.866	5.6207	10.2508	1.0
3	5235	1.5369	1.0816	3.054	11.4901	1.9442	1.0
3	5240	4.3885	0.5605	2.9853	9.5939	0.6015	1.0
3	5245	3.0399	1.2992	4.7852	6.8837	0.2281	1.0
3	5250	3.6994	1.8362	2.7968	1.618	1.1726	1.0
3	5255	3.6994	1.6374	3.1079	7.8564	6.7339	1.0
3	5260	0.7951	1.6721	3.7901	2.6779	6.393	1.0
3	5265	0.7497	1.145	3.9587	11.878	11.6158	1.0
3	5270	1.1693	3.6125	2.6935	8.9169	4.9532	1.0
3	5275	1.1891	4.4884	2.3923	3.0701	4.7324	1.0
3	5280	1.3679	4.4884	3.2059	8.444	10.8318	1.0
3	5285	1.7655	0.7971	2.6759	8.444	10.2331	1.0
3	5290	1.6534	1.103	2.6182	2.4221	11.3234	1.0
3	5295	0.9126	0.8345	3.6764	1.0511	3.2843	1.0
3	5300	1.2846	1.9897	2.219	2.6356	7.785	1.0
3	5305	1.1026	2.4045	3.1156	11.429	8.4397	1.0
3	5310	1.2669	3.915	1.8956	11.0339	5.1004	1.0
3	5315	2.0207	3.4526	3.0689	10.7654	4.4117	1.0
3	5320	0.5789	4.2582	2.8409	10.7654	5.1913	1.0
3	5325	2.2649	4.1149	2.2549	8.8978	5.9164	1.0
3	5330	1.3296	1.6779	3.727	5.6517	5.9164	1.0
3	5335	1.7565	1.8109	3.1607	0.9581	4.4902	1.0
3	5340	0.9814	4.0842	3.0302	1.6919	11.7997	1.0
3	5345	2.7593	7.8358	2.8197	1.8142	1.4688	1.0
3	5350	1.2262	5.4404	2.5269	1.1717	4.1965	1.0
3	5355	1.3377	5.4404	2.837	10.5819	4.3534	1.0
3	5360	1.5369	5.177	3.366	8.7347	2.7665	1.0
3	5365	1.2033	7.8633	3.0249	10.5964	4.9624	1.0
3	5370	0.6074	6.3137	2.8681	2.3885	9.1787	1.0
3	5375	1.5298	4.5134	2.7066	8.5868	10.8859	1.0
3	5380	1.6167	6.3946	2.4087	8.5074	4.2734	1.0
3	5385	1.9213	5.4522	3.3126	7.941	8.0822	1.0
3	5390	2.0072	6.8734	1.8541	4.5138	4.7371	1.0
3	5395	1.3991	6.8734	2.7009	3.4031	2.5152	1.0
3	5400	3.1473	8.6948	2.2158	4.2479	7.5623	1.0
3	5405	2.0447	5.6991	2.1007	6.2214	7.0882	1.0
3	5410	3.2596	5.6991	2.1928	3.6452	7.3159	1.0
3	5415	2.2043	6.8377	2.4882	10.0965	7.3122	1.0
3	5420	1.1181	6.2089	3.4617	6.5808	1.3825	1.0
3	5425	1.2151	3.1065	2.2562	1.7082	4.4175	1.0
3	5430	1.3446	3.6067	3.088	2.3647	1.9492	1.0
3	5435	3.0219	3.0546	2.724	2.6586	5.8308	1.0
3	5440	2.5806	2.9433	2.4328	0.2767	0.8632	1.0
3	5445	2.5812	4.0249	1.7718	2.1942	0.2639	1.0
3	5450	2.5812	2.7164	4.069	1.4008	0.1351	1.0
3	5455	2.0207	2.2336	3.7828	7.4773	2.6876	1.0
3	5460	1.5996	1.2116	3.8992	7.8053	4.5799	1.0
3	5465	2.1684	1.2116	3.8992	10.7922	2.9291	1.0
3	5470	0.9809	2.1211	2.8067	8.9195	5.5253	1.0
3	5475	0.9809	3.2794	2.6364	11.7968	10.0285	1.0
3	5480	0.8435	4.3268	2.1698	9.8529	1.9704	1.0
3	5485	1.4765	6.7978	2.4466	10.9051	1.5539	1.0
3	5490	0.9996	3.1858	3.4533	10.9051	8.638	1.0
3	5495	0.7854	6.5871	2.8002	6.4177	10.1483	1.0
3	5500	1.6446	4.2817	2.8397	3.8306	8.5776	1.0
3	5505	2.1444	4.2817	2.7858	8.3586	10.5207	1.0
3	5510	1.8185	9.5398	2.6018	2.3762	5.2244	1.0
3	5515	2.3022	9.5398	2.462	6.3911	11.7715	1.0
3	5520	1.6671	4.255	2.462	6.2754	11.3935	1.0
3	5525	1.3504	4.255	2.462	6.2148	1.1251	1.0
3	5530	2.1143	1.5816	2.8149	3.528	5.3032	1.0
3	5535	2.2044	1.5816	3.3502	6.0432	6.5663	1.0
3	5540	1.6336	1.9232	3.2055	9.2234	7.4691	1.0
3	5545	2.0979	2.8419	3.1933	1.208	10.4909	1.0
3	5550	2.6903	1.4352	2.2527	6.2201	8.4142	1.0
3	5555	1.837	1.6928	2.886	7.7565	11.9309	1.0
3	5560	0.9818	1.5206	2.886	2.9188	7.9306	1.0
3	5565	1.4767	4.7263	2.5691	8.0457	4.6782	1.0
3	5570	1.3381	4.378	2.5691	6.2916	7.9097	1.0
3	5575	1.851	1.8886	5.0457	6.2916	3.4387	1.0
3	5580	1.7507	2.6121	3.5667	10.2625	2.9576	1.0
3	5585	1.7507	0.7733	3.5667	3.5443	10.3802	1.0
3	5590	1.8714	0.7598	3.6152	2.8964	8.153	1.0
3	5595	1.5437	1.171	3.2514	2.7055	1.9505	1.0
3	5600	2.7125	2.736	2.1498	1.8749	11.0633	1.0
3	5605	2.1329	2.0837	2.1498	8.6404	7.3731	1.0
3	5610	2.1654	3.4069	2.6418	7.7967	7.3758	1.0
3	5615	1.4816	3.0991	2.4894	3.5902	0.6644	1.0
3	5620	1.0743	2.9624	4.3705	9.5907	2.1088	1.0
3	5625	1.2567	1.8136	3.0607	6.5878	5.3508	1.0
3	5630	1.8105	1.8136	2.3236	1.3334	4.1512	1.0
3	5635	1.2245	1.8136	2.3194	10.8886	11.8476	1.0
3	5640	1.319	0.1846	5.6769	10.8886	4.1493	1.0
3	5645	1.0847	0.4536	4.2092	8.6496	3.7751	1.0
3	5650	2.0068	0.5818	3.7721	4.2074	3.9721	1.0
3	5655	1.2895	1.3613	5.1685	2.9598	9.5198	1.0
3	5660	1.024	1.3613	3.0548	0.5884	7.2742	1.0
3	5665	1.6079	2.7997	3.8217	3.3492	6.0141	1.0
3	5670	1.1856	2.7139	4.0318	0.3459	11.9952	1.0
3	5675	0.8007	1.9556	4.0316	2.3134	11.8336	1.0
3	5680	1.0677	1.9556	3.0779	3.7536	0.965	1.0
3	5685	1.7552	1.0113	2.1263	0.5197	5.5126	1.0
3	5690	2.7295	0.66	3.4857	1.5265	2.0115	1.0
3	5695	1.5624	1.5608	3.1453	1.3628	4.6037	1.0
3	5700	2.3554	1.5608	2.7257	0.2845	2.6815	1.0
3	5705	3.5062	1.5348	3.293	0.2575	2.4355	1.0
3	5710	3.6822	2.4088	3.5033	1.9927	0.3973	1.0
3	5715	2.9654	1.6716	2.2675	8.4106	0.4567	1.0
3	5720	2.9654	1.9287	2.4956	2.5213	0.1076	1.0
3	5725	1.9156	3.0838	3.0506	3.8966	1.1912	1.0
3	5730	3.3774	0.7828	4.698	6.9663	1.4055	1.0
3	5735	2.7605	0.3369	3.6231	9.9222	0.4547	1.0
3	5740	4.0261	7.2539	3.423	10.1692	2.3591	1.0
3	5745	0.5089	6.6514	2.6062	6.2664	1.6944	1.0
3	5750	1.4974	7.0778	2.5527	2.8921	5.0185	1.0
3	5755	1.7692	7.0778	1.9502	3.0701	1.034	1.0
3	5760	4.3596	6.7065	1.9616	1.8048	2.5939	1.0
3	5765	1.2429	8.6528	1.8664	0.6435	3.2236	1.0
3	5770	1.8207	7.6074	3.3265	1.6069	0.4859	1.0
3	5775	1.0319	7.6074	3.4364	9.702	2.2499	1.0
3	5780	1.3397	7.6074	3.5368	6.6633	3.4616	1.0
3	5785	1.1169	6.3437	2.3956	1.2396	10.6474	1.0
3	5790	1.7795	4.9321	1.8348	6.6981	3.9779	1.0
3	5795	2.0486	7.0584	3.1154	10.0302	4.6263	1.0
3	5800	2.1427	2.8754	1.9476	8.6995	8.0924	1.0
3	5805	2.0697	0.2695	3.1471	9.7569	9.7475	1.0
3	5810	1.3228	0.267	3.5198	8.9736	11.3889	1.0
3	5815	2.1629	1.3153	3.2678	8.9736	8.6311	1.0
3	5820	1.3127	0.874	3.2333	0.323	2.0061	1.0
3	5825	0.9734	1.8275	3.3389	0.6276	4.1174	1.0
3	5830	1.4587	1.2637	4.0173	0.3773	9.3533	1.0
3	5835	0.5187	1.9834	4.7134	0.1132	7.0106	1.0
3	5840	1.2325	2.6399	3.2719	0.9008	8.0195	1.0
3	5845	1.5336	3.3587	2.7062	1.5904	1.3714	1.0
3	5850	0.7784	4.1769	3.0932	1.5904	5.9604	1.0
3	5855	1.3833	4.1769	2.3213	0.8935	8.5298	1.0
3	5860	1.3967	3.6304	2.729	5.3311	10.7315	1.0
3	5865	0.7004	1.4172	2.6033	4.8426	8.9634	1.0
3	5870	1.1916	3.2804	3.4091	5.0716	8.9634	1.0
3	5875	2.7737	3.9635	3.0315	7.9091	2.7138	1.0
3	5880	1.6249	3.7913	2.4208	9.6606	5.2099	1.0
3	5885	1.3172	3.1467	3.8416	10.6266	1.7709	1.0
3	5890	2.2331	0.8729	3.5765	10.6266	1.7265	1.0
3	5895	2.2731	1.3487	4.217	7.8085	5.8062	1.0
3	5900	1.9041	2.1115	3.0892	9.4106	2.4738	1.0
3	5905	2.0206	1.9095	3.1768	7.1005	10.4381	1.0
3	5910	1.1506	0.5775	2.5763	9.2826	1.1239	1.0
3	5915	2.214	0.34	3.0954	9.2826	6.8386	1.0
3	5920	2.214	1.0542	3.2097	11.5713	10.8689	1.0
3	5925	0.9623	0.8665	4.412	9.5751	4.4492	1.0
3	5930	1.2258	1.4089	4.1329	4.9937	6.3974	1.0
3	5935	0.707	1.4089	3.6835	0.7775	6.8963	1.0
3	5940	0.6039	3.4934	3.7058	3.0492	11.5385	1.0
3	5945	0.5927	3.4934	3.5764	4.0438	6.8049	1.0
3	5950	0.9889	2.5446	4.0586	1.0198	2.2003	1.0
3	5955	1.7751	2.1119	3.0968	1.3153	0.4999	1.0
3	5960	1.2416	2.6396	2.4071	1.4434	0.5337	1.0
3	5965	1.9633	4.0074	2.631	8.8342	3.2414	1.0
3	5970	1.9737	2.0165	1.8354	9.7816	7.4897	1.0
3	5975	3.2138	2.9136	2.2847	9.7816	10.991	1.0
3	5980	1.4015	2.9136	2.0854	3.1993	2.7307	1.0
3	5985	2.3641	4.214	1.9755	6.2127	4.6469	1.0
3	5990	1.2691	5.0837	2.3686	10.3927	11.2073	1.0
3	5995	0.415	3.9005	3.2464	5.9785	11.2073	1.0
3	6000	0.4818	8.9096	3.0912	2.9448	5.6551	1.0
3	6005	1.5609	6.6981	2.6621	2.4494	11.1735	1.0
3	6010	1.1185	4.5423	2.4278	6.3039	7.3098	1.0
3	6015	1.027	4.5423	2.33	5.4947	11.6398	1.0
3	6020	2.6998	2.6096	2.3063	4.5491	6.4112	1.0
3	6025	1.1591	1.7967	2.6802	6.7906	10.8554	1.0
3	6030	2.8609	1.1738	2.7473	2.6543	1.9201	1.0
3	6035	3.4116	1.3671	3.9186	11.9243	1.5015	1.0
3	6040	2.2939	0.8379	4.0947	11.9243	4.8618	1.0
3	6045	0.8604	1.034	4.5222	6.761	5.5925	1.0
3	6050	1.3802	1.7588	2.5627	0.8544	11.0396	1.0
3	6055	1.0276	3.1596	2.5627	3.5157	1.1923	1.0
3	6060	1.8247	6.2713	2.6085	5.7533	0.3	1.0
3	6065	1.8247	5.2967	3.7567	2.292	0.3377	1.0
3	6070	3.2698	4.2376	4.0239	7.1775	0.1971	1.0
3	6075	3.2698	1.7729	5.7924	10.3208	0.3736	1.0
3	6080	3.1464	1.6571	3.9024	5.1408	1.0595	1.0
3	6085	3.1464	1.9976	4.1644	0.8347	0.1158	1.0
3	6090	4.5123	4.9506	3.9508	3.4141	0.3618	1.0
3	6095	3.2382	2.083	4.1581	4.1786	0.5581	1.0
3	6100	2.1935	0.9821	3.2863	9.4377	10.3902	1.0
3	6105	2.5574	0.843	2.9843	11.5342	8.9055	1.0
3	6110	1.5883	2.2794	3.1803	11.5342	2.4591	1.0
3	6115	1.5055	1.9552	2.1227	5.9424	7.247	1.0
3	6120	1.4621	2.9874	3.252	4.5205	10.9784	1.0
3	6125	1.4568	4.7321	3.1422	6.7149	7.3044	1.0
3	6130	1.536	5.7662	3.2433	11.641	8.7061	1.0
3	6135	1.3051	5.9759	2.2374	8.0024	8.7061	1.0
3	6140	0.7623	5.9759	2.8732	10.1117	8.7061	1.0
3	6145	0.86	8.8583	2.7569	9.1577	1.4765	1.0
3	6150	0.8334	8.8583	2.6947	7.3604	6.105	1.0
3	6155	1.2353	3.7706	4.78	9.6491	5.3003	1.0
3	6160	1.7165	4.9837	2.6672	10.2576	11.3195	1.0
3	6165	1.5053	7.3195	2.2666	10.2576	5.1731	1.0
3	6170	2.5836	3.9681	2.3198	4.9142	8.0592	1.0
3	6175	0.6678	3.9258	2.5578	2.5613	8.6093	1.0
3	6180	1.117	3.1218	2.7976	3.4123	5.7602	1.0
3	6185	1.7057	2.237	2.7976	11.6228	9.7987	1.0
3	6190	1.3894	4.5266	2.4487	10.8421	9.7987	1.0
3	6195	2.0112	2.0537	2.3996	8.8015	9.7987	1.0
3	6200	2.7458	2.7623	2.3743	0.8168	9.7987	1.0
3	6205	2.1323	6.0133	3.8534	8.5998	11.1153	1.0
3	6210	2.6542	7.2479	3.2025	10.6113	9.316	1.0
3	6215	2.8133	2.2593	3.202	11.6042	10.6128	1.0
3	6220	1.6665	3.4124	2.8012	3.9492	4.2071	1.0
3	6225	1.5826	3.9882	1.9891	4.8683	10.0291	1.0
3	6230	2.7082	0.5822	2.3129	8.3692	7.8338	1.0
3	6235	1.6086	2.0542	3.1077	6.8316	6.3924	1.0
3	6240	1.3223	2.7192	2.837	5.0343	1.8795	1.0
3	6245	0.8098	2.6632	2.8833	8.9236	9.016	1.0
3	6250	1.5177	1.5383	2.371	4.7477	7.3927	1.0
3	6255	1.3224	4.94	2.5362	2.6879	5.8542	1.0
3	6260	1.4163	4.1297	2.7271	2.9764	7.006	1.0
3	6265	0.8083	4.1297	3.2878	8.0526	4.4447	1.0
3	6270	1.3247	1.9591	2.9033	11.2136	10.3414	1.0
3	6275	1.8652	1.1947	2.3859	6.7552	8.5554	1.0
3	6280	1.5652	1.721	2.6201	6.7552	10.8853	1.0
3	6285	1.546	4.4506	2.3438	10.6191	10.8853	1.0
3	6290	1.1721	5.9891	2.4068	4.5941	6.1727	1.0
3	6295	2.4666	1.6069	2.2941	5.7265	5.3056	1.0
3	6300	2.4344	1.5835	2.2941	8.5756	10.0122	1.0
3	6305	2.2316	1.7884	2.0531	4.0179	8.1445	1.0
3	6310	1.744	2.9615	1.5958	4.7899	11.0382	1.0
3	6315	1.3845	2.7617	3.9573	5.6863	8.5878	1.0
3	6320	2.5416	2.7617	2.2456	4.6097	3.9458	1.0
3	6325	0.9702	1.6415	3.6548	10.4706	4.9283	1.0
3	6330	0.5716	1.4914	3.2847	8.7078	5.0485	1.0
3	6335	1.6752	2.1862	3.2313	8.7078	11.9223	1.0
3	6340	1.5347	1.5512	3.1703	0.9107	6.3966	1.0
3	6345	1.2519	1.6847	3.0499	11.2344	11.1167	1.0
3	6350	1.2883	3.7155	3.6303	11.1175	9.0195	1.0
3	6355	0.5042	1.5124	2.9168	11.7893	6.7464	1.0
3	6360	0.3845	1.5267	4.9615	2.7458	11.7522	1.0
3	6365	1.2699	2.5715	3.5439	1.5003	8.9229	1.0
3	6370	0.5991	1.1506	2.7379	10.1682	10.9155	1.0
3	6375	0.9897	1.8439	2.1726	10.1682	9.1097	1.0
3	6380	1.3778	3.3742	2.9603	10.1682	6.6501	1.0
3	6385	1.2079	1.3071	3.1529	4.707	10.3273	1.0
3	6390	1.7351	1.3071	2.5143	0.2845	10.3273	1.0
3	6395	1.9638	1.1027	2.4436	7.2825	11.5702	1.0
3	6400	1.8416	1.6103	1.6741	7.798	10.2205	1.0
3	6405	2.1729	2.6163	2.2215	5.3306	5.146	1.0
3	6410	2.7332	1.061	2.8126	8.2621	11.1516	1.0
3	6415	0.9051	1.1852	5.0109	8.2621	6.8142	1.0
3	6420	1.4202	2.3511	5.0008	0.6196	3.6889	1.0
3	6425	2.2122	0.7672	4.4291	6.9664	3.5783	1.0
3	6430	0.953	1.5728	4.8344	10.4179	10.0886	1.0
3	6435	1.8417	2.895	2.7409	8.6494	10.2566	1.0
3	6440	1.951	3.1457	2.7409	7.2522	8.5985	1.0
3	6445	2.937	3.1457	2.3052	1.7822	5.8975	1.0
3	6450	1.92	2.6198	3.2741	4.2728	8.5136	1.0
3	6455	1.6929	1.0318	4.9864	3.177	8.5136	1.0
3	6460	0.6024	0.8037	3.1184	9.4333	3.4944	1.0
3	6465	0.8955	1.2556	3.4202	6.63	7.56	1.0
3	6470	1.1464	1.2375	5.0102	8.2223	6.6528	1.0
3	6475	1.85	0.8167	3.2591	2.8211	9.5205	1.0
3	6480	2.2194	1.0605	3.6487	4.9775	9.5205	1.0
3	6485	2.1221	1.0451	2.4696	4.6807	9.5205	1.0
3	6490	2.0154	2.1547	3.4803	2.911	6.693	1.0
3	6495	0.6722	2.8301	3.0932	3.9104	9.6717	1.0
3	6500	1.3128	1.9772	2.5144	8.0147	8.6117	1.0
3	6505	1.5995	2.1366	2.5144	8.3294	7.3561	1.0
3	6510	0.682	4.7324	2.697	6.1377	10.6945	1.0
3	6515	0.8635	1.2248	2.7924	11.8163	2.8803	1.0
3	6520	1.0642	1.9522	2.6673	11.8163	9.4343	1.0
3	6525	2.3969	1.6502	3.3133	7.4199	10.6081	1.0
3	6530	2.2189	0.2333	4.216	7.4199	4.3756	1.0
3	6535	2.3855	1.452	3.4159	7.4898	3.2356	1.0
3	6540	3.1048	0.724	3.5393	7.7609	7.0909	1.0
3	6545	1.7513	0.724	2.5156	0.6413	6.0503	1.0
3	6550	2.2666	1.6263	3.6796	0.3509	1.3762	1.0
3	6555	1.0607	1.6263	3.3103	0.677	9.8456	1.0
3	6560	1.4558	2.1086	3.7512	1.5512	9.8456	1.0
3	6565	2.2504	0.4658	2.6749	0.394	10.7263	1.0
3	6570	1.0903	0.9908	2.8901	0.9023	3.7999	1.0
3	6575	1.2732	0.9288	3.6912	10.595	1.6846	1.0
3	6580	1.3158	1.5432	3.3044	6.3317	0.8072	1.0
3	6585	1.3392	3.0606	2.2546	7.8658	3.5158	1.0
3	6590	1.4356	5.5912	2.2546	11.6839	6.1303	1.0
3	6595	1.4208	4.0809	3.7858	4.4327	2.6853	1.0
3	6600	1.4208	3.3419	3.399	6.1846	2.1414	1.0
3	6605	2.4502	3.3419	3.3586	9.1862	9.8965	1.0
3	6610	1.2038	6.103	2.1263	10.7663	8.2969	1.0
3	6615	1.6658	5.0054	2.2614	8.0067	5.9787	1.0
3	6620	1.5623	8.7416	2.5874	1.8807	5.4107	1.0
3	6625	1.3732	8.7416	3.2972	6.7461	10.3347	1.0
3	6630	1.3747	8.7416	3.0066	8.5038	10.6851	1.0
3	6635	1.1486	6.007	1.8507	2.8543	5.9884	1.0
3	6640	1.246	4.5333	3.2274	9.9844	11.4033	1.0
3	6645	0.7421	4.5333	4.1875	7.3425	8.4941	1.0
3	6650	1.7179	3.7736	3.4304	2.4535	8.6875	1.0
3	6655	2.4829	4.0247	2.4538	10.9173	0.2608	1.0
3	6660	1.1723	1.3871	4.8257	6.2144	0.7867	1.0
3	6665	1.6221	1.7531	4.3364	1.1444	0.4232	1.0
3	6670	1.086	1.6722	4.627	7.795	9.4551	1.0
3	6675	1.7057	0.9321	3.722	10.5695	7.0712	1.0
3	6680	1.14	0.9685	3.8974	9.067	10.1	1.0
3	6685	0.8831	1.7096	3.7862	6.2582	6.9964	1.0
3	6690	1.5309	0.918	3.1846	11.6879	2.9522	1.0
3	6695	1.8816	2.1965	3.1913	8.2644	3.8541	1.0
3	6700	1.2944	3.0162	3.4545	2.027	7.9174	1.0
3	6705	0.8954	2.274	2.9684	11.7055	8.2988	1.0
3	6710	1.2537	2.431	2.9684	11.5075	8.5567	1.0
3	6715	0.7791	2.5846	2.5446	6.2303	11.7108	1.0
3	6720	1.7825	2.2955	2.6191	10.8604	5.392	1.0
3	6725	1.6544	3.9235	2.6191	9.1793	1.9607	1.0
3	6730	1.613	5.0203	2.479	11.58	4.3418	1.0
3	6735	2.6261	4.4735	2.2218	8.9424	4.4268	1.0
3	6740	1.3876	4.4735	1.9157	4.1786	10.1746	1.0
3	6745	2.1998	1.6751	1.9467	10.1392	9.4484	1.0
3	6750	1.5669	2.1113	2.2544	10.6854	8.6785	1.0
3	6755	2.6206	1.1543	2.8812	10.6854	5.1944	1.0
3	6760	3.7389	1.5385	2.9271	10.7895	2.0284	1.0
3	6765	3.9682	1.5385	2.0376	11.5339	1.8775	1.0
3	6770	1.8866	2.4585	3.0677	4.5391	4.3746	1.0
3	6775	3.4969	3.6881	3.3323	3.1734	2.5249	1.0
3	6780	1.8883	3.4038	4.0513	5.7059	4.2079	1.0
3	6785	1.2043	1.9285	3.165	1.8485	1.3567	1.0
3	6790	2.6231	0.5254	3.2413	6.7083	1.4448	1.0
3	6795	0.6535	3.0168	2.5954	5.6009	1.1052	1.0
3	6800	1.1784	3.2594	4.8486	7.622	3.8033	1.0
3	6805	0.7207	3.2585	3.2422	9.293	11.4521	1.0
3	6810	1.3167	1.4926	3.0715	6.2617	3.7806	1.0
3	6815	1.7474	1.4926	3.0715	3.539	3.903	1.0
3	6820	2.8963	1.9273	2.1243	10.9494	9.0564	1.0
3	6825	1.9326	2.7111	2.348	5.7584	4.7116	1.0
3	6830	1.0363	3.6044	2.348	1.9052	0.9463	1.0
3	6835	0.9031	3.6044	2.3937	0.2688	1.2936	1.0
3	6840	1.7065	5.6699	2.0434	0.1994	8.3862	1.0
3	6845	2.0744	5.6699	3.4901	0.4258	0.3563	1.0
3	6850	0.4747	4.7085	2.7655	2.3989	0.4096	1.0
3	6855	2.0542	4.8142	1.7743	9.7503	1.3427	1.0
3	6860	1.0819	4.8115	2.8499	10.0645	1.5098	1.0
3	6865	2.4962	6.096	2.1609	1.7697	6.6659	1.0
3	6870	3.2946	3.5973	1.6598	0.4037	7.1841	1.0
3	6875	2.837	4.7908	1.7862	4.9535	6.0391	1.0
3	6880	3.7343	2.2007	1.8509	4.2831	6.2794	1.0
3	6885	3.104	2.2718	1.7113	8.7898	6.4385	1.0
3	6890	2.9571	2.1189	2.4375	8.0819	11.1824	1.0
3	6895	1.892	2.6988	2.1908	1.6011	5.6078	1.0
3	6900	1.5104	2.0673	2.5899	4.1172	1.6895	1.0
3	6905	1.9407	3.1802	3.6903	10.2918	11.6928	1.0
3	6910	0.772	2.2641	2.9328	7.3654	11.5408	1.0
3	6915	1.256	1.8547	2.8841	8.2912	5.4269	1.0
3	6920	2.3166	1.6416	2.9338	10.8157	5.4269	1.0
3	6925	1.4083	0.9629	4.3132	10.8157	3.9988	1.0
3	6930	1.1168	0.9868	3.4513	11.0822	8.6666	1.0
3	6935	2.2403	1.2495	3.8374	2.7967	11.9018	1.0
3	6940	4.1637	0.7302	3.8356	10.0835	3.2812	1.0
3	6945	2.7702	0.6253	3.9733	6.5436	1.5139	1.0
3	6950	2.6924	0.5021	3.5152	9.567	11.7476	1.0
3	6955	1.4574	1.0212	3.1616	5.905	11.2543	1.0
3	6960	2.4246	2.2853	3.9561	10.957	9.5439	1.0
3	6965	0.7042	0.8031	3.1698	7.0536	3.906	1.0
3	6970	1.1179	0.4038	5.3179	5.8333	5.6687	1.0
3	6975	1.0636	1.2858	3.1605	3.6339	11.1207	1.0
3	6980	1.4	1.8881	2.9269	5.5212	11.1207	1.0
3	6985	1.545	3.4515	1.8782	6.4751	7.2151	1.0
3	6990	1.7996	4.6192	2.0115	2.0851	6.9236	1.0
3	6995	1.2613	4.9011	1.8399	9.8834	5.3248	1.0
3	7000	1.1528	3.7743	2.7918	3.9	7.6303	1.0
3	7005	1.7573	5.4244	2.5997	2.721	0.1617	1.0
3	7010	1.8764	3.5708	2.4731	4.8385	0.1124	1.0
3	7015	1.8318	4.2275	4.9466	6.3193	0.1713	1.0
3	7020	4.7883	1.002	3.7075	2.1637	0.1859	1.0
3	7025	4.7883	0.5816	2.9349	1.4695	0.2591	1.0
3	7030	4.7228	1.3712	2.1204	8.921	4.6987	1.0
3	7035	4.7228	1.4197	2.5416	11.9777	5.25	1.0
3	7040	1.2674	0.3362	2.5416	11.9777	7.4524	1.0
3	7045	3.7954	0.354	2.3115	5.2811	9.3428	1.0
3	7050	2.5182	0.3937	3.3322	7.9851	0.4598	1.0
3	7055	1.5213	1.3204	3.365	10.2911	0.9437	1.0
3	7060	2.1509	1.4115	3.5179	3.5464	1.8508	1.0
3	7065	2.3015	1.4115	2.4476	10.3406	1.6648	1.0
3	7070	2.9053	1.0735	2.3979	4.8193	7.3653	1.0
3	7075	2.9053	1.2942	4.2429	3.144	6.4556	1.0
3	7080	2.6963	1.1551	3.0772	3.3125	4.1852	1.0
3	7085	1.5617	0.8417	3.4646	4.1802	1.8328	1.0
3	7090	3.4312	0.5618	3.507	8.5884	5.6222	1.0
3	7095	2.711	1.5295	2.575	2.6761	4.3965	1.0
3	7100	0.5967	1.6006	2.953	8.9999	11.6578	1.0
3	7105	1.1519	0.431	3.6896	4.1355	3.7345	1.0
3	7110	1.7868	1.1387	2.6026	3.8809	1.9612	1.0
3	7115	1.7868	1.5475	3.0644	5.68	7.0829	1.0
3	7120	1.855	2.4232	3.5858	6.8764	0.6007	1.0
3	7125	1.902	2.6581	3.3662	9.2852	0.6953	1.0
3	7130	1.4401	1.32	3.8107	9.2852	5.2793	1.0
3	7135	1.0394	1.8467	4.0713	7.8821	5.4149	1.0
3	7140	0.7169	2.1594	3.7791	8.6137	1.9169	1.0
3	7145	0.6046	2.9136	3.1524	6.7526	9.5657	1.0
3	7150	3.3083	4.7551	2.7508	7.9866	0.9247	1.0
3	7155	3.2042	7.8131	3.3423	7.2497	10.8558	1.0
3	7160	1.3914	2.6903	3.2169	2.212	10.8558	1.0
3	7165	0.9289	2.2456	3.2107	9.8073	10.8558	1.0
3	7170	1.0359	2.9142	2.9196	11.5785	9.0376	1.0
3	7175	2.6987	3.0136	2.7917	11.5785	11.2556	1.0
3	7180	1.4406	6.0296	2.9953	9.0085	11.2556	1.0
3	7185	1.0403	1.3756	3.4502	6.4464	11.2556	1.0
3	7190	1.6238	2.4689	2.3966	4.7781	7.8517	1.0
3	7195	2.2127	3.2247	1.9884	10.9716	9.9015	1.0
3	7200	1.0607	1.9614	2.142	5.9056	8.8769	1.0
3	7205	2.9918	2.2789	2.6437	0.6199	5.2044	1.0
3	7210	1.2995	1.6701	3.4622	0.6364	7.9325	1.0
3	7215	2.5509	1.6701	3.4622	4.7221	10.4981	1.0
3	7220	1.5239	1.1764	4.8541	6.5952	11.7812	1.0
3	7225	1.7799	1.4202	3.6863	10.8744	4.6707	1.0
3	7230	1.4601	4.829	3.9762	11.6758	0.8392	1.0
3	7235	2.1555	1.3678	3.4287	11.6758	1.7047	1.0
3	7240	2.3638	0.6459	3.5281	1.6396	1.9703	1.0
3	7245	1.1703	1.3247	4.9458	5.076	1.4458	1.0
3	7250	1.8088	1.0418	3.3659	5.8868	7.9707	1.0
3	7255	0.8223	0.9353	4.0306	6.6027	4.4625	1.0
3	7260	0.795	1.3753	3.6693	1.0398	4.5555	1.0
3	7265	3.2576	0.9394	3.3715	0.5912	6.6268	1.0
3	7270	1.2736	2.0686	3.3688	0.3004	8.5221	1.0
3	7275	1.1231	3.1333	3.0368	3.0173	0.678	1.0
3	7280	1.1944	3.1333	3.4476	6.5441	3.0737	1.0
3	7285	0.8125	1.9559	3.6591	11.9737	2.457	1.0
3	7290	0.9803	1.69	2.2773	8.098	6.453	1.0
3	7295	0.8479	2.7853	3.1912	0.8838	8.7515	1.0
3	7300	0.8704	1.2915	2.494	0.3433	9.7064	1.0
3	7305	1.2414	1.4038	3.3236	1.1237	9.6034	1.0
3	7310	1.8358	1.8988	3.3236	2.6245	7.6638	1.0
3	7315	0.8418	1.3403	4.2298	7.1524	4.3929	1.0
3	7320	0.5941	0.8375	4.1423	1.4615	8.6245	1.0
3	7325	0.9828	2.1957	4.1423	3.6259	5.9171	1.0
3	7330	1.2442	1.5967	3.3043	5.5506	1.8341	1.0
3	7335	1.7612	1.1442	2.8572	8.9942	6.3348	1.0
3	7340	2.5718	0.7168	2.5737	7.4297	9.1108	1.0
3	7345	2.6476	0.632	2.1469	7.4297	9.1108	1.0
3	7350	0.9372	0.8451	3.3664	5.0962	9.1108	1.0
3	7355	1.982	1.4899	2.6915	2.0943	2.3712	1.0
3	7360	1.48	3.2031	3.065	0.8766	1.9473	1.0
3	7365	2.9552	3.2031	2.6736	0.8853	5.974	1.0
3	7370	1.3308	5.9627	3.0376	7.0968	7.5829	1.0
3	7375	2.3136	4.365	2.5832	9.2827	4.7104	1.0
3	7380	1.808	8.7683	2.5832	7.8861	11.834	1.0
3	7385	1.6897	5.4824	2.4761	8.9588	7.4652	1.0
3	7390	1.8284	3.9302	2.829	6.305	7.935	1.0
3	7395	1.7386	2.0093	3.3182	9.0039	6.8798	1.0
3	7400	1.0154	1.4979	3.1675	11.7995	5.7619	1.0
3	7405	1.5936	0.643	2.8422	6.5243	5.6029	1.0
3	7410	2.5762	1.4627	2.9536	11.5642	6.858	1.0
3	7415	1.3509	3.1589	3.2048	11.5642	8.3307	1.0
3	7420	1.7817	3.6084	2.6225	11.7948	8.3307	1.0
3	7425	1.8299	4.1399	3.3215	6.6197	3.8546	1.0
3	7430	2.828	6.3845	2.6706	8.7836	8.3256	1.0
3	7435	1.3509	7.3342	3.1584	4.9863	5.9826	1.0
3	7440	1.5084	7.3342	3.0588	4.365	4.3853	1.0
3	7445	1.5025	7.8239	3.0925	10.5282	2.0926	1.0
3	7450	2.1122	8.4932	1.6997	8.2868	11.8586	1.0
3	7455	2.2806	3.7033	2.9523	9.9643	9.6459	1.0
3	7460	1.898	6.4316	3.0651	5.5975	6.4146	1.0
3	7465	2.3853	5.9139	3.2972	9.252	5.7485	1.0
3	7470	1.1996	3.108	3.2972	9.252	6.4391	1.0
3	7475	1.5778	1.1677	3.2725	6.2108	4.6066	1.0
3	7480	1.4451	2.3777	3.4111	3.6085	10.2391	1.0
3	7485	1.5456	2.296	3.9117	1.6123	4.5565	1.0
3	7490	1.5499	2.0615	3.9117	1.2921	3.2046	1.0
3	7495	1.5499	3.0783	2.9431	1.4884	9.4608	1.0
3	7500	1.5344	2.4377	3.2542	3.7264	7.8473	1.0
3	7505	2.1122	1.3577	2.5928	1.8144	9.4538	1.0
3	7510	1.4761	1.6046	3.0399	7.5579	2.8264	1.0
3	7515	0.816	2.4225	2.5295	6.2504	4.9309	1.0
3	7520	1.6741	1.758	2.1473	7.9545	10.6795	1.0
3	7525	2.9591	2.9134	2.1473	7.0565	4.375	1.0
3	7530	2.2289	2.2057	2.916	2.3771	3.0507	1.0
3	7535	1.9882	1.4682	2.6983	7.5885	6.8383	1.0
3	7540	2.6198	1.7427	3.1157	7.602	3.29	1.0
3	7545	1.1993	2.0957	3.1157	11.405	1.3492	1.0
3	7550	1.7583	2.0957	3.1157	6.1095	2.4488	1.0
3	7555	1.5668	1.254	2.7165	11.9738	2.4811	1.0
3	7560	2.3218	1.0966	2.9173	10.4223	6.3998	1.0
3	7565	2.4943	1.7	2.9173	5.0073	7.7412	1.0
3	7570	1.015	0.8304	4.4632	5.1761	6.7426	1.0
3	7575	3.1672	0.4448	3.9099	10.6082	3.7753	1.0
3	7580	1.592	0.8853	3.1466	2.5071	9.0759	1.0
3	7585	2.55	0.7901	1.9616	5.2326	11.9407	1.0
3	7590	2.5474	1.0055	1.8293	3.8738	3.4703	1.0
3	7595	2.676	2.552	1.7585	2.4706	3.1981	1.0
3	7600	2.0931	2.8797	2.4044	6.5302	4.4558	1.0
3	7605	0.8591	3.8361	2.5161	3.0664	0.8417	1.0
3	7610	1.1959	6.4397	3.1371	4.6415	0.5259	1.0
3	7615	1.5518	4.4801	2.5502	7.2894	0.1061	1.0
3	7620	2.3839	9.3531	4.1358	9.5894	0.1942	1.0
3	7625	0.7512	7.9191	4.2661	9.5894	0.1625	1.0
3	7630	2.4695	3.431	4.5743	6.6806	0.1626	1.0
3	7635	3.3404	1.0816	4.7267	4.0629	2.2847	1.0
3	7640	2.0497	1.9317	4.0239	4.0629	1.9612	1.0
3	7645	1.6331	1.6471	3.967	0.4825	4.8901	1.0
3	7650	1.8303	1.3681	2.8669	0.8572	2.2376	1.0
3	7655	1.7017	0.5821	2.5843	3.1272	10.3414	1.0
3	7660	1.8541	1.7356	2.5582	2.8649	10.0993	1.0
3	7665	1.5993	1.7968	3.0669	10.4115	5.2465	1.0
3	7670	1.2794	2.653	2.5989	8.036	10.8771	1.0
3	7675	1.2428	0.5779	3.7044	8.036	9.0007	1.0
3	7680	2.5005	0.6108	3.0343	3.3333	9.0007	1.0
3	7685	1.8418	1.0189	2.7524	0.9241	7.1743	1.0
3	7690	2.2944	3.3511	2.9661	0.8685	2.0496	1.0
3	7695	1.1433	8.3481	2.5426	0.7568	2.7887	1.0
3	7700	1.5883	8.925	2.5051	0.6326	9.4237	1.0
3	7705	2.2258	9.521	2.9181	4.1123	8.1848	1.0
3	7710	1.5182	8.2825	2.6155	3.8763	5.9417	1.0
3	7715	1.1766	9.4045	2.6624	1.1003	3.0771	1.0
3	7720	1.2325	8.1024	2.578	6.4675	10.6673	1.0
3	7725	0.581	6.3069	2.2598	6.345	3.5073	1.0
3	7730	0.848	4.75	3.1449	5.3814	2.1362	1.0
3	7735	1.3747	3.0143	3.7485	5.122	3.9905	1.0
3	7740	1.0976	3.2453	3.0261	9.3327	1.9096	1.0
3	7745	1.7259	2.1631	2.1822	9.4714	1.2653	1.0
3	7750	1.4969	3.1754	2.3036	8.9141	3.1865	1.0
3	7755	1.5086	6.9934	2.2881	4.0588	2.7911	1.0
3	7760	1.74	7.5037	2.2881	0.9716	1.926	1.0
3	7765	0.6576	6.7616	2.2881	3.0534	0.2803	1.0
3	7770	0.6862	6.8738	2.5777	4.5879	2.7216	1.0
3	7775	1.8457	1.741	3.097	1.6337	3.6036	1.0
3	7780	1.2279	1.4574	2.4217	3.8511	9.2222	1.0
3	7785	2.3299	1.9511	2.7393	10.2755	7.272	1.0
3	7790	2.453	2.141	4.1066	11.8348	1.0619	1.0
3	7795	2.706	1.333	3.5043	10.1736	0.5923	1.0
3	7800	2.0079	0.6801	2.9863	9.9864	3.8719	1.0
3	7805	1.4223	1.0607	3.4823	5.3742	8.5892	1.0
3	7810	1.2556	0.8143	3.9296	8.0113	8.5892	1.0
3	7815	2.0973	0.6679	4.0362	3.4661	1.5101	1.0
3	7820	3.1422	0.3112	3.4493	0.9138	1.1595	1.0
3	7825	3.1422	1.5079	2.8377	0.3311	0.4505	1.0
3	7830	2.0621	2.4532	2.5524	0.1905	4.7883	1.0
3	7835	2.6164	2.6974	2.0808	3.5587	5.8042	1.0
3	7840	0.9275	0.4427	3.2192	7.7545	11.6625	1.0
3	7845	1.3217	0.4157	3.457	8.2917	11.574	1.0
3	7850	1.3217	0.2106	3.252	9.6677	11.8458	1.0
3	7855	1.0537	0.7915	3.8563	3.8681	5.6127	1.0
3	7860	1.5248	1.2315	3.8316	1.4638	2.9782	1.0
3	7865	2.3059	1.1495	2.9595	1.0072	8.4735	1.0
3	7870	0.8793	2.7964	2.6622	3.4322	4.2071	1.0
3	7875	0.5954	1.3825	2.8688	5.0024	3.1018	1.0
3	7880	2.0779	0.4716	2.9501	3.9444	0.8327	1.0
3	7885	1.5516	0.9241	2.7047	6.5752	2.4371	1.0
3	7890	4.0233	1.5465	2.1467	1.0703	4.322	1.0
3	7895	4.0233	1.5465	1.4159	4.1806	11.9509	1.0
3	7900	4.5412	0.5594	2.3651	4.2849	7.1912	1.0
3	7905	4.5412	0.3639	1.8564	8.4118	9.2697	1.0
3	7910	2.3364	0.3872	2.8809	5.3085	3.6176	1.0
3	7915	2.3364	1.189	3.9559	2.8041	2.9869	1.0
3	7920	1.8762	0.9632	3.9954	2.145	7.3316	1.0
3	7925	1.8762	1.5953	3.8433	1.5965	7.0559	1.0
3	7930	1.341	2.9008	4.4032	1.9998	3.5027	1.0
3	7935	2.0877	0.7885	3.1422	8.6758	5.6218	1.0
3	7940	1.4898	0.6479	2.7853	11.0491	7.7151	1.0
3	7945	1.5537	0.9046	4.8346	11.1783	1.3522	1.0
3	7950	1.4162	1.2325	4.1548	11.1783	8.0735	1.0
3	7955	1.4107	1.514	5.3974	9.685	6.2355	1.0
3	7960	1.0174	1.2999	3.0026	9.0947	3.4561	1.0
3	7965	1.7771	2.0593	3.0026	3.7625	10.2951	1.0
3	7970	1.4799	0.6747	3.4244	7.8844	4.1756	1.0
3	7975	1.3993	1.4334	3.638	11.1324	7.8867	1.0
3	7980	0.3302	1.3411	3.638	1.3326	6.8331	1.0
3	7985	2.7426	1.464	3.5551	6.8557	11.9993	1.0
3	7990	0.8446	5.0035	4.2051	7.6975	11.1418	1.0
3	7995	1.2683	3.838	2.8915	1.3212	6.9111	1.0
3	8000	1.3474	3.4395	3.075	5.0116	4.1	1.0
3	8005	2.6088	3.5782	2.7746	0.1858	5.6496	1.0
3	8010	2.6891	3.3819	2.4004	0.2325	5.4325	1.0
3	8015	1.8081	3.7756	2.795	0.7686	4.4698	1.0
3	8020	1.0705	3.7756	2.4748	0.9271	8.3733	1.0
3	8025	2.027	2.0304	2.374	5.632	7.4278	1.0
3	8030	2.9604	0.834	2.5672	2.4839	2.0723	1.0
3	8035	2.9604	1.864	2.7673	3.0164	2.5718	1.0
3	8040	1.6405	0.8255	3.7072	2.3218	4.3694	1.0
3	8045	1.6786	1.1267	3.8411	4.075	4.3497	1.0
3	8050	1.527	2.9185	1.8705	8.1369	2.8281	1.0
3	8055	0.8228	3.3643	1.8852	3.9158	6.5731	1.0
3	8060	0.6858	4.6827	2.7201	11.6653	6.6199	1.0
3	8065	1.0626	8.2575	2.6054	6.2006	0.3085	1.0
3	8070	0.7215	7.448	3.0688	9.3451	7.2038	1.0
3	8075	2.9298	5.4382	2.6502	5.7171	9.2981	1.0
3	8080	1.8535	4.0958	3.5683	7.1442	9.0341	1.0
3	8085	1.7789	2.2924	3.1151	8.1407	11.4699	1.0
3	8090	1.0823	1.9044	3.0901	8.6795	10.2723	1.0
3	8095	2.2536	1.5578	2.7276	6.194	8.9437	1.0
3	8100	1.7288	2.3833	2.2198	8.6272	8.9463	1.0
3	8105	1.1682	1.6531	3.0791	2.5337	5.9152	1.0
3	8110	2.3907	1.5003	3.0791	8.3798	11.1325	1.0
3	8115	2.1604	2.0693	2.1921	4.8517	11.266	1.0
3	8120	1.3496	1.1116	3.001	4.6006	4.1758	1.0
3	8125	1.7555	1.0192	4.7898	6.5105	5.0827	1.0
3	8130	2.0745	0.7023	3.6554	3.9766	2.9242	1.0
3	8135	1.8411	1.5006	3.6068	0.6313	9.4294	1.0
3	8140	1.3584	1.7218	3.157	0.4705	11.9656	1.0
3	8145	1.9192	2.6465	3.1477	11.7795	11.9656	1.0
3	8150	1.2806	2.0271	3.1692	4.5175	1.435	1.0
3	8155	1.2806	1.3797	5.7058	6.4485	3.3247	1.0
3	8160	1.0377	1.8475	3.4489	10.3237	4.858	1.0
3	8165	0.8305	5.8179	4.1104	9.3247	3.9759	1.0
3	8170	1.5113	5.8179	4.1104	9.7981	5.127	1.0
3	8175	1.8668	5.9939	3.0801	6.5045	6.1156	1.0
3	8180	0.6931	6.6419	3.0801	9.3747	2.9581	1.0
3	8185	0.7266	5.5786	5.3801	1.4771	4.2457	1.0
3	8190	0.7266	5.8146	3.6981	6.7802	8.3083	1.0
3	8195	0.8272	6.5304	2.6901	7.1422	4.8704	1.0
3	8200	3.2814	7.2063	2.4218	4.3357	4.5194	1.0
3	8205	0.7747	3.7393	2.4887	3.2393	8.3745	1.0
3	8210	1.4583	6.7211	2.7466	0.7633	7.8074	1.0
3	8215	1.5863	6.3922	2.1775	5.4256	10.3732	1.0
3	8220	0.9242	4.8368	1.8659	9.1194	10.3732	1.0
3	8225	2.0606	9.5237	2.8501	2.5081	9.9794	1.0
3	8230	0.7349	3.8675	3.8293	8.4592	10.3808	1.0
3	8235	1.481	1.5046	3.4397	8.503	3.9349	1.0
3	8240	1.481	1.37	2.8015	1.2847	0.8762	1.0
3	8245	1.3756	1.2069	2.5956	9.1539	6.0292	1.0
3	8250	0.756	2.7696	2.5956	10.941	2.17	1.0
3	8255	0.6944	2.7984	2.8551	10.941	4.866	1.0
3	8260	1.0594	5.6906	3.8572	10.9857	1.5673	1.0
3	8265	1.4548	5.6906	2.8894	5.3341	1.6197	1.0
3	8270	0.8441	2.5311	1.9682	5.5499	2.7302	1.0
3	8275	1.3985	1.8483	2.1998	2.3907	4.2067	1.0
3	8280	1.3745	2.8595	3.5809	0.5871	11.5313	1.0
3	8285	1.0758	2.8595	2.9733	4.6534	11.5313	1.0
3	8290	0.9663	4.1764	2.0162	0.2816	11.5385	1.0
3	8295	1.463	5.5495	2.5267	0.2728	4.7729	1.0
3	8300	2.0603	5.8625	2.8189	1.1285	3.6877	1.0
3	8305	0.8101	3.6561	3.101	0.1786	7.6033	1.0
3	8310	1.134	3.6561	3.1592	0.5242	3.6567	1.0
3	8315	0.8628	6.4862	2.9016	3.2606	0.3389	1.0
3	8320	2.2121	1.4556	3.8171	5.3399	0.789	1.0
3	8325	2.1065	5.6096	3.3383	2.23	1.3317	1.0
3	8330	1.7327	6.8086	3.3183	0.3639	3.2981	1.0
3	8335	0.8544	6.8086	2.6985	1.8319	1.3924	1.0
3	8340	0.7939	4.4323	3.1843	3.66	11.5835	1.0
3	8345	2.5559	4.4323	1.9162	6.7303	11.9689	1.0
3	8350	2.1007	4.4323	1.4022	3.2982	10.5684	1.0
3	8355	2.4846	3.2875	2.7514	9.4429	3.5029	1.0
3	8360	1.3138	8.0404	2.3318	4.653	3.3738	1.0
3	8365	2.1488	8.5809	3.3199	7.9134	11.84	1.0
3	8370	0.8809	3.8418	3.1591	11.9468	11.3212	1.0
3	8375	0.3676	1.669	3.512	11.9468	11.4194	1.0
3	8380	1.2592	1.1758	3.2268	3.5561	3.6891	1.0
3	8385	1.9152	1.1758	3.8901	1.7831	3.8312	1.0
3	8390	3.8033	0.6388	3.8409	2.4961	4.6714	1.0
3	8395	3.8033	0.4422	4.4458	6.4809	1.4942	1.0
3	8400	3.8033	0.4359	3.0209	10.0195	6.6384	1.0
3	8405	3.8033	1.3817	2.6928	3.063	6.8274	1.0
3	8410	1.2239	1.6578	2.2086	11.7232	5.7211	1.0
3	8415	1.6526	1.2976	2.9672	9.3334	3.0656	1.0
3	8420	2.2834	2.1574	2.9167	5.864	2.2989	1.0
3	8425	2.0306	1.8908	2.191	6.3522	4.7667	1.0
3	8430	1.3564	0.7407	3.5524	3.2394	4.7667	1.0
3	8435	1.8075	1.6879	2.7735	7.5987	6.6045	1.0
3	8440	2.7556	2.3205	2.7551	10.5449	4.8166	1.0
3	8445	1.7728	0.3973	3.1725	4.9495	1.9431	1.0
3	8450	1.4006	0.4113	3.8371	8.6189	10.3464	1.0
3	8455	1.7672	0.7387	3.0933	5.4162	8.8645	1.0
3	8460	1.9647	0.7352	3.071	10.5956	7.9032	1.0
3	8465	1.0827	2.0602	3.1399	5.8773	7.9032	1.0
3	8470	0.9473	1.9785	4.4992	11.7261	10.395	1.0
3	8475	1.9497	2.782	2.0232	1.3329	10.395	1.0
3	8480	3.5072	1.2812	2.909	8.6886	3.8922	1.0
3	8485	1.3523	0.9521	3.9051	2.3089	1.4299	1.0
3	8490	4.2216	2.1321	4.5085	3.335	0.2539	1.0
3	8495	2.0652	1.1153	2.6602	5.4977	5.5767	1.0
3	8500	0.5708	2.1932	3.7948	10.5363	8.5177	1.0
3	8505	0.5821	0.1584	3.4347	11.0641	11.3544	1.0
3	8510	0.8036	1.3424	3.4347	8.1222	11.3544	1.0
3	8515	2.2819	5.944	3.9424	4.8015	7.3278	1.0
3	8520	1.0365	3.4625	3.8159	2.1337	9.5025	1.0
3	8525	1.3147	5.6104	2.9011	2.3052	5.2269	1.0
3	8530	1.3512	4.8613	3.4436	7.106	6.0958	1.0
3	8535	0.999	2.3646	3.2836	4.6007	10.0945	1.0
3	8540	1.2102	1.7089	4.3259	8.4204	11.2008	1.0
3	8545	0.8287	2.8352	3.2234	6.5351	8.0844	1.0
3	8550	0.7579	2.121	3.2045	6.5351	8.2723	1.0
3	8555	2.277	1.506	3.1184	4.9226	5.7496	1.0
3	8560	2.277	1.1163	3.7965	10.9563	10.2683	1.0
3	8565	1.3267	0.5145	3.4411	7.2617	10.4255	1.0
3	8570	1.3267	1.0528	2.9879	5.3278	7.8682	1.0
3	8575	1.6703	2.2865	3.3527	3.5292	4.128	1.0
3	8580	2.0422	1.7015	3.4491	10.361	4.017	1.0
3	8585	2.431	1.7223	3.4491	9.4952	7.2598	1.0
3	8590	2.0076	1.0881	2.1089	9.0965	11.9144	1.0
3	8595	1.3091	0.3056	3.3209	9.0965	11.9144	1.0
3	8600	1.2205	0.7675	4.0659	11.7803	11.3325	1.0
3	8605	1.3305	1.1741	3.1904	11.7803	7.2787	1.0
3	8610	1.7233	1.7527	3.0419	8.858	4.0995	1.0
3	8615	1.462	2.7416	2.0372	11.4589	7.663	1.0
3	8620	1.9828	1.7457	3.1721	8.7557	6.185	1.0
3	8625	2.2882	1.7887	3.0087	4.9537	11.0813	1.0
3	8630	1.131	2.6968	2.0366	1.6985	11.0813	1.0
3	8635	1.026	2.1695	1.8609	7.2687	0.9868	1.0
3	8640	1.2522	2.51	3.3772	10.4382	0.4066	1.0
3	8645	1.3671	3.2753	2.494	5.792	4.6445	1.0
3	8650	1.0297	1.5719	2.7575	4.3742	7.5268	1.0
3	8655	2.2902	0.254	4.3102	6.6608	10.4488	1.0
3	8660	2.0404	1.0643	4.1601	6.6608	2.0701	1.0
3	8665	1.6629	0.3834	3.1426	11.0944	8.0729	1.0
3	8670	2.9051	1.9524	1.9704	11.0944	11.5615	1.0
3	8675	2.9051	1.2355	2.535	5.6178	10.447	1.0
3	8680	2.4723	1.4252	2.4847	3.5923	4.0915	1.0
3	8685	0.8283	1.0322	5.302	9.2944	8.8605	1.0
3	8690	1.1596	0.6593	5.2066	11.1247	10.52	1.0
3	8695	1.1663	0.4498	4.1572	2.4562	2.3856	1.0
3	8700	2.8787	1.2937	4.6637	2.4223	4.0273	1.0
3	8705	2.2129	0.9229	4.0906	5.0683	0.5405	1.0
3	8710	1.046	2.0561	3.1865	5.4262	4.0507	1.0
3	8715	1.6671	1.7769	1.8802	11.7058	7.7048	1.0
3	8720	0.5675	0.9973	3.7638	3.9397	9.5639	1.0
3	8725	2.9528	0.8431	3.6564	8.7423	1.4419	1.0
3	8730	2.6335	0.5989	2.4581	10.9746	4.838	1.0
3	8735	3.0038	0.342	3.1083	11.8297	1.1835	1.0
3	8740	2.9929	3.7626	3.2333	7.9414	0.4974	1.0
3	8745	0.9739	4.6987	3.5248	4.3957	7.2138	1.0
3	8750	1.4881	3.1372	3.4367	3.9077	10.0976	1.0
3	8755	1.9662	7.3631	2.6886	3.6751	0.9963	1.0
3	8760	1.6465	3.1347	2.5215	5.9648	1.747	1.0
3	8765	0.9182	2.8387	5.4587	7.1238	2.6756	1.0
3	8770	2.5807	1.3536	5.0749	7.0886	11.2848	1.0
3	8775	2.9241	1.4873	5.0938	10.7241	10.252	1.0
3	8780	1.1577	2.2933	3.96	5.5258	9.7232	1.0
3	8785	1.2437	3.5539	2.4629	7.7113	3.1064	1.0
3	8790	2.1032	4.2841	2.1778	2.4187	7.1065	1.0
3	8795	1.0173	2.335	4.0721	0.7869	7.5203	1.0
3	8800	2.0191	2.0452	2.6692	3.8517	10.723	1.0
3	8805	2.5513	2.0067	2.4937	5.267	5.8273	1.0
3	8810	1.9416	2.7939	2.3772	4.4751	6.3813	1.0
3	8815	1.9416	3.3241	1.6541	6.5007	3.3859	1.0
3	8820	1.0925	1.923	4.9435	9.1152	8.0517	1.0
3	8825	1.1764	2.1647	2.6468	8.4562	8.0517	1.0
3	8830	1.1533	2.1647	2.6468	4.8678	2.4691	1.0
3	8835	2.1505	3.8106	2.7955	4.8678	1.6211	1.0
3	8840	1.9921	3.4091	4.3444	6.4906	4.4973	1.0
3	8845	1.2882	3.1505	3.4023	3.4421	11.8583	1.0
3	8850	1.2736	2.5539	3.4943	4.9907	11.4476	1.0
3	8855	1.1709	1.7155	4.3652	2.9307	4.3118	1.0
3	8860	1.6257	0.664	2.3765	8.4547	10.7691	1.0
3	8865	0.941	0.6043	4.3367	6.9832	8.4497	1.0
3	8870	1.0076	0.9447	4.3367	7.6826	8.4497	1.0
3	8875	1.8859	0.651	2.4486	9.6708	7.876	1.0
3	8880	3.1311	2.0936	2.5646	0.8117	7.876	1.0
3	8885	2.2443	2.0936	2.0588	1.6481	0.6028	1.0
3	8890	2.7657	2.2842	2.8925	4.4431	2.5542	1.0
3	8895	2.7357	1.7515	3.4085	7.404	7.9942	1.0
3	8900	3.6771	1.1991	2.9144	1.3935	1.3183	1.0
3	8905	3.6771	0.6916	2.2383	5.4402	10.2714	1.0
3	8910	1.2846	0.4703	4.4423	4.8576	8.728	1.0
3	8915	1.6442	1.3399	5.6278	7.9442	9.7475	1.0
3	8920	1.4847	3.0412	4.2007	5.8015	5.1715	1.0
3	8925	1.28	2.6869	3.9347	3.3935	10.1474	1.0
3	8930	2.381	2.0707	2.2389	0.1449	5.5854	1.0
3	8935	1.1699	5.4787	1.9733	3.8858	9.5193	1.0
3	8940	3.0086	5.4787	3.3824	3.1791	4.7043	1.0
3	8945	0.903	2.5651	2.5355	6.548	4.1401	1.0
3	8950	1.5368	2.7084	2.4857	9.0657	3.0227	1.0
3	8955	1.3804	2.6618	3.7443	8.7166	4.2881	1.0
3	8960	1.9711	2.01	3.1984	4.5574	7.0064	1.0
3	8965	1.398	0.4282	4.3077	7.0897	3.151	1.0
3	8970	4.1507	1.4606	3.4308	5.1322	1.5794	1.0
3	8975	1.2228	0.8949	3.9677	5.249	0.6843	1.0
3	8980	1.9916	1.726	3.4298	2.0948	0.7076	1.0
3	8985	4.0265	3.1199	3.1588	11.6902	0.1309	1.0
3	8990	3.32	0.7454	3.885	9.3206	2.9542	1.0
3	8995	2.2023	2.7006	4.4287	5.3123	3.5931	1.0
3	9000	1.3202	0.7478	3.452	10.5919	7.8675	1.0
3	9005	1.9342	0.8945	3.1694	9.8603	7.4893	1.0
3	9010	0.8735	0.8039	3.5724	11.194	6.0165	1.0
3	9015	1.5848	0.2489	3.5429	9.4087	7.8918	1.0
3	9020	1.5398	0.6306	3.1635	9.4087	11.7288	1.0
3	9025	1.536	0.4705	2.7182	7.9324	8.9562	1.0
3	9030	2.1421	0.3958	2.5032	10.312	2.8573	1.0
3	9035	1.4367	0.5876	2.1321	8.2933	9.3815	1.0
3	9040	1.4998	0.8241	2.5681	1.9711	7.0998	1.0
3	9045	1.9558	0.6802	2.6757	10.9749	10.5869	1.0
3	9050	1.5914	1.1369	3.3393	9.529	10.5869	1.0
3	9055	1.0364	1.0683	3.7753	10.1408	11.4268	1.0
3	9060	1.1867	0.876	3.568	7.0152	4.363	1.0
3	9065	1.1025	1.7173	2.7248	9.2301	4.0745	1.0
3	9070	0.3892	1.5309	3.8891	9.2301	4.888	1.0
3	9075	1.6683	1.0068	2.8785	10.8535	1.6215	1.0
3	9080	2.7899	0.9926	2.7872	4.9364	6.8683	1.0
3	9085	1.3806	0.775	2.4691	2.8067	5.2513	1.0
3	9090	1.6066	0.9786	3.3765	3.3918	1.0046	1.0
3	9095	0.9495	2.1026	3.8163	8.9466	1.7065	1.0
3	9100	2.2157	3.7897	3.3685	10.4533	8.1338	1.0
3	9105	2.8693	9.8825	2.6418	7.3268	11.731	1.0
3	9110	1.9234	2.0005	3.1093	6.7281	10.9739	1.0
3	9115	1.7827	2.8085	3.1093	7.1436	10.0476	1.0
3	9120	0.9226	2.9077	2.9765	9.8995	7.228	1.0
3	9125	1.7758	5.3766	2.4351	8.247	7.3718	1.0
3	9130	2.3586	5.1935	2.1262	7.8451	11.9375	1.0
3	9135	2.0188	6.3675	1.6658	10.8063	8.9818	1.0
3	9140	2.3338	1.3435	2.4869	5.471	4.6781	1.0
3	9145	1.219	1.2853	2.8141	3.1203	8.2493	1.0
3	9150	2.3197	1.0144	2.8447	5.1111	8.625	1.0
3	9155	3.7562	1.1598	2.9693	9.6353	9.4032	1.0
3	9160	1.267	1.7517	2.9593	7.4408	8.343	1.0
3	9165	2.0677	1.5444	4.0101	6.6804	4.2291	1.0
3	9170	1.9463	1.5444	3.1449	9.0579	8.6089	1.0
3	9175	1.8064	0.6073	2.8818	3.6969	3.7688	1.0
3	9180	2.3915	1.0795	4.3746	8.65	10.8208	1.0
3	9185	2.0348	1.1414	2.4926	8.7269	0.6315	1.0
3	9190	2.1994	1.2705	4.3878	6.03	2.3178	1.0
3	9195	3.007	1.5733	4.3996	5.0653	2.9389	1.0
3	9200	1.2133	1.7377	4.3387	5.3147	10.7711	1.0
3	9205	0.8878	2.436	2.9341	5.3147	7.1651	1.0
3	9210	1.7774	3.3565	3.4165	1.6598	4.7133	1.0
3	9215	1.8121	3.0255	3.1638	11.8317	5.6286	1.0
3	9220	1.8538	1.3191	4.861	5.2435	4.1995	1.0
3	9225	1.1542	1.154	3.5407	10.7998	2.2263	1.0
3	9230	2.0067	0.8044	3.2615	4.4244	4.6134	1.0
3	9235	2.7181	0.3799	2.8102	7.3404	7.2114	1.0
3	9240	2.3775	1.5986	5.538	4.1471	2.8835	1.0
3	9245	1.8506	1.5986	2.4547	2.1914	3.3444	1.0
3	9250	1.9248	1.2521	2.6725	1.1229	5.1411	1.0
3	9255	1.8625	1.3874	4.6465	7.0218	2.0097	1.0
3	9260	0.8889	2.3201	3.1292	9.3805	2.9873	1.0
3	9265	1.3232	1.5793	3.1222	7.218	11.0107	1.0
3	9270	1.7975	1.3861	2.4005	2.2218	10.4744	1.0
3	9275	1.7975	1.6867	2.6283	4.373	10.3835	1.0
3	9280	1.7487	1.6346	2.966	8.1799	10.3835	1.0
3	9285	1.5038	1.0909	3.2302	7.2417	10.2739	1.0
3	9290	1.5944	2.71	2.6095	1.5993	10.2739	1.0
3	9295	2.8629	3.0965	2.087	2.1864	8.2292	1.0
3	9300	2.8629	1.9811	2.2866	4.1112	9.3856	1.0
3	9305	3.1106	4.0683	2.215	11.2532	9.5403	1.0
3	9310	1.8474	3.7266	2.1661	5.4576	9.5403	1.0
3	9315	1.2772	3.5663	2.325	5.9428	4.2219	1.0
3	9320	1.7078	3.5663	2.7461	2.6623	10.4227	1.0
3	9325	1.1178	4.5346	3.0599	6.9492	5.1724	1.0
3	9330	1.9318	5.4061	2.9868	3.9829	1.4429	1.0
3	9335	2.2449	6.1648	1.9787	0.339	2.8067	1.0
3	9340	2.2397	7.6054	2.1618	4.1636	4.1527	1.0
3	9345	0.9668	7.0396	2.1618	6.1874	5.0487	1.0
3	9350	1.6938	7.2013	2.5527	3.7257	4.7816	1.0
3	9355	2.9478	6.3913	2.5527	4.6388	4.8185	1.0
3	9360	1.1705	5.6475	2.5063	5.8491	1.384	1.0
3	9365	1.2294	3.6017	3.7036	3.2773	3.8444	1.0
3	9370	1.4853	3.9871	2.4852	10.4733	7.2037	1.0
3	9375	2.1828	3.542	2.5275	10.4934	10.1649	1.0
3	9380	1.4793	2.44	3.0546	9.3772	2.9624	1.0
3	9385	1.3707	1.8338	3.2703	1.3667	4.5565	1.0
3	9390	3.2723	0.3743	3.4025	5.8036	4.3831	1.0
3	9395	3.1667	0.6817	3.1248	1.7737	1.9538	1.0
3	9400	1.8386	2.3425	3.3463	4.5626	7.6187	1.0
3	9405	1.3382	6.031	2.6919	9.011	11.0541	1.0
3	9410	1.0145	6.031	3.2819	1.1929	8.4852	1.0
3	9415	1.3893	6.031	1.8586	1.8897	3.4951	1.0
3	9420	1.2129	6.031	3.1634	3.7954	2.1004	1.0
3	9425	0.5364	6.031	2.2607	1.598	9.5875	1.0
3	9430	0.6995	3.8231	2.3594	5.8211	2.2075	1.0
3	9435	1.0836	3.2015	2.6503	1.2286	3.5272	1.0
3	9440	1.2839	3.6372	2.6214	3.7741	4.018	1.0
3	9445	1.6025	2.808	2.6642	5.5712	4.5737	1.0
3	9450	1.1733	2.3345	3.4932	5.6076	3.8408	1.0
3	9455	1.5422	1.1659	3.7134	9.1313	2.863	1.0
3	9460	1.9345	0.9196	4.1974	10.4392	1.4936	1.0
3	9465	3.5686	2.2456	3.1372	9.3139	2.3771	1.0
3	9470	1.77	0.6879	2.702	9.1752	5.0355	1.0
3	9475	2.9706	0.4349	4.719	5.4864	3.3162	1.0
3	9480	2.4053	1.3168	4.044	5.7906	5.6735	1.0
3	9485	2.4053	1.0719	4.0107	10.0056	6.0065	1.0
3	9490	1.6003	0.4727	3.3933	10.0056	10.5305	1.0
3	9495	0.479	1.3871	3.6743	6.0373	7.1457	1.0
3	9500	1.2223	0.5933	4.4904	8.7912	10.5757	1.0
3	9505	1.2422	0.5009	3.2579	4.9072	4.6891	1.0
3	9510	3.79	0.7832	3.8765	2.0623	2.7339	1.0
3	9515	3.79	1.2139	3.247	7.0588	8.2712	1.0
3	9520	2.9964	1.2139	3.8439	5.7296	2.492	1.0
3	9525	1.8452	1.2139	2.66	8.8145	6.0397	1.0
3	9530	3.2488	1.4911	2.7108	3.2677	2.9057	1.0
3	9535	0.9349	2.4804	3.328	3.8189	5.6734	1.0
3	9540	1.4765	1.9043	3.6432	8.2977	2.5873	1.0
3	9545	1.59	2.3461	2.9795	10.0832	1.4276	1.0
3	9550	1.9872	0.446	3.4038	6.9952	3.7474	1.0
3	9555	1.4901	1.6885	4.0412	10.0144	1.6363	1.0
3	9560	1.8162	0.9916	2.7067	0.6765	8.4856	1.0
3	9565	2.8977	0.9916	1.7673	1.2045	9.666	1.0
3	9570	2.6802	1.3432	3.3056	6.8081	9.6547	1.0
3	9575	2.7778	1.019	2.9492	3.6341	4.1116	1.0
3	9580	2.0883	1.5576	2.5931	9.3254	9.8949	1.0
3	9585	4.5952	1.2351	2.1739	11.2018	9.8949	1.0
3	9590	3.2062	0.4806	4.1258	0.6978	10.269	1.0
3	9595	1.6391	0.8462	2.6674	2.7881	10.269	1.0
3	9600	1.9954	1.6874	3.7554	3.3024	9.4292	1.0
3	9605	2.3683	1.4911	2.7684	5.6403	5.3368	1.0
3	9610	1.2868	1.4256	2.2921	8.6965	11.8219	1.0
3	9615	1.3423	0.7378	4.3616	7.9136	11.8219	1.0
3	9620	2.0467	1.8381	3.2266	1.3924	6.1252	1.0
3	9625	2.2897	1.6176	2.5187	3.723	9.2084	1.0
3	9630	2.2897	2.0682	2.5857	4.0961	9.1371	1.0
3	9635	0.7457	2.811	2.9791	10.0461	11.2013	1.0
3	9640	1.3603	2.5652	3.1274	1.354	2.2046	1.0
3	9645	2.7445	1.799	2.1309	9.762	1.2367	1.0
3	9650	1.5519	2.7816	2.9595	11.2057	0.8344	1.0
3	9655	1.392	2.7432	3.2004	9.6918	9.029	1.0
3	9660	1.9588	1.9635	3.2004	7.5715	9.029	1.0
3	9665	1.9251	1.2759	2.4611	10.1039	3.6219	1.0
3	9670	0.9862	1.4076	3.4173	10.1426	10.7754	1.0
3	9675	1.7187	0.6972	3.0569	10.1426	2.791	1.0
3	9680	1.0775	2.1538	3.3654	3.3742	5.1976	1.0
3	9685	1.6104	2.2913	4.4798	2.8271	1.4979	1.0
3	9690	0.8969	4.4162	2.7951	1.4441	4.2533	1.0
3	9695	0.8144	2.2419	2.873	5.3578	5.6083	1.0
3	9700	1.1241	2.5216	2.2406	11.0695	11.3882	1.0
3	9705	1.9687	0.6723	2.5128	5.1225	10.7199	1.0
3	9710	1.1359	0.8564	4.0045	7.4211	10.1345	1.0
3	9715	2.0968	2.1385	1.7971	11.293	10.1345	1.0
3	9720	0.9469	0.7079	2.8971	4.3977	6.5956	1.0
3	9725	1.3324	1.0258	4.4822	4.5716	2.971	1.0
3	9730	2.8596	0.9073	3.2486	9.6087	0.3821	1.0
3	9735	3.2659	0.9387	4.1739	3.6021	3.0938	1.0
3	9740	1.9347	0.4044	3.6818	5.0083	4.9427	1.0
3	9745	1.3558	0.7027	2.7303	2.2587	11.5061	1.0
3	9750	0.5388	0.4385	3.9248	0.7224	8.1055	1.0
3	9755	2.4389	0.7111	4.2881	1.0492	8.1055	1.0
3	9760	3.8613	1.0794	3.2635	1.4419	6.5019	1.0
3	9765	1.0176	1.5263	3.7364	0.1957	1.0327	1.0
3	9770	1.867	2.7885	3.2171	6.7767	3.2435	1.0
3	9775	1.2548	4.6702	3.3429	10.3654	8.5884	1.0
3	9780	1.4465	3.467	2.6834	4.4775	3.2607	1.0
3	9785	0.7971	5.7216	3.5647	2.9206	2.6429	1.0
3	9790	1.3766	5.3327	3.3537	5.1	4.9115	1.0
3	9795	0.9774	4.035	3.3873	9.3755	4.9115	1.0
3	9800	1.374	7.3385	2.7596	10.2412	6.6286	1.0
3	9805	1.4021	6.87	2.5439	1.6123	4.0123	1.0
3	9810	2.2981	7.783	3.0199	11.2107	7.7582	1.0
3	9815	1.9164	9.4616	2.7781	8.2647	8.5709	1.0
3	9820	2.7654	8.6217	2.873	8.2647	7.0424	1.0
3	9825	1.479	4.3798	3.0885	7.2422	3.7013	1.0
3	9830	1.6504	1.571	2.7878	10.9027	5.646	1.0
3	9835	2.8598	1.8593	1.7721	4.8012	11.6114	1.0
3	9840	2.7725	1.6895	2.239	3.1667	11.6114	1.0
3	9845	0.9549	3.2886	2.239	3.4492	11.6114	1.0
3	9850	0.6195	2.2612	2.7475	0.6931	7.6319	1.0
3	9855	1.8571	1.4794	4.1356	2.7697	0.4749	1.0
3	9860	1.8226	2.4605	1.9991	0.526	4.5668	1.0
3	9865	2.3237	2.4605	1.7594	0.7837	9.732	1.0
3	9870	1.929	2.2133	1.9573	3.7103	9.732	1.0
3	9875	1.7671	2.0232	3.6275	2.184	8.498	1.0
3	9880	1.6455	2.6907	2.6393	0.4755	2.9362	1.0
3	9885	1.7923	3.1551	2.9295	0.213	4.1331	1.0
3	9890	0.8342	3.7886	2.9956	0.5035	5.6209	1.0
3	9895	1.4128	7.4055	2.6799	0.2382	0.6309	1.0
3	9900	0.4855	7.2754	3.486	3.7805	8.617	1.0
3	9905	1.0831	3.4157	3.2748	7.2787	1.9972	1.0
3	9910	1.1251	8.7436	2.5092	7.2787	9.8378	1.0
3	9915	1.0524	7.1126	3.5469	4.1837	7.7063	1.0
3	9920	1.005	2.5152	2.7942	1.0201	8.7885	1.0
3	9925	2.0388	2.1806	2.3057	9.4872	9.8071	1.0
3	9930	3.2196	0.5292	2.4861	10.9645	9.8071	1.0
3	9935	2.6744	0.2674	2.4861	10.9645	3.4955	1.0
3	9940	3.343	0.6921	2.4861	1.5353	8.5458	1.0
3	9945	3.7773	0.6304	1.189	0.6836	5.1406	1.0
3	9950	3.7957	1.9134	1.9631	0.4024	1.0554	1.0
3	9955	1.7906	4.0613	1.8131	10.1116	1.8981	1.0
3	9960	2.3619	1.4915	3.9213	10.1116	4.4693	1.0
3	9965	0.9623	1.2218	3.9213	10.1116	6.2562	1.0
3	9970	0.9016	1.2679	3.5286	10.1116	8.3707	1.0
3	9975	1.3326	1.4517	3.4778	11.8122	10.3165	1.0
3	9980	3.025	3.2493	2.7293	9.3716	0.57	1.0
3	9985	2.3447	1.5273	2.5207	3.2687	1.188	1.0
3	9990	2.4948	1.5537	2.7873	1.5094	0.4542	1.0
3	9995	2.007	2.0697	2.8705	1.7422	3.9095	1.0
3	10000	1.4936	2.0697	2.6288	0.2813	6.1202	1.0
3	10005	0.7865	2.852	2.6727	1.4211	9.1433	1.0
3	10010	2.042	2.5541	2.4791	11.3986	9.6337	1.0
3	10015	0.6867	0.4949	2.8213	4.0493	9.6337	1.0
3	10020	0.7577	0.9539	4.2253	2.2722	11.0567	1.0
3	10025	1.5712	1.9616	2.5988	0.2598	8.4886	1.0
3	10030	1.7571	3.1922	2.45	1.9284	6.652	1.0
3	10035	1.8061	3.9291	3.7037	1.8265	1.2712	1.0
3	10040	1.9771	2.8593	4.4436	9.1395	0.3487	1.0
3	10045	2.545	0.5496	4.7094	3.9624	1.6443	1.0
3	10050	2.2546	1.5204	2.8726	4.1309	3.6688	1.0
3	10055	2.2546	1.2632	3.7906	4.0742	7.2319	1.0
3	10060	2.6667	2.3477	3.3247	4.9605	8.8321	1.0
3	10065	1.8965	6.9209	3.0119	1.3273	10.8847	1.0
3	10070	4.2315	4.2196	2.2367	3.2514	11.7471	1.0
3	10075	3.021	2.1687	1.916	0.6666	5.3123	1.0
3	10080	2.8443	1.7089	2.0349	0.6821	5.3123	1.0
3	10085	1.5987	1.9029	2.076	0.4895	6.8218	1.0
3	10090	1.9418	1.9029	2.6673	2.1179	6.8001	1.0
3	10095	1.8488	2.0854	2.6815	0.4576	5.2344	1.0
3	10100	2.368	1.2673	3.5664	0.602	6.9003	1.0
3	10105	1.6152	1.8176	2.0684	1.7521	6.9003	1.0
3	10110	1.5819	1.4221	2.5062	0.2715	3.865	1.0
3	10115	0.9564	1.2657	2.2925	2.0056	6.097	1.0
3	10120	1.2045	0.6075	4.1429	5.514	6.4669	1.0
3	10125	1.4915	1.419	4.1429	7.1098	3.4141	1.0
3	10130	1.4452	0.335	4.1291	5.8016	2.4425	1.0
3	10135	1.2333	0.9782	3.5367	11.2281	7.3153	1.0
3	10140	1.3679	1.7522	4.2605	2.8597	7.0619	1.0
3	10145	1.4112	2.5411	2.7236	11.378	1.349	1.0
3	10150	2.568	4.5564	3.5802	9.1459	0.1763	1.0
3	10155	2.4255	8.1963	3.5698	10.6518	1.003	1.0
3	10160	3.5782	4.0079	2.8905	7.869	2.1776	1.0
3	10165	1.37	0.7397	3.9348	7.9038	2.0747	1.0
3	10170	3.1275	1.0889	4.1461	7.15	5.9404	1.0
3	10175	2.3971	0.5395	3.2665	6.463	8.7379	1.0
3	10180	1.0321	0.7643	3.9726	4.9114	6.0253	1.0
3	10185	1.1586	1.608	3.0869	3.4314	9.4398	1.0
3	10190	3.6452	0.6966	4.4253	4.887	1.9671	1.0
3	10195	2.5824	0.7377	2.9987	7.8471	4.4436	1.0
3	10200	3.4642	0.363	3.4791	3.4024	1.3368	1.0
3	10205	3.5963	0.6532	2.321	0.7294	10.1019	1.0
3	10210	1.061	0.6496	3.741	1.1967	1.3164	1.0
3	10215	1.898	0.5363	5.1362	0.3695	7.6596	1.0
3	10220	2.8366	1.0738	3.5433	0.3061	11.1976	1.0
3	10225	1.9754	2.1809	2.5241	9.8588	11.1976	1.0
3	10230	1.8331	2.6642	3.1687	4.4972	7.6888	1.0
3	10235	1.0471	2.9148	2.9272	7.1645	8.5964	1.0
3	10240	2.6966	4.4617	2.2044	4.6814	6.0725	1.0
3	10245	2.5844	3.4701	2.107	10.0005	7.4354	1.0
3	10250	1.2523	1.631	3.4255	5.139	6.491	1.0
3	10255	1.1228	2.3587	4.5527	5.7973	1.4721	1.0
3	10260	1.7381	2.3277	2.5573	7.1187	7.2666	1.0
3	10265	2.2181	2.7934	2.7242	3.3708	5.3729	1.0
3	10270	1.5597	3.3363	2.362	3.4189	4.8857	1.0
3	10275	1.5574	3.3363	2.8373	3.8057	7.3621	1.0
3	10280	0.558	1.2054	2.3584	2.8393	11.1642	1.0
3	10285	3.2977	1.0066	2.5899	7.9956	10.2667	1.0
3	10290	0.9244	1.2988	3.0828	4.7974	10.2667	1.0
3	10295	1.8212	2.4403	3.6731	2.4711	6.0082	1.0
3	10300	1.1411	4.6424	1.7415	1.9598	11.8387	1.0
3	10305	2.9737	4.5711	1.7177	2.9482	7.5118	1.0
3	10310	1.5097	4.0935	1.8758	0.7593	9.1585	1.0
3	10315	1.5696	2.5164	2.2576	10.8657	10.4349	1.0
3	10320	2.1528	3.13	2.3578	8.252	4.8486	1.0
3	10325	0.6582	3.2734	2.9026	8.2406	4.6782	1.0
3	10330	1.0626	1.481	2.6301	7.4122	6.1129	1.0
3	10335	3.1527	1.6401	2.0741	3.0724	1.2508	1.0
3	10340	2.7762	0.9942	2.8319	5.971	7.5723	1.0
3	10345	3.0819	0.9929	2.8626	3.4709	9.4667	1.0
3	10350	1.2787	0.8935	3.7384	6.3402	5.0451	1.0
3	10355	1.468	1.469	2.7942	7.9078	6.7058	1.0
3	10360	1.4884	1.3623	3.1209	2.2835	0.6627	1.0
3	10365	1.9649	1.9597	2.0684	3.959	3.185	1.0
3	10370	1.9649	1.7012	2.6107	6.8827	1.7339	1.0
3	10375	1.3309	4.4495	2.164	9.0538	11.101	1.0
3	10380	1.2608	2.4118	3.8142	5.3014	11.101	1.0
3	10385	2.2212	3.5705	2.9981	9.2485	11.101	1.0
3	10390	2.2619	6.7934	2.9588	6.1445	5.4651	1.0
3	10395	2.295	5.9694	2.5897	0.9863	5.4651	1.0
3	10400	3.1194	5.9694	2.9616	1.8578	7.0266	1.0
3	10405	1.3592	6.4119	1.6088	2.707	10.9463	1.0
3	10410	0.9682	5.9903	2.2923	2.707	6.007	1.0
3	10415	1.1649	5.1197	2.6957	10.2682	11.7458	1.0
3	10420	1.0512	2.452	2.8332	10.2682	9.5835	1.0
3	10425	1.6185	1.9544	2.9467	5.1175	10.0015	1.0
3	10430	1.4086	2.3106	3.6212	9.2472	9.5064	1.0
3	10435	1.1303	1.7136	3.2211	2.4346	11.4717	1.0
3	10440	0.6732	4.3989	2.6513	8.4011	0.2128	1.0
3	10445	1.2318	3.8022	5.2051	5.983	0.43	1.0
3	10450	3.3648	1.2097	5.8035	7.2946	0.5071	1.0
3	10455	4.3322	0.5705	2.6084	2.1281	2.2229	1.0
3	10460	0.7387	1.9275	2.5895	3.6491	1.0556	1.0
3	10465	0.7387	1.3921	4.1556	4.1367	6.4968	1.0
3	10470	3.1992	1.3921	3.0853	1.4896	6.4968	1.0
3	10475	3.6904	0.8024	2.6706	10.0832	10.4301	1.0
3	10480	1.7649	0.9935	4.8835	10.0647	3.5045	1.0
3	10485	1.1174	4.7535	5.0584	5.7575	10.0953	1.0
3	10490	0.5036	5.1934	3.7261	5.3224	6.7898	1.0
3	10495	1.413	1.1722	2.9006	9.0483	7.0896	1.0
3	10500	2.3306	1.765	3.9883	9.8976	7.1581	1.0
3	10505	2.0716	1.4448	3.1579	7.2539	5.3036	1.0
3	10510	1.7089	1.4871	2.6218	5.9422	1.7732	1.0
3	10515	3.6196	2.0987	1.7622	5.0506	1.3218	1.0
3	10520	2.3187	2.4702	2.422	2.0499	0.5881	1.0
3	10525	2.6503	1.1848	2.0861	4.147	6.8147	1.0
3	10530	1.9996	1.2281	2.1837	4.4414	6.2647	1.0
3	10535	1.7509	1.236	2.87	8.8287	3.2968	1.0
3	10540	1.2921	1.3751	2.3411	6.6951	10.922	1.0
3	10545	0.678	2.518	3.9806	3.2926	4.633	1.0
3	10550	1.1023	3.3478	2.2837	11.0259	2.5202	1.0
3	10555	1.3809	5.8987	2.3844	5.3861	10.0587	1.0
3	10560	1.3923	3.1561	2.7909	3.2516	10.0587	1.0
3	10565	1.1119	5.1477	2.4294	6.0888	6.2387	1.0
3	10570	0.9901	4.2588	3.0219	5.7916	11.4813	1.0
3	10575	0.6466	3.1784	2.8804	5.8055	3.9661	1.0
3	10580	0.7126	3.8711	1.8671	2.9075	8.706	1.0
3	10585	2.1288	2.1781	1.9	2.3417	6.5147	1.0
3	10590	1.0937	0.6555	3.5663	1.7121	6.8161	1.0
3	10595	0.932	1.3644	3.3909	9.7587	11.3711	1.0
3	10600	1.5035	3.6489	2.5409	10.6531	11.3711	1.0
3	10605	0.6552	2.3502	2.7992	10.1879	10.158	1.0
3	10610	1.1501	1.4052	3.5599	9.732	11.3188	1.0
3	10615	0.8246	0.7722	4.017	9.6337	4.6862	1.0
3	10620	2.1038	0.6637	4.0696	8.2095	9.745	1.0
3	10625	1.2137	0.9662	2.7117	4.4085	9.745	1.0
3	10630	1.506	1.631	3.3192	0.9358	6.2517	1.0
3	10635	2.3174	2.4878	2.7008	2.5523	2.732	1.0
3	10640	1.8876	2.7636	2.3106	11.9404	2.0918	1.0
3	10645	1.6153	6.7031	2.1283	11.9404	1.2616	1.0
3	10650	2.7238	3.4731	3.5284	2.5409	0.8724	1.0
3	10655	4.019	3.0741	1.8963	5.4153	0.6835	1.0
3	10660	3.2791	4.2169	2.0837	2.0524	5.4338	1.0
3	10665	1.3491	5.4749	2.5514	3.2507	0.222	1.0
3	10670	2.1168	6.5996	2.7642	3.9246	0.2431	1.0
3	10675	1.3219	7.8755	5.7561	8.7033	0.8797	1.0
3	10680	1.5629	1.0549	4.4978	6.8417	3.6325	1.0
3	10685	2.2487	0.2732	4.1558	1.9019	6.0097	1.0
3	10690	2.2811	0.367	4.2881	1.9792	8.6193	1.0
3	10695	2.1072	1.217	2.6445	0.8348	9.4543	1.0
3	10700	2.3214	0.6853	2.6505	4.5819	6.0279	1.0
3	10705	2.3214	0.7452	1.8794	0.9546	10.7892	1.0
3	10710	3.1328	0.5722	3.1799	4.0805	3.6618	1.0
3	10715	2.1197	0.8726	5.2873	10.1443	0.4391	1.0
3	10720	2.539	2.4973	4.4159	0.5352	1.1875	1.0
3	10725	2.0123	3.0111	5.7877	0.2912	2.4994	1.0
3	10730	1.665	1.6037	2.8795	3.7934	6.1898	1.0
3	10735	1.7432	2.6403	2.8601	2.8577	2.9543	1.0
3	10740	0.7702	8.2038	3.1221	9.3729	11.1364	1.0
3	10745	2.0227	8.8251	2.7635	5.677	10.9803	1.0
3	10750	2.6607	2.5828	2.7635	5.7909	10.9803	1.0
3	10755	1.3199	1.7502	2.0821	6.0918	10.9803	1.0
3	10760	1.8116	2.1212	2.9284	8.021	11.0782	1.0
3	10765	1.4325	2.1212	3.1448	6.3873	3.1036	1.0
3	10770	1.6389	2.9747	2.1766	1.6427	3.6102	1.0
3	10775	1.2824	4.9434	2.2356	0.8363	7.678	1.0
3	10780	2.1956	7.241	2.29	2.4405	2.3947	1.0
3	10785	2.3983	3.2792	2.2193	11.7646	6.3519	1.0
3	10790	0.9911	4.5888	2.328	10.8842	6.0877	1.0
3	10795	1.9331	1.5557	3.0587	8.635	7.0827	1.0
3	10800	1.9331	0.8586	2.9114	6.0846	3.1257	1.0
3	10805	0.9295	2.3068	3.3493	7.3599	8.7101	1.0
3	10810	2.1003	1.2162	3.8229	7.3599	9.7568	1.0
3	10815	1.9051	1.1108	3.5887	3.8872	9.5193	1.0
3	10820	2.8601	1.1135	2.4808	2.4626	9.5193	1.0
3	10825	2.4181	0.7314	4.644	6.2394	0.1714	1.0
3	10830	2.6366	2.0573	4.3812	10.9237	1.752	1.0
3	10835	1.1246	2.4261	3.9895	2.7644	2.1244	1.0
3	10840	2.5308	2.1951	2.5463	11.4226	8.2009	1.0
3	10845	1.0616	8.6654	1.9841	8.314	9.4041	1.0
3	10850	1.7402	8.6654	2.5529	8.981	9.1311	1.0
3	10855	1.2613	5.5196	2.9168	4.4778	3.2424	1.0
3	10860	2.5855	4.535	1.9112	7.8028	9.7331	1.0
3	10865	1.4979	3.0024	2.0369	7.8028	10.1576	1.0
3	10870	2.7174	4.6741	1.893	7.8028	11.5955	1.0
3	10875	1.2534	4.6741	2.9165	0.8302	4.0917	1.0
3	10880	1.2307	4.6741	3.3714	1.3519	4.5992	1.0
3	10885	1.3825	4.6741	2.0276	0.8471	9.9025	1.0
3	10890	1.178	4.6741	3.3993	1.7874	4.7135	1.0
3	10895	4.3009	2.4128	3.3568	0.4409	1.3623	1.0
3	10900	3.7604	3.1249	2.1986	0.7409	1.0096	1.0
3	10905	3.7196	3.1249	2.5489	6.2155	0.4311	1.0
3	10910	1.6304	1.028	4.373	11.9912	5.1838	1.0
3	10915	2.4528	0.7718	3.6366	11.0131	6.1127	1.0
3	10920	2.9928	0.8512	4.8678	4.0502	0.1434	1.0
3	10925	3.3236	2.0507	2.9494	11.71	0.3017	1.0
3	10930	3.3236	4.9149	5.4763	8.91	0.1004	1.0
3	10935	1.0923	0.9437	3.4394	5.204	1.2548	1.0
3	10940	1.9298	1.2845	3.895	10.257	6.2144	1.0
3	10945	3.5113	0.6315	4.1341	11.0778	8.6987	1.0
3	10950	0.9776	0.7217	2.9308	9.539	10.8387	1.0
3	10955	1.3504	0.3702	3.909	10.2883	10.8387	1.0
3	10960	1.1118	1.0357	3.2645	11.6791	8.1311	1.0
3	10965	0.7541	1.7747	2.0562	11.6791	6.6868	1.0
3	10970	1.2024	0.4392	4.1263	8.7869	7.7288	1.0
3	10975	1.6381	0.4041	3.178	8.7869	8.9415	1.0
3	10980	1.6668	0.4457	3.389	3.7525	7.8136	1.0
3	10985	1.5666	1.0188	3.7291	5.3717	4.3804	1.0
3	10990	0.823	2.1507	3.0843	9.3199	7.2444	1.0
3	10995	1.3548	1.2901	3.1498	10.6588	7.725	1.0
3	11000	1.5276	2.6386	2.1586	9.9789	7.1527	1.0
3	11005	1.6336	3.2188	2.11	8.3083	6.7923	1.0
3	11010	1.9068	3.2943	3.2498	5.1895	8.0039	1.0
3	11015	0.9336	2.3641	2.44	4.6627	9.2583	1.0
3	11020	2.2656	4.9867	3.3246	2.3695	1.8311	1.0
3	11025	0.8852	3.3871	2.8313	3.3688	11.4891	1.0
3	11030	0.9251	4.7503	2.6623	5.7536	10.2559	1.0
3	11035	1.7072	4.1569	3.3709	11.9831	5.7207	1.0
3	11040	1.3929	4.1569	2.0334	11.9831	3.2903	1.0
3	11045	1.2232	4.1961	2.9616	7.2679	1.4638	1.0
3	11050	1.307	6.0472	2.5968	3.0375	0.9247	1.0
3	11055	0.9332	5.6888	2.5968	5.2807	10.8379	1.0
3	11060	1.0366	4.0155	2.8349	10.7687	6.423	1.0
3	11065	2.3334	4.6279	1.7964	10.6345	8.4896	1.0
3	11070	2.9468	1.2015	2.8432	9.1592	6.5046	1.0
3	11075	1.3465	0.7933	3.719	8.5204	5.2563	1.0
3	11080	2.394	3.1233	4.312	5.3729	3.1941	1.0
3	11085	2.5951	0.5581	3.2407	4.06	11.0961	1.0
3	11090	3.1042	0.7565	2.7685	4.06	10.6989	1.0
3	11095	1.9562	0.582	4.0878	6.9093	7.2121	1.0
3	11100	2.111	0.7935	5.0742	8.0747	1.8708	1.0
3	11105	2.1457	0.4918	2.532	8.0747	8.0866	1.0
3	11110	0.9435	0.4918	3.6006	1.8924	7.5119	1.0
3	11115	1.1016	0.9708	3.2757	3.5113	2.5491	1.0
3	11120	1.2931	3.5171	3.1519	7.7283	2.049	1.0
3	11125	2.3427	1.5	3.0195	11.2537	7.9796	1.0
3	11130	2.4187	0.2492	2.5682	5.5083	2.674	1.0
3	11135	1.9026	1.554	2.9078	6.5368	10.9474	1.0
3	11140	2.7467	0.721	2.4465	3.3017	10.9474	1.0
3	11145	1.5912	0.9263	2.6492	6.6669	10.9474	1.0
3	11150	1.8373	1.3422	4.7121	7.8523	7.8391	1.0
3	11155	1.0668	7.3177	4.7121	5.2506	2.0936	1.0
3	11160	1.0608	3.597	3.9247	11.9	4.9265	1.0
3	11165	0.8734	3.227	2.6561	9.7864	6.6689	1.0
3	11170	1.1114	2.6255	3.0638	9.3668	11.7119	1.0
3	11175	1.0762	2.1237	4.7605	7.5688	8.3592	1.0
3	11180	0.6434	2.1237	3.0063	9.2458	8.3592	1.0
3	11185	1.3756	0.7892	3.4306	3.1944	7.9996	1.0
3	11190	1.7559	0.2864	4.7909	2.8603	7.9996	1.0
3	11195	2.1199	0.3548	2.8757	9.1104	4.3653	1.0
3	11200	1.8741	0.2766	3.9802	9.1838	7.158	1.0
3	11205	0.8799	0.6148	5.9353	3.4701	3.5333	1.0
3	11210	0.8899	0.7919	4.5865	6.6244	7.4036	1.0
3	11215	1.1309	1.3647	3.8523	7.6235	1.1186	1.0
3	11220	3.7659	0.967	3.8523	1.6328	1.6426	1.0
3	11225	1.9176	1.5395	2.6308	4.8519	11.2634	1.0
3	11230	1.8164	1.0659	1.7488	4.8519	11.5291	1.0
3	11235	0.8267	1.4338	3.2368	1.2616	11.5291	1.0
3	11240	0.5447	2.8997	3.3836	6.4516	11.5291	1.0
3	11245	1.7985	1.3561	2.8744	8.3397	5.5086	1.0
3	11250	1.0875	1.9835	2.7242	10.2615	11.9965	1.0
3	11255	1.1339	0.9498	3.4714	10.2615	9.276	1.0
3	11260	0.6005	2.1774	3.7852	4.6179	11.6228	1.0
3	11265	0.9072	1.3954	3.4124	2.8758	3.8241	1.0
3	11270	0.6551	0.5023	3.4982	10.6202	4.3073	1.0
3	11275	0.6888	0.3348	4.6441	5.9006	8.0641	1.0
3	11280	0.5589	0.5505	4.6441	3.3228	8.4773	1.0
3	11285	1.898	0.3277	5.005	6.6021	10.2917	1.0
3	11290	0.8312	0.4443	4.3684	4.5015	7.0503	1.0
3	11295	1.1256	0.3008	4.9754	10.7867	1.3957	1.0
3	11300	1.5321	0.7957	3.0937	4.8888	11.1046	1.0
3	11305	2.114	0.7308	2.405	2.3463	7.1878	1.0
3	11310	1.642	2.057	2.5555	4.1545	2.7638	1.0
3	11315	1.1066	1.1004	3.8821	6.921	1.7922	1.0
3	11320	2.5459	0.4905	2.4188	11.3541	4.192	1.0
3	11325	1.3067	2.0243	3.2371	11.4629	1.083	1.0
3	11330	2.4933	2.2428	2.6653	11.6613	2.4979	1.0
3	11335	1.2558	2.9355	2.7607	4.9199	1.133	1.0
3	11340	1.6489	0.8826	2.2959	10.1063	11.7751	1.0
3	11345	2.3246	0.5878	2.6411	10.1063	5.2451	1.0
3	11350	1.328	2.7798	3.959	1.7174	2.8252	1.0
3	11355	0.3577	3.7338	2.6738	5.239	4.8547	1.0
3	11360	1.1925	8.8248	2.0536	1.6111	2.2661	1.0
3	11365	2.8183	4.9177	2.0536	3.1965	11.7192	1.0
3	11370	3.3425	8.1729	2.1987	4.3098	8.1929	1.0
3	11375	1.2774	9.7321	2.695	2.5188	2.0886	1.0
3	11380	2.3423	9.0311	2.695	3.971	3.8451	1.0
3	11385	1.593	1.9653	2.5233	11.9662	3.5647	1.0
3	11390	1.2284	1.3908	2.8718	2.8188	5.2604	1.0
3	11395	2.0517	1.169	3.4479	4.784	11.711	1.0
3	11400	2.1383	1.3551	3.0097	5.4306	5.217	1.0
3	11405	1.8624	0.9115	2.6713	0.1582	11.6725	1.0
3	11410	1.2348	0.8731	2.8641	1.1925	11.7359	1.0
3	11415	1.6303	1.8929	3.0658	11.0233	10.1424	1.0
3	11420	1.2668	1.1146	2.8413	9.9401	10.1424	1.0
3	11425	0.5183	2.182	2.745	9.9401	11.8795	1.0
3	11430	1.5039	2.3741	2.1688	8.0433	8.0134	1.0
3	11435	1.1397	1.1803	2.8933	9.8133	11.1088	1.0
3	11440	1.2645	1.7077	2.8933	9.8133	11.0894	1.0
3	11445	2.5743	2.8848	2.6823	2.1542	11.0894	1.0
3	11450	2.0014	3.1319	2.3844	5.2821	3.1092	1.0
3	11455	2.1123	3.1222	2.3844	5.8325	11.3351	1.0
3	11460	1.1332	4.1483	2.3404	1.4913	1.652	1.0
3	11465	0.5988	8.7237	2.3404	4.5067	6.591	1.0
3	11470	1.4394	7.9305	2.7352	8.7298	4.3171	1.0
3	11475	0.9171	9.9293	2.4831	5.9102	5.1708	1.0
3	11480	1.3062	9.6421	2.7121	5.1027	4.2825	1.0
3	11485	1.8783	9.6421	2.3136	8.7697	3.5349	1.0
3	11490	1.722	7.8934	1.8901	8.7697	3.1661	1.0
3	11495	0.9385	8.6552	1.8291	8.7697	3.4639	1.0
3	11500	1.075	8.9815	2.4873	4.9713	1.8728	1.0
3	11505	1.6881	8.9815	2.393	2.3155	8.1386	1.0
3	11510	2.0301	8.9815	2.3241	3.3318	3.7609	1.0
3	11515	1.5544	7.6003	2.6351	6.887	6.8679	1.0
3	11520	1.4851	9.1237	2.9237	5.475	11.4589	1.0
3	11525	1.5928	9.1237	2.9831	5.475	9.7194	1.0
3	11530	1.8997	6.7092	4.1538	0.3431	6.9422	1.0
3	11535	0.8473	6.7092	3.9967	9.4926	9.0052	1.0
3	11540	0.5766	9.1728	2.1523	9.4926	1.9072	1.0
3	11545	1.884	6.3139	2.5974	3.7898	10.5861	1.0
3	11550	0.6214	9.3124	2.4593	4.3042	10.3956	1.0
3	11555	1.2022	3.4395	2.5562	1.692	11.1711	1.0
3	11560	1.6739	3.1855	2.5562	0.5661	11.5457	1.0
3	11565	1.959	3.6131	2.5719	0.3388	3.9916	1.0
3	11570	1.3117	3.8333	3.1251	7.7417	1.4021	1.0
3	11575	1.1309	3.4863	2.7155	4.4344	4.8424	1.0
3	11580	1.5898	5.5972	2.3846	1.6227	4.3079	1.0
3	11585	1.4784	5.5972	3.3706	7.0467	0.1916	1.0
3	11590	1.2844	7.3539	2.5825	6.8515	0.5183	1.0
3	11595	2.2486	5.7155	3.1558	10.6756	4.0875	1.0
3	11600	2.9879	4.607	1.5847	9.6489	5.0172	1.0
3	11605	1.8923	5.0916	1.8783	9.6489	10.8762	1.0
3	11610	2.9003	7.5835	2.5027	2.5946	2.3777	1.0
3	11615	1.8024	6.0566	1.9869	6.8232	0.6247	1.0
3	11620	1.5622	5.1924	1.9783	1.4211	10.8352	1.0
3	11625	2.4424	9.5786	3.3866	11.1761	2.8106	1.0
3	11630	0.9169	9.5778	2.6715	1.1125	5.8151	1.0
3	11635	3.2914	9.5778	2.2661	10.9259	11.0249	1.0
3	11640	4.2639	2.8197	2.105	10.9259	11.0249	1.0
3	11645	1.6613	1.421	1.4639	7.6604	2.2321	1.0
3	11650	3.9446	1.1927	1.7779	3.6589	3.4999	1.0
3	11655	3.5129	1.8542	2.3078	6.855	6.9043	1.0
3	11660	3.2115	2.2822	2.6111	6.855	0.4338	1.0
3	11665	1.5017	2.6488	4.71	2.2941	8.4001	1.0
3	11670	0.7877	1.8417	5.2353	1.1843	2.8066	1.0
3	11675	2.817	0.9069	4.1972	9.1801	3.9191	1.0
3	11680	1.2204	0.5968	3.1994	11.0707	7.3262	1.0
3	11685	1.2204	0.7607	4.0858	9.9822	9.305	1.0
3	11690	1.6547	0.3913	5.1324	11.1122	2.5343	1.0
3	11695	1.5238	0.5684	3.9228	5.898	10.4922	1.0
3	11700	1.0565	0.7375	4.736	3.2824	7.3284	1.0
3	11705	3.138	1.5778	2.7031	4.9793	7.3284	1.0
3	11710	0.9423	3.5225	2.8211	4.4468	0.6921	1.0
3	11715	1.1865	6.266	2.7312	1.5148	2.9391	1.0
3	11720	1.1865	9.2157	1.9882	1.3847	1.3915	1.0
3	11725	0.7454	6.3261	2.4913	1.7424	7.1631	1.0
3	11730	2.417	8.5714	2.465	6.8697	6.0433	1.0
3	11735	2.3069	7.0325	2.2508	11.6732	6.0433	1.0
3	11740	3.0128	5.1495	1.8026	7.2151	6.0433	1.0
3	11745	3.0128	3.5154	2.2146	7.2151	9.7131	1.0
3	11750	4.1309	4.4096	2.3682	6.5705	8.9874	1.0
3	11755	1.2021	3.3963	2.7521	8.7121	5.4199	1.0
3	11760	1.3692	2.5255	2.8772	7.4706	9.1838	1.0
3	11765	0.8324	1.5264	2.8353	8.4246	4.332	1.0
3	11770	1.8775	4.4814	3.8198	6.2838	9.2574	1.0
3	11775	0.8421	5.9801	3.0011	9.1042	2.468	1.0
3	11780	0.7002	3.8289	3.4236	4.4311	3.911	1.0
3	11785	2.7271	3.8289	1.8361	1.9964	7.8424	1.0
3	11790	1.6969	2.8661	2.8542	8.2355	5.9504	1.0
3	11795	2.4311	2.1765	3.1851	9.0793	5.1327	1.0
3	11800	1.6122	4.096	3.1851	8.1011	4.1458	1.0
3	11805	1.9513	4.5388	2.6937	10.0225	7.6481	1.0
3	11810	0.8248	6.4846	3.6701	7.5968	7.9761	1.0
3	11815	0.7553	6.4552	3.2026	7.3304	6.7801	1.0
3	11820	0.9237	6.7188	2.5601	7.662	9.9372	1.0
3	11825	1.6803	6.2718	2.6613	4.5748	9.8683	1.0
3	11830	1.4725	4.6788	2.9668	1.4124	6.7549	1.0
3	11835	1.7294	7.2658	3.0356	1.1961	5.8739	1.0
3	11840	2.034	5.5567	2.4315	3.0294	5.7682	1.0
3	11845	1.3505	6.3739	3.0859	4.8783	7.7665	1.0
3	11850	2.338	5.8244	3.2119	5.3643	8.8237	1.0
3	11855	1.2659	1.6547	3.2119	5.3643	4.4686	1.0
3	11860	0.7848	2.3609	4.4775	4.7662	5.6679	1.0
3	11865	1.0038	1.962	4.1893	10.0567	0.7426	1.0
3	11870	2.5281	4.5348	2.2338	3.8604	1.06	1.0
3	11875	1.9152	2.3375	2.6652	9.125	10.4465	1.0
3	11880	1.3478	2.7589	4.4749	3.1583	8.1587	1.0
3	11885	3.1168	2.1338	2.4706	6.2604	10.6265	1.0
3	11890	2.3881	5.2178	2.3809	2.3873	10.8428	1.0
3	11895	1.0656	5.2178	2.3809	0.5114	11.8414	1.0
3	11900	1.3956	8.2686	2.4511	1.0259	9.3318	1.0
3	11905	1.7247	9.5137	2.5186	4.0302	0.8062	1.0
3	11910	1.5805	9.5137	2.2063	7.2543	0.5532	1.0
3	11915	2.983	5.1976	2.948	6.8151	0.5465	1.0
3	11920	2.2767	1.3727	2.9749	9.7722	0.5497	1.0
3	11925	2.0595	0.6579	4.751	10.3118	0.7305	1.0
3	11930	3.1856	0.7603	3.0014	5.4135	2.2011	1.0
3	11935	4.7924	1.3994	3.0167	10.8207	1.4744	1.0
3	11940	0.4848	1.6209	3.8347	10.8207	2.9778	1.0
3	11945	1.3539	1.8488	3.5406	3.1774	0.2945	1.0
3	11950	2.008	3.8007	4.416	5.6905	11.6658	1.0
3	11955	2.008	2.553	2.1123	10.556	10.2673	1.0
3	11960	1.9989	3.6788	2.9658	8.6076	10.2673	1.0
3	11965	2.5703	3.6788	4.032	9.394	5.2131	1.0
3	11970	2.5329	3.7372	2.9181	2.1856	2.1312	1.0
3	11975	1.5763	3.7372	3.9088	3.5765	0.3044	1.0
3	11980	2.4027	1.9475	3.7627	8.7152	0.3384	1.0
3	11985	2.6866	3.2347	3.158	9.6451	1.333	1.0
3	11990	1.411	4.8959	2.4176	9.6451	0.8812	1.0
3	11995	1.5453	2.3951	2.1511	3.9983	1.6893	1.0
