{
"type": "FeatureCollection",
"name": "ukraine_adm2",
"crs": { "type": "name", "properties": { "name": "urn:ogc:def:crs:OGC:1.3:CRS84" } },
"features": [
{ "type": "Feature", "properties": { "pcode": "UA0102", "name": "Bakhchysaraiskyi", "oblast_pcode": "UA01", "oblast": "Autonomous Republic of Crimea", "area_sqkm": 2381.3072486599999, "city_pop": 0.0, "pop": 200648, "included": false }, "geometry": { "type": "Polygon", "coordinates": [ [ [ 33.648330999000109, 44.90968700000019 ], [ 33.647629001000098, 44.931736000000171 ], [ 33.612705749000156, 44.926183951999974 ], [ 33.601397762000033, 44.855490101000044 ], [ 33.553678000000161, 44.839980999000034 ], [ 33.534131155000125, 44.791485993000151 ], [ 33.54890206400006, 44.721721978000062 ], [ 33.537325994000071, 44.64739211400007 ], [ 33.601408614000036, 44.613670223000099 ], [ 33.567463397999973, 44.6091848370001 ], [ 33.580964, 44.574612 ], [ 33.530677520000097, 44.586073682000176 ], [ 33.528189999000062, 44.54919400000017 ], [ 33.503253524000172, 44.576012921000085 ], [ 33.462641459000167, 44.569962697000051 ], [ 33.451620093000031, 44.586436551000133 ], [ 33.445455515000162, 44.570970215000102 ], [ 33.437021552000147, 44.598516855000071 ], [ 33.42594069800009, 44.598632119 ], [ 33.42187672700004, 44.593899269000133 ], [ 33.43845266500017, 44.572661849000099 ], [ 33.415925257000026, 44.587823669000102 ], [ 33.411648035000155, 44.563152641000045 ], [ 33.402380528000094, 44.590769000000194 ], [ 33.378576789000078, 44.583240076000038 ], [ 33.48728424400008, 44.497859950000077 ], [ 33.584486753000135, 44.49014191700013 ], [ 33.59717780200009, 44.503319453000131 ], [ 33.580104000000119, 44.516508 ], [ 33.621440921999977, 44.516346799000132 ], [ 33.595178523000129, 44.494529515000067 ], [ 33.630459064000092, 44.479006525000045 ], [ 33.649094723000076, 44.426699439 ], [ 33.707996, 44.420767 ], [ 33.737961, 44.387429000000168 ], [ 33.853803033000133, 44.42335463500001 ], [ 33.973794381, 44.436816395000108 ], [ 33.99572288000013, 44.474229850000143 ], [ 34.037383560000137, 44.47652287000011 ], [ 34.048589750000076, 44.500092660000064 ], [ 34.083194909999975, 44.505623660000083 ], [ 34.13642368100011, 44.554074883000169 ], [ 34.179010285000174, 44.56715133300014 ], [ 34.209760527000185, 44.590821282999968 ], [ 34.214814999000055, 44.623886999000092 ], [ 34.208334001000082, 44.674451 ], [ 34.16505700100015, 44.720622000000162 ], [ 34.196231000000125, 44.719615000000147 ], [ 34.231295, 44.746850000000109 ], [ 34.27582, 44.748899000000165 ], [ 34.280746999000087, 44.763068999000097 ], [ 34.266281, 44.794727000000194 ], [ 34.229809000000159, 44.798424001000114 ], [ 34.227198999000109, 44.779273999000111 ], [ 34.173988, 44.777652999000111 ], [ 34.114643001000104, 44.729717 ], [ 34.007457999000053, 44.815544 ], [ 34.008201834000033, 44.833475092000072 ], [ 34.054006524000044, 44.832342547000053 ], [ 34.039373322000074, 44.851364689000093 ], [ 34.004884523000101, 44.857564117000038 ], [ 34.011369445000184, 44.873132572000088 ], [ 33.940317895000021, 44.879852880000101 ], [ 33.875164000000154, 44.920773000000111 ], [ 33.834835001000101, 44.921211000000142 ], [ 33.833229000000188, 44.898727000000179 ], [ 33.648330999000109, 44.90968700000019 ] ], [ [ 33.610161518000041, 44.587885562000167 ], [ 33.601534393000065, 44.591247131000046 ], [ 33.602208927999982, 44.599400355000171 ], [ 33.610161518000041, 44.587885562000167 ] ] ] } },
{ "type": "Feature", "properties": { "pcode": "UA0104", "name": "Bilohirskyi", "oblast_pcode": "UA01", "oblast": "Autonomous Republic of Crimea", "area_sqkm": 2929.4805340299999, "city_pop": 0.0, "pop": 179788, "included": false }, "geometry": { "type": "MultiPolygon", "coordinates": [ [ [ [ 34.924093867000011, 45.678537746000075 ], [ 34.873598, 45.713700999000082 ], [ 34.810924001000046, 45.664941999000064 ], [ 34.808338002000028, 45.635025000000155 ], [ 34.730351001000031, 45.643512999000166 ], [ 34.717838001000132, 45.611233000000141 ], [ 34.798958001000074, 45.602333 ], [ 34.798366, 45.5839 ], [ 34.697758, 45.585365000000138 ], [ 34.697436998000171, 45.566486001000158 ], [ 34.613544999000112, 45.5569 ], [ 34.594456803000071, 45.569406522000122 ], [ 34.574413000000163, 45.548069000000169 ], [ 34.575615000000141, 45.522407999000166 ], [ 34.549493984000151, 45.496789997000064 ], [ 34.569268048000083, 45.453030493000142 ], [ 34.526813111000024, 45.435571991000131 ], [ 34.537224001000027, 45.405064 ], [ 34.581326000000161, 45.406261 ], [ 34.581435999000121, 45.387363001000097 ], [ 34.602508, 45.387524 ], [ 34.609172999, 45.329842 ], [ 34.544117, 45.329841999 ], [ 34.559906001000058, 45.254498 ], [ 34.533791000000122, 45.254398000000151 ], [ 34.535301000000175, 45.239532 ], [ 34.560742001000108, 45.226814000000104 ], [ 34.545318000000123, 45.209705 ], [ 34.52241100100008, 45.210014 ], [ 34.520264000000168, 45.224887999000146 ], [ 34.448998, 45.226265001000058 ], [ 34.332717998000078, 45.208786001000135 ], [ 34.317192000000148, 45.280498001000069 ], [ 34.293110000000127, 45.286396 ], [ 34.218185000000119, 45.284901000000104 ], [ 34.207703001000141, 45.255718000000115 ], [ 34.188683, 45.25297499900006 ], [ 34.204941001, 45.151054000000101 ], [ 34.253075000000138, 45.146702 ], [ 34.278015293000067, 45.112175842999989 ], [ 34.261638942000161, 45.094890797000176 ], [ 34.281279173000087, 45.044826575000116 ], [ 34.278261626000074, 44.991983021000124 ], [ 34.304574673000047, 44.958701438000048 ], [ 34.290328608000038, 44.938087006000046 ], [ 34.331507438000131, 44.887279349000039 ], [ 34.350395500000104, 44.894803349000142 ], [ 34.340060888000153, 44.907475297000019 ], [ 34.386886, 44.891918 ], [ 34.407692, 44.86698500000017 ], [ 34.407562000000155, 44.879108 ], [ 34.475117001000115, 44.856555999000136 ], [ 34.537971999000092, 44.865402 ], [ 34.537956000000122, 44.888573001000168 ], [ 34.572086000000184, 44.886757000000102 ], [ 34.605984, 44.876839000000132 ], [ 34.58921800000013, 44.865375 ], [ 34.608062999000026, 44.860610999000073 ], [ 34.608826000000192, 44.842606000000103 ], [ 34.647243001000106, 44.859154 ], [ 34.65190499900001, 44.880015999000193 ], [ 34.693775000000187, 44.872726000000171 ], [ 34.702881000000104, 44.9010770000001 ], [ 34.743426999000178, 44.881123 ], [ 34.80242900200011, 44.89946 ], [ 34.838413000000116, 44.922821000000113 ], [ 34.830471, 44.931950000000143 ], [ 34.880404999000064, 44.948234999000078 ], [ 34.884186001000103, 45.000969000000168 ], [ 34.910408000000189, 44.993175000000122 ], [ 34.958561001000078, 45.010807 ], [ 34.969921, 45.056221000000107 ], [ 34.928104, 45.048218000000134 ], [ 34.913353000000143, 45.064274 ], [ 34.924072, 45.079329999000151 ], [ 34.863598, 45.08041 ], [ 34.864208000000133, 45.132305001000191 ], [ 34.889027001000102, 45.133453 ], [ 34.892460001000074, 45.160389000000123 ], [ 34.865769001000047, 45.160827999000105 ], [ 34.866341, 45.178364 ], [ 34.792332001000034, 45.179752001000054 ], [ 34.786934, 45.161415 ], [ 34.769154001000061, 45.161568000000159 ], [ 34.770428, 45.223984 ], [ 34.738602000000185, 45.224022 ], [ 34.699249001000055, 45.206619001000092 ], [ 34.696181999000146, 45.189116999000021 ], [ 34.673275000000103, 45.189007000000117 ], [ 34.674988001000145, 45.225647000000151 ], [ 34.698317999000153, 45.261055000000113 ], [ 34.726611999000113, 45.269642 ], [ 34.727153999000052, 45.287403001000087 ], [ 34.767929, 45.28700600000019 ], [ 34.759964, 45.359112 ], [ 34.807175, 45.358822 ], [ 34.81813, 45.372147000000155 ], [ 34.758324, 45.42247 ], [ 34.856468001000167, 45.428561999000124 ], [ 34.842991, 45.447619999000096 ], [ 34.926666000000125, 45.44010900000012 ], [ 34.92211500000019, 45.492809 ], [ 35.004246001000183, 45.500366 ], [ 35.014316002000157, 45.562031 ], [ 35.058831001000158, 45.57317999900016 ], [ 35.020195001000161, 45.585300000000132 ], [ 35.032094000000143, 45.614503000000184 ], [ 35.037375690000147, 45.619381241000099 ], [ 35.039359973000103, 45.616337697000176 ], [ 35.044111, 45.611939999000128 ], [ 35.05315385800003, 45.608125267000162 ], [ 35.073458830000163, 45.577614558000164 ], [ 35.053702414000099, 45.608151418000091 ], [ 35.027415350000069, 45.637411702000122 ], [ 34.990699700000164, 45.654511746000082 ], [ 34.981152928000029, 45.68255593400005 ], [ 34.924093867000011, 45.678537746000075 ] ] ], [ [ [ 35.060460999000043, 45.575684 ], [ 35.062041000000136, 45.575458 ], [ 35.061500000000137, 45.57686 ], [ 35.060460999000043, 45.575684 ] ] ], [ [ [ 35.058592, 45.578705000000127 ], [ 35.060217001000069, 45.580165999000144 ], [ 35.059269, 45.580420000000117 ], [ 35.058592, 45.578705000000127 ] ] ], [ [ [ 35.059169000000168, 45.581465 ], [ 35.057363301000066, 45.584886000000154 ], [ 35.056366, 45.583065 ], [ 35.059169000000168, 45.581465 ] ] ], [ [ [ 35.055262, 45.58425300000016 ], [ 35.053749, 45.587475999000105 ], [ 35.051294000000155, 45.585757 ], [ 35.055262, 45.58425300000016 ] ] ], [ [ [ 35.026026, 45.586944 ], [ 35.027851104000092, 45.587703567000119 ], [ 35.026674000000185, 45.587959000000183 ], [ 35.026026, 45.586944 ] ] ], [ [ [ 35.04094, 45.587688000000185 ], [ 35.038307, 45.587132999000175 ], [ 35.041791000000103, 45.586168999000165 ], [ 35.04094, 45.587688000000185 ] ] ], [ [ [ 35.045840055000156, 45.588645861000089 ], [ 35.04821, 45.589217999000027 ], [ 35.045792000000176, 45.589177999000071 ], [ 35.045840055000156, 45.588645861000089 ] ] ], [ [ [ 35.030114, 45.588625 ], [ 35.031040000000132, 45.59066 ], [ 35.028654, 45.589772 ], [ 35.030114, 45.588625 ] ] ], [ [ [ 35.046628, 45.591570999000169 ], [ 35.048261, 45.593256 ], [ 35.046371001000068, 45.591849998999976 ], [ 35.046628, 45.591570999000169 ] ] ], [ [ [ 35.032626000999983, 45.595899 ], [ 35.033974001000161, 45.595158999000034 ], [ 35.034102000000189, 45.595390500000121 ], [ 35.032626000999983, 45.595899 ] ] ], [ [ [ 35.038157001000059, 45.592099 ], [ 35.036137000000167, 45.597064 ], [ 35.033908001000043, 45.592913000000124 ], [ 35.038157001000059, 45.592099 ] ] ], [ [ [ 35.03919200100006, 45.600382 ], [ 35.042108998000117, 45.599008999000091 ], [ 35.040969, 45.602898 ], [ 35.03919200100006, 45.600382 ] ] ], [ [ [ 35.035958000000107, 45.60279299900003 ], [ 35.03775400100011, 45.604672000000164 ], [ 35.036941716000115, 45.604857852000066 ], [ 35.035958000000107, 45.60279299900003 ] ] ], [ [ [ 35.041210999000157, 45.604297 ], [ 35.042029002000049, 45.603568000000109 ], [ 35.043423001000178, 45.605520000000126 ], [ 35.041210999000157, 45.604297 ] ] ], [ [ [ 35.035445, 45.609995 ], [ 35.038090000000125, 45.610675000000185 ], [ 35.035205000000133, 45.611541999000053 ], [ 35.035445, 45.609995 ] ] ], [ [ [ 35.042785, 45.607475 ], [ 35.044974900000057, 45.611236812000129 ], [ 35.041006001000028, 45.612203999000087 ], [ 35.042785, 45.607475 ] ] ] ] } },
{ "type": "Feature", "properties": { "pcode": "UA0106", "name": "Dzhankoiskyi", "oblast_pcode": "UA01", "oblast": "Autonomous Republic of Crimea", "area_sqkm": 2173.95403184, "city_pop": 0.0, "pop": 155949, "included": false }, "geometry": { "type": "MultiPolygon", "coordinates": [ [ [ [ 34.060471, 46.064228000000185 ], [ 34.065439, 46.08107600000011 ], [ 34.044144001000177, 46.05752599900012 ], [ 34.080211999000028, 46.051791999000159 ], [ 34.072064, 46.031177999000022 ], [ 34.094535999000186, 46.021206000000177 ], [ 34.086411000000169, 45.997875000000136 ], [ 34.057789001000117, 45.985764 ], [ 34.068535000000111, 45.959396 ], [ 34.108360000000118, 45.940865 ], [ 34.093323000000112, 45.93021 ], [ 34.097748, 45.908588000000179 ], [ 34.132934999000156, 45.912731000000122 ], [ 34.133545, 45.879436999000063 ], [ 34.154797, 45.879227000000185 ], [ 34.154919000000177, 45.854034001000173 ], [ 34.101418, 45.856715999000187 ], [ 34.104038001000163, 45.820347 ], [ 34.080376000000172, 45.820411999000044 ], [ 34.080677, 45.79874400000017 ], [ 34.122931999000059, 45.784176 ], [ 34.119610000000137, 45.762615001000029 ], [ 34.101616, 45.762791001000039 ], [ 34.111434999000039, 45.683979000000193 ], [ 34.102302000000122, 45.666966000000116 ], [ 34.078540999000154, 45.665840000000173 ], [ 34.064896, 45.632548999 ], [ 34.141644000000156, 45.613945000000172 ], [ 34.143246, 45.581463 ], [ 34.182925999000133, 45.598709 ], [ 34.191630999000097, 45.627682000000107 ], [ 34.256660000000124, 45.626232 ], [ 34.258767714000101, 45.564912488000061 ], [ 34.404175, 45.549914999000066 ], [ 34.419495, 45.56784400000015 ], [ 34.463181, 45.566505 ], [ 34.463092999000025, 45.547455000000184 ], [ 34.507342999000173, 45.54745500100006 ], [ 34.521854000000133, 45.522240001000114 ], [ 34.575615000000141, 45.522407999000166 ], [ 34.574413000000163, 45.548069000000169 ], [ 34.594456803000071, 45.569406522000122 ], [ 34.613544999000112, 45.5569 ], [ 34.697436998000171, 45.566486001000158 ], [ 34.697758, 45.585365000000138 ], [ 34.798366, 45.5839 ], [ 34.798958001000074, 45.602333 ], [ 34.717838001000132, 45.611233000000141 ], [ 34.718891000000156, 45.62471 ], [ 34.730351001000031, 45.643512999000166 ], [ 34.808338002000028, 45.635025000000155 ], [ 34.810924001000046, 45.664941999000064 ], [ 34.874897, 45.711867999000162 ], [ 34.843920361000073, 45.722290811000107 ], [ 34.877318216000049, 45.750238922000165 ], [ 34.719754001000069, 45.707266000000118 ], [ 34.696471001000077, 45.705431 ], [ 34.673831, 45.7191380000001 ], [ 34.684198, 45.729463000000123 ], [ 34.694789001000174, 45.731244 ], [ 34.70721, 45.746497 ], [ 34.739856, 45.744904999000028 ], [ 34.747711643000116, 45.766224216000126 ], [ 34.783623694000084, 45.792219132000128 ], [ 34.754215155000168, 45.797236975000089 ], [ 34.74193600000018, 45.814511 ], [ 34.765635544000133, 45.804811140000027 ], [ 34.751044760000127, 45.822926215000052 ], [ 34.659773523000013, 45.797231751000027 ], [ 34.675314, 45.855860999000129 ], [ 34.735267, 45.877846000000147 ], [ 34.758730560000117, 45.86457695200005 ], [ 34.772365647000186, 45.874371370000063 ], [ 34.760700182000164, 45.899548832000107 ], [ 34.656435115000022, 45.866815108000139 ], [ 34.546817, 45.792930999000134 ], [ 34.472177509000062, 45.78332969100012 ], [ 34.460757, 45.802316000000133 ], [ 34.511211001000106, 45.804053000000181 ], [ 34.55415899500008, 45.842101607000188 ], [ 34.555367301000047, 45.861761355000056 ], [ 34.624446529000068, 45.885176494 ], [ 34.63214115400018, 45.913636660000066 ], [ 34.616481689000068, 45.89283860900008 ], [ 34.613510000000133, 45.920528999000055 ], [ 34.649150180000106, 45.932282458000088 ], [ 34.560495384000035, 45.988021198000126 ], [ 34.569382197000039, 45.979175416000089 ], [ 34.554346281000107, 45.966240951000088 ], [ 34.591978000999973, 45.91696300000018 ], [ 34.570844858000157, 45.908485697000117 ], [ 34.524842325000179, 45.928981721000071 ], [ 34.535053014000084, 45.92389787500008 ], [ 34.521087074000093, 45.894961395000053 ], [ 34.476204001000156, 45.861434 ], [ 34.489977836000037, 45.917859536000094 ], [ 34.474594374000105, 45.944859319000045 ], [ 34.428233, 45.934432000000129 ], [ 34.440024001000154, 45.891009000000167 ], [ 34.423712001000126, 45.874251999000194 ], [ 34.428992000000108, 45.908918 ], [ 34.414892000000179, 45.907787000000155 ], [ 34.418891002000123, 45.889967 ], [ 34.401070000000175, 45.88422700000018 ], [ 34.413824999000099, 45.893975 ], [ 34.404384999000115, 45.913175 ], [ 34.379174, 45.899177 ], [ 34.385828001000164, 45.935469000000126 ], [ 34.401672, 45.917191999000181 ], [ 34.398099, 45.928104 ], [ 34.421040999000127, 45.923691999000141 ], [ 34.408339000000126, 45.943342000000143 ], [ 34.437466001000075, 45.946896999000046 ], [ 34.356275466000056, 46.036852231000012 ], [ 34.337923001000092, 46.039668999000014 ], [ 34.323146000000179, 46.038978999000165 ], [ 34.343527001000155, 46.037972999000033 ], [ 34.346504000000152, 46.031012 ], [ 34.331444500000089, 46.023391999000125 ], [ 34.322185, 46.029614 ], [ 34.315342999000165, 46.027151000000174 ], [ 34.337385, 46.015322999000034 ], [ 34.321, 45.988545999000166 ], [ 34.309591001000115, 46.005977 ], [ 34.305799001000082, 45.99699900000013 ], [ 34.283813, 46.002995 ], [ 34.276863001000095, 46.012126 ], [ 34.275067000999968, 46.020722 ], [ 34.285715001000142, 46.042275999000083 ], [ 34.269968001000166, 46.049703999000087 ], [ 34.282445000000166, 46.042851000000155 ], [ 34.258329, 46.035166 ], [ 34.269996001000152, 46.017953000000148 ], [ 34.256208, 46.032769000000144 ], [ 34.250697, 46.02035599900006 ], [ 34.236816, 46.013031000000183 ], [ 34.254397998, 45.984605000000101 ], [ 34.240833000000123, 45.99469499900016 ], [ 34.235364, 45.9761850000001 ], [ 34.2262260010001, 46.016389 ], [ 34.240590000999987, 46.031582000000185 ], [ 34.109187002000112, 46.067304000000149 ], [ 34.104332998000132, 46.050424999000029 ], [ 34.123555, 46.061061000000166 ], [ 34.145205, 46.028153999000097 ], [ 34.169485001000055, 46.013075000000129 ], [ 34.164885, 46.026626 ], [ 34.186787000000152, 46.023529000000167 ], [ 34.198940000999983, 46.003042999000058 ], [ 34.220460001000106, 45.949178 ], [ 34.170274, 45.947230000000161 ], [ 34.180896000000132, 45.944445 ], [ 34.184655000000134, 45.937030000000163 ], [ 34.184348500000169, 45.931480000000136 ], [ 34.12051700100011, 45.953397 ], [ 34.101272000000165, 45.981109 ], [ 34.142027001000145, 45.969717000000173 ], [ 34.186330000000169, 46.001834000000144 ], [ 34.147923000000105, 45.989285000000109 ], [ 34.167018, 46.005620000000192 ], [ 34.157774001000064, 46.018878 ], [ 34.121225001000084, 46.025182000000143 ], [ 34.128272, 46.037357000000156 ], [ 34.09146400100019, 46.045453999000131 ], [ 34.082657001000143, 46.074036 ], [ 34.07589, 46.060915000000136 ], [ 34.060471, 46.064228000000185 ] ] ], [ [ [ 34.696640001000048, 45.710065999000108 ], [ 34.696554001000038, 45.711158999000077 ], [ 34.694079000000158, 45.710321499000088 ], [ 34.696640001000048, 45.710065999000108 ] ] ], [ [ [ 34.706751, 45.720044 ], [ 34.706401001000131, 45.720966 ], [ 34.705196301000115, 45.720713228000079 ], [ 34.706751, 45.720044 ] ] ], [ [ [ 34.68636349999997, 45.722505500000182 ], [ 34.689758, 45.723424000000193 ], [ 34.690396999000029, 45.724851999000123 ], [ 34.68636349999997, 45.722505500000182 ] ] ], [ [ [ 34.680973, 45.725472999000147 ], [ 34.684243, 45.725524000000178 ], [ 34.685497001000158, 45.726281000000142 ], [ 34.680973, 45.725472999000147 ] ] ], [ [ [ 34.729789, 45.724794 ], [ 34.733177000000182, 45.725814 ], [ 34.732154, 45.727268999000046 ], [ 34.729789, 45.724794 ] ] ], [ [ [ 34.73491999800018, 45.729619001000174 ], [ 34.740105001000074, 45.730115999000077 ], [ 34.740405000000123, 45.730551000000105 ], [ 34.73491999800018, 45.729619001000174 ] ] ], [ [ [ 34.741132001000153, 45.72967 ], [ 34.746329, 45.730612000000178 ], [ 34.740619, 45.729954999000086 ], [ 34.741132001000153, 45.72967 ] ] ], [ [ [ 34.780399000000102, 45.732452999000031 ], [ 34.767260949000104, 45.732492493000052 ], [ 34.764737661000026, 45.730346821000182 ], [ 34.767544000000157, 45.731486000000189 ], [ 34.780399000000102, 45.732452999000031 ] ] ], [ [ [ 34.764593215000161, 45.732529581000108 ], [ 34.756204001000071, 45.734184000000141 ], [ 34.75125700100017, 45.73238 ], [ 34.764593215000161, 45.732529581000108 ] ] ], [ [ [ 34.752460001000088, 45.767381999000065 ], [ 34.75144900000015, 45.765281 ], [ 34.754065001000185, 45.767171999000141 ], [ 34.752460001000088, 45.767381999000065 ] ] ], [ [ [ 34.753313, 45.763354000000163 ], [ 34.759239000999969, 45.768182000000138 ], [ 34.748810000000105, 45.762226 ], [ 34.753313, 45.763354000000163 ] ] ], [ [ [ 34.756491999000048, 45.769528999000102 ], [ 34.758407206000186, 45.769517330000099 ], [ 34.760414001000015, 45.77032 ], [ 34.756491999000048, 45.769528999000102 ] ] ], [ [ [ 34.488807001000055, 45.786501 ], [ 34.500522000000103, 45.795487000000151 ], [ 34.485070000000178, 45.788057 ], [ 34.488807001000055, 45.786501 ] ] ], [ [ [ 34.479657000000145, 45.797261 ], [ 34.480072000000177, 45.793341 ], [ 34.493433, 45.795414000000164 ], [ 34.479657000000145, 45.797261 ] ] ], [ [ [ 34.492333, 45.79865 ], [ 34.498519970000189, 45.797980757000175 ], [ 34.49995386300003, 45.801114643000119 ], [ 34.492333, 45.79865 ] ] ], [ [ [ 34.489421000000107, 45.799197000000163 ], [ 34.493510500000127, 45.800080999000045 ], [ 34.487217500000042, 45.800726 ], [ 34.489421000000107, 45.799197000000163 ] ] ], [ [ [ 34.509254001000045, 45.797063 ], [ 34.508401001000152, 45.80298 ], [ 34.49872600100008, 45.797093000000189 ], [ 34.509254001000045, 45.797063 ] ] ], [ [ [ 34.548262000000193, 45.804466 ], [ 34.54707600100005, 45.806126999000071 ], [ 34.540112001000068, 45.805271 ], [ 34.548262000000193, 45.804466 ] ] ], [ [ [ 34.54923500100017, 45.804907000000128 ], [ 34.558729, 45.806257 ], [ 34.561663000000181, 45.808544999000105 ], [ 34.54923500100017, 45.804907000000128 ] ] ], [ [ [ 34.732981001000041, 45.822312000000124 ], [ 34.734490000000108, 45.823758999 ], [ 34.732436000000178, 45.822510000000136 ], [ 34.732981001000041, 45.822312000000124 ] ] ], [ [ [ 34.702849232000119, 45.817659856000148 ], [ 34.734735478000175, 45.827473456000121 ], [ 34.719631000000106, 45.824790999000129 ], [ 34.70638471400008, 45.82057949700004 ], [ 34.703613473000075, 45.819146195000087 ], [ 34.702849232000119, 45.817659856000148 ] ] ], [ [ [ 34.753583000000162, 45.861907999000096 ], [ 34.750806001000171, 45.86346600000013 ], [ 34.750378593000164, 45.85823587200008 ], [ 34.753583000000162, 45.861907999000096 ] ] ], [ [ [ 34.780697001000135, 45.901929 ], [ 34.777857000999973, 45.90205 ], [ 34.782244446, 45.897046043000046 ], [ 34.780697001000135, 45.901929 ] ] ], [ [ [ 34.175213001000031, 45.942036999000095 ], [ 34.175852488000089, 45.942590897000116 ], [ 34.174708000000123, 45.942608000000178 ], [ 34.175213001000031, 45.942036999000095 ] ] ], [ [ [ 34.429502001000117, 45.938292000000104 ], [ 34.434393421000038, 45.943251420000138 ], [ 34.427903, 45.93879699900009 ], [ 34.429502001000117, 45.938292000000104 ] ] ], [ [ [ 34.562362000000121, 45.976493999000184 ], [ 34.5643250010001, 45.976374000000135 ], [ 34.563594, 45.977149000000111 ], [ 34.562362000000121, 45.976493999000184 ] ] ], [ [ [ 34.553410207000127, 45.96807639900004 ], [ 34.555923001000167, 45.982344999000077 ], [ 34.552702416000045, 45.9738275200001 ], [ 34.553410207000127, 45.96807639900004 ] ] ], [ [ [ 34.243809506000048, 45.996279480000055 ], [ 34.245113001000163, 45.996943000000101 ], [ 34.243781000000126, 45.996780999000123 ], [ 34.243809506000048, 45.996279480000055 ] ] ], [ [ [ 34.238951897000163, 45.9969989760001 ], [ 34.241085001000101, 45.997099 ], [ 34.240947000000119, 45.997624000000144 ], [ 34.238951897000163, 45.9969989760001 ] ] ], [ [ [ 34.325219765999975, 46.001160780000191 ], [ 34.326518000000135, 46.001129 ], [ 34.32655700000015, 46.001501 ], [ 34.325219765999975, 46.001160780000191 ] ] ], [ [ [ 34.286528000000146, 46.003444000000115 ], [ 34.284354, 46.003744999000048 ], [ 34.287333002000139, 46.002400999000031 ], [ 34.286528000000146, 46.003444000000115 ] ] ], [ [ [ 34.317871001000071, 46.0028 ], [ 34.322878, 46.003883 ], [ 34.319015001000082, 46.004561000000137 ], [ 34.317871001000071, 46.0028 ] ] ], [ [ [ 34.282686001000116, 46.005315 ], [ 34.283558001000188, 46.006660000000124 ], [ 34.282698001000085, 46.006391999000016 ], [ 34.282686001000116, 46.005315 ] ] ], [ [ [ 34.320711840000058, 46.005585059000055 ], [ 34.321328410999968, 46.006272822000028 ], [ 34.320356001000164, 46.006260999000062 ], [ 34.320711840000058, 46.005585059000055 ] ] ], [ [ [ 34.282406110000181, 46.00792762400016 ], [ 34.283136167000066, 46.007225940000012 ], [ 34.283059, 46.00798899900019 ], [ 34.282406110000181, 46.00792762400016 ] ] ], [ [ [ 34.313654767000116, 46.009151694000195 ], [ 34.315231, 46.009478 ], [ 34.313208, 46.009865 ], [ 34.313654767000116, 46.009151694000195 ] ] ], [ [ [ 34.280898, 46.009005999000124 ], [ 34.282660001000124, 46.010716000000116 ], [ 34.281686001000025, 46.01088 ], [ 34.280898, 46.009005999000124 ] ] ], [ [ [ 34.283990000000131, 46.01073300000013 ], [ 34.284930001000191, 46.010941000000116 ], [ 34.2843400000001, 46.011186000000123 ], [ 34.283990000000131, 46.01073300000013 ] ] ], [ [ [ 34.233274001000041, 46.00768299900011 ], [ 34.22846199900016, 46.016440000000159 ], [ 34.228160001000049, 46.010906498999987 ], [ 34.233274001000041, 46.00768299900011 ] ] ], [ [ [ 34.238319001000036, 46.016506000000106 ], [ 34.239018, 46.017601000000127 ], [ 34.237190000000169, 46.016521000000125 ], [ 34.238319001000036, 46.016506000000106 ] ] ], [ [ [ 34.233593, 46.017029 ], [ 34.235412001000043, 46.017638999000155 ], [ 34.234066001000031, 46.017967 ], [ 34.233593, 46.017029 ] ] ], [ [ [ 34.229313000000161, 46.017075000000148 ], [ 34.229786, 46.018168999000125 ], [ 34.22797, 46.017563000000166 ], [ 34.229313000000161, 46.017075000000148 ] ] ], [ [ [ 34.24059700000015, 46.017582000000175 ], [ 34.243313001000047, 46.018024000000139 ], [ 34.243321, 46.018336998999985 ], [ 34.24059700000015, 46.017582000000175 ] ] ], [ [ [ 34.329624, 46.016708999000116 ], [ 34.33143500000017, 46.017682999000101 ], [ 34.329423352000163, 46.016998855000111 ], [ 34.329624, 46.016708999000116 ] ] ], [ [ [ 34.307001000000184, 46.017725 ], [ 34.308759001000055, 46.017108999000186 ], [ 34.308041001000163, 46.018330999000057 ], [ 34.307001000000184, 46.017725 ] ] ], [ [ [ 34.31975, 46.018068 ], [ 34.304533001000152, 46.008272 ], [ 34.328102, 46.014352999000039 ], [ 34.31975, 46.018068 ] ] ], [ [ [ 34.30844100000013, 46.019452000000172 ], [ 34.310365001000037, 46.020417999000074 ], [ 34.308606000000111, 46.020419 ], [ 34.30844100000013, 46.019452000000172 ] ] ], [ [ [ 34.247002001000112, 46.021599000000151 ], [ 34.248394001000179, 46.023312000000146 ], [ 34.24680700100015, 46.023014 ], [ 34.247002001000112, 46.021599000000151 ] ] ], [ [ [ 34.316446, 46.02037 ], [ 34.319160001000171, 46.020098000000132 ], [ 34.317794, 46.022629000000109 ], [ 34.316446, 46.02037 ] ] ], [ [ [ 34.371848001000046, 46.020384999000157 ], [ 34.373115001000087, 46.02223000000015 ], [ 34.371121000000187, 46.021422 ], [ 34.371848001000046, 46.020384999000157 ] ] ], [ [ [ 34.292188, 46.022145 ], [ 34.294052, 46.022439999000028 ], [ 34.291859001000091, 46.023178 ], [ 34.292188, 46.022145 ] ] ], [ [ [ 34.319530000000157, 46.021098999000117 ], [ 34.320895001000167, 46.022395000000131 ], [ 34.319201, 46.02297300000015 ], [ 34.319530000000157, 46.021098999000117 ] ] ], [ [ [ 34.246387001000016, 46.024433000000158 ], [ 34.247772001000044, 46.025829 ], [ 34.246189, 46.025536000000159 ], [ 34.246387001000016, 46.024433000000158 ] ] ], [ [ [ 34.124929263000126, 46.027198295000119 ], [ 34.126806000000101, 46.026865999000108 ], [ 34.126821001000167, 46.027236999000081 ], [ 34.124929263000126, 46.027198295000119 ] ] ], [ [ [ 34.122371001000033, 46.02619 ], [ 34.124451001000182, 46.026746 ], [ 34.124250001000064, 46.027586 ], [ 34.122371001000033, 46.02619 ] ] ], [ [ [ 34.142265000000179, 46.028034 ], [ 34.14183, 46.028824 ], [ 34.141144000000168, 46.028202 ], [ 34.142265000000179, 46.028034 ] ] ], [ [ [ 34.248699001000034, 46.026920001000178 ], [ 34.247372, 46.028034 ], [ 34.247349001000032, 46.026936000000148 ], [ 34.248699001000034, 46.026920001000178 ] ] ], [ [ [ 34.310743000000173, 46.028142999000124 ], [ 34.308541, 46.027803999000128 ], [ 34.311019000000101, 46.027848999000128 ], [ 34.310743000000173, 46.028142999000124 ] ] ], [ [ [ 34.311717000000101, 46.027836 ], [ 34.313927001000081, 46.027989 ], [ 34.313921, 46.028259 ], [ 34.311717000000101, 46.027836 ] ] ], [ [ [ 34.292535728000189, 46.028975496000157 ], [ 34.293435636000083, 46.02956795200015 ], [ 34.292389000000128, 46.029308999000136 ], [ 34.292535728000189, 46.028975496000157 ] ] ], [ [ [ 34.13982, 46.029785000000174 ], [ 34.140751001000069, 46.031033001000139 ], [ 34.139396999000098, 46.031048 ], [ 34.13982, 46.029785000000174 ] ] ], [ [ [ 34.243557, 46.028861999000071 ], [ 34.243137001000093, 46.030281000000173 ], [ 34.242454001000056, 46.029976000000147 ], [ 34.243557, 46.028861999000071 ] ] ], [ [ [ 34.290320000000179, 46.03133499900008 ], [ 34.290873001000193, 46.031986000000188 ], [ 34.289655001000142, 46.031821999000044 ], [ 34.290320000000179, 46.03133499900008 ] ] ], [ [ [ 34.287532001000159, 46.032037999000124 ], [ 34.288214999000047, 46.032153000000164 ], [ 34.287693501000035, 46.032595500000184 ], [ 34.287532001000159, 46.032037999000124 ] ] ], [ [ [ 34.314092115000051, 46.031724814000086 ], [ 34.314987002000123, 46.031881999 ], [ 34.314552, 46.032383 ], [ 34.314092115000051, 46.031724814000086 ] ] ], [ [ [ 34.244762001000026, 46.032306999000184 ], [ 34.247688, 46.031959999000094 ], [ 34.24704000000014, 46.033222000000137 ], [ 34.244762001000026, 46.032306999000184 ] ] ], [ [ [ 34.254257001000155, 46.033301999000116 ], [ 34.255833000999985, 46.033126999 ], [ 34.254494000000136, 46.033771000000115 ], [ 34.254257001000155, 46.033301999000116 ] ] ], [ [ [ 34.138569001000178, 46.034667999000135 ], [ 34.138592, 46.035767 ], [ 34.137459000999968, 46.035465000000102 ], [ 34.138569001000178, 46.034667999000135 ] ] ], [ [ [ 34.296285001000172, 46.033711999000104 ], [ 34.297147000000166, 46.03506199900005 ], [ 34.294746000000146, 46.034868999000082 ], [ 34.296285001000172, 46.033711999000104 ] ] ], [ [ [ 34.339789, 46.033209000000113 ], [ 34.324521, 46.034875000000113 ], [ 34.319874001000073, 46.03363800000011 ], [ 34.31651000200003, 46.031393999000159 ], [ 34.319859000000179, 46.031246 ], [ 34.315366, 46.030671999000106 ], [ 34.339789, 46.033209000000113 ] ] ], [ [ [ 34.13544800000011, 46.036426999000184 ], [ 34.135692, 46.037369 ], [ 34.134330999000156, 46.036911 ], [ 34.13544800000011, 46.036426999000184 ] ] ], [ [ [ 34.303819001000022, 46.034116 ], [ 34.30463495000015, 46.035333434000052 ], [ 34.303147000000138, 46.036214 ], [ 34.303819001000022, 46.034116 ] ] ], [ [ [ 34.310708001000194, 46.035742999000092 ], [ 34.313629662000096, 46.035798801000112 ], [ 34.313713, 46.036261 ], [ 34.310708001000194, 46.035742999000092 ] ] ], [ [ [ 34.257053999000107, 46.037197 ], [ 34.258427000000154, 46.037967999000159 ], [ 34.256854998000108, 46.0383 ], [ 34.257053999000107, 46.037197 ] ] ], [ [ [ 34.133251, 46.039276000000143 ], [ 34.135078, 46.040358999000091 ], [ 34.132591000000161, 46.040226000000189 ], [ 34.133251, 46.039276000000143 ] ] ], [ [ [ 34.321290487000056, 46.035098632000143 ], [ 34.31221900100013, 46.037656 ], [ 34.313819998000042, 46.036758999000142 ], [ 34.316144000000122, 46.033676 ], [ 34.315288001000056, 46.032151999000178 ], [ 34.321290487000056, 46.035098632000143 ] ] ], [ [ [ 34.259796, 46.038738000000194 ], [ 34.261391, 46.039349000000129 ], [ 34.259602001000076, 46.040153 ], [ 34.259796, 46.038738000000194 ] ] ], [ [ [ 34.1271670000001, 46.039650000000165 ], [ 34.127434001000097, 46.041691 ], [ 34.126751001000059, 46.041386000000102 ], [ 34.1271670000001, 46.039650000000165 ] ] ], [ [ [ 34.254391000000169, 46.039112001000149 ], [ 34.255551001000129, 46.040516 ], [ 34.253742000000102, 46.040379 ], [ 34.254391000000169, 46.039112001000149 ] ] ], [ [ [ 34.131489000000101, 46.041336 ], [ 34.131966002000183, 46.042586999000093 ], [ 34.130386000000158, 46.042606000000148 ], [ 34.131489000000101, 46.041336 ] ] ], [ [ [ 34.265178793000189, 46.042295991000174 ], [ 34.266509811000049, 46.041334 ], [ 34.26653279500016, 46.042280000000176 ], [ 34.265178793000189, 46.042295991000174 ] ] ], [ [ [ 34.131763001000138, 46.043846 ], [ 34.130879001000039, 46.044643000000121 ], [ 34.130188001000022, 46.044022 ], [ 34.131763001000138, 46.043846 ] ] ], [ [ [ 34.257805001000122, 46.040488999000047 ], [ 34.261932, 46.043430000000114 ], [ 34.257153, 46.04159499900004 ], [ 34.257805001000122, 46.040488999000047 ] ] ], [ [ [ 34.267353, 46.043681999000057 ], [ 34.268288001000087, 46.04493 ], [ 34.267151002000048, 46.044628000000102 ], [ 34.267353, 46.043681999000057 ] ] ], [ [ [ 34.200725000000148, 46.050845 ], [ 34.201420244000133, 46.050848964000011 ], [ 34.20151, 46.05124 ], [ 34.200725000000148, 46.050845 ] ] ], [ [ [ 34.19896900100008, 46.051630000000159 ], [ 34.200059581000062, 46.05207975899998 ], [ 34.198942116000069, 46.052011976000188 ], [ 34.19896900100008, 46.051630000000159 ] ] ], [ [ [ 34.204637961000174, 46.053243409000174 ], [ 34.209764, 46.052222999000151 ], [ 34.204317999000182, 46.054092000000139 ], [ 34.204637961000174, 46.053243409000174 ] ] ], [ [ [ 34.143446, 46.060395999000093 ], [ 34.144389, 46.060915999000144 ], [ 34.143472001000134, 46.060918 ], [ 34.143446, 46.060395999000093 ] ] ], [ [ [ 34.140441045000159, 46.061569578000103 ], [ 34.140940999000122, 46.062309 ], [ 34.140047000000152, 46.062121000000104 ], [ 34.140441045000159, 46.061569578000103 ] ] ], [ [ [ 34.077478998000117, 46.067256999000051 ], [ 34.078743363000171, 46.06809244100009 ], [ 34.076549, 46.068286 ], [ 34.077478998000117, 46.067256999000051 ] ] ], [ [ [ 34.162697001000083, 46.069880000000126 ], [ 34.166724000000102, 46.072657999000171 ], [ 34.162372001, 46.070229 ], [ 34.162697001000083, 46.069880000000126 ] ] ], [ [ [ 34.071957000000111, 46.075069 ], [ 34.068682, 46.075532 ], [ 34.069709001000149, 46.070586000000105 ], [ 34.071957000000111, 46.075069 ] ] ], [ [ [ 34.08078300000011, 46.100803 ], [ 34.094342, 46.086021999000138 ], [ 34.073973, 46.109953999000027 ], [ 34.08078300000011, 46.100803 ] ] ] ] } },
{ "type": "Feature", "properties": { "pcode": "UA0108", "name": "Yevpatoriiskyi", "oblast_pcode": "UA01", "oblast": "Autonomous Republic of Crimea", "area_sqkm": 3870.1021216600002, "city_pop": 0.0, "pop": 209588, "included": false }, "geometry": { "type": "Polygon", "coordinates": [ [ [ 33.099827029000096, 45.713226985000119 ], [ 32.956296087000112, 45.661077749000071 ], [ 32.828040096000052, 45.591716597000129 ], [ 32.820990380000126, 45.583916616000067 ], [ 32.845389974000113, 45.575171736000186 ], [ 32.829648644000088, 45.547671015000162 ], [ 32.7900038840001, 45.561642620000043 ], [ 32.711299846000031, 45.52847884 ], [ 32.709862318000091, 45.515303024000161 ], [ 32.689731982000012, 45.509391268000059 ], [ 32.692070771000033, 45.522753324 ], [ 32.563754475000167, 45.469866284000034 ], [ 32.480907751000188, 45.401201110000159 ], [ 32.514791878000096, 45.371558364000123 ], [ 32.493480515000044, 45.347247949000121 ], [ 32.652296986000067, 45.315354192000086 ], [ 32.7547005240001, 45.365216246000102 ], [ 32.912648108000099, 45.359900506000088 ], [ 33.064279001000159, 45.276414000000102 ], [ 33.148722000000134, 45.203281 ], [ 33.259758958000077, 45.148004314000161 ], [ 33.387251357000025, 45.197840203000055 ], [ 33.443628, 45.179322999000078 ], [ 33.564154522000138, 45.081279465000193 ], [ 33.604323192000152, 44.991679347000058 ], [ 33.681800461000194, 44.987607960000105 ], [ 33.67582220100013, 45.038363797000045 ], [ 33.798344001000089, 45.043709001000025 ], [ 33.798159999000177, 45.076103 ], [ 33.77227, 45.076809 ], [ 33.774281000000144, 45.094715000000122 ], [ 33.898449001000017, 45.105679 ], [ 33.915249000000188, 45.160538 ], [ 33.897556000000122, 45.162956 ], [ 33.896465, 45.190548 ], [ 33.956565999000077, 45.191048000000194 ], [ 33.914326000000187, 45.289848000000177 ], [ 33.884834000000183, 45.289467001000162 ], [ 33.89172, 45.334549 ], [ 33.916115, 45.334995000000163 ], [ 33.904762, 45.398319 ], [ 33.802681, 45.398192999 ], [ 33.817978, 45.440372 ], [ 33.738720000000171, 45.439114000000188 ], [ 33.733330001000184, 45.417557 ], [ 33.707431999000164, 45.416367001000083 ], [ 33.679371000000174, 45.445782000000179 ], [ 33.651859001000162, 45.443241 ], [ 33.607586095000045, 45.435385728000085 ], [ 33.597567032000143, 45.402580966000073 ], [ 33.574259608000091, 45.402543341000069 ], [ 33.577344160000052, 45.43319792200009 ], [ 33.551475512000025, 45.444462028000032 ], [ 33.431931000000134, 45.432137 ], [ 33.430835999000067, 45.455986000000166 ], [ 33.459663, 45.463970000000131 ], [ 33.465149, 45.508938 ], [ 33.392838000000154, 45.506958000000168 ], [ 33.394245000000183, 45.525398000000166 ], [ 33.36161, 45.526405000000182 ], [ 33.37545800100014, 45.478455001000043 ], [ 33.335728000000131, 45.479248000000155 ], [ 33.32144200100015, 45.553516000000172 ], [ 33.233414, 45.557331 ], [ 33.229458, 45.607723000000192 ], [ 33.205105, 45.608219001000066 ], [ 33.205291999000167, 45.65950400000014 ], [ 33.115482000000156, 45.661877 ], [ 33.12582399900009, 45.696957000000168 ], [ 33.101429, 45.696079001000101 ], [ 33.099827029000096, 45.713226985000119 ] ] ] } },
{ "type": "Feature", "properties": { "pcode": "UA0110", "name": "Kerchenskyi", "oblast_pcode": "UA01", "oblast": "Autonomous Republic of Crimea", "area_sqkm": 3025.6340067400001, "city_pop": 0.0, "pop": 140056, "included": false }, "geometry": { "type": "MultiPolygon", "coordinates": [ [ [ [ 35.0791827810001, 45.626661451000132 ], [ 34.920628966000152, 45.832516724000186 ], [ 35.005660098000192, 45.681359332000113 ], [ 35.029141486000071, 45.673641116000113 ], [ 35.062452000000178, 45.622958 ], [ 35.088602879000064, 45.611277588000121 ], [ 35.306757266000034, 45.389249883000105 ], [ 35.323419859000182, 45.391245757000036 ], [ 35.415851689000078, 45.301632923000113 ], [ 35.421390859000098, 45.299687137000092 ], [ 35.428925682000113, 45.303567251000118 ], [ 35.412998323000068, 45.304865679000102 ], [ 35.421627776000093, 45.315424590000191 ], [ 35.476742000000172, 45.294916000000114 ], [ 35.464758501000119, 45.278881500000182 ], [ 35.481669370000191, 45.268508960000077 ], [ 35.454883184000039, 45.259110219000036 ], [ 35.464733, 45.218304000000103 ], [ 35.426109001000043, 45.214915999000027 ], [ 35.429653, 45.171814001000143 ], [ 35.514788999000018, 45.169746 ], [ 35.530007022000177, 45.128940014000193 ], [ 35.615783332000092, 45.126757874000134 ], [ 35.727572, 45.09347499900008 ], [ 35.809003665000091, 45.04446709900003 ], [ 35.836834543000123, 44.999750596000069 ], [ 35.911516445000132, 45.020243388000097 ], [ 35.953582998000059, 45.013185848000035 ], [ 36.031096775000094, 45.050259874000176 ], [ 36.2253260600001, 45.028229038000063 ], [ 36.259134000000131, 45.051955999000086 ], [ 36.374534757999982, 45.059237286999974 ], [ 36.424503296000125, 45.078124591000062 ], [ 36.453425806000098, 45.100259722000033 ], [ 36.405808748000027, 45.174058332000129 ], [ 36.402197000000115, 45.21399 ], [ 36.421010325000054, 45.237149737000038 ], [ 36.421831270000041, 45.245313386000078 ], [ 36.433581484000058, 45.258473261000063 ], [ 36.4372076410001, 45.270267748000151 ], [ 36.427231041000141, 45.277162803000124 ], [ 36.432131145000028, 45.259151912 ], [ 36.417735150000055, 45.242479152000044 ], [ 36.413516704000074, 45.243038745000035 ], [ 36.426423990000046, 45.254617376000169 ], [ 36.408118788000024, 45.260156143000074 ], [ 36.428893885000036, 45.257887817000153 ], [ 36.417488917000185, 45.284526885000162 ], [ 36.493761610000035, 45.317661842000064 ], [ 36.470523611000147, 45.334863926000139 ], [ 36.482840226000064, 45.361044447000154 ], [ 36.596766177000177, 45.346302174000073 ], [ 36.646226236000075, 45.382910050000191 ], [ 36.607595, 45.409206001000143 ], [ 36.613510912000152, 45.422104372000035 ], [ 36.596032, 45.437766 ], [ 36.553417228, 45.423511952000126 ], [ 36.476210055000081, 45.456340376000185 ], [ 36.413955214999987, 45.44578255100015 ], [ 36.344183587000032, 45.483511066000119 ], [ 36.325932877000071, 45.470431102000191 ], [ 36.284391194000079, 45.481467893000058 ], [ 36.12556856100008, 45.462208845000134 ], [ 36.072645000000136, 45.442034999000043 ], [ 36.072398294000152, 45.406870610000112 ], [ 36.050603784000032, 45.38693956200018 ], [ 35.978999881999982, 45.370533680000051 ], [ 35.873879362000025, 45.415718641000069 ], [ 35.845644525000068, 45.448141625000119 ], [ 35.87220902700011, 45.466729093000083 ], [ 35.845184958000118, 45.473046690000103 ], [ 35.820728838999969, 45.461150479000139 ], [ 35.819229127000085, 45.431615772999976 ], [ 35.748786797000037, 45.393832414000087 ], [ 35.761230166000132, 45.373361561000195 ], [ 35.720800000000168, 45.334974 ], [ 35.518300001000114, 45.284278 ], [ 35.407535001000099, 45.333897 ], [ 35.310927598000148, 45.405159074000039 ], [ 35.0791827810001, 45.626661451000132 ] ] ], [ [ [ 35.456469, 45.270059 ], [ 35.463362001, 45.274944999000127 ], [ 35.464371000000142, 45.278658000000121 ], [ 35.456469, 45.270059 ] ] ], [ [ [ 36.577414927000063, 45.249818535000031 ], [ 36.52531477000008, 45.288348929000051 ], [ 36.550547875000177, 45.261443974000144 ], [ 36.563857880000057, 45.253653505000102 ], [ 36.577414927000063, 45.249818535000031 ] ] ], [ [ [ 36.52445879600009, 45.289077479000071 ], [ 36.519409298000141, 45.29076361400007 ], [ 36.51831612400008, 45.290410312000176 ], [ 36.52445879600009, 45.289077479000071 ] ] ], [ [ [ 35.36218, 45.342904000000146 ], [ 35.366384001000029, 45.346995499000172 ], [ 35.359545, 45.350711999 ], [ 35.36218, 45.342904000000146 ] ] ], [ [ [ 35.087821634000136, 45.592981193000185 ], [ 35.088515000000143, 45.592810999000108 ], [ 35.085919000000104, 45.60072299899997 ], [ 35.087821634000136, 45.592981193000185 ] ] ], [ [ [ 35.085708001000171, 45.604594 ], [ 35.086805, 45.604918999000063 ], [ 35.085503000000188, 45.604915000000176 ], [ 35.085708001000171, 45.604594 ] ] ], [ [ [ 35.083273002000055, 45.604619999000192 ], [ 35.083970000000136, 45.604226 ], [ 35.08378, 45.60786400000012 ], [ 35.082687001000124, 45.611394000000132 ], [ 35.083273002000055, 45.604619999000192 ] ] ] ] } },
{ "type": "Feature", "properties": { "pcode": "UA0112", "name": "Kurmanskyi", "oblast_pcode": "UA01", "oblast": "Autonomous Republic of Crimea", "area_sqkm": 3247.5487097700002, "city_pop": 0.0, "pop": 146016, "included": false }, "geometry": { "type": "Polygon", "coordinates": [ [ [ 33.894070001000102, 45.783107001000189 ], [ 33.880573, 45.797829000000149 ], [ 33.76870700000012, 45.806545 ], [ 33.768875001000083, 45.77631 ], [ 33.734192000000178, 45.772945 ], [ 33.745148, 45.748829 ], [ 33.704700000000173, 45.734215 ], [ 33.715278999000191, 45.703835001000186 ], [ 33.696624999000051, 45.704799999000102 ], [ 33.697468001000175, 45.720989000000145 ], [ 33.657654, 45.721225999000126 ], [ 33.659252000000151, 45.748207 ], [ 33.605923000000189, 45.748050999000043 ], [ 33.600144, 45.628422 ], [ 33.578978999000071, 45.628078000000187 ], [ 33.575355000000116, 45.587158 ], [ 33.534554, 45.572632000000169 ], [ 33.526816602000054, 45.477640237000116 ], [ 33.647057846000166, 45.472787137000182 ], [ 33.650233254, 45.442927980000093 ], [ 33.679371000000174, 45.445782000000179 ], [ 33.707431999000164, 45.416367001000083 ], [ 33.733330001000184, 45.417557 ], [ 33.738720000000171, 45.439114000000188 ], [ 33.817978, 45.440372 ], [ 33.802681, 45.398192999 ], [ 33.904762, 45.398319 ], [ 33.916115, 45.334995000000163 ], [ 33.89172, 45.334549 ], [ 33.884834000000183, 45.289467001000162 ], [ 33.914326000000187, 45.289848000000177 ], [ 33.934818000000178, 45.244556000000102 ], [ 33.980743, 45.244743 ], [ 33.974726999000097, 45.190807000000177 ], [ 34.000175999000078, 45.190586001000099 ], [ 34.001918999000054, 45.217564 ], [ 34.018467000000101, 45.217419 ], [ 34.021296999000015, 45.23313900100004 ], [ 34.068398000000116, 45.232258 ], [ 34.069328000000155, 45.247997 ], [ 34.098270000000127, 45.248031999000034 ], [ 34.086048001000051, 45.227595999000073 ], [ 34.187321000000111, 45.225460000000169 ], [ 34.188683, 45.25297499900006 ], [ 34.207703001000141, 45.255718000000115 ], [ 34.218185000000119, 45.284901000000104 ], [ 34.317192000000148, 45.280498001000069 ], [ 34.332717998000078, 45.208786001000135 ], [ 34.448998, 45.226265001000058 ], [ 34.520264000000168, 45.224887999000146 ], [ 34.52241100100008, 45.210014 ], [ 34.545318000000123, 45.209705 ], [ 34.560742001000108, 45.226814000000104 ], [ 34.535301000000175, 45.239532 ], [ 34.533791000000122, 45.254398000000151 ], [ 34.559906001000058, 45.254498 ], [ 34.544117, 45.329841999 ], [ 34.609172999, 45.329842 ], [ 34.609798001000058, 45.351879 ], [ 34.602508, 45.387524 ], [ 34.581435999000121, 45.387363001000097 ], [ 34.581326000000161, 45.406261 ], [ 34.537224001000027, 45.405064 ], [ 34.526813111000024, 45.435571991000131 ], [ 34.569268048000083, 45.453030493000142 ], [ 34.549493984000151, 45.496789997000064 ], [ 34.563460999000029, 45.522574999000085 ], [ 34.521854000000133, 45.522240001000114 ], [ 34.507342999000173, 45.54745500100006 ], [ 34.463092999000025, 45.547455000000184 ], [ 34.463181, 45.566505 ], [ 34.419495, 45.56784400000015 ], [ 34.404175, 45.549914999000066 ], [ 34.258767714000101, 45.564912488000061 ], [ 34.256660000000124, 45.626232 ], [ 34.191630999000097, 45.627682000000107 ], [ 34.182925999000133, 45.598709 ], [ 34.143246, 45.581463 ], [ 34.141644000000156, 45.613945000000172 ], [ 34.064896, 45.632548999 ], [ 34.078540999000154, 45.665840000000173 ], [ 34.102302000000122, 45.666966000000116 ], [ 34.111434999000039, 45.683979000000193 ], [ 34.101616, 45.762791001000039 ], [ 34.119610000000137, 45.762615001000029 ], [ 34.122931999000059, 45.784176 ], [ 34.080704000000139, 45.8027340000001 ], [ 34.01472899900017, 45.804893 ], [ 34.014603002000115, 45.78474 ], [ 34.031241999000088, 45.780540001000077 ], [ 34.013638001000118, 45.766979 ], [ 33.974449000000106, 45.767994 ], [ 33.972851001000151, 45.786903000000109 ], [ 33.894070001000102, 45.783107001000189 ] ] ] } },
{ "type": "Feature", "properties": { "pcode": "UA0114", "name": "Perekopskyi", "oblast_pcode": "UA01", "oblast": "Autonomous Republic of Crimea", "area_sqkm": 2476.45395199, "city_pop": 0.0, "pop": 154956, "included": false }, "geometry": { "type": "MultiPolygon", "coordinates": [ [ [ [ 33.705414001000179, 46.171378999000183 ], [ 33.700644138000143, 46.199729069 ], [ 33.665650001000074, 46.221245999000075 ], [ 33.615277000000162, 46.226394999000149 ], [ 33.636708999, 46.140223001000152 ], [ 33.615874045999988, 46.127596834000087 ], [ 33.642654999000115, 46.079706000000101 ], [ 33.614722, 46.052798000000166 ], [ 33.632029001000035, 45.966408999000123 ], [ 33.618137, 45.94691750000004 ], [ 33.739808000000153, 45.952332 ], [ 33.759239515000047, 45.934905209000135 ], [ 33.679111999000156, 45.906155001 ], [ 33.683041948000152, 45.843105483999977 ], [ 33.613597362000121, 45.890283335000049 ], [ 33.566744967000147, 45.868597740000155 ], [ 33.543466337000154, 45.835636310000154 ], [ 33.526673685000048, 45.848035544000084 ], [ 33.502603407000095, 45.840295751000156 ], [ 33.496714262000182, 45.857667258000106 ], [ 33.427946605000045, 45.835293996000075 ], [ 33.351638414000092, 45.783906309000031 ], [ 33.23833739700018, 45.750890434000098 ], [ 33.178420060000121, 45.775617751000084 ], [ 33.179158929000039, 45.807509253000035 ], [ 33.153664263000053, 45.732515609000018 ], [ 33.100846843000113, 45.713248414000077 ], [ 33.101429, 45.696079001000101 ], [ 33.12582399900009, 45.696957000000168 ], [ 33.115482000000156, 45.661877 ], [ 33.205291999000167, 45.65950400000014 ], [ 33.205105, 45.608219001000066 ], [ 33.229458, 45.607723000000192 ], [ 33.233414, 45.557331 ], [ 33.32144200100015, 45.553516000000172 ], [ 33.335728000000131, 45.479248000000155 ], [ 33.37545800100014, 45.478455001000043 ], [ 33.36161, 45.526405000000182 ], [ 33.394245000000183, 45.525398000000166 ], [ 33.392838000000154, 45.506958000000168 ], [ 33.465149, 45.508938 ], [ 33.459663, 45.463970000000131 ], [ 33.430835999000067, 45.455986000000166 ], [ 33.431931000000134, 45.432137 ], [ 33.551475512000025, 45.444462028000032 ], [ 33.577344160000052, 45.43319792200009 ], [ 33.574259608000091, 45.402543341000069 ], [ 33.597567032000143, 45.402580966000073 ], [ 33.607586095000045, 45.435385728000085 ], [ 33.65035450400012, 45.440968666000174 ], [ 33.647057846000166, 45.472787137000182 ], [ 33.526816602000054, 45.477640237000116 ], [ 33.534554, 45.572632000000169 ], [ 33.575355000000116, 45.587158 ], [ 33.578978999000071, 45.628078000000187 ], [ 33.600144, 45.628422 ], [ 33.605923000000189, 45.748050999000043 ], [ 33.659252000000151, 45.748207 ], [ 33.657654, 45.721225999000126 ], [ 33.697468001000175, 45.720989000000145 ], [ 33.696624999000051, 45.704799999000102 ], [ 33.715278999000191, 45.703835001000186 ], [ 33.704700000000173, 45.734215 ], [ 33.745148, 45.748829 ], [ 33.734192000000178, 45.772945 ], [ 33.768875001000083, 45.77631 ], [ 33.76870700000012, 45.806545 ], [ 33.880573, 45.797829000000149 ], [ 33.896263, 45.782581000000107 ], [ 33.972851001000151, 45.786903000000109 ], [ 33.974449000000106, 45.767994 ], [ 34.013638001000118, 45.766979 ], [ 34.031241999000088, 45.780540001000077 ], [ 34.014603002000115, 45.78474 ], [ 34.01472899900017, 45.804893 ], [ 34.080704000000139, 45.8027340000001 ], [ 34.080376000000172, 45.820411999000044 ], [ 34.104038001000163, 45.820347 ], [ 34.101418, 45.856715999000187 ], [ 34.154919000000177, 45.854034001000173 ], [ 34.154797, 45.879227000000185 ], [ 34.133545, 45.879436999000063 ], [ 34.132934999000156, 45.912731000000122 ], [ 34.097748, 45.908588000000179 ], [ 34.093323000000112, 45.93021 ], [ 34.108360000000118, 45.940865 ], [ 34.069195001000082, 45.958603001000142 ], [ 34.057308, 45.983807000000184 ], [ 34.086411000000169, 45.997875000000136 ], [ 34.094535999000186, 46.021206000000177 ], [ 34.072064, 46.031177999000022 ], [ 34.080211999000028, 46.051791999000159 ], [ 34.044144001000177, 46.05752599900012 ], [ 34.065439, 46.08107600000011 ], [ 34.056410000000142, 46.088657999000134 ], [ 34.021144001000152, 46.101619999000036 ], [ 33.944193527999971, 46.093758 ], [ 33.933054934000154, 46.082798958000183 ], [ 33.958935001000157, 46.063975 ], [ 33.971549000000152, 46.074832 ], [ 33.99826933200012, 46.062316666000129 ], [ 33.94417600200012, 46.056421000000114 ], [ 33.969119001000081, 46.029569 ], [ 33.991373299000031, 46.029257905000179 ], [ 33.965621000999988, 46.028731000000164 ], [ 33.963839001000167, 46.018906000000129 ], [ 33.957448001000046, 46.006679499000029 ], [ 33.96457300100019, 46.029213999000092 ], [ 33.927387001000056, 46.046852 ], [ 33.942317615000093, 46.047062411000184 ], [ 33.940384000000108, 46.071223 ], [ 33.911081608000131, 46.063308376000123 ], [ 33.913612365, 46.0338519230001 ], [ 33.909184354000047, 46.023350171 ], [ 33.901394224000114, 46.020156230000168 ], [ 33.893288123000048, 46.036794998000175 ], [ 33.88198716900007, 46.02751496400009 ], [ 33.872381094000104, 46.03404317900015 ], [ 33.901225870000189, 46.046094680000124 ], [ 33.877026582999974, 46.088735573000122 ], [ 33.828951247000191, 46.105395263000105 ], [ 33.800750619000098, 46.086714648000168 ], [ 33.827044486000091, 46.119908057000089 ], [ 33.846617480000077, 46.110039734000111 ], [ 33.839351000000136, 46.120172 ], [ 33.864493999000103, 46.139742 ], [ 33.845122000000117, 46.173269000000175 ], [ 33.832430001000091, 46.1752800000001 ], [ 33.848763999000084, 46.1655 ], [ 33.844353, 46.161445001000175 ], [ 33.82254, 46.171851 ], [ 33.833966168000075, 46.181492536000064 ], [ 33.803658999000049, 46.178886 ], [ 33.811631741000156, 46.148095449000152 ], [ 33.826041447000136, 46.149174056000106 ], [ 33.799787221000145, 46.118869791000179 ], [ 33.772955505000027, 46.126314274000151 ], [ 33.771621001000085, 46.144030999000108 ], [ 33.736245001000157, 46.138938001000099 ], [ 33.727664799000024, 46.17318165 ], [ 33.705414001000179, 46.171378999000183 ] ] ], [ [ [ 33.505805, 45.853979000000152 ], [ 33.503613001000133, 45.854198001000043 ], [ 33.507644001000074, 45.852675 ], [ 33.505805, 45.853979000000152 ] ] ], [ [ [ 33.512161000000162, 45.854618999000081 ], [ 33.509274001000108, 45.859343 ], [ 33.506647999000108, 45.856590000000153 ], [ 33.512161000000162, 45.854618999000081 ] ] ], [ [ [ 33.523387000000128, 45.867962000000148 ], [ 33.54248200100011, 45.881625000000156 ], [ 33.538131001000124, 45.879940998999984 ], [ 33.53111100100017, 45.875189 ], [ 33.523614, 45.869591999000079 ], [ 33.523387000000128, 45.867962000000148 ] ] ], [ [ [ 33.640268627000012, 45.943725100000051 ], [ 33.64334539500004, 45.944020997000109 ], [ 33.643890308000096, 45.945254826000166 ], [ 33.640268627000012, 45.943725100000051 ] ] ], [ [ [ 33.926185000000146, 46.100993999000082 ], [ 33.906832, 46.100885500000118 ], [ 33.922802986000079, 46.081670360000089 ], [ 33.928963001000056, 46.084048000000166 ], [ 33.926185000000146, 46.100993999000082 ] ] ] ] } },
{ "type": "Feature", "properties": { "pcode": "UA0116", "name": "Simferopolskyi", "oblast_pcode": "UA01", "oblast": "Autonomous Republic of Crimea", "area_sqkm": 1854.8812261099999, "city_pop": 0.0, "pop": 191708, "included": false }, "geometry": { "type": "Polygon", "coordinates": [ [ [ 34.324463, 44.747009000000105 ], [ 34.477219001000151, 44.837296 ], [ 34.47975200000019, 44.853846999000154 ], [ 34.456490001000077, 44.870517999000185 ], [ 34.422207, 44.865776000000153 ], [ 34.407562000000155, 44.879108 ], [ 34.407692, 44.86698500000017 ], [ 34.386886, 44.891918 ], [ 34.340060888000153, 44.907475297000019 ], [ 34.350395500000104, 44.894803349000142 ], [ 34.334179320000032, 44.886188257000185 ], [ 34.3032849330001, 44.913918526000145 ], [ 34.308704167000144, 44.92554163300008 ], [ 34.29020430300011, 44.940322528000081 ], [ 34.304574673000047, 44.958701438000048 ], [ 34.278261626000074, 44.991983021000124 ], [ 34.281279173000087, 45.044826575000116 ], [ 34.261638942000161, 45.094890797000176 ], [ 34.278015293000067, 45.112175842999989 ], [ 34.253075000000138, 45.146702 ], [ 34.204941001, 45.151054000000101 ], [ 34.191131999000049, 45.225196999000161 ], [ 34.086048001000051, 45.227595999000073 ], [ 34.098270000000127, 45.248031999000034 ], [ 34.021296999000015, 45.23313900100004 ], [ 34.018467000000101, 45.217419 ], [ 34.001918999000054, 45.217564 ], [ 34.000175999000078, 45.190586001000099 ], [ 33.974726999000097, 45.190807000000177 ], [ 33.980743, 45.244743 ], [ 33.934818000000178, 45.244556000000102 ], [ 33.956565999000077, 45.191048000000194 ], [ 33.896465, 45.190548 ], [ 33.897556000000122, 45.162956 ], [ 33.915249000000188, 45.160538 ], [ 33.898449001000017, 45.105679 ], [ 33.774281000000144, 45.094715000000122 ], [ 33.77227, 45.076809 ], [ 33.798159999000177, 45.076103 ], [ 33.798344001000089, 45.043709001000025 ], [ 33.67582220100013, 45.038363797000045 ], [ 33.681800461000194, 44.987607960000105 ], [ 33.60461479200012, 44.991891930000179 ], [ 33.598497788000088, 44.97596237800019 ], [ 33.612705749000156, 44.926183951999974 ], [ 33.647629001000098, 44.931736000000171 ], [ 33.648579, 44.908935999000107 ], [ 33.833229000000188, 44.898727000000179 ], [ 33.834835001000101, 44.921211000000142 ], [ 33.875164000000154, 44.920773000000111 ], [ 33.940317895000021, 44.879852880000101 ], [ 34.011369445000184, 44.873132572000088 ], [ 34.004884523000101, 44.857564117000038 ], [ 34.039373322000074, 44.851364689000093 ], [ 34.054006524000044, 44.832342547000053 ], [ 34.008201834000033, 44.833475092000072 ], [ 34.007457999000053, 44.815544 ], [ 34.114643001000104, 44.729717 ], [ 34.173988, 44.777652999000111 ], [ 34.227198999000109, 44.779273999000111 ], [ 34.229809000000159, 44.798424001000114 ], [ 34.266281, 44.794727000000194 ], [ 34.280746999000087, 44.763068999000097 ], [ 34.315617, 44.768970000000138 ], [ 34.324463, 44.747009000000105 ] ] ] } },
{ "type": "Feature", "properties": { "pcode": "UA0118", "name": "Feodosiiskyi", "oblast_pcode": "UA01", "oblast": "Autonomous Republic of Crimea", "area_sqkm": 2709.38617131, "city_pop": 0.0, "pop": 253293, "included": false }, "geometry": { "type": "MultiPolygon", "coordinates": [ [ [ [ 35.078253000000188, 45.556884999000147 ], [ 35.014316002000157, 45.562031 ], [ 35.004246001000183, 45.500366 ], [ 34.92211500000019, 45.492809 ], [ 34.926666000000125, 45.44010900000012 ], [ 34.842991, 45.447619999000096 ], [ 34.856468001000167, 45.428561999000124 ], [ 34.758324, 45.42247 ], [ 34.81813, 45.372147000000155 ], [ 34.807175, 45.358822 ], [ 34.759964, 45.359112 ], [ 34.767929, 45.28700600000019 ], [ 34.727153999000052, 45.287403001000087 ], [ 34.726611999000113, 45.269642 ], [ 34.698317999000153, 45.261055000000113 ], [ 34.674988001000145, 45.225647000000151 ], [ 34.673275000000103, 45.189007000000117 ], [ 34.696181999000146, 45.189116999000021 ], [ 34.699249001000055, 45.206619001000092 ], [ 34.738602000000185, 45.224022 ], [ 34.770428, 45.223984 ], [ 34.769154001000061, 45.161568000000159 ], [ 34.786934, 45.161415 ], [ 34.792332001000034, 45.179752001000054 ], [ 34.866341, 45.178364 ], [ 34.865769001000047, 45.160827999000105 ], [ 34.892460001000074, 45.160389000000123 ], [ 34.889027001000102, 45.133453 ], [ 34.864208000000133, 45.132305001000191 ], [ 34.863598, 45.08041 ], [ 34.924072, 45.079329999000151 ], [ 34.913353000000143, 45.064274 ], [ 34.928104, 45.048218000000134 ], [ 34.96591599900006, 45.058819001000188 ], [ 34.972443000000169, 45.045658 ], [ 34.935959, 44.996941000000106 ], [ 34.884186001000103, 45.000969000000168 ], [ 34.880404999000064, 44.948234999000078 ], [ 34.830471, 44.931950000000143 ], [ 34.838413000000116, 44.922821000000113 ], [ 34.80242900200011, 44.89946 ], [ 34.75466200000011, 44.892155000000116 ], [ 34.724029998999981, 44.848846001000084 ], [ 34.732354000000157, 44.81228 ], [ 34.909685134000028, 44.816003696000109 ], [ 34.965446457000098, 44.840996494000137 ], [ 35.030529000000115, 44.830231999000034 ], [ 35.050947, 44.815261 ], [ 35.047440000000108, 44.800965000000133 ], [ 35.08226900000011, 44.792334 ], [ 35.130196998000145, 44.823767 ], [ 35.157650427000135, 44.89378878600013 ], [ 35.239688, 44.91823 ], [ 35.263348254000164, 44.96633496700008 ], [ 35.342802967000068, 44.966495630000111 ], [ 35.383670333000168, 44.94729286200004 ], [ 35.357145868000089, 44.987352248000093 ], [ 35.425303, 45.013491000999977 ], [ 35.384144001000095, 45.032066000999976 ], [ 35.394580001000065, 45.059616000000176 ], [ 35.463393042, 45.105464472000108 ], [ 35.538459649000117, 45.126867005000179 ], [ 35.514788999000018, 45.169746 ], [ 35.429653, 45.171814001000143 ], [ 35.426109001000043, 45.214915999000027 ], [ 35.464733, 45.218304000000103 ], [ 35.454622000000143, 45.267971000000159 ], [ 35.383382141000084, 45.259441000000152 ], [ 35.364837647000172, 45.243755886000145 ], [ 35.316310353000063, 45.249161697000034 ], [ 35.364951692000091, 45.272960037000018 ], [ 35.20338721000013, 45.340782484000101 ], [ 35.124972999000192, 45.338127999000108 ], [ 35.080943432000026, 45.363834629000053 ], [ 35.04288200100018, 45.412756000000172 ], [ 35.068493999000168, 45.373926001000143 ], [ 35.059982655000056, 45.362683317 ], [ 34.978042515000141, 45.359114438000063 ], [ 34.950375162, 45.379214130000094 ], [ 35.00281037700006, 45.396665969000139 ], [ 35.00474904500004, 45.430972833000112 ], [ 35.109100032000185, 45.485924540000156 ], [ 35.095315271000175, 45.49900027100017 ], [ 35.088744, 45.534227000000101 ], [ 35.070493, 45.541181999000116 ], [ 35.075188756000102, 45.540625241000043 ], [ 35.070675, 45.550927 ], [ 35.078253000000188, 45.556884999000147 ] ] ], [ [ [ 35.367395362000138, 45.267273697000121 ], [ 35.377610784000183, 45.262234196000122 ], [ 35.363987361000113, 45.271567697000137 ], [ 35.367395362000138, 45.267273697000121 ] ] ], [ [ [ 35.042224242000032, 45.392159844000105 ], [ 35.041768001000037, 45.394495999000185 ], [ 35.040553000000159, 45.394484 ], [ 35.042224242000032, 45.392159844000105 ] ] ], [ [ [ 35.045724, 45.39156 ], [ 35.042272, 45.397742000000108 ], [ 35.041223000000173, 45.397718 ], [ 35.045724, 45.39156 ] ] ], [ [ [ 35.039097001000187, 45.395364000000143 ], [ 35.041155, 45.396327 ], [ 35.033038, 45.402917000000173 ], [ 35.039097001000187, 45.395364000000143 ] ] ], [ [ [ 35.035728001000166, 45.426243999000178 ], [ 35.039374000000123, 45.404228000000103 ], [ 35.058615263000092, 45.379566254999986 ], [ 35.058403, 45.38159699900018 ], [ 35.047054000000173, 45.394526999000107 ], [ 35.041071001000091, 45.404802000000188 ], [ 35.035728001000166, 45.426243999000178 ] ] ], [ [ [ 35.030331000000103, 45.426526000000138 ], [ 35.027368, 45.435683000000154 ], [ 35.03006100000016, 45.417608000000143 ], [ 35.030331000000103, 45.426526000000138 ] ] ], [ [ [ 35.104512999000178, 45.494136 ], [ 35.102574001000164, 45.495364000000109 ], [ 35.102229001000012, 45.494941999000105 ], [ 35.104512999000178, 45.494136 ] ] ], [ [ [ 35.095778000000166, 45.511512 ], [ 35.097315001000027, 45.513325000000123 ], [ 35.09640300000018, 45.513612 ], [ 35.095778000000166, 45.511512 ] ] ], [ [ [ 35.076271001000066, 45.539584000000104 ], [ 35.077491352000038, 45.539966021 ], [ 35.076172001000032, 45.540512942000078 ], [ 35.076271001000066, 45.539584000000104 ] ] ], [ [ [ 35.079452001000163, 45.540736999000046 ], [ 35.081123424000168, 45.541216570000188 ], [ 35.079667001000189, 45.542255999000133 ], [ 35.079452001000163, 45.540736999000046 ] ] ], [ [ [ 35.082011314000113, 45.542313423999985 ], [ 35.082989000000168, 45.543998000000101 ], [ 35.081991999000024, 45.545023999000193 ], [ 35.082011314000113, 45.542313423999985 ] ] ], [ [ [ 35.074447001000124, 45.551489000000174 ], [ 35.076241000000152, 45.552747999000132 ], [ 35.074549000000104, 45.553493 ], [ 35.074447001000124, 45.551489000000174 ] ] ], [ [ [ 35.079385, 45.550073 ], [ 35.081115736000072, 45.551356183000109 ], [ 35.080404000000158, 45.553482 ], [ 35.079385, 45.550073 ] ] ], [ [ [ 35.076477001000057, 45.560835999000176 ], [ 35.072834000000171, 45.564183000000128 ], [ 35.072116002000087, 45.564042000000143 ], [ 35.073908000000188, 45.561304999000072 ], [ 35.076477001000057, 45.560835999000176 ] ] ], [ [ [ 35.061538, 45.567176999000139 ], [ 35.062354001000188, 45.571098999000071 ], [ 35.061639001000174, 45.57113100000015 ], [ 35.061538, 45.567176999000139 ] ] ], [ [ [ 35.05756338100008, 45.571646627000121 ], [ 35.054657, 45.571591999000191 ], [ 35.057356, 45.569340999000133 ], [ 35.05756338100008, 45.571646627000121 ] ] ], [ [ [ 35.065381, 45.568837 ], [ 35.065098001000024, 45.571505999000181 ], [ 35.063683, 45.572492000000125 ], [ 35.065381, 45.568837 ] ] ], [ [ [ 35.09710382600008, 45.529269151000108 ], [ 35.07272086200004, 45.577444631000049 ], [ 35.074559322000084, 45.566597179000098 ], [ 35.09710382600008, 45.529269151000108 ] ] ] ] } },
{ "type": "Feature", "properties": { "pcode": "UA0120", "name": "Yaltynskyi", "oblast_pcode": "UA01", "oblast": "Autonomous Republic of Crimea", "area_sqkm": 889.70356647999995, "city_pop": 0.0, "pop": 296999, "included": false }, "geometry": { "type": "Polygon", "coordinates": [ [ [ 34.477219001000151, 44.837296 ], [ 34.329642999000157, 44.74721099900006 ], [ 34.310161000000164, 44.77168300000011 ], [ 34.27582, 44.748899000000165 ], [ 34.231295, 44.746850000000109 ], [ 34.196231000000125, 44.719615000000147 ], [ 34.16505700100015, 44.720622000000162 ], [ 34.208334001000082, 44.674451 ], [ 34.209760527000185, 44.590821282999968 ], [ 34.12573745100002, 44.547187334000057 ], [ 34.106921980000152, 44.5179523 ], [ 34.048589750000076, 44.500092660000064 ], [ 34.037383560000137, 44.47652287000011 ], [ 33.99572288000013, 44.474229850000143 ], [ 33.973794381, 44.436816395000108 ], [ 33.853803033000133, 44.42335463500001 ], [ 33.75576858400018, 44.391391351000038 ], [ 33.861518581000098, 44.407005190000064 ], [ 33.970478555000113, 44.391675661000079 ], [ 34.127962865000143, 44.429491472000052 ], [ 34.16844469800003, 44.495512232000124 ], [ 34.250833806000173, 44.506824340000151 ], [ 34.306574953000165, 44.553176730000189 ], [ 34.347067998000114, 44.548831000000177 ], [ 34.349387000000149, 44.58296999900017 ], [ 34.370217, 44.591547000000105 ], [ 34.416419, 44.673957 ], [ 34.459815000000106, 44.712166 ], [ 34.732354000000157, 44.81228 ], [ 34.724029998999981, 44.848846001000084 ], [ 34.743426999000178, 44.881123 ], [ 34.702881000000104, 44.9010770000001 ], [ 34.693775000000187, 44.872726000000171 ], [ 34.65190499900001, 44.880015999000193 ], [ 34.647243001000106, 44.859154 ], [ 34.608826000000192, 44.842606000000103 ], [ 34.608062999000026, 44.860610999000073 ], [ 34.58921800000013, 44.865375 ], [ 34.605984, 44.876839000000132 ], [ 34.537956000000122, 44.888573001000168 ], [ 34.537971999000092, 44.865402 ], [ 34.486717002000034, 44.864956001000053 ], [ 34.477219001000151, 44.837296 ] ] ] } },
{ "type": "Feature", "properties": { "pcode": "UA0502", "name": "Vinnytskyi", "oblast_pcode": "UA05", "oblast": "Vinnytska", "area_sqkm": 6890.7739966899999, "city_pop": 367901.0, "pop": 682905, "included": true }, "geometry": { "type": "Polygon", "coordinates": [ [ [ 29.535272664000104, 49.636688313000093 ], [ 29.409738401000141, 49.659213691000105 ], [ 29.380015486000104, 49.619690787000081 ], [ 29.275600825000026, 49.627075945000058 ], [ 29.275607389000072, 49.589998184000081 ], [ 29.241485812000064, 49.603528309000183 ], [ 29.212894415000051, 49.587695167000049 ], [ 29.11652138300019, 49.583541012000126 ], [ 28.98576757100011, 49.602658662000124 ], [ 28.976820416000123, 49.552258436000159 ], [ 29.005547132000061, 49.528356036000048 ], [ 28.969379099000037, 49.505408218000127 ], [ 29.002188044000093, 49.47215068700001 ], [ 28.966424140000072, 49.46456218000003 ], [ 28.964682608000032, 49.447764160000133 ], [ 28.890644936000058, 49.444938553000043 ], [ 28.872322688000168, 49.462981087000173 ], [ 28.865046691000089, 49.454658728000027 ], [ 28.885498158000189, 49.440453346000083 ], [ 28.791436322000038, 49.436778062000087 ], [ 28.780571767000026, 49.420343636000098 ], [ 28.767225553000117, 49.432860777000087 ], [ 28.646964899000125, 49.426942978000113 ], [ 28.620585913000127, 49.40262524100018 ], [ 28.680253000000107, 49.359587 ], [ 28.663581001000068, 49.34134900000015 ], [ 28.609740000000102, 49.354945000000157 ], [ 28.586312001000067, 49.343779000000154 ], [ 28.53648333100017, 49.372785095000154 ], [ 28.544696000000158, 49.355067000000133 ], [ 28.520659000000137, 49.355043 ], [ 28.519267855000066, 49.377560866000181 ], [ 28.489408711000067, 49.381710241 ], [ 28.495058461000156, 49.392493364000075 ], [ 28.474409554000033, 49.400883043000135 ], [ 28.448577795000119, 49.380559098999981 ], [ 28.454705295000167, 49.37117773500006 ], [ 28.390919079000184, 49.347894631000031 ], [ 28.368079788000045, 49.378894225000067 ], [ 28.298257001000025, 49.398803 ], [ 28.297458988000187, 49.422444254000027 ], [ 28.252922140000067, 49.443282715000123 ], [ 28.204239999000094, 49.435143000000153 ], [ 28.149085999000079, 49.446409999000082 ], [ 28.139734010000154, 49.462689906000151 ], [ 28.05447939600009, 49.469630598000151 ], [ 28.049567861000185, 49.452069900000026 ], [ 28.02941937200012, 49.448903244000064 ], [ 27.969687693000026, 49.467486225000073 ], [ 27.961158895000096, 49.451116199000126 ], [ 27.994013551000137, 49.437563275000116 ], [ 27.997081794000053, 49.408401346000176 ], [ 27.930876002000105, 49.430341 ], [ 27.882033, 49.412524999000027 ], [ 27.849984014000029, 49.420990108000126 ], [ 27.833536063000054, 49.391318801000125 ], [ 27.811933959000044, 49.388254388000178 ], [ 27.829035836000116, 49.367762527000082 ], [ 27.811882967000088, 49.365804765000121 ], [ 27.858088595000083, 49.328804707000074 ], [ 27.862162136999984, 49.279369732000134 ], [ 27.849180950000175, 49.263819345 ], [ 27.872333797000124, 49.249506526000175 ], [ 27.857116648000044, 49.238227705000156 ], [ 27.86636392000014, 49.213055779 ], [ 27.973865141000147, 49.260481551000055 ], [ 28.079651972000079, 49.251133887000094 ], [ 28.119161, 49.231808999 ], [ 28.105345374000024, 49.230821287000026 ], [ 28.096449, 49.192777 ], [ 28.176718266000137, 49.172530258000052 ], [ 28.155409001000123, 49.162484000000177 ], [ 28.173052016000156, 49.14612369800011 ], [ 28.19869216800015, 49.160423695000134 ], [ 28.239974224999969, 49.151847503 ], [ 28.229853096, 49.122470283000098 ], [ 28.204191617000163, 49.136207207000041 ], [ 28.197456586000044, 49.123004839000089 ], [ 28.251140251000152, 49.089397838000082 ], [ 28.189560475000178, 49.080265571000041 ], [ 28.18876297800017, 49.058802235000144 ], [ 28.215841244000103, 49.038148513000124 ], [ 28.206072518000099, 49.027117255000064 ], [ 28.234286103000102, 49.013724781000064 ], [ 28.221893998000155, 49.008592633000148 ], [ 28.228006000000164, 48.985912 ], [ 28.276229, 49.000438998999982 ], [ 28.295847001000141, 48.986149 ], [ 28.283113000000185, 48.983839000000103 ], [ 28.272653999000113, 48.927634001000058 ], [ 28.251992, 48.924559000000102 ], [ 28.308321, 48.885713999000131 ], [ 28.283123999000111, 48.870371001000194 ], [ 28.34344700000014, 48.824195 ], [ 28.39549899900004, 48.867118001000165 ], [ 28.439332001000025, 48.854751000000192 ], [ 28.443476000000146, 48.868390000000147 ], [ 28.487569999000129, 48.842227 ], [ 28.526290001000177, 48.83922600000011 ], [ 28.532403000000158, 48.863526 ], [ 28.516081, 48.873297 ], [ 28.551722000999973, 48.89493600100019 ], [ 28.596621001000074, 48.880781 ], [ 28.625938, 48.932803 ], [ 28.64987700100005, 48.916719000000171 ], [ 28.632753, 48.894746 ], [ 28.667372000000114, 48.8706 ], [ 28.70915, 48.874535 ], [ 28.727952000000187, 48.858243 ], [ 28.799314, 48.90261 ], [ 28.81147, 48.872295000000122 ], [ 28.827904, 48.874422 ], [ 28.827788001000158, 48.846095 ], [ 28.871096999000088, 48.849615000000142 ], [ 28.902449002000083, 48.833072 ], [ 28.893213001000163, 48.853049 ], [ 28.918165001000034, 48.867376 ], [ 28.904416001000016, 48.906899999000132 ], [ 28.994934999000122, 48.905131 ], [ 28.979507000000183, 48.919128000000171 ], [ 29.003053999000088, 48.925294000000179 ], [ 28.981668999000135, 48.935042 ], [ 29.036089001000107, 48.952876999000068 ], [ 29.061652999000046, 49.001463000000115 ], [ 29.109993000000145, 48.995519000000172 ], [ 29.173732, 48.956603999000038 ], [ 29.220645000000161, 48.984049 ], [ 29.252036999000097, 48.976865 ], [ 29.311245, 49.014949 ], [ 29.350759477, 49.017027331000122 ], [ 29.344264001000113, 49.039546 ], [ 29.378692327000181, 49.054967996000073 ], [ 29.397538062000081, 49.042819925000117 ], [ 29.415331003000119, 49.060865908000096 ], [ 29.406474864000188, 49.084895378000056 ], [ 29.463505999000176, 49.113192001000186 ], [ 29.463940003, 49.128388 ], [ 29.496185999000147, 49.10589 ], [ 29.520358, 49.114120000000128 ], [ 29.549504665000029, 49.070532720000074 ], [ 29.543667188000086, 49.048189153000067 ], [ 29.595751464000102, 49.046355155000015 ], [ 29.639468572000112, 49.053828528000111 ], [ 29.650892091000173, 49.097051149000151 ], [ 29.686274563000097, 49.088711317000048 ], [ 29.67894949600003, 49.112647954000181 ], [ 29.733595097000148, 49.122797182000056 ], [ 29.712034047000031, 49.14191433700006 ], [ 29.72586033500005, 49.202933681000047 ], [ 29.703790101000038, 49.225406171000145 ], [ 29.73674446300015, 49.228610103000051 ], [ 29.716238072000124, 49.235871923000104 ], [ 29.710542667000084, 49.263151292000089 ], [ 29.689882931000056, 49.237396574000059 ], [ 29.639261110000177, 49.247156804999975 ], [ 29.613050856000086, 49.265435235000155 ], [ 29.621845443000097, 49.274118756000178 ], [ 29.607723315000101, 49.299657454000112 ], [ 29.619134039000073, 49.305829339000127 ], [ 29.535348147000036, 49.323820389000161 ], [ 29.502656839000167, 49.369862451000131 ], [ 29.505266972000015, 49.395835459000068 ], [ 29.541617454000118, 49.401429102000066 ], [ 29.594857209000111, 49.443262554000171 ], [ 29.543456869000181, 49.483672770000112 ], [ 29.584395684000071, 49.49466661200006 ], [ 29.584849180999981, 49.506564574000038 ], [ 29.539093882000031, 49.520991556000183 ], [ 29.53073982300009, 49.562072478000175 ], [ 29.496320793000109, 49.600029339000059 ], [ 29.535272664000104, 49.636688313000093 ] ] ] } },
{ "type": "Feature", "properties": { "pcode": "UA0504", "name": "Haisynskyi", "oblast_pcode": "UA05", "oblast": "Vinnytska", "area_sqkm": 5676.6262674700001, "city_pop": 0.0, "pop": 199330, "included": true }, "geometry": { "type": "Polygon", "coordinates": [ [ [ 29.481102, 49.115048000000172 ], [ 29.486724998999989, 49.124471 ], [ 29.463940003, 49.128388 ], [ 29.463505999000176, 49.113192001000186 ], [ 29.406474864000188, 49.084895378000056 ], [ 29.415331003000119, 49.060865908000096 ], [ 29.401798655000107, 49.045790202000092 ], [ 29.378692327000181, 49.054967996000073 ], [ 29.347883000000138, 49.041691 ], [ 29.356395799000097, 49.019991170000139 ], [ 29.311245, 49.014949 ], [ 29.282104000000118, 48.987268000000142 ], [ 29.220645000000161, 48.984049 ], [ 29.173732, 48.956603999000038 ], [ 29.109993000000145, 48.995519000000172 ], [ 29.061652999000046, 49.001463000000115 ], [ 29.036089001000107, 48.952876999000068 ], [ 28.981668999000135, 48.935042 ], [ 29.002418999000099, 48.918283 ], [ 28.979507000000183, 48.919128000000171 ], [ 28.994934999000122, 48.905131 ], [ 28.968169000000159, 48.901189 ], [ 28.960086999000168, 48.85507500000017 ], [ 29.011472999000148, 48.854517000000158 ], [ 29.011215, 48.828479000000129 ], [ 29.095697999000151, 48.835879 ], [ 29.142329999000083, 48.818587 ], [ 29.103412001000152, 48.814132001000132 ], [ 29.117468, 48.778362000000186 ], [ 29.07793, 48.752830999000082 ], [ 29.142059001, 48.720204999000146 ], [ 29.122188000000165, 48.708189 ], [ 29.077834000000109, 48.727072000000135 ], [ 29.066897001000143, 48.717409000000146 ], [ 29.087494999000171, 48.685726 ], [ 29.124259002000144, 48.695636001000139 ], [ 29.141708999, 48.673096000000101 ], [ 29.173930076000147, 48.671665859000143 ], [ 29.1648599990001, 48.613664000000142 ], [ 29.141792, 48.606919000000175 ], [ 29.153961000999971, 48.574739000000193 ], [ 29.073047786000188, 48.589634654000065 ], [ 29.053189680000116, 48.580579321000187 ], [ 29.073485328000174, 48.566310817000158 ], [ 28.924662997000155, 48.559472478000032 ], [ 28.876871000000108, 48.535714000000155 ], [ 28.880334000000119, 48.521922001000178 ], [ 28.916528001000131, 48.523873999000045 ], [ 28.931227999000157, 48.505674000000113 ], [ 28.964330000000132, 48.519466000000136 ], [ 28.960127, 48.504853 ], [ 28.993460792000121, 48.487392788000079 ], [ 28.98397000000017, 48.454893 ], [ 29.094478, 48.448672001000034 ], [ 29.096281999000155, 48.426577001000112 ], [ 29.044508000000121, 48.416209000000151 ], [ 29.038007998000182, 48.399977 ], [ 29.033112000000131, 48.354926 ], [ 29.054611552000154, 48.329805418000035 ], [ 29.09625659000011, 48.331359314000167 ], [ 29.077566651999973, 48.30049644200011 ], [ 29.11085, 48.273665000000108 ], [ 29.074538001000121, 48.236679 ], [ 29.061621000000116, 48.196155 ], [ 29.158243842000047, 48.148587996000117 ], [ 29.141497576, 48.140662721000069 ], [ 29.209268300000133, 48.134212791000039 ], [ 29.251244674000191, 48.14971132900007 ], [ 29.2614074600001, 48.130367587000194 ], [ 29.203219406000073, 48.11844365200011 ], [ 29.227796659000091, 48.103268086000185 ], [ 29.257834603000163, 48.112168673000042 ], [ 29.27666799900004, 48.090824000000168 ], [ 29.371862720000024, 48.090553405000037 ], [ 29.394495408000068, 48.113737606000143 ], [ 29.466932113000155, 48.123000730000058 ], [ 29.494838262000087, 48.102627298000129 ], [ 29.570064751000132, 48.098727748000044 ], [ 29.587542030000122, 48.101983421000057 ], [ 29.602498001000129, 48.13290699900017 ], [ 29.663635291000105, 48.107516598000188 ], [ 29.675889287000075, 48.162138449000111 ], [ 29.654938790000074, 48.195017514000142 ], [ 29.77960728000005, 48.205385897000156 ], [ 29.772684812000136, 48.272221778000073 ], [ 29.749390139000184, 48.289446144000067 ], [ 29.813160287000073, 48.347585607000099 ], [ 29.786995885000067, 48.369925261000162 ], [ 29.871744342000113, 48.416657544000145 ], [ 29.864087639000104, 48.425720315000092 ], [ 29.951311849000092, 48.450097294000102 ], [ 29.966744973000175, 48.491425895000077 ], [ 30.000868321000041, 48.492022718000158 ], [ 30.006341768000027, 48.513360895000062 ], [ 29.989010629, 48.516693253000085 ], [ 30.020415690000107, 48.519206323000049 ], [ 30.005839495000146, 48.573071786000071 ], [ 29.947845044000019, 48.594603352000092 ], [ 29.951287008000065, 48.608532797000066 ], [ 29.989752851000162, 48.613526142000126 ], [ 29.989782288000185, 48.636374832000058 ], [ 29.944684028000154, 48.657817953000119 ], [ 29.946849142000076, 48.669834797000192 ], [ 29.861156620000145, 48.699753141000087 ], [ 29.86773734000019, 48.734501960000102 ], [ 29.884120485000096, 48.736083645000122 ], [ 29.866533155000127, 48.763020390000179 ], [ 29.766138614000113, 48.786264771000106 ], [ 29.761641963000159, 48.847063424000055 ], [ 29.731700065000041, 48.854596416000163 ], [ 29.728072822000058, 48.886357094000118 ], [ 29.709581627000148, 48.897440592000066 ], [ 29.735501932000091, 48.908179008 ], [ 29.68700348800013, 48.912315883000076 ], [ 29.651724558000012, 48.936798933000034 ], [ 29.652014419000125, 48.959769632000075 ], [ 29.695737544000167, 49.000406050000038 ], [ 29.68367102100018, 49.026443311000094 ], [ 29.639327963000085, 49.011759048000044 ], [ 29.60601928900013, 49.056656578000172 ], [ 29.543667188000086, 49.048189153000067 ], [ 29.549504665000029, 49.070532720000074 ], [ 29.520358, 49.114120000000128 ], [ 29.481102, 49.115048000000172 ] ] ] } },
{ "type": "Feature", "properties": { "pcode": "UA0506", "name": "Zhmerynskyi", "oblast_pcode": "UA05", "oblast": "Vinnytska", "area_sqkm": 3145.9460178999998, "city_pop": 0.0, "pop": 163182, "included": true }, "geometry": { "type": "Polygon", "coordinates": [ [ [ 27.987596535000137, 49.261413110000149 ], [ 27.890422000000115, 49.216431000000114 ], [ 27.898655756000153, 49.18599805000008 ], [ 27.882534052999972, 49.17793186300014 ], [ 27.853284289000158, 49.17064904 ], [ 27.815001522000102, 49.189474552000149 ], [ 27.796061823000059, 49.176717462000113 ], [ 27.776014605000114, 49.189901886000143 ], [ 27.780824756000129, 49.174708198000133 ], [ 27.741263622000076, 49.137709846000064 ], [ 27.68696900100008, 49.141656000000125 ], [ 27.639813977000188, 49.166994707000072 ], [ 27.601155658000039, 49.161093982000068 ], [ 27.597572191000097, 49.135085998000079 ], [ 27.577542415000153, 49.121714816000065 ], [ 27.533740747000138, 49.141383856000118 ], [ 27.53494667700005, 49.12159315800011 ], [ 27.506007747000183, 49.130789886000059 ], [ 27.492589206000048, 49.121284468000113 ], [ 27.505420927000102, 49.110334797000178 ], [ 27.479237549000118, 49.088773832000129 ], [ 27.503930918000037, 49.066767244000062 ], [ 27.43659376800008, 49.069244285000138 ], [ 27.383284274000061, 49.007739172000129 ], [ 27.417825250000021, 48.971575170000051 ], [ 27.417425627000114, 48.954168571000139 ], [ 27.391644849000045, 48.93804464100009 ], [ 27.393534450000175, 48.900475618000144 ], [ 27.405443137000077, 48.888663005000069 ], [ 27.462707677000083, 48.896088174000056 ], [ 27.462586869000177, 48.911782255000162 ], [ 27.487028449000093, 48.922693431000027 ], [ 27.530867000000114, 48.910224999000093 ], [ 27.580584, 48.883887000000186 ], [ 27.610999001000096, 48.843091000000186 ], [ 27.700496483000052, 48.802384732000064 ], [ 27.74958, 48.799627999000165 ], [ 27.787531791000049, 48.839053825000178 ], [ 27.808899399000154, 48.836543099000096 ], [ 27.815034000000139, 48.812794999000175 ], [ 27.896887531000118, 48.784815389000073 ], [ 27.875876001000108, 48.761467999000104 ], [ 27.888716001999967, 48.719902 ], [ 27.914828000000114, 48.713345000000174 ], [ 27.90298699900012, 48.684124 ], [ 27.958776999000179, 48.67822 ], [ 27.974828000000116, 48.641357999000149 ], [ 28.084005999000169, 48.64943 ], [ 28.098209000000168, 48.623378999000067 ], [ 28.243875001000163, 48.604252000000145 ], [ 28.300008, 48.573000998999987 ], [ 28.35144499900008, 48.61425300000019 ], [ 28.382666001000132, 48.627367000000106 ], [ 28.390703001000077, 48.616564 ], [ 28.405073999000024, 48.630585 ], [ 28.39356, 48.644093 ], [ 28.471718000000124, 48.680879001000051 ], [ 28.451343, 48.698184999000034 ], [ 28.461068000000182, 48.730743001 ], [ 28.369443, 48.771988000000192 ], [ 28.392168002000062, 48.784765 ], [ 28.291146, 48.859868 ], [ 28.283123999000111, 48.870371001000194 ], [ 28.308321, 48.885713999000131 ], [ 28.251992, 48.924559000000102 ], [ 28.272653999000113, 48.927634001000058 ], [ 28.283113000000185, 48.983839000000103 ], [ 28.295847001000141, 48.986149 ], [ 28.276229, 49.000438998999982 ], [ 28.228006000000164, 48.985912 ], [ 28.221893998000155, 49.008592633000148 ], [ 28.234286103000102, 49.013724781000064 ], [ 28.206072518000099, 49.027117255000064 ], [ 28.215841244000103, 49.038148513000124 ], [ 28.18876297800017, 49.058802235000144 ], [ 28.189560475000178, 49.080265571000041 ], [ 28.251140251000152, 49.089397838000082 ], [ 28.197456586000044, 49.123004839000089 ], [ 28.204191617000163, 49.136207207000041 ], [ 28.229853096, 49.122470283000098 ], [ 28.239974224999969, 49.151847503 ], [ 28.19869216800015, 49.160423695000134 ], [ 28.173052016000156, 49.14612369800011 ], [ 28.155409001000123, 49.162484000000177 ], [ 28.176718266000137, 49.172530258000052 ], [ 28.094536, 49.194233001000157 ], [ 28.111813785999971, 49.23793250000017 ], [ 27.987596535000137, 49.261413110000149 ] ] ] } },
{ "type": "Feature", "properties": { "pcode": "UA0508", "name": "Mohyliv-Podilskyi", "oblast_pcode": "UA05", "oblast": "Vinnytska", "area_sqkm": 3221.08026655, "city_pop": 0.0, "pop": 141493, "included": true }, "geometry": { "type": "Polygon", "coordinates": [ [ [ 27.542333, 48.905852 ], [ 27.487028449000093, 48.922693431000027 ], [ 27.462586869000177, 48.911782255000162 ], [ 27.462707677000083, 48.896088174000056 ], [ 27.405443137000077, 48.888663005000069 ], [ 27.411057103000019, 48.811276122000152 ], [ 27.427615338000066, 48.797186842000087 ], [ 27.408962729000109, 48.767634343000111 ], [ 27.389464327000098, 48.76441115700004 ], [ 27.414363026000103, 48.739992717000121 ], [ 27.399895504000142, 48.72674099000011 ], [ 27.415036113000099, 48.700984084000083 ], [ 27.389970105000032, 48.680825527000025 ], [ 27.372910786000091, 48.63015212200014 ], [ 27.456818534000149, 48.590217230000121 ], [ 27.497361415000114, 48.48332845900012 ], [ 27.53294100300019, 48.469483 ], [ 27.597799873000099, 48.491035040000156 ], [ 27.59041987500018, 48.460955451000132 ], [ 27.645231826000042, 48.441025069000091 ], [ 27.763080099000149, 48.456044598000119 ], [ 27.871551858000032, 48.405096971000091 ], [ 27.882576627000162, 48.372059473000036 ], [ 27.953314215999967, 48.328747978000138 ], [ 28.072272429000122, 48.318481864000148 ], [ 28.093805555000074, 48.294064701000195 ], [ 28.087566836000178, 48.234774709000135 ], [ 28.130267752000123, 48.241548830000056 ], [ 28.145994000000144, 48.262815999000168 ], [ 28.175988001000178, 48.257713001000184 ], [ 28.186505400000044, 48.215482568000027 ], [ 28.207315065000103, 48.204809128000079 ], [ 28.352140156000132, 48.246678717000066 ], [ 28.368562676000067, 48.205651115000023 ], [ 28.307261172000153, 48.161038890000157 ], [ 28.304632495000135, 48.140742395000132 ], [ 28.34980231500009, 48.135567496000135 ], [ 28.383873850000157, 48.175420969000072 ], [ 28.425582715000189, 48.173619954000173 ], [ 28.439921704000085, 48.143015194000156 ], [ 28.420557477000045, 48.12291237200003 ], [ 28.437582415000065, 48.096501418000059 ], [ 28.500236011000084, 48.066844119000166 ], [ 28.498846140000126, 48.127154672000188 ], [ 28.520995455000161, 48.138101917000142 ], [ 28.502868424000042, 48.151112482000087 ], [ 28.566282753000053, 48.174703487000045 ], [ 28.560540930000059, 48.190430577000143 ], [ 28.591913999000155, 48.212381000000107 ], [ 28.562798999000108, 48.222414001000061 ], [ 28.572245000000123, 48.236092000000156 ], [ 28.539486002, 48.260929 ], [ 28.50064900100017, 48.266234000000111 ], [ 28.511671001000138, 48.282069001000139 ], [ 28.503331000000117, 48.330124999000077 ], [ 28.468438001000038, 48.342763000000105 ], [ 28.477435, 48.361681 ], [ 28.449648000000138, 48.375661999000044 ], [ 28.465230999000084, 48.423101 ], [ 28.393698001000075, 48.409959000000129 ], [ 28.371186998000098, 48.45169899900003 ], [ 28.337786000000165, 48.472870000000171 ], [ 28.347201001000144, 48.486018000000172 ], [ 28.317563, 48.489258 ], [ 28.319868999000164, 48.507157 ], [ 28.350177001000191, 48.520422999000175 ], [ 28.296486999000138, 48.556525 ], [ 28.300008, 48.573000998999987 ], [ 28.243875001000163, 48.604252000000145 ], [ 28.098209000000168, 48.623378999000067 ], [ 28.084005999000169, 48.64943 ], [ 27.974828000000116, 48.641357999000149 ], [ 27.958776999000179, 48.67822 ], [ 27.90298699900012, 48.684124 ], [ 27.914828000000114, 48.713345000000174 ], [ 27.888716001999967, 48.719902 ], [ 27.875876001000108, 48.761467999000104 ], [ 27.896887531000118, 48.784815389000073 ], [ 27.815034000000139, 48.812794999000175 ], [ 27.808899399000154, 48.836543099000096 ], [ 27.787531791000049, 48.839053825000178 ], [ 27.74958, 48.799627999000165 ], [ 27.700496483000052, 48.802384732000064 ], [ 27.610999001000096, 48.843091000000186 ], [ 27.542333, 48.905852 ] ] ] } },
{ "type": "Feature", "properties": { "pcode": "UA0510", "name": "Tulchynskyi", "oblast_pcode": "UA05", "oblast": "Vinnytska", "area_sqkm": 3856.2305856399998, "city_pop": 0.0, "pop": 141493, "included": true }, "geometry": { "type": "Polygon", "coordinates": [ [ [ 28.667372000000114, 48.8706 ], [ 28.632684, 48.895975 ], [ 28.64987700100005, 48.916719000000171 ], [ 28.625938, 48.932803 ], [ 28.596621001000074, 48.880781 ], [ 28.551722000999973, 48.89493600100019 ], [ 28.516081, 48.873297 ], [ 28.532403000000158, 48.863526 ], [ 28.526290001000177, 48.83922600000011 ], [ 28.487569999000129, 48.842227 ], [ 28.443476000000146, 48.868390000000147 ], [ 28.439332001000025, 48.854751000000192 ], [ 28.39549899900004, 48.867118001000165 ], [ 28.334678, 48.822345999000106 ], [ 28.392168002000062, 48.784765 ], [ 28.369443, 48.771988000000192 ], [ 28.377587999000127, 48.764734 ], [ 28.461068000000182, 48.730743001 ], [ 28.451343, 48.698184999000034 ], [ 28.471718000000124, 48.680879001000051 ], [ 28.39356, 48.644093 ], [ 28.405073999000024, 48.630585 ], [ 28.390703001000077, 48.616564 ], [ 28.382666001000132, 48.627367000000106 ], [ 28.35144499900008, 48.61425300000019 ], [ 28.300008, 48.573000998999987 ], [ 28.296486999000138, 48.556525 ], [ 28.350177001000191, 48.520422999000175 ], [ 28.319868999000164, 48.507157 ], [ 28.317563, 48.489258 ], [ 28.347201001000144, 48.486018000000172 ], [ 28.337786000000165, 48.472870000000171 ], [ 28.371186998000098, 48.45169899900003 ], [ 28.393698001000075, 48.409959000000129 ], [ 28.465230999000084, 48.423101 ], [ 28.449648000000138, 48.375661999000044 ], [ 28.477435, 48.361681 ], [ 28.468438001000038, 48.342763000000105 ], [ 28.503331000000117, 48.330124999000077 ], [ 28.511671001000138, 48.282069001000139 ], [ 28.50064900100017, 48.266234000000111 ], [ 28.539486002, 48.260929 ], [ 28.572245000000123, 48.236092000000156 ], [ 28.562798999000108, 48.222414001000061 ], [ 28.591913999000155, 48.212381000000107 ], [ 28.560104496000179, 48.189635596000187 ], [ 28.579326117000107, 48.166607702000135 ], [ 28.682254235000187, 48.146703248000108 ], [ 28.687790280000058, 48.124551821000068 ], [ 28.833519978000027, 48.128664313000172 ], [ 28.85781482699997, 48.103113380000195 ], [ 28.847000910000077, 48.078870657000095 ], [ 28.868075954000176, 48.069341598000108 ], [ 28.873014937000164, 48.082613892000097 ], [ 28.927179799000044, 48.094362123000053 ], [ 28.945159804000127, 48.156685793000179 ], [ 29.00447535100011, 48.150380455000175 ], [ 29.03224477800012, 48.125631913000063 ], [ 29.074538001000121, 48.236679 ], [ 29.11085, 48.273665000000108 ], [ 29.077566651999973, 48.30049644200011 ], [ 29.09625659000011, 48.331359314000167 ], [ 29.054611552000154, 48.329805418000035 ], [ 29.033112000000131, 48.354926 ], [ 29.044289000000106, 48.415879000000189 ], [ 29.077021001000048, 48.413511 ], [ 29.096281999000155, 48.426577001000112 ], [ 29.094478, 48.448672001000034 ], [ 28.98397000000017, 48.454893 ], [ 28.993460792000121, 48.487392788000079 ], [ 28.960127, 48.504853 ], [ 28.964330000000132, 48.519466000000136 ], [ 28.931227999000157, 48.505674000000113 ], [ 28.916528001000131, 48.523873999000045 ], [ 28.880334000000119, 48.521922001000178 ], [ 28.876871000000108, 48.535714000000155 ], [ 28.924662997000155, 48.559472478000032 ], [ 29.073485328000174, 48.566310817000158 ], [ 29.053189680000116, 48.580579321000187 ], [ 29.073047786000188, 48.589634654000065 ], [ 29.153961000999971, 48.574739000000193 ], [ 29.141792, 48.606919000000175 ], [ 29.1648599990001, 48.613664000000142 ], [ 29.173930076000147, 48.671665859000143 ], [ 29.141708999, 48.673096000000101 ], [ 29.124259002000144, 48.695636001000139 ], [ 29.087494999000171, 48.685726 ], [ 29.066897001000143, 48.717409000000146 ], [ 29.077834000000109, 48.727072000000135 ], [ 29.122188000000165, 48.708189 ], [ 29.142059001, 48.720204999000146 ], [ 29.07793, 48.752830999000082 ], [ 29.117468, 48.778362000000186 ], [ 29.103412001000152, 48.814132001000132 ], [ 29.142329999000083, 48.818587 ], [ 29.095697999000151, 48.835879 ], [ 29.011215, 48.828479000000129 ], [ 29.011472999000148, 48.854517000000158 ], [ 28.960086999000168, 48.85507500000017 ], [ 28.969944000000112, 48.903181000000188 ], [ 28.934347, 48.913968 ], [ 28.904416001000016, 48.906899999000132 ], [ 28.918165001000034, 48.867376 ], [ 28.893213001000163, 48.853049 ], [ 28.902449002000083, 48.833072 ], [ 28.871096999000088, 48.849615000000142 ], [ 28.827788001000158, 48.846095 ], [ 28.827904, 48.874422 ], [ 28.81147, 48.872295000000122 ], [ 28.799314, 48.90261 ], [ 28.727952000000187, 48.858243 ], [ 28.70915, 48.874535 ], [ 28.667372000000114, 48.8706 ] ] ] } },
{ "type": "Feature", "properties": { "pcode": "UA0512", "name": "Khmilnytskyi", "oblast_pcode": "UA05", "oblast": "Vinnytska", "area_sqkm": 3700.2102733699999, "city_pop": 0.0, "pop": 174027, "included": true }, "geometry": { "type": "Polygon", "coordinates": [ [ [ 28.879517195000119, 49.888468537999984 ], [ 28.857216826000183, 49.888508082000101 ], [ 28.844085096000072, 49.860004479000054 ], [ 28.750710323000192, 49.844487133000086 ], [ 28.758958121000148, 49.818334794000123 ], [ 28.73405184700016, 49.798380076000171 ], [ 28.636538122000104, 49.817187182 ], [ 28.602173674000028, 49.81002766000006 ], [ 28.6010407280001, 49.781995347000134 ], [ 28.569726764000166, 49.773892438000189 ], [ 28.528421227000138, 49.820400339000059 ], [ 28.481953672000031, 49.807060882000087 ], [ 28.469666908000022, 49.822583596000129 ], [ 28.421901191000188, 49.824796168000034 ], [ 28.406912991000127, 49.791861763000043 ], [ 28.379549829000098, 49.780548972000076 ], [ 28.262709830000063, 49.799382066000135 ], [ 28.250916793000158, 49.814791113000126 ], [ 28.225645228000189, 49.784934760000056 ], [ 28.044463781000104, 49.770479596000087 ], [ 27.980856331000041, 49.780156268000098 ], [ 27.83588977200003, 49.755513174000043 ], [ 27.817238233000182, 49.74293645 ], [ 27.837020968, 49.729809927000076 ], [ 27.811573349000071, 49.70197932700006 ], [ 27.762510224000152, 49.697193947000073 ], [ 27.766002079000145, 49.666437415000075 ], [ 27.811478126000111, 49.644597428 ], [ 27.812180085000023, 49.618657233000192 ], [ 27.758904985000015, 49.578384815000106 ], [ 27.793311562000156, 49.553152930000067 ], [ 27.79412433400006, 49.530869659000132 ], [ 27.77524465900018, 49.520310830000028 ], [ 27.742710560000091, 49.531466507000118 ], [ 27.734692118000112, 49.496262798000146 ], [ 27.791163312000037, 49.487913021000168 ], [ 27.745115188999989, 49.450521326000171 ], [ 27.807236880000175, 49.439521187000139 ], [ 27.827354786000114, 49.42155244200012 ], [ 27.846159998000189, 49.431081939000137 ], [ 27.861924192000117, 49.414980377000177 ], [ 27.930876002000105, 49.430341 ], [ 27.997081794000053, 49.408401346000176 ], [ 27.994013551000137, 49.437563275000116 ], [ 27.961158895000096, 49.451116199000126 ], [ 27.969687693000026, 49.467486225000073 ], [ 28.02941937200012, 49.448903244000064 ], [ 28.049567861000185, 49.452069900000026 ], [ 28.05447939600009, 49.469630598000151 ], [ 28.129601190000187, 49.464291474000163 ], [ 28.204239999000094, 49.435143000000153 ], [ 28.252922140000067, 49.443282715000123 ], [ 28.297458988000187, 49.422444254000027 ], [ 28.298257001000025, 49.398803 ], [ 28.368079788000045, 49.378894225000067 ], [ 28.390919079000184, 49.347894631000031 ], [ 28.454705295000167, 49.37117773500006 ], [ 28.448577795000119, 49.380559098999981 ], [ 28.474409554000033, 49.400883043000135 ], [ 28.495058461000156, 49.392493364000075 ], [ 28.489408711000067, 49.381710241 ], [ 28.519267855000066, 49.377560866000181 ], [ 28.520659000000137, 49.355043 ], [ 28.544696000000158, 49.355067000000133 ], [ 28.53648333100017, 49.372785095000154 ], [ 28.586312001000067, 49.343779000000154 ], [ 28.609740000000102, 49.354945000000157 ], [ 28.660196, 49.341058 ], [ 28.680253000000107, 49.359587 ], [ 28.620585913000127, 49.40262524100018 ], [ 28.646964899000125, 49.426942978000113 ], [ 28.767225553000117, 49.432860777000087 ], [ 28.780571767000026, 49.420343636000098 ], [ 28.791436322000038, 49.436778062000087 ], [ 28.885498158000189, 49.440453346000083 ], [ 28.865046691000089, 49.454658728000027 ], [ 28.872322688000168, 49.462981087000173 ], [ 28.890644936000058, 49.444938553000043 ], [ 28.964682608000032, 49.447764160000133 ], [ 28.966424140000072, 49.46456218000003 ], [ 29.002188044000093, 49.47215068700001 ], [ 28.969379099000037, 49.505408218000127 ], [ 29.005547132000061, 49.528356036000048 ], [ 28.976820416000123, 49.552258436000159 ], [ 28.985110967000139, 49.603588329 ], [ 29.01007403300008, 49.63253076400008 ], [ 28.945678347000126, 49.679234224000083 ], [ 29.005133749000038, 49.729286883000157 ], [ 28.942777742000033, 49.783147747999976 ], [ 28.970127196000192, 49.803630917000078 ], [ 28.94456687700017, 49.81975338400008 ], [ 28.953623178000157, 49.839884956000105 ], [ 28.879517195000119, 49.888468537999984 ] ] ] } },
{ "type": "Feature", "properties": { "pcode": "UA0702", "name": "Volodymyrskyi", "oblast_pcode": "UA07", "oblast": "Volynska", "area_sqkm": 2557.7062746900001, "city_pop": 0.0, "pop": 160418, "included": true }, "geometry": { "type": "Polygon", "coordinates": [ [ [ 24.293386001000158, 51.088755000000106 ], [ 24.165369522, 51.075568430000089 ], [ 24.155871286000149, 51.05251866500015 ], [ 24.125185330000136, 51.051734058000136 ], [ 24.099784795000176, 51.009464948000073 ], [ 23.981287896000026, 51.021158502000048 ], [ 23.955321347000165, 51.043229674000088 ], [ 23.915869950000058, 51.028849120000075 ], [ 23.935707253000146, 51.014603439000098 ], [ 23.914989967000167, 51.006813629000192 ], [ 23.957156654000016, 50.990078986000128 ], [ 23.969866835000175, 50.950899584000069 ], [ 23.997664911000186, 50.928033347000053 ], [ 24.052377779000096, 50.891298725000127 ], [ 24.145704169000112, 50.869201642000121 ], [ 24.100354589000062, 50.835896370000114 ], [ 23.989443145000052, 50.837408912000171 ], [ 23.957239381000022, 50.794681069000092 ], [ 23.977840058000027, 50.768562127000109 ], [ 24.023793981000097, 50.76626550800006 ], [ 24.011062977000108, 50.754335126000058 ], [ 24.023891400000082, 50.75084446700015 ], [ 24.01650512100008, 50.722916779000116 ], [ 24.072006745000067, 50.72036182700009 ], [ 24.062235749000024, 50.677779747000045 ], [ 24.091048527000112, 50.663632670000084 ], [ 24.079991791000111, 50.645015044000104 ], [ 24.088213576000157, 50.635267553000119 ], [ 24.154721795000171, 50.6466111310001 ], [ 24.211543154000026, 50.591922897000074 ], [ 24.31246116900013, 50.571551551000141 ], [ 24.323532096000179, 50.599809882999978 ], [ 24.380879979000099, 50.60915159200016 ], [ 24.413471447, 50.586343307000107 ], [ 24.398546247000013, 50.574405751000029 ], [ 24.406193026999972, 50.560312852000038 ], [ 24.434921645000088, 50.545554953000135 ], [ 24.514618991000077, 50.555851976999975 ], [ 24.561152310000068, 50.532850390000135 ], [ 24.575536309000142, 50.554553890000136 ], [ 24.554680529999985, 50.563619829 ], [ 24.616025248000085, 50.560892353000156 ], [ 24.644806234000043, 50.591722956000126 ], [ 24.733010832000161, 50.591330094000114 ], [ 24.75078994200004, 50.569002720000185 ], [ 24.831172367000136, 50.577223522 ], [ 24.826407000000131, 50.599275001000137 ], [ 24.877511223000113, 50.634284980000075 ], [ 24.858111699000119, 50.635897454000087 ], [ 24.881910802000107, 50.673532514000101 ], [ 24.863613573000066, 50.687586684000166 ], [ 24.869014181000182, 50.708685419000119 ], [ 24.93593600000014, 50.704431000000113 ], [ 24.942159681000021, 50.756014938000135 ], [ 24.904717, 50.804348000000118 ], [ 24.903824710000151, 50.834834182000122 ], [ 24.828722, 50.857835 ], [ 24.827864890000114, 50.885858971000175 ], [ 24.740950001000044, 50.899915 ], [ 24.71308700100019, 50.870106000000135 ], [ 24.669310000000166, 50.86188200100014 ], [ 24.558515421000152, 50.910788754000066 ], [ 24.425929, 50.941358 ], [ 24.438890001000118, 50.957991000000106 ], [ 24.35169451500002, 50.97638019599998 ], [ 24.377337000000125, 50.986094 ], [ 24.369672000999969, 51.045739 ], [ 24.31206, 51.038722000000178 ], [ 24.315347, 51.050687 ], [ 24.284832548000054, 51.052883155000131 ], [ 24.293386001000158, 51.088755000000106 ] ] ] } },
{ "type": "Feature", "properties": { "pcode": "UA0704", "name": "Kamin-Kashyrskyi", "oblast_pcode": "UA07", "oblast": "Volynska", "area_sqkm": 4688.4551040300003, "city_pop": 0.0, "pop": 102792, "included": true }, "geometry": { "type": "Polygon", "coordinates": [ [ [ 25.264222702000097, 51.968046299000093 ], [ 25.191629972000101, 51.969182657000147 ], [ 25.099754883000173, 51.953464478000171 ], [ 24.966160527000056, 51.897960567000098 ], [ 24.931668122000133, 51.89695033400011 ], [ 24.935282788000109, 51.880886065000084 ], [ 24.9087320000001, 51.872808 ], [ 24.937038856000072, 51.86893060400007 ], [ 24.932277062000082, 51.846281923000049 ], [ 24.946926181000038, 51.842327495000063 ], [ 24.889818580000167, 51.81082584800015 ], [ 24.844970767000177, 51.825988505000169 ], [ 24.815895641, 51.774935398000082 ], [ 24.722741167000152, 51.756736830000136 ], [ 24.731578233, 51.746752345000118 ], [ 24.711935372000028, 51.708423408000044 ], [ 24.701223001000187, 51.726682000000153 ], [ 24.672434001000113, 51.723776 ], [ 24.698876394000081, 51.708705534000103 ], [ 24.686096148000104, 51.700527512000065 ], [ 24.699998907000179, 51.666368466999984 ], [ 24.667429335000065, 51.640878973000042 ], [ 24.688979849000077, 51.639436186000125 ], [ 24.676586809000128, 51.615494443000102 ], [ 24.640049298000122, 51.60841036000005 ], [ 24.767898599000091, 51.608156408000184 ], [ 24.784391513000173, 51.532148728000152 ], [ 24.752227143000027, 51.486925638000059 ], [ 24.765178748000039, 51.460837798000171 ], [ 24.755113628, 51.451308057000119 ], [ 24.826955370000178, 51.432809900000166 ], [ 24.83462262200004, 51.411821165000049 ], [ 24.880644760000166, 51.40335761100016 ], [ 24.898735514000066, 51.378591199000027 ], [ 24.956797832000177, 51.374818967000181 ], [ 24.928554172000077, 51.352690254000038 ], [ 25.193843571000059, 51.379749365000123 ], [ 25.171356192000076, 51.332768746 ], [ 25.201483143000132, 51.284446651000167 ], [ 25.258744674000127, 51.285533669000188 ], [ 25.279731520000041, 51.24625471600018 ], [ 25.326932253000052, 51.250139494999985 ], [ 25.337545284000043, 51.217266932000143 ], [ 25.266527274000168, 51.210238858000082 ], [ 25.310184278000122, 51.197985998000036 ], [ 25.306138757000156, 51.184178013000178 ], [ 25.335644072000093, 51.178880633000119 ], [ 25.331065223000053, 51.165980166000054 ], [ 25.37718821500016, 51.157925403000149 ], [ 25.363729724000109, 51.152408284000103 ], [ 25.411736541000153, 51.128565754000192 ], [ 25.457162541000116, 51.157928149000043 ], [ 25.505049562000067, 51.147349582000061 ], [ 25.658227459000045, 51.159030339000083 ], [ 25.780287999000052, 51.140315000000101 ], [ 25.781614999000055, 51.190286 ], [ 25.948621001000106, 51.231174000000124 ], [ 25.938180071999966, 51.277852828000164 ], [ 25.829857650000122, 51.333610554000018 ], [ 25.821157232000019, 51.345717080000043 ], [ 25.835459097000069, 51.36256637800011 ], [ 25.824399128000039, 51.365842280000038 ], [ 25.843825523000078, 51.375750308000079 ], [ 25.831112828000073, 51.387150096000028 ], [ 25.781163816000117, 51.37427893500012 ], [ 25.755286085000137, 51.38117723300013 ], [ 25.759832191000044, 51.400378845000091 ], [ 25.724855309000077, 51.400141514000097 ], [ 25.724791755000183, 51.380426267000132 ], [ 25.695217784000022, 51.375683400000014 ], [ 25.703870129000165, 51.383815632 ], [ 25.687565640000173, 51.405378241000051 ], [ 25.646694591000028, 51.416715002000046 ], [ 25.641466694000144, 51.478680401000076 ], [ 25.61811429300019, 51.477219143000127 ], [ 25.62390971200017, 51.495138890000192 ], [ 25.602163349000023, 51.493141946000151 ], [ 25.610219471000107, 51.506983205000097 ], [ 25.555487078000112, 51.500607956000067 ], [ 25.550110645000132, 51.519307825 ], [ 25.595430656000133, 51.524633988000062 ], [ 25.565402019000032, 51.539682761000108 ], [ 25.598758669000063, 51.580830479000099 ], [ 25.555246, 51.624345000000119 ], [ 25.532007227000065, 51.613943234000089 ], [ 25.530058821000182, 51.631031483000072 ], [ 25.577574989000027, 51.624708073000193 ], [ 25.640944999000055, 51.681370000000186 ], [ 25.682667405000188, 51.755903355000044 ], [ 25.670333143000164, 51.772058917000038 ], [ 25.649724775000152, 51.766770628000074 ], [ 25.659388210000031, 51.783585030999973 ], [ 25.631550247000064, 51.804040507000138 ], [ 25.650240077000149, 51.819167488000062 ], [ 25.64012320400019, 51.848837989000174 ], [ 25.708597336000025, 51.894534105000105 ], [ 25.628282281, 51.903352315000177 ], [ 25.527147473000127, 51.940234725000039 ], [ 25.50985829300015, 51.921156910000093 ], [ 25.409957599000052, 51.921695865 ], [ 25.340116177000027, 51.933220664000146 ], [ 25.264222702000097, 51.968046299000093 ] ] ] } },
{ "type": "Feature", "properties": { "pcode": "UA0706", "name": "Kovelskyi", "oblast_pcode": "UA07", "oblast": "Volynska", "area_sqkm": 7651.0450375800001, "city_pop": 0.0, "pop": 260096, "included": true }, "geometry": { "type": "Polygon", "coordinates": [ [ [ 24.714984128000026, 51.89639864600008 ], [ 24.388821287000098, 51.882192945000043 ], [ 24.339765380000074, 51.864158362000069 ], [ 24.294646734000139, 51.804025441000135 ], [ 24.319021000000134, 51.750746001000152 ], [ 24.270097555000063, 51.716891807000195 ], [ 24.120620584000108, 51.666751609000073 ], [ 24.075075001000073, 51.618789000000106 ], [ 23.996324657000116, 51.58007426100005 ], [ 23.943279, 51.59677900000014 ], [ 23.881221212000071, 51.591907703 ], [ 23.880223193, 51.608303474000081 ], [ 23.912551036000082, 51.63146364000005 ], [ 23.788320224000074, 51.64012691400012 ], [ 23.782715871000107, 51.667488404000039 ], [ 23.678206691000071, 51.653097921000153 ], [ 23.604072924000093, 51.621460415000058 ], [ 23.661364234000189, 51.58330573600017 ], [ 23.636213391000069, 51.54950419100004 ], [ 23.676711951000016, 51.506431231000079 ], [ 23.616439999000079, 51.503143 ], [ 23.670002380000085, 51.482800683000107 ], [ 23.676439523000056, 51.470878329000072 ], [ 23.646790887000066, 51.459301292000077 ], [ 23.649358746000189, 51.446241378000195 ], [ 23.685480283000061, 51.445246251000015 ], [ 23.676887538000074, 51.430104056000118 ], [ 23.702895250000097, 51.419826187000126 ], [ 23.692773306000163, 51.41412870400012 ], [ 23.702599344000134, 51.403556831000117 ], [ 23.676715311000123, 51.393673420000141 ], [ 23.686384498, 51.368401582000104 ], [ 23.665753605000191, 51.367356109000184 ], [ 23.635552634000021, 51.328248012000074 ], [ 23.648240375000114, 51.287340851000181 ], [ 23.695224288000077, 51.291532916000165 ], [ 23.726779707000048, 51.261472161000086 ], [ 23.739078665000136, 51.212032014000101 ], [ 23.869143005000183, 51.150618675000089 ], [ 23.86963618700014, 51.129754413000057 ], [ 23.849282860000187, 51.123903452999969 ], [ 23.856581590000133, 51.100001153000107 ], [ 23.875651175000087, 51.077061843000138 ], [ 23.908594896000125, 51.077725259000147 ], [ 23.921004743000083, 51.036716344000126 ], [ 23.955321347000165, 51.043229674000088 ], [ 23.981287896000026, 51.021158502000048 ], [ 24.099784795000176, 51.009464948000073 ], [ 24.125185330000136, 51.051734058000136 ], [ 24.155871286000149, 51.05251866500015 ], [ 24.165369522, 51.075568430000089 ], [ 24.266591000000119, 51.095661 ], [ 24.293386001000158, 51.088755000000106 ], [ 24.284832548000054, 51.052883155000131 ], [ 24.315347, 51.050687 ], [ 24.31206, 51.038722000000178 ], [ 24.369672000999969, 51.045739 ], [ 24.377337000000125, 50.986094 ], [ 24.35169451500002, 50.97638019599998 ], [ 24.438262000000122, 50.958316001000071 ], [ 24.42483100100003, 50.941977001000168 ], [ 24.558515421000152, 50.910788754000066 ], [ 24.669310000000166, 50.86188200100014 ], [ 24.71308700100019, 50.870106000000135 ], [ 24.740950001000044, 50.899915 ], [ 24.81845255200011, 50.88601437300008 ], [ 24.827560222000159, 50.940946162000046 ], [ 24.888907003000156, 50.928714334000176 ], [ 24.888899999000103, 50.94883900100001 ], [ 24.839166, 50.967816001000074 ], [ 24.827935197000158, 51.000326961000098 ], [ 25.121591354000088, 51.028582 ], [ 25.176114317000042, 51.047838726000066 ], [ 25.190479114000084, 51.038735 ], [ 25.249165795000124, 51.079664552999986 ], [ 25.255492351999976, 51.12113741100012 ], [ 25.320205358000067, 51.12704310200013 ], [ 25.332969182000113, 51.111484785000073 ], [ 25.410795394, 51.12884882700007 ], [ 25.363729724000109, 51.152408284000103 ], [ 25.37718821500016, 51.157925403000149 ], [ 25.331065223000053, 51.165980166000054 ], [ 25.335644072000093, 51.178880633000119 ], [ 25.306138757000156, 51.184178013000178 ], [ 25.310184278000122, 51.197985998000036 ], [ 25.266527274000168, 51.210238858000082 ], [ 25.337545284000043, 51.217266932000143 ], [ 25.326932253000052, 51.250139494999985 ], [ 25.279731520000041, 51.24625471600018 ], [ 25.258744674000127, 51.285533669000188 ], [ 25.201483143000132, 51.284446651000167 ], [ 25.171356192000076, 51.332768746 ], [ 25.193843571000059, 51.379749365000123 ], [ 24.928554172000077, 51.352690254000038 ], [ 24.956797832000177, 51.374818967000181 ], [ 24.898735514000066, 51.378591199000027 ], [ 24.880644760000166, 51.40335761100016 ], [ 24.83462262200004, 51.411821165000049 ], [ 24.826955370000178, 51.432809900000166 ], [ 24.755113628, 51.451308057000119 ], [ 24.765178748000039, 51.460837798000171 ], [ 24.752227143000027, 51.486925638000059 ], [ 24.784391513000173, 51.532148728000152 ], [ 24.767898599000091, 51.608156408000184 ], [ 24.640049298000122, 51.60841036000005 ], [ 24.676586809000128, 51.615494443000102 ], [ 24.688979849000077, 51.639436186000125 ], [ 24.667429335000065, 51.640878973000042 ], [ 24.699998907000179, 51.666368466999984 ], [ 24.686096148000104, 51.700527512000065 ], [ 24.698876394000081, 51.708705534000103 ], [ 24.672434001000113, 51.723776 ], [ 24.701223001000187, 51.726682000000153 ], [ 24.711935372000028, 51.708423408000044 ], [ 24.731578233, 51.746752345000118 ], [ 24.722741167000152, 51.756736830000136 ], [ 24.815895641, 51.774935398000082 ], [ 24.844970767000177, 51.825988505000169 ], [ 24.889818580000167, 51.81082584800015 ], [ 24.946926181000038, 51.842327495000063 ], [ 24.932277062000082, 51.846281923000049 ], [ 24.937038856000072, 51.86893060400007 ], [ 24.9087320000001, 51.872808 ], [ 24.935282788000109, 51.880886065000084 ], [ 24.918907758000046, 51.911336972000129 ], [ 24.843004597000174, 51.896125242000039 ], [ 24.834946544000047, 51.912683859000083 ], [ 24.810489626999981, 51.911974773000054 ], [ 24.749604390000172, 51.881144546000087 ], [ 24.714984128000026, 51.89639864600008 ] ] ] } },
{ "type": "Feature", "properties": { "pcode": "UA0708", "name": "Lutskyi", "oblast_pcode": "UA07", "oblast": "Volynska", "area_sqkm": 5248.0481373000002, "city_pop": 212903.0, "pop": 495322, "included": true }, "geometry": { "type": "Polygon", "coordinates": [ [ [ 26.067731826000056, 51.176884382000026 ], [ 25.995721884000034, 51.227816909000069 ], [ 25.948775923000142, 51.232160928000042 ], [ 25.781614999000055, 51.190286 ], [ 25.780287999000052, 51.140315000000101 ], [ 25.658227459000045, 51.159030339000083 ], [ 25.505049562000067, 51.147349582000061 ], [ 25.457162541000116, 51.157928149000043 ], [ 25.42900079900005, 51.131622020000123 ], [ 25.356249908999985, 51.113838138 ], [ 25.332969182000113, 51.111484785000073 ], [ 25.320205358000067, 51.12704310200013 ], [ 25.255492351999976, 51.12113741100012 ], [ 25.249165795000124, 51.079664552999986 ], [ 25.190479114000084, 51.038735 ], [ 25.176114317000042, 51.047838726000066 ], [ 25.121591354000088, 51.028582 ], [ 24.827935197000158, 51.000326961000098 ], [ 24.839166, 50.967816001000074 ], [ 24.86594, 50.967593001000125 ], [ 24.891347780000046, 50.931668585000068 ], [ 24.827560222000159, 50.940946162000046 ], [ 24.828722, 50.857835 ], [ 24.903824710000151, 50.834834182000122 ], [ 24.904717, 50.804348000000118 ], [ 24.942159681000021, 50.756014938000135 ], [ 24.93593600000014, 50.704431000000113 ], [ 24.869014181000182, 50.708685419000119 ], [ 24.863613573000066, 50.687586684000166 ], [ 24.881910802000107, 50.673532514000101 ], [ 24.858111699000119, 50.635897454000087 ], [ 24.877511223000113, 50.634284980000075 ], [ 24.826407000000131, 50.599275001000137 ], [ 24.831172367000136, 50.577223522 ], [ 24.75078994200004, 50.569002720000185 ], [ 24.733010832000161, 50.591330094000114 ], [ 24.644806234000043, 50.591722956000126 ], [ 24.616025248000085, 50.560892353000156 ], [ 24.554680529999985, 50.563619829 ], [ 24.575536309000142, 50.554553890000136 ], [ 24.563929397000095, 50.533273135000172 ], [ 24.540299859000015, 50.540677376000076 ], [ 24.554729555000051, 50.492870992000121 ], [ 24.595834657000069, 50.498181742999975 ], [ 24.596653437000157, 50.413491201000056 ], [ 24.653811916, 50.409994507000079 ], [ 24.707125232000124, 50.383606680000184 ], [ 24.721679756000185, 50.373378104000096 ], [ 24.713798882000049, 50.34230023300006 ], [ 24.777279046000103, 50.337659863000169 ], [ 24.865806312000075, 50.35961418800008 ], [ 24.887217159000102, 50.358588286000099 ], [ 24.885585543000104, 50.344663813000068 ], [ 24.936748937000175, 50.345587914000021 ], [ 24.92933290000019, 50.378208432000065 ], [ 24.941911000000175, 50.389450000000124 ], [ 25.016829487000052, 50.341724962000171 ], [ 25.058939450000025, 50.342280246000087 ], [ 25.054124060000049, 50.300964814000054 ], [ 25.112613117000024, 50.287237057000141 ], [ 25.101319946999979, 50.295058204000043 ], [ 25.109045871000092, 50.312210090000065 ], [ 25.166320912000174, 50.331112994000193 ], [ 25.145896373000028, 50.344247678000158 ], [ 25.141741003999982, 50.369149901000128 ], [ 25.168977081000151, 50.379707944000188 ], [ 25.179285913000058, 50.362194448000082 ], [ 25.198654022000085, 50.363109980000161 ], [ 25.209833776000153, 50.381195434000119 ], [ 25.169357085000115, 50.395859000000144 ], [ 25.158543485000166, 50.428942178000113 ], [ 25.139129006000076, 50.428241841000158 ], [ 25.151752836000071, 50.446805906000066 ], [ 25.138311676000114, 50.46112314200019 ], [ 25.084088798000096, 50.475424015000101 ], [ 25.150624042000118, 50.468354444000056 ], [ 25.163007540000137, 50.500634217000027 ], [ 25.122195355000088, 50.528830251000102 ], [ 25.123678002000077, 50.553491000000122 ], [ 25.300494701000162, 50.538084002000062 ], [ 25.321415890000026, 50.568726764000075 ], [ 25.318767813000079, 50.583613890000095 ], [ 25.300172501000134, 50.579646702000161 ], [ 25.29194938, 50.630519487000186 ], [ 25.327862056000129, 50.612128648000066 ], [ 25.405759868000075, 50.611498394000137 ], [ 25.351205985000092, 50.641493652000065 ], [ 25.384842427000024, 50.654911169000059 ], [ 25.375646591000134, 50.682334890000106 ], [ 25.385864926000124, 50.689034341000081 ], [ 25.404655132000187, 50.668985819000056 ], [ 25.457016093999982, 50.662515535000068 ], [ 25.469560630000046, 50.680045512000049 ], [ 25.601669154000092, 50.696236802000158 ], [ 25.599180642000078, 50.715737054000158 ], [ 25.693959999000185, 50.724743000000103 ], [ 25.695505972000092, 50.703176278000058 ], [ 25.722097437000173, 50.683508816000085 ], [ 25.708798965000142, 50.67145665400011 ], [ 25.795213895000131, 50.669516748000035 ], [ 25.829335397000023, 50.619812040000056 ], [ 25.844519801000104, 50.630919865000124 ], [ 25.823525437000114, 50.646737680000172 ], [ 25.878703648000112, 50.708529292000094 ], [ 25.871853798000188, 50.738627853000082 ], [ 25.902464745000145, 50.831549755000083 ], [ 26.021960203, 50.820835175000127 ], [ 26.039503938000053, 50.841739200000177 ], [ 25.99167871700007, 50.865835956000183 ], [ 26.000699294000071, 50.935390606000112 ], [ 25.967023820000179, 50.956960420000087 ], [ 26.084697982000023, 50.97320468800018 ], [ 26.085587504000046, 51.002626047000092 ], [ 26.107307560000038, 51.00506647900005 ], [ 26.091168648000178, 51.05061014000006 ], [ 26.016943685000058, 51.083286218000069 ], [ 25.941586794000102, 51.083993231000022 ], [ 25.941607685000179, 51.119373354000061 ], [ 26.067188704000102, 51.147946654000066 ], [ 26.067731826000056, 51.176884382000026 ] ] ] } },
{ "type": "Feature", "properties": { "pcode": "UA1202", "name": "Dniprovskyi", "oblast_pcode": "UA12", "oblast": "Dnipropetrovska", "area_sqkm": 5604.5815914300001, "city_pop": 958377.0, "pop": 1117117, "included": true }, "geometry": { "type": "Polygon", "coordinates": [ [ [ 34.624320232000173, 49.122979242000042 ], [ 34.589745230000062, 49.112119813999982 ], [ 34.59328317700016, 49.092765212000131 ], [ 34.572305937000181, 49.095168674000092 ], [ 34.573886474000119, 49.063313298000082 ], [ 34.558209878000127, 49.05551515600007 ], [ 34.515800353000088, 49.071911492000083 ], [ 34.465843043000177, 49.064267365000092 ], [ 34.402111830000024, 49.093859573000032 ], [ 34.415679796000177, 49.054851514 ], [ 34.331769102000123, 49.008603954000137 ], [ 34.325498049000032, 48.998814131000017 ], [ 34.352898645000153, 48.983864421000135 ], [ 34.311851957000158, 48.940663996000183 ], [ 34.300167816, 48.895931978000078 ], [ 34.350357238000129, 48.848156946000074 ], [ 34.325140535000116, 48.844243632000143 ], [ 34.323032768000076, 48.828900036000164 ], [ 34.343350467000107, 48.824388077000151 ], [ 34.297091938000051, 48.820749065000143 ], [ 34.298057281000069, 48.784586920000095 ], [ 34.342491302000155, 48.784194048000074 ], [ 34.309073284000192, 48.765553743999988 ], [ 34.312141810000071, 48.739532005000171 ], [ 34.290515366000193, 48.715739510000049 ], [ 34.343740428000103, 48.706526205000046 ], [ 34.351929530000177, 48.670138778000194 ], [ 34.438872072000152, 48.647055473000137 ], [ 34.453340524000168, 48.603137307 ], [ 34.549938501999975, 48.566930185000047 ], [ 34.556289923000179, 48.586292988000139 ], [ 34.531681479000099, 48.601876417000142 ], [ 34.561145091000071, 48.61670551300017 ], [ 34.58298755900006, 48.598950043000116 ], [ 34.607134553000094, 48.625979881000148 ], [ 34.609362087000022, 48.607953163000047 ], [ 34.56799556600015, 48.588657355000123 ], [ 34.580939995000108, 48.5866242190001 ], [ 34.541239042000143, 48.545729392000112 ], [ 34.5879412970001, 48.529911214000151 ], [ 34.581626106000101, 48.537724944000047 ], [ 34.676462115000106, 48.532105885000135 ], [ 34.685464865000142, 48.521682685000087 ], [ 34.659492854000177, 48.52629724600007 ], [ 34.771172605000061, 48.474091630000146 ], [ 34.760322679000126, 48.440463113000135 ], [ 34.702471545000094, 48.472794400000112 ], [ 34.700737000000174, 48.440055 ], [ 34.659324724000101, 48.47296765700014 ], [ 34.629383450000091, 48.450871874000086 ], [ 34.560119757000166, 48.465018436000094 ], [ 34.511712454000133, 48.456343376000177 ], [ 34.510037154000088, 48.440948209999988 ], [ 34.56198890800016, 48.435169165000161 ], [ 34.597508088000041, 48.329746842000191 ], [ 34.57148159400009, 48.317945964000046 ], [ 34.606962416000158, 48.290071221000176 ], [ 34.586596794000172, 48.284974134000095 ], [ 34.592736921999972, 48.25355715000012 ], [ 34.565330055000118, 48.25158988600009 ], [ 34.550864596000054, 48.273785090000104 ], [ 34.50665280000004, 48.252769980000039 ], [ 34.473482151000042, 48.264447729000153 ], [ 34.461417596000047, 48.24145143200019 ], [ 34.425144417000183, 48.234586806000095 ], [ 34.435289905000104, 48.196015449000186 ], [ 34.38291298300004, 48.206097788000136 ], [ 34.393856627000105, 48.160545444000036 ], [ 34.452867164000054, 48.171241103999989 ], [ 34.413960990000078, 48.151648231000081 ], [ 34.429368653000097, 48.128728300000034 ], [ 34.292711288000191, 48.116870917000085 ], [ 34.279502689000026, 48.10979147300003 ], [ 34.289393424000082, 48.077813552000123 ], [ 34.195871798000042, 48.067588920000048 ], [ 34.231680943000072, 48.047845447999975 ], [ 34.237936166000054, 48.028064852000057 ], [ 34.198478636000118, 48.001402066000026 ], [ 34.188398896000081, 47.960838909000188 ], [ 34.303198124000119, 47.978324309000072 ], [ 34.317941267000037, 47.929801619000045 ], [ 34.338519158000111, 47.932456021000121 ], [ 34.342628203000174, 47.918767168000159 ], [ 34.409675946999982, 47.928571594000118 ], [ 34.373034, 47.938968 ], [ 34.440589328000101, 47.953634212000111 ], [ 34.452126350000071, 47.923511069000028 ], [ 34.590489293000076, 47.961043587000063 ], [ 34.586564284000133, 47.978702543000111 ], [ 34.610201274000133, 47.981567627 ], [ 34.60220261600017, 48.013334842000063 ], [ 34.731778767000037, 48.026365113000054 ], [ 34.743680494000102, 47.985172590000161 ], [ 34.82117888800002, 47.996729879999975 ], [ 34.818250821000163, 48.010298276000185 ], [ 34.846528308000131, 48.01361004600011 ], [ 34.839345925000146, 48.049007686000039 ], [ 34.875582212000097, 48.054309455000066 ], [ 34.855049175000033, 48.132978355000034 ], [ 34.915585204000081, 48.130392687000153 ], [ 34.914614319000123, 48.090810133000161 ], [ 34.989294357000119, 48.089964967000014 ], [ 35.036821426000131, 48.097406932000183 ], [ 35.062986053000031, 48.121786859000053 ], [ 35.194386614000109, 48.140290145000165 ], [ 35.184123924000062, 48.166165210000145 ], [ 35.199679071000048, 48.221260803000177 ], [ 35.180908355000156, 48.260163306000152 ], [ 35.226583456000071, 48.255196483000134 ], [ 35.255301064000093, 48.312847441000144 ], [ 35.282505092000179, 48.325263786000164 ], [ 35.26224060200019, 48.34684870500007 ], [ 35.309507903000167, 48.370474679000154 ], [ 35.236306592000062, 48.426878476000127 ], [ 35.302730620000148, 48.439845026000057 ], [ 35.28518534400007, 48.463835326000094 ], [ 35.314210562000142, 48.472782011000049 ], [ 35.314391294000188, 48.498473951000051 ], [ 35.279446960000087, 48.486031062 ], [ 35.231470325000032, 48.547231999000189 ], [ 35.142242400000043, 48.58611744000018 ], [ 35.175065004000146, 48.599966748000156 ], [ 35.164857735000169, 48.61313734700019 ], [ 35.186928872000124, 48.652340620000132 ], [ 35.21461582600017, 48.654496547000122 ], [ 35.202688702999978, 48.667222754000136 ], [ 35.168582093000111, 48.657407132000117 ], [ 35.156230278000123, 48.672055172000114 ], [ 35.138941896000176, 48.699722487000031 ], [ 35.156833615000039, 48.707274570000095 ], [ 35.162199971000177, 48.732171714 ], [ 35.069839475000094, 48.755148423000151 ], [ 35.008874942000091, 48.692884598000148 ], [ 34.97194228800015, 48.72202625400007 ], [ 34.939278306000062, 48.701235882000105 ], [ 34.931015028000104, 48.720047758000192 ], [ 34.96620867200005, 48.726574489000086 ], [ 34.929189767000139, 48.752463989000091 ], [ 34.955863911000051, 48.765239567000037 ], [ 34.956359778000149, 48.793710819000125 ], [ 34.929524091000076, 48.782844978000185 ], [ 34.897174192000136, 48.809065224000051 ], [ 34.908989145000078, 48.816125395000029 ], [ 34.891153110000062, 48.833751495000058 ], [ 34.842145895000158, 48.822437695000076 ], [ 34.849505417000159, 48.805352786000185 ], [ 34.82568097900014, 48.783586038000067 ], [ 34.839204392000056, 48.776725038999984 ], [ 34.784849681000026, 48.754400156000145 ], [ 34.779463862000171, 48.819091827000136 ], [ 34.735043317000134, 48.870918838000136 ], [ 34.788441361000025, 48.912831961000165 ], [ 34.738703465000128, 48.938781763000179 ], [ 34.757892863000166, 48.947441833000141 ], [ 34.729353052000192, 48.990516305000028 ], [ 34.739592525000148, 48.995033567000064 ], [ 34.692200028000116, 49.048065314000041 ], [ 34.668680388000098, 49.039496334000148 ], [ 34.656716288000098, 49.052562378000175 ], [ 34.688126869000143, 49.072457918000168 ], [ 34.624320232000173, 49.122979242000042 ] ], [ [ 34.605390005000174, 48.588766707000104 ], [ 34.631134080000152, 48.601336789000072 ], [ 34.63248340500013, 48.590308395000079 ], [ 34.605390005000174, 48.588766707000104 ] ] ] } },
{ "type": "Feature", "properties": { "pcode": "UA1204", "name": "Kamianskyi", "oblast_pcode": "UA12", "oblast": "Dnipropetrovska", "area_sqkm": 4808.0422970400004, "city_pop": 226295.0, "pop": 457811, "included": true }, "geometry": { "type": "MultiPolygon", "coordinates": [ [ [ [ 33.933839476, 48.879285673000084 ], [ 33.893760485000087, 48.902014141000166 ], [ 33.847722908000037, 48.802583637000112 ], [ 33.850803309000071, 48.770823619000055 ], [ 33.818981223000037, 48.776075340000148 ], [ 33.811277097000129, 48.802845499999989 ], [ 33.725268426000071, 48.786667094000052 ], [ 33.714241132000041, 48.813530960000037 ], [ 33.674995845000126, 48.81516607400016 ], [ 33.656728682000107, 48.79264806700013 ], [ 33.617809851000061, 48.787606268000161 ], [ 33.583005684000057, 48.796784308000156 ], [ 33.585229190000177, 48.754391520000127 ], [ 33.607546151000065, 48.751373553000121 ], [ 33.618849337000086, 48.727580300999989 ], [ 33.681477158000177, 48.723187204000055 ], [ 33.750361291000161, 48.680737062000105 ], [ 33.805325061000076, 48.686824165000075 ], [ 33.802126539000085, 48.662866146000113 ], [ 33.756104210000046, 48.657213585000193 ], [ 33.763241430000164, 48.626631099000065 ], [ 33.743951154000115, 48.615276610000194 ], [ 33.66045892, 48.585669910000092 ], [ 33.650030070000071, 48.599865230000091 ], [ 33.609249197000111, 48.599428952000039 ], [ 33.622198248000132, 48.565943278000191 ], [ 33.509625382000138, 48.568114762000107 ], [ 33.472404527000037, 48.545027376000121 ], [ 33.497188342000129, 48.393683801000066 ], [ 33.471407771000031, 48.385090597000158 ], [ 33.460148689000107, 48.355557127999987 ], [ 33.478710772000056, 48.349303945000145 ], [ 33.472969205000084, 48.326089045000117 ], [ 33.517230921000134, 48.328320613000187 ], [ 33.513674731000094, 48.277294604000076 ], [ 33.529717752000124, 48.275785870000107 ], [ 33.546161508000125, 48.235339534000047 ], [ 33.57759663600018, 48.252210044000037 ], [ 33.570313899000041, 48.315130924000186 ], [ 33.61444399700008, 48.317156257000136 ], [ 33.624440569000114, 48.290744733000111 ], [ 33.608744751000131, 48.242870781000136 ], [ 33.669610443000067, 48.260536237000167 ], [ 33.684262657000033, 48.249459587000104 ], [ 33.741177461000063, 48.257978058000162 ], [ 33.741796120000174, 48.281772668000031 ], [ 33.771961737000026, 48.285782060000145 ], [ 33.77957601300011, 48.257020325000042 ], [ 33.875635706000082, 48.257331180000108 ], [ 33.886681680000095, 48.218696876000081 ], [ 33.923625828000127, 48.222976473000017 ], [ 33.929216207000024, 48.20118595100007 ], [ 33.942203328000176, 48.201615844000059 ], [ 33.934664967, 48.179245606000052 ], [ 34.004605665000099, 48.185383658000092 ], [ 34.016061873000126, 48.142041408000011 ], [ 34.059094072, 48.151518347000149 ], [ 34.083660454000153, 48.100530538000157 ], [ 34.183923183000047, 48.076419127000122 ], [ 34.177277031000131, 48.068359833000159 ], [ 34.19944261500018, 48.058171560000119 ], [ 34.195871798000042, 48.067588920000048 ], [ 34.289393424000082, 48.077813552000123 ], [ 34.279502689000026, 48.10979147300003 ], [ 34.292711288000191, 48.116870917000085 ], [ 34.429368653000097, 48.128728300000034 ], [ 34.413960990000078, 48.151648231000081 ], [ 34.452867164000054, 48.171241103999989 ], [ 34.393856627000105, 48.160545444000036 ], [ 34.38291298300004, 48.206097788000136 ], [ 34.435289905000104, 48.196015449000186 ], [ 34.425144417000183, 48.234586806000095 ], [ 34.461417596000047, 48.24145143200019 ], [ 34.473482151000042, 48.264447729000153 ], [ 34.50665280000004, 48.252769980000039 ], [ 34.550864596000054, 48.273785090000104 ], [ 34.565330055000118, 48.25158988600009 ], [ 34.592736921999972, 48.25355715000012 ], [ 34.586596794000172, 48.284974134000095 ], [ 34.606962416000158, 48.290071221000176 ], [ 34.57148159400009, 48.317945964000046 ], [ 34.597508088000041, 48.329746842000191 ], [ 34.56198890800016, 48.435169165000161 ], [ 34.510037154000088, 48.440948209999988 ], [ 34.511712454000133, 48.456343376000177 ], [ 34.560119757000166, 48.465018436000094 ], [ 34.629383450000091, 48.450871874000086 ], [ 34.659324724000101, 48.47296765700014 ], [ 34.700737000000174, 48.440055 ], [ 34.702471545000094, 48.472794400000112 ], [ 34.760322679000126, 48.440463113000135 ], [ 34.771172605000061, 48.474091630000146 ], [ 34.659492854000177, 48.52629724600007 ], [ 34.685464865000142, 48.521682685000087 ], [ 34.676462115000106, 48.532105885000135 ], [ 34.581626106000101, 48.537724944000047 ], [ 34.5879412970001, 48.529911214000151 ], [ 34.541239042000143, 48.545729392000112 ], [ 34.580939995000108, 48.5866242190001 ], [ 34.56799556600015, 48.588657355000123 ], [ 34.609362087000022, 48.607953163000047 ], [ 34.607134553000094, 48.625979881000148 ], [ 34.58298755900006, 48.598950043000116 ], [ 34.561145091000071, 48.61670551300017 ], [ 34.531681479000099, 48.601876417000142 ], [ 34.556289923000179, 48.586292988000139 ], [ 34.549938501999975, 48.566930185000047 ], [ 34.46829262100016, 48.593973652000045 ], [ 34.441892476000078, 48.618622344000073 ], [ 34.442244029000165, 48.64437112000013 ], [ 34.351929530000177, 48.670138778000194 ], [ 34.351758518000054, 48.701755104000085 ], [ 34.292551370000069, 48.713074561000099 ], [ 34.291865247000089, 48.741687133000141 ], [ 34.130167997000171, 48.777055327000141 ], [ 34.118106468000065, 48.821295110000108 ], [ 34.072496593000039, 48.823771075000082 ], [ 34.023022305000154, 48.863276006000149 ], [ 33.933839476, 48.879285673000084 ] ] ], [ [ [ 34.604557139, 48.593676472000141 ], [ 34.63248340500013, 48.590308395000079 ], [ 34.631134080000152, 48.601336789000072 ], [ 34.604557139, 48.593676472000141 ] ] ] ] } },
{ "type": "Feature", "properties": { "pcode": "UA1206", "name": "Kryvorizkyi", "oblast_pcode": "UA12", "oblast": "Dnipropetrovska", "area_sqkm": 5729.8303365000002, "city_pop": 602390.0, "pop": 781644, "included": true }, "geometry": { "type": "Polygon", "coordinates": [ [ [ 33.61444399700008, 48.317156257000136 ], [ 33.569814212000153, 48.313881707000121 ], [ 33.57759663600018, 48.252210044000037 ], [ 33.527727198000093, 48.221854360000179 ], [ 33.500652808999973, 48.231946256000128 ], [ 33.484417509000139, 48.214474635000045 ], [ 33.496112419000042, 48.201988618000144 ], [ 33.430441126000119, 48.188715759000161 ], [ 33.430537779000076, 48.1700613000001 ], [ 33.290819989000113, 48.150025512000184 ], [ 33.31648167200018, 48.124897360000148 ], [ 33.293436088000135, 48.101755734000108 ], [ 33.277000454000188, 48.103194853000105 ], [ 33.271759184000132, 48.153689067000187 ], [ 33.247498976000145, 48.151130132000105 ], [ 33.242990232000125, 48.17263517400005 ], [ 33.212807140000109, 48.169906406000052 ], [ 33.232040781000023, 48.126774142000158 ], [ 33.181712842000081, 48.118136751000065 ], [ 33.186761525000122, 48.104217505000122 ], [ 33.235412175000079, 48.113379831000088 ], [ 33.224868251000032, 48.092045751000057 ], [ 33.141712051000184, 48.076484724000125 ], [ 33.153681947000109, 48.042080519000024 ], [ 33.143351123000116, 48.064012241000114 ], [ 33.105704781000043, 48.063879216000032 ], [ 33.110596874000123, 48.042889570999989 ], [ 33.031792014000075, 48.030916916000137 ], [ 33.024913016000028, 47.984168102000183 ], [ 32.99520183400017, 47.985475823000115 ], [ 33.007674942000165, 47.936760092000156 ], [ 32.990909681000062, 47.934094599000161 ], [ 33.012716476000037, 47.910444879000181 ], [ 33.078282300000126, 47.92037687100003 ], [ 33.081036260000133, 47.834827800000028 ], [ 33.057236431999968, 47.831851621000055 ], [ 33.067763950000085, 47.783591221000052 ], [ 33.049624624000103, 47.781862657000033 ], [ 33.072162335000144, 47.738878398000054 ], [ 32.972020960000123, 47.722629122000058 ], [ 32.997130803000175, 47.616552436000063 ], [ 32.96002306400004, 47.591382838000129 ], [ 33.094963454000151, 47.597043301000156 ], [ 33.092618032000019, 47.578689384000029 ], [ 33.170980281000141, 47.566779041000188 ], [ 33.233242098000176, 47.577404817000058 ], [ 33.215470876999973, 47.533130037000149 ], [ 33.28717036400019, 47.543302800000106 ], [ 33.279021853000017, 47.517089883000097 ], [ 33.309869899000148, 47.501624109000147 ], [ 33.313647159000027, 47.48214580299998 ], [ 33.348857157000111, 47.493569076000028 ], [ 33.325186771000062, 47.522822421000114 ], [ 33.486117537000098, 47.543976206000025 ], [ 33.473673102000134, 47.587183102999973 ], [ 33.580330223000146, 47.599993241000163 ], [ 33.608995267000068, 47.561099602000183 ], [ 33.588920638000104, 47.558165062000057 ], [ 33.588197076000085, 47.502126905000182 ], [ 33.635836823000147, 47.514010645000042 ], [ 33.643466043000103, 47.484450609000078 ], [ 33.936146197000028, 47.516569889000039 ], [ 33.95543997700014, 47.457392046999985 ], [ 34.108824199000026, 47.474012542000025 ], [ 34.078173619000097, 47.585866900000099 ], [ 34.088220543000034, 47.598384975000101 ], [ 34.050698571, 47.618882542000108 ], [ 34.079340038000055, 47.644337021000069 ], [ 34.041993801999979, 47.668916289000038 ], [ 33.978588514000137, 47.667934552000077 ], [ 33.93077198800006, 47.694083626000065 ], [ 33.92847847400003, 47.722621326000137 ], [ 33.957157844000108, 47.726116793000074 ], [ 33.958818090000136, 47.742936728000075 ], [ 34.008373159000087, 47.744068178000077 ], [ 34.064648986000066, 47.797706071000164 ], [ 34.066583482999988, 47.808992305000118 ], [ 34.04307727500003, 47.806714946999989 ], [ 34.025591761000101, 47.873867223000104 ], [ 34.002653833000068, 47.872462929000108 ], [ 34.011265239000124, 47.927870751000171 ], [ 34.063308129000063, 47.923880296000107 ], [ 34.093339852000042, 47.947285063000152 ], [ 34.144784677000189, 47.940641849000087 ], [ 34.161832650000065, 47.964906097000096 ], [ 34.200779348000026, 47.972300567000104 ], [ 34.198478636000118, 48.001402066000026 ], [ 34.237936166000054, 48.028064852000057 ], [ 34.231680943000072, 48.047845447999975 ], [ 34.187277000000165, 48.057173142000124 ], [ 34.183923183000047, 48.076419127000122 ], [ 34.083660454000153, 48.100530538000157 ], [ 34.059094072, 48.151518347000149 ], [ 34.016061873000126, 48.142041408000011 ], [ 34.004605665000099, 48.185383658000092 ], [ 33.934664967, 48.179245606000052 ], [ 33.942203328000176, 48.201615844000059 ], [ 33.929216207000024, 48.20118595100007 ], [ 33.923625828000127, 48.222976473000017 ], [ 33.886681680000095, 48.218696876000081 ], [ 33.875635706000082, 48.257331180000108 ], [ 33.77957601300011, 48.257020325000042 ], [ 33.771961737000026, 48.285782060000145 ], [ 33.741796120000174, 48.281772668000031 ], [ 33.741177461000063, 48.257978058000162 ], [ 33.684262657000033, 48.249459587000104 ], [ 33.669610443000067, 48.260536237000167 ], [ 33.608744751000131, 48.242870781000136 ], [ 33.624440569000114, 48.290744733000111 ], [ 33.61444399700008, 48.317156257000136 ] ] ] } },
{ "type": "Feature", "properties": { "pcode": "UA1208", "name": "Nikopolskyi", "oblast_pcode": "UA12", "oblast": "Dnipropetrovska", "area_sqkm": 3232.7938545900001, "city_pop": 107214.0, "pop": 215646, "included": true }, "geometry": { "type": "Polygon", "coordinates": [ [ [ 34.731778767000037, 48.026365113000054 ], [ 34.60220261600017, 48.013334842000063 ], [ 34.610201274000133, 47.981567627 ], [ 34.586564284000133, 47.978702543000111 ], [ 34.590489293000076, 47.961043587000063 ], [ 34.494790288000104, 47.927915257999985 ], [ 34.452126350000071, 47.923511069000028 ], [ 34.440589328000101, 47.953634212000111 ], [ 34.373034, 47.938968 ], [ 34.409675946999982, 47.928571594000118 ], [ 34.342628203000174, 47.918767168000159 ], [ 34.338519158000111, 47.932456021000121 ], [ 34.317941267000037, 47.929801619000045 ], [ 34.303198124000119, 47.978324309000072 ], [ 34.236492349000059, 47.975438462000113 ], [ 34.228179739999973, 47.9616536690001 ], [ 34.16744894500016, 47.967182106000166 ], [ 34.144784677000189, 47.940641849000087 ], [ 34.093339852000042, 47.947285063000152 ], [ 34.063308129000063, 47.923880296000107 ], [ 34.011265239000124, 47.927870751000171 ], [ 34.002653833000068, 47.872462929000108 ], [ 34.025591761000101, 47.873867223000104 ], [ 34.04307727500003, 47.806714946999989 ], [ 34.066583482999988, 47.808992305000118 ], [ 34.064648986000066, 47.797706071000164 ], [ 34.008373159000087, 47.744068178000077 ], [ 33.958818090000136, 47.742936728000075 ], [ 33.957157844000108, 47.726116793000074 ], [ 33.92847847400003, 47.722621326000137 ], [ 33.929636934000143, 47.69592247800017 ], [ 33.980890038000098, 47.666946811000173 ], [ 34.041993801999979, 47.668916289000038 ], [ 34.079340038000055, 47.644337021000069 ], [ 34.050698571, 47.618882542000108 ], [ 34.088220543000034, 47.598384975000101 ], [ 34.078173619000097, 47.585866900000099 ], [ 34.108824199000026, 47.474012542000025 ], [ 34.572386023000035, 47.561731215000123 ], [ 34.796796021000091, 47.537194216000046 ], [ 34.861230102000093, 47.515318740000168 ], [ 34.944023045000165, 47.52920904399997 ], [ 34.965178559000151, 47.551129848000073 ], [ 34.927310097000031, 47.580357075000109 ], [ 34.941899828000089, 47.601570402000164 ], [ 34.905516495000029, 47.673993413000176 ], [ 34.937698019000152, 47.677558335000128 ], [ 34.92964594200015, 47.711559583000167 ], [ 34.955882197000108, 47.71242420700014 ], [ 34.956934754000088, 47.769299746000172 ], [ 34.893496209000034, 47.760138965000124 ], [ 34.878874450000183, 47.818553135 ], [ 34.903331847000061, 47.829829615000108 ], [ 34.897407644999987, 47.852697570000089 ], [ 34.870645859000149, 47.851333576000059 ], [ 34.861142252000093, 47.880483123000033 ], [ 34.816802271000029, 47.864547206000168 ], [ 34.801867324, 47.915523121000092 ], [ 34.853057482000168, 47.921561420999979 ], [ 34.849118106000162, 47.937896072000171 ], [ 34.868646568000031, 47.940982648000102 ], [ 34.880847372000176, 47.928831833000061 ], [ 34.918474125000103, 47.933401747000175 ], [ 34.904736027000069, 47.985761018000176 ], [ 34.869369935000066, 47.98228562800017 ], [ 34.858258504000048, 48.015114484000037 ], [ 34.743680494000102, 47.985172590000161 ], [ 34.731778767000037, 48.026365113000054 ] ] ] } },
{ "type": "Feature", "properties": { "pcode": "UA1210", "name": "Samarivskyi", "oblast_pcode": "UA12", "oblast": "Dnipropetrovska", "area_sqkm": 3479.3948034599998, "city_pop": 0.0, "pop": 99151, "included": true }, "geometry": { "type": "Polygon", "coordinates": [ [ [ 34.94829398000013, 49.191556510999987 ], [ 34.899608769000054, 49.150424319000024 ], [ 34.864872236000167, 49.16143420200018 ], [ 34.901939978000144, 49.178169224000158 ], [ 34.823572491000107, 49.189034149 ], [ 34.811955515000079, 49.166825589000155 ], [ 34.803596414000083, 49.179152103000035 ], [ 34.758376998000188, 49.168384030000027 ], [ 34.762860602000046, 49.143334700000082 ], [ 34.624320232000173, 49.122979242000042 ], [ 34.688126869000143, 49.072457918000168 ], [ 34.656716288000098, 49.052562378000175 ], [ 34.668680388000098, 49.039496334000148 ], [ 34.692200028000116, 49.048065314000041 ], [ 34.739592525000148, 48.995033567000064 ], [ 34.729353052000192, 48.990516305000028 ], [ 34.757892863000166, 48.947441833000141 ], [ 34.738703465000128, 48.938781763000179 ], [ 34.788441361000025, 48.912831961000165 ], [ 34.735043317000134, 48.870918838000136 ], [ 34.737516972000094, 48.85297110199997 ], [ 34.765993949000062, 48.844922964000034 ], [ 34.779463862000171, 48.819091827000136 ], [ 34.786715248000064, 48.753204868000182 ], [ 34.839204392000056, 48.776725038999984 ], [ 34.826659633000077, 48.789111963000096 ], [ 34.85614826699998, 48.829106459000116 ], [ 34.891153110000062, 48.833751495000058 ], [ 34.908989145000078, 48.816125395000029 ], [ 34.897174192000136, 48.809065224000051 ], [ 34.929524091000076, 48.782844978000185 ], [ 34.956359778000149, 48.793710819000125 ], [ 34.955863911000051, 48.765239567000037 ], [ 34.929189767000139, 48.752463989000091 ], [ 34.96620867200005, 48.726574489000086 ], [ 34.931015028000104, 48.720047758000192 ], [ 34.939278306000062, 48.701235882000105 ], [ 34.97194228800015, 48.72202625400007 ], [ 35.008874942000091, 48.692884598000148 ], [ 35.069839475000094, 48.755148423000151 ], [ 35.162199971000177, 48.732171714 ], [ 35.156833615000039, 48.707274570000095 ], [ 35.138941896000176, 48.699722487000031 ], [ 35.156230278000123, 48.672055172000114 ], [ 35.168582093000111, 48.657407132000117 ], [ 35.202688702999978, 48.667222754000136 ], [ 35.21461582600017, 48.654496547000122 ], [ 35.186928872000124, 48.652340620000132 ], [ 35.164857735000169, 48.61313734700019 ], [ 35.175065004000146, 48.599966748000156 ], [ 35.142242400000043, 48.58611744000018 ], [ 35.231470325000032, 48.547231999000189 ], [ 35.279446960000087, 48.486031062 ], [ 35.314391294000188, 48.498473951000051 ], [ 35.314210562000142, 48.472782011000049 ], [ 35.28518534400007, 48.463835326000094 ], [ 35.315076797000131, 48.424621217000094 ], [ 35.372240622999982, 48.454869233000124 ], [ 35.330554263000181, 48.50903407300018 ], [ 35.392833493000182, 48.507017666000081 ], [ 35.379173279000042, 48.528202151000073 ], [ 35.397238158, 48.534302269000136 ], [ 35.516798646000154, 48.526690202999987 ], [ 35.51328933800005, 48.536333705000175 ], [ 35.553849551000042, 48.538245468000127 ], [ 35.52500683400018, 48.598709679000137 ], [ 35.556077892000076, 48.594488655000134 ], [ 35.54430577200003, 48.617051 ], [ 35.569361020000088, 48.639561926000113 ], [ 35.555603360000077, 48.642565919000106 ], [ 35.594500474000029, 48.663464830000066 ], [ 35.584592453000141, 48.669367543000078 ], [ 35.615766919000066, 48.700534114000163 ], [ 35.675695838000024, 48.731261023000059 ], [ 35.675215091000098, 48.760225474000038 ], [ 35.660343252000189, 48.769229145000111 ], [ 35.685307780000187, 48.795085278000101 ], [ 35.67113423100011, 48.802901826000038 ], [ 35.681378167000048, 48.810846852000168 ], [ 35.646302208000122, 48.830910320000044 ], [ 35.685828593000053, 48.846897208000144 ], [ 35.636571735000189, 48.881629588000123 ], [ 35.808171671000025, 48.876138268000147 ], [ 35.815711823000186, 48.892507689000183 ], [ 35.818857250000121, 48.924246475000075 ], [ 35.79217398500009, 48.934215559000165 ], [ 35.801222265000035, 48.942620420000083 ], [ 35.788088191000043, 48.954450273000191 ], [ 35.75198610200016, 48.946915887000102 ], [ 35.723709451000104, 48.966585348000194 ], [ 35.696062135000147, 48.942763592000176 ], [ 35.694374017000086, 48.967502874000047 ], [ 35.650182068000163, 48.974102509000147 ], [ 35.630765999000118, 48.962474059000101 ], [ 35.627765735000025, 48.98274332900013 ], [ 35.595118422000041, 48.986899389000087 ], [ 35.573877518000074, 48.973628138000095 ], [ 35.48523185900018, 48.972623062000025 ], [ 35.438835778000112, 49.011105168000142 ], [ 35.407358454000189, 49.013576119000049 ], [ 35.401114394000103, 49.030553301000168 ], [ 35.301779256000088, 49.069537922000166 ], [ 35.307358318000013, 49.091715419000082 ], [ 35.276439880000169, 49.090628866000145 ], [ 35.256936248000045, 49.113539334000052 ], [ 35.227447790000156, 49.10033716200013 ], [ 35.189990691000048, 49.109900773000163 ], [ 35.228645750000169, 49.126292500000091 ], [ 35.18992176900008, 49.138066679000019 ], [ 35.209714029000054, 49.151086184000178 ], [ 35.187512233000177, 49.162802472000067 ], [ 35.144745699000168, 49.150486360000116 ], [ 35.122285688000147, 49.164693599000145 ], [ 35.085357214000169, 49.141008749000093 ], [ 35.073435796000012, 49.170175898000139 ], [ 35.053164191000064, 49.17703297200012 ], [ 35.044143089000102, 49.156426191000151 ], [ 35.012759264000124, 49.149036370000033 ], [ 34.94829398000013, 49.191556510999987 ] ] ] } },
{ "type": "Feature", "properties": { "pcode": "UA1212", "name": "Pavlohradskyi", "oblast_pcode": "UA12", "oblast": "Dnipropetrovska", "area_sqkm": 2429.7807721099998, "city_pop": 102373.0, "pop": 167334, "included": true }, "geometry": { "type": "Polygon", "coordinates": [ [ [ 36.004132035000112, 48.946053024000037 ], [ 35.937616281000089, 48.998905613000147 ], [ 35.937501730000122, 48.972913786000106 ], [ 35.884992461000024, 48.975189299000192 ], [ 35.855791065000062, 48.945086367000101 ], [ 35.809846356000094, 48.941269420000026 ], [ 35.808171671000025, 48.876138268000147 ], [ 35.636571735000189, 48.881629588000123 ], [ 35.685828593000053, 48.846897208000144 ], [ 35.646302208000122, 48.830910320000044 ], [ 35.681378167000048, 48.810846852000168 ], [ 35.67113423100011, 48.802901826000038 ], [ 35.685307780000187, 48.795085278000101 ], [ 35.660343252000189, 48.769229145000111 ], [ 35.675215091000098, 48.760225474000038 ], [ 35.675695838000024, 48.731261023000059 ], [ 35.615766919000066, 48.700534114000163 ], [ 35.584592453000141, 48.669367543000078 ], [ 35.594500474000029, 48.663464830000066 ], [ 35.555603360000077, 48.642565919000106 ], [ 35.569361020000088, 48.639561926000113 ], [ 35.54430577200003, 48.617051 ], [ 35.556077892000076, 48.594488655000134 ], [ 35.52500683400018, 48.598709679000137 ], [ 35.553849551000042, 48.538245468000127 ], [ 35.51328933800005, 48.536333705000175 ], [ 35.533313392000025, 48.498855826000124 ], [ 35.566045366000026, 48.504379391000157 ], [ 35.560343234000072, 48.519182758000113 ], [ 35.609264073000077, 48.528724848000024 ], [ 35.605181813000172, 48.54345798200012 ], [ 35.61918202600009, 48.545889700000089 ], [ 35.638650232000089, 48.522456691 ], [ 35.614744853000047, 48.510924485000089 ], [ 35.647310068000024, 48.478205668000044 ], [ 35.670356487000106, 48.491599541000028 ], [ 35.705914095000139, 48.459844127000167 ], [ 35.747071166000126, 48.472342833000141 ], [ 35.794485490000113, 48.434443115000079 ], [ 35.77539855700013, 48.427827203000163 ], [ 35.78284256000012, 48.404869906000044 ], [ 35.733238521000033, 48.400714364000123 ], [ 35.747945652000169, 48.386166678000109 ], [ 35.715644522000105, 48.368612595000116 ], [ 35.702263525000092, 48.383871474999978 ], [ 35.678806322000128, 48.361299171000041 ], [ 35.707165318000193, 48.33231286 ], [ 35.754105715000151, 48.339764055000046 ], [ 35.748517864000121, 48.31324137900009 ], [ 35.764494060000175, 48.30724055800016 ], [ 35.752764813000056, 48.2993126450001 ], [ 35.763455036000039, 48.290333186000112 ], [ 35.789673373000142, 48.285844630000156 ], [ 35.784379368000089, 48.309506320000025 ], [ 35.814493062000167, 48.312621978000095 ], [ 35.805441728000176, 48.355148761000066 ], [ 35.82777691300015, 48.357267850000142 ], [ 35.823307235000186, 48.377208908 ], [ 35.883910115000162, 48.391560004000098 ], [ 35.867497233, 48.403219356000079 ], [ 35.890762222000035, 48.409647881000069 ], [ 36.104014756000083, 48.34976658100004 ], [ 36.046628558000123, 48.457290322000176 ], [ 36.106496204000052, 48.440948033000097 ], [ 36.111368864000156, 48.418103921000181 ], [ 36.156432651000046, 48.442330494000146 ], [ 36.190101881000032, 48.436244404000036 ], [ 36.293619668000133, 48.528012514000068 ], [ 36.271295598999984, 48.54374109000014 ], [ 36.319027272000085, 48.587178052000183 ], [ 36.251195149000068, 48.620732097000086 ], [ 36.284234611000159, 48.659466014000145 ], [ 36.142791797000143, 48.724368475000176 ], [ 36.161668684000119, 48.748844573000099 ], [ 36.139976110000134, 48.7658884330001 ], [ 36.158868344000098, 48.768119817000127 ], [ 36.159038007000163, 48.784141271000067 ], [ 36.130520580000052, 48.806682335000119 ], [ 36.06612287300004, 48.808873222000102 ], [ 36.074796467000056, 48.836164765000035 ], [ 36.019406274000119, 48.854724007000186 ], [ 36.040306304000126, 48.873492854000119 ], [ 36.011677596000141, 48.887888360000147 ], [ 36.043634483000062, 48.915559071000189 ], [ 35.995924934000072, 48.939321982000195 ], [ 36.004132035000112, 48.946053024000037 ] ] ] } },
{ "type": "Feature", "properties": { "pcode": "UA1214", "name": "Synelnykivskyi", "oblast_pcode": "UA12", "oblast": "Dnipropetrovska", "area_sqkm": 6626.2652346799996, "city_pop": 0.0, "pop": 254472, "included": true }, "geometry": { "type": "Polygon", "coordinates": [ [ [ 36.591113949000032, 48.602443851000032 ], [ 36.482495586000141, 48.663530319000074 ], [ 36.447551795000152, 48.6329102360001 ], [ 36.420171434000167, 48.63504705500003 ], [ 36.445423085000073, 48.61365891700018 ], [ 36.425081559000091, 48.612727372999984 ], [ 36.354777996999985, 48.53212446800012 ], [ 36.32372572800017, 48.555616750000013 ], [ 36.188071396000169, 48.435357947000114 ], [ 36.156432651000046, 48.442330494000146 ], [ 36.111368864000156, 48.418103921000181 ], [ 36.106496204000052, 48.440948033000097 ], [ 36.047749260000103, 48.458431937000057 ], [ 36.104014756000083, 48.34976658100004 ], [ 35.869473157000073, 48.4056102670001 ], [ 35.883910115000162, 48.391560004000098 ], [ 35.839821481000172, 48.385634510000102 ], [ 35.823307235000186, 48.377208908 ], [ 35.82777691300015, 48.357267850000142 ], [ 35.805441728000176, 48.355148761000066 ], [ 35.814493062000167, 48.312621978000095 ], [ 35.784379368000089, 48.309506320000025 ], [ 35.789673373000142, 48.285844630000156 ], [ 35.752764813000056, 48.2993126450001 ], [ 35.764494060000175, 48.30724055800016 ], [ 35.748517864000121, 48.31324137900009 ], [ 35.754105715000151, 48.339764055000046 ], [ 35.707165318000193, 48.33231286 ], [ 35.678806322000128, 48.361299171000041 ], [ 35.702263525000092, 48.383871474999978 ], [ 35.715644522000105, 48.368612595000116 ], [ 35.747945652000169, 48.386166678000109 ], [ 35.733238521000033, 48.400714364000123 ], [ 35.78284256000012, 48.404869906000044 ], [ 35.77539855700013, 48.427827203000163 ], [ 35.794485490000113, 48.434443115000079 ], [ 35.757234402000108, 48.468957174000025 ], [ 35.705914095000139, 48.459844127000167 ], [ 35.670356487000106, 48.491599541000028 ], [ 35.647310068000024, 48.478205668000044 ], [ 35.614744853000047, 48.510924485000089 ], [ 35.638650232000089, 48.522456691 ], [ 35.61918202600009, 48.545889700000089 ], [ 35.605181813000172, 48.54345798200012 ], [ 35.609264073000077, 48.528724848000024 ], [ 35.560343234000072, 48.519182758000113 ], [ 35.566045366000026, 48.504379391000157 ], [ 35.533313392000025, 48.498855826000124 ], [ 35.522819414000026, 48.525858179000068 ], [ 35.435933378000129, 48.538353026000152 ], [ 35.379173279000042, 48.528202151000073 ], [ 35.392833493000182, 48.507017666000081 ], [ 35.330554263000181, 48.50903407300018 ], [ 35.372240622999982, 48.454869233000124 ], [ 35.35328905800003, 48.438529030000041 ], [ 35.315076797000131, 48.424621217000094 ], [ 35.302730620000148, 48.439845026000057 ], [ 35.236499551000122, 48.428645710000126 ], [ 35.309507903000167, 48.370474679000154 ], [ 35.26224060200019, 48.34684870500007 ], [ 35.282505092000179, 48.325263786000164 ], [ 35.255301064000093, 48.312847441000144 ], [ 35.226583456000071, 48.255196483000134 ], [ 35.180908355000156, 48.260163306000152 ], [ 35.199934876000157, 48.216466110000056 ], [ 35.185358715000177, 48.160386315000096 ], [ 35.194386614000109, 48.140290145000165 ], [ 35.294080686000143, 48.143724805000147 ], [ 35.420044376000135, 48.100039541000115 ], [ 35.518910473000176, 48.094848606000085 ], [ 35.524305184000013, 48.074400437000065 ], [ 35.703229581000073, 48.140253317000145 ], [ 35.74280210400002, 48.095684961000075 ], [ 35.805990574000077, 48.100739699000144 ], [ 35.816600018000031, 48.065682140000035 ], [ 35.974771983000039, 48.092585692000057 ], [ 35.985419613000147, 48.084484123000038 ], [ 35.971435803000077, 48.060730270000079 ], [ 35.988517009000077, 48.057998894000036 ], [ 35.975116065000066, 48.043347639000103 ], [ 36.052306257000112, 48.058817672000146 ], [ 36.065195545000051, 48.025125727000159 ], [ 36.034192591000078, 48.018720835000124 ], [ 36.061580157000037, 48.001417601000185 ], [ 36.070841928000164, 47.97214440900018 ], [ 36.051450579, 47.958467299000063 ], [ 36.073391089000154, 47.965053494000074 ], [ 36.084566712000139, 47.930255336000187 ], [ 36.108954131000075, 47.941718477000165 ], [ 36.120077673000139, 47.927937682000106 ], [ 36.119543657000179, 47.864861900000108 ], [ 36.086985672000083, 47.86114995000014 ], [ 36.080607508000071, 47.883298497000112 ], [ 36.054004306000024, 47.879954091000172 ], [ 36.073662518000106, 47.847879284000044 ], [ 36.196041137000066, 47.859416175000092 ], [ 36.189877329000069, 47.836817008000139 ], [ 36.265888933000099, 47.833336218000056 ], [ 36.275339523000127, 47.815348743000072 ], [ 36.332555321000029, 47.820743423000067 ], [ 36.323729618000129, 47.839352425000186 ], [ 36.472295903000088, 47.824060148000115 ], [ 36.585003042000039, 47.847145604000104 ], [ 36.576734425000097, 47.880306951000023 ], [ 36.549366366000072, 47.877313450000088 ], [ 36.541781542000081, 47.905899920000081 ], [ 36.640125022000063, 47.920373444 ], [ 36.629062289, 47.961678606000078 ], [ 36.585295839000025, 47.956573779000053 ], [ 36.586313595000036, 48.000677491000033 ], [ 36.568337597000038, 48.011511224000174 ], [ 36.59086291300008, 48.020084787000144 ], [ 36.573765772000058, 48.04021411500014 ], [ 36.587227380000058, 48.052346608000107 ], [ 36.580328097000063, 48.079724282000143 ], [ 36.650980531000073, 48.088238954000133 ], [ 36.636033845000043, 48.094074164000119 ], [ 36.65331349700017, 48.100227877000066 ], [ 36.718631244000107, 48.084591163000027 ], [ 36.747049924000123, 48.064261411000132 ], [ 36.743771892000154, 48.050203018 ], [ 36.803700530000128, 48.053170626000053 ], [ 36.854541894000192, 48.032440237000174 ], [ 36.858032495000089, 48.052226778000147 ], [ 36.876454499000033, 48.051064292000035 ], [ 36.896225559000015, 48.077588098000149 ], [ 36.872699244999978, 48.184125812000104 ], [ 36.936545710000075, 48.194275440000183 ], [ 36.912300612000024, 48.309190190000152 ], [ 36.816558400000133, 48.312499129000116 ], [ 36.808762445000184, 48.34813171400009 ], [ 36.827676105000137, 48.371153395000192 ], [ 36.820320286000026, 48.406476007000151 ], [ 36.834919436, 48.410086604000185 ], [ 36.824557153000171, 48.41467013 ], [ 36.851449975000037, 48.417382413000155 ], [ 36.830123772000093, 48.484376379000139 ], [ 36.85669538000019, 48.486975066000127 ], [ 36.850274814000102, 48.517694735000191 ], [ 36.905966637000063, 48.522912593000115 ], [ 36.901479133000066, 48.543377367000119 ], [ 36.85899867400019, 48.568769068000051 ], [ 36.810369391999984, 48.568964920000099 ], [ 36.805731420000143, 48.596328111000105 ], [ 36.745297767000181, 48.596370899000078 ], [ 36.738855825000087, 48.626158288000113 ], [ 36.591113949000032, 48.602443851000032 ] ] ] } },
{ "type": "Feature", "properties": { "pcode": "UA1402", "name": "Bakhmutskyi", "oblast_pcode": "UA14", "oblast": "Donetska", "area_sqkm": 1745.6506522899999, "city_pop": 0.0, "pop": 426060, "included": true }, "geometry": { "type": "MultiPolygon", "coordinates": [ [ [ [ 38.133064721000096, 48.923724698000171 ], [ 38.044810752000103, 48.934901782000054 ], [ 38.004949190000104, 48.899035084000161 ], [ 38.040981178000152, 48.89114848700018 ], [ 38.037175388000037, 48.869991027000026 ], [ 38.001660322000134, 48.860488165000163 ], [ 38.00124137600011, 48.845180043000084 ], [ 37.908685053999989, 48.839920259999985 ], [ 37.935339177000117, 48.795485171000053 ], [ 37.912095646000125, 48.788169605000121 ], [ 37.864311144000055, 48.804635621000045 ], [ 37.819563545000165, 48.761087098000075 ], [ 37.801289176000068, 48.692362367000158 ], [ 37.841733428000168, 48.672453429000143 ], [ 37.812411563000126, 48.645473778000053 ], [ 37.829040478000138, 48.599675569000112 ], [ 37.799765694000143, 48.595105229000183 ], [ 37.812141026, 48.547689575000049 ], [ 37.878556026000069, 48.543301332000169 ], [ 37.928817964000132, 48.481561719000126 ], [ 37.965152336000131, 48.491142699000079 ], [ 37.954109951000135, 48.463987939000049 ], [ 38.012600325000165, 48.477363965000109 ], [ 38.016540086000077, 48.446799782000141 ], [ 37.98867306700015, 48.428380345000107 ], [ 38.025338542000156, 48.423908171000107 ], [ 38.022143803, 48.395500653000113 ], [ 37.99917517300014, 48.410669909000035 ], [ 38.009337776000166, 48.383897107000166 ], [ 38.05327498600019, 48.400337968000088 ], [ 38.038409827000123, 48.41643411900003 ], [ 38.094897186000026, 48.411807127000031 ], [ 38.103781096000034, 48.393555069000058 ], [ 38.155612663000056, 48.393696609000074 ], [ 38.191263783000181, 48.412247504000106 ], [ 38.207846793000044, 48.361165228000061 ], [ 38.255514628000128, 48.364783264999971 ], [ 38.248794574000101, 48.395320256000048 ], [ 38.328842751000082, 48.402060762000133 ], [ 38.347289787000136, 48.390897114000154 ], [ 38.335430931000019, 48.412772386000029 ], [ 38.399124922999988, 48.416222470000037 ], [ 38.393354357000192, 48.431932971000094 ], [ 38.340943824000078, 48.437292494000076 ], [ 38.288627878000057, 48.476099399000077 ], [ 38.30546411600011, 48.475184184000113 ], [ 38.297503891000076, 48.49520649100009 ], [ 38.318799766000041, 48.509228877000169 ], [ 38.273908536000079, 48.545351549000031 ], [ 38.26241425700016, 48.642401992000089 ], [ 38.233472079000194, 48.639940422000166 ], [ 38.231324223000115, 48.653133636000064 ], [ 38.258049903000028, 48.667950364000149 ], [ 38.313059541000143, 48.684002263000195 ], [ 38.303615728000125, 48.71208750400001 ], [ 38.325084920000108, 48.714177076000112 ], [ 38.319934406000129, 48.733405724000193 ], [ 38.263228440000148, 48.750207715000101 ], [ 38.28319851200007, 48.773259049000103 ], [ 38.278909939000073, 48.803360597000108 ], [ 38.316546224999968, 48.813936177000073 ], [ 38.313684743000181, 48.828423985000143 ], [ 38.221273883000038, 48.839403649000133 ], [ 38.223845989000097, 48.934787144000154 ], [ 38.133064721000096, 48.923724698000171 ] ] ], [ [ [ 37.755705327000101, 48.310901446000173 ], [ 37.75482163900017, 48.314211994000175 ], [ 37.752974855000161, 48.313999775000127 ], [ 37.755705327000101, 48.310901446000173 ] ] ], [ [ [ 37.820326532000138, 48.311841388000119 ], [ 37.83197580000018, 48.313026731000093 ], [ 37.839863582000191, 48.315182311000058 ], [ 37.820326532000138, 48.311841388000119 ] ] ], [ [ [ 37.88950308200009, 48.323234526000078 ], [ 37.869141999000192, 48.323175000000163 ], [ 37.893813999000145, 48.314915 ], [ 37.88950308200009, 48.323234526000078 ] ] ], [ [ [ 37.764614238000149, 48.308736179000164 ], [ 37.756308776000026, 48.323683882000182 ], [ 37.756131382000092, 48.316412330000162 ], [ 37.764614238000149, 48.308736179000164 ] ] ], [ [ [ 37.83723817900011, 48.347187547000033 ], [ 37.810963859000083, 48.319994921000045 ], [ 37.84449252100012, 48.323407524 ], [ 37.857462091000116, 48.287846706000096 ], [ 37.85700243399998, 48.321862243000169 ], [ 37.886306727000033, 48.314126675000125 ], [ 37.846086593000166, 48.327072051000073 ], [ 37.891269203000093, 48.325834946000157 ], [ 37.83723817900011, 48.347187547000033 ] ] ], [ [ [ 37.791690235000146, 48.374196208000171 ], [ 37.799021868000068, 48.372884474000159 ], [ 37.795018332000097, 48.376165334000177 ], [ 37.791690235000146, 48.374196208000171 ] ] ], [ [ [ 37.940208741000163, 48.378535488000182 ], [ 37.930840725000053, 48.382446264000123 ], [ 37.928216738000117, 48.380942195000102 ], [ 37.940208741000163, 48.378535488000182 ] ] ], [ [ [ 37.933855327000117, 48.413764743000172 ], [ 37.877209880000066, 48.41707687100012 ], [ 37.88454256000017, 48.404782549000174 ], [ 37.870181964000153, 48.404566479000096 ], [ 37.817673170000148, 48.417080808000151 ], [ 37.802924359000087, 48.404727138000112 ], [ 37.825214233000167, 48.389690877000078 ], [ 37.822984470000165, 48.368318135000095 ], [ 37.871759877000045, 48.37251554400018 ], [ 37.88220282400016, 48.355936635000035 ], [ 37.934625174000132, 48.351677332000179 ], [ 37.911661561000187, 48.37142786600009 ], [ 37.938817855000025, 48.398138944000038 ], [ 37.933855327000117, 48.413764743000172 ] ] ], [ [ [ 37.80527128600005, 48.392455918000167 ], [ 37.777938819000099, 48.405156231000035 ], [ 37.787473458000079, 48.414064543000109 ], [ 37.788010481000185, 48.416752794000047 ], [ 37.778615886000125, 48.432940360000032 ], [ 37.78585416400017, 48.414844453000114 ], [ 37.769800959, 48.404457684000022 ], [ 37.769790756000191, 48.390689029999976 ], [ 37.810036625000066, 48.372041115000115 ], [ 37.826573739000025, 48.346630803000153 ], [ 37.851325810000162, 48.348541946000068 ], [ 37.817483764000144, 48.362612525000145 ], [ 37.80527128600005, 48.392455918000167 ] ] ], [ [ [ 37.875982999000087, 48.427469 ], [ 37.873253999000042, 48.424277000000131 ], [ 37.889128998000047, 48.420093000000179 ], [ 37.875982999000087, 48.427469 ] ] ], [ [ [ 37.861646999000129, 48.431190000000129 ], [ 37.859708998000144, 48.435239000000138 ], [ 37.858729999000047, 48.434684 ], [ 37.861646999000129, 48.431190000000129 ] ] ], [ [ [ 37.855954999000119, 48.433589999000048 ], [ 37.853797999000165, 48.436733000000117 ], [ 37.853010999000048, 48.4362 ], [ 37.855954999000119, 48.433589999000048 ] ] ], [ [ [ 37.958674380000105, 48.44775494400011 ], [ 37.952926117000061, 48.456989208000152 ], [ 37.946039837000171, 48.449423419000027 ], [ 37.958674380000105, 48.44775494400011 ] ] ] ] } },
{ "type": "Feature", "properties": { "pcode": "UA1404", "name": "Volnovaskyi", "oblast_pcode": "UA14", "oblast": "Donetska", "area_sqkm": 4454.3274021400002, "city_pop": 0.0, "pop": 303242, "included": true }, "geometry": { "type": "Polygon", "coordinates": [ [ [ 36.65567425200004, 48.099183639000046 ], [ 36.580328097000063, 48.079724282000143 ], [ 36.587227380000058, 48.052346608000107 ], [ 36.573765772000058, 48.04021411500014 ], [ 36.59086291300008, 48.020084787000144 ], [ 36.568337597000038, 48.011511224000174 ], [ 36.586313595000036, 48.000677491000033 ], [ 36.585295839000025, 47.956573779000053 ], [ 36.629062289, 47.961678606000078 ], [ 36.640125022000063, 47.920373444 ], [ 36.541781542000081, 47.905899920000081 ], [ 36.549366366000072, 47.877313450000088 ], [ 36.576734425000097, 47.880306951000023 ], [ 36.585003042000039, 47.847145604000104 ], [ 36.606691118000072, 47.844628398 ], [ 36.587547627, 47.785467372000141 ], [ 36.671401719000016, 47.793185828000162 ], [ 36.713260225000056, 47.678343383000026 ], [ 36.791360398000165, 47.684592654000085 ], [ 36.775448620000077, 47.66434910900017 ], [ 36.717985996000039, 47.659273922000068 ], [ 36.725047620000055, 47.631057407000185 ], [ 36.765708999000083, 47.63410680200019 ], [ 36.745201366000117, 47.621726502000058 ], [ 36.748001350000152, 47.606504240000163 ], [ 36.830159391000109, 47.624232160000076 ], [ 36.893104428000186, 47.544969933000118 ], [ 36.944430559000068, 47.575869381000018 ], [ 37.00152449400008, 47.538973542000178 ], [ 37.020980351000048, 47.552783076000082 ], [ 37.074215406000178, 47.493596960000048 ], [ 37.157492741000169, 47.454745415000048 ], [ 37.17967605500013, 47.483537002000105 ], [ 37.196073120000165, 47.478919593000057 ], [ 37.189420011000038, 47.468942053000148 ], [ 37.264749788000074, 47.466102073000172 ], [ 37.259351322000157, 47.442090033000113 ], [ 37.335357029000136, 47.396630872000117 ], [ 37.356539969000096, 47.415237247000164 ], [ 37.40921641, 47.400122059000068 ], [ 37.421924228000023, 47.382544196000083 ], [ 37.40858507900009, 47.356260945000088 ], [ 37.589814389000139, 47.370172414000137 ], [ 37.582194431000119, 47.362709776000145 ], [ 37.636857962000079, 47.337929016000032 ], [ 37.699564688000123, 47.332783155000129 ], [ 37.699334626000052, 47.370843265000133 ], [ 37.840799428000139, 47.358412796000039 ], [ 37.853702496000153, 47.364145021000127 ], [ 37.841474864000077, 47.377936362000185 ], [ 37.859687634000124, 47.389403667000181 ], [ 37.859326287000158, 47.41057332600019 ], [ 37.964454738000143, 47.42061023399998 ], [ 37.963843827000119, 47.449148983999976 ], [ 37.88992273100007, 47.450183023000193 ], [ 37.876806561000194, 47.456401407000101 ], [ 37.887642288000109, 47.487111540000058 ], [ 37.841759859000149, 47.494070737000072 ], [ 37.824619827, 47.565399411000101 ], [ 37.847407103000194, 47.565585804000136 ], [ 37.847187824000059, 47.579574247000153 ], [ 37.816366900999981, 47.594616559000087 ], [ 37.822267812000177, 47.638817705000122 ], [ 37.783298742000113, 47.660242536000112 ], [ 37.76345517600015, 47.652068243000087 ], [ 37.758138296000084, 47.667063688000155 ], [ 37.777993329000026, 47.663361111000143 ], [ 37.691754329, 47.71198796300007 ], [ 37.663812849000067, 47.688180291000037 ], [ 37.646820982000065, 47.706023237000011 ], [ 37.606996347000177, 47.698507100000143 ], [ 37.614246998000112, 47.750560669000038 ], [ 37.605215267000062, 47.774936547000038 ], [ 37.590783011000156, 47.774001396000187 ], [ 37.606113049000101, 47.810528655000098 ], [ 37.428189319000182, 47.79973038300011 ], [ 37.29643872500003, 47.831750169000031 ], [ 37.291825251000091, 47.802319437000108 ], [ 37.275715739000134, 47.803567185000134 ], [ 37.248806995000166, 47.837967733000028 ], [ 37.25738163699998, 47.866682197000159 ], [ 37.183610128000112, 47.888268595000113 ], [ 37.211480655000173, 47.906478948000029 ], [ 37.069628630000125, 47.933888469000124 ], [ 37.076211806000174, 47.978047981000145 ], [ 37.154086398000175, 47.959113665000075 ], [ 37.168865477000054, 47.981710323000129 ], [ 37.170283676000054, 47.993659863000119 ], [ 37.127536616000043, 47.995876538000118 ], [ 37.176705029000175, 48.005073418000052 ], [ 37.15316750400018, 48.10009400600012 ], [ 36.881623516000047, 48.062884067000027 ], [ 36.858032495000089, 48.052226778000147 ], [ 36.854541894000192, 48.032440237000174 ], [ 36.803700530000128, 48.053170626000053 ], [ 36.743771892000154, 48.050203018 ], [ 36.747049924000123, 48.064261411000132 ], [ 36.718631244000107, 48.084591163000027 ], [ 36.65567425200004, 48.099183639000046 ] ] ] } },
{ "type": "Feature", "properties": { "pcode": "UA1406", "name": "Horlivskyi", "oblast_pcode": "UA14", "oblast": "Donetska", "area_sqkm": 2455.5245586599999, "city_pop": 0.0, "pop": 664089, "included": true }, "geometry": { "type": "Polygon", "coordinates": [ [ [ 37.98867306700015, 48.428380345000107 ], [ 38.019784836000156, 48.464583501000106 ], [ 37.959246865000125, 48.454011678000143 ], [ 37.960700741000153, 48.402531561000103 ], [ 37.989682366000125, 48.382905061000145 ], [ 37.954855564000127, 48.377508805000048 ], [ 37.979468336000025, 48.364496919000089 ], [ 37.905199779000043, 48.351761999000132 ], [ 37.939262806000158, 48.32428517600016 ], [ 37.885781932000043, 48.307685745000128 ], [ 37.910001145000081, 48.260203932000138 ], [ 37.927453755000158, 48.254524403000119 ], [ 37.888231286000178, 48.250565620000089 ], [ 37.89406766899998, 48.231072992000179 ], [ 37.936921951000159, 48.229240078000032 ], [ 37.921511021000128, 48.212478439000051 ], [ 37.958558782000125, 48.208536882000146 ], [ 37.953654062000169, 48.196765723000112 ], [ 38.002070632000141, 48.195035512 ], [ 38.001038608000044, 48.174523881000084 ], [ 38.025486586000113, 48.158131352000112 ], [ 38.037277878000168, 48.165916166000159 ], [ 38.04223512100009, 48.143822684000156 ], [ 38.104901719000111, 48.164411430000143 ], [ 38.224212655000031, 48.132698125000104 ], [ 38.181478720000143, 48.13051789900004 ], [ 38.169716068000184, 48.125330513000165 ], [ 38.186696884000071, 48.105942653000056 ], [ 38.128203106000115, 48.094205090000116 ], [ 38.163210219000177, 48.107532326000069 ], [ 38.144268132000093, 48.113490649000028 ], [ 38.172555436000096, 48.132321460000128 ], [ 38.122114547000024, 48.140737240000135 ], [ 38.081366887000115, 48.108597407000161 ], [ 38.105897175000052, 48.07194930300011 ], [ 38.173921874000143, 48.091768390000141 ], [ 38.228052099000081, 48.065574109000067 ], [ 38.209716789000026, 48.088601573 ], [ 38.255538952, 48.10221487900003 ], [ 38.24807441400003, 48.12712807000014 ], [ 38.296829677000062, 48.130555552000033 ], [ 38.314656201000105, 48.117095219000191 ], [ 38.295319081000116, 48.107737689000089 ], [ 38.312977503000127, 48.107593120000104 ], [ 38.317488042000036, 48.095888227000046 ], [ 38.303737055000113, 48.094260893000012 ], [ 38.337890459000164, 48.091085492000104 ], [ 38.341175490000069, 48.075490493000189 ], [ 38.285690621000128, 48.077807106000137 ], [ 38.265478616000166, 48.062444726000194 ], [ 38.322364062000077, 48.067280906000121 ], [ 38.319027943000151, 48.047733784000172 ], [ 38.338338576000183, 48.026681683000106 ], [ 38.357737363000069, 48.030990455000108 ], [ 38.364146302000165, 47.987358536000158 ], [ 38.39120984300007, 47.957762616000082 ], [ 38.454666167000084, 47.936109694000152 ], [ 38.518524576000061, 47.957362665000119 ], [ 38.523277113000063, 47.935150592000014 ], [ 38.560760612000081, 47.930406640000115 ], [ 38.557548953000151, 47.959913078000056 ], [ 38.596166439000058, 47.959166110000069 ], [ 38.606010742000024, 47.916840751000052 ], [ 38.64777529700018, 47.92836238600006 ], [ 38.671617669999989, 47.910471034000125 ], [ 38.7343951470001, 47.913406287999976 ], [ 38.748751628000036, 47.865510960000165 ], [ 38.776331208000045, 47.878731191000043 ], [ 38.843570592999981, 47.865088869000147 ], [ 38.878919410000094, 47.875964175000092 ], [ 39.074429209000186, 47.86949678100018 ], [ 39.06557318300014, 47.895559141000092 ], [ 39.090938815000129, 47.9404952860001 ], [ 39.038588081000114, 47.955957409000064 ], [ 39.03994404600013, 48.006419538000046 ], [ 38.837452178000092, 48.013192645000117 ], [ 38.812761256000158, 48.04798662200011 ], [ 38.828778089000139, 48.077368498000055 ], [ 38.81780844400015, 48.065264089000152 ], [ 38.798292580000123, 48.073847037000121 ], [ 38.817403312000181, 48.084208649000175 ], [ 38.806671878000088, 48.088573350000104 ], [ 38.819381998000154, 48.11575837800018 ], [ 38.689969591000136, 48.145692265000037 ], [ 38.694071159000032, 48.159094817000152 ], [ 38.60172091700008, 48.172675729000161 ], [ 38.613739285000122, 48.20373746000007 ], [ 38.588985043000093, 48.226773348000052 ], [ 38.587307066000051, 48.257714245000102 ], [ 38.559853202000113, 48.274367357000074 ], [ 38.427874707000058, 48.277702562000059 ], [ 38.433073266000065, 48.340592541000035 ], [ 38.487021514000105, 48.361892625999985 ], [ 38.447621360000085, 48.376340315 ], [ 38.433138863000067, 48.447428227000159 ], [ 38.40075084700004, 48.439734382000097 ], [ 38.399124922999988, 48.416222470000037 ], [ 38.335430931000019, 48.412772386000029 ], [ 38.347289787000136, 48.390897114000154 ], [ 38.328842751000082, 48.402060762000133 ], [ 38.248794574000101, 48.395320256000048 ], [ 38.263113110000177, 48.365685225 ], [ 38.207846793000044, 48.361165228000061 ], [ 38.191263783000181, 48.412247504000106 ], [ 38.155612663000056, 48.393696609000074 ], [ 38.103781096000034, 48.393555069000058 ], [ 38.094897186000026, 48.411807127000031 ], [ 38.038409827000123, 48.41643411900003 ], [ 38.05327498600019, 48.400337968000088 ], [ 38.006953918000079, 48.384650079000096 ], [ 37.99917517300014, 48.410669909000035 ], [ 38.022143803, 48.395500653000113 ], [ 38.025338542000156, 48.423908171000107 ], [ 37.98867306700015, 48.428380345000107 ] ], [ [ 37.912171999000122, 48.260849 ], [ 37.915547999000069, 48.264296000000115 ], [ 37.916752999000096, 48.263033 ], [ 37.912171999000122, 48.260849 ] ], [ [ 38.126208907000034, 48.170213815000182 ], [ 38.148611139000025, 48.161466255000107 ], [ 38.165856640000015, 48.151758696000059 ], [ 38.126208907000034, 48.170213815000182 ] ], [ [ 38.184337102000029, 48.1108371360001 ], [ 38.202674506000108, 48.121180406000065 ], [ 38.205923813000084, 48.119723070000134 ], [ 38.184337102000029, 48.1108371360001 ] ], [ [ 38.11621244700018, 48.099838620000128 ], [ 38.095123177000175, 48.10110824200018 ], [ 38.11655115800005, 48.101732220000144 ], [ 38.11621244700018, 48.099838620000128 ] ], [ [ 38.110099505000164, 48.115698634000182 ], [ 38.106431263000047, 48.119556134000163 ], [ 38.11042472500003, 48.117780360000154 ], [ 38.110099505000164, 48.115698634000182 ] ], [ [ 38.133136539000191, 48.091041467000082 ], [ 38.127270658000043, 48.087390306000088 ], [ 38.124545351000108, 48.089805786000113 ], [ 38.133136539000191, 48.091041467000082 ] ] ] } },
{ "type": "Feature", "properties": { "pcode": "UA1408", "name": "Donetskyi", "oblast_pcode": "UA14", "oblast": "Donetska", "area_sqkm": 2892.5657712500001, "city_pop": 0.0, "pop": 660828, "included": true }, "geometry": { "type": "MultiPolygon", "coordinates": [ [ [ [ 37.985235514000067, 48.197720656000172 ], [ 37.952554911000107, 48.197775529000182 ], [ 37.876169218000086, 48.13592227800018 ], [ 37.869392898000058, 48.150038580000057 ], [ 37.837689980000107, 48.142217959000163 ], [ 37.828416798000035, 48.182282195000084 ], [ 37.789774139000087, 48.171965798000087 ], [ 37.776067022000063, 48.14457825900007 ], [ 37.800539252000192, 48.142106732000116 ], [ 37.807718235000095, 48.118777471000101 ], [ 37.693149317000177, 48.102478221000126 ], [ 37.707493313000043, 48.057843676000175 ], [ 37.656626813, 48.033681537000177 ], [ 37.681448901000181, 48.005115112000112 ], [ 37.664086011000109, 47.995176837000031 ], [ 37.624983803000021, 48.002730059000044 ], [ 37.614922566000075, 48.056441087000053 ], [ 37.540979121000191, 48.050611625000158 ], [ 37.544788897000103, 47.983064022000121 ], [ 37.561601550000034, 47.977667351000093 ], [ 37.525485641000046, 47.941658556000107 ], [ 37.552680117000193, 47.932202867000115 ], [ 37.547075564000181, 47.866763417000129 ], [ 37.603385122000077, 47.864485251000133 ], [ 37.59403040300009, 47.886904513000047 ], [ 37.623469119000106, 47.892566954000074 ], [ 37.609834739000178, 47.923751145000153 ], [ 37.657838847000107, 47.920443553000041 ], [ 37.692722305000188, 47.889114488000189 ], [ 37.783195392000096, 47.903280972000118 ], [ 37.814353951000044, 47.881213138000135 ], [ 37.810628281000163, 47.902710623000075 ], [ 37.852337233000071, 47.906972697000128 ], [ 37.906578760000173, 47.886005539000109 ], [ 37.914917425000112, 47.872014271000126 ], [ 37.897637459000123, 47.866946537000047 ], [ 37.920064781000178, 47.830653133 ], [ 37.945256902000153, 47.859603156000048 ], [ 37.988885011000093, 47.847015638000187 ], [ 38.023303587000044, 47.862116411000045 ], [ 38.000992930000166, 47.836704616000077 ], [ 38.029437796000025, 47.813536849000116 ], [ 38.095612427000162, 47.81876866000016 ], [ 38.088953056000094, 47.838632811000195 ], [ 38.131016202000183, 47.829575476000116 ], [ 38.143517008000117, 47.805944317000183 ], [ 38.18350892899997, 47.835738229000128 ], [ 38.20695626000014, 47.811013461000016 ], [ 38.256738548000158, 47.814254011000116 ], [ 38.219115081000155, 47.767508814000166 ], [ 38.165304622000178, 47.762427310000191 ], [ 38.19094722300008, 47.760078274000136 ], [ 38.189798039000038, 47.73041448000015 ], [ 38.236775863000162, 47.711670152000181 ], [ 38.222054597000181, 47.700004983000156 ], [ 38.244677589000105, 47.709144471000172 ], [ 38.282648976000075, 47.686897052000177 ], [ 38.317825490000075, 47.702267904000109 ], [ 38.327639810000107, 47.653764233000118 ], [ 38.357109317000152, 47.616584839000154 ], [ 38.456339298000046, 47.616979924000077 ], [ 38.456634968000174, 47.644064824000054 ], [ 38.616368919000081, 47.644516994000128 ], [ 38.629234616000133, 47.669449972000052 ], [ 38.666060458000118, 47.669043390000184 ], [ 38.66302967900009, 47.699734618000093 ], [ 38.733630924000181, 47.700279770000066 ], [ 38.736182424999981, 47.680099670000118 ], [ 38.772741722000035, 47.685708755000178 ], [ 38.771350261000123, 47.72659939000016 ], [ 38.788881632000027, 47.736637850000079 ], [ 38.796484127000156, 47.773493881000036 ], [ 38.783767507999983, 47.787987465000185 ], [ 38.789095699000029, 47.815610835000086 ], [ 38.829243462000193, 47.814721427000052 ], [ 38.82603363200019, 47.845204321000153 ], [ 38.842937433000031, 47.868360077000091 ], [ 38.776331208000045, 47.878731191000043 ], [ 38.748751628000036, 47.865510960000165 ], [ 38.7343951470001, 47.913406287999976 ], [ 38.707897202000083, 47.920052005000173 ], [ 38.671617669999989, 47.910471034000125 ], [ 38.641380090000155, 47.928246571000159 ], [ 38.606010742000024, 47.916840751000052 ], [ 38.596166439000058, 47.959166110000069 ], [ 38.557548953000151, 47.959913078000056 ], [ 38.557357933000162, 47.930071710000107 ], [ 38.523277113000063, 47.935150592000014 ], [ 38.518524576000061, 47.957362665000119 ], [ 38.455238808000104, 47.936103133000074 ], [ 38.39120984300007, 47.957762616000082 ], [ 38.364146302000165, 47.987358536000158 ], [ 38.357737363000069, 48.030990455000108 ], [ 38.338338576000183, 48.026681683000106 ], [ 38.319027943000151, 48.047733784000172 ], [ 38.322364062000077, 48.067280906000121 ], [ 38.263019235000115, 48.067058880000047 ], [ 38.340984944000127, 48.075161188000038 ], [ 38.337890459000164, 48.091085492000104 ], [ 38.303737055000113, 48.094260893000012 ], [ 38.317488042000036, 48.095888227000046 ], [ 38.312977503000127, 48.107593120000104 ], [ 38.294725543000027, 48.105807458000186 ], [ 38.308734672000185, 48.12484309000007 ], [ 38.24807441400003, 48.12712807000014 ], [ 38.255538952, 48.10221487900003 ], [ 38.209716789000026, 48.088601573 ], [ 38.228052099000081, 48.065574109000067 ], [ 38.173921874000143, 48.091768390000141 ], [ 38.105897175000052, 48.07194930300011 ], [ 38.081366887000115, 48.108597407000161 ], [ 38.122114547000024, 48.140737240000135 ], [ 38.172555436000096, 48.132321460000128 ], [ 38.144268132000093, 48.113490649000028 ], [ 38.163210219000177, 48.107532326000069 ], [ 38.132418693000147, 48.100946756000155 ], [ 38.128203106000115, 48.094205090000116 ], [ 38.186696884000071, 48.105942653000056 ], [ 38.169716068000184, 48.125330513000165 ], [ 38.181478720000143, 48.13051789900004 ], [ 38.224212655000031, 48.132698125000104 ], [ 38.104901719000111, 48.164411430000143 ], [ 38.04223512100009, 48.143822684000156 ], [ 38.037277878000168, 48.165916166000159 ], [ 38.025486586000113, 48.158131352000112 ], [ 37.985235514000067, 48.197720656000172 ] ], [ [ 37.721900999000184, 48.094196 ], [ 37.71139999900015, 48.095874001000084 ], [ 37.731168, 48.091657000000168 ], [ 37.721900999000184, 48.094196 ] ], [ [ 37.986121388000186, 47.854706381000142 ], [ 37.983964313000115, 47.854959990000054 ], [ 37.980238274000101, 47.856772349000039 ], [ 37.986121388000186, 47.854706381000142 ] ] ], [ [ [ 38.132039669000051, 48.081994721000115 ], [ 38.133064572000194, 48.091108100000042 ], [ 38.124545351000108, 48.089805786000113 ], [ 38.132039669000051, 48.081994721000115 ] ] ], [ [ [ 38.116216201000157, 48.102641957000174 ], [ 38.095123177000175, 48.10110824200018 ], [ 38.11655115800005, 48.101732220000144 ], [ 38.116216201000157, 48.102641957000174 ] ] ], [ [ [ 38.110099505000164, 48.115698634000182 ], [ 38.106431263000047, 48.119556134000163 ], [ 38.105835761000151, 48.115632705000166 ], [ 38.110099505000164, 48.115698634000182 ] ] ], [ [ [ 38.204671242000074, 48.120024372000159 ], [ 38.184769383000173, 48.115535990000069 ], [ 38.184337102000029, 48.1108371360001 ], [ 38.196927148999976, 48.113474997000139 ], [ 38.204671242000074, 48.120024372000159 ] ] ], [ [ [ 38.165856640000015, 48.151758696000059 ], [ 38.126208907000034, 48.170213815000182 ], [ 38.141163531000188, 48.155926239 ], [ 38.140975361000073, 48.162717210000153 ], [ 38.158778956000106, 48.151561377000178 ], [ 38.165856640000015, 48.151758696000059 ] ] ] ] } },
{ "type": "Feature", "properties": { "pcode": "UA1410", "name": "Kalmiuskyi", "oblast_pcode": "UA14", "oblast": "Donetska", "area_sqkm": 3127.0027485000001, "city_pop": 0.0, "pop": 302155, "included": true }, "geometry": { "type": "MultiPolygon", "coordinates": [ [ [ [ 37.657838847000107, 47.920443553000041 ], [ 37.609834739000178, 47.923751145000153 ], [ 37.623469119000106, 47.892566954000074 ], [ 37.59403040300009, 47.886904513000047 ], [ 37.603385122000077, 47.864485251000133 ], [ 37.544246692000058, 47.866896696000083 ], [ 37.543821279000156, 47.838786400000174 ], [ 37.510146796000015, 47.812379623000083 ], [ 37.606113049000101, 47.810528655000098 ], [ 37.590783011000156, 47.774001396000187 ], [ 37.605215267000062, 47.774936547000038 ], [ 37.614246998000112, 47.750560669000038 ], [ 37.606996347000177, 47.698507100000143 ], [ 37.646820982000065, 47.706023237000011 ], [ 37.663812849000067, 47.688180291000037 ], [ 37.691754329, 47.71198796300007 ], [ 37.777993329000026, 47.663361111000143 ], [ 37.758138296000084, 47.667063688000155 ], [ 37.76345517600015, 47.652068243000087 ], [ 37.783298742000113, 47.660242536000112 ], [ 37.822267812000177, 47.638817705000122 ], [ 37.816366900999981, 47.594616559000087 ], [ 37.847187824000059, 47.579574247000153 ], [ 37.847407103000194, 47.565585804000136 ], [ 37.824619827, 47.565399411000101 ], [ 37.841759859000149, 47.494070737000072 ], [ 37.887642288000109, 47.487111540000058 ], [ 37.876806561000194, 47.456401407000101 ], [ 37.88992273100007, 47.450183023000193 ], [ 37.963843827000119, 47.449148983999976 ], [ 37.964454738000143, 47.42061023399998 ], [ 37.859326287000158, 47.41057332600019 ], [ 37.859687634000124, 47.389403667000181 ], [ 37.841474864000077, 47.377936362000185 ], [ 37.853702496000153, 47.364145021000127 ], [ 37.839219998000033, 47.35563367900005 ], [ 37.862951020000139, 47.345262923000121 ], [ 37.83314676700013, 47.341811219000192 ], [ 37.826555591000158, 47.318602150000174 ], [ 37.840903552000043, 47.30582559700008 ], [ 37.805875472000139, 47.306884144000151 ], [ 37.794528839000179, 47.283983938000063 ], [ 37.863233714000103, 47.271239320000177 ], [ 37.840557644000057, 47.213635694000175 ], [ 37.883337111000174, 47.210213555999985 ], [ 37.880572406999988, 47.15692889200011 ], [ 37.839540090000071, 47.162850347000074 ], [ 37.838209248000055, 47.144540527000174 ], [ 37.787208104000115, 47.135104663000163 ], [ 37.816427116999989, 47.106270593000033 ], [ 37.899586337000073, 47.111340125000083 ], [ 37.981452225000112, 47.087036955000087 ], [ 37.970852725999976, 47.094511087000171 ], [ 38.034123314999988, 47.090403792000018 ], [ 38.055413357000134, 47.109749870000087 ], [ 38.088941649000105, 47.107106110000188 ], [ 38.136209503000089, 47.057109544000014 ], [ 38.08588027900015, 47.025088886000049 ], [ 38.095275242000071, 47.02710877200002 ], [ 38.22961328700012, 47.119245816000102 ], [ 38.23439232000004, 47.230932328999984 ], [ 38.330949806000092, 47.263700605 ], [ 38.322630682000067, 47.281314713000086 ], [ 38.335138583000173, 47.306089919000101 ], [ 38.220921170000111, 47.305274170000189 ], [ 38.220220959000187, 47.325840804000109 ], [ 38.24456750000013, 47.364361015000043 ], [ 38.286658500000044, 47.373626380000076 ], [ 38.286555145000079, 47.391414509000072 ], [ 38.302017766000063, 47.393309254000087 ], [ 38.284592825000061, 47.544289207000077 ], [ 38.307326708, 47.546502325000063 ], [ 38.310959101000094, 47.575979075000078 ], [ 38.350804397000161, 47.576192214000173 ], [ 38.357867904000102, 47.62664937500017 ], [ 38.339331336999976, 47.630802745999972 ], [ 38.317825490000075, 47.702267904000109 ], [ 38.282648976000075, 47.686897052000177 ], [ 38.244677589000105, 47.709144471000172 ], [ 38.222054597000181, 47.700004983000156 ], [ 38.236775863000162, 47.711670152000181 ], [ 38.189798039000038, 47.73041448000015 ], [ 38.19094722300008, 47.760078274000136 ], [ 38.165304622000178, 47.762427310000191 ], [ 38.219115081000155, 47.767508814000166 ], [ 38.256738548000158, 47.814254011000116 ], [ 38.20695626000014, 47.811013461000016 ], [ 38.18350892899997, 47.835738229000128 ], [ 38.143517008000117, 47.805944317000183 ], [ 38.131016202000183, 47.829575476000116 ], [ 38.088953056000094, 47.838632811000195 ], [ 38.095612427000162, 47.81876866000016 ], [ 38.029437796000025, 47.813536849000116 ], [ 38.000992930000166, 47.836704616000077 ], [ 38.003164365000146, 47.853031508000015 ], [ 38.019130692000033, 47.856076549000193 ], [ 38.021653409000123, 47.857902106000154 ], [ 38.023303587000044, 47.862116411000045 ], [ 37.988885011000093, 47.847015638000187 ], [ 37.945256902000153, 47.859603156000048 ], [ 37.920064781000178, 47.830653133 ], [ 37.897637459000123, 47.866946537000047 ], [ 37.914917425000112, 47.872014271000126 ], [ 37.906578760000173, 47.886005539000109 ], [ 37.858027121000134, 47.906011657000192 ], [ 37.810628281000163, 47.902710623000075 ], [ 37.814353951000044, 47.881213138000135 ], [ 37.783195392000096, 47.903280972000118 ], [ 37.692722305000188, 47.889114488000189 ], [ 37.657838847000107, 47.920443553000041 ] ], [ [ 37.562366, 47.832225000000165 ], [ 37.570093998000118, 47.837978 ], [ 37.57453, 47.83357 ], [ 37.562366, 47.832225000000165 ] ] ], [ [ [ 37.983964313000115, 47.854959990000054 ], [ 37.982142944000145, 47.857490669000128 ], [ 37.980238274000101, 47.856772349000039 ], [ 37.983964313000115, 47.854959990000054 ] ] ] ] } },
{ "type": "Feature", "properties": { "pcode": "UA1412", "name": "Kramatorskyi", "oblast_pcode": "UA14", "oblast": "Donetska", "area_sqkm": 5186.7180994500004, "city_pop": 0.0, "pop": 666263, "included": true }, "geometry": { "type": "Polygon", "coordinates": [ [ [ 37.87217586700018, 49.237604846000067 ], [ 37.843487395000068, 49.201377611000112 ], [ 37.614324919000069, 49.233094318000042 ], [ 37.561236335000103, 49.228021787000046 ], [ 37.498791998000058, 49.181631514000117 ], [ 37.554455640000128, 49.164881422000121 ], [ 37.563971992000063, 49.145563008000067 ], [ 37.542967169000178, 49.144641093000075 ], [ 37.584865507000131, 49.126133013000128 ], [ 37.486539901000185, 49.099453824000079 ], [ 37.506642042000124, 49.079961148000166 ], [ 37.495293556000149, 49.063814637000121 ], [ 37.384868274000041, 49.048308697000039 ], [ 37.391878266000049, 49.025153107999984 ], [ 37.375420217000169, 49.026215266000122 ], [ 37.373628011000164, 48.994347170000026 ], [ 37.344240342000035, 49.003535306000117 ], [ 37.294779413000072, 48.970931842000084 ], [ 37.320775870000148, 48.956516837000095 ], [ 37.310669374000042, 48.941932724000026 ], [ 37.33243545400012, 48.941188648000093 ], [ 37.328038092000043, 48.921713873000158 ], [ 37.269143137000071, 48.922722978000081 ], [ 37.266364680000095, 48.906466958000124 ], [ 37.223971056000039, 48.908264372000133 ], [ 37.193690861000107, 48.881899405000127 ], [ 37.192123763000154, 48.814660564000064 ], [ 37.098750804000076, 48.85080530800019 ], [ 37.078127543000164, 48.817613804000189 ], [ 37.023795215000064, 48.817871924000031 ], [ 36.994870990999971, 48.787389998000037 ], [ 37.043214751000164, 48.76654613200003 ], [ 37.032436333000078, 48.749217129000044 ], [ 36.968922497999984, 48.793325545000073 ], [ 36.854121236000026, 48.800378586000193 ], [ 36.840767859000152, 48.772839170999987 ], [ 36.8212081960001, 48.771343687000069 ], [ 36.788389014000131, 48.780629572 ], [ 36.79048794400012, 48.801373383000168 ], [ 36.720783809000125, 48.805969276000042 ], [ 36.689076795000176, 48.776084079999976 ], [ 36.708576797000148, 48.768220804000066 ], [ 36.735465776000183, 48.705157285000098 ], [ 36.711758326000052, 48.692552546000172 ], [ 36.745297767000181, 48.596370899000078 ], [ 36.805731420000143, 48.596328111000105 ], [ 36.810369391999984, 48.568964920000099 ], [ 36.85899867400019, 48.568769068000051 ], [ 36.904044683000052, 48.530473517000075 ], [ 37.004409507000162, 48.539001424000162 ], [ 37.014379703000145, 48.564794925000115 ], [ 37.052812177000021, 48.559022896000101 ], [ 37.046445561000155, 48.586932610000133 ], [ 37.063103079000086, 48.588563451000141 ], [ 37.063534154000138, 48.606344478000096 ], [ 37.097210388000121, 48.609401217000141 ], [ 37.112189258000114, 48.591818260000082 ], [ 37.164723511000034, 48.590784204000101 ], [ 37.165204661000189, 48.60926753200016 ], [ 37.251990016000036, 48.601110827000014 ], [ 37.259635803000151, 48.568026261000171 ], [ 37.301006004000044, 48.57212637400005 ], [ 37.294433730000151, 48.601480327000047 ], [ 37.346704390000127, 48.556413895000162 ], [ 37.366544937000128, 48.559939149000172 ], [ 37.3685112390001, 48.536254599000188 ], [ 37.398774358000082, 48.533461813000031 ], [ 37.363542308000149, 48.48203806600003 ], [ 37.433283126, 48.47521833400009 ], [ 37.445369693000089, 48.426023812000096 ], [ 37.423770631000139, 48.423309126000163 ], [ 37.426790069000049, 48.410100967000062 ], [ 37.446379752000041, 48.411995207000132 ], [ 37.452781939000147, 48.346653284000126 ], [ 37.470196763999979, 48.352977265000163 ], [ 37.494411015000026, 48.317469215000131 ], [ 37.55591581800013, 48.33607204700013 ], [ 37.607709334000106, 48.30773909200019 ], [ 37.60028158700004, 48.278528339000104 ], [ 37.63567872200008, 48.282075980000059 ], [ 37.689080933000128, 48.261441825000134 ], [ 37.721084243000121, 48.263226020000047 ], [ 37.71019234400012, 48.30912586400018 ], [ 37.749867810000183, 48.322730996000189 ], [ 37.738431568000067, 48.357075669000153 ], [ 37.796403093000038, 48.376689476000195 ], [ 37.769790756000191, 48.390689029999976 ], [ 37.769800959, 48.404457684000022 ], [ 37.78585416400017, 48.414844453000114 ], [ 37.778491586000143, 48.423169605000112 ], [ 37.779069467000056, 48.433228726999971 ], [ 37.788010481000185, 48.416752794000047 ], [ 37.777938819000099, 48.405156231000035 ], [ 37.809840510000129, 48.391374332000055 ], [ 37.801352815000087, 48.378108406000194 ], [ 37.817586945000073, 48.367870826000114 ], [ 37.825214233000167, 48.389690877000078 ], [ 37.802924359000087, 48.404727138000112 ], [ 37.817673170000148, 48.417080808000151 ], [ 37.88454256000017, 48.404782549000174 ], [ 37.876229039000179, 48.416697038000052 ], [ 37.913199160000147, 48.407931382000072 ], [ 37.928793545000133, 48.413097216999972 ], [ 37.921675078000135, 48.42141603400006 ], [ 37.933732797000062, 48.416468682000129 ], [ 37.939358500000083, 48.399223894000102 ], [ 37.911971438000137, 48.370378699000014 ], [ 37.94506097500016, 48.356292392000114 ], [ 37.979468336000025, 48.364496919000089 ], [ 37.955648357000086, 48.369103620000146 ], [ 37.958277762000137, 48.381067610000059 ], [ 37.989682366000125, 48.382905061000145 ], [ 37.964952670000116, 48.393692476000183 ], [ 37.958674380000105, 48.44775494400011 ], [ 37.946039837000171, 48.449423419000027 ], [ 38.003432405000126, 48.45692651700017 ], [ 38.012600325000165, 48.477363965000109 ], [ 37.954109951000135, 48.463987939000049 ], [ 37.965152336000131, 48.491142699000079 ], [ 37.928817964000132, 48.481561719000126 ], [ 37.878556026000069, 48.543301332000169 ], [ 37.812141026, 48.547689575000049 ], [ 37.799765694000143, 48.595105229000183 ], [ 37.829040478000138, 48.599675569000112 ], [ 37.812411563000126, 48.645473778000053 ], [ 37.841733428000168, 48.672453429000143 ], [ 37.801204148000181, 48.692949130000159 ], [ 37.819563545000165, 48.761087098000075 ], [ 37.864311144000055, 48.804635621000045 ], [ 37.912095646000125, 48.788169605000121 ], [ 37.935339177000117, 48.795485171000053 ], [ 37.908685053999989, 48.839920259999985 ], [ 38.00124137600011, 48.845180043000084 ], [ 38.001660322000134, 48.860488165000163 ], [ 38.037175388000037, 48.869991027000026 ], [ 38.040981178000152, 48.89114848700018 ], [ 38.004949190000104, 48.899035084000161 ], [ 38.044810752000103, 48.934901782000054 ], [ 38.004181477000088, 48.94594691900005 ], [ 38.029387148000069, 48.974576385000091 ], [ 38.053651442000103, 48.965182380000101 ], [ 38.052370299000074, 48.985726405000037 ], [ 38.098695349000138, 48.992401832000155 ], [ 38.052612190000104, 49.059404102000144 ], [ 38.0839152530001, 49.135313466000071 ], [ 38.08148741500014, 49.148180117000152 ], [ 38.044281063000085, 49.150653682000097 ], [ 38.03977832400011, 49.126807485000143 ], [ 37.980787799000041, 49.130727673000138 ], [ 37.907627824000087, 49.151636980000092 ], [ 37.893302671000129, 49.175024582000049 ], [ 37.935121954000181, 49.191706665000027 ], [ 37.889736941000137, 49.211767440000074 ], [ 37.87217586700018, 49.237604846000067 ] ], [ [ 37.855954999000119, 48.433589999000048 ], [ 37.853797999000165, 48.436733000000117 ], [ 37.856838999000047, 48.434009000000174 ], [ 37.855954999000119, 48.433589999000048 ] ], [ [ 37.861646999000129, 48.431190000000129 ], [ 37.859708998000144, 48.435239000000138 ], [ 37.863549999000043, 48.431999000000133 ], [ 37.861646999000129, 48.431190000000129 ] ], [ [ 37.873253999000042, 48.424277000000131 ], [ 37.871297999000035, 48.434476 ], [ 37.889128998000047, 48.420093000000179 ], [ 37.873253999000042, 48.424277000000131 ] ], [ [ 37.935068479000108, 48.378887619000125 ], [ 37.936129457000163, 48.381443669000191 ], [ 37.940208741000163, 48.378535488000182 ], [ 37.935068479000108, 48.378887619000125 ] ] ] } },
{ "type": "Feature", "properties": { "pcode": "UA1414", "name": "Mariupolskyi", "oblast_pcode": "UA14", "oblast": "Donetska", "area_sqkm": 2633.5385741300001, "city_pop": 0.0, "pop": 173902, "included": true }, "geometry": { "type": "Polygon", "coordinates": [ [ [ 37.259351322000157, 47.442090033000113 ], [ 37.264749788000074, 47.466102073000172 ], [ 37.244555089000073, 47.46853846900018 ], [ 37.194626573999983, 47.373278418000098 ], [ 37.203508482000188, 47.355829927000116 ], [ 37.161828143000093, 47.341376824 ], [ 37.141820536000125, 47.379836726000065 ], [ 37.106150795000133, 47.375818683000034 ], [ 37.122011357000076, 47.340347182000073 ], [ 37.036210653000069, 47.299994603000073 ], [ 37.026600286000075, 47.314652655000145 ], [ 36.926151523000044, 47.319343223000146 ], [ 36.96237230800017, 47.201696773000094 ], [ 36.854281245000038, 47.199411935000057 ], [ 36.888503854000191, 47.170736440000042 ], [ 36.948637809000047, 47.159265331000086 ], [ 36.98341523900018, 47.124429078000105 ], [ 37.001610913000036, 47.127621831000056 ], [ 37.012728720000041, 47.089403958999981 ], [ 36.985820539000088, 47.07948164700008 ], [ 37.081092346000048, 47.047517148000054 ], [ 37.098603947000072, 47.059349592000103 ], [ 37.124883467000188, 47.039180985000144 ], [ 37.089449895000087, 47.007460270000195 ], [ 37.141193770000143, 46.981769074999988 ], [ 37.021417722000081, 46.927924233000169 ], [ 37.062548086000106, 46.884006736 ], [ 37.237696660999973, 46.951143427000034 ], [ 37.320977301000028, 46.910638004000134 ], [ 37.330390961000148, 46.888267575000043 ], [ 37.283936492000066, 46.871529327000133 ], [ 37.303128452000124, 46.868978690000063 ], [ 37.335174817000166, 46.889614469000094 ], [ 37.475158429000089, 47.029486238000118 ], [ 37.497832304000042, 47.04067120100018 ], [ 37.520139396000104, 47.071730948000095 ], [ 37.574320610000086, 47.085732077000102 ], [ 37.572867857000062, 47.098913693999975 ], [ 37.586418722000133, 47.078692236 ], [ 37.629274941000176, 47.094847761000096 ], [ 37.709768234000023, 47.080264648000082 ], [ 37.87697652200012, 47.107665779 ], [ 37.816427116999989, 47.106270593000033 ], [ 37.785444092000034, 47.139084189000073 ], [ 37.838209248000055, 47.144540527000174 ], [ 37.839540090000071, 47.162850347000074 ], [ 37.880572406999988, 47.15692889200011 ], [ 37.883337111000174, 47.210213555999985 ], [ 37.840557644000057, 47.213635694000175 ], [ 37.863233714000103, 47.271239320000177 ], [ 37.794528839000179, 47.283983938000063 ], [ 37.805875472000139, 47.306884144000151 ], [ 37.838739014, 47.302678400000161 ], [ 37.83314676700013, 47.341811219000192 ], [ 37.859130021000112, 47.342577101000131 ], [ 37.861790448000193, 47.354123781000169 ], [ 37.699334626000052, 47.370843265000133 ], [ 37.699564688000123, 47.332783155000129 ], [ 37.636857962000079, 47.337929016000032 ], [ 37.582194431000119, 47.362709776000145 ], [ 37.589814389000139, 47.370172414000137 ], [ 37.40858507900009, 47.356260945000088 ], [ 37.421924228000023, 47.382544196000083 ], [ 37.40921641, 47.400122059000068 ], [ 37.356539969000096, 47.415237247000164 ], [ 37.336179982000147, 47.396290136000175 ], [ 37.259351322000157, 47.442090033000113 ] ] ] } },
{ "type": "Feature", "properties": { "pcode": "UA1416", "name": "Pokrovskyi", "oblast_pcode": "UA14", "oblast": "Donetska", "area_sqkm": 4004.2751057599999, "city_pop": 0.0, "pop": 849947, "included": true }, "geometry": { "type": "MultiPolygon", "coordinates": [ [ [ [ 37.106334158000095, 48.595741956000154 ], [ 37.097210388000121, 48.609401217000141 ], [ 37.063534154000138, 48.606344478000096 ], [ 37.063103079000086, 48.588563451000141 ], [ 37.046445561000155, 48.586932610000133 ], [ 37.052812177000021, 48.559022896000101 ], [ 37.014379703000145, 48.564794925000115 ], [ 37.004409507000162, 48.539001424000162 ], [ 36.943990553000106, 48.541272498000126 ], [ 36.850274814000102, 48.517694735000191 ], [ 36.85669538000019, 48.486975066000127 ], [ 36.830123772000093, 48.484376379000139 ], [ 36.851449975000037, 48.417382413000155 ], [ 36.820320286000026, 48.406476007000151 ], [ 36.827676105000137, 48.371153395000192 ], [ 36.812977566000143, 48.368478616000118 ], [ 36.812152188000084, 48.331289453000181 ], [ 36.816558400000133, 48.312499129000116 ], [ 36.912300612000024, 48.309190190000152 ], [ 36.936545710000075, 48.194275440000183 ], [ 36.872699244999978, 48.184125812000104 ], [ 36.896225559000015, 48.077588098000149 ], [ 36.881623516000047, 48.062884067000027 ], [ 37.15316750400018, 48.10009400600012 ], [ 37.176705029000175, 48.005073418000052 ], [ 37.127536616000043, 47.995876538000118 ], [ 37.170283676000054, 47.993659863000119 ], [ 37.168865477000054, 47.981710323000129 ], [ 37.154086398000175, 47.959113665000075 ], [ 37.076211806000174, 47.978047981000145 ], [ 37.069628630000125, 47.933888469000124 ], [ 37.211480655000173, 47.906478948000029 ], [ 37.183610128000112, 47.888268595000113 ], [ 37.25738163699998, 47.866682197000159 ], [ 37.24854819799998, 47.83908459800017 ], [ 37.271031785, 47.804730052000195 ], [ 37.291825251000091, 47.802319437000108 ], [ 37.29643872500003, 47.831750169000031 ], [ 37.428189319000182, 47.79973038300011 ], [ 37.530680735000033, 47.823380108000151 ], [ 37.548054790000037, 47.855823459000192 ], [ 37.541430901000069, 47.915265552000164 ], [ 37.552680117000193, 47.932202867000115 ], [ 37.525485641000046, 47.941658556000107 ], [ 37.561601550000034, 47.977667351000093 ], [ 37.544788897000103, 47.983064022000121 ], [ 37.540979121000191, 48.050611625000158 ], [ 37.614922566000075, 48.056441087000053 ], [ 37.624983803000021, 48.002730059000044 ], [ 37.664086011000109, 47.995176837000031 ], [ 37.681448901000181, 48.005115112000112 ], [ 37.656626813, 48.033681537000177 ], [ 37.707493313000043, 48.057843676000175 ], [ 37.693149317000177, 48.102478221000126 ], [ 37.807718235000095, 48.118777471000101 ], [ 37.800539252000192, 48.142106732000116 ], [ 37.776067022000063, 48.14457825900007 ], [ 37.789774139000087, 48.171965798000087 ], [ 37.828416798000035, 48.182282195000084 ], [ 37.837689980000107, 48.142217959000163 ], [ 37.869392898000058, 48.150038580000057 ], [ 37.876169218000086, 48.13592227800018 ], [ 37.960079741000072, 48.202460386000098 ], [ 37.921511021000128, 48.212478439000051 ], [ 37.938962711999977, 48.226489793000098 ], [ 37.930404678000116, 48.232625786000028 ], [ 37.89406766899998, 48.231072992000179 ], [ 37.888231286000178, 48.250565620000089 ], [ 37.927453755000158, 48.254524403000119 ], [ 37.910001145000081, 48.260203932000138 ], [ 37.885781932000043, 48.307685745000128 ], [ 37.939262806000158, 48.32428517600016 ], [ 37.871759877000045, 48.37251554400018 ], [ 37.815839011000037, 48.367658125000162 ], [ 37.848786186000154, 48.347328594000032 ], [ 37.833973694000065, 48.34940513700019 ], [ 37.826573739000025, 48.346630803000153 ], [ 37.812102989000152, 48.370154201000105 ], [ 37.796917205000113, 48.376800378000155 ], [ 37.802593635000107, 48.365805368999986 ], [ 37.738431568000067, 48.357075669000153 ], [ 37.749867810000183, 48.322730996000189 ], [ 37.71019234400012, 48.30912586400018 ], [ 37.721084243000121, 48.263226020000047 ], [ 37.60028158700004, 48.278528339000104 ], [ 37.607709334000106, 48.30773909200019 ], [ 37.55591581800013, 48.33607204700013 ], [ 37.494411015000026, 48.317469215000131 ], [ 37.470196763999979, 48.352977265000163 ], [ 37.452781939000147, 48.346653284000126 ], [ 37.446379752000041, 48.411995207000132 ], [ 37.426790069000049, 48.410100967000062 ], [ 37.423770631000139, 48.423309126000163 ], [ 37.445369693000089, 48.426023812000096 ], [ 37.433283126, 48.47521833400009 ], [ 37.363542308000149, 48.48203806600003 ], [ 37.398774358000082, 48.533461813000031 ], [ 37.368054661000031, 48.536614840000084 ], [ 37.366544937000128, 48.559939149000172 ], [ 37.346704390000127, 48.556413895000162 ], [ 37.294433730000151, 48.601480327000047 ], [ 37.301006004000044, 48.57212637400005 ], [ 37.259635803000151, 48.568026261000171 ], [ 37.251990016000036, 48.601110827000014 ], [ 37.165204661000189, 48.60926753200016 ], [ 37.164723511000034, 48.590784204000101 ], [ 37.106334158000095, 48.595741956000154 ] ], [ [ 37.857427576000191, 48.287961304000135 ], [ 37.84449252100012, 48.323407524 ], [ 37.810963859000083, 48.319994921000045 ], [ 37.821206232000122, 48.344140255000127 ], [ 37.891269203000093, 48.325834946000157 ], [ 37.846086593000166, 48.327072051000073 ], [ 37.886306727000033, 48.314126675000125 ], [ 37.85700243399998, 48.321862243000169 ], [ 37.857427576000191, 48.287961304000135 ] ], [ [ 37.765423912000188, 48.308984052000142 ], [ 37.756131382000092, 48.316412330000162 ], [ 37.756308776000026, 48.323683882000182 ], [ 37.768655341000112, 48.330704833000141 ], [ 37.765423912000188, 48.308984052000142 ] ], [ [ 37.752974855000161, 48.313999775000127 ], [ 37.755153951000125, 48.31332353300013 ], [ 37.757223984000063, 48.311200617000168 ], [ 37.752974855000161, 48.313999775000127 ] ], [ [ 37.821926081000072, 48.309324999000012 ], [ 37.838917785000149, 48.316915245000132 ], [ 37.839863582000191, 48.315182311000058 ], [ 37.821926081000072, 48.309324999000012 ] ], [ [ 37.869141999000192, 48.323175000000163 ], [ 37.88950308200009, 48.323234526000078 ], [ 37.893813999000145, 48.314915 ], [ 37.869141999000192, 48.323175000000163 ] ] ], [ [ [ 37.574085000000139, 47.833141 ], [ 37.566052000000184, 47.838448 ], [ 37.562366, 47.832225000000165 ], [ 37.574085000000139, 47.833141 ] ] ], [ [ [ 37.730191000000161, 48.098364000000174 ], [ 37.71139999900015, 48.095874001000084 ], [ 37.731168, 48.091657000000168 ], [ 37.730191000000161, 48.098364000000174 ] ] ], [ [ [ 37.912171999000122, 48.260849 ], [ 37.915547999000069, 48.264296000000115 ], [ 37.910849999000163, 48.262066000000175 ], [ 37.912171999000122, 48.260849 ] ] ] ] } },
{ "type": "Feature", "properties": { "pcode": "UA1802", "name": "Berdychivskyi", "oblast_pcode": "UA18", "oblast": "Zhytomyrska", "area_sqkm": 3012.1788150100001, "city_pop": 0.0, "pop": 99703, "included": true }, "geometry": { "type": "Polygon", "coordinates": [ [ [ 28.943044001000089, 50.153188001000046 ], [ 28.856353131000049, 50.104749016000142 ], [ 28.871973807000188, 50.090157732000023 ], [ 28.818625001000157, 50.089685 ], [ 28.779726478000157, 50.070164364000107 ], [ 28.769803555000067, 50.038270969000109 ], [ 28.683603646000051, 50.06207410900015 ], [ 28.639834971000141, 50.037808073000178 ], [ 28.464949402000173, 50.0486885360001 ], [ 28.46453817400004, 50.031253550000088 ], [ 28.429526270000054, 50.030098801000179 ], [ 28.38456751800004, 49.985640992000128 ], [ 28.385837166999977, 49.945867342000099 ], [ 28.34298684900017, 49.905338336000113 ], [ 28.27432699100018, 49.923686153000062 ], [ 28.217931505000138, 49.887734870000031 ], [ 28.145642404000171, 49.869986964000077 ], [ 28.132004598000094, 49.842939873000148 ], [ 28.131983849000051, 49.856368956000097 ], [ 28.086651718000155, 49.850314541000159 ], [ 28.06826890300016, 49.902589324000076 ], [ 27.965075956000078, 49.920027278000134 ], [ 27.968999827000118, 49.902564527000038 ], [ 27.896641984000155, 49.868283170000154 ], [ 27.873988725000117, 49.833628400000066 ], [ 27.887902399999973, 49.826552070000048 ], [ 27.884483404999969, 49.785545302000116 ], [ 27.926676039000142, 49.775155498000061 ], [ 27.918893928000102, 49.766930239000089 ], [ 27.980856331000041, 49.780156268000098 ], [ 28.097533119000104, 49.771854446000134 ], [ 28.154588901000125, 49.788814402000071 ], [ 28.225645228000189, 49.784934760000056 ], [ 28.250916793000158, 49.814791113000126 ], [ 28.262709830000063, 49.799382066000135 ], [ 28.379549829000098, 49.780548972000076 ], [ 28.406912991000127, 49.791861763000043 ], [ 28.421901191000188, 49.824796168000034 ], [ 28.469666908000022, 49.822583596000129 ], [ 28.481953672000031, 49.807060882000087 ], [ 28.528421227000138, 49.820400339000059 ], [ 28.569726764000166, 49.773892438000189 ], [ 28.6010407280001, 49.781995347000134 ], [ 28.602173674000028, 49.81002766000006 ], [ 28.636538122000104, 49.817187182 ], [ 28.73405184700016, 49.798380076000171 ], [ 28.758958121000148, 49.818334794000123 ], [ 28.750710323000192, 49.844487133000086 ], [ 28.844085096000072, 49.860004479000054 ], [ 28.857216826000183, 49.888508082000101 ], [ 28.878781887, 49.888535211000089 ], [ 28.953623178000157, 49.839884956000105 ], [ 28.94456687700017, 49.81975338400008 ], [ 28.970127196000192, 49.803630917000078 ], [ 28.942777742000033, 49.783147747999976 ], [ 29.002129394000065, 49.738528449000057 ], [ 29.004721950000146, 49.726553191999983 ], [ 28.945678347000126, 49.679234224000083 ], [ 29.01007403300008, 49.63253076400008 ], [ 28.993200443000148, 49.597417165000138 ], [ 29.11652138300019, 49.583541012000126 ], [ 29.212894415000051, 49.587695167000049 ], [ 29.241485812000064, 49.603528309000183 ], [ 29.275607389000072, 49.589998184000081 ], [ 29.275600825000026, 49.627075945000058 ], [ 29.380015486000104, 49.619690787000081 ], [ 29.409441202000153, 49.658971860000065 ], [ 29.431341401, 49.661970456000063 ], [ 29.50517741699997, 49.649095069999987 ], [ 29.513605248000033, 49.663118036000128 ], [ 29.489035634000174, 49.669156070000042 ], [ 29.497342160000187, 49.713836377 ], [ 29.446005279000076, 49.713455553000131 ], [ 29.435679929000173, 49.729468051000026 ], [ 29.462076613000193, 49.761936047000063 ], [ 29.430128735000039, 49.817355268000085 ], [ 29.409618727000179, 49.809046060000185 ], [ 29.384899525000037, 49.823684844000127 ], [ 29.396998438000026, 49.830545379000114 ], [ 29.364764693000097, 49.858370242000092 ], [ 29.327682488000107, 49.858942769000123 ], [ 29.319564483000136, 49.848788244000104 ], [ 29.331234540000025, 49.842481175000046 ], [ 29.308640322000031, 49.833204734000162 ], [ 29.296347625000124, 49.859188924000193 ], [ 29.24952756600004, 49.862014314000191 ], [ 29.250946116000136, 49.881485929 ], [ 29.235771370000123, 49.881672052000056 ], [ 29.248454835000189, 49.89222503700006 ], [ 29.234993706000068, 49.931237408000015 ], [ 29.210847733000037, 49.942965786 ], [ 29.21296709000012, 49.966313921000165 ], [ 29.278996468000059, 49.964083387000187 ], [ 29.269333569000025, 50.012256922000176 ], [ 29.300785415000178, 50.024275753000154 ], [ 29.277274552000051, 50.049972126000057 ], [ 29.250615177000043, 50.054115371000137 ], [ 29.273051986000098, 50.071736045000193 ], [ 29.270649238000033, 50.098916352000174 ], [ 29.22236301300012, 50.110388622000073 ], [ 29.234701, 50.123649000000171 ], [ 29.191599850000046, 50.135260598000116 ], [ 29.199269002000051, 50.147553071000118 ], [ 29.173807927000098, 50.146844400000191 ], [ 29.162827490000041, 50.142739941000173 ], [ 29.164503497999988, 50.090207625000176 ], [ 29.14047146200005, 50.087296051000123 ], [ 29.12302469600013, 50.063902850000034 ], [ 29.014584283000033, 50.080037799000195 ], [ 28.957038158000046, 50.049871569000175 ], [ 28.923847772000158, 50.054879624000193 ], [ 28.930230507000033, 50.09263695400017 ], [ 28.948974932000112, 50.098892983000098 ], [ 28.938336171000117, 50.118011514000045 ], [ 28.961859399000105, 50.148403678000079 ], [ 28.943044001000089, 50.153188001000046 ] ] ] } },
{ "type": "Feature", "properties": { "pcode": "UA1804", "name": "Zhytomyrskyi", "oblast_pcode": "UA18", "oblast": "Zhytomyrska", "area_sqkm": 10506.87266563, "city_pop": 260367.0, "pop": 623397, "included": true }, "geometry": { "type": "Polygon", "coordinates": [ [ [ 28.544274720000089, 50.740835902000128 ], [ 28.495895738000058, 50.76938090200008 ], [ 28.483866619000139, 50.743830483000181 ], [ 28.297877626000172, 50.756866590000072 ], [ 28.2896589610001, 50.718333686000051 ], [ 28.262400440000022, 50.723526925000158 ], [ 28.241495456000166, 50.709427634000178 ], [ 28.281719580000129, 50.678365509000059 ], [ 28.239986999000166, 50.632753229000116 ], [ 28.100445626000123, 50.586057313000026 ], [ 28.043099791000088, 50.594225710999979 ], [ 28.054953965000152, 50.562782764000133 ], [ 28.042458000000181, 50.549768000000142 ], [ 28.012644671000146, 50.53193354900003 ], [ 27.995506833000036, 50.538530531000163 ], [ 27.99629066500006, 50.520288484000105 ], [ 27.937973158000034, 50.511774706000153 ], [ 27.927295482000147, 50.478668368000058 ], [ 27.945702032000042, 50.435889249000184 ], [ 27.929616408000129, 50.428822320000108 ], [ 27.955319709000094, 50.405267851000133 ], [ 27.922975487000031, 50.403971512999988 ], [ 28.04590424100013, 50.385355102000062 ], [ 28.034180736999986, 50.357951143000093 ], [ 28.06641760399998, 50.340793795000138 ], [ 28.015574617000084, 50.321422263000102 ], [ 27.983106176000092, 50.330080717000101 ], [ 27.971687779000092, 50.282748329000185 ], [ 27.905400189000147, 50.289731641000117 ], [ 27.867125420000036, 50.268219691000127 ], [ 27.861608349, 50.226739856000052 ], [ 27.861292346000084, 50.240922811000189 ], [ 27.802939758000093, 50.254560051000055 ], [ 27.747814623000068, 50.248805420000053 ], [ 27.774101370000153, 50.242918539000129 ], [ 27.778464804000066, 50.226089648000084 ], [ 27.71807281800011, 50.22845009100007 ], [ 27.713248652000118, 50.213240724000116 ], [ 27.689859370000192, 50.216309438000167 ], [ 27.695383275000097, 50.23757525100018 ], [ 27.665924212000107, 50.232135227000185 ], [ 27.682655996000165, 50.213395684000147 ], [ 27.663038024, 50.222420520000071 ], [ 27.651616969000145, 50.198918722000144 ], [ 27.677739949000113, 50.15807064 ], [ 27.631625290999978, 50.146224583000162 ], [ 27.62592404500009, 50.123327671000141 ], [ 27.639096707000192, 50.115067391000082 ], [ 27.615445155000089, 50.086224754000057 ], [ 27.668737484000133, 50.07753116300006 ], [ 27.681365155000037, 50.03457989900005 ], [ 27.658017397000037, 50.025764547000051 ], [ 27.642001787000027, 50.03676345100007 ], [ 27.611705000000143, 50.005641001000185 ], [ 27.571258419000173, 50.019674466000026 ], [ 27.546460050000121, 50.011595468000166 ], [ 27.575608910000142, 49.94861639200019 ], [ 27.547698488000094, 49.934836801000074 ], [ 27.548214088000123, 49.901571847000184 ], [ 27.569777202000068, 49.909760716000108 ], [ 27.595798340000158, 49.890177765000146 ], [ 27.625357754000049, 49.892407442000149 ], [ 27.609986030000016, 49.875658019000127 ], [ 27.644861648000131, 49.807433272000139 ], [ 27.662235712000097, 49.794462829000167 ], [ 27.668018492000158, 49.807841551000081 ], [ 27.716471318000117, 49.806180340000026 ], [ 27.727027362000115, 49.799555871000052 ], [ 27.70363147400019, 49.769005205000042 ], [ 27.806224418000056, 49.727308741000058 ], [ 27.83588977200003, 49.755513174000043 ], [ 27.924626834000151, 49.771407797000052 ], [ 27.884483404999969, 49.785545302000116 ], [ 27.887902399999973, 49.826552070000048 ], [ 27.873988725000117, 49.833628400000066 ], [ 27.896641984000155, 49.868283170000154 ], [ 27.968999827000118, 49.902564527000038 ], [ 27.965075956000078, 49.920027278000134 ], [ 28.06826890300016, 49.902589324000076 ], [ 28.086651718000155, 49.850314541000159 ], [ 28.131983849000051, 49.856368956000097 ], [ 28.132004598000094, 49.842939873000148 ], [ 28.145642404000171, 49.869986964000077 ], [ 28.217931505000138, 49.887734870000031 ], [ 28.27432699100018, 49.923686153000062 ], [ 28.34298684900017, 49.905338336000113 ], [ 28.385837166999977, 49.945867342000099 ], [ 28.38456751800004, 49.985640992000128 ], [ 28.429526270000054, 50.030098801000179 ], [ 28.46453817400004, 50.031253550000088 ], [ 28.464949402000173, 50.0486885360001 ], [ 28.639834971000141, 50.037808073000178 ], [ 28.683603646000051, 50.06207410900015 ], [ 28.769803555000067, 50.038270969000109 ], [ 28.779726478000157, 50.070164364000107 ], [ 28.818625001000157, 50.089685 ], [ 28.871973807000188, 50.090157732000023 ], [ 28.856353131000049, 50.104749016000142 ], [ 28.942102402000103, 50.153378111000166 ], [ 28.961859399000105, 50.148403678000079 ], [ 28.938336171000117, 50.118011514000045 ], [ 28.948974932000112, 50.098892983000098 ], [ 28.930230507000033, 50.09263695400017 ], [ 28.923847772000158, 50.054879624000193 ], [ 28.957038158000046, 50.049871569000175 ], [ 29.014584283000033, 50.080037799000195 ], [ 29.12302469600013, 50.063902850000034 ], [ 29.14047146200005, 50.087296051000123 ], [ 29.164503497999988, 50.090207625000176 ], [ 29.162827490000041, 50.142739941000173 ], [ 29.173807927000098, 50.146844400000191 ], [ 29.199269002000051, 50.147553071000118 ], [ 29.191599850000046, 50.135260598000116 ], [ 29.234701, 50.123649000000171 ], [ 29.22236301300012, 50.110388622000073 ], [ 29.270649238000033, 50.098916352000174 ], [ 29.273051986000098, 50.071736045000193 ], [ 29.250615177000043, 50.054115371000137 ], [ 29.277274552000051, 50.049972126000057 ], [ 29.300785415000178, 50.024275753000154 ], [ 29.269333569000025, 50.012256922000176 ], [ 29.278996468000059, 49.964083387000187 ], [ 29.216074915000149, 49.968597019000072 ], [ 29.210847733000037, 49.942965786 ], [ 29.234993706000068, 49.931237408000015 ], [ 29.24952756600004, 49.862014314000191 ], [ 29.296347625000124, 49.859188924000193 ], [ 29.308640322000031, 49.833204734000162 ], [ 29.331234540000025, 49.842481175000046 ], [ 29.319564483000136, 49.848788244000104 ], [ 29.327682488000107, 49.858942769000123 ], [ 29.364764693000097, 49.858370242000092 ], [ 29.408691606000104, 49.80934581300005 ], [ 29.429613292000113, 49.817545355000107 ], [ 29.448684562000153, 49.802555736000159 ], [ 29.470039551000013, 49.81444493500004 ], [ 29.480267014000106, 49.803205828000159 ], [ 29.50911437600007, 49.835064046000184 ], [ 29.541927500000043, 49.819020101000092 ], [ 29.546930363000172, 49.835492991000024 ], [ 29.655227506000131, 49.866554708000137 ], [ 29.666608069000063, 49.873833852000075 ], [ 29.627262572, 49.886222775000078 ], [ 29.727929128000028, 49.932768965000037 ], [ 29.731429998000181, 49.965646652000089 ], [ 29.714176858000144, 49.96761884600005 ], [ 29.671502573000168, 50.032229835000123 ], [ 29.695347733000119, 50.044237261000092 ], [ 29.697252206000087, 50.06841996300011 ], [ 29.647071637000067, 50.106476532000045 ], [ 29.669875704000162, 50.113705037000159 ], [ 29.659074121000174, 50.127612015000068 ], [ 29.692068705000111, 50.152098547000151 ], [ 29.643065971000112, 50.179849243000149 ], [ 29.701252476000093, 50.230777336000187 ], [ 29.665591545000154, 50.264992463000056 ], [ 29.688819876000139, 50.277181844000097 ], [ 29.675576495000087, 50.297622352000076 ], [ 29.692693927000107, 50.323234823000178 ], [ 29.626020510000103, 50.330101334000119 ], [ 29.611694054000111, 50.341396131000067 ], [ 29.641845132000071, 50.358183987000132 ], [ 29.637789836000081, 50.372384156000123 ], [ 29.588792489000127, 50.37487751599997 ], [ 29.590389397000081, 50.400374198000179 ], [ 29.560273518000088, 50.422522184000059 ], [ 29.454792667000049, 50.401467153999988 ], [ 29.442613715000107, 50.415444208000054 ], [ 29.48157551800017, 50.418909657000029 ], [ 29.498393465, 50.439781365000158 ], [ 29.497627609000062, 50.450492081000107 ], [ 29.446859165000035, 50.452817775000028 ], [ 29.457196814000156, 50.471111012000051 ], [ 29.483461933000058, 50.459215275000133 ], [ 29.510870890999968, 50.470761890000119 ], [ 29.5066290420001, 50.500137350000045 ], [ 29.460185744000171, 50.517248814000141 ], [ 29.45876381100004, 50.539480977000096 ], [ 29.502917474000128, 50.549437526000133 ], [ 29.49800663100018, 50.59027625300007 ], [ 29.444710264000094, 50.621209041999975 ], [ 29.47253067600019, 50.628178629000161 ], [ 29.463583710000137, 50.633313538000039 ], [ 29.485785348000149, 50.66270211300008 ], [ 29.528030307000108, 50.66326966400004 ], [ 29.542024941000193, 50.689813633000085 ], [ 29.576440803000082, 50.699285256000167 ], [ 29.597189440000079, 50.729017495000051 ], [ 29.586412025000186, 50.738674045000039 ], [ 29.552686916000141, 50.693547235000096 ], [ 29.487844559000109, 50.716872126999988 ], [ 29.504040879000115, 50.738520006000158 ], [ 29.468793944000083, 50.743335963000106 ], [ 29.484864583000103, 50.718615023000154 ], [ 29.451126518000024, 50.736154062000139 ], [ 29.332988878000037, 50.678220279000072 ], [ 29.292723227000124, 50.691994681000097 ], [ 29.305969677000121, 50.679947368000114 ], [ 29.245473535000031, 50.642305568999973 ], [ 29.171658757000046, 50.683228244000134 ], [ 29.112688774000048, 50.660267631000067 ], [ 29.044275925000193, 50.65725728700005 ], [ 29.077647164999973, 50.67296427600013 ], [ 29.048146593000183, 50.674227422000058 ], [ 29.000435961000164, 50.714243857000156 ], [ 28.935108664000154, 50.708504471000083 ], [ 28.911000884000146, 50.726242915000171 ], [ 28.856099086000029, 50.709617689000027 ], [ 28.843152525000107, 50.666555352000103 ], [ 28.761791648000042, 50.693567476000112 ], [ 28.737389001000054, 50.678960000000131 ], [ 28.738968357000147, 50.654840683000089 ], [ 28.718605682000145, 50.649008444000117 ], [ 28.717011943000159, 50.669462043000181 ], [ 28.688642703000141, 50.668680806000111 ], [ 28.687372123000159, 50.681613303000177 ], [ 28.736923541000067, 50.719314353000129 ], [ 28.668369099000131, 50.723011294 ], [ 28.702271414000052, 50.754322285000171 ], [ 28.646692926000128, 50.755253703000108 ], [ 28.65417600100011, 50.74668000000014 ], [ 28.612517114000184, 50.735111580000023 ], [ 28.594448555000099, 50.747481344000164 ], [ 28.544274720000089, 50.740835902000128 ] ] ] } },
{ "type": "Feature", "properties": { "pcode": "UA1806", "name": "Korostenskyi", "oblast_pcode": "UA18", "oblast": "Zhytomyrska", "area_sqkm": 11071.82881402, "city_pop": 0.0, "pop": 293077, "included": true }, "geometry": { "type": "Polygon", "coordinates": [ [ [ 28.267519551000191, 51.680054614000085 ], [ 28.17065958000012, 51.644021035000151 ], [ 28.155030267000029, 51.611137324000083 ], [ 28.130057639000029, 51.607292067000174 ], [ 28.105343522000055, 51.579188557000123 ], [ 28.043581574000029, 51.566234163000161 ], [ 27.939335479000079, 51.557019641000124 ], [ 27.974810403, 51.59400142700008 ], [ 27.919992001000082, 51.577702449000071 ], [ 27.911836737000158, 51.616330565000169 ], [ 27.835701072000063, 51.624874939000165 ], [ 27.819456629000058, 51.617225765000171 ], [ 27.840041479000092, 51.607847259000096 ], [ 27.824834619000058, 51.577011716000072 ], [ 27.849446994000175, 51.543206749000149 ], [ 27.799914831000024, 51.53286334500018 ], [ 27.761797355000056, 51.473847651000085 ], [ 27.662949517000072, 51.517297257000109 ], [ 27.669125962000123, 51.496952819000057 ], [ 27.578845059000116, 51.478483318000031 ], [ 27.582494451000059, 51.429730639000013 ], [ 27.598951170000078, 51.430188572000191 ], [ 27.614142399000116, 51.402950785000087 ], [ 27.584392723000121, 51.401645596000037 ], [ 27.532891271000153, 51.428775592000136 ], [ 27.534478346000128, 51.452945807000106 ], [ 27.50502050900019, 51.451485836000188 ], [ 27.494736078000074, 51.374730403000171 ], [ 27.526065816000028, 51.366391914000076 ], [ 27.527615831000105, 51.353441536000048 ], [ 27.490002234000031, 51.315596373000176 ], [ 27.440728923000165, 51.310542015000124 ], [ 27.461391260000141, 51.26414728200001 ], [ 27.447099076000086, 51.254586791000065 ], [ 27.473960727000133, 51.237142581000057 ], [ 27.400409740000043, 51.200710582000056 ], [ 27.39824476400014, 51.170232949000081 ], [ 27.364017042000171, 51.142940185000157 ], [ 27.366713818000051, 51.097554243000161 ], [ 27.333519563000038, 51.082960342000092 ], [ 27.360194700000136, 51.076560734000168 ], [ 27.358972100000017, 51.059039791000032 ], [ 27.431674018000137, 51.067751063000173 ], [ 27.445950474000085, 51.044328582000105 ], [ 27.38313447000013, 51.001471812000091 ], [ 27.35267000000016, 51.007768000000169 ], [ 27.389064000000133, 50.985287001000017 ], [ 27.45377191700004, 51.010445279000123 ], [ 27.479826296000113, 51.044312973000103 ], [ 27.47044461500019, 51.051312969000037 ], [ 27.549246997000068, 51.07791120800016 ], [ 27.586335546000043, 51.056454465000172 ], [ 27.583525074000192, 51.082477739000069 ], [ 27.625266886000134, 51.077265494000187 ], [ 27.666431046000071, 51.038351248000083 ], [ 27.660652388000187, 51.013271849000034 ], [ 27.709205956000119, 50.996149787000149 ], [ 27.773569973000178, 51.01168549700003 ], [ 27.749532804000069, 51.029541444000131 ], [ 27.763770169000054, 51.035318582000116 ], [ 27.753373625000108, 51.047540258000083 ], [ 27.928757516000132, 51.048642181000048 ], [ 27.951999318000105, 51.069700568000087 ], [ 27.955712168000161, 51.057479052000133 ], [ 28.028510545000188, 51.05078288600015 ], [ 28.051855333000105, 51.029788705000101 ], [ 28.127382332000082, 51.027321558000153 ], [ 28.106394710000131, 50.987130421000131 ], [ 28.157029209000029, 50.966792183999985 ], [ 28.140658584000107, 50.964682037000102 ], [ 28.170919952000133, 50.923048511000047 ], [ 28.112828480000132, 50.863990418000071 ], [ 28.130740662000164, 50.857835715000192 ], [ 28.149417461000155, 50.803487270000119 ], [ 28.174773427000048, 50.797005161000186 ], [ 28.166398320000155, 50.783993956000188 ], [ 28.242234761000134, 50.752343783000072 ], [ 28.22843919200011, 50.743340515000114 ], [ 28.243525495000029, 50.726033941000082 ], [ 28.2896589610001, 50.718333686000051 ], [ 28.297877626000172, 50.756866590000072 ], [ 28.483866619000139, 50.743830483000181 ], [ 28.495895738000058, 50.76938090200008 ], [ 28.544274720000089, 50.740835902000128 ], [ 28.594448555000099, 50.747481344000164 ], [ 28.612517114000184, 50.735111580000023 ], [ 28.65417600100011, 50.74668000000014 ], [ 28.646692926000128, 50.755253703000108 ], [ 28.696101757, 50.755462565000187 ], [ 28.668369099000131, 50.723011294 ], [ 28.736923541000067, 50.719314353000129 ], [ 28.687372123000159, 50.681613303000177 ], [ 28.688642703000141, 50.668680806000111 ], [ 28.717011943000159, 50.669462043000181 ], [ 28.718605682000145, 50.649008444000117 ], [ 28.738968357000147, 50.654840683000089 ], [ 28.737389001000054, 50.678960000000131 ], [ 28.761791648000042, 50.693567476000112 ], [ 28.843152525000107, 50.666555352000103 ], [ 28.856099086000029, 50.709617689000027 ], [ 28.911000884000146, 50.726242915000171 ], [ 28.935108664000154, 50.708504471000083 ], [ 29.000435961000164, 50.714243857000156 ], [ 29.048146593000183, 50.674227422000058 ], [ 29.077647164999973, 50.67296427600013 ], [ 29.044275925000193, 50.65725728700005 ], [ 29.112688774000048, 50.660267631000067 ], [ 29.171658757000046, 50.683228244000134 ], [ 29.245473535000031, 50.642305568999973 ], [ 29.305969677000121, 50.679947368000114 ], [ 29.292723227000124, 50.691994681000097 ], [ 29.332988878000037, 50.678220279000072 ], [ 29.451126518000024, 50.736154062000139 ], [ 29.484864583000103, 50.718615023000154 ], [ 29.468793944000083, 50.743335963000106 ], [ 29.504040879000115, 50.738520006000158 ], [ 29.487844559000109, 50.716872126999988 ], [ 29.536136716000158, 50.695290604000036 ], [ 29.558091690000026, 50.694339890000037 ], [ 29.584122678000028, 50.720184524000103 ], [ 29.569836202000147, 50.771525306000058 ], [ 29.472705741000027, 50.77339812800011 ], [ 29.507205898000052, 50.774493540000151 ], [ 29.521595743000091, 50.792519981000169 ], [ 29.488234064999972, 50.812241541000162 ], [ 29.54741206500006, 50.813794848000157 ], [ 29.542208857000105, 50.828403632000061 ], [ 29.497517944000151, 50.837305604000164 ], [ 29.521349863000182, 50.868876616000023 ], [ 29.471360852000032, 50.903663509000182 ], [ 29.467527832000144, 50.9247494 ], [ 29.411537864000081, 50.948949435000088 ], [ 29.413897642999984, 50.983548505000101 ], [ 29.467278543000191, 50.985068595000087 ], [ 29.464606698000011, 51.018967358000111 ], [ 29.511782495000091, 51.060641241000042 ], [ 29.427497545000108, 51.123954152000181 ], [ 29.348891193000156, 51.160087925000028 ], [ 29.330521654, 51.157616741000027 ], [ 29.320365266000067, 51.127219037000032 ], [ 29.267282391000094, 51.265313601000173 ], [ 29.354510473000062, 51.27444081800013 ], [ 29.367144009000128, 51.305935657000191 ], [ 29.347335591000046, 51.32396280800009 ], [ 29.396370506000096, 51.32744735100016 ], [ 29.393798219000189, 51.379529102000106 ], [ 29.320542989000103, 51.377256051000018 ], [ 29.304363122000154, 51.454352811000149 ], [ 29.270629603000145, 51.458160036000152 ], [ 29.245629517000168, 51.500074184000141 ], [ 29.259136643999966, 51.52954257500005 ], [ 29.25214118800011, 51.567458470000076 ], [ 29.214541205000103, 51.567037017000132 ], [ 29.205858959000068, 51.596187107000105 ], [ 29.177416361000041, 51.607021387000145 ], [ 29.185698241000125, 51.620953672000155 ], [ 29.157787694000149, 51.628824587000111 ], [ 29.175406687000191, 51.651096398000163 ], [ 29.117169538999974, 51.656473530000085 ], [ 28.999380366000139, 51.573564909000083 ], [ 28.973584080000023, 51.573159001000022 ], [ 28.966512960000102, 51.591348000000153 ], [ 28.90485535300013, 51.588464827999985 ], [ 28.819494606000092, 51.558701826000117 ], [ 28.761384311000143, 51.487028343000134 ], [ 28.779936092000128, 51.454029106000121 ], [ 28.752652080000189, 51.41496096000003 ], [ 28.733028283000181, 51.434757627000124 ], [ 28.736147746000086, 51.465165450000143 ], [ 28.683226757, 51.444373979000147 ], [ 28.648473656000192, 51.558404952000103 ], [ 28.629590001000167, 51.561287076000156 ], [ 28.658153921000121, 51.567436349000104 ], [ 28.469127416000163, 51.593181769000125 ], [ 28.352645774000052, 51.539818040000171 ], [ 28.342369081000186, 51.576874020000048 ], [ 28.279969587000039, 51.623335242000053 ], [ 28.254796396000074, 51.621180234000065 ], [ 28.267519551000191, 51.680054614000085 ] ] ] } },
{ "type": "Feature", "properties": { "pcode": "UA1808", "name": "Zviahelskyi", "oblast_pcode": "UA18", "oblast": "Zhytomyrska", "area_sqkm": 5240.6297074800004, "city_pop": 0.0, "pop": 163625, "included": true }, "geometry": { "type": "Polygon", "coordinates": [ [ [ 27.333959, 51.082659318000083 ], [ 27.317383946000177, 51.052725871000064 ], [ 27.325908208000101, 51.042221176000169 ], [ 27.219361966000122, 51.030097889000103 ], [ 27.22626108500009, 51.007922010000129 ], [ 27.199990048000075, 51.00017567600014 ], [ 27.238346285000148, 50.94540095300016 ], [ 27.216998473000046, 50.919838197000161 ], [ 27.256250983000086, 50.895971432000124 ], [ 27.232006041000091, 50.839045448000036 ], [ 27.242370138000069, 50.827946562000079 ], [ 27.232169987000191, 50.797028645000182 ], [ 27.241722626000183, 50.770324561000109 ], [ 27.270456661000082, 50.763336487000117 ], [ 27.262616458000025, 50.745663769000146 ], [ 27.275728361000176, 50.722300395000104 ], [ 27.244597310000188, 50.673073992000184 ], [ 27.201277203000075, 50.663161539000043 ], [ 27.213723540000046, 50.639634668000042 ], [ 27.186400459000026, 50.625320463000094 ], [ 27.224818114000186, 50.606042092000052 ], [ 27.215155931000027, 50.588387117000082 ], [ 27.231163619000029, 50.56673758400018 ], [ 27.19632536600011, 50.55264108200015 ], [ 27.207390210000085, 50.53183793 ], [ 27.258922040000016, 50.512946942000156 ], [ 27.267781046000096, 50.491797610000162 ], [ 27.301315282000076, 50.493140501000141 ], [ 27.248428365000166, 50.392790808000143 ], [ 27.321161370000084, 50.367609372000118 ], [ 27.315585349000116, 50.331663662000096 ], [ 27.363241244000108, 50.332540083000026 ], [ 27.416195551000101, 50.30744505600012 ], [ 27.395405415000141, 50.287572953000051 ], [ 27.444722246000083, 50.275450847000172 ], [ 27.442621186000167, 50.261179052000102 ], [ 27.480978240000184, 50.25721602800013 ], [ 27.520930593000173, 50.225526791000163 ], [ 27.597443973000111, 50.258554376 ], [ 27.592964401000017, 50.215670155000112 ], [ 27.622692479000023, 50.199716710000075 ], [ 27.621272655000155, 50.169490242000052 ], [ 27.642007647000185, 50.172301906000143 ], [ 27.636532400000192, 50.188352447000113 ], [ 27.657074467000143, 50.192953733000138 ], [ 27.66067831800018, 50.22075581900009 ], [ 27.682655996000165, 50.213395684000147 ], [ 27.665924212000107, 50.232135227000185 ], [ 27.695383275000097, 50.23757525100018 ], [ 27.689859370000192, 50.216309438000167 ], [ 27.713248652000118, 50.213240724000116 ], [ 27.71807281800011, 50.22845009100007 ], [ 27.778464804000066, 50.226089648000084 ], [ 27.774101370000153, 50.242918539000129 ], [ 27.747814623000068, 50.248805420000053 ], [ 27.802939758000093, 50.254560051000055 ], [ 27.861292346000084, 50.240922811000189 ], [ 27.861608349, 50.226739856000052 ], [ 27.867125420000036, 50.268219691000127 ], [ 27.905400189000147, 50.289731641000117 ], [ 27.971687779000092, 50.282748329000185 ], [ 27.983106176000092, 50.330080717000101 ], [ 28.015574617000084, 50.321422263000102 ], [ 28.06641760399998, 50.340793795000138 ], [ 28.034180736999986, 50.357951143000093 ], [ 28.04590424100013, 50.385355102000062 ], [ 27.922975487000031, 50.403971512999988 ], [ 27.955319709000094, 50.405267851000133 ], [ 27.929616408000129, 50.428822320000108 ], [ 27.945702032000042, 50.435889249000184 ], [ 27.927295482000147, 50.478668368000058 ], [ 27.937973158000034, 50.511774706000153 ], [ 27.99629066500006, 50.520288484000105 ], [ 27.995506833000036, 50.538530531000163 ], [ 28.012644671000146, 50.53193354900003 ], [ 28.042458000000181, 50.549768000000142 ], [ 28.054953965000152, 50.562782764000133 ], [ 28.043099791000088, 50.594225710999979 ], [ 28.093761158000063, 50.585239522000165 ], [ 28.178985813000054, 50.610096807000104 ], [ 28.239986999000166, 50.632753229000116 ], [ 28.281719580000129, 50.678365509000059 ], [ 28.241495456000166, 50.709427634000178 ], [ 28.262369518000128, 50.721216347999984 ], [ 28.22843919200011, 50.743340515000114 ], [ 28.242234761000134, 50.752343783000072 ], [ 28.166398320000155, 50.783993956000188 ], [ 28.174773427000048, 50.797005161000186 ], [ 28.149417461000155, 50.803487270000119 ], [ 28.130740662000164, 50.857835715000192 ], [ 28.112828480000132, 50.863990418000071 ], [ 28.170919952000133, 50.923048511000047 ], [ 28.140658584000107, 50.964682037000102 ], [ 28.157029209000029, 50.966792183999985 ], [ 28.106394710000131, 50.987130421000131 ], [ 28.127382332000082, 51.027321558000153 ], [ 28.051855333000105, 51.029788705000101 ], [ 28.028510545000188, 51.05078288600015 ], [ 27.955712168000161, 51.057479052000133 ], [ 27.951999318000105, 51.069700568000087 ], [ 27.928757516000132, 51.048642181000048 ], [ 27.753373625000108, 51.047540258000083 ], [ 27.763770169000054, 51.035318582000116 ], [ 27.749532804000069, 51.029541444000131 ], [ 27.773569973000178, 51.01168549700003 ], [ 27.709205956000119, 50.996149787000149 ], [ 27.660652388000187, 51.013271849000034 ], [ 27.666431046000071, 51.038351248000083 ], [ 27.625266886000134, 51.077265494000187 ], [ 27.583525074000192, 51.082477739000069 ], [ 27.586335546000043, 51.056454465000172 ], [ 27.549246997000068, 51.07791120800016 ], [ 27.47044461500019, 51.051312969000037 ], [ 27.479826296000113, 51.044312973000103 ], [ 27.45377191700004, 51.010445279000123 ], [ 27.389064000000133, 50.985287001000017 ], [ 27.352976065000121, 51.012065362000101 ], [ 27.38313447000013, 51.001471812000091 ], [ 27.445950474000085, 51.044328582000105 ], [ 27.431674018000137, 51.067751063000173 ], [ 27.358972100000017, 51.059039791000032 ], [ 27.360194700000136, 51.076560734000168 ], [ 27.333959, 51.082659318000083 ] ] ] } },
{ "type": "Feature", "properties": { "pcode": "UA2102", "name": "Berehivskyi", "oblast_pcode": "UA21", "oblast": "Zakarpatska", "area_sqkm": 1458.0506952799999, "city_pop": 0.0, "pop": 200563, "included": true }, "geometry": { "type": "Polygon", "coordinates": [ [ [ 22.364750406000041, 48.379324564000115 ], [ 22.361031580000031, 48.402613648000056 ], [ 22.342074419000085, 48.406040554000072 ], [ 22.347378578000132, 48.379875385000105 ], [ 22.318824513000038, 48.368613387000153 ], [ 22.312838219000128, 48.326399723000065 ], [ 22.369256275999987, 48.244984481000017 ], [ 22.38445947200006, 48.23414771500012 ], [ 22.400914312000168, 48.249036771000135 ], [ 22.502140116000078, 48.248442075000128 ], [ 22.531689910000068, 48.208853139000155 ], [ 22.570376021000072, 48.196067739000057 ], [ 22.561408705000133, 48.18157584100004 ], [ 22.598148551000122, 48.145178821000172 ], [ 22.590235531000133, 48.107610995000073 ], [ 22.672748802000172, 48.091685919000156 ], [ 22.735107884000172, 48.119302577000042 ], [ 22.770466785, 48.108909988000164 ], [ 22.772264703000076, 48.121463465000147 ], [ 22.802268375000153, 48.121682842999974 ], [ 22.806402958000035, 48.106027534000077 ], [ 22.824891141000023, 48.117000430000076 ], [ 22.836575739000125, 48.079683515000056 ], [ 22.881541335, 48.054721122000103 ], [ 22.866035876000069, 48.012088865000067 ], [ 22.835625631000028, 47.989849337000123 ], [ 22.895487098999979, 47.954159077000099 ], [ 22.947495316000015, 47.967256313000178 ], [ 22.920347354000171, 48.006666729000187 ], [ 22.927120019000029, 48.019087794000029 ], [ 23.01356838300012, 47.990460121000183 ], [ 23.089972699000157, 48.005463412000154 ], [ 23.109231295000029, 48.035211027000116 ], [ 23.105206957000121, 48.065730806000147 ], [ 23.123339000000158, 48.077408759000093 ], [ 23.113973194999971, 48.086557072000062 ], [ 23.166605065, 48.119938832 ], [ 23.189163648000033, 48.097719059000156 ], [ 23.267517792000092, 48.101017022000121 ], [ 23.263781688000051, 48.15231776800016 ], [ 23.205184304000056, 48.162536708000118 ], [ 23.102907837000146, 48.242622891000053 ], [ 23.092849639000121, 48.220622321000121 ], [ 23.062659390000192, 48.221994096 ], [ 23.059168163999971, 48.254487485000084 ], [ 23.035522341999979, 48.273350531000119 ], [ 22.946129191000068, 48.249563999000031 ], [ 22.979097946000024, 48.286017029000107 ], [ 23.032943832000171, 48.279317547 ], [ 22.991812129000152, 48.317091689000165 ], [ 22.992779296000151, 48.333264502000077 ], [ 22.946268051000175, 48.351190556 ], [ 22.894689266000171, 48.328108230000112 ], [ 22.907196340000098, 48.324074051000025 ], [ 22.891884658000095, 48.313401240000076 ], [ 22.89542311800011, 48.280994184000122 ], [ 22.855717743000184, 48.304927584000097 ], [ 22.853103322000095, 48.326192467000169 ], [ 22.879470539000124, 48.334575433999987 ], [ 22.863578433000043, 48.355148765000081 ], [ 22.860226894000107, 48.335987721000038 ], [ 22.830543274999968, 48.345779521000054 ], [ 22.838515566000126, 48.335605894000025 ], [ 22.79156519999998, 48.309738818000085 ], [ 22.792352793000077, 48.291110026000069 ], [ 22.70747051800015, 48.293135954000036 ], [ 22.668019609999988, 48.307297874000085 ], [ 22.640693956, 48.339646451000078 ], [ 22.635453154000174, 48.323120030000041 ], [ 22.610587327000076, 48.313302976000102 ], [ 22.613542533000157, 48.324484827000106 ], [ 22.571211584000025, 48.339137590000178 ], [ 22.544711270000107, 48.32556700900011 ], [ 22.576323310000191, 48.32058464000005 ], [ 22.566822832000184, 48.306810718000122 ], [ 22.522047606000058, 48.29762646100005 ], [ 22.501649016000158, 48.308136541000124 ], [ 22.543092198000068, 48.349003205000145 ], [ 22.494976247000068, 48.373023256000067 ], [ 22.497279299000184, 48.384328958000083 ], [ 22.459958154000162, 48.374588410000115 ], [ 22.393873377000148, 48.392385838000052 ], [ 22.364750406000041, 48.379324564000115 ] ], [ [ 22.900320382000132, 48.238311077000162 ], [ 22.902857650000101, 48.250571826000055 ], [ 22.917783249000024, 48.243351080000139 ], [ 22.900320382000132, 48.238311077000162 ] ] ] } },
{ "type": "Feature", "properties": { "pcode": "UA2104", "name": "Mukachivskyi", "oblast_pcode": "UA21", "oblast": "Zakarpatska", "area_sqkm": 2053.5227574400001, "city_pop": 0.0, "pop": 249881, "included": true }, "geometry": { "type": "Polygon", "coordinates": [ [ [ 22.887423388000059, 48.922795181000083 ], [ 22.859606259000032, 48.917742419000035 ], [ 22.860261569000045, 48.898990610000055 ], [ 22.833423310000171, 48.87783753500014 ], [ 22.881990178000137, 48.827981221000073 ], [ 22.879796740000188, 48.786114872000041 ], [ 22.896106611000107, 48.763981306000119 ], [ 22.862010160000068, 48.7278679100001 ], [ 22.852125951000176, 48.616282156000068 ], [ 22.815921374000141, 48.612494996000066 ], [ 22.788249595000025, 48.633706025000095 ], [ 22.727984229000072, 48.631448916000124 ], [ 22.67702301200012, 48.650187263000078 ], [ 22.628006354999968, 48.57729412700013 ], [ 22.549291427000071, 48.559640608000052 ], [ 22.554692799000065, 48.531021275000057 ], [ 22.583235455000022, 48.511366827000131 ], [ 22.557937052, 48.481592696000121 ], [ 22.509838380000076, 48.495959025000161 ], [ 22.47211448600018, 48.480436469000097 ], [ 22.402093593000131, 48.490349040000069 ], [ 22.36185722200014, 48.475159361000124 ], [ 22.466478303000031, 48.410151976000122 ], [ 22.502577217000123, 48.404010461000098 ], [ 22.494976247000068, 48.373023256000067 ], [ 22.543092198000068, 48.349003205000145 ], [ 22.504093297000168, 48.300955374000068 ], [ 22.566822832000184, 48.306810718000122 ], [ 22.576323310000191, 48.32058464000005 ], [ 22.544711270000107, 48.32556700900011 ], [ 22.5715376550001, 48.339214108000135 ], [ 22.61806034500006, 48.31401594700003 ], [ 22.640693956, 48.339646451000078 ], [ 22.668019609999988, 48.307297874000085 ], [ 22.70747051800015, 48.293135954000036 ], [ 22.792352793000077, 48.291110026000069 ], [ 22.79156519999998, 48.309738818000085 ], [ 22.838515566000126, 48.335605894000025 ], [ 22.830543274999968, 48.345779521000054 ], [ 22.860226894000107, 48.335987721000038 ], [ 22.863578433000043, 48.355148765000081 ], [ 22.879470539000124, 48.334575433999987 ], [ 22.853103322000095, 48.326192467000169 ], [ 22.855717743000184, 48.304927584000097 ], [ 22.898354513000072, 48.28145870700007 ], [ 22.891884658000095, 48.313401240000076 ], [ 22.907196340000098, 48.324074051000025 ], [ 22.894689266000171, 48.328108230000112 ], [ 22.946220634999975, 48.353336977000083 ], [ 22.919048425000085, 48.378013339000063 ], [ 22.931244617000061, 48.383436321000033 ], [ 22.919465276000039, 48.399740424000186 ], [ 22.879524408000066, 48.409930475000181 ], [ 22.854670200999976, 48.441716382000152 ], [ 22.877291897000134, 48.434967069000095 ], [ 22.883284293000031, 48.450893307000172 ], [ 22.896285950000106, 48.449090344000126 ], [ 22.883059597000056, 48.432904738000104 ], [ 22.911766431000103, 48.422987717000126 ], [ 22.920411533000049, 48.451749348000192 ], [ 22.980577497000183, 48.495785286000057 ], [ 23.142926835000026, 48.444874512000183 ], [ 23.170779189000086, 48.476267066000048 ], [ 23.153422708999983, 48.503125475000161 ], [ 23.153110404000188, 48.549990199000149 ], [ 23.195048062000183, 48.585447518000194 ], [ 23.19887700400011, 48.609142745000042 ], [ 23.193555839000055, 48.61968098400007 ], [ 23.164810267, 48.610468222000065 ], [ 23.136656839000125, 48.61807699600007 ], [ 23.138451634000035, 48.62608194600017 ], [ 23.166158579000012, 48.6140168 ], [ 23.178555142000164, 48.627022987000146 ], [ 23.164378884000143, 48.636081620000141 ], [ 23.24835304100003, 48.651628591000133 ], [ 23.290605097000139, 48.688319408000041 ], [ 23.290132959000118, 48.716132690000052 ], [ 23.313779212999975, 48.727823623000063 ], [ 23.316343137000047, 48.756868601 ], [ 23.285411486000044, 48.775826722000033 ], [ 23.267973237000035, 48.761672749000127 ], [ 23.200817646000075, 48.760642417000156 ], [ 23.167999153000096, 48.816825386000119 ], [ 23.098522508000144, 48.862831469000071 ], [ 23.020117294000102, 48.847175183000161 ], [ 23.00100847300007, 48.82951416200018 ], [ 22.97474339900009, 48.844851875000131 ], [ 22.970474164000052, 48.874365885000145 ], [ 22.898222560000079, 48.904347114000018 ], [ 22.887423388000059, 48.922795181000083 ] ] ] } },
{ "type": "Feature", "properties": { "pcode": "UA2106", "name": "Rakhivskyi", "oblast_pcode": "UA21", "oblast": "Zakarpatska", "area_sqkm": 1844.7333944699999, "city_pop": 0.0, "pop": 86582, "included": true }, "geometry": { "type": "Polygon", "coordinates": [ [ [ 24.349772523000183, 48.381641143000195 ], [ 24.283656148000091, 48.401120026000115 ], [ 24.288770152000097, 48.380773006000027 ], [ 24.25824609700004, 48.349740582000152 ], [ 24.178369419000148, 48.366721244000189 ], [ 24.14498607500002, 48.320404761000191 ], [ 24.165441408999982, 48.304705461000083 ], [ 24.147477056000184, 48.275492069000052 ], [ 24.109337940000046, 48.254042651000077 ], [ 24.089252357000191, 48.273526943000149 ], [ 24.066411319, 48.250181684000097 ], [ 24.035069777000103, 48.262279760000126 ], [ 24.016643042000055, 48.200040836000085 ], [ 23.965003871000135, 48.200538672000107 ], [ 23.996087064999983, 48.183450735000122 ], [ 23.919235005000075, 48.108320615000025 ], [ 23.940834388000098, 48.052697021000029 ], [ 23.892126727000118, 48.044681454000056 ], [ 23.93364795500014, 47.985875565000129 ], [ 23.963518530000101, 47.98892621900012 ], [ 23.955561879000129, 47.964571454000179 ], [ 24.008476129000087, 47.967272316 ], [ 24.098041646000127, 47.936549264000121 ], [ 24.112430790000133, 47.914730495000072 ], [ 24.194934677000106, 47.916421010000192 ], [ 24.228023136000047, 47.896553446000041 ], [ 24.324871729000108, 47.925853206000113 ], [ 24.344490051000093, 47.914541056000076 ], [ 24.381437423000023, 47.926415284000086 ], [ 24.393929825000157, 47.95427968000007 ], [ 24.43583178200015, 47.97034243600018 ], [ 24.502052057000128, 47.952287345000116 ], [ 24.552521477000141, 47.95867953100003 ], [ 24.576071130000059, 48.016156496000121 ], [ 24.626936413000067, 48.046807405000152 ], [ 24.595670111000175, 48.089959269000076 ], [ 24.531103667000139, 48.123527651000018 ], [ 24.500239465999982, 48.159720683000103 ], [ 24.545432247000122, 48.215928255000051 ], [ 24.484781767000072, 48.243950730000051 ], [ 24.48824718000003, 48.279827948000047 ], [ 24.416997867000134, 48.331983254000136 ], [ 24.357787360000145, 48.352032964999978 ], [ 24.349772523000183, 48.381641143000195 ] ] ] } },
{ "type": "Feature", "properties": { "pcode": "UA2108", "name": "Tiachivskyi", "oblast_pcode": "UA21", "oblast": "Zakarpatska", "area_sqkm": 1866.7868124700001, "city_pop": 0.0, "pop": 140284, "included": true }, "geometry": { "type": "Polygon", "coordinates": [ [ [ 23.928893152000057, 48.552318237000065 ], [ 23.86007904500002, 48.55268975600012 ], [ 23.85844039400007, 48.52241267200003 ], [ 23.807268093000118, 48.44764695900011 ], [ 23.819183800000019, 48.431561410000143 ], [ 23.791688574000034, 48.400210525000091 ], [ 23.736697394000032, 48.365306807000138 ], [ 23.703168758000174, 48.37228318700005 ], [ 23.695059963000062, 48.348089452000124 ], [ 23.66622269700008, 48.338700105000157 ], [ 23.684058911000079, 48.316809863000117 ], [ 23.630629167000109, 48.30133956800006 ], [ 23.57456733600003, 48.222765111000115 ], [ 23.527184964000185, 48.207872793000035 ], [ 23.514425653000046, 48.163443599000118 ], [ 23.553934957000081, 48.13999992600003 ], [ 23.529854964000094, 48.11769563200005 ], [ 23.467661804000159, 48.111981067000158 ], [ 23.438805431999981, 48.069987836000109 ], [ 23.44622372200007, 48.044951735000097 ], [ 23.566460252000184, 48.002896823000185 ], [ 23.61702705600004, 48.008244084000012 ], [ 23.666896348000137, 47.983806602000072 ], [ 23.771145926000145, 47.995880052000189 ], [ 23.819466027000033, 47.982383366000079 ], [ 23.863496288000078, 47.931978453 ], [ 23.939328164000187, 47.94740541900012 ], [ 23.959475621000138, 47.966399158000058 ], [ 23.963518530000101, 47.98892621900012 ], [ 23.93364795500014, 47.985875565000129 ], [ 23.892126727000118, 48.044681454000056 ], [ 23.940834388000098, 48.052697021000029 ], [ 23.919235005000075, 48.108320615000025 ], [ 23.996087064999983, 48.183450735000122 ], [ 23.965003871000135, 48.200538672000107 ], [ 24.016643042000055, 48.200040836000085 ], [ 24.035069777000103, 48.262279760000126 ], [ 24.066411319, 48.250181684000097 ], [ 24.089252357000191, 48.273526943000149 ], [ 24.109337940000046, 48.254042651000077 ], [ 24.147477056000184, 48.275492069000052 ], [ 24.165441408999982, 48.304705461000083 ], [ 24.14498607500002, 48.320404761000191 ], [ 24.179606412000055, 48.374742329000128 ], [ 24.148169671000176, 48.388921997000068 ], [ 24.145422187000065, 48.434530480000149 ], [ 24.125027861000149, 48.453194087000099 ], [ 24.140236308000055, 48.480858226000123 ], [ 24.114154608000149, 48.498417705000179 ], [ 24.131518607000032, 48.529016725000133 ], [ 24.112076517000048, 48.534172906000151 ], [ 24.032113796000033, 48.500808368000037 ], [ 24.002825757000153, 48.506500764000123 ], [ 23.963123846000087, 48.457889218000162 ], [ 23.910995900000046, 48.474791037000045 ], [ 23.924770743000124, 48.513017178000155 ], [ 23.914221752000117, 48.533432632000029 ], [ 23.928893152000057, 48.552318237000065 ] ] ] } },
{ "type": "Feature", "properties": { "pcode": "UA2110", "name": "Uzhhorodskyi", "oblast_pcode": "UA21", "oblast": "Zakarpatska", "area_sqkm": 2359.4620108399999, "city_pop": 113889.0, "pop": 328699, "included": true }, "geometry": { "type": "Polygon", "coordinates": [ [ [ 22.583357877000026, 49.097026129000028 ], [ 22.553132601000129, 49.079479135000156 ], [ 22.545451173000117, 49.006751808000161 ], [ 22.47727384600006, 48.991135037000049 ], [ 22.424741058, 48.929219094000018 ], [ 22.421021709000058, 48.88452090300018 ], [ 22.383570546999977, 48.865484582000079 ], [ 22.387535141000114, 48.799986335000142 ], [ 22.345508987000073, 48.766097734000084 ], [ 22.361729984000078, 48.730174502000182 ], [ 22.339595767, 48.684005030000151 ], [ 22.250249408000059, 48.647426833000111 ], [ 22.171304575000022, 48.587492105000138 ], [ 22.142589175000182, 48.404245853000191 ], [ 22.207063460000143, 48.425667904000136 ], [ 22.264643430000149, 48.410108262000051 ], [ 22.240028829000039, 48.386257810000188 ], [ 22.299671297000145, 48.353449964999982 ], [ 22.345449993000159, 48.377223531000084 ], [ 22.342074419000085, 48.406040554000072 ], [ 22.361031580000031, 48.402613648000056 ], [ 22.365125365999972, 48.378815054000029 ], [ 22.393873377000148, 48.392385838000052 ], [ 22.481889670000044, 48.373791208000057 ], [ 22.475435189000052, 48.385967258000107 ], [ 22.502577217000123, 48.404010461000098 ], [ 22.466478303000031, 48.410151976000122 ], [ 22.36185722200014, 48.475159361000124 ], [ 22.402093593000131, 48.490349040000069 ], [ 22.47211448600018, 48.480436469000097 ], [ 22.509838380000076, 48.495959025000161 ], [ 22.557937052, 48.481592696000121 ], [ 22.583235455000022, 48.511366827000131 ], [ 22.554692799000065, 48.531021275000057 ], [ 22.549291427000071, 48.559640608000052 ], [ 22.628006354999968, 48.57729412700013 ], [ 22.67702301200012, 48.650187263000078 ], [ 22.727984229000072, 48.631448916000124 ], [ 22.788249595000025, 48.633706025000095 ], [ 22.819119760000092, 48.611973492000061 ], [ 22.85870062500004, 48.622630443000162 ], [ 22.848686106, 48.682771505000119 ], [ 22.870204909000165, 48.748869097000181 ], [ 22.896106611000107, 48.763981306000119 ], [ 22.879796740000188, 48.786114872000041 ], [ 22.881990178000137, 48.827981221000073 ], [ 22.833423310000171, 48.87783753500014 ], [ 22.860261569000045, 48.898990610000055 ], [ 22.859606259000032, 48.917742419000035 ], [ 22.886041536000164, 48.924737776000143 ], [ 22.873236284000029, 48.956792937000046 ], [ 22.918963199000132, 48.969653943000139 ], [ 22.914141820000111, 48.989094966000096 ], [ 22.89767230800004, 49.004957097999977 ], [ 22.846983162000186, 49.002370350000035 ], [ 22.833461126000088, 49.025936342000136 ], [ 22.771842911000192, 49.05206391300004 ], [ 22.680112620000159, 49.039341575000037 ], [ 22.583357877000026, 49.097026129000028 ] ] ] } },
{ "type": "Feature", "properties": { "pcode": "UA2112", "name": "Khustskyi", "oblast_pcode": "UA21", "oblast": "Zakarpatska", "area_sqkm": 3175.89892912, "city_pop": 0.0, "pop": 235634, "included": true }, "geometry": { "type": "MultiPolygon", "coordinates": [ [ [ [ 23.396819758000106, 48.732935394000151 ], [ 23.359245130000147, 48.772683926000013 ], [ 23.317295830000091, 48.753539738000029 ], [ 23.313779212999975, 48.727823623000063 ], [ 23.290235380000183, 48.716399295000031 ], [ 23.290605097000139, 48.688319408000041 ], [ 23.24835304100003, 48.651628591000133 ], [ 23.164378884000143, 48.636081620000141 ], [ 23.178555142000164, 48.627022987000146 ], [ 23.166158579000012, 48.6140168 ], [ 23.138451634000035, 48.62608194600017 ], [ 23.164810267, 48.610468222000065 ], [ 23.193555839000055, 48.61968098400007 ], [ 23.19887700400011, 48.609142745000042 ], [ 23.195048062000183, 48.585447518000194 ], [ 23.154839413000161, 48.555912898000031 ], [ 23.153422708999983, 48.503125475000161 ], [ 23.170779189000086, 48.476267066000048 ], [ 23.142926835000026, 48.444874512000183 ], [ 22.980577497000183, 48.495785286000057 ], [ 22.920411533000049, 48.451749348000192 ], [ 22.911766431000103, 48.422987717000126 ], [ 22.883059597000056, 48.432904738000104 ], [ 22.896285950000106, 48.449090344000126 ], [ 22.850967325000056, 48.437805614000069 ], [ 22.879524408000066, 48.409930475000181 ], [ 22.912854905000131, 48.405941453000139 ], [ 22.948760913000058, 48.343977307000159 ], [ 22.992779296000151, 48.333264502000077 ], [ 22.991812129000152, 48.317091689000165 ], [ 23.026935861000027, 48.297979038000165 ], [ 23.032943832000171, 48.279317547 ], [ 22.979097946000024, 48.286017029000107 ], [ 22.946129191000068, 48.249563999000031 ], [ 23.035522341999979, 48.273350531000119 ], [ 23.059168163999971, 48.254487485000084 ], [ 23.062659390000192, 48.221994096 ], [ 23.092849639000121, 48.220622321000121 ], [ 23.102907837000146, 48.242622891000053 ], [ 23.205184304000056, 48.162536708000118 ], [ 23.263781688000051, 48.15231776800016 ], [ 23.261149168000031, 48.108096113000101 ], [ 23.29190971800017, 48.073492185000077 ], [ 23.276409435000119, 48.059686926000097 ], [ 23.287915768000119, 48.046750772 ], [ 23.334067493000191, 48.037958144000129 ], [ 23.332138081000039, 48.020504291000066 ], [ 23.416878439000016, 47.986603040000034 ], [ 23.500968857000089, 47.968658725000068 ], [ 23.528445326, 48.022559552000189 ], [ 23.452367875000107, 48.040435387000173 ], [ 23.438805431999981, 48.069987836000109 ], [ 23.470323360000123, 48.114197480000144 ], [ 23.5477597040001, 48.128415395000161 ], [ 23.553934957000081, 48.13999992600003 ], [ 23.527869037000016, 48.145692065000048 ], [ 23.510362938000071, 48.175959328000147 ], [ 23.527184964000185, 48.207872793000035 ], [ 23.57456733600003, 48.222765111000115 ], [ 23.630629167000109, 48.30133956800006 ], [ 23.684058911000079, 48.316809863000117 ], [ 23.66622269700008, 48.338700105000157 ], [ 23.695059963000062, 48.348089452000124 ], [ 23.703168758000174, 48.37228318700005 ], [ 23.736697394000032, 48.365306807000138 ], [ 23.791688574000034, 48.400210525000091 ], [ 23.864761791999967, 48.540997070000117 ], [ 23.835466221000161, 48.579427581000061 ], [ 23.792108953000138, 48.591751632000069 ], [ 23.788961487000108, 48.640660579000155 ], [ 23.706621934000054, 48.638669564 ], [ 23.625986883000053, 48.706533733000128 ], [ 23.51173798200017, 48.73474654600011 ], [ 23.471065581000175, 48.718352931000027 ], [ 23.396819758000106, 48.732935394000151 ] ] ], [ [ [ 22.910903798000049, 48.249889037000116 ], [ 22.900320382000132, 48.238311077000162 ], [ 22.917859906000047, 48.242979257000059 ], [ 22.910903798000049, 48.249889037000116 ] ] ] ] } },
{ "type": "Feature", "properties": { "pcode": "UA2302", "name": "Berdianskyi", "oblast_pcode": "UA23", "oblast": "Zaporizka", "area_sqkm": 4458.4575266000002, "city_pop": 106526.0, "pop": 180351, "included": true }, "geometry": { "type": "MultiPolygon", "coordinates": [ [ [ [ 36.170145932000082, 47.327592792000132 ], [ 36.001283241000124, 47.341892434000044 ], [ 35.968453414000123, 47.301527806000195 ], [ 36.008044246999987, 47.245305487000167 ], [ 35.997635344000059, 47.197328365000146 ], [ 35.833174595000173, 47.193957541000145 ], [ 35.837054358000103, 47.164589349000039 ], [ 35.866283398, 47.143286371000102 ], [ 35.861162628000159, 47.084871954999983 ], [ 35.916616958000134, 47.08766501000008 ], [ 35.91901729500006, 47.067695518000164 ], [ 35.949930125000037, 47.069096592000108 ], [ 35.963064750000115, 47.043826716000012 ], [ 35.991922655000167, 47.0376961340001 ], [ 35.981812074000175, 46.975715889000128 ], [ 36.068065381, 46.985174486000119 ], [ 36.057794355000169, 46.91835307700012 ], [ 35.987882427000159, 46.904997631000185 ], [ 35.983614681000176, 46.869224887000087 ], [ 36.060833613000113, 46.893728474000056 ], [ 36.144160438000142, 46.872275157000047 ], [ 36.083810365000147, 46.850365742000122 ], [ 36.091814430999989, 46.821649702000173 ], [ 36.025733811000123, 46.808882023000081 ], [ 36.029675601000122, 46.755250125000089 ], [ 35.961776126000075, 46.746039587000041 ], [ 35.967339339000034, 46.723729324000033 ], [ 35.901564164000092, 46.720894498000121 ], [ 35.914217562000033, 46.669044946000156 ], [ 36.104926785000089, 46.658556705000194 ], [ 36.195547063000049, 46.670484052000177 ], [ 36.24897046500007, 46.63732173000011 ], [ 36.25811542200006, 46.596009308000134 ], [ 36.266966643000103, 46.626918976000184 ], [ 36.272209207000117, 46.612260903000163 ], [ 36.277319802000079, 46.621984375000181 ], [ 36.270219219000126, 46.634539134000079 ], [ 36.294636914000137, 46.638856560000079 ], [ 36.271812982000085, 46.651787808000108 ], [ 36.296341704000099, 46.641341584000145 ], [ 36.290057306000108, 46.631789811000033 ], [ 36.286521982000124, 46.629992678000121 ], [ 36.282133286000089, 46.620977450999987 ], [ 36.279319736, 46.620201361000113 ], [ 36.27118866800015, 46.605904913000074 ], [ 36.252462329000139, 46.585488169000087 ], [ 36.25267247700009, 46.582560319000152 ], [ 36.222348216000114, 46.549054199000011 ], [ 36.171143293000057, 46.52338564300004 ], [ 36.152844090000087, 46.541656198000112 ], [ 36.148133882000081, 46.507646220000083 ], [ 36.10432371100012, 46.490797309000129 ], [ 36.171959951000133, 46.500059156000077 ], [ 36.226008253000145, 46.551161125000078 ], [ 36.252184009000189, 46.581341542000132 ], [ 36.270549532000189, 46.604029057000105 ], [ 36.301796058000036, 46.645465880000188 ], [ 36.326452227000061, 46.671751659000165 ], [ 36.371721920000141, 46.706797515000176 ], [ 36.614557407000177, 46.778528006000101 ], [ 36.720799022000051, 46.779250946000047 ], [ 36.81000351900019, 46.732712716000094 ], [ 36.829782852000108, 46.702336971000022 ], [ 36.810642092000194, 46.6740876020001 ], [ 36.78008804600006, 46.657407882000086 ], [ 36.77830484600014, 46.645919121000077 ], [ 36.769989291000172, 46.6418624800001 ], [ 36.761535131000016, 46.643280399999981 ], [ 36.761779476000072, 46.657950282000172 ], [ 36.757948454000029, 46.656266717000051 ], [ 36.75055588000015, 46.632588231000057 ], [ 36.770830239000134, 46.633820596000135 ], [ 36.816054928000028, 46.677791412000147 ], [ 36.901458220000166, 46.812551446000043 ], [ 36.987319412000033, 46.863484941000138 ], [ 37.062548086000106, 46.884006736 ], [ 37.021417722000081, 46.927924233000169 ], [ 37.141242849000037, 46.98186374300019 ], [ 37.089449895000087, 47.007460270000195 ], [ 37.124883467000188, 47.039180985000144 ], [ 37.098603947000072, 47.059349592000103 ], [ 37.081092346000048, 47.047517148000054 ], [ 36.985820539000088, 47.07948164700008 ], [ 37.012728720000041, 47.089403958999981 ], [ 37.001610913000036, 47.127621831000056 ], [ 36.98341523900018, 47.124429078000105 ], [ 36.948637809000047, 47.159265331000086 ], [ 36.888503854000191, 47.170736440000042 ], [ 36.854367195, 47.199329516000091 ], [ 36.679340056000058, 47.197992654000132 ], [ 36.663176604000114, 47.188448103000098 ], [ 36.668253178000043, 47.14485789400004 ], [ 36.489703574000032, 47.115848486000175 ], [ 36.481721176000178, 47.178699837000124 ], [ 36.401494181000146, 47.174622207000084 ], [ 36.447542108000164, 47.22173620000018 ], [ 36.433525075000091, 47.263121454000157 ], [ 36.370162014000016, 47.295474395000156 ], [ 36.346419529000116, 47.263224379000064 ], [ 36.328767079999977, 47.26384214400008 ], [ 36.27153349200006, 47.283504667000102 ], [ 36.188748253000085, 47.282253616000048 ], [ 36.170145932000082, 47.327592792000132 ] ] ], [ [ [ 36.218839540000033, 46.557772299000192 ], [ 36.223741103000123, 46.564903873000105 ], [ 36.219496955000182, 46.563075735000041 ], [ 36.218222796000191, 46.559824114000037 ], [ 36.218839540000033, 46.557772299000192 ] ] ], [ [ [ 36.242867464000028, 46.578354139000112 ], [ 36.2432610460001, 46.577797507000071 ], [ 36.244360773000039, 46.579102204000094 ], [ 36.242867464000028, 46.578354139000112 ] ] ], [ [ [ 36.763517636000188, 46.647330700999987 ], [ 36.763300276000166, 46.648276149000083 ], [ 36.762276281000084, 46.647973524000179 ], [ 36.763517636000188, 46.647330700999987 ] ] ], [ [ [ 36.775308477000124, 46.648124004000181 ], [ 36.773481642000036, 46.646870701000125 ], [ 36.775638013000048, 46.647804811000185 ], [ 36.775308477000124, 46.648124004000181 ] ] ], [ [ [ 36.771408256000086, 46.647850317000177 ], [ 36.765104463000114, 46.647554879000097 ], [ 36.76883798300014, 46.642569454000125 ], [ 36.771408256000086, 46.647850317000177 ] ] ], [ [ [ 36.771264943000062, 46.648680848000083 ], [ 36.772365588000071, 46.64887835900015 ], [ 36.771664685000076, 46.650657158000172 ], [ 36.771264943000062, 46.648680848000083 ] ] ], [ [ [ 36.766717355000026, 46.649939751000034 ], [ 36.775394655000127, 46.653996133000135 ], [ 36.775025177000146, 46.654628599000034 ], [ 36.766717355000026, 46.649939751000034 ] ] ], [ [ [ 36.767603359000134, 46.662966678000089 ], [ 36.767438116000051, 46.663755270000138 ], [ 36.765896285999986, 46.660203829000011 ], [ 36.767603359000134, 46.662966678000089 ] ] ], [ [ [ 36.80456994400015, 46.675928062000139 ], [ 36.805856874000028, 46.677551747000109 ], [ 36.804495014000167, 46.677641003000019 ], [ 36.80456994400015, 46.675928062000139 ] ] ], [ [ [ 36.807726318000164, 46.680221326000094 ], [ 36.808648671000185, 46.679015359000061 ], [ 36.809998055000108, 46.680477485000097 ], [ 36.807726318000164, 46.680221326000094 ] ] ], [ [ [ 36.801460503000158, 46.674537353000119 ], [ 36.803466110000102, 46.696819024000092 ], [ 36.807281963000094, 46.703877161000094 ], [ 36.801886875000093, 46.694148083000186 ], [ 36.800692105000167, 46.678407600000128 ], [ 36.800882025000078, 46.675180841000042 ], [ 36.801460503000158, 46.674537353000119 ] ] ], [ [ [ 36.805526159000124, 46.705450407000058 ], [ 36.805438011000092, 46.704211014000123 ], [ 36.806922182000051, 46.70515347700001 ], [ 36.805526159000124, 46.705450407000058 ] ] ] ] } },
{ "type": "Feature", "properties": { "pcode": "UA2304", "name": "Vasylivskyi", "oblast_pcode": "UA23", "oblast": "Zaporizka", "area_sqkm": 4307.6681514800002, "city_pop": 0.0, "pop": 115739, "included": true }, "geometry": { "type": "Polygon", "coordinates": [ [ [ 35.336607044000175, 47.676131073000136 ], [ 35.279458349000038, 47.643703685999981 ], [ 35.281457096000111, 47.60882078700007 ], [ 35.189943026000151, 47.614864618000013 ], [ 35.140335542000059, 47.536864300000104 ], [ 35.068713766000144, 47.509143580000114 ], [ 34.977133959000071, 47.510384295 ], [ 34.94458454700009, 47.52950219700017 ], [ 34.861230102000093, 47.515318740000168 ], [ 34.796796021000091, 47.537194216000046 ], [ 34.582003101000112, 47.562348581000094 ], [ 34.467678616000057, 47.532074434000094 ], [ 34.297497582000062, 47.518518940000092 ], [ 34.139282725000101, 47.477513963000092 ], [ 34.24190541400003, 47.434807124000145 ], [ 34.305402530000038, 47.269110764000118 ], [ 34.330011792000164, 47.290407390000041 ], [ 34.401539715000069, 47.287097616000096 ], [ 34.39897401200011, 47.298331224000037 ], [ 34.419276658000058, 47.30063898200018 ], [ 34.413948895000033, 47.323370186000147 ], [ 34.515650348000179, 47.335590363000051 ], [ 34.517177693000178, 47.318336810000062 ], [ 34.478781021000032, 47.314547897000182 ], [ 34.487936650000051, 47.279892566000115 ], [ 34.518583079000109, 47.283683132000192 ], [ 34.530276230000084, 47.251088983000159 ], [ 34.489902978000032, 47.246832224000116 ], [ 34.516764391000095, 47.118787899000097 ], [ 34.549879089000171, 47.121375186000023 ], [ 34.542477842000153, 47.158543249000047 ], [ 34.594585748000043, 47.163348056000132 ], [ 34.601000775000102, 47.133887204000018 ], [ 34.829145763000099, 47.172274316000085 ], [ 34.87434417500009, 47.133401328000161 ], [ 34.955630387000099, 47.141270948000056 ], [ 34.963113537000027, 47.077782160000027 ], [ 35.139762061999988, 47.090723559000139 ], [ 35.14745313300017, 47.11587895700012 ], [ 35.174333018000141, 47.11900027900009 ], [ 35.173213896999982, 47.151514060000125 ], [ 35.205300894000061, 47.155238814000086 ], [ 35.222206750000112, 47.133597301000123 ], [ 35.264386971000022, 47.138665544000162 ], [ 35.282860423000159, 47.175992848000078 ], [ 35.320407874000068, 47.173843365000153 ], [ 35.322317801000111, 47.202944846000037 ], [ 35.381477324000173, 47.179225221000081 ], [ 35.391751575000171, 47.20209181700011 ], [ 35.490744324000161, 47.160844705000045 ], [ 35.502809343000024, 47.237428974000125 ], [ 35.555315603000167, 47.275814971000159 ], [ 35.577626647000045, 47.266416480000089 ], [ 35.587568074000046, 47.278580408000096 ], [ 35.575345121000055, 47.283474019000039 ], [ 35.605852841000114, 47.312306396999986 ], [ 35.578593954000041, 47.333602317000043 ], [ 35.682249777000038, 47.43345130300014 ], [ 35.58471742800009, 47.451012074000118 ], [ 35.549895753999976, 47.606712901000151 ], [ 35.457889688000137, 47.605295205000061 ], [ 35.46937181200019, 47.618646626000157 ], [ 35.43007833300004, 47.618083598999988 ], [ 35.427984088000187, 47.639238092000028 ], [ 35.349024765000081, 47.658445480000125 ], [ 35.336607044000175, 47.676131073000136 ] ] ] } },
{ "type": "Feature", "properties": { "pcode": "UA2306", "name": "Zaporizkyi", "oblast_pcode": "UA23", "oblast": "Zaporizka", "area_sqkm": 4688.3457946, "city_pop": 706116.0, "pop": 877581, "included": true }, "geometry": { "type": "Polygon", "coordinates": [ [ [ 35.315341401000182, 48.134981196000126 ], [ 35.105167059000109, 48.13100914600011 ], [ 34.989294357000119, 48.089964967000014 ], [ 34.914614319000123, 48.090810133000161 ], [ 34.915585204000081, 48.130392687000153 ], [ 34.855049175000033, 48.132978355000034 ], [ 34.875582212000097, 48.054309455000066 ], [ 34.839345925000146, 48.049007686000039 ], [ 34.846528308000131, 48.01361004600011 ], [ 34.858258504000048, 48.015114484000037 ], [ 34.869369935000066, 47.98228562800017 ], [ 34.904736027000069, 47.985761018000176 ], [ 34.918474125000103, 47.933401747000175 ], [ 34.880847372000176, 47.928831833000061 ], [ 34.868646568000031, 47.940982648000102 ], [ 34.849118106000162, 47.937896072000171 ], [ 34.853057482000168, 47.921561420999979 ], [ 34.801867324, 47.915523121000092 ], [ 34.816802271000029, 47.864547206000168 ], [ 34.861142252000093, 47.880483123000033 ], [ 34.870645859000149, 47.851333576000059 ], [ 34.897407644999987, 47.852697570000089 ], [ 34.903331847000061, 47.829829615000108 ], [ 34.878874450000183, 47.818553135 ], [ 34.893496209000034, 47.760138965000124 ], [ 34.956934754000088, 47.769299746000172 ], [ 34.955882197000108, 47.71242420700014 ], [ 34.92964594200015, 47.711559583000167 ], [ 34.937698019000152, 47.677558335000128 ], [ 34.905516495000029, 47.673993413000176 ], [ 34.941899828000089, 47.601570402000164 ], [ 34.927310097000031, 47.580357075000109 ], [ 34.965178559000151, 47.551129848000073 ], [ 34.94458454700009, 47.52950219700017 ], [ 34.977133959000071, 47.510384295 ], [ 35.068713766000144, 47.509143580000114 ], [ 35.140335542000059, 47.536864300000104 ], [ 35.189943026000151, 47.614864618000013 ], [ 35.281457096000111, 47.60882078700007 ], [ 35.279458349000038, 47.643703685999981 ], [ 35.335928897000088, 47.678236896000044 ], [ 35.349024765000081, 47.658445480000125 ], [ 35.427984088000187, 47.639238092000028 ], [ 35.43007833300004, 47.618083598999988 ], [ 35.46937181200019, 47.618646626000157 ], [ 35.457889688000137, 47.605295205000061 ], [ 35.549895753999976, 47.606712901000151 ], [ 35.56755810400017, 47.576171094000017 ], [ 35.713016456000105, 47.621336842000176 ], [ 35.756594444000086, 47.596907837000117 ], [ 35.797537900000066, 47.673280083000122 ], [ 35.771771641000043, 47.801849644000072 ], [ 35.792178380000166, 47.805290398000182 ], [ 35.787497568000163, 47.829009442000029 ], [ 35.845694670000057, 47.833267355000146 ], [ 35.842006646000073, 47.768878672000142 ], [ 35.952712903000076, 47.75811177800017 ], [ 35.973324382999976, 47.721521729000187 ], [ 36.012479899000027, 47.725042254000073 ], [ 36.007010681000111, 47.765732377000177 ], [ 36.184252443999981, 47.777975907000155 ], [ 36.179120037000132, 47.793838951999987 ], [ 36.206190224000068, 47.805552518000184 ], [ 36.187929809000082, 47.841388993000123 ], [ 36.19650477800019, 47.859315636000019 ], [ 36.073662518000106, 47.847879284000044 ], [ 36.054004306000024, 47.879954091000172 ], [ 36.080607508000071, 47.883298497000112 ], [ 36.086985672000083, 47.86114995000014 ], [ 36.119543657000179, 47.864861900000108 ], [ 36.120077673000139, 47.927937682000106 ], [ 36.108954131000075, 47.941718477000165 ], [ 36.084566712000139, 47.930255336000187 ], [ 36.073391089000154, 47.965053494000074 ], [ 36.051450579, 47.958467299000063 ], [ 36.070841928000164, 47.97214440900018 ], [ 36.061580157000037, 48.001417601000185 ], [ 36.034192591000078, 48.018720835000124 ], [ 36.065195545000051, 48.025125727000159 ], [ 36.052306257000112, 48.058817672000146 ], [ 35.975116065000066, 48.043347639000103 ], [ 35.988517009000077, 48.057998894000036 ], [ 35.971435803000077, 48.060730270000079 ], [ 35.985419613000147, 48.084484123000038 ], [ 35.974771983000039, 48.092585692000057 ], [ 35.816600018000031, 48.065682140000035 ], [ 35.805990574000077, 48.100739699000144 ], [ 35.74280210400002, 48.095684961000075 ], [ 35.703229581000073, 48.140253317000145 ], [ 35.524305184000013, 48.074400437000065 ], [ 35.518910473000176, 48.094848606000085 ], [ 35.420044376000135, 48.100039541000115 ], [ 35.315341401000182, 48.134981196000126 ] ] ] } },
{ "type": "Feature", "properties": { "pcode": "UA2308", "name": "Melitopolskyi", "oblast_pcode": "UA23", "oblast": "Zaporizka", "area_sqkm": 6959.9444063299998, "city_pop": 148698.0, "pop": 267294, "included": true }, "geometry": { "type": "Polygon", "coordinates": [ [ [ 35.376645660000065, 47.181010306000076 ], [ 35.322317801000111, 47.202944846000037 ], [ 35.320407874000068, 47.173843365000153 ], [ 35.282860423000159, 47.175992848000078 ], [ 35.264386971000022, 47.138665544000162 ], [ 35.222206750000112, 47.133597301000123 ], [ 35.205300894000061, 47.155238814000086 ], [ 35.173213896999982, 47.151514060000125 ], [ 35.174333018000141, 47.11900027900009 ], [ 35.14745313300017, 47.11587895700012 ], [ 35.139762061999988, 47.090723559000139 ], [ 35.025564879000171, 47.078589246000035 ], [ 34.963113537000027, 47.077782160000027 ], [ 34.955630387000099, 47.141270948000056 ], [ 34.87434417500009, 47.133401328000161 ], [ 34.829145763000099, 47.172274316000085 ], [ 34.601000775000102, 47.133887204000018 ], [ 34.594585748000043, 47.163348056000132 ], [ 34.542477842000153, 47.158543249000047 ], [ 34.549879089000171, 47.121375186000023 ], [ 34.516764391000095, 47.118787899000097 ], [ 34.51926582100009, 47.104605696000021 ], [ 34.553181299000187, 47.105792914000062 ], [ 34.567141172000163, 47.024495775000105 ], [ 34.592613513000174, 47.025390173000062 ], [ 34.5996534840001, 46.991912118000187 ], [ 34.619187431000114, 46.993528382000136 ], [ 34.623767766000128, 46.973378755000169 ], [ 34.681898420000039, 46.979130609000038 ], [ 34.686377367000148, 46.955680703000098 ], [ 34.736357577000035, 46.961347959000193 ], [ 34.752492191000044, 46.879681470000094 ], [ 34.80457245700012, 46.882547305000173 ], [ 34.81706376700015, 46.828404564000095 ], [ 34.758013725000012, 46.822795557000063 ], [ 34.767447938000032, 46.781055662000142 ], [ 34.750032281000074, 46.780894945999989 ], [ 34.73497784500006, 46.747457234000194 ], [ 34.625151832000086, 46.724034237000126 ], [ 34.63234073700005, 46.686856181999985 ], [ 34.745989988000019, 46.683132692000129 ], [ 34.756106545000137, 46.627103195000075 ], [ 34.712775597000132, 46.620334096000136 ], [ 34.723043035000046, 46.58137081100017 ], [ 34.748038106000024, 46.5841333730001 ], [ 34.757348106000109, 46.550144114000034 ], [ 34.891076293000026, 46.563684636000062 ], [ 34.890248290000159, 46.506752729000141 ], [ 34.947230612000055, 46.512502386000051 ], [ 35.015859858000169, 46.480429217999983 ], [ 35.052720189000127, 46.481588310000177 ], [ 35.073528854000074, 46.299843247000183 ], [ 35.133118557000046, 46.300494948000164 ], [ 35.277658658000064, 46.264447438000104 ], [ 35.452376407000031, 46.440525669000181 ], [ 35.593299911000088, 46.4881593180001 ], [ 35.725513127000113, 46.587548114000128 ], [ 35.91922753200015, 46.659394030000101 ], [ 35.901564164000092, 46.720894498000121 ], [ 35.967339339000034, 46.723729324000033 ], [ 35.961776126000075, 46.746039587000041 ], [ 36.029675601000122, 46.755250125000089 ], [ 36.025733811000123, 46.808882023000081 ], [ 36.091814430999989, 46.821649702000173 ], [ 36.083810365000147, 46.850365742000122 ], [ 36.144160438000142, 46.872275157000047 ], [ 36.060833613000113, 46.893728474000056 ], [ 35.983614681000176, 46.869224887000087 ], [ 35.987882427000159, 46.904997631000185 ], [ 36.057794355000169, 46.91835307700012 ], [ 36.068065381, 46.985174486000119 ], [ 35.981812074000175, 46.975715889000128 ], [ 35.992315266000048, 47.03687522000007 ], [ 35.963064750000115, 47.043826716000012 ], [ 35.949930125000037, 47.069096592000108 ], [ 35.91901729500006, 47.067695518000164 ], [ 35.921574533000125, 47.010715887 ], [ 35.883272476000059, 47.006958728000086 ], [ 35.886389044, 46.992840362000095 ], [ 35.861699518000194, 46.990309129000138 ], [ 35.857791685000052, 47.004919127 ], [ 35.691133191000176, 46.987424398000144 ], [ 35.678909414000145, 47.045636827000124 ], [ 35.623265709000066, 47.101708793000057 ], [ 35.505759829000112, 47.101131680000037 ], [ 35.509580697000047, 47.143730047000076 ], [ 35.450687900000048, 47.15970432600011 ], [ 35.446114692000037, 47.184959809000134 ], [ 35.391751575000171, 47.20209181700011 ], [ 35.376645660000065, 47.181010306000076 ] ] ] } },
{ "type": "Feature", "properties": { "pcode": "UA2310", "name": "Polohivskyi", "oblast_pcode": "UA23", "oblast": "Zaporizka", "area_sqkm": 6765.6510549599998, "city_pop": 0.0, "pop": 196708, "included": true }, "geometry": { "type": "Polygon", "coordinates": [ [ [ 36.587547627, 47.785467372000141 ], [ 36.604372654000088, 47.850594379000086 ], [ 36.474103329000059, 47.824124450000113 ], [ 36.323729618000129, 47.839352425000186 ], [ 36.332555321000029, 47.820743423000067 ], [ 36.298548158000074, 47.81588350200019 ], [ 36.275339523000127, 47.815348743000072 ], [ 36.265888933000099, 47.833336218000056 ], [ 36.197693053000194, 47.832771870000101 ], [ 36.206860836000146, 47.80754567200006 ], [ 36.179120037000132, 47.793838951999987 ], [ 36.184252443999981, 47.777975907000155 ], [ 36.007010681000111, 47.765732377000177 ], [ 36.012479899000027, 47.725042254000073 ], [ 35.973324382999976, 47.721521729000187 ], [ 35.952712903000076, 47.75811177800017 ], [ 35.842006646000073, 47.768878672000142 ], [ 35.845694670000057, 47.833267355000146 ], [ 35.787497568000163, 47.829009442000029 ], [ 35.792178380000166, 47.805290398000182 ], [ 35.771771641000043, 47.801849644000072 ], [ 35.797537900000066, 47.673280083000122 ], [ 35.756594444000086, 47.596907837000117 ], [ 35.713016456000105, 47.621336842000176 ], [ 35.555564389000153, 47.580142529999989 ], [ 35.58471742800009, 47.451012074000118 ], [ 35.682249777000038, 47.43345130300014 ], [ 35.578593954000041, 47.333602317000043 ], [ 35.605852841000114, 47.312306396999986 ], [ 35.575345121000055, 47.283474019000039 ], [ 35.587568074000046, 47.278580408000096 ], [ 35.577626647000045, 47.266416480000089 ], [ 35.555315603000167, 47.275814971000159 ], [ 35.502809343000024, 47.237428974000125 ], [ 35.490744324000161, 47.160844705000045 ], [ 35.45666462100013, 47.169913198000131 ], [ 35.450687900000048, 47.15970432600011 ], [ 35.509224166000138, 47.144169776000126 ], [ 35.505759829000112, 47.101131680000037 ], [ 35.623265709000066, 47.101708793000057 ], [ 35.678909414000145, 47.045636827000124 ], [ 35.691133191000176, 46.987424398000144 ], [ 35.857791685000052, 47.004919127 ], [ 35.861699518000194, 46.990309129000138 ], [ 35.886389044, 46.992840362000095 ], [ 35.883272476000059, 47.006958728000086 ], [ 35.921574533000125, 47.010715887 ], [ 35.916616958000134, 47.08766501000008 ], [ 35.861162628000159, 47.084871954999983 ], [ 35.866283398, 47.143286371000102 ], [ 35.837054358000103, 47.164589349000039 ], [ 35.833174595000173, 47.193957541000145 ], [ 35.997635344000059, 47.197328365000146 ], [ 36.008044246999987, 47.245305487000167 ], [ 35.968453414000123, 47.301527806000195 ], [ 36.001283241000124, 47.341892434000044 ], [ 36.170145932000082, 47.327592792000132 ], [ 36.188748253000085, 47.282253616000048 ], [ 36.220395525000072, 47.277428258000157 ], [ 36.27153349200006, 47.283504667000102 ], [ 36.346419529000116, 47.263224379000064 ], [ 36.370162014000016, 47.295474395000156 ], [ 36.433525075000091, 47.263121454000157 ], [ 36.447542108000164, 47.22173620000018 ], [ 36.401494181000146, 47.174622207000084 ], [ 36.481721176000178, 47.178699837000124 ], [ 36.489703574000032, 47.115848486000175 ], [ 36.668253178000043, 47.14485789400004 ], [ 36.663176604000114, 47.188448103000098 ], [ 36.679340056000058, 47.197992654000132 ], [ 36.96237230800017, 47.201696773000094 ], [ 36.926151523000044, 47.319343223000146 ], [ 37.026600286000075, 47.314652655000145 ], [ 37.036210653000069, 47.299994603000073 ], [ 37.122011357000076, 47.340347182000073 ], [ 37.106150795000133, 47.375818683000034 ], [ 37.141820536000125, 47.379836726000065 ], [ 37.161828143000093, 47.341376824 ], [ 37.203508482000188, 47.355829927000116 ], [ 37.194626573999983, 47.373278418000098 ], [ 37.244555089000073, 47.46853846900018 ], [ 37.189420011000038, 47.468942053000148 ], [ 37.196073120000165, 47.478919593000057 ], [ 37.17967605500013, 47.483537002000105 ], [ 37.157492741000169, 47.454745415000048 ], [ 37.074215406000178, 47.493596960000048 ], [ 37.020980351000048, 47.552783076000082 ], [ 37.00152449400008, 47.538973542000178 ], [ 36.944430559000068, 47.575869381000018 ], [ 36.893104428000186, 47.544969933000118 ], [ 36.830159391000109, 47.624232160000076 ], [ 36.748001350000152, 47.606504240000163 ], [ 36.745201366000117, 47.621726502000058 ], [ 36.765708999000083, 47.63410680200019 ], [ 36.725047620000055, 47.631057407000185 ], [ 36.717985996000039, 47.659273922000068 ], [ 36.775448620000077, 47.66434910900017 ], [ 36.791360398000165, 47.684592654000085 ], [ 36.713260225000056, 47.678343383000026 ], [ 36.671401719000016, 47.793185828000162 ], [ 36.587547627, 47.785467372000141 ] ] ] } },
{ "type": "Feature", "properties": { "pcode": "UA2602", "name": "Verkhovynskyi", "oblast_pcode": "UA26", "oblast": "Ivano-Frankivska", "area_sqkm": 1254.4197225800001, "city_pop": 0.0, "pop": 40412, "included": true }, "geometry": { "type": "Polygon", "coordinates": [ [ [ 24.717307138000081, 48.275305385000081 ], [ 24.662577928000019, 48.257393100000115 ], [ 24.68750631600011, 48.238322289 ], [ 24.634232049000104, 48.183565476000126 ], [ 24.642551068000159, 48.177103713000065 ], [ 24.628263934000017, 48.168073089000188 ], [ 24.643074517000059, 48.159523951000153 ], [ 24.600062156000035, 48.160803514000065 ], [ 24.554645789000062, 48.117973346000099 ], [ 24.627089478000187, 48.047176135000143 ], [ 24.574538898000128, 48.014291569000079 ], [ 24.562720914000181, 47.968457920000048 ], [ 24.597262108000166, 47.946287004000055 ], [ 24.62838810400018, 47.948087004000115 ], [ 24.63536510400013, 47.924534004000179 ], [ 24.673861101000057, 47.896463004000168 ], [ 24.671037100000035, 47.865647004000039 ], [ 24.706316095000034, 47.840242004000174 ], [ 24.827946085000178, 47.820494003000192 ], [ 24.836430084000028, 47.779627003000144 ], [ 24.878570081000191, 47.752592002000142 ], [ 24.883215079000081, 47.724275003000116 ], [ 24.92233295800014, 47.726808067999968 ], [ 24.946669138, 47.794250954000177 ], [ 24.997323503000132, 47.855600663000075 ], [ 24.956533926000191, 47.879159223000102 ], [ 24.944518508000044, 47.897904290000042 ], [ 24.961257575000104, 47.903989240000101 ], [ 24.957044727999971, 47.920009108999977 ], [ 24.919204813000192, 47.946519150000086 ], [ 24.928921027000115, 47.953905736000195 ], [ 24.914447649000067, 47.968605612000033 ], [ 24.911378018000164, 48.02689680300017 ], [ 24.994203928000047, 48.086529388000088 ], [ 24.980071093000163, 48.111893886000132 ], [ 25.036586001000103, 48.11171 ], [ 25.083753830999967, 48.161199642000156 ], [ 25.038164252000058, 48.173072445000116 ], [ 25.021114598000167, 48.201756954000189 ], [ 24.976679725000054, 48.200075100999982 ], [ 24.963664661000166, 48.223143922000133 ], [ 24.919438329000172, 48.212627727000154 ], [ 24.902328979000117, 48.192998673000147 ], [ 24.840942384000186, 48.226032686000053 ], [ 24.78865676300012, 48.220198024000069 ], [ 24.760892950000027, 48.26647373000003 ], [ 24.717307138000081, 48.275305385000081 ] ] ] } },
{ "type": "Feature", "properties": { "pcode": "UA2604", "name": "Ivano-Frankivskyi", "oblast_pcode": "UA26", "oblast": "Ivano-Frankivska", "area_sqkm": 3888.6236948199999, "city_pop": 235343.0, "pop": 649969, "included": true }, "geometry": { "type": "Polygon", "coordinates": [ [ [ 24.479766072000132, 49.559162486000105 ], [ 24.434474354000088, 49.536705855000037 ], [ 24.446219967000161, 49.507284864000098 ], [ 24.402251782000121, 49.495720245000086 ], [ 24.417848292000031, 49.473702043000117 ], [ 24.410404233000065, 49.444875778000039 ], [ 24.37012459400006, 49.42986570700009 ], [ 24.387131293000039, 49.395154928000181 ], [ 24.436895892000052, 49.380509075000134 ], [ 24.390833289000113, 49.3539529520001 ], [ 24.401623102000144, 49.339008921000072 ], [ 24.380524582000078, 49.307996059000175 ], [ 24.358522672000049, 49.322259970000118 ], [ 24.301701988000161, 49.315941173000169 ], [ 24.299328468000056, 49.287892753000051 ], [ 24.363890728000115, 49.280352750000134 ], [ 24.340354016999981, 49.242065801000138 ], [ 24.348306258000093, 49.232520589000103 ], [ 24.459652327000128, 49.232680011000127 ], [ 24.51001541300019, 49.216421855000192 ], [ 24.528251374000092, 49.22603762600005 ], [ 24.550322259999973, 49.196541512000067 ], [ 24.576847966000059, 49.194485338000163 ], [ 24.559685702000081, 49.180626211000174 ], [ 24.514213208000172, 49.182081731000153 ], [ 24.503640280000184, 49.162465429000122 ], [ 24.551193977000082, 49.139420542000039 ], [ 24.560471021000126, 49.089308353000035 ], [ 24.533669925000027, 49.051396324000166 ], [ 24.571987911000178, 49.035540178000019 ], [ 24.396393617000115, 48.864017862000082 ], [ 24.371852687000114, 48.869853566000074 ], [ 24.291339522000044, 48.770528732000059 ], [ 24.29802104900017, 48.761972191000041 ], [ 24.245088577000104, 48.752903614000161 ], [ 24.258466844999987, 48.728315813000108 ], [ 24.188778881000076, 48.688551118000021 ], [ 24.142212761000053, 48.639619591000042 ], [ 24.104275708000046, 48.645192812000118 ], [ 24.1014817410001, 48.567682350000041 ], [ 24.130763549000108, 48.543464157000187 ], [ 24.125456381999982, 48.532949494000036 ], [ 24.205889999000078, 48.525527005000072 ], [ 24.27686883399997, 48.594162604000076 ], [ 24.374018356000136, 48.617209664000086 ], [ 24.372466228000178, 48.632915027000195 ], [ 24.469044611000072, 48.645452434000106 ], [ 24.481779410000115, 48.682032287000084 ], [ 24.521943825000051, 48.679823642000031 ], [ 24.542995511000129, 48.700767091000159 ], [ 24.580419398000117, 48.685977870000102 ], [ 24.550347240000121, 48.722507640000117 ], [ 24.594358198000066, 48.711174437000068 ], [ 24.628478396, 48.727998420000063 ], [ 24.641992193000192, 48.756270022000137 ], [ 24.724840336000057, 48.738980235000156 ], [ 24.755854140000167, 48.76616015400009 ], [ 24.742433009000024, 48.771456957000055 ], [ 24.768121268000129, 48.766476258000125 ], [ 24.809729684999979, 48.792696635000084 ], [ 24.894304128000044, 48.758435444999975 ], [ 24.921918755000036, 48.768194619000099 ], [ 24.980663718000073, 48.727828262000173 ], [ 25.002327871000148, 48.737233167000056 ], [ 24.976508352000167, 48.755366398000149 ], [ 24.981195958000058, 48.763078655000129 ], [ 24.999584432000063, 48.741066312000044 ], [ 25.040404117000037, 48.730004788000144 ], [ 25.09434501100003, 48.674695439000175 ], [ 25.177324063000128, 48.642581639000127 ], [ 25.223174105000169, 48.650978566000106 ], [ 25.242416319000142, 48.681393099000104 ], [ 25.209621110000114, 48.710836150000034 ], [ 25.261998235000135, 48.734694079000121 ], [ 25.223890851000135, 48.782282420000172 ], [ 25.242752338000116, 48.794169313000054 ], [ 25.238738819000162, 48.81237403300014 ], [ 25.315947692000066, 48.827488285000129 ], [ 25.324066318000121, 48.845311828000035 ], [ 25.292144174000157, 48.844961308 ], [ 25.262076262000107, 48.866747330000123 ], [ 25.209193665000043, 48.847293466000053 ], [ 25.232964525000057, 48.932271033000063 ], [ 25.190582731000063, 48.926791882000146 ], [ 25.198159984000029, 48.914694159000021 ], [ 25.167303985999979, 48.893558843000108 ], [ 25.165158849000022, 48.865937004000045 ], [ 25.136656493000032, 48.874891926000089 ], [ 25.118206781000083, 48.923966329 ], [ 25.147252625000135, 48.943912828000066 ], [ 25.108487384000171, 48.965189048000127 ], [ 25.113860489000047, 48.996984108000049 ], [ 25.08763797600011, 48.979633733000014 ], [ 25.017628611000134, 49.011331923000171 ], [ 24.965618646999985, 48.992330224999989 ], [ 24.969542507000142, 49.011249488000146 ], [ 24.902992149000056, 49.054518725000094 ], [ 24.916308291000178, 49.083007177000013 ], [ 24.991130555000041, 49.071292906000053 ], [ 24.973682841000027, 49.082527028000186 ], [ 24.985571876000108, 49.11670477600012 ], [ 24.899931653000181, 49.128898082000035 ], [ 24.856439217000116, 49.163639869000178 ], [ 24.857831860000147, 49.178621145000193 ], [ 24.933998295000151, 49.232218523000142 ], [ 24.8434921220001, 49.262698408000119 ], [ 24.828689000999987, 49.320486999000195 ], [ 24.859414191000099, 49.346575206000068 ], [ 24.833723, 49.362806 ], [ 24.828855552, 49.385533770000109 ], [ 24.778361066000059, 49.381225198000152 ], [ 24.770891000000177, 49.431585 ], [ 24.720709275000104, 49.496901694000087 ], [ 24.63851715200019, 49.497649141000181 ], [ 24.573330526000177, 49.534309220000068 ], [ 24.519379179999987, 49.521520321000139 ], [ 24.50758012600005, 49.535511701000132 ], [ 24.521769292000045, 49.542233390000035 ], [ 24.479766072000132, 49.559162486000105 ] ] ] } },
{ "type": "Feature", "properties": { "pcode": "UA2606", "name": "Kaluskyi", "oblast_pcode": "UA26", "oblast": "Ivano-Frankivska", "area_sqkm": 3567.8912182399999, "city_pop": 0.0, "pop": 229540, "included": true }, "geometry": { "type": "Polygon", "coordinates": [ [ [ 24.528251374000092, 49.22603762600005 ], [ 24.448756480000156, 49.231230151000091 ], [ 24.435105350000072, 49.173744552000187 ], [ 24.357050389000165, 49.185871782000106 ], [ 24.234005351, 49.143618021000179 ], [ 24.207364099000188, 49.14829985800003 ], [ 24.198079132000146, 49.138761278000061 ], [ 24.21284929899997, 49.133293141000138 ], [ 24.171871910000107, 49.143732225 ], [ 24.155043636000073, 49.128003558000103 ], [ 24.083379080000157, 49.148786080000093 ], [ 24.020546680000052, 49.117160005000187 ], [ 23.969603635000055, 49.137735967000026 ], [ 23.905946644000039, 49.099212065000017 ], [ 23.759227285000122, 49.122152230000154 ], [ 23.725613921000047, 49.096101325000063 ], [ 23.699140892000173, 49.100728441000115 ], [ 23.676824983000131, 49.075030362000064 ], [ 23.687776039000141, 49.065753652000069 ], [ 23.672845999000117, 49.035941001000083 ], [ 23.621892743000046, 49.025393664000035 ], [ 23.624680000000183, 49.013831 ], [ 23.565752655000153, 48.974633419000043 ], [ 23.585801000000117, 48.953262 ], [ 23.562784, 48.910133 ], [ 23.577777532000084, 48.886459925 ], [ 23.607756999000173, 48.878129 ], [ 23.575883487000112, 48.86660388100006 ], [ 23.551508250000097, 48.822472235000077 ], [ 23.57899821500007, 48.784464535000154 ], [ 23.544620797000164, 48.74071641 ], [ 23.54821425300014, 48.725116597000067 ], [ 23.630154737999987, 48.704397854000092 ], [ 23.637346265000019, 48.684287154 ], [ 23.705105956000068, 48.639123176000055 ], [ 23.788961487000108, 48.640660579000155 ], [ 23.792108953000138, 48.591751632000069 ], [ 23.835466221000161, 48.579427581000061 ], [ 23.857390253000119, 48.552735015000053 ], [ 23.906787929000131, 48.562972168000044 ], [ 23.928893152000057, 48.552318237000065 ], [ 23.907428119000144, 48.482312425000089 ], [ 23.925027514000135, 48.465289732000031 ], [ 23.965365, 48.458333894000191 ], [ 24.002825757000153, 48.506500764000123 ], [ 24.03431122000012, 48.501281342000084 ], [ 24.125456381999982, 48.532949494000036 ], [ 24.130763549000108, 48.543464157000187 ], [ 24.1014817410001, 48.567682350000041 ], [ 24.104275708000046, 48.645192812000118 ], [ 24.140974503000109, 48.63897645500009 ], [ 24.188778881000076, 48.688551118000021 ], [ 24.237935920000098, 48.711287845000015 ], [ 24.258466844999987, 48.728315813000108 ], [ 24.245088577000104, 48.752903614000161 ], [ 24.29802104900017, 48.761972191000041 ], [ 24.291339522000044, 48.770528732000059 ], [ 24.371852687000114, 48.869853566000074 ], [ 24.396393617000115, 48.864017862000082 ], [ 24.514903071000106, 48.96980799500011 ], [ 24.53665889600012, 48.994845903000169 ], [ 24.529738054, 49.007758860000195 ], [ 24.5648936, 49.019091067000147 ], [ 24.557503020000127, 49.030714159000127 ], [ 24.570754378000174, 49.036908325000184 ], [ 24.533669925000027, 49.051396324000166 ], [ 24.560471021000126, 49.089308353000035 ], [ 24.551193977000082, 49.139420542000039 ], [ 24.503640280000184, 49.162465429000122 ], [ 24.514213208000172, 49.182081731000153 ], [ 24.559685702000081, 49.180626211000174 ], [ 24.576847966000059, 49.194485338000163 ], [ 24.550322259999973, 49.196541512000067 ], [ 24.528251374000092, 49.22603762600005 ] ] ] } },
{ "type": "Feature", "properties": { "pcode": "UA2608", "name": "Kolomyiskyi", "oblast_pcode": "UA26", "oblast": "Ivano-Frankivska", "area_sqkm": 2477.1333657499999, "city_pop": 0.0, "pop": 252170, "included": true }, "geometry": { "type": "Polygon", "coordinates": [ [ [ 25.45499817000001, 48.831020547000037 ], [ 25.46928838000008, 48.856905455000174 ], [ 25.434762240000111, 48.872190378000028 ], [ 25.43380501300004, 48.843782985000132 ], [ 25.353096395000023, 48.859439093000049 ], [ 25.344661055000188, 48.837539932000027 ], [ 25.24530157300012, 48.818495088000077 ], [ 25.242752338000116, 48.794169313000054 ], [ 25.223890851000135, 48.782282420000172 ], [ 25.261998235000135, 48.734694079000121 ], [ 25.209621110000114, 48.710836150000034 ], [ 25.242416319000142, 48.681393099000104 ], [ 25.223174105000169, 48.650978566000106 ], [ 25.177324063000128, 48.642581639000127 ], [ 25.071215107000114, 48.688298181000164 ], [ 25.040404117000037, 48.730004788000144 ], [ 24.999584432000063, 48.741066312000044 ], [ 24.981195958000058, 48.763078655000129 ], [ 25.002327871000148, 48.737233167000056 ], [ 24.980663718000073, 48.727828262000173 ], [ 24.921918755000036, 48.768194619000099 ], [ 24.894304128000044, 48.758435444999975 ], [ 24.819860318000053, 48.791633361000038 ], [ 24.768121268000129, 48.766476258000125 ], [ 24.744991221000134, 48.773002018000057 ], [ 24.755854140000167, 48.76616015400009 ], [ 24.743118382000148, 48.746876751000173 ], [ 24.712793347000058, 48.736806602000172 ], [ 24.728731652000135, 48.715138189000129 ], [ 24.817262051000114, 48.680998595000176 ], [ 24.814089459000115, 48.640051156000084 ], [ 24.825576728000158, 48.637833425 ], [ 24.824551232000033, 48.624281877000158 ], [ 24.785312172000033, 48.624393223000141 ], [ 24.782691870000122, 48.594687451000027 ], [ 24.770040229000017, 48.594670461000078 ], [ 24.783410982000134, 48.530492141000195 ], [ 24.761750059000121, 48.530974232000176 ], [ 24.762157714000011, 48.544484295000075 ], [ 24.747812803000159, 48.522537871000168 ], [ 24.730580955000107, 48.526396786000134 ], [ 24.78070201200012, 48.491691883000044 ], [ 24.761704197000086, 48.477058215 ], [ 24.770841128000143, 48.465252382000131 ], [ 24.848431478000066, 48.430683924 ], [ 24.963432030000035, 48.441664609000043 ], [ 25.035810791000131, 48.40608923800005 ], [ 25.082770186000062, 48.417031227000052 ], [ 25.129376210000146, 48.396352249000074 ], [ 25.175598863, 48.414279726000018 ], [ 25.251453711000067, 48.398023155000089 ], [ 25.263737715, 48.366903225000044 ], [ 25.309136999000089, 48.359605495000039 ], [ 25.453902316000097, 48.402575808000108 ], [ 25.621104536000075, 48.380379704000177 ], [ 25.620284887000025, 48.408795312000109 ], [ 25.600182408000023, 48.414708749999988 ], [ 25.609190099000045, 48.527069458000028 ], [ 25.58512045700013, 48.633999728000163 ], [ 25.652048482999987, 48.700335692000067 ], [ 25.609962564000114, 48.722783176000178 ], [ 25.640734876000124, 48.747314630000119 ], [ 25.553689826999971, 48.799033589000032 ], [ 25.45499817000001, 48.831020547000037 ] ] ] } },
{ "type": "Feature", "properties": { "pcode": "UA2610", "name": "Kosivskyi", "oblast_pcode": "UA26", "oblast": "Ivano-Frankivska", "area_sqkm": 874.52925339000001, "city_pop": 0.0, "pop": 67084, "included": true }, "geometry": { "type": "Polygon", "coordinates": [ [ [ 24.848431478000066, 48.430683924 ], [ 24.786593982000056, 48.457985783000083 ], [ 24.70406953700018, 48.423473830000148 ], [ 24.725631717000056, 48.382465846000116 ], [ 24.74807699500019, 48.377944155000193 ], [ 24.755899738000039, 48.328039942000146 ], [ 24.733370168000022, 48.301134711000032 ], [ 24.73750067200001, 48.273409190000109 ], [ 24.777398485000106, 48.249233133000018 ], [ 24.776744128000075, 48.225422835000131 ], [ 24.840942384000186, 48.226032686000053 ], [ 24.902328979000117, 48.192998673000147 ], [ 24.919438329000172, 48.212627727000154 ], [ 24.963664661000166, 48.223143922000133 ], [ 24.976679725000054, 48.200075100999982 ], [ 25.021114598000167, 48.201756954000189 ], [ 25.038164252000058, 48.173072445000116 ], [ 25.08261198800011, 48.160330747000103 ], [ 25.097778000000119, 48.185730000000149 ], [ 25.138021740000113, 48.182437852000078 ], [ 25.106459513000175, 48.225242206000189 ], [ 25.19318690200015, 48.254945001000124 ], [ 25.309136999000089, 48.359605495000039 ], [ 25.263737715, 48.366903225000044 ], [ 25.251453711000067, 48.398023155000089 ], [ 25.175598863, 48.414279726000018 ], [ 25.118206809000128, 48.396927338000125 ], [ 25.082770186000062, 48.417031227000052 ], [ 25.035810791000131, 48.40608923800005 ], [ 24.963432030000035, 48.441664609000043 ], [ 24.848431478000066, 48.430683924 ] ] ] } },
{ "type": "Feature", "properties": { "pcode": "UA2612", "name": "Nadvirnianskyi", "oblast_pcode": "UA26", "oblast": "Ivano-Frankivska", "area_sqkm": 1868.8231074299999, "city_pop": 0.0, "pop": 109920, "included": true }, "geometry": { "type": "Polygon", "coordinates": [ [ [ 24.817262051000114, 48.680998595000176 ], [ 24.641992193000192, 48.756270022000137 ], [ 24.628478396, 48.727998420000063 ], [ 24.594358198000066, 48.711174437000068 ], [ 24.550347240000121, 48.722507640000117 ], [ 24.584157928000025, 48.692993115000149 ], [ 24.580419398000117, 48.685977870000102 ], [ 24.542995511000129, 48.700767091000159 ], [ 24.521943825000051, 48.679823642000031 ], [ 24.481779410000115, 48.682032287000084 ], [ 24.469044611000072, 48.645452434000106 ], [ 24.372466228000178, 48.632915027000195 ], [ 24.374018356000136, 48.617209664000086 ], [ 24.27686883399997, 48.594162604000076 ], [ 24.217393690000051, 48.531263356000125 ], [ 24.179374179000149, 48.52190244600007 ], [ 24.17011849, 48.535998844000062 ], [ 24.140338156000155, 48.535213889000033 ], [ 24.114154608000149, 48.498417705000179 ], [ 24.140236308000055, 48.480858226000123 ], [ 24.125027861000149, 48.453194087000099 ], [ 24.145422187000065, 48.434530480000149 ], [ 24.14790250100009, 48.389344673000039 ], [ 24.179438865000122, 48.364814703000093 ], [ 24.25824609700004, 48.349740582000152 ], [ 24.288770152000097, 48.380773006000027 ], [ 24.283656148000091, 48.401120026000115 ], [ 24.304822602000058, 48.396790249000048 ], [ 24.350976287000151, 48.380907623999974 ], [ 24.357787360000145, 48.352032964999978 ], [ 24.416997867000134, 48.331983254000136 ], [ 24.48824718000003, 48.279827948000047 ], [ 24.484781767000072, 48.243950730000051 ], [ 24.545432247000122, 48.215928255000051 ], [ 24.500239465999982, 48.159720683000103 ], [ 24.552510755000128, 48.118060431000117 ], [ 24.600062156000035, 48.160803514000065 ], [ 24.643074517000059, 48.159523951000153 ], [ 24.628263934000017, 48.168073089000188 ], [ 24.642551068000159, 48.177103713000065 ], [ 24.634232049000104, 48.183565476000126 ], [ 24.68750631600011, 48.238322289 ], [ 24.662577928000019, 48.257393100000115 ], [ 24.67317377300003, 48.269626612000138 ], [ 24.739240270000096, 48.280695573000173 ], [ 24.733370168000022, 48.301134711000032 ], [ 24.755899738000039, 48.328039942000146 ], [ 24.74807699500019, 48.377944155000193 ], [ 24.725631717000056, 48.382465846000116 ], [ 24.70406953700018, 48.423473830000148 ], [ 24.787646011000106, 48.457859031000055 ], [ 24.761704197000086, 48.477058215 ], [ 24.78070201200012, 48.491691883000044 ], [ 24.730417749000082, 48.527224686000068 ], [ 24.747812803000159, 48.522537871000168 ], [ 24.762157714000011, 48.544484295000075 ], [ 24.761750059000121, 48.530974232000176 ], [ 24.783410982000134, 48.530492141000195 ], [ 24.770040229000017, 48.594670461000078 ], [ 24.782691870000122, 48.594687451000027 ], [ 24.785312172000033, 48.624393223000141 ], [ 24.824551232000033, 48.624281877000158 ], [ 24.817262051000114, 48.680998595000176 ] ] ] } },
{ "type": "Feature", "properties": { "pcode": "UA3200", "name": "Chornobyl Exclusion Zone", "oblast_pcode": "UA32", "oblast": "Kyivska", "area_sqkm": 2573.1242699300001, "city_pop": 0.0, "pop": 42478, "included": true }, "geometry": { "type": "Polygon", "coordinates": [ [ [ 29.739525170000093, 51.522195349000185 ], [ 29.706541837000145, 51.527809808000143 ], [ 29.668525855000098, 51.502671356000121 ], [ 29.633330550000096, 51.506032232000166 ], [ 29.579472556000042, 51.46146659600015 ], [ 29.537163962000079, 51.482552963000046 ], [ 29.51510794100011, 51.44530497900007 ], [ 29.51946703700014, 51.421865158000173 ], [ 29.495360018000099, 51.396587053000076 ], [ 29.416095913000163, 51.413501754000094 ], [ 29.359293003000175, 51.38838552600015 ], [ 29.359336420000091, 51.37593455300015 ], [ 29.393798219000189, 51.379529102000106 ], [ 29.396370506000096, 51.32744735100016 ], [ 29.347335591000046, 51.32396280800009 ], [ 29.368396265, 51.289223009000125 ], [ 29.341380474000175, 51.271154891000151 ], [ 29.267282391000094, 51.265313601000173 ], [ 29.316289683000093, 51.131488107000109 ], [ 29.328976357000158, 51.125861924000105 ], [ 29.330521654, 51.157616741000027 ], [ 29.348891193000156, 51.160087925000028 ], [ 29.427497545000108, 51.123954152000181 ], [ 29.505830564000121, 51.134648226000195 ], [ 29.5469725210001, 51.120891217000178 ], [ 29.593420368000181, 51.152735171000074 ], [ 29.639851316000147, 51.147802198000193 ], [ 29.63391623800004, 51.156031227000085 ], [ 29.649123262000103, 51.154999337000163 ], [ 29.626717361000146, 51.166419139000027 ], [ 29.577785402000075, 51.159162118000097 ], [ 29.553490301000068, 51.181134137000015 ], [ 29.417423535000069, 51.18033611400017 ], [ 29.39274339800005, 51.192888009000171 ], [ 29.382635595000124, 51.176870077 ], [ 29.362182594000046, 51.191121002999978 ], [ 29.38088249499998, 51.229121957000075 ], [ 29.416683400000181, 51.226548982000054 ], [ 29.40093947500003, 51.232803983000053 ], [ 29.400880411000117, 51.245902915000102 ], [ 29.468979423000064, 51.225537057000111 ], [ 29.464014342000041, 51.237265072000127 ], [ 29.506302253000172, 51.268311961000109 ], [ 29.658438216000036, 51.241152091000117 ], [ 29.747134867000113, 51.272896055000103 ], [ 29.757421911000051, 51.267114216000039 ], [ 29.710916032000171, 51.257807177000075 ], [ 29.707442041000036, 51.242215197000178 ], [ 29.80971981100015, 51.252128168000127 ], [ 29.872295960000088, 51.202674280000167 ], [ 29.89506996800003, 51.215136326999982 ], [ 29.947822777000056, 51.201167364000185 ], [ 29.907418894000045, 51.185258277000059 ], [ 29.965838830000109, 51.144258446000094 ], [ 29.885123320000048, 51.156533796000019 ], [ 29.873259050000172, 51.147031412000047 ], [ 29.888517136000189, 51.132937354000035 ], [ 30.097336730999984, 51.129933509000125 ], [ 30.169352654000079, 51.112122623000118 ], [ 30.310418610000056, 51.120490574000144 ], [ 30.330730576000065, 51.094775791000131 ], [ 30.386266490000025, 51.083084746000111 ], [ 30.515723313000024, 51.104818884 ], [ 30.491033686000094, 51.165800668000088 ], [ 30.538819106000062, 51.179815303000169 ], [ 30.516372131000026, 51.185792436999975 ], [ 30.530439142000148, 51.200589665000052 ], [ 30.505355818000055, 51.225971866000123 ], [ 30.554481555, 51.230079001000036 ], [ 30.556507286, 51.246207696 ], [ 30.504518444000098, 51.279705434000164 ], [ 30.453519411000059, 51.273445398000035 ], [ 30.462346880999974, 51.306913938000037 ], [ 30.398238515, 51.312470062000045 ], [ 30.334658193000053, 51.352367164000157 ], [ 30.324070575000121, 51.361578559000179 ], [ 30.357597953000038, 51.378759014000138 ], [ 30.345071491000112, 51.424336528000026 ], [ 30.28839780800007, 51.463536848000047 ], [ 30.180899960000033, 51.512413057000117 ], [ 30.161976551000066, 51.488769594000075 ], [ 30.128358868000021, 51.505998585000157 ], [ 30.117229242, 51.4873454210001 ], [ 30.014428694000173, 51.505465909000122 ], [ 30.0125061600001, 51.489947357000062 ], [ 29.96486478200012, 51.471553073999985 ], [ 29.926593135000132, 51.489860734999979 ], [ 29.889478794000183, 51.483308642000111 ], [ 29.877774109000086, 51.445421785000178 ], [ 29.809768617000088, 51.459087581000063 ], [ 29.790750344000116, 51.457875135999984 ], [ 29.793374801000084, 51.44161184800015 ], [ 29.739088992000063, 51.458962130000089 ], [ 29.725297853000029, 51.491344130000073 ], [ 29.745462655000097, 51.493167011000025 ], [ 29.739525170000093, 51.522195349000185 ] ] ] } },
{ "type": "Feature", "properties": { "pcode": "UA3202", "name": "Bilotserkivskyi", "oblast_pcode": "UA32", "oblast": "Kyivska", "area_sqkm": 6511.4596487199997, "city_pop": 203344.0, "pop": 528297, "included": true }, "geometry": { "type": "Polygon", "coordinates": [ [ [ 30.203734758000053, 50.107929398000181 ], [ 30.131106294000176, 50.101586955000073 ], [ 30.097169356999984, 50.077273972 ], [ 30.093746508000038, 50.012556100000097 ], [ 29.950540528000147, 50.055179008000096 ], [ 29.914968931000089, 50.045179623000081 ], [ 29.918795704000104, 50.002739047000034 ], [ 29.936931747000074, 50.001858965000054 ], [ 29.962571621000052, 49.957697048000114 ], [ 29.984162795000032, 49.953357224000058 ], [ 29.851379000000122, 49.871123186000148 ], [ 29.785827034000079, 49.900109037999982 ], [ 29.731621027000074, 49.88229971100003 ], [ 29.699699095000085, 49.906285067000056 ], [ 29.649169492, 49.877940487000103 ], [ 29.666608069000063, 49.873833852000075 ], [ 29.655227506000131, 49.866554708000137 ], [ 29.546930363000172, 49.835492991000024 ], [ 29.541927500000043, 49.819020101000092 ], [ 29.50911437600007, 49.835064046000184 ], [ 29.480267014000106, 49.803205828000159 ], [ 29.470039551000013, 49.81444493500004 ], [ 29.438740071000041, 49.805522950000181 ], [ 29.462076613000193, 49.761936047000063 ], [ 29.435679929000173, 49.729468051000026 ], [ 29.446005279000076, 49.713455553000131 ], [ 29.497342160000187, 49.713836377 ], [ 29.489035634000174, 49.669156070000042 ], [ 29.535272664000104, 49.636688313000093 ], [ 29.499287683000091, 49.593743421000056 ], [ 29.53073982300009, 49.562072478000175 ], [ 29.539093882000031, 49.520991556000183 ], [ 29.584849180999981, 49.506564574000038 ], [ 29.584395684000071, 49.49466661200006 ], [ 29.543456869000181, 49.483672770000112 ], [ 29.594857209000111, 49.443262554000171 ], [ 29.541617454000118, 49.401429102000066 ], [ 29.505266972000015, 49.395835459000068 ], [ 29.502656839000167, 49.369862451000131 ], [ 29.534202429000061, 49.324766175000093 ], [ 29.619134039000073, 49.305829339000127 ], [ 29.607723315000101, 49.299657454000112 ], [ 29.621845443000097, 49.274118756000178 ], [ 29.613050856000086, 49.265435235000155 ], [ 29.640491210000164, 49.246599899000103 ], [ 29.689882931000056, 49.237396574000059 ], [ 29.710542667000084, 49.263151292000089 ], [ 29.716238072000124, 49.235871923000104 ], [ 29.754657660000191, 49.226286670000093 ], [ 29.727328071000159, 49.208100992000141 ], [ 29.760137635000035, 49.179782513000134 ], [ 29.819197409000083, 49.178566314000136 ], [ 29.882216815000163, 49.186126798000089 ], [ 29.876768986000172, 49.200262090000081 ], [ 29.955580879000024, 49.252175104000173 ], [ 29.948385198000153, 49.311919089000071 ], [ 30.007164780000096, 49.315049511000097 ], [ 30.026642085000049, 49.334297663000029 ], [ 30.078383053000096, 49.322318850000158 ], [ 30.088626881000039, 49.28599576300013 ], [ 30.113045512000099, 49.270098973000188 ], [ 30.123243462000119, 49.288915511000084 ], [ 30.107030452000117, 49.302890925000042 ], [ 30.136841606000075, 49.33123154000009 ], [ 30.200264775000107, 49.328171419000114 ], [ 30.189485278000177, 49.274908503000063 ], [ 30.366738145000113, 49.255036030000099 ], [ 30.37570858700019, 49.236257876000138 ], [ 30.397725657000024, 49.303475494000168 ], [ 30.421233909000193, 49.302325462000056 ], [ 30.413847382000029, 49.33046620000016 ], [ 30.47326604400007, 49.365094124 ], [ 30.515823741000133, 49.327816545000019 ], [ 30.607190719000073, 49.370246449000092 ], [ 30.7285763000001, 49.331731809000132 ], [ 30.800451301000123, 49.354069551000066 ], [ 30.909064288000081, 49.358500584000183 ], [ 30.930504161999977, 49.380515820000085 ], [ 30.923664914000085, 49.435760378000111 ], [ 30.900960505000057, 49.444968396000093 ], [ 30.795321368000089, 49.438120723000054 ], [ 30.779309158000046, 49.445411008000121 ], [ 30.790668602000096, 49.458008537000183 ], [ 30.756322945000193, 49.458329999000114 ], [ 30.762956542999973, 49.466610683000113 ], [ 30.731815956000105, 49.488918611000088 ], [ 30.694428365000078, 49.473171324000191 ], [ 30.71582851900007, 49.502831305000143 ], [ 30.655089606000104, 49.559623050000027 ], [ 30.659563742000103, 49.581710198000167 ], [ 30.617714460000116, 49.606907969000076 ], [ 30.620619562000115, 49.623509937000051 ], [ 30.62963244600013, 49.599975026000095 ], [ 30.697632422000083, 49.596037107000143 ], [ 30.73645238000006, 49.62207402700011 ], [ 30.697417488000042, 49.641741061 ], [ 30.700524340000072, 49.657345026000144 ], [ 30.729959300000132, 49.656658919000108 ], [ 30.745701207000138, 49.691912934000186 ], [ 30.706239168000025, 49.739823807000164 ], [ 30.717529914000067, 49.826182799000094 ], [ 30.659523094000122, 49.837182788000121 ], [ 30.542391222, 49.825935627000092 ], [ 30.541040102000125, 49.859902564000095 ], [ 30.573183122000103, 49.862946643000157 ], [ 30.587508141000058, 49.89106055100018 ], [ 30.529721114999973, 49.917276520000087 ], [ 30.538071064000121, 49.936206530000163 ], [ 30.492597141000033, 49.935949383000093 ], [ 30.488153142000101, 49.966409372000157 ], [ 30.440669190000051, 49.992133315000046 ], [ 30.334153190999984, 49.991725362000125 ], [ 30.203734758000053, 50.107929398000181 ] ] ] } },
{ "type": "Feature", "properties": { "pcode": "UA3204", "name": "Boryspilskyi", "oblast_pcode": "UA32", "oblast": "Kyivska", "area_sqkm": 3877.78811653, "city_pop": 0.0, "pop": 160707, "included": true }, "geometry": { "type": "Polygon", "coordinates": [ [ [ 30.971415774000036, 50.482197014000178 ], [ 30.868087942000045, 50.435374030000105 ], [ 30.829090921999978, 50.439080846000195 ], [ 30.848579027000142, 50.419443093000098 ], [ 30.818482017000179, 50.394098545000077 ], [ 30.77603111600007, 50.394747825000138 ], [ 30.777476211000192, 50.382412776000137 ], [ 30.742306968000037, 50.371880959000123 ], [ 30.717208117000155, 50.382511747000081 ], [ 30.710993090000102, 50.352379758000154 ], [ 30.673884030000124, 50.354752199000075 ], [ 30.679355851000139, 50.371301876000075 ], [ 30.636278814000093, 50.36103905900012 ], [ 30.642074424000043, 50.337728928000104 ], [ 30.61167447400004, 50.346120970000072 ], [ 30.672086916000126, 50.278160964000108 ], [ 30.660720441000137, 50.263487086000112 ], [ 30.721048423000127, 50.245068145000175 ], [ 30.715431442000181, 50.220448170000168 ], [ 30.731821499000148, 50.220285230000172 ], [ 30.772380537000117, 50.158343276000039 ], [ 30.800474387000065, 50.163759480000181 ], [ 30.893622415000095, 50.132146451000096 ], [ 30.925716428000158, 50.085492563000116 ], [ 30.960880339000028, 50.074066609000113 ], [ 30.966884441000161, 50.048798641000019 ], [ 31.063546089000113, 49.985153180000111 ], [ 31.117976175000081, 49.98628325400017 ], [ 31.187240257000155, 49.9673659340001 ], [ 31.177502834000109, 49.951290669000059 ], [ 31.256071948000056, 49.936067757000103 ], [ 31.300678894999976, 49.966376557 ], [ 31.293320906000019, 49.979035951000128 ], [ 31.430672000000129, 49.988210046000063 ], [ 31.446067533000189, 49.972588862 ], [ 31.424927871000079, 49.916496049000045 ], [ 31.448987761000069, 49.876326877 ], [ 31.496785213000123, 49.861338239000133 ], [ 31.504439471000182, 49.841408195000099 ], [ 31.519831897000131, 49.868545979000146 ], [ 31.550989187000027, 49.872728388000098 ], [ 31.580035708000025, 49.906862666000166 ], [ 31.612409686000092, 49.906512432000113 ], [ 31.614477004000094, 49.855967187000147 ], [ 31.711567434000187, 49.850786605000167 ], [ 31.752279523000141, 49.893389515000138 ], [ 31.773976081000114, 49.893609617000038 ], [ 31.770202949, 49.920086196 ], [ 31.813558772000022, 49.966176794000091 ], [ 31.889690692999977, 49.962450119000039 ], [ 31.901361949000034, 49.943807184000036 ], [ 31.918608571999982, 49.990931862000195 ], [ 31.899935610000057, 50.019266541000093 ], [ 31.979767213000059, 50.038719310000147 ], [ 31.986484214000086, 50.052414262000127 ], [ 31.904114279000055, 50.055780705000075 ], [ 31.911418275000074, 50.100694448000183 ], [ 31.97521800200019, 50.125162536000175 ], [ 31.933964620000097, 50.158364158000154 ], [ 31.965378186000123, 50.151452081000173 ], [ 31.993284465000102, 50.201247164000051 ], [ 32.056238998000083, 50.187662092000096 ], [ 32.086452847000032, 50.221429122000131 ], [ 32.118200425000168, 50.228422451000085 ], [ 32.08945078, 50.246977120000111 ], [ 32.10102154000009, 50.276576618000149 ], [ 32.084138349, 50.283196989000146 ], [ 32.14022264800019, 50.304657040000052 ], [ 32.129001579000146, 50.315719045000037 ], [ 32.152339566000137, 50.337454788000173 ], [ 32.141304891000118, 50.354111339000156 ], [ 32.161006175000011, 50.368032869000047 ], [ 32.117527571000096, 50.380686911000055 ], [ 32.068638683000131, 50.370561857000041 ], [ 32.009281760000079, 50.389313805000143 ], [ 32.036300755000184, 50.345391889999974 ], [ 32.013184725000144, 50.343375947000084 ], [ 31.973455715000114, 50.364919841000074 ], [ 31.893922898000142, 50.368643765000172 ], [ 31.831273849000013, 50.405574684000044 ], [ 31.746413964000169, 50.407721585000161 ], [ 31.713744120000172, 50.358707603000141 ], [ 31.721717031000026, 50.347208724000041 ], [ 31.667401170000176, 50.323247749000188 ], [ 31.672864200999982, 50.278942684000128 ], [ 31.603533365000089, 50.256684760000041 ], [ 31.581394279999984, 50.264521643000194 ], [ 31.590027381000141, 50.289984586000173 ], [ 31.541581355000062, 50.311858656000084 ], [ 31.50003977800003, 50.305071517000158 ], [ 31.499675373000173, 50.286195632000044 ], [ 31.471238416000176, 50.28744255800018 ], [ 31.468612014000087, 50.271291744 ], [ 31.439264453000078, 50.286648647000106 ], [ 31.414999695, 50.253521585999977 ], [ 31.370959602000084, 50.273079628000175 ], [ 31.354877776000137, 50.259226622000028 ], [ 31.380491686000028, 50.243441703000087 ], [ 31.418799773000046, 50.170428836000099 ], [ 31.272299812000142, 50.167075626000099 ], [ 31.272247794000123, 50.188921593000089 ], [ 31.185476018000088, 50.197214582000186 ], [ 31.211180852000098, 50.247993424000185 ], [ 31.207432820000122, 50.287248466999984 ], [ 31.156763798000156, 50.297472411000058 ], [ 31.143797725000127, 50.32072161200017 ], [ 31.172890785000163, 50.360940411000115 ], [ 31.21246573500008, 50.359460352000156 ], [ 31.203244508000125, 50.38023823900005 ], [ 31.223577497, 50.387546212000132 ], [ 31.209682087000147, 50.417298811000137 ], [ 31.22478347200007, 50.422254261000148 ], [ 31.181905566000069, 50.448337370000104 ], [ 31.142720455000187, 50.444638210000107 ], [ 31.097103686000139, 50.476572178000026 ], [ 31.00442245500011, 50.464295494000112 ], [ 30.971415774000036, 50.482197014000178 ] ] ] } },
{ "type": "Feature", "properties": { "pcode": "UA3206", "name": "Brovarskyi", "oblast_pcode": "UA32", "oblast": "Kyivska", "area_sqkm": 2891.228699, "city_pop": 109154.0, "pop": 242250, "included": true }, "geometry": { "type": "MultiPolygon", "coordinates": [ [ [ [ 30.87058776300006, 50.786052561000076 ], [ 30.848349013000131, 50.782303215000184 ], [ 30.836876302000064, 50.763957607000179 ], [ 30.750958332000152, 50.774412674000018 ], [ 30.711546549000161, 50.739423900000133 ], [ 30.715136666000092, 50.725482531000125 ], [ 30.671126741000137, 50.712160439000058 ], [ 30.703314675000115, 50.700748474000079 ], [ 30.6746577830001, 50.688598504000026 ], [ 30.698736771000029, 50.657779586000174 ], [ 30.670439850000093, 50.652726552000047 ], [ 30.648403734000055, 50.610002465000093 ], [ 30.628336872000091, 50.609666871000059 ], [ 30.640195232000167, 50.595414666000067 ], [ 30.575897982000185, 50.583271638000042 ], [ 30.594338076000042, 50.572529681000049 ], [ 30.590137125000183, 50.554997625000169 ], [ 30.531871869000156, 50.546588295 ], [ 30.541486682000141, 50.522032181000043 ], [ 30.567159688000174, 50.515632032000099 ], [ 30.556335074000174, 50.539114746000109 ], [ 30.654008707000116, 50.533941231000028 ], [ 30.664957518000165, 50.551788077000026 ], [ 30.714150790000076, 50.555520371000114 ], [ 30.722799571000053, 50.590444625000146 ], [ 30.817408694000108, 50.564601218000121 ], [ 30.823289418000115, 50.537035194000168 ], [ 30.752614424000058, 50.518556561000025 ], [ 30.761921648000055, 50.509020781000117 ], [ 30.737736626000071, 50.498925648000181 ], [ 30.759839939000074, 50.483503062000068 ], [ 30.742848944000116, 50.458409532000189 ], [ 30.808429308000029, 50.409543681000116 ], [ 30.848579027000142, 50.419443093000098 ], [ 30.829090921999978, 50.439080846000195 ], [ 30.868087942000045, 50.435374030000105 ], [ 30.970354759000088, 50.482894060000092 ], [ 31.00442245500011, 50.464295494000112 ], [ 31.097103686000139, 50.476572178000026 ], [ 31.142720455000187, 50.444638210000107 ], [ 31.181905566000069, 50.448337370000104 ], [ 31.22478347200007, 50.422254261000148 ], [ 31.209682087000147, 50.417298811000137 ], [ 31.223604632000047, 50.38501026900019 ], [ 31.203244508000125, 50.38023823900005 ], [ 31.21246573500008, 50.359460352000156 ], [ 31.172890785000163, 50.360940411000115 ], [ 31.150082774000168, 50.343366328000059 ], [ 31.148582789000102, 50.305265397000028 ], [ 31.207432820000122, 50.287248466999984 ], [ 31.211180852000098, 50.247993424000185 ], [ 31.185476018000088, 50.197214582000186 ], [ 31.272247794000123, 50.188921593000089 ], [ 31.272299812000142, 50.167075626000099 ], [ 31.418799773000046, 50.170428836000099 ], [ 31.380491686000028, 50.243441703000087 ], [ 31.354877776000137, 50.259226622000028 ], [ 31.370959602000084, 50.273079628000175 ], [ 31.414999695, 50.253521585999977 ], [ 31.439264453000078, 50.286648647000106 ], [ 31.468612014000087, 50.271291744 ], [ 31.471238416000176, 50.28744255800018 ], [ 31.499675373000173, 50.286195632000044 ], [ 31.50003977800003, 50.305071517000158 ], [ 31.541581355000062, 50.311858656000084 ], [ 31.590027381000141, 50.289984586000173 ], [ 31.581394279999984, 50.264521643000194 ], [ 31.603533365000089, 50.256684760000041 ], [ 31.672864200999982, 50.278942684000128 ], [ 31.667401170000176, 50.323247749000188 ], [ 31.721717031000026, 50.347208724000041 ], [ 31.713744120000172, 50.358707603000141 ], [ 31.746413964000169, 50.407721585000161 ], [ 31.831273849000013, 50.405574684000044 ], [ 31.893922898000142, 50.368643765000172 ], [ 31.973455715000114, 50.364919841000074 ], [ 31.982367681000142, 50.348993887000063 ], [ 32.020819736000135, 50.343203812000127 ], [ 32.036300755000184, 50.345391889999974 ], [ 32.009281760000079, 50.389313805000143 ], [ 32.068638683000131, 50.370561857000041 ], [ 32.102383896000049, 50.412674428000059 ], [ 32.044506444000092, 50.401647911000111 ], [ 32.023505674000148, 50.458621848000178 ], [ 31.973360868000157, 50.466464019000057 ], [ 31.979525407000153, 50.48139290000006 ], [ 31.962997376000146, 50.485125492000179 ], [ 32.046922885000129, 50.496045305000166 ], [ 32.064050061000046, 50.511729445000071 ], [ 32.051438879000045, 50.523500131000162 ], [ 32.063453412000172, 50.54077263400012 ], [ 31.952128078000158, 50.544079256000146 ], [ 31.914099445000033, 50.595057265000037 ], [ 31.858987000000184, 50.632042496000167 ], [ 31.782046860000094, 50.605674228000169 ], [ 31.782171678999987, 50.559465358000125 ], [ 31.685570869000117, 50.563531863000037 ], [ 31.646776750000072, 50.552739355000028 ], [ 31.630059528000118, 50.520332001000043 ], [ 31.554624784000055, 50.519752421000078 ], [ 31.522258304000047, 50.536122367000019 ], [ 31.521210168000039, 50.521878961000141 ], [ 31.444813262000082, 50.500348527000028 ], [ 31.364370925000173, 50.530750940000132 ], [ 31.330411494000089, 50.501028235000149 ], [ 31.319157032000078, 50.528114314000106 ], [ 31.261876826000162, 50.53920807999998 ], [ 31.24658034800018, 50.567059833000087 ], [ 31.165862509000078, 50.589441367000063 ], [ 31.166040269000177, 50.607501834000061 ], [ 31.227803344000165, 50.613156045999972 ], [ 31.199087381000027, 50.644668973000137 ], [ 31.223702746000185, 50.667303154000194 ], [ 31.218339338000135, 50.696906766000154 ], [ 31.190872904000059, 50.702678418000062 ], [ 31.190824583000051, 50.724468238000156 ], [ 31.121756982000193, 50.749772665000137 ], [ 31.126408473000026, 50.774840076000032 ], [ 31.075588776000075, 50.781359531000078 ], [ 31.06949351600008, 50.764715586000079 ], [ 30.949876484000072, 50.757248034000042 ], [ 30.889100249000023, 50.77352539400016 ], [ 30.87553288800018, 50.746520892000092 ], [ 30.83760414700015, 50.743880770000146 ], [ 30.846319768000171, 50.776635388000102 ], [ 30.87058776300006, 50.786052561000076 ] ] ], [ [ [ 30.72154615200003, 50.521934633000114 ], [ 30.751992562000112, 50.518510801000161 ], [ 30.750876502000153, 50.524319787000138 ], [ 30.72154615200003, 50.521934633000114 ] ] ] ] } },
{ "type": "Feature", "properties": { "pcode": "UA3208", "name": "Buchanskyi", "oblast_pcode": "UA32", "oblast": "Kyivska", "area_sqkm": 2556.9655049900002, "city_pop": 0.0, "pop": 210972, "included": true }, "geometry": { "type": "MultiPolygon", "coordinates": [ [ [ [ 29.893170753000049, 50.780787919000034 ], [ 29.875493541000083, 50.794550879000155 ], [ 29.817062680000106, 50.774752898000145 ], [ 29.649269889000038, 50.763816798000164 ], [ 29.570888952000189, 50.778650805000154 ], [ 29.566061330000082, 50.763279384999976 ], [ 29.597176090000062, 50.729201572000079 ], [ 29.586002127000029, 50.709277301999975 ], [ 29.542024941000193, 50.689813633000085 ], [ 29.528784756000107, 50.663601598000128 ], [ 29.485785348000149, 50.66270211300008 ], [ 29.463583710000137, 50.633313538000039 ], [ 29.47253067600019, 50.628178629000161 ], [ 29.444710264000094, 50.621209041999975 ], [ 29.49800663100018, 50.59027625300007 ], [ 29.502917474000128, 50.549437526000133 ], [ 29.45876381100004, 50.539480977000096 ], [ 29.460185744000171, 50.517248814000141 ], [ 29.5066290420001, 50.500137350000045 ], [ 29.510870890999968, 50.470761890000119 ], [ 29.483461933000058, 50.459215275000133 ], [ 29.457196814000156, 50.471111012000051 ], [ 29.446859165000035, 50.452817775000028 ], [ 29.497627609000062, 50.450492081000107 ], [ 29.498393465, 50.439781365000158 ], [ 29.48157551800017, 50.418909657000029 ], [ 29.442613715000107, 50.415444208000054 ], [ 29.454792667000049, 50.401467153999988 ], [ 29.560273518000088, 50.422522184000059 ], [ 29.590389397000081, 50.400374198000179 ], [ 29.588792489000127, 50.37487751599997 ], [ 29.637789836000081, 50.372384156000123 ], [ 29.641845132000071, 50.358183987000132 ], [ 29.611694054000111, 50.341396131000067 ], [ 29.626020510000103, 50.330101334000119 ], [ 29.718619510000167, 50.313928463000195 ], [ 29.758321377000186, 50.348854435000021 ], [ 29.827804319000052, 50.296780524000098 ], [ 29.909918241000184, 50.298695609000163 ], [ 29.91764318200012, 50.338025438000159 ], [ 29.984275203000095, 50.352243570000041 ], [ 29.999084998, 50.380316464000089 ], [ 29.972164031000034, 50.410052461000078 ], [ 30.056507975999978, 50.376522604000058 ], [ 30.069843965000018, 50.364996673000178 ], [ 30.061770029000115, 50.346493569000131 ], [ 30.090402012000084, 50.324416690000191 ], [ 30.08967803400003, 50.335097777000101 ], [ 30.125109113000178, 50.348002698000187 ], [ 30.147021849000112, 50.337340651000034 ], [ 30.166680917000122, 50.354593739000109 ], [ 30.169138821000104, 50.341031681000118 ], [ 30.235143846000028, 50.321069816000033 ], [ 30.259744697000087, 50.355360756000039 ], [ 30.304037755000138, 50.348397690000184 ], [ 30.334657685000025, 50.375003685000024 ], [ 30.364231604000111, 50.352767790000087 ], [ 30.442174043000136, 50.381455737000067 ], [ 30.369132068000056, 50.42096681400011 ], [ 30.345590125000058, 50.453620758999989 ], [ 30.281260137, 50.447320785000102 ], [ 30.26930809900017, 50.42621181700008 ], [ 30.236532086000182, 50.430546746000175 ], [ 30.251858532000142, 50.484943234000184 ], [ 30.270317601000045, 50.498115604000134 ], [ 30.263473099, 50.514695814999982 ], [ 30.302582070000028, 50.533073772000137 ], [ 30.298026716000038, 50.554413786000111 ], [ 30.341889639000101, 50.556931800000086 ], [ 30.283242284000153, 50.597366451000141 ], [ 30.324850912000102, 50.599270112 ], [ 30.280052302000172, 50.628579355000056 ], [ 30.279560361000051, 50.663897219000035 ], [ 30.308413159000111, 50.685684281000192 ], [ 30.27353419700006, 50.708895214000165 ], [ 30.211866325000074, 50.718203254000116 ], [ 30.107212348000076, 50.715207195000119 ], [ 30.113067492000141, 50.689728194000054 ], [ 30.095294496000065, 50.690997069000161 ], [ 30.044948432000126, 50.723733109000136 ], [ 30.059962451000104, 50.774496049999982 ], [ 29.971483513000067, 50.775302022000062 ], [ 29.961462543000096, 50.754542947000118 ], [ 29.918869481000058, 50.754291015000035 ], [ 29.907859504999976, 50.777677927000127 ], [ 29.898152580000044, 50.74711095400005 ], [ 29.893170753000049, 50.780787919000034 ] ] ], [ [ [ 30.351776089000111, 50.484580822000055 ], [ 30.318851092000159, 50.495471799000143 ], [ 30.317395100000169, 50.492055788000187 ], [ 30.351776089000111, 50.484580822000055 ] ] ] ] } },
{ "type": "Feature", "properties": { "pcode": "UA3210", "name": "Vyshhorodskyi", "oblast_pcode": "UA32", "oblast": "Kyivska", "area_sqkm": 4335.1456068500001, "city_pop": 0.0, "pop": 171326, "included": true }, "geometry": { "type": "MultiPolygon", "coordinates": [ [ [ [ 29.748308965999968, 51.271743123000135 ], [ 29.658438216000036, 51.241152091000117 ], [ 29.506302253000172, 51.268311961000109 ], [ 29.464014342000041, 51.237265072000127 ], [ 29.468979423000064, 51.225537057000111 ], [ 29.400880411000117, 51.245902915000102 ], [ 29.416527434000102, 51.226349985000013 ], [ 29.38088249499998, 51.229121957000075 ], [ 29.36202350300016, 51.182298044000163 ], [ 29.481542484000101, 51.190645142000164 ], [ 29.553490301000068, 51.181134137000015 ], [ 29.577785402000075, 51.159162118000097 ], [ 29.620333255, 51.168533209000145 ], [ 29.649123262000103, 51.154999337000163 ], [ 29.593420368000181, 51.152735171000074 ], [ 29.5469725210001, 51.120891217000178 ], [ 29.505830564000121, 51.134648226000195 ], [ 29.427497545000108, 51.123954152000181 ], [ 29.511782495000091, 51.060641241000042 ], [ 29.464606698000011, 51.018967358000111 ], [ 29.467278543000191, 50.985068595000087 ], [ 29.413897642999984, 50.983548505000101 ], [ 29.411537864000081, 50.948949435000088 ], [ 29.467527832000144, 50.9247494 ], [ 29.471360852000032, 50.903663509000182 ], [ 29.521349863000182, 50.868876616000023 ], [ 29.497517944000151, 50.837305604000164 ], [ 29.542208857000105, 50.828403632000061 ], [ 29.54741206500006, 50.813794848000157 ], [ 29.488234064999972, 50.812241541000162 ], [ 29.521595743000091, 50.792519981000169 ], [ 29.507205898000052, 50.774493540000151 ], [ 29.472705741000027, 50.77339812800011 ], [ 29.510591972999975, 50.765381414000103 ], [ 29.599504008999986, 50.781824722000124 ], [ 29.649269889000038, 50.763816798000164 ], [ 29.75909473300004, 50.767006845000026 ], [ 29.875493541000083, 50.794550879000155 ], [ 29.897423626000091, 50.77954885500003 ], [ 29.886122610000143, 50.769766901000139 ], [ 29.898152580000044, 50.74711095400005 ], [ 29.907859504999976, 50.777677927000127 ], [ 29.918869481000058, 50.754291015000035 ], [ 29.961462543000096, 50.754542947000118 ], [ 29.971483513000067, 50.775302022000062 ], [ 30.059962451000104, 50.774496049999982 ], [ 30.042404530000169, 50.730242117000103 ], [ 30.073370457000124, 50.697920142000157 ], [ 30.113067492000141, 50.689728194000054 ], [ 30.107212348000076, 50.715207195000119 ], [ 30.211866325000074, 50.718203254000116 ], [ 30.27353419700006, 50.708895214000165 ], [ 30.308413159000111, 50.685684281000192 ], [ 30.279560361000051, 50.663897219000035 ], [ 30.280984291000095, 50.626465309000139 ], [ 30.324405358000035, 50.602399420000097 ], [ 30.283839444000023, 50.598850467000034 ], [ 30.305110408000132, 50.571073465000154 ], [ 30.462868429000139, 50.584425348000082 ], [ 30.532324789000143, 50.540206097000066 ], [ 30.572338535000085, 50.544856641000081 ], [ 30.561270068000113, 50.560486627000159 ], [ 30.58176400800005, 50.558938998000087 ], [ 30.585298048000084, 50.555582682000193 ], [ 30.590137125000183, 50.554997625000169 ], [ 30.594338076000042, 50.572529681000049 ], [ 30.575897982000185, 50.583271638000042 ], [ 30.640195232000167, 50.595414666000067 ], [ 30.628336872000091, 50.609666871000059 ], [ 30.648403734000055, 50.610002465000093 ], [ 30.670439850000093, 50.652726552000047 ], [ 30.698736771000029, 50.657779586000174 ], [ 30.6746577830001, 50.688598504000026 ], [ 30.703314675000115, 50.700748474000079 ], [ 30.671126741000137, 50.712160439000058 ], [ 30.715136666000092, 50.725482531000125 ], [ 30.711546549000161, 50.739423900000133 ], [ 30.749081643000068, 50.769002432000036 ], [ 30.736530931000061, 50.782794056 ], [ 30.750796727000193, 50.798445525000147 ], [ 30.732332598000028, 50.812499516000116 ], [ 30.765124699000182, 50.812313939000092 ], [ 30.778216943000189, 50.856268764000106 ], [ 30.734561887000041, 50.898217202000126 ], [ 30.672876236000036, 50.90619270100018 ], [ 30.640974105000055, 51.003145213000039 ], [ 30.602836430000139, 51.00928704800009 ], [ 30.601335295000183, 51.026842073000182 ], [ 30.499374084000067, 51.019052179000084 ], [ 30.493437479000079, 51.049853415000086 ], [ 30.510194313000113, 51.07372286400016 ], [ 30.48449558599998, 51.091840866000041 ], [ 30.356484598, 51.08559287800017 ], [ 30.310418610000056, 51.120490574000144 ], [ 30.169352654000079, 51.112122623000118 ], [ 30.097336730999984, 51.129933509000125 ], [ 29.886042014000054, 51.133572384 ], [ 29.873259050000172, 51.147031412000047 ], [ 29.885123320000048, 51.156533796000019 ], [ 29.965838830000109, 51.144258446000094 ], [ 29.907418894000045, 51.185258277000059 ], [ 29.947822777000056, 51.201167364000185 ], [ 29.89506996800003, 51.215136326999982 ], [ 29.872295960000088, 51.202674280000167 ], [ 29.80971981100015, 51.252128168000127 ], [ 29.707442041000036, 51.242215197000178 ], [ 29.710916032000171, 51.257807177000075 ], [ 29.757421911000051, 51.267114216000039 ], [ 29.748308965999968, 51.271743123000135 ] ] ], [ [ [ 30.773440373000028, 51.509113527000125 ], [ 30.776516055000172, 51.511682533000055 ], [ 30.773180571000012, 51.511555142000077 ], [ 30.773440373000028, 51.509113527000125 ] ] ], [ [ [ 30.662893237000162, 51.512790232000157 ], [ 30.667176128000051, 51.510976445999972 ], [ 30.665656652000109, 51.513427961000048 ], [ 30.662893237000162, 51.512790232000157 ] ] ], [ [ [ 30.754799143000071, 51.513473052000165 ], [ 30.748167639000087, 51.515589589000058 ], [ 30.747857795000016, 51.51441891900015 ], [ 30.754799143000071, 51.513473052000165 ] ] ], [ [ [ 30.785311195000077, 51.538846259000138 ], [ 30.708855350000135, 51.553079579000098 ], [ 30.71012426100009, 51.530868 ], [ 30.670968374000097, 51.530878911000116 ], [ 30.626714573000072, 51.515059475000044 ], [ 30.592582045000142, 51.524279645000149 ], [ 30.585740289000171, 51.51587798800017 ], [ 30.601728126000069, 51.510517854000057 ], [ 30.60483899400009, 51.515420432000155 ], [ 30.628517177000163, 51.514989378 ], [ 30.652078414000187, 51.523335823000025 ], [ 30.658409979000112, 51.518665229000135 ], [ 30.698726798, 51.522135311 ], [ 30.782252862000064, 51.511851222000075 ], [ 30.789218519000087, 51.522859796000034 ], [ 30.785311195000077, 51.538846259000138 ] ] ] ] } },
{ "type": "Feature", "properties": { "pcode": "UA3212", "name": "Obukhivskyi", "oblast_pcode": "UA32", "oblast": "Kyivska", "area_sqkm": 3642.51576565, "city_pop": 0.0, "pop": 290263, "included": true }, "geometry": { "type": "Polygon", "coordinates": [ [ [ 30.470617589000085, 50.336929979000161 ], [ 30.403059608000035, 50.317661892000103 ], [ 30.419688720000124, 50.294524009000156 ], [ 30.378454668000074, 50.288984038000137 ], [ 30.397143633000042, 50.273971978000077 ], [ 30.374533727000141, 50.265374961000134 ], [ 30.400781798000025, 50.248902986000132 ], [ 30.384009792000029, 50.237094022000065 ], [ 30.421376807000115, 50.211831050000171 ], [ 30.386710801000106, 50.193694005999987 ], [ 30.381747976000099, 50.166405080000061 ], [ 30.338539386000093, 50.183763605000195 ], [ 30.34630197700011, 50.193474077000189 ], [ 30.323268935000044, 50.223361500000124 ], [ 30.332279393000022, 50.23540697500016 ], [ 30.293558998000037, 50.187975963000042 ], [ 30.238396053000088, 50.219312827000067 ], [ 30.204392118000101, 50.18213793100017 ], [ 30.240709105000178, 50.17261100800016 ], [ 30.234218043000112, 50.162132989000156 ], [ 30.251733054000056, 50.154294954000079 ], [ 30.19819620300018, 50.14956898600002 ], [ 30.221820077000132, 50.131361936000133 ], [ 30.19691326200018, 50.11719397700017 ], [ 30.334153190999984, 49.991725362000125 ], [ 30.440669190000051, 49.992133315000046 ], [ 30.488153142000101, 49.966409372000157 ], [ 30.492597141000033, 49.935949383000093 ], [ 30.538071064000121, 49.936206530000163 ], [ 30.529721114999973, 49.917276520000087 ], [ 30.587508141000058, 49.89106055100018 ], [ 30.573183122000103, 49.862946643000157 ], [ 30.541040102000125, 49.859902564000095 ], [ 30.542391222, 49.825935627000092 ], [ 30.659523094000122, 49.837182788000121 ], [ 30.717529914000067, 49.826182799000094 ], [ 30.706239168000025, 49.739823807000164 ], [ 30.745701207000138, 49.691912934000186 ], [ 30.729959300000132, 49.656658919000108 ], [ 30.700524340000072, 49.657345026000144 ], [ 30.697417488000042, 49.641741061 ], [ 30.73645238000006, 49.62207402700011 ], [ 30.697632422000083, 49.596037107000143 ], [ 30.62963244600013, 49.599975026000095 ], [ 30.620619562000115, 49.623509937000051 ], [ 30.617366490000109, 49.612622055000145 ], [ 30.62658460300014, 49.593153071000074 ], [ 30.659563742000103, 49.581710198000167 ], [ 30.655089606000104, 49.559623050000027 ], [ 30.71582851900007, 49.502831305000143 ], [ 30.694428365000078, 49.473171324000191 ], [ 30.728408874000138, 49.48960571300006 ], [ 30.762956542999973, 49.466610683000113 ], [ 30.756322945000193, 49.458329999000114 ], [ 30.790668602000096, 49.458008537000183 ], [ 30.779309158000046, 49.445411008000121 ], [ 30.795321368000089, 49.438120723000054 ], [ 30.900960505000057, 49.444968396000093 ], [ 30.929551616000026, 49.418549703999986 ], [ 30.994499437000115, 49.422765432000119 ], [ 31.029308287000049, 49.471763413000133 ], [ 31.04402863700011, 49.456485589000124 ], [ 31.039483816000029, 49.47342478600018 ], [ 31.094918652, 49.497181020000085 ], [ 31.108684819000132, 49.55730235700014 ], [ 31.151585050000108, 49.555857536000019 ], [ 31.138592145000189, 49.571293871000137 ], [ 31.152605737999977, 49.580468794000126 ], [ 31.128697165, 49.583773939000139 ], [ 31.135693183000171, 49.603691535000053 ], [ 31.217467130000102, 49.694596757000113 ], [ 31.196233079000081, 49.701541610000163 ], [ 31.221027743000093, 49.733121579000169 ], [ 31.207670489000179, 49.755500277000124 ], [ 31.216230885000016, 49.776891553999974 ], [ 31.189793590000079, 49.790229144000079 ], [ 31.220795210000119, 49.832066913000062 ], [ 31.207738094000149, 49.852310326000179 ], [ 31.247369006000099, 49.867662700000153 ], [ 31.26082695100007, 49.85813290100009 ], [ 31.291172245000155, 49.882951529000138 ], [ 31.380086802000108, 49.907798755000044 ], [ 31.334904225000116, 49.93827593900005 ], [ 31.350133228000118, 49.950212588000113 ], [ 31.315288448000103, 49.964010728000119 ], [ 31.24891218300013, 49.936525631000166 ], [ 31.177502834000109, 49.951290669000059 ], [ 31.187240257000155, 49.9673659340001 ], [ 31.117976175000081, 49.98628325400017 ], [ 31.063546089000113, 49.985153180000111 ], [ 30.966884441000161, 50.048798641000019 ], [ 30.960880339000028, 50.074066609000113 ], [ 30.925716428000158, 50.085492563000116 ], [ 30.893622415000095, 50.132146451000096 ], [ 30.800474387000065, 50.163759480000181 ], [ 30.772380537000117, 50.158343276000039 ], [ 30.731821499000148, 50.220285230000172 ], [ 30.715431442000181, 50.220448170000168 ], [ 30.721048423000127, 50.245068145000175 ], [ 30.669120466000152, 50.257164101 ], [ 30.672086916000126, 50.278160964000108 ], [ 30.648803404000091, 50.292584446000149 ], [ 30.609759107000116, 50.276871789000097 ], [ 30.646707027000105, 50.239724788000103 ], [ 30.643667021000113, 50.225957784 ], [ 30.593474110000159, 50.213303431000043 ], [ 30.563781661000178, 50.277145368000106 ], [ 30.553797121000059, 50.269645378000064 ], [ 30.546230080000043, 50.291005809000183 ], [ 30.52810611600006, 50.290297771000041 ], [ 30.533628765, 50.317111497000155 ], [ 30.470617589000085, 50.336929979000161 ] ] ] } },
{ "type": "Feature", "properties": { "pcode": "UA3214", "name": "Fastivskyi", "oblast_pcode": "UA32", "oblast": "Kyivska", "area_sqkm": 1760.36415534, "city_pop": 0.0, "pop": 143008, "included": true }, "geometry": { "type": "Polygon", "coordinates": [ [ [ 30.069843965000018, 50.364996673000178 ], [ 29.963797060000104, 50.405852467000045 ], [ 29.998778109000114, 50.379158442000175 ], [ 29.977947162000078, 50.348806471000159 ], [ 29.91764318200012, 50.338025438000159 ], [ 29.909918241000184, 50.298695609000163 ], [ 29.827804319000052, 50.296780524000098 ], [ 29.758321377000186, 50.348854435000021 ], [ 29.725853573000165, 50.316459417000033 ], [ 29.682086547000154, 50.311654410000074 ], [ 29.688819876000139, 50.277181844000097 ], [ 29.665591545000154, 50.264992463000056 ], [ 29.701252476000093, 50.230777336000187 ], [ 29.643065971000112, 50.179849243000149 ], [ 29.692068705000111, 50.152098547000151 ], [ 29.659074121000174, 50.127612015000068 ], [ 29.669875704000162, 50.113705037000159 ], [ 29.647071637000067, 50.106476532000045 ], [ 29.697252206000087, 50.06841996300011 ], [ 29.695347733000119, 50.044237261000092 ], [ 29.671502573000168, 50.032229835000123 ], [ 29.735192682000104, 49.944525317000171 ], [ 29.643033836000029, 49.898334520000105 ], [ 29.632498880000185, 49.877036631000124 ], [ 29.699699095000085, 49.906285067000056 ], [ 29.731621027000074, 49.88229971100003 ], [ 29.785827034000079, 49.900109037999982 ], [ 29.851379000000122, 49.871123186000148 ], [ 29.874651955000047, 49.896296253000116 ], [ 29.89484793000014, 49.891302164000138 ], [ 29.984162795000032, 49.953357224000058 ], [ 29.962571621000052, 49.957697048000114 ], [ 29.936931747000074, 50.001858965000054 ], [ 29.918795704000104, 50.002739047000034 ], [ 29.914968931000089, 50.045179623000081 ], [ 29.950540528000147, 50.055179008000096 ], [ 30.093746508000038, 50.012556100000097 ], [ 30.097169356999984, 50.077273972 ], [ 30.221015156000078, 50.129161110000098 ], [ 30.19819620300018, 50.14956898600002 ], [ 30.251733054000056, 50.154294954000079 ], [ 30.234218043000112, 50.162132989000156 ], [ 30.240709105000178, 50.17261100800016 ], [ 30.204392118000101, 50.18213793100017 ], [ 30.238396053000088, 50.219312827000067 ], [ 30.293558998000037, 50.187975963000042 ], [ 30.321747869000149, 50.235840886000119 ], [ 30.332279393000022, 50.23540697500016 ], [ 30.323268935000044, 50.223361500000124 ], [ 30.34630197700011, 50.193474077000189 ], [ 30.338539386000093, 50.183763605000195 ], [ 30.381747976000099, 50.166405080000061 ], [ 30.386710801000106, 50.193694005999987 ], [ 30.421376807000115, 50.211831050000171 ], [ 30.384009792000029, 50.237094022000065 ], [ 30.400781798000025, 50.248902986000132 ], [ 30.374533727000141, 50.265374961000134 ], [ 30.397143633000042, 50.273971978000077 ], [ 30.378454668000074, 50.288984038000137 ], [ 30.419688720000124, 50.294524009000156 ], [ 30.403059608000035, 50.317661892000103 ], [ 30.474940053000125, 50.341086768000139 ], [ 30.468393041000013, 50.360128800000041 ], [ 30.437714012000129, 50.356890623000083 ], [ 30.42588063900007, 50.374097827000071 ], [ 30.364231604000111, 50.352767790000087 ], [ 30.334657685000025, 50.375003685000024 ], [ 30.304037755000138, 50.348397690000184 ], [ 30.259744697000087, 50.355360756000039 ], [ 30.235143846000028, 50.321069816000033 ], [ 30.169138821000104, 50.341031681000118 ], [ 30.166680917000122, 50.354593739000109 ], [ 30.147021849000112, 50.337340651000034 ], [ 30.125109113000178, 50.348002698000187 ], [ 30.08967803400003, 50.335097777000101 ], [ 30.090402012000084, 50.324416690000191 ], [ 30.061770029000115, 50.346493569000131 ], [ 30.069843965000018, 50.364996673000178 ] ] ] } },
{ "type": "Feature", "properties": { "pcode": "UA3502", "name": "Holovanivskyi", "oblast_pcode": "UA35", "oblast": "Kirovohradska", "area_sqkm": 4241.24352473, "city_pop": 0.0, "pop": 124703, "included": true }, "geometry": { "type": "Polygon", "coordinates": [ [ [ 30.946439914000109, 48.771675606000088 ], [ 30.945333269000116, 48.75892463200006 ], [ 30.901738429000147, 48.762548196000182 ], [ 30.882656872000041, 48.743841398000143 ], [ 30.832131256000025, 48.749671468000031 ], [ 30.811445055000036, 48.769222643000091 ], [ 30.80394756600009, 48.756839835000108 ], [ 30.698036071000161, 48.767356899000106 ], [ 30.637031881000155, 48.751870819000032 ], [ 30.608974673000034, 48.719130704000122 ], [ 30.576029007000102, 48.720865273000072 ], [ 30.611177338000118, 48.697962111000038 ], [ 30.598646094000173, 48.663200240000037 ], [ 30.551352595000139, 48.653647952000142 ], [ 30.529402231000063, 48.62779183400005 ], [ 30.570847754000113, 48.605642391000174 ], [ 30.557806572000061, 48.59577347100003 ], [ 30.566431482000098, 48.567383402000189 ], [ 30.486167970000167, 48.564120382000169 ], [ 30.452829345000168, 48.583465026000113 ], [ 30.402836801000149, 48.573833747000151 ], [ 30.386594392000177, 48.527054099000111 ], [ 30.25487306600013, 48.505423775000054 ], [ 30.256279932000041, 48.489261737000049 ], [ 30.220003073000044, 48.480107318000137 ], [ 30.162857304, 48.503780128000074 ], [ 30.111399983000069, 48.451988014000051 ], [ 30.049839639000083, 48.482826086000046 ], [ 29.999690322, 48.478081843000155 ], [ 29.864087639000104, 48.425720315000092 ], [ 29.871744342000113, 48.416657544000145 ], [ 29.786995885000067, 48.369925261000162 ], [ 29.812523562000024, 48.346302818000083 ], [ 29.75049994699998, 48.299336539000137 ], [ 29.782389735000152, 48.242435747000172 ], [ 29.773353440000051, 48.217383576000088 ], [ 29.793391450000115, 48.201229640000065 ], [ 29.843028258000174, 48.21223244600003 ], [ 29.891821649000121, 48.185724277000133 ], [ 29.93030466600004, 48.233298368000078 ], [ 29.975039304000177, 48.217029147000176 ], [ 29.991065523000032, 48.23029891200008 ], [ 30.009710921000192, 48.208111405000068 ], [ 30.002292968000063, 48.184852963000139 ], [ 30.032550195000056, 48.179258182000069 ], [ 30.049726221000128, 48.15042650200013 ], [ 30.106363949000126, 48.139646380000102 ], [ 30.187615748000042, 48.154820977000043 ], [ 30.287398759000098, 48.139951168000096 ], [ 30.318400860000054, 48.141010867000148 ], [ 30.327594160000046, 48.160024446000079 ], [ 30.366595901000096, 48.174152482000181 ], [ 30.414828562000025, 48.162444615000027 ], [ 30.495640578000064, 48.169923837000169 ], [ 30.504274099000042, 48.157937720000064 ], [ 30.52679891400004, 48.179547802000059 ], [ 30.556055669000045, 48.155928924000136 ], [ 30.61773603600011, 48.156077954000068 ], [ 30.656592695000029, 48.171912406000104 ], [ 30.64746687600018, 48.185252623000167 ], [ 30.71681407300008, 48.195547648000115 ], [ 30.785388902000193, 48.191393959999971 ], [ 30.79250641699997, 48.167779213000188 ], [ 30.815208592000147, 48.1696993810001 ], [ 30.823052124000014, 48.190797754000073 ], [ 30.848389374000192, 48.184365184000171 ], [ 30.855039186000056, 48.161058143000105 ], [ 30.900239647000092, 48.159320833000038 ], [ 30.930291986000043, 48.166239512000061 ], [ 30.931725587000074, 48.183966633000182 ], [ 30.989163119000182, 48.184455679000109 ], [ 30.981017136000048, 48.222140217000117 ], [ 31.090779687000122, 48.223994469000047 ], [ 31.105584229999977, 48.252666569999974 ], [ 31.09065756300015, 48.267210627000168 ], [ 31.13255097900003, 48.283700705000115 ], [ 31.125359817000117, 48.302305221999973 ], [ 31.02085246900009, 48.294643070000177 ], [ 31.015509507000161, 48.313318462000154 ], [ 31.029859379000129, 48.318488943000091 ], [ 30.999057826000069, 48.380161189000148 ], [ 30.938908300000094, 48.382851230000028 ], [ 30.934323420000169, 48.396144062000133 ], [ 30.851329839000186, 48.376476058000151 ], [ 30.825000258000102, 48.413297133000185 ], [ 30.841266237000127, 48.437705646000154 ], [ 30.808111657000097, 48.453007460000038 ], [ 30.882164168000145, 48.493875298000148 ], [ 30.883356653000135, 48.521823760000132 ], [ 30.930863920000093, 48.521897555000123 ], [ 30.921809016000168, 48.55298185200013 ], [ 30.984157082000138, 48.554387626000107 ], [ 30.982874532000096, 48.603473289000135 ], [ 31.099938222000048, 48.612344364000194 ], [ 31.107401928000115, 48.591602015000035 ], [ 31.138104179000152, 48.591206853000187 ], [ 31.200385170000175, 48.600836372000174 ], [ 31.146100892, 48.673028559000102 ], [ 31.221062375000145, 48.712217686000145 ], [ 31.266554326000119, 48.695824389000109 ], [ 31.253062718000081, 48.729581460000134 ], [ 31.264954767, 48.747815017 ], [ 31.250092423000069, 48.767484959 ], [ 31.215925048000031, 48.769004566000092 ], [ 31.113157245000139, 48.727652839000143 ], [ 31.037631665, 48.760669895000149 ], [ 30.946439914000109, 48.771675606000088 ] ] ] } },
{ "type": "Feature", "properties": { "pcode": "UA3504", "name": "Kropyvnytskyi", "oblast_pcode": "UA35", "oblast": "Kirovohradska", "area_sqkm": 9716.6443377600008, "city_pop": 216535.0, "pop": 467272, "included": true }, "geometry": { "type": "Polygon", "coordinates": [ [ [ 32.365339853000023, 49.071770660000141 ], [ 32.264352637000115, 49.081286101000103 ], [ 32.261969063000038, 49.058667135000178 ], [ 32.23365207400019, 49.059444635000034 ], [ 32.217490415000157, 48.987733907 ], [ 32.183792584000059, 48.996451609000133 ], [ 32.178154726000059, 48.972910503000094 ], [ 32.134746275000111, 48.966125695000073 ], [ 32.130585512000039, 48.951871431000143 ], [ 32.15395627800018, 48.944647707000058 ], [ 32.14579937100018, 48.91217836900006 ], [ 32.09874961100013, 48.902937740000141 ], [ 32.085819190999985, 48.90508515199997 ], [ 32.093307186000061, 48.918874884 ], [ 32.048902318000046, 48.916314375000184 ], [ 32.026421906, 48.930717444000038 ], [ 32.005943943000034, 48.913525512000092 ], [ 31.954350761000114, 48.910229710000067 ], [ 31.906085507000057, 48.876172973000109 ], [ 31.930164431000037, 48.841951129000108 ], [ 31.899526718000175, 48.81391169200009 ], [ 32.016357355000139, 48.79896294800011 ], [ 32.07380206300013, 48.712536156000056 ], [ 31.974371131000169, 48.685300794000057 ], [ 31.943091074000108, 48.694805739000174 ], [ 31.957608060000098, 48.666736663000165 ], [ 31.940861152000025, 48.65409694300007 ], [ 31.986172642999975, 48.599635238000076 ], [ 31.915697321000096, 48.579424761000041 ], [ 31.954162422000081, 48.533527827000171 ], [ 31.905886369000143, 48.542319099000167 ], [ 31.871436973000129, 48.529386773 ], [ 31.870757152000067, 48.495483874000172 ], [ 31.855821085000173, 48.495869561000063 ], [ 31.85338930100005, 48.475970510000195 ], [ 31.882375836000051, 48.470083547000058 ], [ 31.885930012000131, 48.438863048000144 ], [ 31.919226619000085, 48.440989693000176 ], [ 31.925862082000094, 48.36799776700002 ], [ 31.944333012000186, 48.336043855000071 ], [ 31.933296309000184, 48.27885694400004 ], [ 31.911730584000054, 48.274017761000096 ], [ 31.957324442000072, 48.190590674000134 ], [ 31.944246882000186, 48.188052743000014 ], [ 31.951813075000132, 48.163160263000123 ], [ 32.030729928000142, 48.133946562000119 ], [ 31.983380502000159, 48.124463711000033 ], [ 31.974783947000049, 48.138943770000083 ], [ 31.914844539000057, 48.13792447600008 ], [ 31.882675580000182, 48.125661326000113 ], [ 31.886373787000025, 48.111664120000171 ], [ 31.765728604000117, 48.107314303000067 ], [ 31.78302028000013, 48.042229265000117 ], [ 31.729029424000089, 48.035464685000136 ], [ 31.75276637800016, 47.943449459000192 ], [ 31.780601637000132, 47.960283152000102 ], [ 31.843830439000158, 47.963581414000146 ], [ 31.854994070000032, 47.916117362000136 ], [ 31.8765917, 47.919422877000159 ], [ 31.891947790000131, 47.867555763000155 ], [ 31.857040421000136, 47.864658194000128 ], [ 31.871083867000038, 47.826556172000039 ], [ 31.827403163000042, 47.816517967000038 ], [ 31.83872836900008, 47.782196438000028 ], [ 32.054674341, 47.817253526000059 ], [ 32.14032747300007, 47.748901608000153 ], [ 32.154433619000145, 47.760942923000187 ], [ 32.231583280000109, 47.760404314000141 ], [ 32.222512693, 47.791446008999969 ], [ 32.239621120999971, 47.793805622000093 ], [ 32.236537151000107, 47.81468570200002 ], [ 32.303213390000167, 47.823732331000087 ], [ 32.364198220000162, 47.788589587000104 ], [ 32.657795565000185, 47.819935703 ], [ 32.679447174000131, 47.851798525000049 ], [ 32.664416214000084, 47.870907397000167 ], [ 32.685535848000143, 47.872983669 ], [ 32.676480197000046, 47.907009194000068 ], [ 32.655937880000067, 47.904818934 ], [ 32.651904559000059, 47.921522340000081 ], [ 32.745561538000175, 47.93250768900009 ], [ 32.737067915000011, 47.951632213000096 ], [ 32.697309194000127, 47.946530429000063 ], [ 32.689494957000079, 47.981838784000161 ], [ 32.894408729000077, 47.985526701000026 ], [ 32.870465314000057, 48.032334514000013 ], [ 32.990162155, 48.048234770000079 ], [ 33.004751545000147, 47.988684063000164 ], [ 33.024326066000128, 47.98381822000016 ], [ 33.036315030000026, 48.033880533000115 ], [ 33.110596874000123, 48.042889570999989 ], [ 33.114602516000048, 48.064656246000027 ], [ 33.143351123000116, 48.064012241000114 ], [ 33.153681947000109, 48.042080519000024 ], [ 33.141712051000184, 48.076484724000125 ], [ 33.224868251000032, 48.092045751000057 ], [ 33.221963988000141, 48.105786717000115 ], [ 33.236864010000033, 48.10729304400013 ], [ 33.184887612000011, 48.10445858200012 ], [ 33.181712842000081, 48.118136751000065 ], [ 33.232040781000023, 48.126774142000158 ], [ 33.214552673000071, 48.161363906000076 ], [ 33.185538276000045, 48.15847052700019 ], [ 33.188147796000123, 48.145293358000174 ], [ 33.145482887000071, 48.151687275000086 ], [ 33.149913730000151, 48.252176244000111 ], [ 33.136934745000133, 48.278172834000088 ], [ 33.120595225000045, 48.275462886000014 ], [ 33.105748923000192, 48.322813597000163 ], [ 33.053121049000083, 48.318043352000132 ], [ 33.04173073100003, 48.37079610100011 ], [ 33.071206851000113, 48.37034205600014 ], [ 33.078169003000085, 48.433162745000061 ], [ 33.105609402000084, 48.435628279000127 ], [ 33.091121357000134, 48.464095846000191 ], [ 33.051048120000075, 48.461852607000083 ], [ 33.046555976000036, 48.507501251000178 ], [ 33.012730399000191, 48.504471509000155 ], [ 33.01720844100015, 48.481909995000194 ], [ 32.91160180900016, 48.47390860500019 ], [ 32.917894639000167, 48.464435089000062 ], [ 32.843307719000052, 48.431853182000111 ], [ 32.783891446999974, 48.453354553000054 ], [ 32.776638971000125, 48.544017435000171 ], [ 32.755537624000112, 48.557844313000032 ], [ 32.777259320000041, 48.605901362 ], [ 32.856588033000037, 48.616168754000114 ], [ 32.85827129300003, 48.637347323000142 ], [ 32.800958668000192, 48.621286301000112 ], [ 32.792644849000055, 48.643670097000154 ], [ 32.754624921000186, 48.660098499000185 ], [ 32.768029876000071, 48.663339594000036 ], [ 32.764148728000123, 48.68653897900009 ], [ 32.808139754000024, 48.689226985000118 ], [ 32.777590977000045, 48.719769789000168 ], [ 32.800393824000025, 48.725238430000104 ], [ 32.784138844000097, 48.800428066 ], [ 32.885969147000083, 48.815512475000105 ], [ 32.872077537000166, 48.88241102500001 ], [ 32.829815772000075, 48.897798760000171 ], [ 32.778227709000134, 48.890932649000092 ], [ 32.772055381000143, 48.925724208000076 ], [ 32.741423134000058, 48.931220709000172 ], [ 32.753178580000167, 48.93621378500012 ], [ 32.730258982, 48.977486719000012 ], [ 32.675189142000079, 48.987571559000116 ], [ 32.679717395000182, 48.957295800000168 ], [ 32.611428580999984, 48.95369003400009 ], [ 32.607591045000106, 48.96449369100003 ], [ 32.587112668000088, 48.94998074200015 ], [ 32.538865300000111, 48.966933540000184 ], [ 32.551695235000182, 48.941762039000025 ], [ 32.519618550000132, 48.939612179000108 ], [ 32.500538667000171, 49.014436928000123 ], [ 32.475723290000133, 49.005482997000058 ], [ 32.474538644000177, 49.03330245300009 ], [ 32.442714782000166, 49.052498197000091 ], [ 32.401236634000156, 49.026478360000056 ], [ 32.370684396000172, 49.038694657000178 ], [ 32.365339853000023, 49.071770660000141 ] ] ] } },
{ "type": "Feature", "properties": { "pcode": "UA3506", "name": "Novoukrainskyi", "oblast_pcode": "UA35", "oblast": "Kirovohradska", "area_sqkm": 5198.8992591599999, "city_pop": 0.0, "pop": 168193, "included": true }, "geometry": { "type": "Polygon", "coordinates": [ [ [ 31.91823486200019, 48.906185376000053 ], [ 31.805341148000082, 48.949611554000114 ], [ 31.750987301000123, 48.926083648000144 ], [ 31.698530947000052, 48.931029405000174 ], [ 31.689451054000074, 48.896306352000181 ], [ 31.639927663000094, 48.907909410000059 ], [ 31.580675285000098, 48.887742256000138 ], [ 31.594791752000049, 48.90612926100016 ], [ 31.581668495000031, 48.91257134500006 ], [ 31.566947726000024, 48.899861468000154 ], [ 31.581858644000079, 48.874904825000158 ], [ 31.559369269000115, 48.862993394000057 ], [ 31.558902080000109, 48.828516169000125 ], [ 31.422621702000129, 48.763635672000134 ], [ 31.436135751000165, 48.753857099000072 ], [ 31.424288042000171, 48.743058045000055 ], [ 31.41202941500012, 48.756482534000156 ], [ 31.392890495000188, 48.735418388000085 ], [ 31.393434317000072, 48.7482068 ], [ 31.383676120000075, 48.728030121000074 ], [ 31.357580552000115, 48.741767763000041 ], [ 31.353665603000081, 48.727518560000135 ], [ 31.32638412700004, 48.727129874000127 ], [ 31.309395627000185, 48.759120433000191 ], [ 31.267557195000052, 48.752519065000058 ], [ 31.253087495000102, 48.741028605 ], [ 31.266554326000119, 48.695824389000109 ], [ 31.221062375000145, 48.712217686000145 ], [ 31.146100892, 48.673028559000102 ], [ 31.200385170000175, 48.600836372000174 ], [ 31.138104179000152, 48.591206853000187 ], [ 31.107401928000115, 48.591602015000035 ], [ 31.099938222000048, 48.612344364000194 ], [ 30.982874532000096, 48.603473289000135 ], [ 30.984157082000138, 48.554387626000107 ], [ 30.921809016000168, 48.55298185200013 ], [ 30.930863920000093, 48.521897555000123 ], [ 30.883356653000135, 48.521823760000132 ], [ 30.882164168000145, 48.493875298000148 ], [ 30.808111657000097, 48.453007460000038 ], [ 30.841266237000127, 48.437705646000154 ], [ 30.825000258000102, 48.413297133000185 ], [ 30.851329839000186, 48.376476058000151 ], [ 30.934323420000169, 48.396144062000133 ], [ 30.938908300000094, 48.382851230000028 ], [ 30.999057826000069, 48.380161189000148 ], [ 31.029859379000129, 48.318488943000091 ], [ 31.015509507000161, 48.313318462000154 ], [ 31.02085246900009, 48.294643070000177 ], [ 31.125359817000117, 48.302305221999973 ], [ 31.13255097900003, 48.283700705000115 ], [ 31.09065756300015, 48.267210627000168 ], [ 31.105584229999977, 48.252666569999974 ], [ 31.090779687000122, 48.223994469000047 ], [ 31.163893130000076, 48.222404174000189 ], [ 31.192012959000124, 48.194086784000035 ], [ 31.179766943000118, 48.18090496300016 ], [ 31.220583556, 48.170748887000059 ], [ 31.236333689000162, 48.117031516000168 ], [ 31.325240191000034, 48.138181616000054 ], [ 31.330213490000062, 48.113877080000123 ], [ 31.379899998000099, 48.132402090000085 ], [ 31.395517130000144, 48.108369309000125 ], [ 31.486425113000053, 48.129637790000118 ], [ 31.49849306800013, 48.087213463000126 ], [ 31.475961043000041, 48.082812205000096 ], [ 31.470004034000169, 48.064040297000133 ], [ 31.488173477000089, 48.065360671000121 ], [ 31.492458765000094, 48.050731719000169 ], [ 31.510229694000088, 48.068828904000156 ], [ 31.551000425000097, 48.069791053000074 ], [ 31.540547696000033, 48.107791999000142 ], [ 31.569419761000177, 48.097422705000156 ], [ 31.583909360000121, 48.105509187000109 ], [ 31.58261544700008, 48.128762806000054 ], [ 31.685582768000131, 48.12100452500016 ], [ 31.69432719800011, 48.093359485000065 ], [ 31.886373787000025, 48.111664120000171 ], [ 31.882675580000182, 48.125661326000113 ], [ 31.914844539000057, 48.13792447600008 ], [ 31.974783947000049, 48.138943770000083 ], [ 31.983380502000159, 48.124463711000033 ], [ 32.030729928000142, 48.133946562000119 ], [ 31.951813075000132, 48.163160263000123 ], [ 31.944246882000186, 48.188052743000014 ], [ 31.957324442000072, 48.190590674000134 ], [ 31.911730584000054, 48.274017761000096 ], [ 31.933296309000184, 48.27885694400004 ], [ 31.944333012000186, 48.336043855000071 ], [ 31.925862082000094, 48.36799776700002 ], [ 31.919226619000085, 48.440989693000176 ], [ 31.885930012000131, 48.438863048000144 ], [ 31.882375836000051, 48.470083547000058 ], [ 31.85338930100005, 48.475970510000195 ], [ 31.855821085000173, 48.495869561000063 ], [ 31.870757152000067, 48.495483874000172 ], [ 31.871436973000129, 48.529386773 ], [ 31.905886369000143, 48.542319099000167 ], [ 31.954162422000081, 48.533527827000171 ], [ 31.915697321000096, 48.579424761000041 ], [ 31.986172642999975, 48.599635238000076 ], [ 31.940861152000025, 48.65409694300007 ], [ 31.957608060000098, 48.666736663000165 ], [ 31.943091074000108, 48.694805739000174 ], [ 31.974371131000169, 48.685300794000057 ], [ 32.073725199000137, 48.712840029000063 ], [ 32.016357355000139, 48.79896294800011 ], [ 31.899526718000175, 48.81391169200009 ], [ 31.930164431000037, 48.841951129000108 ], [ 31.906085507000057, 48.876172973000109 ], [ 31.91823486200019, 48.906185376000053 ] ] ] } },
{ "type": "Feature", "properties": { "pcode": "UA3508", "name": "Oleksandriiskyi", "oblast_pcode": "UA35", "oblast": "Kirovohradska", "area_sqkm": 5417.8006047199997, "city_pop": 0.0, "pop": 137129, "included": true }, "geometry": { "type": "Polygon", "coordinates": [ [ [ 32.923117000000161, 49.233745001000159 ], [ 32.856102000000192, 49.246188 ], [ 32.757447760000048, 49.16530578000004 ], [ 32.774981776000061, 49.144396983000149 ], [ 32.889152253000191, 49.121158186000173 ], [ 32.892619374999981, 49.1006735200001 ], [ 32.814313790000142, 49.07464961400018 ], [ 32.8432010410001, 49.025470969000082 ], [ 32.828679943000168, 49.00920505900001 ], [ 32.873750003000168, 48.992275481000092 ], [ 32.733286953000174, 48.96475263300016 ], [ 32.753178580000167, 48.93621378500012 ], [ 32.741423134000058, 48.931220709000172 ], [ 32.773795961000133, 48.923569986000189 ], [ 32.778227709000134, 48.890932649000092 ], [ 32.829815772000075, 48.897798760000171 ], [ 32.872077537000166, 48.88241102500001 ], [ 32.885969147000083, 48.815512475000105 ], [ 32.784138844000097, 48.800428066 ], [ 32.800393824000025, 48.725238430000104 ], [ 32.777590977000045, 48.719769789000168 ], [ 32.808139754000024, 48.689226985000118 ], [ 32.764148728000123, 48.68653897900009 ], [ 32.768029876000071, 48.663339594000036 ], [ 32.754624921000186, 48.660098499000185 ], [ 32.792644849000055, 48.643670097000154 ], [ 32.800958668000192, 48.621286301000112 ], [ 32.85827129300003, 48.637347323000142 ], [ 32.856588033000037, 48.616168754000114 ], [ 32.777259320000041, 48.605901362 ], [ 32.755537624000112, 48.557844313000032 ], [ 32.776638971000125, 48.544017435000171 ], [ 32.783701491000102, 48.453846923000128 ], [ 32.843307719000052, 48.431853182000111 ], [ 32.917894639000167, 48.464435089000062 ], [ 32.91160180900016, 48.47390860500019 ], [ 33.01720844100015, 48.481909995000194 ], [ 33.012730399000191, 48.504471509000155 ], [ 33.046555976000036, 48.507501251000178 ], [ 33.051048120000075, 48.461852607000083 ], [ 33.091121357000134, 48.464095846000191 ], [ 33.105609402000084, 48.435628279000127 ], [ 33.078169003000085, 48.433162745000061 ], [ 33.071206851000113, 48.37034205600014 ], [ 33.04173073100003, 48.37079610100011 ], [ 33.053121049000083, 48.318043352000132 ], [ 33.105748923000192, 48.322813597000163 ], [ 33.120595225000045, 48.275462886000014 ], [ 33.136934745000133, 48.278172834000088 ], [ 33.154142980000131, 48.231480121000175 ], [ 33.145482887000071, 48.151687275000086 ], [ 33.188147796000123, 48.145293358000174 ], [ 33.185538276000045, 48.15847052700019 ], [ 33.242990232000125, 48.17263517400005 ], [ 33.247498976000145, 48.151130132000105 ], [ 33.271759184000132, 48.153689067000187 ], [ 33.277000454000188, 48.103194853000105 ], [ 33.293436088000135, 48.101755734000108 ], [ 33.31648167200018, 48.124897360000148 ], [ 33.290819989000113, 48.150025512000184 ], [ 33.430537779000076, 48.1700613000001 ], [ 33.430441126000119, 48.188715759000161 ], [ 33.496112419000042, 48.201988618000144 ], [ 33.484417509000139, 48.214474635000045 ], [ 33.500652808999973, 48.231946256000128 ], [ 33.520630751000056, 48.221104029000173 ], [ 33.546467183000118, 48.234726927000054 ], [ 33.529717752000124, 48.275785870000107 ], [ 33.513674731000094, 48.277294604000076 ], [ 33.517230921000134, 48.328320613000187 ], [ 33.472969205000084, 48.326089045000117 ], [ 33.478710772000056, 48.349303945000145 ], [ 33.459699114000159, 48.357558743000141 ], [ 33.471775826000169, 48.385461536000037 ], [ 33.497188342000129, 48.393683801000066 ], [ 33.469671182000127, 48.533614173000046 ], [ 33.481745740000122, 48.558071593000193 ], [ 33.584911491000128, 48.576385474000176 ], [ 33.590196684000148, 48.559557547000054 ], [ 33.622198248000132, 48.565943278000191 ], [ 33.609249197000111, 48.599428952000039 ], [ 33.650030070000071, 48.599865230000091 ], [ 33.66045892, 48.585669910000092 ], [ 33.761477239000101, 48.624643345000038 ], [ 33.756104210000046, 48.657213585000193 ], [ 33.802126539000085, 48.662866146000113 ], [ 33.805107870000143, 48.687443476000055 ], [ 33.750361291000161, 48.680737062000105 ], [ 33.681477158000177, 48.723187204000055 ], [ 33.618849337000086, 48.727580300999989 ], [ 33.607546151000065, 48.751373553000121 ], [ 33.585229190000177, 48.754391520000127 ], [ 33.583005684000057, 48.796784308000156 ], [ 33.617809851000061, 48.787606268000161 ], [ 33.656728682000107, 48.79264806700013 ], [ 33.674995845000126, 48.81516607400016 ], [ 33.714241132000041, 48.813530960000037 ], [ 33.725268426000071, 48.786667094000052 ], [ 33.811277097000129, 48.802845499999989 ], [ 33.818981223000037, 48.776075340000148 ], [ 33.850803309000071, 48.770823619000055 ], [ 33.847722908000037, 48.802583637000112 ], [ 33.893760485000087, 48.902014141000166 ], [ 33.810681026999987, 48.938730378000059 ], [ 33.709518971000193, 48.94088224800015 ], [ 33.664215659000092, 48.978545194000105 ], [ 33.63794337000013, 48.973991450000085 ], [ 33.589208167000152, 48.916889019999985 ], [ 33.567564573000084, 48.918862803000138 ], [ 33.57513247300011, 48.911149340000122 ], [ 33.547672548000094, 48.912627656000041 ], [ 33.536940845000061, 48.931388746000152 ], [ 33.473710272000176, 48.913733127000114 ], [ 33.475935785000047, 48.951953020000076 ], [ 33.421333460000085, 48.948869224000191 ], [ 33.407110048999982, 48.961454064000179 ], [ 33.401576237000086, 48.926860366000085 ], [ 33.3526548910001, 48.954226504000076 ], [ 33.319847371000037, 48.948476870000036 ], [ 33.297036792000142, 49.007911055000079 ], [ 33.334744046000083, 49.026987516000077 ], [ 33.298300192000056, 49.066231856000172 ], [ 33.307885907000127, 49.078188761000149 ], [ 33.262185007000141, 49.091872548000026 ], [ 33.304219089000128, 49.118390600000168 ], [ 33.267192452000131, 49.133438071000057 ], [ 33.260129737000113, 49.153911764000043 ], [ 33.23869272800016, 49.166552657000125 ], [ 33.244908692000024, 49.079206063000129 ], [ 33.201443010000105, 49.073173334000046 ], [ 33.185592851000024, 49.097238528000105 ], [ 33.156129897000142, 49.098424562000162 ], [ 33.157717851000086, 49.130576863000101 ], [ 33.107705218000092, 49.181638410000176 ], [ 33.029540395000026, 49.184802679000029 ], [ 32.984862942000063, 49.209067321000077 ], [ 32.987864619000163, 49.234057709000126 ], [ 32.97265940900013, 49.244936452000047 ], [ 32.923117000000161, 49.233745001000159 ] ] ] } },
{ "type": "Feature", "properties": { "pcode": "UA4402", "name": "Alchevskyi", "oblast_pcode": "UA44", "oblast": "Luhanska", "area_sqkm": 1992.0325027399999, "city_pop": 0.0, "pop": 444431, "included": true }, "geometry": { "type": "Polygon", "coordinates": [ [ [ 38.558034500000076, 48.779553067000052 ], [ 38.479652715000157, 48.784837288000176 ], [ 38.521089024000162, 48.76482581800019 ], [ 38.508373716000051, 48.750849275000064 ], [ 38.520657069000038, 48.732702868000104 ], [ 38.498898265000037, 48.720846235000067 ], [ 38.524826078000103, 48.716615641000146 ], [ 38.530703626000047, 48.686337239000125 ], [ 38.579982446000088, 48.678118988 ], [ 38.548537682000187, 48.660175554000034 ], [ 38.551762397000118, 48.672965761000057 ], [ 38.5100761650001, 48.683458109000071 ], [ 38.478282562, 48.670916048000038 ], [ 38.48694491599997, 48.679333640000152 ], [ 38.469874819000097, 48.683791030000179 ], [ 38.495532333000085, 48.690657670000064 ], [ 38.45956379, 48.697380897000073 ], [ 38.395992803000183, 48.660021524000115 ], [ 38.420477068000025, 48.656363126000088 ], [ 38.41727364999997, 48.641984501000138 ], [ 38.479187386000092, 48.653098733000093 ], [ 38.469427516999986, 48.639607620000163 ], [ 38.420970503999968, 48.641000577000057 ], [ 38.450163005000149, 48.625676795000118 ], [ 38.40011661200009, 48.59911763700012 ], [ 38.397018996000099, 48.581977716000154 ], [ 38.404313507000154, 48.563251870999977 ], [ 38.444638011000052, 48.569958760000077 ], [ 38.459213471000112, 48.529568468000036 ], [ 38.481672905000153, 48.523953825000092 ], [ 38.452637296000148, 48.467158050000023 ], [ 38.428807575000121, 48.465086248000034 ], [ 38.437014996000016, 48.394949001000157 ], [ 38.487021514000105, 48.361892625999985 ], [ 38.433073266000065, 48.340592541000035 ], [ 38.428015646000063, 48.277618099000108 ], [ 38.559073997000041, 48.274583772000142 ], [ 38.587307066000051, 48.257714245000102 ], [ 38.587625432000095, 48.23718898900006 ], [ 38.761849652000194, 48.295056055000146 ], [ 38.810460680000062, 48.297474910000176 ], [ 38.812176735000037, 48.354303412000036 ], [ 38.892115630000035, 48.393002497 ], [ 38.935802986, 48.397375590000081 ], [ 38.963678611000148, 48.433383286000094 ], [ 38.957550453000067, 48.464289351000104 ], [ 39.005660238000132, 48.467408777000117 ], [ 38.993516241000123, 48.472302998000146 ], [ 39.03539515000017, 48.490728081000043 ], [ 39.043806100000097, 48.472146106000139 ], [ 39.094380508000086, 48.472197891000064 ], [ 39.064229411000156, 48.513589324000066 ], [ 39.085946217000071, 48.537665848000131 ], [ 39.064647323000088, 48.542509854 ], [ 39.138955047000024, 48.553745853000066 ], [ 39.095864092000113, 48.56384740600015 ], [ 39.115516926999987, 48.590079602000117 ], [ 39.075247793000017, 48.587285793000149 ], [ 39.086492103000126, 48.603316890000031 ], [ 39.065074394000192, 48.609602233000089 ], [ 39.074512265000124, 48.651376008999989 ], [ 39.011704834000057, 48.65975636100012 ], [ 39.028953549000164, 48.663923750000038 ], [ 39.016748198000073, 48.695264717000157 ], [ 38.985822360999975, 48.711712368000065 ], [ 39.00056878100014, 48.721019871000067 ], [ 38.979991439000173, 48.745302184000195 ], [ 38.942753224000057, 48.734697798000127 ], [ 38.938419859000078, 48.747310638000101 ], [ 38.901085065000075, 48.751271121000173 ], [ 38.882687112000099, 48.692999389000136 ], [ 38.864668979000044, 48.695062328000176 ], [ 38.843405039000174, 48.671442953000167 ], [ 38.685293325000089, 48.716589486000032 ], [ 38.678769598000088, 48.752632322000068 ], [ 38.659854221000046, 48.746491471000127 ], [ 38.648693523000134, 48.767533219000086 ], [ 38.606698363000191, 48.757032566000191 ], [ 38.558034500000076, 48.779553067000052 ] ], [ [ 38.576477966000027, 48.730567254000164 ], [ 38.592234868000105, 48.729486825000038 ], [ 38.577390613000148, 48.729837018000126 ], [ 38.576477966000027, 48.730567254000164 ] ], [ [ 38.625316947000044, 48.722860757000149 ], [ 38.636852204000149, 48.727610515000038 ], [ 38.636649600000055, 48.722379233000083 ], [ 38.625316947000044, 48.722860757000149 ] ], [ [ 38.554197089000127, 48.727072548000194 ], [ 38.572727766000071, 48.723911489000045 ], [ 38.584237120000068, 48.703594017000114 ], [ 38.563160461000109, 48.710619821000193 ], [ 38.554197089000127, 48.727072548000194 ] ], [ [ 38.501239414, 48.666620334000015 ], [ 38.460792711000181, 48.663821145000156 ], [ 38.511273000000131, 48.674788 ], [ 38.501239414, 48.666620334000015 ] ], [ [ 38.458163470000159, 48.654178689999981 ], [ 38.449708559000044, 48.656204486000092 ], [ 38.456940366000026, 48.658254616000079 ], [ 38.458163470000159, 48.654178689999981 ] ] ] } },
{ "type": "Feature", "properties": { "pcode": "UA4404", "name": "Dovzhanskyi", "oblast_pcode": "UA44", "oblast": "Luhanska", "area_sqkm": 2141.33393763, "city_pop": 0.0, "pop": 252984, "included": true }, "geometry": { "type": "MultiPolygon", "coordinates": [ [ [ [ 39.792950295000082, 48.592617507 ], [ 39.622582811000143, 48.587141894000013 ], [ 39.607743213000106, 48.57390699299998 ], [ 39.620506840000019, 48.492463943000189 ], [ 39.641855130000181, 48.486463978000131 ], [ 39.633173309000085, 48.465296852000051 ], [ 39.602585655000041, 48.453211914000065 ], [ 39.607882897000138, 48.416998759000023 ], [ 39.631882438000162, 48.374751200000048 ], [ 39.695678255000075, 48.386833012000181 ], [ 39.65501431500013, 48.353336340000112 ], [ 39.687876066000172, 48.338837011000066 ], [ 39.705470789000117, 48.295510549000085 ], [ 39.66027812100009, 48.287755169000036 ], [ 39.654451652000034, 48.275032547000023 ], [ 39.671397001000116, 48.271029145000114 ], [ 39.634203950000028, 48.265428722000081 ], [ 39.656596417000117, 48.265394652999987 ], [ 39.604548198000145, 48.237426095000103 ], [ 39.581535823000081, 48.192159151000169 ], [ 39.508097337000152, 48.22391555400003 ], [ 39.466566799000077, 48.200547571000186 ], [ 39.430613419000167, 48.209338074000186 ], [ 39.416477920000034, 48.174856644000045 ], [ 39.386392340000157, 48.18292308000008 ], [ 39.376662474000113, 48.145846290000065 ], [ 39.398754279000059, 48.12812901500007 ], [ 39.40628346800014, 48.133342511000137 ], [ 39.423258314000066, 48.135306828000068 ], [ 39.425851614000067, 48.067209630000093 ], [ 39.471868147000123, 48.04725042400014 ], [ 39.392272427000194, 48.01243594500005 ], [ 39.392562784000177, 47.971501627000066 ], [ 39.500882531000059, 47.896860656000058 ], [ 39.444340168, 47.89934675100011 ], [ 39.425772884000139, 47.886331328000153 ], [ 39.430565096000123, 47.856171618000133 ], [ 39.477504317000182, 47.860141895000083 ], [ 39.519906853000123, 47.825047390000123 ], [ 39.626640079000083, 47.839019200000052 ], [ 39.738173719000088, 47.82767541100003 ], [ 39.763293772000111, 47.846339089000082 ], [ 39.762557144000084, 47.87076257800004 ], [ 39.793726122000066, 47.869337310000049 ], [ 39.793629144000079, 47.919136668000192 ], [ 39.805903627000191, 47.950538915000038 ], [ 39.824617076000038, 47.955203681 ], [ 39.816260790000172, 48.001230750000104 ], [ 39.776163470000029, 48.039732966000031 ], [ 39.881545814000106, 48.04457552100007 ], [ 39.832847967000077, 48.066062608000038 ], [ 39.86871713000005, 48.079246583000099 ], [ 39.870847156000082, 48.117696262000095 ], [ 39.903927961000079, 48.143655815000102 ], [ 39.909694239000089, 48.179716438000128 ], [ 39.937100773000168, 48.180610982000076 ], [ 39.940924571000039, 48.228474172000062 ], [ 40.009502637000139, 48.225395640999977 ], [ 40.02029800300005, 48.254112 ], [ 39.990680854000061, 48.316955983000128 ], [ 39.914862476000053, 48.269554477000099 ], [ 39.915503287000035, 48.287097661000189 ], [ 39.886919414000147, 48.30877773900005 ], [ 39.841094840000039, 48.309998062000034 ], [ 39.845237447000045, 48.332845971000154 ], [ 39.945257699000081, 48.350546897000129 ], [ 39.942737084000157, 48.385005004000107 ], [ 39.918874829000117, 48.377345143000184 ], [ 39.905703924000022, 48.390738647000092 ], [ 39.918484898000088, 48.397381228000029 ], [ 39.905750991000104, 48.404763597000056 ], [ 39.911852312000178, 48.419719338000164 ], [ 39.888994239000112, 48.441795320000097 ], [ 39.898328617000061, 48.447027543000047 ], [ 39.845765435000033, 48.474653542999988 ], [ 39.84747771800005, 48.501939461000063 ], [ 39.866924716000085, 48.507236579000164 ], [ 39.851350220000029, 48.56671960500006 ], [ 39.792950295000082, 48.592617507 ] ], [ [ 39.603264748000186, 48.206551990000094 ], [ 39.602906452000013, 48.213207051000154 ], [ 39.61554173899998, 48.205522667000082 ], [ 39.603264748000186, 48.206551990000094 ] ] ], [ [ [ 39.424089487000174, 48.05363802200003 ], [ 39.385280524000166, 48.05804400500017 ], [ 39.378164534000064, 48.033479294000074 ], [ 39.402093078000178, 48.024896497000043 ], [ 39.410478188000127, 48.053047611000125 ], [ 39.424089487000174, 48.05363802200003 ] ] ], [ [ [ 39.585621312000171, 48.304389627000091 ], [ 39.566432713000097, 48.320555716000172 ], [ 39.522270046000131, 48.308476263000159 ], [ 39.564355645000035, 48.294484397000133 ], [ 39.570302316000095, 48.276956964000192 ], [ 39.568025003000059, 48.298765802000048 ], [ 39.585621312000171, 48.304389627000091 ] ] ], [ [ [ 39.632574123999973, 48.306117804000166 ], [ 39.622719118000134, 48.320661939000161 ], [ 39.602578788000073, 48.318723837 ], [ 39.632574123999973, 48.306117804000166 ] ] ] ] } },
{ "type": "Feature", "properties": { "pcode": "UA4406", "name": "Luhanskyi", "oblast_pcode": "UA44", "oblast": "Luhanska", "area_sqkm": 2148.4832811699998, "city_pop": 0.0, "pop": 242348, "included": true }, "geometry": { "type": "MultiPolygon", "coordinates": [ [ [ [ 39.355370221000101, 48.767564417000187 ], [ 39.312816893000161, 48.775556694000045 ], [ 39.28585843400009, 48.749947537000082 ], [ 39.27127302800011, 48.754094840000107 ], [ 39.248531883000112, 48.713226816000144 ], [ 39.195839161000038, 48.707308122000029 ], [ 39.140563127000064, 48.660351933000186 ], [ 39.074512265000124, 48.651376008999989 ], [ 39.065074394000192, 48.609602233000089 ], [ 39.086492103000126, 48.603316890000031 ], [ 39.075247793000017, 48.587285793000149 ], [ 39.115516926999987, 48.590079602000117 ], [ 39.095864092000113, 48.56384740600015 ], [ 39.138955047000024, 48.553745853000066 ], [ 39.064647323000088, 48.542509854 ], [ 39.085946217000071, 48.537665848000131 ], [ 39.064229411000156, 48.513589324000066 ], [ 39.094380508000086, 48.472197891000064 ], [ 39.043806100000097, 48.472146106000139 ], [ 39.03539515000017, 48.490728081000043 ], [ 38.993516241000123, 48.472302998000146 ], [ 39.005660238000132, 48.467408777000117 ], [ 38.957550453000067, 48.464289351000104 ], [ 38.963678611000148, 48.433383286000094 ], [ 38.916756307000185, 48.386453549000123 ], [ 38.916658854, 48.360106506000193 ], [ 38.947472352000091, 48.358318507000149 ], [ 38.961089855000182, 48.374300884000093 ], [ 39.002391629000158, 48.369946627000161 ], [ 39.001312297000027, 48.35329126400012 ], [ 39.044495683000036, 48.353449830000102 ], [ 39.052514028000132, 48.290772189999984 ], [ 39.148619446000055, 48.292272621000052 ], [ 39.207355450000136, 48.228373281000188 ], [ 39.267726679000077, 48.21346771900005 ], [ 39.364211554000065, 48.235093808000158 ], [ 39.375206645, 48.225306316000172 ], [ 39.359035897000183, 48.199850050000123 ], [ 39.404116594000072, 48.177537925000081 ], [ 39.416477920000034, 48.174856644000045 ], [ 39.440742882000109, 48.214516358000026 ], [ 39.466566799000077, 48.200547571000186 ], [ 39.508097337000152, 48.22391555400003 ], [ 39.581535823000081, 48.192159151000169 ], [ 39.604548198000145, 48.237426095000103 ], [ 39.656596417000117, 48.265394652999987 ], [ 39.634203950000028, 48.265428722000081 ], [ 39.671397001000116, 48.271029145000114 ], [ 39.654451652000034, 48.275032547000023 ], [ 39.66027812100009, 48.287755169000036 ], [ 39.705661338000027, 48.295731463000095 ], [ 39.687876066000172, 48.338837011000066 ], [ 39.65501431500013, 48.353336340000112 ], [ 39.695678255000075, 48.386833012000181 ], [ 39.653907467000067, 48.37408359200009 ], [ 39.618888991, 48.386785205000194 ], [ 39.602585655000041, 48.453211914000065 ], [ 39.633173309000085, 48.465296852000051 ], [ 39.641855130000181, 48.486463978000131 ], [ 39.620506840000019, 48.492463943000189 ], [ 39.607743213000106, 48.57390699299998 ], [ 39.596094055000094, 48.577356897000186 ], [ 39.605288164000115, 48.590001519000111 ], [ 39.569836036000083, 48.582061110000097 ], [ 39.560451726000053, 48.599193254999989 ], [ 39.531394300000159, 48.585315218000062 ], [ 39.515906128000097, 48.634036329000082 ], [ 39.467621682000072, 48.628418714000077 ], [ 39.451715334000085, 48.656053109000084 ], [ 39.41034148500006, 48.658727930000168 ], [ 39.413356730000089, 48.670469594 ], [ 39.356368032000148, 48.698964402000115 ], [ 39.348468418000039, 48.712179744000196 ], [ 39.375202066999975, 48.718379571000071 ], [ 39.355152611000051, 48.726702463000038 ], [ 39.344606328000054, 48.757802882000135 ], [ 39.355370221000101, 48.767564417000187 ] ], [ [ 39.605961085999979, 48.320974098000136 ], [ 39.622719118000134, 48.320661939000161 ], [ 39.632574123999973, 48.306117804000166 ], [ 39.609721548000095, 48.310969443000033 ], [ 39.605961085999979, 48.320974098000136 ] ], [ [ 39.574455689000104, 48.318623177 ], [ 39.585621312000171, 48.304389627000091 ], [ 39.568025003000059, 48.298765802000048 ], [ 39.573899165000057, 48.277036369000086 ], [ 39.562459266000076, 48.295727032000173 ], [ 39.522270046000131, 48.308476263000159 ], [ 39.574455689000104, 48.318623177 ] ] ], [ [ [ 39.615439043000038, 48.20492542300002 ], [ 39.602906452000013, 48.213207051000154 ], [ 39.596947942000156, 48.203103376000172 ], [ 39.615439043000038, 48.20492542300002 ] ] ] ] } },
{ "type": "Feature", "properties": { "pcode": "UA4408", "name": "Rovenkivskyi", "oblast_pcode": "UA44", "oblast": "Luhanska", "area_sqkm": 2085.4570236300001, "city_pop": 0.0, "pop": 341870, "included": true }, "geometry": { "type": "Polygon", "coordinates": [ [ [ 38.928347338000094, 48.396716253000136 ], [ 38.812176735000037, 48.354303412000036 ], [ 38.810460680000062, 48.297474910000176 ], [ 38.761849652000194, 48.295056055000146 ], [ 38.588377494000156, 48.238149754000062 ], [ 38.613739285000122, 48.20373746000007 ], [ 38.601404719000072, 48.172910304000084 ], [ 38.694071159000032, 48.159094817000152 ], [ 38.689969591000136, 48.145692265000037 ], [ 38.819381998000154, 48.11575837800018 ], [ 38.806671878000088, 48.088573350000104 ], [ 38.817403312000181, 48.084208649000175 ], [ 38.798292580000123, 48.073847037000121 ], [ 38.81780844400015, 48.065264089000152 ], [ 38.828778089000139, 48.077368498000055 ], [ 38.812761256000158, 48.04798662200011 ], [ 38.837452178000092, 48.013192645000117 ], [ 39.03994404600013, 48.006419538000046 ], [ 39.038588081000114, 47.955957409000064 ], [ 39.090938815000129, 47.9404952860001 ], [ 39.06557318300014, 47.895559141000092 ], [ 39.074429209000186, 47.86949678100018 ], [ 39.109574132000091, 47.842595343000141 ], [ 39.355679723000151, 47.872402140000133 ], [ 39.386984913000049, 47.870743574000016 ], [ 39.413691645000142, 47.830944719000172 ], [ 39.44155548100008, 47.854719034000027 ], [ 39.426142295000034, 47.88673934500008 ], [ 39.444340168, 47.89934675100011 ], [ 39.500882531000059, 47.896860656000058 ], [ 39.392562784000177, 47.971501627000066 ], [ 39.392272427000194, 48.01243594500005 ], [ 39.471868147000123, 48.04725042400014 ], [ 39.425851614000067, 48.067209630000093 ], [ 39.423258314000066, 48.135306828000068 ], [ 39.398754279000059, 48.12812901500007 ], [ 39.376662474000113, 48.145846290000065 ], [ 39.388473195000074, 48.182688970000072 ], [ 39.358826970000052, 48.200233260000061 ], [ 39.374748083999975, 48.230891674000077 ], [ 39.325334566000151, 48.234852918000115 ], [ 39.309721995000018, 48.218059815000174 ], [ 39.267726679000077, 48.21346771900005 ], [ 39.207355450000136, 48.228373281000188 ], [ 39.148619446000055, 48.292272621000052 ], [ 39.052514028000132, 48.290772189999984 ], [ 39.044495683000036, 48.353449830000102 ], [ 39.001312297000027, 48.35329126400012 ], [ 39.002391629000158, 48.369946627000161 ], [ 38.961089855000182, 48.374300884000093 ], [ 38.947472352000091, 48.358318507000149 ], [ 38.916658854, 48.360106506000193 ], [ 38.928347338000094, 48.396716253000136 ] ], [ [ 39.385280524000166, 48.05804400500017 ], [ 39.424089487000174, 48.05363802200003 ], [ 39.410478188000127, 48.053047611000125 ], [ 39.402093078000178, 48.024896497000043 ], [ 39.378164534000064, 48.033479294000074 ], [ 39.385280524000166, 48.05804400500017 ] ] ] } },
{ "type": "Feature", "properties": { "pcode": "UA4410", "name": "Svativskyi", "oblast_pcode": "UA44", "oblast": "Luhanska", "area_sqkm": 5314.6596300700003, "city_pop": 0.0, "pop": 186129, "included": true }, "geometry": { "type": "Polygon", "coordinates": [ [ [ 38.331522989000177, 50.073597426000106 ], [ 38.312947093999981, 50.088239481000016 ], [ 38.274965755000039, 50.073365757000033 ], [ 38.178541606000124, 50.079905257000064 ], [ 38.185879617000012, 50.022607016000165 ], [ 38.217699764000031, 49.979505916 ], [ 38.127340907000132, 49.922195048000049 ], [ 38.124725354000134, 49.942391242000099 ], [ 38.045461947999968, 49.914692104000096 ], [ 38.03279529100007, 49.900445165000178 ], [ 38.093696527000077, 49.845992825000167 ], [ 38.017779144000144, 49.837212572000112 ], [ 38.00964026500003, 49.812827123000147 ], [ 38.052769583000043, 49.783516680000162 ], [ 37.998569377000081, 49.753274253000143 ], [ 37.976595970000176, 49.76757828500007 ], [ 37.951434249000101, 49.731432967000103 ], [ 37.974677745000179, 49.708533917000068 ], [ 38.016986331000169, 49.712799942000174 ], [ 37.998922860000107, 49.700218395000036 ], [ 38.045756921000134, 49.657474932000071 ], [ 37.994940972000165, 49.646981276000076 ], [ 37.974948445000052, 49.611649134000061 ], [ 37.944261361000088, 49.611265 ], [ 37.934307528000147, 49.589689054000075 ], [ 37.952660047999984, 49.568388578000167 ], [ 37.90105808300018, 49.573779613999989 ], [ 37.886320375000082, 49.549227716000189 ], [ 37.927178074000153, 49.547976709000181 ], [ 37.917508920000046, 49.534152040000038 ], [ 37.846790025000132, 49.520582580000109 ], [ 37.84386570300012, 49.44515432500009 ], [ 37.87582905000005, 49.446742276000123 ], [ 37.878429790000098, 49.41342351000003 ], [ 37.896108901000161, 49.403231959000152 ], [ 37.883739770000147, 49.312871704000088 ], [ 37.945936834000065, 49.303737807000118 ], [ 37.95837898200017, 49.285210845000165 ], [ 37.913350133000108, 49.27760052900004 ], [ 37.898949967000192, 49.270250448000013 ], [ 37.91151761500015, 49.259720837000032 ], [ 37.866169996, 49.246355521000112 ], [ 37.889736941000137, 49.211767440000074 ], [ 37.935121954000181, 49.191706665000027 ], [ 37.893302671000129, 49.175024582000049 ], [ 37.907627824000087, 49.151636980000092 ], [ 38.03977832400011, 49.126807485000143 ], [ 38.043240089999983, 49.150284128000067 ], [ 38.031426236000073, 49.151165021000054 ], [ 38.054448042000104, 49.178151649000029 ], [ 38.102491270000087, 49.178647072000103 ], [ 38.094655783000064, 49.192721472000017 ], [ 38.145913098000165, 49.197358661000123 ], [ 38.195461713000043, 49.175072714000123 ], [ 38.226226971000074, 49.184478292000108 ], [ 38.222234242000013, 49.174114262000046 ], [ 38.219825329000116, 49.159120201000121 ], [ 38.235840188000111, 49.18035989700013 ], [ 38.395810463000032, 49.189828096999975 ], [ 38.38588562200016, 49.200088324000092 ], [ 38.407328184999983, 49.211222353000039 ], [ 38.356038264000063, 49.207202005999989 ], [ 38.360340197000085, 49.262023162000162 ], [ 38.413629874000151, 49.275717408000105 ], [ 38.441038490000039, 49.307743854000194 ], [ 38.477339434000157, 49.298447297000052 ], [ 38.477035607000118, 49.283082094000179 ], [ 38.551866570000129, 49.279606523000098 ], [ 38.585407850000138, 49.342379171000061 ], [ 38.62537778300009, 49.356682078000176 ], [ 38.619682883000166, 49.389150993000158 ], [ 38.589875476000088, 49.396021276000113 ], [ 38.587132251000071, 49.411139294000066 ], [ 38.637147102000029, 49.434972211000172 ], [ 38.671331663000046, 49.427420026000107 ], [ 38.683304608000128, 49.394852523000111 ], [ 38.673250893000045, 49.379688002000137 ], [ 38.69227488100006, 49.362530143000072 ], [ 38.766954086000112, 49.353305922000061 ], [ 38.891192492000187, 49.377939509000157 ], [ 38.892262726000126, 49.397621002000108 ], [ 38.904289478000123, 49.397119637000117 ], [ 38.86371672000007, 49.427571444000023 ], [ 38.918303439999988, 49.505592624000087 ], [ 38.896295755000097, 49.584867914000142 ], [ 38.909894968000117, 49.623576833000072 ], [ 38.947298206000085, 49.623765782000191 ], [ 38.929951434000088, 49.63962433100005 ], [ 38.946300728000153, 49.640902717000131 ], [ 38.933445389999974, 49.653585572000111 ], [ 38.955877105000184, 49.679236849 ], [ 38.89073122800005, 49.725672938000173 ], [ 38.846560922000037, 49.72480481600013 ], [ 38.816020474000027, 49.706569922000028 ], [ 38.776994253000112, 49.713540947000126 ], [ 38.79532971499998, 49.777903317000153 ], [ 38.912065292000079, 49.818232297000066 ], [ 38.90433678300019, 49.848798763000161 ], [ 38.918246559000181, 49.858585557000083 ], [ 38.840033368000149, 49.865682906000131 ], [ 38.744630316000098, 49.897166453000182 ], [ 38.723633478000067, 49.92724322000015 ], [ 38.691992736000088, 49.936870463000105 ], [ 38.685935427000118, 49.962024332000055 ], [ 38.717680148000056, 49.983880740000131 ], [ 38.685753271000124, 50.007778803000122 ], [ 38.680546959000139, 49.974474600000121 ], [ 38.646868091000101, 49.95585040900005 ], [ 38.584443862000114, 49.977407340000127 ], [ 38.527170346000048, 49.958419254000034 ], [ 38.48846960000003, 49.963489467000045 ], [ 38.468618148000076, 49.995066465999969 ], [ 38.433831923000184, 50.000092970000026 ], [ 38.416585649000183, 49.981146835000175 ], [ 38.349987639000119, 50.00646538400008 ], [ 38.331522989000177, 50.073597426000106 ] ] ] } },
{ "type": "Feature", "properties": { "pcode": "UA4412", "name": "Siverskodonetskyi", "oblast_pcode": "UA44", "oblast": "Luhanska", "area_sqkm": 2696.5892429199998, "city_pop": 0.0, "pop": 333513, "included": true }, "geometry": { "type": "MultiPolygon", "coordinates": [ [ [ [ 38.477339434000157, 49.298447297000052 ], [ 38.439474264000125, 49.30743189400016 ], [ 38.413629874000151, 49.275717408000105 ], [ 38.360340197000085, 49.262023162000162 ], [ 38.356038264000063, 49.207202005999989 ], [ 38.407328184999983, 49.211222353000039 ], [ 38.38588562200016, 49.200088324000092 ], [ 38.395810463000032, 49.189828096999975 ], [ 38.235840188000111, 49.18035989700013 ], [ 38.219825329000116, 49.159120201000121 ], [ 38.226226971000074, 49.184478292000108 ], [ 38.195461713000043, 49.175072714000123 ], [ 38.145913098000165, 49.197358661000123 ], [ 38.054448042000104, 49.178151649000029 ], [ 38.031426236000073, 49.151165021000054 ], [ 38.08148741500014, 49.148180117000152 ], [ 38.0839152530001, 49.135313466000071 ], [ 38.052612190000104, 49.059404102000144 ], [ 38.098695349000138, 48.992401832000155 ], [ 38.052370299000074, 48.985726405000037 ], [ 38.053651442000103, 48.965182380000101 ], [ 38.029387148000069, 48.974576385000091 ], [ 38.004181477000088, 48.94594691900005 ], [ 38.132825661000084, 48.92373346 ], [ 38.223845989000097, 48.934787144000154 ], [ 38.221273883000038, 48.839403649000133 ], [ 38.313684743000181, 48.828423985000143 ], [ 38.316546224999968, 48.813936177000073 ], [ 38.278909939000073, 48.803360597000108 ], [ 38.28319851200007, 48.773259049000103 ], [ 38.263228440000148, 48.750207715000101 ], [ 38.319934406000129, 48.733405724000193 ], [ 38.325084920000108, 48.714177076000112 ], [ 38.303615728000125, 48.71208750400001 ], [ 38.313059541000143, 48.684002263000195 ], [ 38.258049903000028, 48.667950364000149 ], [ 38.231324223000115, 48.653133636000064 ], [ 38.233472079000194, 48.639940422000166 ], [ 38.26241425700016, 48.642401992000089 ], [ 38.273908536000079, 48.545351549000031 ], [ 38.318799766000041, 48.509228877000169 ], [ 38.297503891000076, 48.49520649100009 ], [ 38.30546411600011, 48.475184184000113 ], [ 38.288627878000057, 48.476099399000077 ], [ 38.340943824000078, 48.437292494000076 ], [ 38.372214751000115, 48.442542524000146 ], [ 38.381719468000028, 48.429291723 ], [ 38.433138863000067, 48.447428227000159 ], [ 38.428881973000102, 48.46521212000016 ], [ 38.452637296000148, 48.467158050000023 ], [ 38.481672905000153, 48.523953825000092 ], [ 38.459213471000112, 48.529568468000036 ], [ 38.444638011000052, 48.569958760000077 ], [ 38.404313507000154, 48.563251870999977 ], [ 38.397024884000075, 48.581482647000144 ], [ 38.40011661200009, 48.59911763700012 ], [ 38.450163005000149, 48.625676795000118 ], [ 38.420970503999968, 48.641000577000057 ], [ 38.469427516999986, 48.639607620000163 ], [ 38.478875577000167, 48.65544118400004 ], [ 38.41727364999997, 48.641984501000138 ], [ 38.420477068000025, 48.656363126000088 ], [ 38.395992803000183, 48.660021524000115 ], [ 38.45956379, 48.697380897000073 ], [ 38.495532333000085, 48.690657670000064 ], [ 38.469874819000097, 48.683791030000179 ], [ 38.48694491599997, 48.679333640000152 ], [ 38.478282562, 48.670916048000038 ], [ 38.5100761650001, 48.683458109000071 ], [ 38.551762397000118, 48.672965761000057 ], [ 38.548537682000187, 48.660175554000034 ], [ 38.579982446000088, 48.678118988 ], [ 38.530703626000047, 48.686337239000125 ], [ 38.524826078000103, 48.716615641000146 ], [ 38.497656427000152, 48.724390977000098 ], [ 38.521248062000154, 48.733956923000051 ], [ 38.508373716000051, 48.750849275000064 ], [ 38.519161366000162, 48.772972585000048 ], [ 38.479652715000157, 48.784837288000176 ], [ 38.558034500000076, 48.779553067000052 ], [ 38.593447259000129, 48.758384472000103 ], [ 38.648693523000134, 48.767533219000086 ], [ 38.659854221000046, 48.746491471000127 ], [ 38.678769598000088, 48.752632322000068 ], [ 38.685293325000089, 48.716589486000032 ], [ 38.843405039000174, 48.671442953000167 ], [ 38.864668979000044, 48.695062328000176 ], [ 38.882687112000099, 48.692999389000136 ], [ 38.901288270000123, 48.739675552000051 ], [ 38.901085065000075, 48.751271121000173 ], [ 38.798452524000027, 48.752275588000032 ], [ 38.764671440000029, 48.769972207000137 ], [ 38.696971586000132, 48.759108389000062 ], [ 38.658144906000132, 48.770178235000117 ], [ 38.69444575, 48.799422975000084 ], [ 38.662651891000053, 48.810628283000142 ], [ 38.69596995600017, 48.829631753000058 ], [ 38.659416882000187, 48.85689924400009 ], [ 38.721448949000035, 48.87301259200018 ], [ 38.697396753000191, 48.88313903300002 ], [ 38.822757841000112, 48.973558480000179 ], [ 38.821065512000189, 49.006450853000047 ], [ 38.801153076000162, 49.006447829000138 ], [ 38.821195758000101, 49.019320974000095 ], [ 38.817952765000086, 49.054771681000091 ], [ 38.690753449000113, 49.045628965000162 ], [ 38.692525164000074, 49.066235308000103 ], [ 38.722381465000126, 49.067707415000143 ], [ 38.719313542, 49.091468018000114 ], [ 38.696828893000088, 49.08995408300018 ], [ 38.690184841000189, 49.104878202000179 ], [ 38.689049898000121, 49.160823726000103 ], [ 38.613496113000053, 49.174472995000144 ], [ 38.625622165000095, 49.196826379000129 ], [ 38.504231736000179, 49.202625454000042 ], [ 38.513174084000184, 49.222501808000061 ], [ 38.475502689000166, 49.246629120000136 ], [ 38.486208074000103, 49.259236450000174 ], [ 38.477339434000157, 49.298447297000052 ] ] ], [ [ [ 38.452362115000028, 48.652653762000114 ], [ 38.456799869000065, 48.658285108000143 ], [ 38.449680431000047, 48.656110556000158 ], [ 38.452362115000028, 48.652653762000114 ] ] ], [ [ [ 38.471416333999969, 48.658516521000195 ], [ 38.501122745000032, 48.675257238000029 ], [ 38.460792711000181, 48.663821145000156 ], [ 38.471416333999969, 48.658516521000195 ] ] ], [ [ [ 38.584237120000068, 48.703594017000114 ], [ 38.565486543000191, 48.726396559000136 ], [ 38.549147743000105, 48.726873798999975 ], [ 38.584237120000068, 48.703594017000114 ] ] ], [ [ [ 38.636852204000149, 48.727610515000038 ], [ 38.625316947000044, 48.722860757000149 ], [ 38.636649600000055, 48.722379233000083 ], [ 38.636852204000149, 48.727610515000038 ] ] ], [ [ [ 38.592234868000105, 48.729486825000038 ], [ 38.590112815000111, 48.73478221 ], [ 38.576408379000043, 48.730913595000118 ], [ 38.592234868000105, 48.729486825000038 ] ] ] ] } },
{ "type": "Feature", "properties": { "pcode": "UA4414", "name": "Starobilskyi", "oblast_pcode": "UA44", "oblast": "Luhanska", "area_sqkm": 6941.4888747100003, "city_pop": 0.0, "pop": 196006, "included": true }, "geometry": { "type": "Polygon", "coordinates": [ [ [ 39.250379834000171, 49.777260257000194 ], [ 39.226265267000031, 49.839939986 ], [ 39.179821991999972, 49.888628704000098 ], [ 39.066857696000113, 49.815507135000189 ], [ 39.021601629000088, 49.821428699000023 ], [ 38.948862518, 49.796108727000103 ], [ 38.889043707000155, 49.818751248000126 ], [ 38.838327523000146, 49.784847997000099 ], [ 38.79532971499998, 49.777903317000153 ], [ 38.776994253000112, 49.713540947000126 ], [ 38.816020474000027, 49.706569922000028 ], [ 38.846560922000037, 49.72480481600013 ], [ 38.89073122800005, 49.725672938000173 ], [ 38.955877105000184, 49.679236849 ], [ 38.933445389999974, 49.653585572000111 ], [ 38.946300728000153, 49.640902717000131 ], [ 38.929951434000088, 49.63962433100005 ], [ 38.947298206000085, 49.623765782000191 ], [ 38.909894968000117, 49.623576833000072 ], [ 38.896295755000097, 49.584867914000142 ], [ 38.918303439999988, 49.505592624000087 ], [ 38.86371672000007, 49.427571444000023 ], [ 38.904289478000123, 49.397119637000117 ], [ 38.892262726000126, 49.397621002000108 ], [ 38.891192492000187, 49.377939509000157 ], [ 38.766581028000132, 49.353296014000136 ], [ 38.678281541999979, 49.371294686000056 ], [ 38.671331663000046, 49.427420026000107 ], [ 38.611167311000088, 49.427284200000088 ], [ 38.584488720000081, 49.40051279100004 ], [ 38.619682883000166, 49.389150993000158 ], [ 38.62537778300009, 49.356682078000176 ], [ 38.585407850000138, 49.342379171000061 ], [ 38.551866570000129, 49.279606523000098 ], [ 38.477035607000118, 49.283082094000179 ], [ 38.486208074000103, 49.259236450000174 ], [ 38.475502689000166, 49.246629120000136 ], [ 38.513174084000184, 49.222501808000061 ], [ 38.504231736000179, 49.202625454000042 ], [ 38.625622165000095, 49.196826379000129 ], [ 38.613496113000053, 49.174472995000144 ], [ 38.689049898000121, 49.160823726000103 ], [ 38.690184841000189, 49.104878202000179 ], [ 38.696828893000088, 49.08995408300018 ], [ 38.719313542, 49.091468018000114 ], [ 38.722381465000126, 49.067707415000143 ], [ 38.692525164000074, 49.066235308000103 ], [ 38.690753449000113, 49.045628965000162 ], [ 38.817952765000086, 49.054771681000091 ], [ 38.815722245000131, 49.093908256000077 ], [ 38.878725769000141, 49.121422265000092 ], [ 39.138559274000045, 49.09767314200019 ], [ 39.143218062000074, 49.128009653000163 ], [ 39.188990404000094, 49.116923033000148 ], [ 39.24199543300017, 49.126907408000136 ], [ 39.225570378000157, 49.109165310000151 ], [ 39.244290633000048, 49.093881491000047 ], [ 39.305930371000045, 49.099654871000098 ], [ 39.429714811000053, 49.055544666000173 ], [ 39.446460512000101, 49.063967091000109 ], [ 39.433188053000038, 49.077241032000188 ], [ 39.446300245000089, 49.105693540000118 ], [ 39.463079796000159, 49.105151585000158 ], [ 39.466572262000113, 49.086757958000135 ], [ 39.504898365000145, 49.088826208 ], [ 39.495893814, 49.072697703000017 ], [ 39.53550380900009, 48.991914349000069 ], [ 39.585772910000117, 48.977036436000162 ], [ 39.626019660000168, 49.004095997999968 ], [ 39.649539516000061, 48.982844113000112 ], [ 39.675924793000092, 48.990033782000182 ], [ 39.663574283000173, 49.00086093900012 ], [ 39.685004332000062, 49.03429356900017 ], [ 39.671730068000045, 49.040614394000102 ], [ 39.693636095000045, 49.050412820000133 ], [ 39.766233511000053, 49.040084997000122 ], [ 39.808917732000111, 49.060842430000093 ], [ 39.937833141, 49.056360582000195 ], [ 39.938559298000143, 49.082890891000034 ], [ 40.030873194000094, 49.179427929000155 ], [ 40.077446503000033, 49.186938244000089 ], [ 40.136766983000143, 49.239363824000122 ], [ 40.208447673000137, 49.242133611000042 ], [ 40.227882852000164, 49.260571792000178 ], [ 40.185591074000172, 49.284681300000159 ], [ 40.194553606000113, 49.346753517000138 ], [ 40.029357111000138, 49.45332983500009 ], [ 40.038462628000104, 49.51996530700012 ], [ 40.168901001000108, 49.568898040000079 ], [ 40.135578212000098, 49.616495762000113 ], [ 40.064954543000113, 49.59885214600007 ], [ 39.951885947000108, 49.596854498000027 ], [ 39.934809676000043, 49.573181272000056 ], [ 39.891933324000036, 49.558587962000161 ], [ 39.807637961000182, 49.556646456000124 ], [ 39.74904009800008, 49.59762910600017 ], [ 39.658894399000189, 49.61532211399998 ], [ 39.591332266, 49.718895251000106 ], [ 39.609941265000089, 49.733540297000161 ], [ 39.44258072000008, 49.759984905000124 ], [ 39.378521197000168, 49.738593304 ], [ 39.285302809000029, 49.755319992000011 ], [ 39.250379834000171, 49.777260257000194 ] ] ] } },
{ "type": "Feature", "properties": { "pcode": "UA4416", "name": "Shchastynskyi", "oblast_pcode": "UA44", "oblast": "Luhanska", "area_sqkm": 3367.7098430599999, "city_pop": 0.0, "pop": 101042, "included": true }, "geometry": { "type": "Polygon", "coordinates": [ [ [ 39.188336593000088, 49.117034443000136 ], [ 39.143218062000074, 49.128009653000163 ], [ 39.138559274000045, 49.09767314200019 ], [ 38.878725769000141, 49.121422265000092 ], [ 38.815722245000131, 49.093908256000077 ], [ 38.821195758000101, 49.019320974000095 ], [ 38.801153076000162, 49.006447829000138 ], [ 38.821065512000189, 49.006450853000047 ], [ 38.822757841000112, 48.973558480000179 ], [ 38.697396753000191, 48.88313903300002 ], [ 38.721448949000035, 48.87301259200018 ], [ 38.659416882000187, 48.85689924400009 ], [ 38.69596995600017, 48.829631753000058 ], [ 38.662651891000053, 48.810628283000142 ], [ 38.69444575, 48.799422975000084 ], [ 38.658144906000132, 48.770178235000117 ], [ 38.696971586000132, 48.759108389000062 ], [ 38.764671440000029, 48.769972207000137 ], [ 38.798452524000027, 48.752275588000032 ], [ 38.937564679000047, 48.747607703000085 ], [ 38.942753224000057, 48.734697798000127 ], [ 38.979991439000173, 48.745302184000195 ], [ 39.00056878100014, 48.721019871000067 ], [ 38.985822360999975, 48.711712368000065 ], [ 39.016748198000073, 48.695264717000157 ], [ 39.028953549000164, 48.663923750000038 ], [ 39.011166171000127, 48.660470923000048 ], [ 39.044892, 48.647049787000185 ], [ 39.140563127000064, 48.660351933000186 ], [ 39.195839161000038, 48.707308122000029 ], [ 39.247733680000067, 48.712712868000096 ], [ 39.255246405000037, 48.742741245000161 ], [ 39.32520636300012, 48.776864830000136 ], [ 39.355370221000101, 48.767564417000187 ], [ 39.344606328000054, 48.757802882000135 ], [ 39.355152611000051, 48.726702463000038 ], [ 39.375061547000087, 48.718832270000121 ], [ 39.348468418000039, 48.712179744000196 ], [ 39.356368032000148, 48.698964402000115 ], [ 39.413356730000089, 48.670469594 ], [ 39.41034148500006, 48.658727930000168 ], [ 39.451715334000085, 48.656053109000084 ], [ 39.467621682000072, 48.628418714000077 ], [ 39.515906128000097, 48.634036329000082 ], [ 39.531394300000159, 48.585315218000062 ], [ 39.562403064000023, 48.598952945000178 ], [ 39.569836036000083, 48.582061110000097 ], [ 39.601915615000053, 48.592494677000161 ], [ 39.596094055000094, 48.577356897000186 ], [ 39.610798590000059, 48.573728414000072 ], [ 39.621763880000117, 48.587058173000116 ], [ 39.691171638000185, 48.586342013000035 ], [ 39.660462194000161, 48.608777161000035 ], [ 39.723112789000027, 48.683497466000063 ], [ 39.704112302000112, 48.720373793000078 ], [ 39.739290429999983, 48.743527360000087 ], [ 39.743811922000191, 48.770633679000127 ], [ 39.76802610600015, 48.765677472000107 ], [ 39.799796767000089, 48.84239872500018 ], [ 39.97596137000005, 48.793160065000052 ], [ 40.079051647000142, 48.869667060000097 ], [ 40.060021042000187, 48.908867520000115 ], [ 40.035187468000174, 48.915803745000176 ], [ 40.00404475300013, 48.901232853000181 ], [ 39.993210487000056, 48.868116833000045 ], [ 39.925065837000034, 48.895577358000082 ], [ 39.853133094999976, 48.890584088000082 ], [ 39.83803505200018, 48.903048008000042 ], [ 39.827121981000062, 48.88630602600017 ], [ 39.818849190000094, 48.907762961000117 ], [ 39.775299341000164, 48.921995890000119 ], [ 39.790421956000102, 48.938709944000152 ], [ 39.752523316000122, 48.985973483 ], [ 39.726603612000133, 48.975522965000096 ], [ 39.699425950000148, 49.000825769000016 ], [ 39.649539516000061, 48.982844113000112 ], [ 39.626019660000168, 49.004095997999968 ], [ 39.585772910000117, 48.977036436000162 ], [ 39.53550380900009, 48.991914349000069 ], [ 39.495893814, 49.072697703000017 ], [ 39.504898365000145, 49.088826208 ], [ 39.466572262000113, 49.086757958000135 ], [ 39.463079796000159, 49.105151585000158 ], [ 39.446300245000089, 49.105693540000118 ], [ 39.433188053000038, 49.077241032000188 ], [ 39.446460512000101, 49.063967091000109 ], [ 39.429714811000053, 49.055544666000173 ], [ 39.305930371000045, 49.099654871000098 ], [ 39.244290633000048, 49.093881491000047 ], [ 39.225570378000157, 49.109165310000151 ], [ 39.24199543300017, 49.126907408000136 ], [ 39.188336593000088, 49.117034443000136 ] ] ] } },
{ "type": "Feature", "properties": { "pcode": "UA4602", "name": "Drohobytskyi", "oblast_pcode": "UA46", "oblast": "Lvivska", "area_sqkm": 1490.4546477900001, "city_pop": 0.0, "pop": 115859, "included": true }, "geometry": { "type": "Polygon", "coordinates": [ [ [ 23.789573246000032, 49.493598938000162 ], [ 23.572848428999976, 49.546362677000047 ], [ 23.554567999000028, 49.496129 ], [ 23.401955460000124, 49.484554528000047 ], [ 23.388007089000041, 49.462402141000098 ], [ 23.334368596000104, 49.453802124000049 ], [ 23.287965378000138, 49.465843451000069 ], [ 23.272397856000111, 49.438043782000193 ], [ 23.24789339900002, 49.431227107999973 ], [ 23.26752254500002, 49.416230948000191 ], [ 23.219873130000053, 49.352332091000051 ], [ 23.168227945000183, 49.366032361000123 ], [ 23.145468446999985, 49.344028477999984 ], [ 23.112491270000191, 49.339566629000046 ], [ 23.127555912, 49.322679961000119 ], [ 23.105198488000042, 49.31701254900014 ], [ 23.118607994000058, 49.308085975000154 ], [ 23.10925508300005, 49.302173394000079 ], [ 23.160634652000113, 49.268374006000045 ], [ 23.143598077000149, 49.244060846000082 ], [ 23.16070862100014, 49.236296156000151 ], [ 23.153293544000064, 49.221116555000151 ], [ 23.219520423000063, 49.175813221000169 ], [ 23.156917000000192, 49.11941400000012 ], [ 23.152935914000125, 49.098744507000106 ], [ 23.249886489000119, 49.028625290000036 ], [ 23.274097526000048, 49.055090672000119 ], [ 23.284662333000142, 49.102489535000132 ], [ 23.270052442000178, 49.128616017000013 ], [ 23.308885246000159, 49.154028660000108 ], [ 23.3519772840001, 49.13420775000003 ], [ 23.39239600000019, 49.177116 ], [ 23.357409001, 49.202546 ], [ 23.429657000000134, 49.229561000000103 ], [ 23.413104001000193, 49.219577000000186 ], [ 23.443037999000182, 49.195958000000132 ], [ 23.515145902000086, 49.175189879000129 ], [ 23.49435006300007, 49.132548531000168 ], [ 23.516982492000125, 49.118743561000144 ], [ 23.519196344000022, 49.138071454000169 ], [ 23.568499969000072, 49.14206549000005 ], [ 23.559027101000027, 49.15581067300019 ], [ 23.581220491000124, 49.178924156000107 ], [ 23.569039126, 49.202249376000054 ], [ 23.581907147000095, 49.21144740699998 ], [ 23.633991675000118, 49.202994629000159 ], [ 23.672094678000178, 49.219874604000154 ], [ 23.6918808530001, 49.250860565000039 ], [ 23.663950786000157, 49.268824535000078 ], [ 23.67105400100013, 49.287012999000069 ], [ 23.725885000000176, 49.302984 ], [ 23.746579023000095, 49.335886512000116 ], [ 23.782120221000184, 49.337464972000134 ], [ 23.789793073000169, 49.351064721000171 ], [ 23.771882976000029, 49.360722028000112 ], [ 23.808167906000051, 49.379388283000139 ], [ 23.783617793000076, 49.421985064000012 ], [ 23.801305250000098, 49.448897332000115 ], [ 23.765379664000022, 49.463001343000087 ], [ 23.760724998000171, 49.447134847000029 ], [ 23.737897059999966, 49.44859592 ], [ 23.734565350000025, 49.465538540000125 ], [ 23.753834560000087, 49.465725120000116 ], [ 23.742596752000168, 49.483785843000135 ], [ 23.783415175000016, 49.479208744000061 ], [ 23.789573246000032, 49.493598938000162 ] ] ] } },
{ "type": "Feature", "properties": { "pcode": "UA4604", "name": "Zolochivskyi", "oblast_pcode": "UA46", "oblast": "Lvivska", "area_sqkm": 2921.42681146, "city_pop": 0.0, "pop": 200958, "included": true }, "geometry": { "type": "Polygon", "coordinates": [ [ [ 25.067256787000133, 50.296950950000166 ], [ 25.033022, 50.281552 ], [ 25.052290001000074, 50.257228 ], [ 24.993518484000163, 50.196531728000139 ], [ 24.91185820600009, 50.178427946000056 ], [ 24.868559342000083, 50.184320109000055 ], [ 24.858075382000038, 50.170773774 ], [ 24.835929914000019, 50.178997806000154 ], [ 24.830705965000107, 50.161548601000106 ], [ 24.867377262, 50.157503037000026 ], [ 24.857005999000137, 50.153404 ], [ 24.722093403000031, 50.136503727 ], [ 24.672636377000117, 50.145918859000119 ], [ 24.628807001000098, 50.119231 ], [ 24.530099596000071, 50.117592126000147 ], [ 24.535369122000191, 50.096982088000175 ], [ 24.436452123000038, 50.106925612000111 ], [ 24.435704276000081, 50.091275502000144 ], [ 24.462433218000058, 50.087829269000054 ], [ 24.450387631000012, 50.07430800100019 ], [ 24.472287001000097, 50.052369000000112 ], [ 24.492678593000164, 50.059758891000058 ], [ 24.496747135000135, 50.0390288910001 ], [ 24.552720794000038, 50.021122933000015 ], [ 24.481707801000141, 50.015231060000076 ], [ 24.483754575000034, 50.000873615000046 ], [ 24.443083473000172, 49.977328924000176 ], [ 24.456496890000039, 49.962492472000065 ], [ 24.43518012200002, 49.946006672000124 ], [ 24.435967143000084, 49.894404005000013 ], [ 24.391848188000154, 49.899930438000126 ], [ 24.387939663000111, 49.887339106000184 ], [ 24.35430825800006, 49.883911125000111 ], [ 24.353586122000138, 49.868610127000125 ], [ 24.453379345000144, 49.846043778000194 ], [ 24.502950897000062, 49.865311430000133 ], [ 24.606133001000046, 49.830995 ], [ 24.605955594000022, 49.809914200000094 ], [ 24.589782141000057, 49.805027015000121 ], [ 24.613352582000118, 49.794897755000079 ], [ 24.608399477000034, 49.771974424000121 ], [ 24.693888600000037, 49.738528794 ], [ 24.705664786000057, 49.727521522000188 ], [ 24.696254484000065, 49.708120362000045 ], [ 24.76408582800002, 49.72135315800017 ], [ 24.782442460000084, 49.713039596000101 ], [ 24.788178104, 49.676424535000024 ], [ 24.849049930999968, 49.684457485000166 ], [ 24.853925964000098, 49.660458421000101 ], [ 24.817702025000074, 49.658094348000134 ], [ 24.844123294000099, 49.64379676100009 ], [ 24.828660960999969, 49.622269606000032 ], [ 24.851074846000074, 49.621321477000151 ], [ 24.845819863000088, 49.60105867700014 ], [ 24.864054904000113, 49.599199506000048 ], [ 24.87413797500011, 49.609397449000141 ], [ 24.903253251000024, 49.599214524000047 ], [ 24.908935368000016, 49.614779759000157 ], [ 24.941596928000081, 49.6081182960001 ], [ 24.929750972000136, 49.617355833000147 ], [ 24.9517742110001, 49.614272165000102 ], [ 24.966475711000044, 49.640753869000037 ], [ 24.982716358000062, 49.636629607000032 ], [ 25.022505823000074, 49.736053046000166 ], [ 25.067598684000075, 49.711491014000046 ], [ 25.111851001000048, 49.741482000000133 ], [ 25.072344096000165, 49.770216345000051 ], [ 25.089792261000071, 49.782147489000124 ], [ 25.083257294000191, 49.827238920000184 ], [ 25.137566714000116, 49.81490604600009 ], [ 25.180341644000123, 49.83802982800006 ], [ 25.285906115000159, 49.827896389000159 ], [ 25.299110512000141, 49.853707194000094 ], [ 25.375199999000131, 49.86800600000015 ], [ 25.387233312000035, 49.932611073000089 ], [ 25.42689758500012, 49.941972274000079 ], [ 25.403875976, 49.947756429000037 ], [ 25.402402097, 49.985859916000095 ], [ 25.311213839000118, 50.023845263000055 ], [ 25.19725006200008, 50.131099979 ], [ 25.214957103000131, 50.179753560000165 ], [ 25.165470639000091, 50.209219255000164 ], [ 25.190004769000041, 50.248723074000168 ], [ 25.206462315000181, 50.247289602000194 ], [ 25.204898982000032, 50.279219654000144 ], [ 25.067256787000133, 50.296950950000166 ] ] ] } },
{ "type": "Feature", "properties": { "pcode": "UA4606", "name": "Lvivskyi", "oblast_pcode": "UA46", "oblast": "Lvivska", "area_sqkm": 4964.8399077100003, "city_pop": 710606.0, "pop": 1178142, "included": true }, "geometry": { "type": "Polygon", "coordinates": [ [ [ 23.685646634000079, 50.299848790999988 ], [ 23.677003090000085, 50.329362032000063 ], [ 23.638841077999984, 50.320478541 ], [ 23.580950164, 50.265979919000074 ], [ 23.447995018000086, 50.199354360000086 ], [ 23.48800616, 50.188562362000141 ], [ 23.50503846099997, 50.151465066000071 ], [ 23.527621270000054, 50.175727865000056 ], [ 23.580376507999972, 50.175138571000105 ], [ 23.598210667000046, 50.145185214000037 ], [ 23.628133746000117, 50.141896253000141 ], [ 23.618240512999989, 50.133965852000074 ], [ 23.77351599900004, 50.06912 ], [ 23.784462485000176, 50.035703956000077 ], [ 23.809318577000113, 50.025470284000107 ], [ 23.812022904000116, 49.995277792000081 ], [ 23.899866167000084, 49.971974551000073 ], [ 23.921961613000065, 49.926710263000189 ], [ 23.939237645000048, 49.937305055000195 ], [ 23.919209242000136, 49.891796897000177 ], [ 23.858639219999986, 49.877840027000161 ], [ 23.885344145999966, 49.850196688000096 ], [ 23.872172994000152, 49.844790912000121 ], [ 23.714680728000189, 49.84333373700008 ], [ 23.69239619300015, 49.86115165300015 ], [ 23.639991001, 49.824706001000152 ], [ 23.582093332000113, 49.855301387000111 ], [ 23.584690995000187, 49.876745318000076 ], [ 23.568875241000057, 49.880845643000157 ], [ 23.533927317000177, 49.868475773000057 ], [ 23.485270690000164, 49.82062872500012 ], [ 23.443668960000082, 49.823399026000118 ], [ 23.46045084800005, 49.807961729000112 ], [ 23.451804745000061, 49.779747104000194 ], [ 23.462556443000096, 49.765641035000044 ], [ 23.43574394500007, 49.755337676000067 ], [ 23.45126059800009, 49.744076061000101 ], [ 23.418937506000134, 49.68864416200006 ], [ 23.43819128399997, 49.676797146000069 ], [ 23.485683952000045, 49.705850672000167 ], [ 23.500083864000146, 49.677293842000097 ], [ 23.536689270000181, 49.680590483000117 ], [ 23.570013889000109, 49.638379917000123 ], [ 23.615697866, 49.655614541000034 ], [ 23.605339706999985, 49.645235733000163 ], [ 23.630325918000153, 49.635927571000025 ], [ 23.623889320000103, 49.608711859000096 ], [ 23.603233365000165, 49.602370647000157 ], [ 23.649396933000048, 49.573101721000171 ], [ 23.638198000000102, 49.531832 ], [ 23.649663000000146, 49.521273 ], [ 23.713104000000101, 49.516902999000195 ], [ 23.716387917000134, 49.500685493000049 ], [ 23.740876523000054, 49.499863390000144 ], [ 23.766177292000066, 49.50558280100006 ], [ 23.725682, 49.530126000000166 ], [ 23.764909155000055, 49.534829693000063 ], [ 23.777324757000088, 49.51111611400006 ], [ 23.79917277800007, 49.531435847000068 ], [ 23.81839489000015, 49.513086181000062 ], [ 23.818740202000129, 49.532552863000149 ], [ 23.786587633000181, 49.552370865000114 ], [ 23.784089000999984, 49.579929 ], [ 23.822881301000166, 49.605654202000153 ], [ 23.846813854000175, 49.580119417000105 ], [ 23.932149235000111, 49.569956359000116 ], [ 23.961484081000037, 49.593094311000186 ], [ 23.914563281000028, 49.614315920000081 ], [ 23.910497681000095, 49.631832262000046 ], [ 23.929000542999972, 49.627844036000113 ], [ 23.937057216000028, 49.658475233000104 ], [ 24.015013488000022, 49.62457566400002 ], [ 24.036989780000056, 49.647672777000025 ], [ 24.057894586000089, 49.639477568000075 ], [ 24.128369274000136, 49.579344551000133 ], [ 24.265887000000134, 49.563233 ], [ 24.306426097000156, 49.53756363500014 ], [ 24.317729354000051, 49.496812567000063 ], [ 24.441358691000119, 49.503939596000066 ], [ 24.434474354000088, 49.536705855000037 ], [ 24.475774382000111, 49.559352718000014 ], [ 24.521336123000026, 49.54263180200013 ], [ 24.50758012600005, 49.535511701000132 ], [ 24.518161162000126, 49.521869055000082 ], [ 24.573381064000102, 49.534302863000164 ], [ 24.63851715200019, 49.497649141000181 ], [ 24.699574300000108, 49.49334702800013 ], [ 24.72155960900011, 49.499757360999979 ], [ 24.729282463000118, 49.547151839000151 ], [ 24.71797289400007, 49.570316596000168 ], [ 24.791193038000074, 49.57268011400015 ], [ 24.82812790100013, 49.592942110000138 ], [ 24.8398714490001, 49.580931280000016 ], [ 24.833622404000096, 49.599261026000192 ], [ 24.851074846000074, 49.621321477000151 ], [ 24.828660960999969, 49.622269606000032 ], [ 24.844123294000099, 49.64379676100009 ], [ 24.817702025000074, 49.658094348000134 ], [ 24.853925964000098, 49.660458421000101 ], [ 24.849049930999968, 49.684457485000166 ], [ 24.788178104, 49.676424535000024 ], [ 24.782442460000084, 49.713039596000101 ], [ 24.76408582800002, 49.72135315800017 ], [ 24.696254484000065, 49.708120362000045 ], [ 24.705664786000057, 49.727521522000188 ], [ 24.693888600000037, 49.738528794 ], [ 24.608399477000034, 49.771974424000121 ], [ 24.613352582000118, 49.794897755000079 ], [ 24.589782141000057, 49.805027015000121 ], [ 24.605955594000022, 49.809914200000094 ], [ 24.606133001000046, 49.830995 ], [ 24.502950897000062, 49.865311430000133 ], [ 24.453379345000144, 49.846043778000194 ], [ 24.353586122000138, 49.868610127000125 ], [ 24.35430825800006, 49.883911125000111 ], [ 24.387939663000111, 49.887339106000184 ], [ 24.391848188000154, 49.899930438000126 ], [ 24.435967143000084, 49.894404005000013 ], [ 24.43518012200002, 49.946006672000124 ], [ 24.456496890000039, 49.962492472000065 ], [ 24.443083473000172, 49.977328924000176 ], [ 24.483754575000034, 50.000873615000046 ], [ 24.481707801000141, 50.015231060000076 ], [ 24.552720794000038, 50.021122933000015 ], [ 24.496747135000135, 50.0390288910001 ], [ 24.492678593000164, 50.059758891000058 ], [ 24.472817147000114, 50.052010138000128 ], [ 24.450387631000012, 50.07430800100019 ], [ 24.462433218000058, 50.087829269000054 ], [ 24.435704276000081, 50.091275502000144 ], [ 24.436452123000038, 50.106925612000111 ], [ 24.535369122000191, 50.096982088000175 ], [ 24.526693932000057, 50.133277315000043 ], [ 24.436889410000049, 50.133038075000172 ], [ 24.4272650260001, 50.137842816000045 ], [ 24.456455102000177, 50.159181273000172 ], [ 24.38875617900004, 50.175429232000113 ], [ 24.337849593999977, 50.15912754500016 ], [ 24.34787473900019, 50.174104230000069 ], [ 24.313273999000103, 50.198839 ], [ 24.253539, 50.199019 ], [ 24.203541407000102, 50.13048655200015 ], [ 24.14857635400017, 50.159359891 ], [ 24.134677983000131, 50.114523813 ], [ 24.104840388000071, 50.115642453000191 ], [ 24.108275327000115, 50.142362855000044 ], [ 24.071625653000126, 50.166047108999976 ], [ 24.091080457000089, 50.16761601900015 ], [ 24.091432462, 50.203251234000106 ], [ 23.97257791200002, 50.202392644000156 ], [ 23.973483306000162, 50.220099542000071 ], [ 23.913125168000136, 50.220183039000119 ], [ 23.884961224999984, 50.254989786000124 ], [ 23.814078586000051, 50.268439148000084 ], [ 23.795271231000129, 50.299935558000186 ], [ 23.685646634000079, 50.299848790999988 ] ], [ [ 24.062321210999983, 50.161292008000089 ], [ 24.058395211000061, 50.164365007000072 ], [ 24.067094210000107, 50.164392008000107 ], [ 24.062321210999983, 50.161292008000089 ] ] ] } },
{ "type": "Feature", "properties": { "pcode": "UA4608", "name": "Sambirskyi", "oblast_pcode": "UA46", "oblast": "Lvivska", "area_sqkm": 3251.6656369699999, "city_pop": 0.0, "pop": 265039, "included": true }, "geometry": { "type": "Polygon", "coordinates": [ [ [ 23.404368777000059, 49.758080968000058 ], [ 23.38437540000001, 49.745343515000116 ], [ 23.397753624000131, 49.734726047000038 ], [ 23.381095235000146, 49.714743797000153 ], [ 23.405160743000067, 49.706023966000146 ], [ 23.403591353000024, 49.683576570000184 ], [ 23.356620804999977, 49.678707411000119 ], [ 23.349993705000031, 49.665506799000184 ], [ 23.316762986000015, 49.674334933000182 ], [ 23.311796531000084, 49.653868299000123 ], [ 23.269229133000181, 49.64355301500018 ], [ 23.156328331000054, 49.65457201300012 ], [ 23.079103841000062, 49.634509129000094 ], [ 23.046097548000148, 49.648873418000164 ], [ 23.035855063999975, 49.638668896000127 ], [ 23.050786873999982, 49.631949529000053 ], [ 23.028253456000073, 49.624586327000145 ], [ 22.969832535000023, 49.635425390000137 ], [ 23.002240261000054, 49.635895845999983 ], [ 22.964869312000133, 49.665809775000184 ], [ 22.97314977700006, 49.675517802000059 ], [ 22.910073901000032, 49.683553532000076 ], [ 22.923352345000012, 49.696957596000118 ], [ 22.909316489000105, 49.709016565000013 ], [ 22.849522001000025, 49.714814001000093 ], [ 22.805413924000106, 49.693328784000073 ], [ 22.674630352000065, 49.549138366000079 ], [ 22.640716009000187, 49.529894948000049 ], [ 22.651398145000087, 49.508186797000064 ], [ 22.696520530999976, 49.495071262000124 ], [ 22.74684, 49.36 ], [ 22.739434973000186, 49.247323394000034 ], [ 22.714782572000104, 49.226452362000089 ], [ 22.747596335000082, 49.215385429000037 ], [ 22.707378495000057, 49.174468894000086 ], [ 22.718658350000169, 49.164826896000022 ], [ 22.755997197000056, 49.182589317000065 ], [ 22.739104079000128, 49.157869655000013 ], [ 22.789175975000092, 49.157616435000023 ], [ 22.793483446999971, 49.137734687000091 ], [ 22.831073896000134, 49.11098810600015 ], [ 22.892640208000046, 49.094551422000166 ], [ 22.86445642700005, 49.066723713000101 ], [ 22.891730278000125, 49.007843384000068 ], [ 22.868769327000052, 49.003553081000121 ], [ 22.897921373000145, 49.004863716000102 ], [ 22.919142443000055, 48.969959768000138 ], [ 22.874586387000136, 48.957843051000054 ], [ 22.873306337000088, 48.940842555000131 ], [ 22.898222560000079, 48.904347114000018 ], [ 22.970474164000052, 48.874365885000145 ], [ 22.97474339900009, 48.844851875000131 ], [ 23.00100847300007, 48.82951416200018 ], [ 23.020117294000102, 48.847175183000161 ], [ 23.096982899000182, 48.862854928000104 ], [ 23.148930466000024, 48.842647071000101 ], [ 23.16264237300004, 48.871759983000175 ], [ 23.100148551000075, 48.879190575 ], [ 23.082473703000176, 48.908149103000085 ], [ 23.127649853000037, 48.963532285000042 ], [ 23.114233874000149, 49.01248748800009 ], [ 23.136593293000033, 49.019408904999977 ], [ 23.134671857, 49.033974458000159 ], [ 23.183272669000132, 49.019753237000089 ], [ 23.190315826000131, 49.036829633000082 ], [ 23.225242612000045, 49.040433106000023 ], [ 23.152247332000172, 49.10000903100007 ], [ 23.219520423000063, 49.175813221000169 ], [ 23.153293544000064, 49.221116555000151 ], [ 23.16070862100014, 49.236296156000151 ], [ 23.143598077000149, 49.244060846000082 ], [ 23.160634652000113, 49.268374006000045 ], [ 23.10925508300005, 49.302173394000079 ], [ 23.118607994000058, 49.308085975000154 ], [ 23.105198488000042, 49.31701254900014 ], [ 23.127555912, 49.322679961000119 ], [ 23.112491270000191, 49.339566629000046 ], [ 23.145468446999985, 49.344028477999984 ], [ 23.168227945000183, 49.366032361000123 ], [ 23.219873130000053, 49.352332091000051 ], [ 23.26752254500002, 49.416230948000191 ], [ 23.24789339900002, 49.431227107999973 ], [ 23.272397856000111, 49.438043782000193 ], [ 23.287965378000138, 49.465843451000069 ], [ 23.334368596000104, 49.453802124000049 ], [ 23.388007089000041, 49.462402141000098 ], [ 23.401955460000124, 49.484554528000047 ], [ 23.554567999000028, 49.496129 ], [ 23.572848428999976, 49.546362677000047 ], [ 23.638198000000102, 49.531832 ], [ 23.649396933000048, 49.573101721000171 ], [ 23.603233365000165, 49.602370647000157 ], [ 23.623889320000103, 49.608711859000096 ], [ 23.630325918000153, 49.635927571000025 ], [ 23.605339706999985, 49.645235733000163 ], [ 23.615697866, 49.655614541000034 ], [ 23.570013889000109, 49.638379917000123 ], [ 23.536689270000181, 49.680590483000117 ], [ 23.500083864000146, 49.677293842000097 ], [ 23.485683952000045, 49.705850672000167 ], [ 23.434728900000039, 49.677175606000105 ], [ 23.418726698000114, 49.689929017000054 ], [ 23.451391863000026, 49.74629352900007 ], [ 23.404368777000059, 49.758080968000058 ] ] ] } },
{ "type": "Feature", "properties": { "pcode": "UA4610", "name": "Stryiskyi", "oblast_pcode": "UA46", "oblast": "Lvivska", "area_sqkm": 3855.460705, "city_pop": 0.0, "pop": 275292, "included": true }, "geometry": { "type": "Polygon", "coordinates": [ [ [ 24.015013488000022, 49.62457566400002 ], [ 23.937057216000028, 49.658475233000104 ], [ 23.929000542999972, 49.627844036000113 ], [ 23.910497681000095, 49.631832262000046 ], [ 23.926934421000112, 49.603990438000153 ], [ 23.961484081000037, 49.593094311000186 ], [ 23.932149235000111, 49.569956359000116 ], [ 23.846813854000175, 49.580119417000105 ], [ 23.82977544900001, 49.604224664000185 ], [ 23.798955682000042, 49.597958984000115 ], [ 23.783149275000085, 49.578657924000083 ], [ 23.786587633000181, 49.552370865000114 ], [ 23.818740202000129, 49.532552863000149 ], [ 23.81839489000015, 49.513086181000062 ], [ 23.80531048500012, 49.530510299000071 ], [ 23.782805635000045, 49.51002559900013 ], [ 23.777028011000027, 49.533186091000118 ], [ 23.725682, 49.530126000000166 ], [ 23.766177292000066, 49.50558280100006 ], [ 23.746763001000033, 49.503242001 ], [ 23.737423706000072, 49.496530237000172 ], [ 23.789573246000032, 49.493598938000162 ], [ 23.783415175000016, 49.479208744000061 ], [ 23.742596752000168, 49.483785843000135 ], [ 23.753834560000087, 49.465725120000116 ], [ 23.734565350000025, 49.465538540000125 ], [ 23.737897059999966, 49.44859592 ], [ 23.760724998000171, 49.447134847000029 ], [ 23.765379664000022, 49.463001343000087 ], [ 23.801305250000098, 49.448897332000115 ], [ 23.783617793000076, 49.421985064000012 ], [ 23.808167906000051, 49.379388283000139 ], [ 23.771882976000029, 49.360722028000112 ], [ 23.789793073000169, 49.351064721000171 ], [ 23.782120221000184, 49.337464972000134 ], [ 23.746579023000095, 49.335886512000116 ], [ 23.725885000000176, 49.302984 ], [ 23.67105400100013, 49.287012999000069 ], [ 23.663950786000157, 49.268824535000078 ], [ 23.6918808530001, 49.250860565000039 ], [ 23.672094678000178, 49.219874604000154 ], [ 23.641661012999975, 49.204003457000113 ], [ 23.569039126, 49.202249376000054 ], [ 23.583239790000107, 49.193568206000123 ], [ 23.55915533100017, 49.156228547000126 ], [ 23.565453590000175, 49.13929589300011 ], [ 23.503129993000186, 49.124711016000163 ], [ 23.49435006300007, 49.132548531000168 ], [ 23.515145902000086, 49.175189879000129 ], [ 23.443037999000182, 49.195958000000132 ], [ 23.413104001000193, 49.219577000000186 ], [ 23.42945599900014, 49.224728999000092 ], [ 23.425236, 49.22917199900013 ], [ 23.353747999000177, 49.199889000000155 ], [ 23.39239600000019, 49.177116 ], [ 23.353762999000139, 49.135323000000142 ], [ 23.308885246000159, 49.154028660000108 ], [ 23.270052442000178, 49.128616017000013 ], [ 23.284662333000142, 49.102489535000132 ], [ 23.252535122000154, 49.029397528000175 ], [ 23.213694551000117, 49.05262146300015 ], [ 23.225242612000045, 49.040433106000023 ], [ 23.190315826000131, 49.036829633000082 ], [ 23.186207387000138, 49.020315417000063 ], [ 23.128102891000083, 49.028941819000067 ], [ 23.136593293000033, 49.019408904999977 ], [ 23.113221212000042, 49.009120084000187 ], [ 23.127649853000037, 48.963532285000042 ], [ 23.082473703000176, 48.908149103000085 ], [ 23.100148551000075, 48.879190575 ], [ 23.16264237300004, 48.871759983000175 ], [ 23.148930466000024, 48.842647071000101 ], [ 23.131196753000097, 48.838653617000091 ], [ 23.177546369000083, 48.806229496000071 ], [ 23.200154075000171, 48.761128021000047 ], [ 23.267973237000035, 48.761672749000127 ], [ 23.285411486000044, 48.775826722000033 ], [ 23.32483017900006, 48.753594719000034 ], [ 23.359245130000147, 48.772683926000013 ], [ 23.396819758000106, 48.732935394000151 ], [ 23.471870871000192, 48.718299849000061 ], [ 23.51173798200017, 48.73474654600011 ], [ 23.54821425300014, 48.725116597000067 ], [ 23.544620797000164, 48.74071641 ], [ 23.57899821500007, 48.784464535000154 ], [ 23.551508250000097, 48.822472235000077 ], [ 23.575883487000112, 48.86660388100006 ], [ 23.607756999000173, 48.878129 ], [ 23.577777532000084, 48.886459925 ], [ 23.562784, 48.910133 ], [ 23.585801000000117, 48.953262 ], [ 23.565752655000153, 48.974633419000043 ], [ 23.624680000000183, 49.013831 ], [ 23.621892743000046, 49.025393664000035 ], [ 23.672845999000117, 49.035941001000083 ], [ 23.691086589000122, 49.096296052000071 ], [ 23.725613921000047, 49.096101325000063 ], [ 23.755739354000127, 49.121221923 ], [ 23.905946644000039, 49.099212065000017 ], [ 23.969603635000055, 49.137735967000026 ], [ 24.020546680000052, 49.117160005000187 ], [ 24.083379080000157, 49.148786080000093 ], [ 24.1647041330001, 49.127536737000071 ], [ 24.171871910000107, 49.143732225 ], [ 24.21284929899997, 49.133293141000138 ], [ 24.198079132000146, 49.138761278000061 ], [ 24.207364099000188, 49.14829985800003 ], [ 24.234005351, 49.143618021000179 ], [ 24.357050389000165, 49.185871782000106 ], [ 24.435885400000132, 49.174191550000046 ], [ 24.448756480000156, 49.231230151000091 ], [ 24.348306258000093, 49.232520589000103 ], [ 24.340354016999981, 49.242065801000138 ], [ 24.363890728000115, 49.280352750000134 ], [ 24.338963784000157, 49.291969859000062 ], [ 24.305999361000033, 49.277201739000077 ], [ 24.299036521000176, 49.289614953000068 ], [ 24.301701988000161, 49.315941173000169 ], [ 24.358522672000049, 49.322259970000118 ], [ 24.380524582000078, 49.307996059000175 ], [ 24.401623102000144, 49.339008921000072 ], [ 24.390833289000113, 49.3539529520001 ], [ 24.436895892000052, 49.380509075000134 ], [ 24.387131293000039, 49.395154928000181 ], [ 24.37012459400006, 49.42986570700009 ], [ 24.410404233000065, 49.444875778000039 ], [ 24.417848292000031, 49.473702043000117 ], [ 24.402251782000121, 49.495720245000086 ], [ 24.31446518600012, 49.497668392000094 ], [ 24.306426097000156, 49.53756363500014 ], [ 24.265887000000134, 49.563233 ], [ 24.24557, 49.555613999000059 ], [ 24.218701399000167, 49.575668926 ], [ 24.114133495999965, 49.583909395000148 ], [ 24.036989780000056, 49.647672777000025 ], [ 24.015013488000022, 49.62457566400002 ] ] ] } },
{ "type": "Feature", "properties": { "pcode": "UA4612", "name": "Sheptytskyi", "oblast_pcode": "UA46", "oblast": "Lvivska", "area_sqkm": 2965.2670388199999, "city_pop": 0.0, "pop": 223515, "included": true }, "geometry": { "type": "MultiPolygon", "coordinates": [ [ [ [ 24.154721795000171, 50.6466111310001 ], [ 24.097894361999977, 50.637538038000116 ], [ 24.069854063000093, 50.503208690000179 ], [ 23.997399159, 50.412227155000096 ], [ 23.727112503, 50.388067092000085 ], [ 23.677003090000085, 50.329362032000063 ], [ 23.683167447000187, 50.300759289000041 ], [ 23.795271231000129, 50.299935558000186 ], [ 23.814078586000051, 50.268439148000084 ], [ 23.884961224999984, 50.254989786000124 ], [ 23.913125168000136, 50.220183039000119 ], [ 23.973483306000162, 50.220099542000071 ], [ 23.97257791200002, 50.202392644000156 ], [ 24.091432462, 50.203251234000106 ], [ 24.091080457000089, 50.16761601900015 ], [ 24.071625653000126, 50.166047108999976 ], [ 24.108275327000115, 50.142362855000044 ], [ 24.109769610000058, 50.114668393999978 ], [ 24.134677983000131, 50.114523813 ], [ 24.14857635400017, 50.159359891 ], [ 24.203541407000102, 50.13048655200015 ], [ 24.253539, 50.199019 ], [ 24.313273999000103, 50.198839 ], [ 24.34787473900019, 50.174104230000069 ], [ 24.337849593999977, 50.15912754500016 ], [ 24.38875617900004, 50.175429232000113 ], [ 24.438836501000139, 50.165887498000188 ], [ 24.456455102000177, 50.159181273000172 ], [ 24.4272650260001, 50.137842816000045 ], [ 24.526693932000057, 50.133277315000043 ], [ 24.528684398000053, 50.117332109000017 ], [ 24.628807001000098, 50.119231 ], [ 24.672636377000117, 50.145918859000119 ], [ 24.796499000000154, 50.14233 ], [ 24.867377262, 50.157503037000026 ], [ 24.830705965000107, 50.161548601000106 ], [ 24.835929914000019, 50.178997806000154 ], [ 24.858075382000038, 50.170773774 ], [ 24.868559342000083, 50.184320109000055 ], [ 24.91185820600009, 50.178427946000056 ], [ 24.993518484000163, 50.196531728000139 ], [ 25.052290001000074, 50.257228 ], [ 25.032760001000099, 50.28075200000012 ], [ 25.057494000000133, 50.296825000000183 ], [ 25.058939450000025, 50.342280246000087 ], [ 25.016829487000052, 50.341724962000171 ], [ 24.941246500000034, 50.389486250000118 ], [ 24.92933290000019, 50.378208432000065 ], [ 24.936748937000175, 50.345587914000021 ], [ 24.885585543000104, 50.344663813000068 ], [ 24.887217159000102, 50.358588286000099 ], [ 24.865806312000075, 50.35961418800008 ], [ 24.777279046000103, 50.337659863000169 ], [ 24.713798882000049, 50.34230023300006 ], [ 24.721679756000185, 50.373378104000096 ], [ 24.707125232000124, 50.383606680000184 ], [ 24.653811916, 50.409994507000079 ], [ 24.596653437000157, 50.413491201000056 ], [ 24.596100200000137, 50.497825494000097 ], [ 24.554729555000051, 50.492870992000121 ], [ 24.559229545000051, 50.510893183000121 ], [ 24.531503106000059, 50.550333741000145 ], [ 24.450389002000065, 50.53924412300006 ], [ 24.406193026999972, 50.560312852000038 ], [ 24.398546247000013, 50.574405751000029 ], [ 24.413471447, 50.586343307000107 ], [ 24.380879979000099, 50.60915159200016 ], [ 24.323532096000179, 50.599809882999978 ], [ 24.31246116900013, 50.571551551000141 ], [ 24.231095634000042, 50.583365965000098 ], [ 24.201099731000056, 50.614031876000183 ], [ 24.173390888000029, 50.61651652200004 ], [ 24.154721795000171, 50.6466111310001 ] ] ], [ [ [ 24.062321210999983, 50.161292008000089 ], [ 24.062051210000106, 50.16451800700014 ], [ 24.058190212000056, 50.163365007000152 ], [ 24.062321210999983, 50.161292008000089 ] ] ] ] } },
{ "type": "Feature", "properties": { "pcode": "UA4614", "name": "Yavorivskyi", "oblast_pcode": "UA46", "oblast": "Lvivska", "area_sqkm": 2376.0848347699998, "city_pop": 0.0, "pop": 200958, "included": true }, "geometry": { "type": "Polygon", "coordinates": [ [ [ 23.515520804000175, 50.150735828000109 ], [ 23.447995018000086, 50.199354360000086 ], [ 23.279826409, 50.100580573000116 ], [ 23.279259734000107, 50.086296471000026 ], [ 23.216013930000088, 50.047483768000063 ], [ 22.995707715000094, 49.842200212000137 ], [ 22.970714004, 49.838482679000151 ], [ 22.961734740000111, 49.804464307999979 ], [ 22.849522001000025, 49.714814001000093 ], [ 22.909316489000105, 49.709016565000013 ], [ 22.923352345000012, 49.696957596000118 ], [ 22.910073901000032, 49.683553532000076 ], [ 22.97314977700006, 49.675517802000059 ], [ 22.964869312000133, 49.665809775000184 ], [ 23.002240261000054, 49.635895845999983 ], [ 22.969832535000023, 49.635425390000137 ], [ 22.995469951000132, 49.623572024000111 ], [ 23.046988960000192, 49.628117697999983 ], [ 23.035855063999975, 49.638668896000127 ], [ 23.046097548000148, 49.648873418000164 ], [ 23.079103841000062, 49.634509129000094 ], [ 23.156328331000054, 49.65457201300012 ], [ 23.269229133000181, 49.64355301500018 ], [ 23.311796531000084, 49.653868299000123 ], [ 23.316762986000015, 49.674334933000182 ], [ 23.349993705000031, 49.665506799000184 ], [ 23.356620804999977, 49.678707411000119 ], [ 23.404305953, 49.683958380000149 ], [ 23.405160743000067, 49.706023966000146 ], [ 23.381095235000146, 49.714743797000153 ], [ 23.395953689000123, 49.761170124000046 ], [ 23.46061509600014, 49.760269885000071 ], [ 23.46045084800005, 49.807961729000112 ], [ 23.443668960000082, 49.823399026000118 ], [ 23.485270690000164, 49.82062872500012 ], [ 23.548898555000051, 49.876922064000155 ], [ 23.584690995000187, 49.876745318000076 ], [ 23.582093332000113, 49.855301387000111 ], [ 23.639991001, 49.824706001000152 ], [ 23.69239619300015, 49.86115165300015 ], [ 23.714680728000189, 49.84333373700008 ], [ 23.872172994000152, 49.844790912000121 ], [ 23.885344145999966, 49.850196688000096 ], [ 23.858639219999986, 49.877840027000161 ], [ 23.919209242000136, 49.891796897000177 ], [ 23.939237645000048, 49.937305055000195 ], [ 23.921961613000065, 49.926710263000189 ], [ 23.899866167000084, 49.971974551000073 ], [ 23.812022904000116, 49.995277792000081 ], [ 23.809318577000113, 50.025470284000107 ], [ 23.784462485000176, 50.035703956000077 ], [ 23.77351599900004, 50.06912 ], [ 23.618240512999989, 50.133965852000074 ], [ 23.628133746000117, 50.141896253000141 ], [ 23.598210667000046, 50.145185214000037 ], [ 23.580376507999972, 50.175138571000105 ], [ 23.527621270000054, 50.175727865000056 ], [ 23.515520804000175, 50.150735828000109 ] ] ] } },
{ "type": "Feature", "properties": { "pcode": "UA4802", "name": "Bashtanskyi", "oblast_pcode": "UA48", "oblast": "Mykolaivska", "area_sqkm": 6711.8838005300004, "city_pop": 0.0, "pop": 188520, "included": true }, "geometry": { "type": "Polygon", "coordinates": [ [ [ 32.992400196000176, 48.038722491000044 ], [ 32.870465314000057, 48.032334514000013 ], [ 32.894408729000077, 47.985526701000026 ], [ 32.689494957000079, 47.981838784000161 ], [ 32.697309194000127, 47.946530429000063 ], [ 32.737067915000011, 47.951632213000096 ], [ 32.745561538000175, 47.93250768900009 ], [ 32.651904559000059, 47.921522340000081 ], [ 32.655937880000067, 47.904818934 ], [ 32.676480197000046, 47.907009194000068 ], [ 32.685535848000143, 47.872983669 ], [ 32.664416214000084, 47.870907397000167 ], [ 32.679447174000131, 47.851798525000049 ], [ 32.657795565000185, 47.819935703 ], [ 32.364198220000162, 47.788589587000104 ], [ 32.303213390000167, 47.823732331000087 ], [ 32.236321524000118, 47.814649784999972 ], [ 32.239621120999971, 47.793805622000093 ], [ 32.222512693, 47.791446008999969 ], [ 32.231583280000109, 47.760404314000141 ], [ 32.208047886000031, 47.757269057000144 ], [ 32.22095902000018, 47.711489027000027 ], [ 32.176971188000152, 47.707148374000155 ], [ 32.192682186000184, 47.615652205000117 ], [ 32.217319390000114, 47.618042297000159 ], [ 32.223502651000047, 47.593804126000066 ], [ 32.175655920000054, 47.588448991000121 ], [ 32.170485314000189, 47.613680454000132 ], [ 32.149453349000169, 47.611771668000074 ], [ 32.154517635000161, 47.589937811000027 ], [ 32.112949110000045, 47.583165050000162 ], [ 32.121932068000092, 47.560860266000134 ], [ 32.157598954000093, 47.563956926000174 ], [ 32.147151178000058, 47.514888903000042 ], [ 32.121844930000179, 47.51327362700016 ], [ 32.128887697000152, 47.503678208000167 ], [ 32.105695985000068, 47.488668023000173 ], [ 32.048706171000049, 47.489264223000134 ], [ 32.058726447000083, 47.442368265000027 ], [ 32.117328067000074, 47.416362223000135 ], [ 32.132905280000102, 47.345793196000045 ], [ 32.106038756000089, 47.341902586000174 ], [ 32.124401064000097, 47.277254627000048 ], [ 32.087159158000134, 47.272273755000072 ], [ 32.111547298000062, 47.166433756000174 ], [ 32.228924069000072, 47.182722148000153 ], [ 32.241356085000177, 47.173224706000042 ], [ 32.217594284000143, 47.147410901000171 ], [ 32.338703943000098, 47.157781053 ], [ 32.320958351000115, 47.135576135000065 ], [ 32.378883446000032, 47.133595733000163 ], [ 32.552494848000151, 47.155415263 ], [ 32.579875579000031, 47.088014997000187 ], [ 32.600576112999988, 47.090415549000056 ], [ 32.616522842000052, 47.030260850000047 ], [ 32.604552610000155, 47.028839329000164 ], [ 32.60917028900019, 47.010187429000155 ], [ 32.544622568000193, 47.002385747000176 ], [ 32.526769265000155, 47.018357797000135 ], [ 32.543715415000179, 46.956477641000106 ], [ 32.516560105999986, 46.9531001470001 ], [ 32.523941894000075, 46.926174664000087 ], [ 32.570677712000077, 46.932008267000185 ], [ 32.577031116000114, 46.903055505000054 ], [ 32.544850647000146, 46.882555588000059 ], [ 32.54703932200016, 46.869541734999984 ], [ 32.57157122600006, 46.872242501000187 ], [ 32.585051079000152, 46.854947355000036 ], [ 32.687802683000029, 46.862044323000134 ], [ 32.701105019000181, 46.820703244000015 ], [ 32.769364148000136, 46.81930882100005 ], [ 32.813610903000153, 46.840151112000115 ], [ 32.949100501000032, 46.857387273000143 ], [ 32.920226792000108, 46.865945676000081 ], [ 32.916126331000044, 46.883020210000097 ], [ 32.8362869340001, 46.884110206000059 ], [ 32.842404778000059, 46.899435993000054 ], [ 32.926612310000166, 46.90974184300012 ], [ 32.922063614000024, 46.926648006000164 ], [ 32.979864504000034, 46.933677850000038 ], [ 32.975966294000045, 46.948813857000175 ], [ 32.948916512000153, 46.945320676000051 ], [ 32.93355684300019, 46.985318944000028 ], [ 32.950160601000164, 47.003507201000048 ], [ 33.022395615, 46.972476097000083 ], [ 33.158076056000141, 47.116859317000035 ], [ 33.104915820000087, 47.137035767000043 ], [ 33.082087188, 47.107748244000163 ], [ 33.103146464000019, 47.099782005000179 ], [ 33.073026001000187, 47.063032000000135 ], [ 33.051971, 47.070604001000049 ], [ 33.027092683000149, 47.039490668000099 ], [ 32.909540852000077, 47.094180149000124 ], [ 32.917855011000086, 47.143656602000135 ], [ 32.960611885000162, 47.189619725000057 ], [ 33.005730115000063, 47.196619687000123 ], [ 33.037688368000147, 47.178109828000117 ], [ 33.072061965000159, 47.223373446000153 ], [ 33.130239672000187, 47.202871393000123 ], [ 33.142556817000127, 47.210423045000027 ], [ 33.12712109000006, 47.230791248000173 ], [ 33.183583066000097, 47.238103251000041 ], [ 33.10519796300008, 47.279541607000112 ], [ 33.102399859000172, 47.321473965000052 ], [ 33.138096181000151, 47.332685587000071 ], [ 33.121701584000164, 47.389422088000174 ], [ 33.039202803000137, 47.379213713000127 ], [ 33.02867523499998, 47.423700678999978 ], [ 33.03348697600012, 47.441337259000136 ], [ 33.054081304000078, 47.443643477000194 ], [ 33.046999346000121, 47.46819612600018 ], [ 33.070202517000155, 47.475193000000161 ], [ 33.071210604000157, 47.411853613000119 ], [ 33.137727477, 47.41963725100004 ], [ 33.122935433, 47.508143209000025 ], [ 33.147091502000023, 47.514343579000069 ], [ 33.141112769000188, 47.543224425000119 ], [ 33.094658899000081, 47.527264315000082 ], [ 33.094963454000151, 47.597043301000156 ], [ 32.959779751000099, 47.592018395000025 ], [ 32.997130803000175, 47.616552436000063 ], [ 32.972020960000123, 47.722629122000058 ], [ 33.072162335000144, 47.738878398000054 ], [ 33.049624624000103, 47.781862657000033 ], [ 33.067763950000085, 47.783591221000052 ], [ 33.057236431999968, 47.831851621000055 ], [ 33.081036260000133, 47.834827800000028 ], [ 33.069742006000183, 47.882539158999975 ], [ 33.08643220800019, 47.885174886000186 ], [ 33.078282300000126, 47.92037687100003 ], [ 33.012716476000037, 47.910444879000181 ], [ 32.990909681000062, 47.934094599000161 ], [ 33.007674942000165, 47.936760092000156 ], [ 32.992400196000176, 48.038722491000044 ] ] ] } },
{ "type": "Feature", "properties": { "pcode": "UA4804", "name": "Voznesenskyi", "oblast_pcode": "UA48", "oblast": "Mykolaivska", "area_sqkm": 6154.1386564200002, "city_pop": 0.0, "pop": 178598, "included": true }, "geometry": { "type": "Polygon", "coordinates": [ [ [ 31.628135858000121, 48.134198218000165 ], [ 31.58261544700008, 48.128762806000054 ], [ 31.583909360000121, 48.105509187000109 ], [ 31.569419761000177, 48.097422705000156 ], [ 31.540547696000033, 48.107791999000142 ], [ 31.551000425000097, 48.069791053000074 ], [ 31.510229694000088, 48.068828904000156 ], [ 31.492458765000094, 48.050731719000169 ], [ 31.488173477000089, 48.065360671000121 ], [ 31.470004034000169, 48.064040297000133 ], [ 31.475961043000041, 48.082812205000096 ], [ 31.49849306800013, 48.087213463000126 ], [ 31.486425113000053, 48.129637790000118 ], [ 31.404266353000139, 48.109524796000073 ], [ 31.403433159000087, 48.022132690000035 ], [ 31.435502685000188, 48.000603745000149 ], [ 31.47800332800017, 47.849848365000184 ], [ 31.44544478600011, 47.845592541000144 ], [ 31.452224690000094, 47.776811633000079 ], [ 31.416225087000157, 47.771557459 ], [ 31.409016087000168, 47.79301544000009 ], [ 31.374065807000136, 47.787642605000087 ], [ 31.38268891600012, 47.762575131000062 ], [ 31.293025826000132, 47.749189489000059 ], [ 31.255856522000158, 47.794997138000099 ], [ 31.262392535000117, 47.822327539000014 ], [ 31.299390819000166, 47.827853566000101 ], [ 31.29419190100009, 47.844901558000061 ], [ 31.304635955000037, 47.834762595000029 ], [ 31.308346099000062, 47.836360020000143 ], [ 31.299535162000154, 47.854406057000176 ], [ 31.261462344000165, 47.847640332000026 ], [ 31.236219060000167, 47.914938024999969 ], [ 31.19554103300004, 47.921834841000077 ], [ 31.091566602000114, 47.904884650000099 ], [ 31.114084600000069, 47.880091284000059 ], [ 31.103902355000173, 47.877495231000125 ], [ 31.087911408000025, 47.892074138000112 ], [ 31.045581600000105, 47.886767860000191 ], [ 31.048878266000031, 47.87516171700014 ], [ 30.883317752000039, 47.856943050000041 ], [ 30.848194356000192, 47.832257217000063 ], [ 30.771905199, 47.821243305000053 ], [ 30.780395638000073, 47.793318082000098 ], [ 30.751237478000178, 47.78890743900007 ], [ 30.75874066200015, 47.763738293000188 ], [ 30.78350577100008, 47.767041738000046 ], [ 30.792734983000059, 47.736120905000064 ], [ 30.766178535000108, 47.731962208000141 ], [ 30.746136007000018, 47.713345441000115 ], [ 30.755248577000145, 47.702763458000049 ], [ 30.740312331000098, 47.700361735 ], [ 30.792398852000076, 47.635978971999975 ], [ 30.774547295000161, 47.623196665000137 ], [ 30.778731555000149, 47.583983559000103 ], [ 30.744959129000165, 47.578940055000089 ], [ 30.773009877000106, 47.54593318700006 ], [ 30.876234060000115, 47.544353873000148 ], [ 30.882889041000169, 47.507107519000158 ], [ 30.853180242000064, 47.502735695000069 ], [ 30.865723193000065, 47.44422737900004 ], [ 30.848230631000092, 47.444047801000067 ], [ 30.851535081000122, 47.420487362000131 ], [ 30.887173905000168, 47.425654489000181 ], [ 30.893367407000142, 47.403307837000057 ], [ 30.873896355000056, 47.400651585 ], [ 30.882575034000013, 47.366829942000152 ], [ 30.90914723800006, 47.344170026000029 ], [ 30.865841333000049, 47.33361558900009 ], [ 30.872745826000141, 47.318017990000158 ], [ 30.892652978000058, 47.320825416000105 ], [ 30.907383923000054, 47.27672778200008 ], [ 30.999251, 47.289823000000183 ], [ 30.989917039000034, 47.268572797000104 ], [ 31.007390351000026, 47.270266527000047 ], [ 31.018867729000192, 47.238924545000145 ], [ 31.170644915000139, 47.265879873000188 ], [ 31.1780263120001, 47.222207302000072 ], [ 31.145656751000104, 47.21791512700014 ], [ 31.156773524000073, 47.180983605000108 ], [ 31.10893037000011, 47.187122330000079 ], [ 31.108984103000182, 47.154318762000173 ], [ 31.198446061000027, 47.154670889999977 ], [ 31.20077757100006, 47.171418218000099 ], [ 31.246466094000141, 47.177603870000155 ], [ 31.289405573000181, 47.161971542000117 ], [ 31.294959571000163, 47.145651936000036 ], [ 31.384444991, 47.145373103000111 ], [ 31.35879038600018, 47.230483455000183 ], [ 31.325228896000112, 47.239187423000033 ], [ 31.411302490000082, 47.259349284000166 ], [ 31.401292767000086, 47.298805758000185 ], [ 31.551148099000045, 47.280165498000144 ], [ 31.665479542000128, 47.335040235 ], [ 31.592252750000114, 47.37851179200004 ], [ 31.592270383000084, 47.390898091000167 ], [ 31.617770961000076, 47.396729737000044 ], [ 31.592199881000113, 47.426428503000125 ], [ 31.607962987000178, 47.440387926000028 ], [ 31.727235142000154, 47.447347291000028 ], [ 31.717659605000051, 47.45364621300007 ], [ 31.751166340000111, 47.507545407000123 ], [ 31.802009488000124, 47.535929132000035 ], [ 31.776525794000122, 47.561043384000186 ], [ 31.784767203000172, 47.577372285000024 ], [ 31.80627679100013, 47.575893577999977 ], [ 31.802141740000081, 47.561447196000188 ], [ 31.946692021000104, 47.559691329000145 ], [ 31.95288959100003, 47.540543123000134 ], [ 31.995616879000181, 47.544160519000116 ], [ 31.998649744000033, 47.53271724200016 ], [ 32.108265427000049, 47.55561585200013 ], [ 32.120447778000027, 47.565568712000129 ], [ 32.112949110000045, 47.583165050000162 ], [ 32.154517635000161, 47.589937811000027 ], [ 32.149453349000169, 47.611771668000074 ], [ 32.170485314000189, 47.613680454000132 ], [ 32.175655920000054, 47.588448991000121 ], [ 32.223502651000047, 47.593804126000066 ], [ 32.217319390000114, 47.618042297000159 ], [ 32.192682186000184, 47.615652205000117 ], [ 32.176971188000152, 47.707148374000155 ], [ 32.22095902000018, 47.711489027000027 ], [ 32.208047886000031, 47.757269057000144 ], [ 32.116975710000133, 47.75590972700013 ], [ 32.109278530000097, 47.784601135000116 ], [ 32.089483416000064, 47.782275955000102 ], [ 32.054674341, 47.817253526000059 ], [ 31.837703386000101, 47.782798183000182 ], [ 31.827403163000042, 47.816517967000038 ], [ 31.871083867000038, 47.826556172000039 ], [ 31.857040421000136, 47.864658194000128 ], [ 31.891947790000131, 47.867555763000155 ], [ 31.8765917, 47.919422877000159 ], [ 31.854994070000032, 47.916117362000136 ], [ 31.843830439000158, 47.963581414000146 ], [ 31.75193327900007, 47.944314709000025 ], [ 31.729029424000089, 48.035464685000136 ], [ 31.78302028000013, 48.042229265000117 ], [ 31.767283869000096, 48.102123587999984 ], [ 31.69432719800011, 48.093359485000065 ], [ 31.685582768000131, 48.12100452500016 ], [ 31.641879322000193, 48.114940861000093 ], [ 31.628135858000121, 48.134198218000165 ] ] ] } },
{ "type": "Feature", "properties": { "pcode": "UA4806", "name": "Mykolaivskyi", "oblast_pcode": "UA48", "oblast": "Mykolaivska", "area_sqkm": 7679.87652454, "city_pop": 465516.0, "pop": 625758, "included": true }, "geometry": { "type": "MultiPolygon", "coordinates": [ [ [ [ 31.793665908000094, 47.580246926000143 ], [ 31.776525794000122, 47.561043384000186 ], [ 31.802009488000124, 47.535929132000035 ], [ 31.751166340000111, 47.507545407000123 ], [ 31.717753887000185, 47.453882965999981 ], [ 31.726692599000103, 47.44692343700018 ], [ 31.607962987000178, 47.440387926000028 ], [ 31.592199881000113, 47.426428503000125 ], [ 31.617770961000076, 47.396729737000044 ], [ 31.592270383000084, 47.390898091000167 ], [ 31.592252750000114, 47.37851179200004 ], [ 31.665479542000128, 47.335040235 ], [ 31.551148099000045, 47.280165498000144 ], [ 31.401292767000086, 47.298805758000185 ], [ 31.411302490000082, 47.259349284000166 ], [ 31.325228896000112, 47.239187423000033 ], [ 31.35879038600018, 47.230483455000183 ], [ 31.384444991, 47.145373103000111 ], [ 31.294959571000163, 47.145651936000036 ], [ 31.289405573000181, 47.161971542000117 ], [ 31.272891774000129, 47.159546015000046 ], [ 31.302141901000084, 47.082506459000058 ], [ 31.291222017, 47.024530738000067 ], [ 31.229819728000052, 47.021597512000028 ], [ 31.242786679000119, 46.991508632000034 ], [ 31.086933035000186, 46.982387046000099 ], [ 31.013759000000164, 46.951161000000127 ], [ 31.041654, 46.898799 ], [ 31.092131000000109, 46.88263400000011 ], [ 31.112712000000158, 46.84446400000013 ], [ 31.15685601600012, 46.834643626000059 ], [ 31.152894674000095, 46.794973489000029 ], [ 31.177503943000147, 46.768081511000048 ], [ 31.153204721000066, 46.744976120999979 ], [ 31.155753847000142, 46.727111287000128 ], [ 31.178941757000075, 46.708957672000111 ], [ 31.18512517, 46.66286206000018 ], [ 31.198717758000043, 46.660248522000074 ], [ 31.175845508000123, 46.651847283000166 ], [ 31.190104311000141, 46.647221895000087 ], [ 31.176431799000056, 46.627528164000125 ], [ 31.349387420000028, 46.600331714 ], [ 31.372740772000157, 46.623459128000093 ], [ 31.516492134000089, 46.619247102000088 ], [ 31.549849553000058, 46.600281484000107 ], [ 31.51195618700001, 46.577047386000118 ], [ 31.522761437000042, 46.561899043000039 ], [ 31.709510204000139, 46.4288421440001 ], [ 31.692257845000086, 46.443344693000029 ], [ 31.709116468000047, 46.436378812000157 ], [ 31.694864051000025, 46.449835035000035 ], [ 31.712520899000083, 46.479886064000027 ], [ 31.806945502000133, 46.478931370000055 ], [ 31.845450851000123, 46.497559568000042 ], [ 31.932844033000038, 46.582550402000152 ], [ 31.940301138000052, 46.651157663000106 ], [ 32.086763999000027, 46.683563488000061 ], [ 32.075428758000157, 46.730029481000031 ], [ 32.060895210000069, 46.728239625000072 ], [ 32.05706933100015, 46.744341913000085 ], [ 32.171444104999978, 46.752478103000044 ], [ 32.168679467000061, 46.763301327000136 ], [ 32.218519991000051, 46.77120642400007 ], [ 32.20971504400012, 46.805889242000035 ], [ 32.252361556000153, 46.819614809000143 ], [ 32.229055973000129, 46.844487492000098 ], [ 32.342041810000126, 46.795504244000142 ], [ 32.372949797000103, 46.799075193000135 ], [ 32.365498209000179, 46.829425684000171 ], [ 32.462906451000038, 46.840945063 ], [ 32.469089063000183, 46.816077519000032 ], [ 32.531209003000129, 46.823191821000137 ], [ 32.53467925700005, 46.881506663000039 ], [ 32.577031116000114, 46.903055505000054 ], [ 32.570677712000077, 46.932008267000185 ], [ 32.523941894000075, 46.926174664000087 ], [ 32.516560105999986, 46.9531001470001 ], [ 32.543715415000179, 46.956477641000106 ], [ 32.526769265000155, 47.018357797000135 ], [ 32.544622568000193, 47.002385747000176 ], [ 32.60917028900019, 47.010187429000155 ], [ 32.604552610000155, 47.028839329000164 ], [ 32.616522842000052, 47.030260850000047 ], [ 32.600576112999988, 47.090415549000056 ], [ 32.579875579000031, 47.088014997000187 ], [ 32.552494848000151, 47.155415263 ], [ 32.378883446000032, 47.133595733000163 ], [ 32.320958351000115, 47.135576135000065 ], [ 32.338703943000098, 47.157781053 ], [ 32.217594284000143, 47.147410901000171 ], [ 32.241356085000177, 47.173224706000042 ], [ 32.228924069000072, 47.182722148000153 ], [ 32.111547298000062, 47.166433756000174 ], [ 32.087159158000134, 47.272273755000072 ], [ 32.124401064000097, 47.277254627000048 ], [ 32.106038756000089, 47.341902586000174 ], [ 32.132905280000102, 47.345793196000045 ], [ 32.117328067000074, 47.416362223000135 ], [ 32.058726447000083, 47.442368265000027 ], [ 32.048706171000049, 47.489264223000134 ], [ 32.124418559000048, 47.497980384000186 ], [ 32.121844930000179, 47.51327362700016 ], [ 32.147151178000058, 47.514888903000042 ], [ 32.15923110000017, 47.535590712000101 ], [ 32.157598954000093, 47.563956926000174 ], [ 31.998649744000033, 47.53271724200016 ], [ 31.995616879000181, 47.544160519000116 ], [ 31.95288959100003, 47.540543123000134 ], [ 31.946692021000104, 47.559691329000145 ], [ 31.802141740000081, 47.561447196000188 ], [ 31.793665908000094, 47.580246926000143 ] ] ], [ [ [ 31.775589126000057, 46.372889850000092 ], [ 31.731332931000168, 46.423516398000118 ], [ 31.728330418000155, 46.422697251000159 ], [ 31.751714348000178, 46.385564063000118 ], [ 31.775589126000057, 46.372889850000092 ] ] ], [ [ [ 31.723965116000102, 46.426258782000048 ], [ 31.726833563000071, 46.426112165000063 ], [ 31.720753574000128, 46.429541312000026 ], [ 31.723965116000102, 46.426258782000048 ] ] ], [ [ [ 31.414544849000038, 46.597951143000103 ], [ 31.406776846000071, 46.600449127000047 ], [ 31.412705678000179, 46.594214618000137 ], [ 31.414544849000038, 46.597951143000103 ] ] ] ] } },
{ "type": "Feature", "properties": { "pcode": "UA4808", "name": "Pervomaiskyi", "oblast_pcode": "UA48", "oblast": "Mykolaivska", "area_sqkm": 3792.8610917400001, "city_pop": 0.0, "pop": 98229, "included": true }, "geometry": { "type": "Polygon", "coordinates": [ [ [ 31.163723229000141, 48.222522868000055 ], [ 30.981017136000048, 48.222140217000117 ], [ 30.989163119000182, 48.184455679000109 ], [ 30.931725587000074, 48.183966633000182 ], [ 30.930291986000043, 48.166239512000061 ], [ 30.900239647000092, 48.159320833000038 ], [ 30.855039186000056, 48.161058143000105 ], [ 30.848389374000192, 48.184365184000171 ], [ 30.823052124000014, 48.190797754000073 ], [ 30.815208592000147, 48.1696993810001 ], [ 30.79250641699997, 48.167779213000188 ], [ 30.785388902000193, 48.191393959999971 ], [ 30.71681407300008, 48.195547648000115 ], [ 30.64746687600018, 48.185252623000167 ], [ 30.656592695000029, 48.171912406000104 ], [ 30.61773603600011, 48.156077954000068 ], [ 30.556055669000045, 48.155928924000136 ], [ 30.52679891400004, 48.179547802000059 ], [ 30.504274099000042, 48.157937720000064 ], [ 30.495640578000064, 48.169923837000169 ], [ 30.365425346000109, 48.173935184000186 ], [ 30.307808513000168, 48.141601627000171 ], [ 30.315363764000097, 48.11668188900012 ], [ 30.356840015000046, 48.112662858000192 ], [ 30.356777317000024, 48.1015880060001 ], [ 30.314087020000159, 48.105771071000106 ], [ 30.324334800000031, 48.094295367000029 ], [ 30.24877723600008, 48.089567825000017 ], [ 30.23337793200011, 48.070227058000171 ], [ 30.206639585000175, 48.067592806000164 ], [ 30.233998684000142, 48.059946395000168 ], [ 30.256175800000108, 48.027782089000027 ], [ 30.22566518800005, 48.011866630999975 ], [ 30.245440272000053, 47.967132144000118 ], [ 30.307531702000119, 47.92973896400008 ], [ 30.297983824000028, 47.922099921000154 ], [ 30.330896655, 47.809855484000082 ], [ 30.422421695000082, 47.82115532600011 ], [ 30.436205668000014, 47.80068052300004 ], [ 30.439822444000129, 47.789121881000085 ], [ 30.416118581000092, 47.787185633000092 ], [ 30.423923247000118, 47.76084154300014 ], [ 30.388696860000039, 47.752435913999989 ], [ 30.420418638000172, 47.634082902000159 ], [ 30.463928431000113, 47.640365265000071 ], [ 30.470888381000066, 47.618143211000131 ], [ 30.664752021000083, 47.634156517000122 ], [ 30.66006336300012, 47.600101328000108 ], [ 30.720007895000037, 47.608388169000193 ], [ 30.70927176500004, 47.638891331000195 ], [ 30.77675776000018, 47.647280436000187 ], [ 30.740312331000098, 47.700361735 ], [ 30.755248577000145, 47.702763458000049 ], [ 30.746136007000018, 47.713345441000115 ], [ 30.766178535000108, 47.731962208000141 ], [ 30.792734983000059, 47.736120905000064 ], [ 30.78350577100008, 47.767041738000046 ], [ 30.75874066200015, 47.763738293000188 ], [ 30.751237478000178, 47.78890743900007 ], [ 30.780395638000073, 47.793318082000098 ], [ 30.771905199, 47.821243305000053 ], [ 30.848194356000192, 47.832257217000063 ], [ 30.883317752000039, 47.856943050000041 ], [ 31.048878266000031, 47.87516171700014 ], [ 31.045581600000105, 47.886767860000191 ], [ 31.087911408000025, 47.892074138000112 ], [ 31.103902355000173, 47.877495231000125 ], [ 31.114084600000069, 47.880091284000059 ], [ 31.091566602000114, 47.904884650000099 ], [ 31.189597646000038, 47.921134201000029 ], [ 31.236219060000167, 47.914938024999969 ], [ 31.261462344000165, 47.847640332000026 ], [ 31.299535162000154, 47.854406057000176 ], [ 31.308346099000062, 47.836360020000143 ], [ 31.29419190100009, 47.844901558000061 ], [ 31.299390819000166, 47.827853566000101 ], [ 31.262392535000117, 47.822327539000014 ], [ 31.255856522000158, 47.794997138000099 ], [ 31.293025826000132, 47.749189489000059 ], [ 31.38268891600012, 47.762575131000062 ], [ 31.374065807000136, 47.787642605000087 ], [ 31.409016087000168, 47.79301544000009 ], [ 31.416225087000157, 47.771557459 ], [ 31.452224690000094, 47.776811633000079 ], [ 31.44544478600011, 47.845592541000144 ], [ 31.47800332800017, 47.849848365000184 ], [ 31.435502685000188, 48.000603745000149 ], [ 31.403909723000083, 48.020489559000055 ], [ 31.407815528000071, 48.096639137000182 ], [ 31.389026738000155, 48.12944576100017 ], [ 31.330213490000062, 48.113877080000123 ], [ 31.325240191000034, 48.138181616000054 ], [ 31.236333689000162, 48.117031516000168 ], [ 31.220583556, 48.170748887000059 ], [ 31.179766943000118, 48.18090496300016 ], [ 31.192012959000124, 48.194086784000035 ], [ 31.163723229000141, 48.222522868000055 ] ] ] } },
{ "type": "Feature", "properties": { "pcode": "UA5102", "name": "Berezivskyi", "oblast_pcode": "UA51", "oblast": "Odeska", "area_sqkm": 5554.0480349700001, "city_pop": 0.0, "pop": 207786, "included": true }, "geometry": { "type": "Polygon", "coordinates": [ [ [ 30.778731555000149, 47.583983559000103 ], [ 30.788094668999975, 47.64897690100014 ], [ 30.70927176500004, 47.638891331000195 ], [ 30.720007895000037, 47.608388169000193 ], [ 30.701204482000037, 47.602099031000137 ], [ 30.66006336300012, 47.600101328000108 ], [ 30.664752021000083, 47.634156517000122 ], [ 30.55843749100012, 47.630648049000058 ], [ 30.471130760000165, 47.618177882000055 ], [ 30.478473000000122, 47.595794 ], [ 30.44315976200005, 47.590250018000177 ], [ 30.447056821, 47.576732069000172 ], [ 30.220156, 47.553209000000152 ], [ 30.224753001000124, 47.540413999000123 ], [ 30.156054002000019, 47.53272 ], [ 30.165865350000047, 47.500487548000137 ], [ 30.115246461000027, 47.494107237000094 ], [ 30.146438, 47.463355 ], [ 30.107594082000048, 47.438334983000061 ], [ 30.022202529000083, 47.441550747000065 ], [ 29.875421321000147, 47.413173307000079 ], [ 29.887845276, 47.366923251000173 ], [ 29.905885418000025, 47.368968261000077 ], [ 29.910143153000149, 47.351992093000035 ], [ 29.892235543000083, 47.327844427000059 ], [ 29.933223000000112, 47.291418000000192 ], [ 29.956309709999971, 47.315662598000131 ], [ 30.048248369000078, 47.327345411000181 ], [ 30.083520045000057, 47.273427910000066 ], [ 30.086465171000043, 47.287065369000175 ], [ 30.118511933000036, 47.283076118000054 ], [ 30.109903000000145, 47.29341200000016 ], [ 30.122952001000044, 47.295185000000117 ], [ 30.12852700100018, 47.275404000000151 ], [ 30.108781000000192, 47.273284 ], [ 30.112925, 47.257410000999982 ], [ 30.154020000000173, 47.20084 ], [ 30.173644161000027, 47.109767115000182 ], [ 30.109706325000104, 47.094333048000067 ], [ 30.138373000000115, 46.979987000000108 ], [ 30.237032000000113, 46.990453001000162 ], [ 30.245779001000074, 46.956671999000037 ], [ 30.259818, 46.958502999000189 ], [ 30.254922000000136, 46.976011 ], [ 30.286908, 46.979351 ], [ 30.291001000000165, 46.966157001000056 ], [ 30.332261000000187, 46.96017600000016 ], [ 30.314997000000119, 46.949154001000068 ], [ 30.316162, 46.922532000000103 ], [ 30.34815399900009, 46.92567 ], [ 30.372950002000096, 46.841883000000109 ], [ 30.393822, 46.844782001000056 ], [ 30.404674, 46.820039000000122 ], [ 30.479053999000143, 46.838329 ], [ 30.509956, 46.794646999000179 ], [ 30.547234999000125, 46.810221001000059 ], [ 30.565249000000165, 46.768776 ], [ 30.597510998000189, 46.789594999000144 ], [ 30.607353, 46.774486000000138 ], [ 30.658240999000157, 46.780120000000181 ], [ 30.651607998000145, 46.830388 ], [ 30.67806400000012, 46.839257 ], [ 30.644838001000153, 46.869114 ], [ 30.641282, 46.899586000000113 ], [ 30.695828088000155, 46.907340001000193 ], [ 30.681667374000028, 46.888258180000093 ], [ 30.691305815000192, 46.871437565000178 ], [ 30.710265765000031, 46.896890149000114 ], [ 30.802443305000054, 46.917322013999978 ], [ 30.795081803000073, 46.946700611000097 ], [ 30.84382999900015, 46.954073999000173 ], [ 30.864293000000146, 46.943029000000195 ], [ 30.865590999000119, 46.920039 ], [ 30.895866999000191, 46.924414 ], [ 30.910733961000119, 46.870927258000165 ], [ 30.942706500000099, 46.875763776000099 ], [ 31.003344001000073, 46.908055000000104 ], [ 31.040954432000035, 46.909481835000122 ], [ 31.017629082000099, 46.963355740000168 ], [ 31.136239591000049, 46.989154234000068 ], [ 31.139931888000092, 46.978412139000056 ], [ 31.242786679000119, 46.991508632000034 ], [ 31.229819728000052, 47.021597512000028 ], [ 31.291222017, 47.024530738000067 ], [ 31.302141901000084, 47.082506459000058 ], [ 31.269408381000119, 47.171468300000186 ], [ 31.108984103000182, 47.154318762000173 ], [ 31.10893037000011, 47.187122330000079 ], [ 31.156773524000073, 47.180983605000108 ], [ 31.145656751000104, 47.21791512700014 ], [ 31.1780263120001, 47.222207302000072 ], [ 31.170644915000139, 47.265879873000188 ], [ 31.018867729000192, 47.238924545000145 ], [ 31.007390351000026, 47.270266527000047 ], [ 30.989917039000034, 47.268572797000104 ], [ 30.999251, 47.289823000000183 ], [ 30.907383923000054, 47.27672778200008 ], [ 30.892652978000058, 47.320825416000105 ], [ 30.872745826000141, 47.318017990000158 ], [ 30.865841333000049, 47.33361558900009 ], [ 30.90914723800006, 47.344170026000029 ], [ 30.882575034000013, 47.366829942000152 ], [ 30.873896355000056, 47.400651585 ], [ 30.893367407000142, 47.403307837000057 ], [ 30.887173905000168, 47.425654489000181 ], [ 30.851535081000122, 47.420487362000131 ], [ 30.848230631000092, 47.444047801000067 ], [ 30.865723193000065, 47.44422737900004 ], [ 30.853180242000064, 47.502735695000069 ], [ 30.882889041000169, 47.507107519000158 ], [ 30.876234060000115, 47.544353873000148 ], [ 30.773009877000106, 47.54593318700006 ], [ 30.744959129000165, 47.578940055000089 ], [ 30.778731555000149, 47.583983559000103 ] ] ] } },
{ "type": "Feature", "properties": { "pcode": "UA5104", "name": "Bilhorod-Dnistrovskyi", "oblast_pcode": "UA51", "oblast": "Odeska", "area_sqkm": 5186.4920145899996, "city_pop": 0.0, "pop": 149018, "included": true }, "geometry": { "type": "Polygon", "coordinates": [ [ [ 29.56554686100003, 46.416276481000182 ], [ 29.479765342000178, 46.441355803000135 ], [ 29.503371019000099, 46.45982073000016 ], [ 29.447883344000104, 46.49873214400003 ], [ 29.386638678000111, 46.446383691000108 ], [ 29.419804000000113, 46.403807 ], [ 29.448073000000193, 46.398468 ], [ 29.484522, 46.360404999000139 ], [ 29.384005000000172, 46.324450000000184 ], [ 29.531241, 46.287448001000087 ], [ 29.603669, 46.294619000000182 ], [ 29.614601540000137, 46.217480120000118 ], [ 29.597467998000013, 46.213306000000102 ], [ 29.612770000000125, 46.197474 ], [ 29.484653, 46.1957499990001 ], [ 29.473367999000118, 46.158923999000137 ], [ 29.473130999000034, 46.146842000000106 ], [ 29.53136299900018, 46.140698999000108 ], [ 29.53352800000016, 46.095221 ], [ 29.503298, 46.037903001000132 ], [ 29.551542, 46.044217001000106 ], [ 29.560839000000158, 45.945788 ], [ 29.590441, 45.949588 ], [ 29.596028114000092, 45.922383503000049 ], [ 29.465175001000091, 45.914240001000167 ], [ 29.437965999000141, 45.864678 ], [ 29.484653, 45.777866 ], [ 29.4033, 45.791650000000118 ], [ 29.410680000000127, 45.752072000000169 ], [ 29.315646298000047, 45.731324857000118 ], [ 29.326836, 45.689701 ], [ 29.418156000000181, 45.699172000000146 ], [ 29.424057001000051, 45.670840000000169 ], [ 29.461210000000165, 45.675219000000141 ], [ 29.468603, 45.638736 ], [ 29.489257999000188, 45.641172001000086 ], [ 29.493656000000158, 45.614537000000155 ], [ 29.554792, 45.623821000000191 ], [ 29.551907001000188, 45.643742 ], [ 29.604529999000192, 45.64815 ], [ 29.597433999000145, 45.56051500000018 ], [ 29.649290716999985, 45.527792751000163 ], [ 29.750908449000065, 45.601490292000165 ], [ 30.221786464000104, 45.865945228000101 ], [ 30.564916587000084, 46.165582623000034 ], [ 30.549323563000087, 46.183395932000167 ], [ 30.490549753000096, 46.155932635000056 ], [ 30.455963788000076, 46.112087223000117 ], [ 30.376856296000028, 46.222510797000098 ], [ 30.271439906000069, 46.267686724000043 ], [ 30.272936, 46.304719 ], [ 30.292108001000145, 46.326515999000151 ], [ 30.283939001000135, 46.340507 ], [ 30.299121000000184, 46.34789299900018 ], [ 30.261121913000181, 46.387104915000066 ], [ 30.260835735000114, 46.414264025000136 ], [ 30.216193925000027, 46.444045961000143 ], [ 30.168600498000046, 46.435088257000075 ], [ 30.171018968000112, 46.415246287000059 ], [ 30.086902565000173, 46.371947176000106 ], [ 30.008411574000036, 46.359803006000163 ], [ 29.998469144000069, 46.389236390000121 ], [ 29.937978092000037, 46.400234240000032 ], [ 29.886316000000136, 46.371511 ], [ 29.890698537000105, 46.352175453000086 ], [ 29.805120771000134, 46.385453756000118 ], [ 29.822455610000077, 46.395689911000034 ], [ 29.786754998000106, 46.419850384000028 ], [ 29.776399803000118, 46.454409714000064 ], [ 29.740807280000126, 46.472867429000075 ], [ 29.726357832000076, 46.46696532600015 ], [ 29.734257262000142, 46.43517413800015 ], [ 29.660031594000088, 46.436016806000055 ], [ 29.676771329000189, 46.361149791000116 ], [ 29.580142500000022, 46.360687514000176 ], [ 29.56554686100003, 46.416276481000182 ] ] ] } },
{ "type": "Feature", "properties": { "pcode": "UA5106", "name": "Bolhradskyi", "oblast_pcode": "UA51", "oblast": "Odeska", "area_sqkm": 4481.5966089699996, "city_pop": 0.0, "pop": 129429, "included": true }, "geometry": { "type": "MultiPolygon", "coordinates": [ [ [ [ 29.255279940000094, 46.485784637000165 ], [ 29.235553938000066, 46.558435637000173 ], [ 29.161667855000132, 46.544739021000055 ], [ 29.163432069000066, 46.515225976000181 ], [ 29.06310803000008, 46.512140449000015 ], [ 29.033042457000136, 46.490925669000092 ], [ 28.988918951000073, 46.489014128000122 ], [ 29.023250626000049, 46.479990429000054 ], [ 29.025882248000187, 46.462515066000151 ], [ 28.930330588000061, 46.457319370000164 ], [ 28.993688135000184, 46.331901645000073 ], [ 28.949186861000157, 46.260453554000037 ], [ 29.067582, 46.195511000000181 ], [ 28.950455059000092, 46.093940186000111 ], [ 29.003663304000156, 46.045284613000149 ], [ 28.979016147000152, 46.003462159000094 ], [ 28.776182298000037, 45.970626618000097 ], [ 28.779513130999987, 45.960247142000185 ], [ 28.757133752000072, 45.957102069000086 ], [ 28.754645947000029, 45.927215892999982 ], [ 28.786241416000109, 45.832390167000085 ], [ 28.69662212999998, 45.817928907000123 ], [ 28.70923494300007, 45.779893406000099 ], [ 28.57948253800015, 45.769951608000156 ], [ 28.591172730000039, 45.731007192 ], [ 28.520331817000169, 45.738339452000048 ], [ 28.481067629, 45.681018918000063 ], [ 28.482979000000171, 45.659762001000104 ], [ 28.515778, 45.665345999000067 ], [ 28.552802, 45.553924 ], [ 28.658759999000154, 45.5204299990001 ], [ 28.648115001000122, 45.467535 ], [ 28.769667678000133, 45.495748726000159 ], [ 28.73750999900011, 45.589282 ], [ 28.947927999000115, 45.628426 ], [ 28.937729089000186, 45.647994415000085 ], [ 28.985877000000187, 45.656110000000183 ], [ 28.97227, 45.697895999000139 ], [ 29.022786000000167, 45.702290000000175 ], [ 29.019077, 45.737098 ], [ 29.075572001000069, 45.751471000000151 ], [ 29.0667, 45.779329000000132 ], [ 29.104659813000183, 45.78542223900007 ], [ 29.099976891000154, 45.800368627000068 ], [ 29.168965014000037, 45.813205492000179 ], [ 29.192329000000143, 45.735748 ], [ 29.216693635000183, 45.717110161999983 ], [ 29.208103631000142, 45.705884410000067 ], [ 29.374656999000024, 45.736820999000088 ], [ 29.410680000000127, 45.752072000000169 ], [ 29.4033, 45.791650000000118 ], [ 29.484653, 45.777866 ], [ 29.437965999000141, 45.864678 ], [ 29.465175001000091, 45.914240001000167 ], [ 29.596028114000092, 45.922383503000049 ], [ 29.590441, 45.949588 ], [ 29.560839000000158, 45.945788 ], [ 29.551542, 46.044217001000106 ], [ 29.503298, 46.037903001000132 ], [ 29.53352800000016, 46.095221 ], [ 29.53136299900018, 46.140698999000108 ], [ 29.473130999000034, 46.146842000000106 ], [ 29.473367999000118, 46.158923999000137 ], [ 29.484653, 46.1957499990001 ], [ 29.612770000000125, 46.197474 ], [ 29.597467998000013, 46.213306000000102 ], [ 29.614601540000137, 46.217480120000118 ], [ 29.603669, 46.294619000000182 ], [ 29.531241, 46.287448001000087 ], [ 29.384005000000172, 46.324450000000184 ], [ 29.484522, 46.360404999000139 ], [ 29.396536322000145, 46.425100218000068 ], [ 29.350326603000099, 46.504236582000033 ], [ 29.331679753000174, 46.495980729000053 ], [ 29.336351185000183, 46.473583625000174 ], [ 29.308519346000139, 46.464957489000028 ], [ 29.324106707000112, 46.414679106000108 ], [ 29.26309682200008, 46.405683421000163 ], [ 29.266644990000032, 46.393554191000078 ], [ 29.24096191100017, 46.376001847000111 ], [ 29.207649390000142, 46.384554360000152 ], [ 29.24680950700008, 46.419335760000081 ], [ 29.21993506300015, 46.463509113000043 ], [ 29.255279940000094, 46.485784637000165 ] ] ], [ [ [ 28.714974, 45.469711000000132 ], [ 28.708583, 45.462285000000122 ], [ 28.715998000000184, 45.463221000000146 ], [ 28.714974, 45.469711000000132 ] ] ] ] } },
{ "type": "Feature", "properties": { "pcode": "UA5108", "name": "Izmailskyi", "oblast_pcode": "UA51", "oblast": "Odeska", "area_sqkm": 3550.2689994799998, "city_pop": 0.0, "pop": 122433, "included": true }, "geometry": { "type": "MultiPolygon", "coordinates": [ [ [ [ 29.201980870000114, 45.719888849000142 ], [ 29.168965014000037, 45.813205492000179 ], [ 29.099976891000154, 45.800368627000068 ], [ 29.104659813000183, 45.78542223900007 ], [ 29.0667, 45.779329000000132 ], [ 29.075572001000069, 45.751471000000151 ], [ 29.019077, 45.737098 ], [ 29.022786000000167, 45.702290000000175 ], [ 28.97227, 45.697895999000139 ], [ 28.985877000000187, 45.656110000000183 ], [ 28.937729089000186, 45.647994415000085 ], [ 28.947927999000115, 45.628426 ], [ 28.73750999900011, 45.589282 ], [ 28.769667678000133, 45.495748726000159 ], [ 28.703904423000097, 45.474745639000048 ], [ 28.648115001000122, 45.467535 ], [ 28.658139000000176, 45.521105 ], [ 28.552802, 45.553924 ], [ 28.544116877000079, 45.580071063999981 ], [ 28.491505966000091, 45.571207893 ], [ 28.515253000000143, 45.499863 ], [ 28.427620558000115, 45.486125258000072 ], [ 28.426736218000144, 45.530534212000077 ], [ 28.415499504000138, 45.513979470999971 ], [ 28.305865999000105, 45.546775999000033 ], [ 28.211248746000081, 45.467071288000056 ], [ 28.278539908000141, 45.446015499000055 ], [ 28.282207619000133, 45.397606353000128 ], [ 28.347760475000086, 45.320656655000107 ], [ 28.559080000000108, 45.24901 ], [ 28.709768, 45.224056001000065 ], [ 28.791387, 45.242201 ], [ 28.751622, 45.281513000000132 ], [ 28.802695, 45.301899 ], [ 28.780866000000117, 45.323238000000117 ], [ 28.797503000000177, 45.335079000000178 ], [ 28.940077778999978, 45.279405659000076 ], [ 28.96388599900007, 45.329945000000123 ], [ 29.169495, 45.394926000000169 ], [ 29.238010274000089, 45.432628071000067 ], [ 29.293226128000072, 45.427548128000126 ], [ 29.327331041999969, 45.448245520000057 ], [ 29.428464, 45.443180001000087 ], [ 29.550346, 45.409156000000166 ], [ 29.650882872000011, 45.340190790000179 ], [ 29.676793694000025, 45.276929032000055 ], [ 29.659894499000188, 45.24760756600017 ], [ 29.685941764, 45.203272699000138 ], [ 29.707190253000135, 45.219773918000044 ], [ 29.72269119200007, 45.209240615999988 ], [ 29.734494901000176, 45.227374123000175 ], [ 29.757168091000153, 45.222710659000143 ], [ 29.739821218000088, 45.246163032000027 ], [ 29.765795671000092, 45.321782320000068 ], [ 29.754985896000164, 45.443859093000128 ], [ 29.773677050000174, 45.452117957000098 ], [ 29.772805419000122, 45.434699497000054 ], [ 29.781376968000131, 45.467450875999987 ], [ 29.748068487000069, 45.46730253200019 ], [ 29.745139350000102, 45.489939721000098 ], [ 29.705969218000121, 45.469556120000107 ], [ 29.708547311000189, 45.45789860400015 ], [ 29.652854093000144, 45.474639063000097 ], [ 29.648439578000193, 45.451625894000188 ], [ 29.631270401000052, 45.474890156000185 ], [ 29.618987720000121, 45.469453967000106 ], [ 29.607128358000182, 45.476095264000094 ], [ 29.608067248000054, 45.487441307000154 ], [ 29.616105622000077, 45.474922321000122 ], [ 29.62887931500012, 45.483157136000159 ], [ 29.624310673000139, 45.502123654 ], [ 29.649562000000174, 45.529403999000067 ], [ 29.597433999000145, 45.56051500000018 ], [ 29.604529999000192, 45.64815 ], [ 29.551907001000188, 45.643742 ], [ 29.554792, 45.623821000000191 ], [ 29.493656000000158, 45.614537000000155 ], [ 29.489257999000188, 45.641172001000086 ], [ 29.468603, 45.638736 ], [ 29.461210000000165, 45.675219000000141 ], [ 29.424057001000051, 45.670840000000169 ], [ 29.418156000000181, 45.699172000000146 ], [ 29.326836, 45.689701 ], [ 29.315646298000047, 45.731324857000118 ], [ 29.208103631000142, 45.705884410000067 ], [ 29.216693635000183, 45.717110161999983 ], [ 29.201980870000114, 45.719888849000142 ] ], [ [ 28.708583, 45.462285000000122 ], [ 28.714974, 45.469711000000132 ], [ 28.715998000000184, 45.463221000000146 ], [ 28.708583, 45.462285000000122 ] ] ], [ [ [ 30.20619055800006, 45.252634964000094 ], [ 30.200007916000061, 45.256994344000191 ], [ 30.201850255000181, 45.252442887000086 ], [ 30.20619055800006, 45.252634964000094 ] ] ], [ [ [ 29.647710668000116, 45.474119605000112 ], [ 29.624695313000132, 45.478037694000022 ], [ 29.648781401000122, 45.471620576000021 ], [ 29.647710668000116, 45.474119605000112 ] ] ] ] } },
{ "type": "Feature", "properties": { "pcode": "UA5110", "name": "Odeskyi", "oblast_pcode": "UA51", "oblast": "Odeska", "area_sqkm": 3951.64203206, "city_pop": 992874.0, "pop": 1225846, "included": true }, "geometry": { "type": "MultiPolygon", "coordinates": [ [ [ [ 30.863766, 46.926421 ], [ 30.864293000000146, 46.943029000000195 ], [ 30.84382999900015, 46.954073999000173 ], [ 30.795081803000073, 46.946700611000097 ], [ 30.802443305000054, 46.917322013999978 ], [ 30.710265765000031, 46.896890149000114 ], [ 30.686612642000114, 46.87085080900016 ], [ 30.695828088000155, 46.907340001000193 ], [ 30.641282, 46.899586000000113 ], [ 30.644838001000153, 46.869114 ], [ 30.67806400000012, 46.839257 ], [ 30.651607998000145, 46.830388 ], [ 30.658240999000157, 46.780120000000181 ], [ 30.607353, 46.774486000000138 ], [ 30.597510998000189, 46.789594999000144 ], [ 30.565249000000165, 46.768776 ], [ 30.547234999000125, 46.810221001000059 ], [ 30.509956, 46.794646999000179 ], [ 30.479053999000143, 46.838329 ], [ 30.461563001000172, 46.826608 ], [ 30.494121, 46.755444 ], [ 30.402999998999974, 46.739022001000137 ], [ 30.37663, 46.75992500100017 ], [ 30.391998000000171, 46.738557999000079 ], [ 30.324300001000097, 46.730286001000081 ], [ 30.329745, 46.706839001000048 ], [ 30.389641001000086, 46.705039 ], [ 30.399901998000075, 46.658749000000171 ], [ 30.350698000000136, 46.654497999000114 ], [ 30.374157001000071, 46.616935000000126 ], [ 30.344414001000075, 46.614170000000115 ], [ 30.338448, 46.639643001000024 ], [ 30.28117, 46.632913001000077 ], [ 30.276292, 46.647168000000136 ], [ 30.325002, 46.652005000000145 ], [ 30.316678001000071, 46.68975299900012 ], [ 30.128154000000166, 46.675419000000147 ], [ 30.152774001000182, 46.627485000000149 ], [ 29.95611, 46.632879 ], [ 29.958561, 46.607788 ], [ 29.934083, 46.581295001000115 ], [ 29.944837727000163, 46.554849207000075 ], [ 29.875579701000106, 46.546789215000047 ], [ 29.913206663000096, 46.521724536000136 ], [ 29.905915519000075, 46.51434770700007 ], [ 29.943330089000142, 46.501935922000087 ], [ 29.93557984500012, 46.494417722000151 ], [ 29.960478301000023, 46.509811093000053 ], [ 29.960376567000139, 46.490615034000086 ], [ 29.986939705999987, 46.50967837800016 ], [ 29.987490784000101, 46.493785783000135 ], [ 30.000889120000068, 46.495614608000039 ], [ 29.991128459000095, 46.477959585000065 ], [ 30.016850002000126, 46.481362927000077 ], [ 29.993992509000122, 46.474277249000181 ], [ 30.023296549000179, 46.468600518000073 ], [ 29.993950385000176, 46.461531341000011 ], [ 30.026083215000028, 46.452756371000135 ], [ 30.023008609000158, 46.441660332000026 ], [ 30.064477345000114, 46.442147368000178 ], [ 30.058114864000061, 46.426352767000083 ], [ 30.096554334000189, 46.425435654000125 ], [ 30.094585861000098, 46.439916406000123 ], [ 30.130925896000178, 46.411458694000089 ], [ 30.154136008000137, 46.42907024800013 ], [ 30.16629809300008, 46.413532178000025 ], [ 30.168600498000046, 46.435088257000075 ], [ 30.196076137000091, 46.44563847600017 ], [ 30.246116636000068, 46.428693400000043 ], [ 30.261121913000181, 46.387104915000066 ], [ 30.299170000000117, 46.347617000000128 ], [ 30.283939001000135, 46.340507 ], [ 30.292108001000145, 46.326515999000151 ], [ 30.272936, 46.304719 ], [ 30.271439906000069, 46.267686724000043 ], [ 30.376856296000028, 46.222510797000098 ], [ 30.455963788000076, 46.112087223000117 ], [ 30.490549753000096, 46.155932635000056 ], [ 30.549323563000087, 46.183395932000167 ], [ 30.564916587000084, 46.165582623000034 ], [ 30.680792376000113, 46.32466208600016 ], [ 30.752126811000096, 46.375222110000152 ], [ 30.77255892200003, 46.44117776100012 ], [ 30.759327990000088, 46.491266775000099 ], [ 30.731321899000193, 46.506763945000159 ], [ 30.750168479000081, 46.544033104000164 ], [ 30.79675591400013, 46.558261111000093 ], [ 30.830696447000037, 46.54932691700003 ], [ 31.189337603000126, 46.640749200000187 ], [ 31.175845508000123, 46.651847283000166 ], [ 31.198717758000043, 46.660248522000074 ], [ 31.18512517, 46.66286206000018 ], [ 31.178941757000075, 46.708957672000111 ], [ 31.152872912000078, 46.740494280000178 ], [ 31.177503943000147, 46.768081511000048 ], [ 31.152894674000095, 46.794973489000029 ], [ 31.152292000000159, 46.839401 ], [ 31.112712000000158, 46.84446400000013 ], [ 31.094063000000119, 46.881061 ], [ 31.040954432000035, 46.909481835000122 ], [ 30.910733961000119, 46.870927258000165 ], [ 30.895866999000191, 46.924414 ], [ 30.863766, 46.926421 ] ] ], [ [ [ 30.086902565000173, 46.371947176000106 ], [ 30.057846, 46.39833 ], [ 29.996832335000079, 46.38378893100014 ], [ 30.008411574000036, 46.359803006000163 ], [ 30.086902565000173, 46.371947176000106 ] ] ] ] } },
{ "type": "Feature", "properties": { "pcode": "UA5112", "name": "Podilskyi", "oblast_pcode": "UA51", "oblast": "Odeska", "area_sqkm": 7054.9591554400004, "city_pop": 0.0, "pop": 314827, "included": true }, "geometry": { "type": "Polygon", "coordinates": [ [ [ 29.972998068000038, 48.217813412000169 ], [ 29.93030466600004, 48.233298368000078 ], [ 29.891821649000121, 48.185724277000133 ], [ 29.840468171000168, 48.212590597000087 ], [ 29.654938790000074, 48.195017514000142 ], [ 29.675889287000075, 48.162138449000111 ], [ 29.663635291000105, 48.107516598000188 ], [ 29.602498001000129, 48.13290699900017 ], [ 29.587542030000122, 48.101983421000057 ], [ 29.570064751000132, 48.098727748000044 ], [ 29.494838262000087, 48.102627298000129 ], [ 29.458381764000137, 48.122608659000036 ], [ 29.394495408000068, 48.113737606000143 ], [ 29.371862720000024, 48.090553405000037 ], [ 29.311589, 48.086007 ], [ 29.203538848000051, 48.117933977000121 ], [ 29.2614074600001, 48.130367587000194 ], [ 29.251244674000191, 48.14971132900007 ], [ 29.209268300000133, 48.134212791000039 ], [ 29.141497576, 48.140662721000069 ], [ 29.158243842000047, 48.148587996000117 ], [ 29.064630055000123, 48.194563042000027 ], [ 29.03224477800012, 48.125631913000063 ], [ 29.00447535100011, 48.150380455000175 ], [ 28.945159804000127, 48.156685793000179 ], [ 28.927179799000044, 48.094362123000053 ], [ 28.873014937000164, 48.082613892000097 ], [ 28.868075954000176, 48.069341598000108 ], [ 28.857090142000175, 48.078575824000154 ], [ 28.840164554000012, 48.078470166000102 ], [ 28.833282697000016, 48.072839294000119 ], [ 28.852028794999967, 48.060904380000125 ], [ 28.839390208000111, 48.034840730000099 ], [ 28.924865018000105, 47.960992456000156 ], [ 28.961549133000176, 47.979242315000192 ], [ 29.033141648000083, 47.942466987000103 ], [ 29.069781222000131, 47.943542916000013 ], [ 29.086237656000151, 47.946936889000085 ], [ 29.079395351000073, 47.971338038000169 ], [ 29.097531644000071, 47.960150666000175 ], [ 29.089251106000063, 47.981336552000187 ], [ 29.174394313999983, 47.99341609600009 ], [ 29.201633032000075, 47.884303960000068 ], [ 29.214892329000179, 47.896148389000189 ], [ 29.281023606000076, 47.888417324000102 ], [ 29.224688228000048, 47.855222249000178 ], [ 29.199157301000128, 47.818890825000096 ], [ 29.21995658600008, 47.797413847000144 ], [ 29.275384999000096, 47.803984 ], [ 29.250052488000108, 47.75252625600001 ], [ 29.203811462000033, 47.719427106000182 ], [ 29.230577058000051, 47.683689645000072 ], [ 29.218725429000074, 47.68255122100004 ], [ 29.208814877, 47.641506335000031 ], [ 29.233749468000156, 47.642138285000044 ], [ 29.208992155000146, 47.628554037000185 ], [ 29.21746449200009, 47.612354217000075 ], [ 29.18405078800015, 47.571583775000192 ], [ 29.116479426000183, 47.553715724000142 ], [ 29.151476900999967, 47.505737728000042 ], [ 29.190211109000131, 47.51435512 ], [ 29.186775960000034, 47.475701407000031 ], [ 29.157302589999972, 47.459143025000117 ], [ 29.190905629000042, 47.468333378000125 ], [ 29.190232132000176, 47.424550583000155 ], [ 29.242100996000147, 47.461815914 ], [ 29.243993569000168, 47.414577183000063 ], [ 29.31785483900012, 47.447803259000125 ], [ 29.337395297000057, 47.370551504000048 ], [ 29.39059475900018, 47.379384710000124 ], [ 29.396911675000013, 47.353586177000125 ], [ 29.382706135999968, 47.344132898000169 ], [ 29.397812, 47.30051600000013 ], [ 29.422730000000115, 47.304396000000168 ], [ 29.426526000000138, 47.291824001000123 ], [ 29.486196999000185, 47.306129 ], [ 29.487250656000072, 47.356051219000165 ], [ 29.573800273000131, 47.37045112300018 ], [ 29.58819963000019, 47.441072765000115 ], [ 29.618278342000053, 47.444346015000065 ], [ 29.581494446000193, 47.445968362000087 ], [ 29.569766353000091, 47.475690956000165 ], [ 29.588335289000156, 47.478007603000094 ], [ 29.584229158000142, 47.494195680000189 ], [ 29.605139498000085, 47.496817467000142 ], [ 29.60181939500012, 47.509053015000177 ], [ 29.826538437000124, 47.530381994000038 ], [ 29.84466696000004, 47.469487484000069 ], [ 29.889179035000154, 47.475383657000066 ], [ 29.892251647000023, 47.460323868000046 ], [ 29.939285, 47.466293001000167 ], [ 29.948815001000071, 47.437457000000165 ], [ 30.057454880000023, 47.431743623000045 ], [ 30.107594082000048, 47.438334983000061 ], [ 30.146438, 47.463355 ], [ 30.115246461000027, 47.494107237000094 ], [ 30.165865350000047, 47.500487548000137 ], [ 30.156054002000019, 47.53272 ], [ 30.224753001000124, 47.540413999000123 ], [ 30.217279136, 47.551676258000157 ], [ 30.275532999000063, 47.56659900000011 ], [ 30.296511001000113, 47.557267000000195 ], [ 30.447056821, 47.576732069000172 ], [ 30.44315976200005, 47.590250018000177 ], [ 30.478473000000122, 47.595794 ], [ 30.463928431000113, 47.640365265000071 ], [ 30.420418638000172, 47.634082902000159 ], [ 30.389200345000063, 47.749991330000057 ], [ 30.423923247000118, 47.76084154300014 ], [ 30.416118581000092, 47.787185633000092 ], [ 30.439822444000129, 47.789121881000085 ], [ 30.436205668000014, 47.80068052300004 ], [ 30.422421695000082, 47.82115532600011 ], [ 30.330896655, 47.809855484000082 ], [ 30.297983824000028, 47.922099921000154 ], [ 30.307531702000119, 47.92973896400008 ], [ 30.245440272000053, 47.967132144000118 ], [ 30.22566518800005, 48.011866630999975 ], [ 30.256175800000108, 48.027782089000027 ], [ 30.233998684000142, 48.059946395000168 ], [ 30.206639585000175, 48.067592806000164 ], [ 30.23337793200011, 48.070227058000171 ], [ 30.24877723600008, 48.089567825000017 ], [ 30.324334800000031, 48.094295367000029 ], [ 30.314087020000159, 48.105771071000106 ], [ 30.356777317000024, 48.1015880060001 ], [ 30.356840015000046, 48.112662858000192 ], [ 30.315363764000097, 48.11668188900012 ], [ 30.307808513000168, 48.141601627000171 ], [ 30.263758033000158, 48.14746110800013 ], [ 30.067731396000113, 48.145135656000093 ], [ 30.022159176000116, 48.18607446700014 ], [ 30.002935667000031, 48.184088836000058 ], [ 30.009710921000192, 48.208111405000068 ], [ 29.991065523000032, 48.23029891200008 ], [ 29.972998068000038, 48.217813412000169 ] ] ] } },
{ "type": "Feature", "properties": { "pcode": "UA5114", "name": "Rozdilnianskyi", "oblast_pcode": "UA51", "oblast": "Odeska", "area_sqkm": 3569.2318358799998, "city_pop": 0.0, "pop": 190995, "included": true }, "geometry": { "type": "Polygon", "coordinates": [ [ [ 29.826538437000124, 47.530381994000038 ], [ 29.60181939500012, 47.509053015000177 ], [ 29.605139498000085, 47.496817467000142 ], [ 29.584229158000142, 47.494195680000189 ], [ 29.588335289000156, 47.478007603000094 ], [ 29.569766353000091, 47.475690956000165 ], [ 29.581494446000193, 47.445968362000087 ], [ 29.618278342000053, 47.444346015000065 ], [ 29.58819963000019, 47.441072765000115 ], [ 29.593858510000189, 47.419216017 ], [ 29.576812000000189, 47.417341 ], [ 29.582400001000053, 47.39003200000019 ], [ 29.56975799900016, 47.388422999 ], [ 29.597969363000061, 47.257058958000187 ], [ 29.551125, 47.251732000000118 ], [ 29.580797000000189, 47.135825999000133 ], [ 29.494566999000142, 47.130697999000063 ], [ 29.530263001000094, 47.07529399900011 ], [ 29.549836001000074, 47.075704999000038 ], [ 29.548016000000189, 47.093574999000168 ], [ 29.612039001000142, 47.099904 ], [ 29.628365001000191, 47.045106 ], [ 29.602189, 47.041575 ], [ 29.596053713000174, 46.963617409000051 ], [ 29.556049491000067, 46.957728693000092 ], [ 29.571302170000081, 46.940018166000073 ], [ 29.6394085660001, 46.955041302000041 ], [ 29.648010606000071, 46.919214184000055 ], [ 29.718615524000029, 46.931968554000036 ], [ 29.749377680000123, 46.860635732000048 ], [ 29.883868572000154, 46.88625579800015 ], [ 29.883559076000097, 46.850694712000177 ], [ 29.905080866000048, 46.819859042000189 ], [ 29.949449001000175, 46.841721000000177 ], [ 29.969177, 46.832029 ], [ 29.978206000000171, 46.816923999000096 ], [ 29.934937999000169, 46.805907001000151 ], [ 29.974466999000185, 46.754016 ], [ 29.972745298000063, 46.68835045700007 ], [ 29.944932452000103, 46.646377361000191 ], [ 29.95611, 46.632879 ], [ 30.152774001000182, 46.627485000000149 ], [ 30.128154000000166, 46.675419000000147 ], [ 30.316678001000071, 46.68975299900012 ], [ 30.325002, 46.652005000000145 ], [ 30.276292, 46.647168000000136 ], [ 30.28117, 46.632913001000077 ], [ 30.338448, 46.639643001000024 ], [ 30.344414001000075, 46.614170000000115 ], [ 30.374157001000071, 46.616935000000126 ], [ 30.350698000000136, 46.654497999000114 ], [ 30.399901998000075, 46.658749000000171 ], [ 30.389641001000086, 46.705039 ], [ 30.329745, 46.706839001000048 ], [ 30.324300001000097, 46.730286001000081 ], [ 30.391998000000171, 46.738557999000079 ], [ 30.37663, 46.75992500100017 ], [ 30.402999998999974, 46.739022001000137 ], [ 30.494121, 46.755444 ], [ 30.486817001000134, 46.790511 ], [ 30.461579000000143, 46.827066000000173 ], [ 30.404674, 46.820039000000122 ], [ 30.393822, 46.844782001000056 ], [ 30.372950002000096, 46.841883000000109 ], [ 30.34815399900009, 46.92567 ], [ 30.316162, 46.922532000000103 ], [ 30.314997000000119, 46.949154001000068 ], [ 30.332261000000187, 46.96017600000016 ], [ 30.291001000000165, 46.966157001000056 ], [ 30.286908, 46.979351 ], [ 30.254922000000136, 46.976011 ], [ 30.259818, 46.958502999000189 ], [ 30.245779001000074, 46.956671999000037 ], [ 30.237032000000113, 46.990453001000162 ], [ 30.138373000000115, 46.979987000000108 ], [ 30.109706325000104, 47.094333048000067 ], [ 30.173644161000027, 47.109767115000182 ], [ 30.154020000000173, 47.20084 ], [ 30.112925, 47.257410000999982 ], [ 30.108781000000192, 47.273284 ], [ 30.12852700100018, 47.275404000000151 ], [ 30.122952001000044, 47.295185000000117 ], [ 30.109903000000145, 47.29341200000016 ], [ 30.118511933000036, 47.283076118000054 ], [ 30.086465171000043, 47.287065369000175 ], [ 30.083520045000057, 47.273427910000066 ], [ 30.048248369000078, 47.327345411000181 ], [ 29.956309709999971, 47.315662598000131 ], [ 29.933223000000112, 47.291418000000192 ], [ 29.892235543000083, 47.327844427000059 ], [ 29.910143153000149, 47.351992093000035 ], [ 29.905885418000025, 47.368968261000077 ], [ 29.887845276, 47.366923251000173 ], [ 29.875421321000147, 47.413173307000079 ], [ 29.976086568000142, 47.438265745000024 ], [ 29.948815001000071, 47.437457000000165 ], [ 29.939285, 47.466293001000167 ], [ 29.84466696000004, 47.469487484000069 ], [ 29.826538437000124, 47.530381994000038 ] ] ] } },
{ "type": "Feature", "properties": { "pcode": "UA5302", "name": "Kremenchutskyi", "oblast_pcode": "UA53", "oblast": "Poltavska", "area_sqkm": 6101.5823665099997, "city_pop": 214291.0, "pop": 361840, "included": true }, "geometry": { "type": "Polygon", "coordinates": [ [ [ 32.873314244000085, 49.807975553000176 ], [ 32.851236124000138, 49.802999807000049 ], [ 32.848899772000095, 49.785027931000059 ], [ 32.817656784000178, 49.784959808000167 ], [ 32.819733631000133, 49.755391932000123 ], [ 32.723663299000066, 49.737230452000063 ], [ 32.727651683000033, 49.712821728 ], [ 32.69676022800013, 49.671506960000045 ], [ 32.734962485000096, 49.65494745500007 ], [ 32.704204363000144, 49.642875517999983 ], [ 32.715151863000187, 49.612366288000032 ], [ 32.696231362999981, 49.603104840000071 ], [ 32.757220743000175, 49.575685505000081 ], [ 32.750174356000059, 49.523830139000154 ], [ 32.709984001000123, 49.499018 ], [ 32.67726090300016, 49.499273483000081 ], [ 32.672874119000085, 49.448014672000056 ], [ 32.650900768000042, 49.43584301400017 ], [ 32.678989142000034, 49.425299625000093 ], [ 32.689917491000188, 49.385189505000142 ], [ 32.737082676999989, 49.372127295000098 ], [ 32.738200860000063, 49.353751861000092 ], [ 32.676922305, 49.352475889000061 ], [ 32.544809000000157, 49.381824000000108 ], [ 32.509872001000076, 49.407844999000076 ], [ 32.461063816000092, 49.347393608000061 ], [ 32.479370680000102, 49.340663667000058 ], [ 32.466251379000084, 49.328242119000095 ], [ 32.595664995000107, 49.276241319 ], [ 32.609556602999987, 49.253533503000028 ], [ 32.713912771000139, 49.257582178000064 ], [ 32.762718925000172, 49.232988359999979 ], [ 32.815320544000144, 49.249149406000129 ], [ 32.926002, 49.233396000000141 ], [ 32.977785798000184, 49.243352475000165 ], [ 32.984862942000063, 49.209067321000077 ], [ 33.029540395000026, 49.184802679000029 ], [ 33.110822847000065, 49.179541042000153 ], [ 33.157717851000086, 49.130576863000101 ], [ 33.156129897000142, 49.098424562000162 ], [ 33.185592851000024, 49.097238528000105 ], [ 33.201443010000105, 49.073173334000046 ], [ 33.248461235999969, 49.085252503 ], [ 33.24028319100006, 49.166706441000031 ], [ 33.267192452000131, 49.133438071000057 ], [ 33.304219089000128, 49.118390600000168 ], [ 33.262185007000141, 49.091872548000026 ], [ 33.307885907000127, 49.078188761000149 ], [ 33.298300192000056, 49.066231856000172 ], [ 33.334744046000083, 49.026987516000077 ], [ 33.297036792000142, 49.007911055000079 ], [ 33.319847371000037, 48.948476870000036 ], [ 33.3526548910001, 48.954226504000076 ], [ 33.401576237000086, 48.926860366000085 ], [ 33.407110048999982, 48.961454064000179 ], [ 33.421333460000085, 48.948869224000191 ], [ 33.475935785000047, 48.951953020000076 ], [ 33.473710272000176, 48.913733127000114 ], [ 33.536940845000061, 48.931388746000152 ], [ 33.547672548000094, 48.912627656000041 ], [ 33.57513247300011, 48.911149340000122 ], [ 33.567564573000084, 48.918862803000138 ], [ 33.589208167000152, 48.916889019999985 ], [ 33.63794337000013, 48.973991450000085 ], [ 33.664215659000092, 48.978545194000105 ], [ 33.709518971000193, 48.94088224800015 ], [ 33.821911307000164, 48.936156496000081 ], [ 33.930766001, 48.879813 ], [ 34.0125, 48.933110000000113 ], [ 33.926942001000157, 48.987081999000111 ], [ 33.88198499900011, 48.988733000000195 ], [ 33.882560002000162, 49.013588 ], [ 33.987065000000143, 49.019822000000147 ], [ 33.988408001000153, 49.048973 ], [ 33.974190999000143, 49.051301 ], [ 33.986383686000124, 49.08311472000014 ], [ 34.048063172000184, 49.074887600000125 ], [ 34.056416480000166, 49.111820603000183 ], [ 34.08813828100017, 49.112831462000088 ], [ 34.094841381000037, 49.177267243000074 ], [ 34.04389970800014, 49.184258244000034 ], [ 34.030030335, 49.238060578000102 ], [ 34.005240209000192, 49.251432609000119 ], [ 34.028002322000191, 49.284875355000111 ], [ 33.990605836000043, 49.311768043000029 ], [ 33.979466752000121, 49.368491409000171 ], [ 33.914823999000077, 49.364411000000189 ], [ 33.892361999000173, 49.376608999000041 ], [ 33.899092, 49.413740000000132 ], [ 33.878445, 49.394226 ], [ 33.866975, 49.414117 ], [ 33.80652, 49.411371 ], [ 33.790923387000021, 49.445771472000104 ], [ 33.812558751000097, 49.459476864000067 ], [ 33.806232774000136, 49.475431168000114 ], [ 33.773679675000039, 49.472893616000135 ], [ 33.738600164000047, 49.500040768000076 ], [ 33.64068072800012, 49.523329120000142 ], [ 33.617748303000099, 49.576241436000146 ], [ 33.441772776000164, 49.621260519000089 ], [ 33.44689290600013, 49.63677214 ], [ 33.382339999000067, 49.656912 ], [ 33.282982811000011, 49.639105390000168 ], [ 33.259664906000069, 49.660243839000088 ], [ 33.190479173000028, 49.664701975000185 ], [ 33.188415598000063, 49.645871410000098 ], [ 33.173799575000032, 49.647929025000053 ], [ 33.14101208000011, 49.659682338999971 ], [ 33.152056069000025, 49.692045768000185 ], [ 33.059032408000064, 49.714369808000185 ], [ 33.01803338700006, 49.754578117000051 ], [ 32.975677659000098, 49.747763646000124 ], [ 32.973646783000106, 49.76111854200019 ], [ 32.922600756000065, 49.77283989200015 ], [ 32.91015477000002, 49.790245903000141 ], [ 32.880535377000058, 49.796080080000138 ], [ 32.879865721999977, 49.78444843300008 ], [ 32.873314244000085, 49.807975553000176 ] ] ] } },
{ "type": "Feature", "properties": { "pcode": "UA5304", "name": "Lubenskyi", "oblast_pcode": "UA53", "oblast": "Poltavska", "area_sqkm": 5489.1389229799997, "city_pop": 0.0, "pop": 173460, "included": true }, "geometry": { "type": "Polygon", "coordinates": [ [ [ 32.961790999000016, 50.417401001000087 ], [ 32.919994920000136, 50.429267834000029 ], [ 32.915578942000138, 50.407145406000154 ], [ 32.836574102000043, 50.3742860320001 ], [ 32.789840200000071, 50.370890110000119 ], [ 32.793198913000026, 50.346048660000179 ], [ 32.670745703000193, 50.358030772000177 ], [ 32.671646369000143, 50.368963189000112 ], [ 32.525066521000099, 50.345665855 ], [ 32.485919643000102, 50.369182927000168 ], [ 32.493219164000038, 50.399202633000129 ], [ 32.328606628000159, 50.426680578 ], [ 32.315885952000087, 50.417447146000086 ], [ 32.325662518000058, 50.403512507000073 ], [ 32.25159527600016, 50.373821151000072 ], [ 32.263985018000142, 50.362501667000174 ], [ 32.254586879000158, 50.352288378000026 ], [ 32.268873604000134, 50.351950751000061 ], [ 32.143312643000115, 50.348251211000047 ], [ 32.152339566000137, 50.337454788000173 ], [ 32.129001579000146, 50.315719045000037 ], [ 32.14022264800019, 50.304657040000052 ], [ 32.084138349, 50.283196989000146 ], [ 32.10102154000009, 50.276576618000149 ], [ 32.08945078, 50.246977120000111 ], [ 32.176819874000103, 50.164997062000054 ], [ 32.298588266000081, 50.142738149000195 ], [ 32.3039369010001, 50.119892778000064 ], [ 32.250328198000147, 50.114626173000147 ], [ 32.276414094000188, 50.09685303800012 ], [ 32.261526717000038, 50.082358544999977 ], [ 32.313822243000175, 50.038596480000137 ], [ 32.333760357000131, 50.058291225000119 ], [ 32.351002801, 50.047342366000066 ], [ 32.378869598000108, 49.980976218000137 ], [ 32.428585945000066, 49.960273561000065 ], [ 32.414047943000128, 49.903445931000135 ], [ 32.434572065000111, 49.888210264000122 ], [ 32.373863283000048, 49.874414512000158 ], [ 32.449322414000108, 49.796209101000045 ], [ 32.50408995500004, 49.804464868000025 ], [ 32.514283137000177, 49.77439372200007 ], [ 32.555727315000183, 49.773543074000031 ], [ 32.572556488000089, 49.752932348000172 ], [ 32.574042130000066, 49.702542759000153 ], [ 32.663842530000068, 49.680443107000031 ], [ 32.708534623000105, 49.656774099000074 ], [ 32.704199757000083, 49.642877526000177 ], [ 32.735053406000077, 49.65440506200008 ], [ 32.695991058000118, 49.66842307200011 ], [ 32.727651683000033, 49.712821728 ], [ 32.723531789000049, 49.73711114800011 ], [ 32.819733631000133, 49.755391932000123 ], [ 32.817481024000188, 49.784783428000139 ], [ 32.848899772000095, 49.785027931000059 ], [ 32.851236124000138, 49.802999807000049 ], [ 32.871503443000108, 49.808582778000073 ], [ 32.879865721999977, 49.78444843300008 ], [ 32.880535377000058, 49.796080080000138 ], [ 32.91015477000002, 49.790245903000141 ], [ 32.922600756000065, 49.77283989200015 ], [ 32.973646783000106, 49.76111854200019 ], [ 32.975677659000098, 49.747763646000124 ], [ 33.01803338700006, 49.754578117000051 ], [ 33.059032408000064, 49.714369808000185 ], [ 33.152056069000025, 49.692045768000185 ], [ 33.14101208000011, 49.659682338999971 ], [ 33.173799575000032, 49.647929025000053 ], [ 33.188415598000063, 49.645871410000098 ], [ 33.190479173000028, 49.664701975000185 ], [ 33.259664906000069, 49.660243839000088 ], [ 33.282982811000011, 49.639105390000168 ], [ 33.382339999000067, 49.656912 ], [ 33.44689290600013, 49.63677214 ], [ 33.440896247000012, 49.621591698000032 ], [ 33.495912106000048, 49.612818220000122 ], [ 33.514724002000094, 49.648648678000029 ], [ 33.500351539000121, 49.656765054000118 ], [ 33.501319124000133, 49.693848142000093 ], [ 33.546723766000127, 49.737610260000054 ], [ 33.540333452000027, 49.768090304000054 ], [ 33.581034104000025, 49.783929426000043 ], [ 33.579747212000086, 49.820099807000076 ], [ 33.483900092000056, 49.857998937000048 ], [ 33.442211344000043, 49.850913854999988 ], [ 33.398115000000132, 49.886561 ], [ 33.366113794000171, 49.891509916000132 ], [ 33.383016497000085, 49.943535940000118 ], [ 33.284237130000179, 49.990014629000086 ], [ 33.294799615000045, 50.010989503000019 ], [ 33.368261776000111, 50.025191140000118 ], [ 33.404774356000075, 50.086921013 ], [ 33.377337315000034, 50.111263672000177 ], [ 33.394051781000087, 50.144738641000117 ], [ 33.36966578900018, 50.140302624000185 ], [ 33.379171253999971, 50.14836272500014 ], [ 33.341683520000117, 50.169456503 ], [ 33.346939760000168, 50.182634196000095 ], [ 33.328662798000153, 50.19995149500005 ], [ 33.287145320000093, 50.185423669000045 ], [ 33.260301781000123, 50.143715967000105 ], [ 33.241966142000138, 50.141524759000163 ], [ 33.212411, 50.171281999000087 ], [ 33.151508265000189, 50.19002913800017 ], [ 33.150928094000051, 50.233973034000087 ], [ 33.124358138000048, 50.248963506000166 ], [ 33.13717233300008, 50.28760099800013 ], [ 33.108143649000056, 50.284229139000104 ], [ 33.083879741000089, 50.322739064000075 ], [ 33.042988832000106, 50.334074550000082 ], [ 33.062488211000129, 50.365656278000131 ], [ 33.05047001600002, 50.386097660000189 ], [ 33.00147240900003, 50.382838982000067 ], [ 33.018664376000117, 50.407623237000166 ], [ 32.996990977000166, 50.413489138000159 ], [ 33.002541973000064, 50.424161517000073 ], [ 32.961790999000016, 50.417401001000087 ] ], [ [ 33.26035700000017, 49.960487 ], [ 33.325335000000109, 49.95415 ], [ 33.247711, 49.922682 ], [ 33.260649001000047, 49.902290000000164 ], [ 33.23586371100015, 49.861167326999976 ], [ 33.212366222000071, 49.86265193800017 ], [ 33.200970014, 49.882372324000073 ], [ 33.218983452000089, 49.905277904000116 ], [ 33.208627000000149, 49.923874 ], [ 33.26035700000017, 49.960487 ] ] ] } },
{ "type": "Feature", "properties": { "pcode": "UA5306", "name": "Myrhorodskyi", "oblast_pcode": "UA53", "oblast": "Poltavska", "area_sqkm": 6274.5190094700001, "city_pop": 0.0, "pop": 206568, "included": true }, "geometry": { "type": "MultiPolygon", "coordinates": [ [ [ [ 33.285013882000101, 50.549676151000085 ], [ 33.244439454000144, 50.539768264000145 ], [ 33.238708306000035, 50.50980297100017 ], [ 33.220757000000106, 50.503845 ], [ 33.171931089000111, 50.522781732000169 ], [ 33.117740645000083, 50.505073501000027 ], [ 33.06066973500009, 50.518473614000186 ], [ 33.022863763000032, 50.501418433000083 ], [ 33.016190945000176, 50.47072075400007 ], [ 32.972780406000084, 50.475796521000063 ], [ 32.969801835000112, 50.448907973000132 ], [ 32.932066845000179, 50.436403777000123 ], [ 32.961790999000016, 50.417401001000087 ], [ 33.002541973000064, 50.424161517000073 ], [ 32.996990977000166, 50.413489138000159 ], [ 33.018664376000117, 50.407623237000166 ], [ 33.00147240900003, 50.382838982000067 ], [ 33.05047001600002, 50.386097660000189 ], [ 33.062488211000129, 50.365656278000131 ], [ 33.042988832000106, 50.334074550000082 ], [ 33.083879741000089, 50.322739064000075 ], [ 33.108143649000056, 50.284229139000104 ], [ 33.13717233300008, 50.28760099800013 ], [ 33.124358138000048, 50.248963506000166 ], [ 33.150928094000051, 50.233973034000087 ], [ 33.151508265000189, 50.19002913800017 ], [ 33.212411, 50.171281999000087 ], [ 33.241966142000138, 50.141524759000163 ], [ 33.260301781000123, 50.143715967000105 ], [ 33.287145320000093, 50.185423669000045 ], [ 33.328662798000153, 50.19995149500005 ], [ 33.346939760000168, 50.182634196000095 ], [ 33.341683520000117, 50.169456503 ], [ 33.379171253999971, 50.14836272500014 ], [ 33.36966578900018, 50.140302624000185 ], [ 33.394051781000087, 50.144738641000117 ], [ 33.377337315000034, 50.111263672000177 ], [ 33.404774356000075, 50.086921013 ], [ 33.368261776000111, 50.025191140000118 ], [ 33.294799615000045, 50.010989503000019 ], [ 33.284237130000179, 49.990014629000086 ], [ 33.383016497000085, 49.943535940000118 ], [ 33.366113794000171, 49.891509916000132 ], [ 33.398115000000132, 49.886561 ], [ 33.442211344000043, 49.850913854999988 ], [ 33.483900092000056, 49.857998937000048 ], [ 33.579747212000086, 49.820099807000076 ], [ 33.581034104000025, 49.783929426000043 ], [ 33.540333452000027, 49.768090304000054 ], [ 33.546723766000127, 49.737610260000054 ], [ 33.501319124000133, 49.693848142000093 ], [ 33.500351539000121, 49.656765054000118 ], [ 33.514724002000094, 49.648648678000029 ], [ 33.489344737000124, 49.60808032000017 ], [ 33.617748303000099, 49.576241436000146 ], [ 33.639666582000075, 49.524057031000098 ], [ 33.701480999000182, 49.511064 ], [ 33.668118001000039, 49.572816 ], [ 33.685615, 49.588615 ], [ 33.792956, 49.582373000000132 ], [ 33.809714869000175, 49.603321502000028 ], [ 33.868671664000146, 49.616262045000042 ], [ 33.869283433000078, 49.645808392000049 ], [ 33.949678534000157, 49.659562322999989 ], [ 33.939399464000189, 49.688738608000108 ], [ 33.907823170000029, 49.691280818000109 ], [ 33.939024242000187, 49.709457530000179 ], [ 34.03173977400013, 49.700044674000139 ], [ 34.068954941000129, 49.730565393000063 ], [ 34.043570102000047, 49.754861939000079 ], [ 34.12384742200004, 49.765821259000177 ], [ 34.140746756000169, 49.793594543999973 ], [ 34.222951056000113, 49.803031731000033 ], [ 34.232990584000163, 49.858545993000178 ], [ 34.253788726000039, 49.868807021000066 ], [ 34.234670894000089, 49.891502081999988 ], [ 34.291633046000129, 49.903640785000107 ], [ 34.256470249000131, 49.94246070000014 ], [ 34.290008858000192, 49.94717403500016 ], [ 34.287511323000047, 49.96503822700015 ], [ 34.243027418000167, 49.962240053000073 ], [ 34.212724421000132, 50.038144283000122 ], [ 34.135812842000121, 50.065350491000174 ], [ 34.013288288000069, 50.081080683000152 ], [ 34.056885000000193, 50.136774 ], [ 34.140183164000064, 50.156286790000024 ], [ 34.143502684000111, 50.215637215000072 ], [ 34.203309000000104, 50.305413 ], [ 34.229699503000063, 50.313718096000116 ], [ 34.227077426000108, 50.336367872000096 ], [ 34.263375764000159, 50.335393687000078 ], [ 34.27341320000005, 50.352129516000048 ], [ 34.330381633000115, 50.344612307000034 ], [ 34.390834547000168, 50.36697819200009 ], [ 34.25831538500006, 50.435642304000055 ], [ 34.245624179000174, 50.52297574500011 ], [ 34.219288268000071, 50.53335974800018 ], [ 34.158664825000074, 50.522438803000114 ], [ 34.119852316999982, 50.510092745000179 ], [ 34.098179416999983, 50.480921694000187 ], [ 34.082287430000065, 50.488388448000137 ], [ 34.105459339000163, 50.503693251000186 ], [ 34.062386870000125, 50.516402239000172 ], [ 34.027729591000082, 50.499601007000194 ], [ 34.030773195, 50.511236709000116 ], [ 33.95462354, 50.547476298000049 ], [ 33.912988117000054, 50.514486934000047 ], [ 33.892396304000101, 50.533720607000078 ], [ 33.811687568000082, 50.51547399400016 ], [ 33.850989318000131, 50.499254114000166 ], [ 33.787501126000109, 50.477660645000071 ], [ 33.7861957880001, 50.460898997000186 ], [ 33.735007378000148, 50.458488291000037 ], [ 33.571287375000111, 50.494716742000094 ], [ 33.531737314000054, 50.480335648000164 ], [ 33.501680178000186, 50.496961599000088 ], [ 33.486478755000178, 50.481565038000099 ], [ 33.463681702000144, 50.492642785000157 ], [ 33.433909461000155, 50.475604592000082 ], [ 33.412284234000083, 50.499619989000166 ], [ 33.374991690000058, 50.497526667000159 ], [ 33.37387567900015, 50.52116355000004 ], [ 33.318863940000085, 50.520515003000071 ], [ 33.285013882000101, 50.549676151000085 ] ] ], [ [ [ 33.322384540000087, 49.958320153000102 ], [ 33.26035700000017, 49.960487 ], [ 33.208627000000149, 49.923874 ], [ 33.218983452000089, 49.905277904000116 ], [ 33.200970014, 49.882372324000073 ], [ 33.212366222000071, 49.86265193800017 ], [ 33.23586371100015, 49.861167326999976 ], [ 33.260649001000047, 49.902290000000164 ], [ 33.247711, 49.922682 ], [ 33.29071400000015, 49.930953001000034 ], [ 33.322384540000087, 49.958320153000102 ] ] ] ] } },
{ "type": "Feature", "properties": { "pcode": "UA5308", "name": "Poltavskyi", "oblast_pcode": "UA53", "oblast": "Poltavska", "area_sqkm": 10857.542497410001, "city_pop": 272572.0, "pop": 602577, "included": true }, "geometry": { "type": "Polygon", "coordinates": [ [ [ 34.410775178000108, 50.335739617000115 ], [ 34.367241545000127, 50.361652705000097 ], [ 34.330381633000115, 50.344612307000034 ], [ 34.27341320000005, 50.352129516000048 ], [ 34.263375764000159, 50.335393687000078 ], [ 34.227077426000108, 50.336367872000096 ], [ 34.229699503000063, 50.313718096000116 ], [ 34.203309000000104, 50.305413 ], [ 34.143502684000111, 50.215637215000072 ], [ 34.140183164000064, 50.156286790000024 ], [ 34.056885000000193, 50.136774 ], [ 34.013288288000069, 50.081080683000152 ], [ 34.135812842000121, 50.065350491000174 ], [ 34.212724421000132, 50.038144283000122 ], [ 34.243027418000167, 49.962240053000073 ], [ 34.287511323000047, 49.96503822700015 ], [ 34.290008858000192, 49.94717403500016 ], [ 34.256470249000131, 49.94246070000014 ], [ 34.291633046000129, 49.903640785000107 ], [ 34.234670894000089, 49.891502081999988 ], [ 34.253788726000039, 49.868807021000066 ], [ 34.232990584000163, 49.858545993000178 ], [ 34.222951056000113, 49.803031731000033 ], [ 34.140746756000169, 49.793594543999973 ], [ 34.12384742200004, 49.765821259000177 ], [ 34.043570102000047, 49.754861939000079 ], [ 34.068954941000129, 49.730565393000063 ], [ 34.03173977400013, 49.700044674000139 ], [ 33.939024242000187, 49.709457530000179 ], [ 33.907823170000029, 49.691280818000109 ], [ 33.939399464000189, 49.688738608000108 ], [ 33.949678534000157, 49.659562322999989 ], [ 33.869283433000078, 49.645808392000049 ], [ 33.868671664000146, 49.616262045000042 ], [ 33.809714869000175, 49.603321502000028 ], [ 33.792956, 49.582373000000132 ], [ 33.745447, 49.594116 ], [ 33.685615, 49.588615 ], [ 33.668118001000039, 49.572816 ], [ 33.703865164000035, 49.503795779000029 ], [ 33.813523839000027, 49.468141033999984 ], [ 33.790923387000021, 49.445771472000104 ], [ 33.80652, 49.411371 ], [ 33.866975, 49.414117 ], [ 33.878445, 49.394226 ], [ 33.899092, 49.413740000000132 ], [ 33.892361999000173, 49.376608999000041 ], [ 33.914823999000077, 49.364411000000189 ], [ 33.979466752000121, 49.368491409000171 ], [ 33.990605836000043, 49.311768043000029 ], [ 34.028002322000191, 49.284875355000111 ], [ 34.005240209000192, 49.251432609000119 ], [ 34.030030335, 49.238060578000102 ], [ 34.04389970800014, 49.184258244000034 ], [ 34.094841381000037, 49.177267243000074 ], [ 34.08813828100017, 49.112831462000088 ], [ 34.056416480000166, 49.111820603000183 ], [ 34.053481293000061, 49.079235182000161 ], [ 33.986383686000124, 49.08311472000014 ], [ 33.974190999000143, 49.051301 ], [ 33.988408001000153, 49.048973 ], [ 33.987065000000143, 49.019822000000147 ], [ 33.882560002000162, 49.013588 ], [ 33.88198499900011, 48.988733000000195 ], [ 33.926942001000157, 48.987081999000111 ], [ 34.0125, 48.933110000000113 ], [ 33.930766001, 48.879813 ], [ 34.025315184000078, 48.862493973000028 ], [ 34.069230030000028, 48.825265258000172 ], [ 34.122705969000037, 48.817901756000026 ], [ 34.125513071000114, 48.779064587000107 ], [ 34.288453250000089, 48.743367731000092 ], [ 34.296138109000083, 48.723108630000127 ], [ 34.312141810000071, 48.739532005000171 ], [ 34.309073284000192, 48.765553743999988 ], [ 34.342491302000155, 48.784194048000074 ], [ 34.298057281000069, 48.784586920000095 ], [ 34.297091938000051, 48.820749065000143 ], [ 34.343350467000107, 48.824388077000151 ], [ 34.323032768000076, 48.828900036000164 ], [ 34.325140535000116, 48.844243632000143 ], [ 34.350357238000129, 48.848156946000074 ], [ 34.300188882000157, 48.895769885000107 ], [ 34.311851957000158, 48.940663996000183 ], [ 34.352898645000153, 48.983864421000135 ], [ 34.325498049000032, 48.998814131000017 ], [ 34.360194351000189, 49.033410581000112 ], [ 34.415679796000177, 49.054851514 ], [ 34.402111830000024, 49.093859573000032 ], [ 34.465843043000177, 49.064267365000092 ], [ 34.515800353000088, 49.071911492000083 ], [ 34.558209878000127, 49.05551515600007 ], [ 34.573886474000119, 49.063313298000082 ], [ 34.572305937000181, 49.095168674000092 ], [ 34.593976818000101, 49.093344634000118 ], [ 34.589745230000062, 49.112119813999982 ], [ 34.762860602000046, 49.143334700000082 ], [ 34.758376998000188, 49.168384030000027 ], [ 34.803596414000083, 49.179152103000035 ], [ 34.811955515000079, 49.166825589000155 ], [ 34.823572491000107, 49.189034149 ], [ 34.901939978000144, 49.178169224000158 ], [ 34.864872236000167, 49.16143420200018 ], [ 34.899608769000054, 49.150424319000024 ], [ 34.919228776000125, 49.155991116000109 ], [ 34.926908949000051, 49.184342031000142 ], [ 34.955805430000112, 49.192670196000051 ], [ 35.015075056000114, 49.149502956000106 ], [ 34.98024848200015, 49.250034086000142 ], [ 35.024540226000056, 49.32525980500003 ], [ 35.079059425000025, 49.317099931000087 ], [ 35.090916788000129, 49.300374694000141 ], [ 35.242479189000164, 49.296696197000131 ], [ 35.271828824000181, 49.27705676800008 ], [ 35.28907631900006, 49.294895793000194 ], [ 35.279213665000043, 49.318164190000118 ], [ 35.377581954000107, 49.397916862999978 ], [ 35.348579001000132, 49.40464 ], [ 35.363663213000166, 49.44735016900006 ], [ 35.315744161000111, 49.455504956000027 ], [ 35.331745116000036, 49.504218161000153 ], [ 35.48146961599997, 49.484018164000076 ], [ 35.490682436000043, 49.507877095000026 ], [ 35.427554109000084, 49.526406948999977 ], [ 35.427429987000096, 49.549312706000137 ], [ 35.404313497000032, 49.55594600500018 ], [ 35.485425985000063, 49.57133178800018 ], [ 35.425173971000106, 49.656594963000146 ], [ 35.433419427000047, 49.673209916000076 ], [ 35.344323367000072, 49.664994971000112 ], [ 35.329705296000043, 49.68257979800012 ], [ 35.243134211000154, 49.693412026000033 ], [ 35.256274499000085, 49.708793541000034 ], [ 35.242427706000058, 49.7128656000001 ], [ 35.26492249, 49.714455148000184 ], [ 35.25939739100005, 49.733651488000078 ], [ 35.224006671000097, 49.736315465000132 ], [ 35.206045660000029, 49.756918251 ], [ 35.212471395000136, 49.789290536000067 ], [ 35.200024026000051, 49.800543364000134 ], [ 35.222574629000121, 49.806714011000054 ], [ 35.219777855000132, 49.829459074000056 ], [ 35.139897069000085, 49.859698292000019 ], [ 35.067870416000176, 49.858329041000161 ], [ 35.045353489000036, 49.873110177000171 ], [ 35.064401973000145, 49.886099942000158 ], [ 34.970667462000165, 49.885098691000167 ], [ 34.912307339000051, 49.935237548000089 ], [ 34.86036335700004, 49.949305494000043 ], [ 34.872444721000136, 49.956522104999976 ], [ 34.856179601000122, 49.98689962200018 ], [ 34.96349276300009, 50.073744691000115 ], [ 34.955759080000178, 50.093428468000127 ], [ 34.936949202999983, 50.095209921000162 ], [ 34.940784822000182, 50.152353196000035 ], [ 34.848491021000086, 50.164995885000053 ], [ 34.747331374000169, 50.144466385000158 ], [ 34.749609367000119, 50.157793799000103 ], [ 34.734030477000033, 50.160492974000078 ], [ 34.699632454999971, 50.149331910000114 ], [ 34.697771965000072, 50.111070993000169 ], [ 34.677294267000036, 50.111050036000108 ], [ 34.676459172000136, 50.133548624000184 ], [ 34.664598756000032, 50.110558801000025 ], [ 34.571506698, 50.121167675000152 ], [ 34.526436101000058, 50.154367156000035 ], [ 34.534223938000082, 50.171327449000103 ], [ 34.52299996000005, 50.177015264000033 ], [ 34.57113240200016, 50.226625033000062 ], [ 34.551246447000153, 50.246047188000091 ], [ 34.514561652000168, 50.248281151000072 ], [ 34.519969002000096, 50.280747883 ], [ 34.458526505000179, 50.28553311200011 ], [ 34.3995662640001, 50.318483770000114 ], [ 34.410775178000108, 50.335739617000115 ] ] ] } },
{ "type": "Feature", "properties": { "pcode": "UA5602", "name": "Varaskyi", "oblast_pcode": "UA56", "oblast": "Rivnenska", "area_sqkm": 3327.0072344599998, "city_pop": 0.0, "pop": 104727, "included": true }, "geometry": { "type": "Polygon", "coordinates": [ [ [ 25.824578868000174, 51.942749932000083 ], [ 25.765488135000112, 51.949570410000035 ], [ 25.780063922000068, 51.922141731000124 ], [ 25.592697410000085, 51.92439252000014 ], [ 25.628282281, 51.903352315000177 ], [ 25.708597336000025, 51.894534105000105 ], [ 25.640268792000143, 51.849123651000184 ], [ 25.650240077000149, 51.819167488000062 ], [ 25.631875968000088, 51.806709261000151 ], [ 25.659388210000031, 51.783585030999973 ], [ 25.649724775000152, 51.766770628000074 ], [ 25.670333143000164, 51.772058917000038 ], [ 25.682667405000188, 51.755903355000044 ], [ 25.608513560000119, 51.641205411000044 ], [ 25.588609398000074, 51.644555079000099 ], [ 25.577574989000027, 51.624708073000193 ], [ 25.530058821000182, 51.631031483000072 ], [ 25.532007227000065, 51.613943234000089 ], [ 25.555246, 51.624345000000119 ], [ 25.598758669000063, 51.580830479000099 ], [ 25.565402019000032, 51.539682761000108 ], [ 25.595430656000133, 51.524633988000062 ], [ 25.550110645000132, 51.519307825 ], [ 25.555487078000112, 51.500607956000067 ], [ 25.610219471000107, 51.506983205000097 ], [ 25.602163349000023, 51.493141946000151 ], [ 25.62390971200017, 51.495138890000192 ], [ 25.61811429300019, 51.477219143000127 ], [ 25.641466694000144, 51.478680401000076 ], [ 25.646694591000028, 51.416715002000046 ], [ 25.687565640000173, 51.405378241000051 ], [ 25.703870129000165, 51.383815632 ], [ 25.695217784000022, 51.375683400000014 ], [ 25.724791755000183, 51.380426267000132 ], [ 25.724855309000077, 51.400141514000097 ], [ 25.759832191000044, 51.400378845000091 ], [ 25.755286085000137, 51.38117723300013 ], [ 25.781163816000117, 51.37427893500012 ], [ 25.831112828000073, 51.387150096000028 ], [ 25.843825523000078, 51.375750308000079 ], [ 25.824399128000039, 51.365842280000038 ], [ 25.832976841, 51.330215603000056 ], [ 25.938180071999966, 51.277852828000164 ], [ 25.946046930000023, 51.232558929000049 ], [ 25.995721884000034, 51.227816909000069 ], [ 26.058809676000124, 51.184201451000149 ], [ 26.155662, 51.232798000000173 ], [ 26.257891510000036, 51.234963654000126 ], [ 26.269338351000101, 51.254266232000134 ], [ 26.210054964000108, 51.269599213 ], [ 26.213730420000104, 51.283776724000063 ], [ 26.182694809000054, 51.298618952000083 ], [ 26.210489457999984, 51.333442182000169 ], [ 26.24079707400017, 51.332987090000131 ], [ 26.21855422200008, 51.313051240000163 ], [ 26.242133269000135, 51.306428546000063 ], [ 26.230310558999975, 51.297120453000048 ], [ 26.327512456000136, 51.304585660000157 ], [ 26.363932034000129, 51.322776184000134 ], [ 26.339168623000091, 51.330199305000122 ], [ 26.333538966000162, 51.352394236000066 ], [ 26.450825263000127, 51.403942598000185 ], [ 26.427046607000023, 51.428778279000085 ], [ 26.377858999000182, 51.420127 ], [ 26.359564733000127, 51.464179372999979 ], [ 26.300925653000093, 51.45619416 ], [ 26.285603639000158, 51.471089621000147 ], [ 26.320501968000087, 51.491968988999986 ], [ 26.227881246000152, 51.548347602000149 ], [ 26.297031001000107, 51.555776 ], [ 26.313126999000133, 51.580750001000183 ], [ 26.28993331800018, 51.584618505000151 ], [ 26.275514001000033, 51.607600000000161 ], [ 26.298747832000117, 51.640751792000117 ], [ 26.168370993000053, 51.691047704000141 ], [ 26.241143941000189, 51.733295560000045 ], [ 26.35055979100008, 51.709208308000143 ], [ 26.321973000000128, 51.737117 ], [ 26.347069, 51.766708 ], [ 26.439662742000166, 51.761471363000112 ], [ 26.467093450000164, 51.788112528000056 ], [ 26.466063524, 51.812782373000118 ], [ 26.395720888000085, 51.831115601000192 ], [ 26.395239822000065, 51.878281687000083 ], [ 26.371025169000177, 51.862964192000049 ], [ 26.19080679800004, 51.86231282000017 ], [ 26.043233532000102, 51.925594918000115 ], [ 25.996050614000069, 51.933556070000179 ], [ 25.923227958000098, 51.915474862000167 ], [ 25.825502469000128, 51.924983018000148 ], [ 25.824578868000174, 51.942749932000083 ] ] ] } },
{ "type": "Feature", "properties": { "pcode": "UA5604", "name": "Dubenskyi", "oblast_pcode": "UA56", "oblast": "Rivnenska", "area_sqkm": 3295.1770149600002, "city_pop": 0.0, "pop": 240998, "included": true }, "geometry": { "type": "Polygon", "coordinates": [ [ [ 25.694942966000042, 50.720334942000079 ], [ 25.599180642000078, 50.715737054000158 ], [ 25.601669154000092, 50.696236802000158 ], [ 25.469560630000046, 50.680045512000049 ], [ 25.457016093999982, 50.662515535000068 ], [ 25.404655132000187, 50.668985819000056 ], [ 25.385864926000124, 50.689034341000081 ], [ 25.375646591000134, 50.682334890000106 ], [ 25.384842427000024, 50.654911169000059 ], [ 25.351205985000092, 50.641493652000065 ], [ 25.405759868000075, 50.611498394000137 ], [ 25.327862056000129, 50.612128648000066 ], [ 25.29194938, 50.630519487000186 ], [ 25.300172501000134, 50.579646702000161 ], [ 25.318767813000079, 50.583613890000095 ], [ 25.321415890000026, 50.568726764000075 ], [ 25.30074729, 50.538254552000126 ], [ 25.123678002000077, 50.553491000000122 ], [ 25.122195355000088, 50.528830251000102 ], [ 25.163007540000137, 50.500634217000027 ], [ 25.150624042000118, 50.468354444000056 ], [ 25.084088798000096, 50.475424015000101 ], [ 25.138311676000114, 50.46112314200019 ], [ 25.151752836000071, 50.446805906000066 ], [ 25.139129006000076, 50.428241841000158 ], [ 25.158543485000166, 50.428942178000113 ], [ 25.169357085000115, 50.395859000000144 ], [ 25.209833776000153, 50.381195434000119 ], [ 25.198654022000085, 50.363109980000161 ], [ 25.179285913000058, 50.362194448000082 ], [ 25.168977081000151, 50.379707944000188 ], [ 25.141741003999982, 50.369149901000128 ], [ 25.145896373000028, 50.344247678000158 ], [ 25.166320912000174, 50.331112994000193 ], [ 25.109045871000092, 50.312210090000065 ], [ 25.101319946999979, 50.295058204000043 ], [ 25.204793249999966, 50.27936507600009 ], [ 25.206462315000181, 50.247289602000194 ], [ 25.190004769000041, 50.248723074000168 ], [ 25.165470639000091, 50.209219255000164 ], [ 25.214957103000131, 50.179753560000165 ], [ 25.19725006200008, 50.131099979 ], [ 25.349094290999972, 50.002945709000073 ], [ 25.364388692000091, 50.046029292000128 ], [ 25.431391495000184, 50.052967657000181 ], [ 25.454107995000186, 50.09428984300007 ], [ 25.4890246490001, 50.101840168000138 ], [ 25.448389118000136, 50.124059267000121 ], [ 25.449380400000052, 50.150430450000101 ], [ 25.476011074000098, 50.166157910000038 ], [ 25.554111355000032, 50.1504512570001 ], [ 25.575712016000182, 50.176327853000089 ], [ 25.625379692000081, 50.152113597000152 ], [ 25.688130958000045, 50.178421490000062 ], [ 25.720734818000153, 50.173278466000113 ], [ 25.728962548000027, 50.186971146000133 ], [ 25.821162, 50.181596000000184 ], [ 25.857643051000082, 50.191734810000071 ], [ 25.922143598000048, 50.254025359000195 ], [ 25.962735714000132, 50.256428225000036 ], [ 26.019955071000027, 50.229466927000033 ], [ 26.065003520000118, 50.257387532000109 ], [ 26.112590549000117, 50.242406129000187 ], [ 26.129983027000151, 50.272216904000175 ], [ 26.061269999, 50.269151999000144 ], [ 26.029236861000072, 50.286056931000189 ], [ 25.972054342000035, 50.351876580000066 ], [ 25.927263641000138, 50.367996697000081 ], [ 25.939642630000037, 50.382669075000138 ], [ 25.920717938000053, 50.390961509000192 ], [ 26.063796, 50.383419 ], [ 26.058822, 50.409836 ], [ 26.077300598000079, 50.431491403000109 ], [ 26.056443, 50.442862 ], [ 26.079962361000128, 50.480560831000048 ], [ 26.098134314999982, 50.474450468000157 ], [ 26.093385863000037, 50.53831816700017 ], [ 26.023232962000066, 50.504857952 ], [ 25.978158085000132, 50.512734162000129 ], [ 25.991906030000109, 50.535294949000161 ], [ 25.942083826000044, 50.535515036000163 ], [ 25.90788644200012, 50.559973509000145 ], [ 25.918612133000181, 50.565014249000114 ], [ 25.905636019000156, 50.59494853800004 ], [ 25.850967003000108, 50.609362181000051 ], [ 25.817522611000129, 50.59784476700014 ], [ 25.809820326000136, 50.605572270000096 ], [ 25.829335397000023, 50.619812040000056 ], [ 25.795213895000131, 50.669516748000035 ], [ 25.708798965000142, 50.67145665400011 ], [ 25.722097437000173, 50.683508816000085 ], [ 25.694942966000042, 50.720334942000079 ] ] ] } },
{ "type": "Feature", "properties": { "pcode": "UA5606", "name": "Rivnenskyi", "oblast_pcode": "UA56", "oblast": "Rivnenska", "area_sqkm": 7219.0357420700002, "city_pop": 240451.0, "pop": 634754, "included": true }, "geometry": { "type": "Polygon", "coordinates": [ [ [ 26.111854999000172, 51.202089001000104 ], [ 26.071483289000071, 51.19865093400017 ], [ 26.05868678700017, 51.142609409000158 ], [ 25.993246361000104, 51.139258415000029 ], [ 25.994730077000099, 51.123395082000116 ], [ 25.938060796000059, 51.11432895300004 ], [ 25.949878141000056, 51.103207 ], [ 25.941586794000102, 51.083993231000022 ], [ 26.016943685000058, 51.083286218000069 ], [ 26.091168648000178, 51.05061014000006 ], [ 26.107307560000038, 51.00506647900005 ], [ 26.085587504000046, 51.002626047000092 ], [ 26.084697982000023, 50.97320468800018 ], [ 25.967023820000179, 50.956960420000087 ], [ 26.000699294000071, 50.935390606000112 ], [ 25.99167871700007, 50.865835956000183 ], [ 26.039503938000053, 50.841739200000177 ], [ 26.021960203, 50.820835175000127 ], [ 25.902464745000145, 50.831549755000083 ], [ 25.871853798000188, 50.738627853000082 ], [ 25.878703648000112, 50.708529292000094 ], [ 25.823525437000114, 50.646737680000172 ], [ 25.844441807000067, 50.630743467000059 ], [ 25.809820326000136, 50.605572270000096 ], [ 25.905636019000156, 50.59494853800004 ], [ 25.918612133000181, 50.565014249000114 ], [ 25.90788644200012, 50.559973509000145 ], [ 25.942083826000044, 50.535515036000163 ], [ 25.991906030000109, 50.535294949000161 ], [ 25.978158085000132, 50.512734162000129 ], [ 26.023232962000066, 50.504857952 ], [ 26.093385863000037, 50.53831816700017 ], [ 26.098134314999982, 50.474450468000157 ], [ 26.079962361000128, 50.480560831000048 ], [ 26.056443, 50.442862 ], [ 26.077300598000079, 50.431491403000109 ], [ 26.058822, 50.409836 ], [ 26.063796, 50.383419 ], [ 25.920717938000053, 50.390961509000192 ], [ 25.939642630000037, 50.382669075000138 ], [ 25.927263641000138, 50.367996697000081 ], [ 25.972054342000035, 50.351876580000066 ], [ 26.029236861000072, 50.286056931000189 ], [ 26.061269999, 50.269151999000144 ], [ 26.129983027000151, 50.272216904000175 ], [ 26.112590549000117, 50.242406129000187 ], [ 26.165786167000078, 50.23080459200014 ], [ 26.191326139000068, 50.262773325000126 ], [ 26.221238389000064, 50.266827899000077 ], [ 26.218122778000122, 50.230166881 ], [ 26.18536909200003, 50.229129823 ], [ 26.179273000000137, 50.197093 ], [ 26.229650752, 50.172066243000131 ], [ 26.273466106000114, 50.178748874000121 ], [ 26.323983425000108, 50.231146621000107 ], [ 26.383024738000131, 50.260724089000064 ], [ 26.503351230000021, 50.262752313000192 ], [ 26.49619973800003, 50.275676668000074 ], [ 26.527281077000168, 50.310946746000127 ], [ 26.560642921000067, 50.316993288000049 ], [ 26.552728990000105, 50.33025471600007 ], [ 26.586610787000154, 50.339649458000054 ], [ 26.601868553000145, 50.368240796000123 ], [ 26.647964205000108, 50.364575302000048 ], [ 26.659506194000016, 50.392214863000163 ], [ 26.682467449000114, 50.389312571 ], [ 26.692017727000177, 50.42011208800011 ], [ 26.712585383000032, 50.416961954000044 ], [ 26.717502326000158, 50.445641905000116 ], [ 26.736950235, 50.444625070000086 ], [ 26.734398756000189, 50.477254585000082 ], [ 26.74516920700006, 50.479600522999988 ], [ 26.743023818000097, 50.461527379000131 ], [ 26.786549859000161, 50.467714096000179 ], [ 26.761561361000133, 50.470457004000139 ], [ 26.765042990000154, 50.48908057400007 ], [ 26.817377416000113, 50.502526488000058 ], [ 26.827239277999979, 50.523066855000195 ], [ 26.856317939000178, 50.509003294000195 ], [ 26.899663914000087, 50.546353328 ], [ 26.982791461000147, 50.522743465000076 ], [ 27.017519485000093, 50.559002554000188 ], [ 27.071440547000066, 50.551108419000116 ], [ 27.079462597000145, 50.583675987 ], [ 27.117997844000115, 50.594694449000031 ], [ 27.130690698000137, 50.56086516400012 ], [ 27.231163619000029, 50.56673758400018 ], [ 27.215155931000027, 50.588387117000082 ], [ 27.224818114000186, 50.606042092000052 ], [ 27.186380904000089, 50.625402848000078 ], [ 27.213723540000046, 50.639634668000042 ], [ 27.20372494500009, 50.666189536000047 ], [ 27.244597310000188, 50.673073992000184 ], [ 27.275548113000184, 50.721600567999985 ], [ 27.270456661000082, 50.763336487000117 ], [ 27.241722626000183, 50.770324561000109 ], [ 27.232169987000191, 50.797028645000182 ], [ 27.242370138000069, 50.827946562000079 ], [ 27.232006041000091, 50.839045448000036 ], [ 27.256250983000086, 50.895971432000124 ], [ 27.216998473000046, 50.919838197000161 ], [ 27.238831731000175, 50.936857671000098 ], [ 27.219424778000132, 50.9731033220001 ], [ 27.136876627999982, 51.027763467000057 ], [ 27.133829000999981, 51.055678000000171 ], [ 27.089694001000112, 51.059741 ], [ 27.068021000000158, 51.087693001000105 ], [ 26.972180999000102, 51.133720000000153 ], [ 26.806961822000176, 51.134890932000019 ], [ 26.790309138000055, 51.148107238000023 ], [ 26.774088578000033, 51.126868734000084 ], [ 26.743651030000137, 51.12887806000009 ], [ 26.687412116000075, 51.09480637200005 ], [ 26.656307896000101, 51.10445839800019 ], [ 26.673686263000093, 51.110278273000063 ], [ 26.664419796000175, 51.145695238000144 ], [ 26.633465244000092, 51.162976972000081 ], [ 26.635497745000123, 51.181718199000045 ], [ 26.604521207000062, 51.185048917000131 ], [ 26.475564, 51.12993100000017 ], [ 26.533576999000104, 51.08805 ], [ 26.44930571499998, 51.094305716 ], [ 26.488906001000032, 51.081045 ], [ 26.519595792000132, 51.050712551000117 ], [ 26.507453926000039, 51.03848280200009 ], [ 26.507688, 51.058155000000113 ], [ 26.478599864000046, 51.066495354000097 ], [ 26.483878281999978, 51.033498497000096 ], [ 26.46885844000019, 51.026995545000091 ], [ 26.435969971000077, 51.050901677000127 ], [ 26.352370056000041, 51.053297579000116 ], [ 26.348208413000066, 51.069395254000028 ], [ 26.36302056400018, 51.078322874000094 ], [ 26.300325937000025, 51.111731374000158 ], [ 26.283977992000189, 51.100781824000137 ], [ 26.262255763000098, 51.11804965000016 ], [ 26.21906725499997, 51.111052505000032 ], [ 26.196824307999975, 51.159514847000025 ], [ 26.165752400000031, 51.150161516000026 ], [ 26.158756600000117, 51.172154416000183 ], [ 26.081660987000191, 51.169110745000182 ], [ 26.111854999000172, 51.202089001000104 ] ] ] } },
{ "type": "Feature", "properties": { "pcode": "UA5608", "name": "Sarnenskyi", "oblast_pcode": "UA56", "oblast": "Rivnenska", "area_sqkm": 6216.0572004899996, "city_pop": 0.0, "pop": 160245, "included": true }, "geometry": { "type": "Polygon", "coordinates": [ [ [ 26.59666221700013, 51.82886086600007 ], [ 26.552211130000103, 51.812002254000163 ], [ 26.546881239000072, 51.795855695000057 ], [ 26.466706887000043, 51.799500148000106 ], [ 26.439662742000166, 51.761471363000112 ], [ 26.347069, 51.766708 ], [ 26.321973000000128, 51.737117 ], [ 26.35055979100008, 51.709208308000143 ], [ 26.241143941000189, 51.733295560000045 ], [ 26.194433630999981, 51.698107817000164 ], [ 26.16943746100003, 51.6973056920001 ], [ 26.17734918900004, 51.680789099000151 ], [ 26.198120804000155, 51.686675820000062 ], [ 26.207550206000178, 51.667624550000085 ], [ 26.220397183999978, 51.674713379000195 ], [ 26.298747832000117, 51.640751792000117 ], [ 26.275514001000033, 51.607600000000161 ], [ 26.28993331800018, 51.584618505000151 ], [ 26.313126999000133, 51.580750001000183 ], [ 26.297031001000107, 51.555776 ], [ 26.227881246000152, 51.548347602000149 ], [ 26.320501968000087, 51.491968988999986 ], [ 26.285603639000158, 51.471089621000147 ], [ 26.300925653000093, 51.45619416 ], [ 26.359564733000127, 51.464179372999979 ], [ 26.377858999000182, 51.420127 ], [ 26.427046607000023, 51.428778279000085 ], [ 26.45101470100019, 51.404215315000101 ], [ 26.333538966000162, 51.352394236000066 ], [ 26.339168623000091, 51.330199305000122 ], [ 26.363932034000129, 51.322776184000134 ], [ 26.327512456000136, 51.304585660000157 ], [ 26.230310558999975, 51.297120453000048 ], [ 26.242133269000135, 51.306428546000063 ], [ 26.21855422200008, 51.313051240000163 ], [ 26.24079707400017, 51.332987090000131 ], [ 26.210489457999984, 51.333442182000169 ], [ 26.182694809000054, 51.298618952000083 ], [ 26.213730420000104, 51.283776724000063 ], [ 26.210054964000108, 51.269599213 ], [ 26.269338351000101, 51.254266232000134 ], [ 26.257891510000036, 51.234963654000126 ], [ 26.155662, 51.232798000000173 ], [ 26.109274001000131, 51.206505 ], [ 26.115152, 51.193733000000179 ], [ 26.081660987000191, 51.169110745000182 ], [ 26.158756600000117, 51.172154416000183 ], [ 26.165752400000031, 51.150161516000026 ], [ 26.196824307999975, 51.159514847000025 ], [ 26.21906725499997, 51.111052505000032 ], [ 26.262255763000098, 51.11804965000016 ], [ 26.283977992000189, 51.100781824000137 ], [ 26.300325937000025, 51.111731374000158 ], [ 26.36302056400018, 51.078322874000094 ], [ 26.348208413000066, 51.069395254000028 ], [ 26.352370056000041, 51.053297579000116 ], [ 26.435969971000077, 51.050901677000127 ], [ 26.46885844000019, 51.026995545000091 ], [ 26.483878281999978, 51.033498497000096 ], [ 26.478599864000046, 51.066495354000097 ], [ 26.507688, 51.058155000000113 ], [ 26.507453926000039, 51.03848280200009 ], [ 26.519595792000132, 51.050712551000117 ], [ 26.488906001000032, 51.081045 ], [ 26.44930571499998, 51.094305716 ], [ 26.533576999000104, 51.08805 ], [ 26.474989059000166, 51.12901137700004 ], [ 26.560217875000092, 51.176295153000069 ], [ 26.635497745000123, 51.181718199000045 ], [ 26.633465244000092, 51.162976972000081 ], [ 26.664419796000175, 51.145695238000144 ], [ 26.673686263000093, 51.110278273000063 ], [ 26.656307896000101, 51.10445839800019 ], [ 26.687412116000075, 51.09480637200005 ], [ 26.743651030000137, 51.12887806000009 ], [ 26.774088578000033, 51.126868734000084 ], [ 26.790309138000055, 51.148107238000023 ], [ 26.806961822000176, 51.134890932000019 ], [ 26.972180999000102, 51.133720000000153 ], [ 27.068021000000158, 51.087693001000105 ], [ 27.089694001000112, 51.059741 ], [ 27.133829000999981, 51.055678000000171 ], [ 27.136876627999982, 51.027763467000057 ], [ 27.20323959500007, 50.991008320000105 ], [ 27.22626108500009, 51.007922010000129 ], [ 27.219361966000122, 51.030097889000103 ], [ 27.325908208000101, 51.042221176000169 ], [ 27.324015287000066, 51.081549965000022 ], [ 27.366713818000051, 51.097554243000161 ], [ 27.364017042000171, 51.142940185000157 ], [ 27.39824476400014, 51.170232949000081 ], [ 27.400409740000043, 51.200710582000056 ], [ 27.473960727000133, 51.237142581000057 ], [ 27.447099076000086, 51.254586791000065 ], [ 27.461391260000141, 51.26414728200001 ], [ 27.440728923000165, 51.310542015000124 ], [ 27.490002234000031, 51.315596373000176 ], [ 27.527615831000105, 51.353441536000048 ], [ 27.526065816000028, 51.366391914000076 ], [ 27.494736078000074, 51.374730403000171 ], [ 27.50502050900019, 51.451485836000188 ], [ 27.534478346000128, 51.452945807000106 ], [ 27.532891271000153, 51.428775592000136 ], [ 27.584392723000121, 51.401645596000037 ], [ 27.614142399000116, 51.402950785000087 ], [ 27.598951170000078, 51.430188572000191 ], [ 27.582494451000059, 51.429730639000013 ], [ 27.578845059000116, 51.478483318000031 ], [ 27.669125962000123, 51.496952819000057 ], [ 27.676300422000111, 51.539303899000174 ], [ 27.720480700000053, 51.561291275000087 ], [ 27.729500632999986, 51.592115320000062 ], [ 27.683641214000147, 51.611745899000084 ], [ 27.618963179000048, 51.605442430000153 ], [ 27.549991684000133, 51.637176009000086 ], [ 27.539895118000118, 51.620566282000084 ], [ 27.507994234000137, 51.628819174000114 ], [ 27.512334411000154, 51.607258709000064 ], [ 27.527906224000105, 51.607680023000114 ], [ 27.503405983, 51.587185773000158 ], [ 27.482223308000187, 51.593286890000172 ], [ 27.486627302000045, 51.612325116000136 ], [ 27.468174785000144, 51.606036527000015 ], [ 27.454130660000146, 51.619716575000041 ], [ 27.425363854000125, 51.60555000200003 ], [ 27.35918728200005, 51.615886026000055 ], [ 27.240256138000177, 51.601751942000192 ], [ 27.27275814300009, 51.654327194000132 ], [ 27.208195504000059, 51.663851830000056 ], [ 27.20132161500004, 51.773441657000035 ], [ 26.994577173000039, 51.768833897000036 ], [ 26.948211690000051, 51.735883838000177 ], [ 26.846966138000084, 51.765679454000065 ], [ 26.790796565000164, 51.756992836000052 ], [ 26.751664477000134, 51.773824047000062 ], [ 26.753330808000101, 51.801337866999972 ], [ 26.691695735, 51.823387543000081 ], [ 26.59666221700013, 51.82886086600007 ] ] ] } },
{ "type": "Feature", "properties": { "pcode": "UA5902", "name": "Konotopskyi", "oblast_pcode": "UA59", "oblast": "Sumska", "area_sqkm": 5188.4000966499998, "city_pop": 0.0, "pop": 165683, "included": true }, "geometry": { "type": "Polygon", "coordinates": [ [ [ 33.448727761000157, 51.71450620700017 ], [ 33.213801611000065, 51.656311495000125 ], [ 33.198804841000026, 51.682882390000088 ], [ 33.139748636000036, 51.678088174000095 ], [ 33.147417386000029, 51.66950775000015 ], [ 33.125517919000174, 51.646954077000032 ], [ 33.154504836000058, 51.641878993000034 ], [ 33.154464649000033, 51.607477086000131 ], [ 33.22231423900007, 51.580305835000047 ], [ 33.159181814000135, 51.571419516999981 ], [ 33.192938044000186, 51.512624619 ], [ 33.134182999000188, 51.491974000000141 ], [ 33.113092569000116, 51.42836684800011 ], [ 33.13455402500017, 51.416593214000102 ], [ 33.11964503400003, 51.403702574000192 ], [ 33.135381113000051, 51.399476385000014 ], [ 33.133065999000166, 51.382562 ], [ 33.090843673000052, 51.389683232000039 ], [ 33.110850269000025, 51.379968152000174 ], [ 33.106532634000075, 51.365375549000078 ], [ 33.060757206000176, 51.369881349000195 ], [ 33.039581757, 51.391386511000178 ], [ 33.057744340000113, 51.404026871000156 ], [ 33.047631977000151, 51.410197334000088 ], [ 33.016568641000163, 51.395738023000149 ], [ 33.040925348000087, 51.367722165000089 ], [ 33.037568324000119, 51.34567612900014 ], [ 33.074622205000082, 51.340674424000099 ], [ 33.076564564000137, 51.312543432999973 ], [ 33.040921914000137, 51.29118577100013 ], [ 33.076322119000054, 51.290042564000146 ], [ 33.058205246000057, 51.266085511000085 ], [ 33.069080155, 51.255321218000176 ], [ 33.029531589000158, 51.227288827000109 ], [ 33.041407659000129, 51.205644635000169 ], [ 32.977102222999974, 51.188357213000131 ], [ 32.986371607000081, 51.183961909000061 ], [ 32.960387218000164, 51.162643672 ], [ 32.992852581000079, 51.143439484000169 ], [ 32.942483713, 51.089673959000038 ], [ 33.069149924000044, 51.069207539000047 ], [ 33.060161805000178, 51.049206115000175 ], [ 33.084733240000105, 51.03837709000004 ], [ 33.03797665500008, 50.994005069000195 ], [ 33.079530487000113, 50.980198988000154 ], [ 33.078161705000014, 50.991731845 ], [ 33.117857069000138, 51.00676224900019 ], [ 33.136955572000033, 50.961444009000104 ], [ 33.280136814000173, 50.983304641000132 ], [ 33.417668177000166, 50.962849746000131 ], [ 33.443335977000118, 50.967199058000119 ], [ 33.452626639000187, 50.989119950000031 ], [ 33.508011833000126, 50.985014859000103 ], [ 33.506391640000118, 51.032533413000181 ], [ 33.555499, 51.041410001000088 ], [ 33.610320001000105, 51.019581 ], [ 33.640604000000167, 51.032435000000135 ], [ 33.64601800000014, 51.005060000000128 ], [ 33.678172000000131, 50.993192999000144 ], [ 33.660359087000188, 50.96950788800018 ], [ 33.704353491000177, 50.963748189000114 ], [ 33.723784327000146, 50.980667003000065 ], [ 33.852597792000154, 50.993680378000022 ], [ 33.903549751000185, 50.982958575000112 ], [ 33.893287902000111, 50.990170234000061 ], [ 33.903856530999974, 51.014656642000148 ], [ 33.934255787000097, 51.01350267600003 ], [ 33.969088072000091, 51.035727439000141 ], [ 33.967511537000121, 51.070739108000055 ], [ 34.014181132000033, 51.063841356000069 ], [ 34.016842686000189, 51.079538477000028 ], [ 34.067935618000092, 51.087929243000133 ], [ 34.108199868000156, 51.144134399000052 ], [ 34.132252769000161, 51.141655561000107 ], [ 34.117960192000055, 51.182366675000083 ], [ 34.147458850000021, 51.197204095000075 ], [ 34.149926992000132, 51.239272310000104 ], [ 34.200565706000134, 51.246204671000044 ], [ 34.251260514000137, 51.275294247000147 ], [ 34.241496462000157, 51.29315780800016 ], [ 34.282099346000166, 51.310604569000134 ], [ 34.281430628000123, 51.334795038000152 ], [ 34.311714330000029, 51.333966857000121 ], [ 34.338465408000104, 51.356267636000098 ], [ 34.304208151000068, 51.379478839000114 ], [ 34.286137557000075, 51.374698830000114 ], [ 34.292463148000081, 51.387919697000029 ], [ 34.227736761000187, 51.399503917000175 ], [ 34.222617691000153, 51.428410862000192 ], [ 34.247188244000142, 51.431158739000068 ], [ 34.245061613000132, 51.456488350000029 ], [ 34.292516688000035, 51.481224928000188 ], [ 34.255280001000074, 51.5007260000001 ], [ 34.198321507000173, 51.490441640000029 ], [ 34.174676399000077, 51.525531883000042 ], [ 34.131563972000095, 51.500360813000157 ], [ 34.081909892000056, 51.515015746000074 ], [ 34.052284955000175, 51.549856935000093 ], [ 34.039248447000148, 51.53688573200003 ], [ 34.051943567000023, 51.52043556000018 ], [ 34.000490518000049, 51.52286829500008 ], [ 34.005236671000091, 51.512330036000094 ], [ 33.989734339000108, 51.509786889000054 ], [ 33.993977042000097, 51.472776002000103 ], [ 33.956288865000033, 51.46174433900012 ], [ 33.957425041000079, 51.477182855000137 ], [ 33.943007789000035, 51.477535214000056 ], [ 33.883299000000193, 51.442124 ], [ 33.867308001000026, 51.44948400100003 ], [ 33.898332200000084, 51.495500853000181 ], [ 33.865109173000178, 51.506720210000083 ], [ 33.84936336800007, 51.496472249000078 ], [ 33.750401051999972, 51.533952340000155 ], [ 33.758203057000117, 51.542088258000092 ], [ 33.722240637000141, 51.582903213000179 ], [ 33.742626405000181, 51.58473684300003 ], [ 33.73276400900005, 51.608749615000136 ], [ 33.662847496000097, 51.634511684000188 ], [ 33.678492247000065, 51.648069250000162 ], [ 33.639957284000104, 51.645003957000142 ], [ 33.604036742000062, 51.670451779000189 ], [ 33.583231402000081, 51.659226440000168 ], [ 33.506039536000117, 51.702069211000151 ], [ 33.509035824000193, 51.713477598000054 ], [ 33.448727761000157, 51.71450620700017 ] ] ] } },
{ "type": "Feature", "properties": { "pcode": "UA5904", "name": "Okhtyrskyi", "oblast_pcode": "UA59", "oblast": "Sumska", "area_sqkm": 3201.5398268899999, "city_pop": 0.0, "pop": 101017, "included": true }, "geometry": { "type": "Polygon", "coordinates": [ [ [ 35.092325451000022, 50.71620377000005 ], [ 34.977049907000094, 50.750471130999983 ], [ 34.947492703000194, 50.736476582000194 ], [ 34.915102077000142, 50.74854720400009 ], [ 34.945563533999973, 50.717989008000131 ], [ 34.938756777000151, 50.697464412000102 ], [ 34.886367793000147, 50.671787429000062 ], [ 34.864490850000038, 50.624464691000185 ], [ 34.790855495000073, 50.599891853000031 ], [ 34.77386175900017, 50.565416062000054 ], [ 34.727921307000088, 50.569485345000032 ], [ 34.733612276000144, 50.539976761999981 ], [ 34.714599287000055, 50.519828622000034 ], [ 34.62855407100011, 50.492908080000177 ], [ 34.575772824000069, 50.449731102000158 ], [ 34.513387209000086, 50.450160097000037 ], [ 34.485522214000127, 50.388677599000061 ], [ 34.42522189500005, 50.384205148000092 ], [ 34.377056763000098, 50.358760205000067 ], [ 34.409995082000194, 50.33744741400011 ], [ 34.3995662640001, 50.318483770000114 ], [ 34.458526505000179, 50.28553311200011 ], [ 34.519969002000096, 50.280747883 ], [ 34.514561652000168, 50.248281151000072 ], [ 34.551246447000153, 50.246047188000091 ], [ 34.57113240200016, 50.226625033000062 ], [ 34.52299996000005, 50.177015264000033 ], [ 34.546378468000114, 50.132556805000092 ], [ 34.664598756000032, 50.110558801000025 ], [ 34.676459172000136, 50.133548624000184 ], [ 34.677294267000036, 50.111050036000108 ], [ 34.69130642600004, 50.109660377000125 ], [ 34.699632454999971, 50.149331910000114 ], [ 34.734030477000033, 50.160492974000078 ], [ 34.749609367000119, 50.157793799000103 ], [ 34.747331374000169, 50.144466385000158 ], [ 34.848491021000086, 50.164995885000053 ], [ 34.940465556000049, 50.152310285999988 ], [ 34.973553450000054, 50.158530431000145 ], [ 34.963823476000016, 50.184799123000062 ], [ 35.032528443000103, 50.180153934000032 ], [ 35.039577143000145, 50.164656318000141 ], [ 35.070241344000067, 50.205882575000146 ], [ 35.148487136000028, 50.242569993000075 ], [ 35.192737517000126, 50.228484776000187 ], [ 35.260348641000064, 50.234563734000119 ], [ 35.266480128000126, 50.2654735590001 ], [ 35.329904890000194, 50.27421850900015 ], [ 35.296483528000181, 50.289663220000023 ], [ 35.32993711, 50.318670003000136 ], [ 35.382187016000103, 50.294559603999971 ], [ 35.378919170000074, 50.320544240000061 ], [ 35.423424508000039, 50.335111451000159 ], [ 35.438999569000089, 50.316917960000012 ], [ 35.524417161000144, 50.290123716000153 ], [ 35.535316660000035, 50.302011410000148 ], [ 35.515830753000103, 50.317214622000051 ], [ 35.593827258000147, 50.331203125000116 ], [ 35.650099761000035, 50.309788704000084 ], [ 35.688653659000181, 50.334705886000108 ], [ 35.692726910000147, 50.345578734000185 ], [ 35.601588136000089, 50.367133935000084 ], [ 35.61097306500011, 50.373983330000101 ], [ 35.583694864000051, 50.394280158000072 ], [ 35.586458918000119, 50.448477462000142 ], [ 35.47679899100018, 50.48848829800005 ], [ 35.43875900400019, 50.543458101 ], [ 35.333910531000072, 50.545546870000067 ], [ 35.316723019000108, 50.537477546000162 ], [ 35.323435584000151, 50.523769143000038 ], [ 35.294481081000129, 50.549786795000159 ], [ 35.294480221000072, 50.527253835000067 ], [ 35.262986438000041, 50.518355988000053 ], [ 35.268974669000045, 50.536315267000191 ], [ 35.248485822000191, 50.540793475000157 ], [ 35.273067621000109, 50.542490160000114 ], [ 35.272354031000191, 50.580635592000078 ], [ 35.189150477000169, 50.57090324 ], [ 35.151405719000024, 50.591354925000132 ], [ 35.178064640000173, 50.613714059000074 ], [ 35.174597013000039, 50.634378045000062 ], [ 35.201700704000075, 50.648016234000067 ], [ 35.194052337000073, 50.667142928000089 ], [ 35.155260680000026, 50.687389321000069 ], [ 35.11557376200011, 50.668139676000123 ], [ 35.059445746000165, 50.687058158000127 ], [ 35.025089551000121, 50.677356244000123 ], [ 35.026646718000052, 50.69902908600011 ], [ 35.056505410000057, 50.706676271000163 ], [ 35.071767291000072, 50.691296431000069 ], [ 35.068791792000184, 50.706621421000079 ], [ 35.092325451000022, 50.71620377000005 ] ] ] } },
{ "type": "Feature", "properties": { "pcode": "UA5906", "name": "Romenskyi", "oblast_pcode": "UA59", "oblast": "Sumska", "area_sqkm": 3883.2441927300001, "city_pop": 0.0, "pop": 132394, "included": true }, "geometry": { "type": "Polygon", "coordinates": [ [ [ 34.013348501000166, 51.065464396000039 ], [ 33.9637926690001, 51.066761807000034 ], [ 33.969088072000091, 51.035727439000141 ], [ 33.934255787000097, 51.01350267600003 ], [ 33.903856530999974, 51.014656642000148 ], [ 33.893287902000111, 50.990170234000061 ], [ 33.903549751000185, 50.982958575000112 ], [ 33.852597792000154, 50.993680378000022 ], [ 33.723784327000146, 50.980667003000065 ], [ 33.704353491000177, 50.963748189000114 ], [ 33.660359087000188, 50.96950788800018 ], [ 33.678172000000131, 50.993192999000144 ], [ 33.64601800000014, 51.005060000000128 ], [ 33.640604000000167, 51.032435000000135 ], [ 33.610320001000105, 51.019581 ], [ 33.555499, 51.041410001000088 ], [ 33.506391640000118, 51.032533413000181 ], [ 33.508011833000126, 50.985014859000103 ], [ 33.452626639000187, 50.989119950000031 ], [ 33.443335977000118, 50.967199058000119 ], [ 33.280136814000173, 50.983304641000132 ], [ 33.211756338000043, 50.972827240000186 ], [ 33.197003885000072, 50.931239975000153 ], [ 33.208175219000111, 50.893479828000181 ], [ 33.170417107999981, 50.887950131000196 ], [ 33.181069647000072, 50.867015879000178 ], [ 33.169162266000114, 50.850694564000037 ], [ 33.185268471000029, 50.848203848000026 ], [ 33.155125352000084, 50.827931749000015 ], [ 33.169035039000164, 50.799606861000143 ], [ 33.15337841000013, 50.793027828000163 ], [ 33.189601955000114, 50.746527226000069 ], [ 33.239357369000174, 50.732138047000149 ], [ 33.13582738600013, 50.71083752100003 ], [ 33.151155666000079, 50.693805988000122 ], [ 33.146781519000058, 50.654975510000156 ], [ 33.117564425000069, 50.647629849000168 ], [ 33.10270802399998, 50.602152772000125 ], [ 33.122907207000026, 50.595754719000013 ], [ 33.048719835000099, 50.540934704000051 ], [ 33.061053806000189, 50.521889261000126 ], [ 33.117740645000083, 50.505073501000027 ], [ 33.171931089000111, 50.522781732000169 ], [ 33.220757000000106, 50.503845 ], [ 33.238708306000035, 50.50980297100017 ], [ 33.244439454000144, 50.539768264000145 ], [ 33.276344039000151, 50.553428301 ], [ 33.318863940000085, 50.520515003000071 ], [ 33.37387567900015, 50.52116355000004 ], [ 33.374991690000058, 50.497526667000159 ], [ 33.412284234000083, 50.499619989000166 ], [ 33.433909461000155, 50.475604592000082 ], [ 33.463681702000144, 50.492642785000157 ], [ 33.486478755000178, 50.481565038000099 ], [ 33.501680178000186, 50.496961599000088 ], [ 33.531737314000054, 50.480335648000164 ], [ 33.571287375000111, 50.494716742000094 ], [ 33.735007378000148, 50.458488291000037 ], [ 33.7861957880001, 50.460898997000186 ], [ 33.787501126000109, 50.477660645000071 ], [ 33.850989318000131, 50.499254114000166 ], [ 33.811687568000082, 50.51547399400016 ], [ 33.892396304000101, 50.533720607000078 ], [ 33.912988117000054, 50.514486934000047 ], [ 33.95462354, 50.547476298000049 ], [ 34.030773195, 50.511236709000116 ], [ 34.027729591000082, 50.499601007000194 ], [ 34.062386870000125, 50.516402239000172 ], [ 34.105459339000163, 50.503693251000186 ], [ 34.082287430000065, 50.488388448000137 ], [ 34.098179416999983, 50.480921694000187 ], [ 34.119852316999982, 50.510092745000179 ], [ 34.158664825000074, 50.522438803000114 ], [ 34.219288268000071, 50.53335974800018 ], [ 34.245624179000174, 50.52297574500011 ], [ 34.226110031000076, 50.553446958000052 ], [ 34.227152784000111, 50.600658459000044 ], [ 34.18333261500004, 50.64625584099997 ], [ 34.080561291000151, 50.707671717000096 ], [ 34.163712162000138, 50.734028335000062 ], [ 34.149912860000029, 50.744682513000157 ], [ 34.176965561000088, 50.765098874000159 ], [ 34.142623947000118, 50.809783868000125 ], [ 34.160211539000159, 50.80913439 ], [ 34.185878930000172, 50.86108160200007 ], [ 34.164492090000181, 50.881353634000163 ], [ 34.130211117000158, 50.87114744600018 ], [ 34.098359708000089, 50.923898560000112 ], [ 34.11157799900019, 50.928349000000139 ], [ 34.047686266000085, 50.948098206000111 ], [ 34.085324092000121, 50.996937311000124 ], [ 34.047217873000136, 51.014630578000094 ], [ 34.013348501000166, 51.065464396000039 ] ] ] } },
{ "type": "Feature", "properties": { "pcode": "UA5908", "name": "Sumskyi", "oblast_pcode": "UA59", "oblast": "Sumska", "area_sqkm": 6496.1564344600001, "city_pop": 255672.0, "pop": 479517, "included": true }, "geometry": { "type": "Polygon", "coordinates": [ [ [ 34.504924054000128, 51.242447225000035 ], [ 34.383953474000066, 51.273651703000098 ], [ 34.330587728000069, 51.239782030000185 ], [ 34.230743286000177, 51.265188697000156 ], [ 34.156106987000157, 51.242789858000037 ], [ 34.139062006000188, 51.21457523100014 ], [ 34.147458850000021, 51.197204095000075 ], [ 34.117960192000055, 51.182366675000083 ], [ 34.132252769000161, 51.141655561000107 ], [ 34.090760247000048, 51.131200272000058 ], [ 34.067935618000092, 51.087929243000133 ], [ 34.016237773000114, 51.077788991000091 ], [ 34.020704907000095, 51.043570790999979 ], [ 34.085628678000091, 50.995673896000142 ], [ 34.047041213000114, 50.948762008000131 ], [ 34.103041896000093, 50.935292927000091 ], [ 34.130211117000158, 50.87114744600018 ], [ 34.164492090000181, 50.881353634000163 ], [ 34.188480176000098, 50.852489183000102 ], [ 34.160211539000159, 50.80913439 ], [ 34.142623947000118, 50.809783868000125 ], [ 34.176965561000088, 50.765098874000159 ], [ 34.149912860000029, 50.744682513000157 ], [ 34.163712162000138, 50.734028335000062 ], [ 34.080561291000151, 50.707671717000096 ], [ 34.18333261500004, 50.64625584099997 ], [ 34.227152784000111, 50.600658459000044 ], [ 34.252269071000171, 50.442540054000062 ], [ 34.286722911000027, 50.413196200000073 ], [ 34.390834547000168, 50.36697819200009 ], [ 34.485522214000127, 50.388677599000061 ], [ 34.512921467000069, 50.44993056900006 ], [ 34.576735430000099, 50.450098807000074 ], [ 34.585122131000105, 50.470041133000052 ], [ 34.62855407100011, 50.492908080000177 ], [ 34.714599287000055, 50.519828622000034 ], [ 34.733612276000144, 50.539976761999981 ], [ 34.727921307000088, 50.569485345000032 ], [ 34.77386175900017, 50.565416062000054 ], [ 34.790855495000073, 50.599891853000031 ], [ 34.865266702000156, 50.624986060000026 ], [ 34.886367793000147, 50.671787429000062 ], [ 34.938756777000151, 50.697464412000102 ], [ 34.945563533999973, 50.717989008000131 ], [ 34.928272904000039, 50.721931494000046 ], [ 34.91355100200019, 50.745003217000033 ], [ 34.924121074000084, 50.75008137400016 ], [ 34.947492703000194, 50.736476582000194 ], [ 34.977049907000094, 50.750471130999983 ], [ 35.092325451000022, 50.71620377000005 ], [ 35.068791792000184, 50.706621421000079 ], [ 35.071767291000072, 50.691296431000069 ], [ 35.056505410000057, 50.706676271000163 ], [ 35.026646718000052, 50.69902908600011 ], [ 35.025089551000121, 50.677356244000123 ], [ 35.059445746000165, 50.687058158000127 ], [ 35.11557376200011, 50.668139676000123 ], [ 35.155260680000026, 50.687389321000069 ], [ 35.194052337000073, 50.667142928000089 ], [ 35.201700704000075, 50.648016234000067 ], [ 35.174597013000039, 50.634378045000062 ], [ 35.178064640000173, 50.613714059000074 ], [ 35.151405719000024, 50.591354925000132 ], [ 35.189150477000169, 50.57090324 ], [ 35.272354031000191, 50.580635592000078 ], [ 35.273067621000109, 50.542490160000114 ], [ 35.248485822000191, 50.540793475000157 ], [ 35.268974669000045, 50.536315267000191 ], [ 35.262986438000041, 50.518355988000053 ], [ 35.294480221000072, 50.527253835000067 ], [ 35.294481081000129, 50.549786795000159 ], [ 35.323435584000151, 50.523769143000038 ], [ 35.316723019000108, 50.537477546000162 ], [ 35.333910531000072, 50.545546870000067 ], [ 35.43875900400019, 50.543458101 ], [ 35.390323999000032, 50.579974177000167 ], [ 35.424954643000092, 50.603026705000048 ], [ 35.39276067600008, 50.649800612000092 ], [ 35.462555069000075, 50.666271199000164 ], [ 35.488611121000133, 50.658448387000192 ], [ 35.495694614000115, 50.678580121000039 ], [ 35.4632524700001, 50.685068619000049 ], [ 35.459446727000113, 50.704615515 ], [ 35.488026559000104, 50.777001442000028 ], [ 35.411846872000126, 50.80194189100007 ], [ 35.419034948000103, 50.843732979000038 ], [ 35.381964890000177, 50.870156658000099 ], [ 35.401587270000164, 50.879635059000179 ], [ 35.379813327000079, 50.895625248000101 ], [ 35.403490689000137, 50.902812200000028 ], [ 35.400139289000151, 50.914417897000078 ], [ 35.325406420000149, 50.946891327000174 ], [ 35.352090351000072, 50.973199726000132 ], [ 35.323730009000087, 51.012772861000144 ], [ 35.374694116000057, 51.008668361000161 ], [ 35.409162311000102, 51.026403560000062 ], [ 35.405966032000094, 51.048117930999979 ], [ 35.30672037700009, 51.0785409450001 ], [ 35.273531347000073, 51.057812667000121 ], [ 35.189279520000127, 51.053444072000048 ], [ 35.147659929000042, 51.082642473000192 ], [ 35.17341704200004, 51.087263377000056 ], [ 35.163039258000026, 51.109034936000171 ], [ 35.174651527000094, 51.121412796000072 ], [ 35.142601913000078, 51.133682312000076 ], [ 35.124604131000012, 51.161845061000122 ], [ 35.150318812000023, 51.22307669300011 ], [ 35.119363866000128, 51.231609200000037 ], [ 35.072668196000109, 51.232594667000171 ], [ 35.038290999000139, 51.204273000000114 ], [ 35.037943325000128, 51.21774625200004 ], [ 34.980047463000119, 51.235619642000074 ], [ 34.89811625800013, 51.193026780000196 ], [ 34.862454596000134, 51.199284250000119 ], [ 34.833484802000044, 51.182955317000108 ], [ 34.834504213000059, 51.16922409600005 ], [ 34.784574706000058, 51.18388156300017 ], [ 34.716695806000075, 51.171535630000164 ], [ 34.668622178000078, 51.197497721000047 ], [ 34.662040614000148, 51.247346999000058 ], [ 34.604046159, 51.254531172000043 ], [ 34.58041545400016, 51.233862518000137 ], [ 34.540638770000044, 51.252794897000172 ], [ 34.504924054000128, 51.242447225000035 ] ] ] } },
{ "type": "Feature", "properties": { "pcode": "UA5910", "name": "Shostkynskyi", "oblast_pcode": "UA59", "oblast": "Sumska", "area_sqkm": 5072.6729549600004, "city_pop": 0.0, "pop": 154969, "included": true }, "geometry": { "type": "Polygon", "coordinates": [ [ [ 33.838209845000108, 52.360262734000059 ], [ 33.683425999000065, 52.357958000000167 ], [ 33.604361268000105, 52.333679451000137 ], [ 33.581563052999968, 52.310814685000082 ], [ 33.54428, 52.323653 ], [ 33.560229117000176, 52.30218474600008 ], [ 33.483479104000025, 52.313625839000167 ], [ 33.519162001000041, 52.354109999000173 ], [ 33.454792999000176, 52.365217444000052 ], [ 33.439477276000105, 52.352935871 ], [ 33.446852187000047, 52.342039583000144 ], [ 33.386529807000159, 52.316522999000085 ], [ 33.402829770000153, 52.302121495000051 ], [ 33.386779000000104, 52.297067 ], [ 33.376862256999971, 52.275379441000041 ], [ 33.387226531000067, 52.271343779000119 ], [ 33.358117541000183, 52.258325536000086 ], [ 33.366437852000161, 52.232946290000029 ], [ 33.314644865000162, 52.215500799000097 ], [ 33.331235055000093, 52.201805679000131 ], [ 33.309800583000083, 52.184752847000141 ], [ 33.337627222000037, 52.156590415000153 ], [ 33.322585367000102, 52.136196580000046 ], [ 33.344012387000191, 52.145690847000026 ], [ 33.417193716000043, 52.123098255000116 ], [ 33.409705265000127, 52.115389716000152 ], [ 33.444959977000167, 52.097846488000073 ], [ 33.437072331000024, 52.087044809000076 ], [ 33.500015491, 52.08927211200006 ], [ 33.500618978000148, 52.038531677000151 ], [ 33.430385337000075, 52.025695929000165 ], [ 33.403231120000157, 52.051192854000135 ], [ 33.31600951900009, 52.031677726000112 ], [ 33.304217944000129, 52.013455597000132 ], [ 33.337160533000088, 52.006889238000099 ], [ 33.395490075999987, 51.95490111600003 ], [ 33.370862872000032, 51.953543215000025 ], [ 33.355079866000096, 51.930273899000099 ], [ 33.25301300000018, 51.926231 ], [ 33.220887757000185, 51.904761358000144 ], [ 33.186949156000082, 51.912099600000147 ], [ 33.170667955000056, 51.900655294000046 ], [ 33.179797128000189, 51.885190689000069 ], [ 33.122723631000099, 51.863554089000104 ], [ 33.146973478000064, 51.816489112000113 ], [ 33.078333565000037, 51.775575170000081 ], [ 33.171443412000031, 51.699774713000011 ], [ 33.147223651000047, 51.682878269000184 ], [ 33.198804841000026, 51.682882390000088 ], [ 33.213801611000065, 51.656311495000125 ], [ 33.437206511000113, 51.717717309000136 ], [ 33.509035824000193, 51.713477598000054 ], [ 33.506039536000117, 51.702069211000151 ], [ 33.583231402000081, 51.659226440000168 ], [ 33.604036742000062, 51.670451779000189 ], [ 33.639957284000104, 51.645003957000142 ], [ 33.678492247000065, 51.648069250000162 ], [ 33.662847496000097, 51.634511684000188 ], [ 33.73276400900005, 51.608749615000136 ], [ 33.742626405000181, 51.58473684300003 ], [ 33.722240637000141, 51.582903213000179 ], [ 33.758203057000117, 51.542088258000092 ], [ 33.750401051999972, 51.533952340000155 ], [ 33.84936336800007, 51.496472249000078 ], [ 33.865109173000178, 51.506720210000083 ], [ 33.898332200000084, 51.495500853000181 ], [ 33.867308001000026, 51.44948400100003 ], [ 33.883299000000193, 51.442124 ], [ 33.943007789000035, 51.477535214000056 ], [ 33.957425041000079, 51.477182855000137 ], [ 33.956288865000033, 51.46174433900012 ], [ 33.993977042000097, 51.472776002000103 ], [ 33.989734339000108, 51.509786889000054 ], [ 34.005236671000091, 51.512330036000094 ], [ 34.000490518000049, 51.52286829500008 ], [ 34.051943567000023, 51.52043556000018 ], [ 34.039248447000148, 51.53688573200003 ], [ 34.052284955000175, 51.549856935000093 ], [ 34.081909892000056, 51.515015746000074 ], [ 34.131563972000095, 51.500360813000157 ], [ 34.174676399000077, 51.525531883000042 ], [ 34.198321507000173, 51.490441640000029 ], [ 34.249676264000129, 51.501575587000104 ], [ 34.291893120000168, 51.484892687000183 ], [ 34.290532336000183, 51.508924133999983 ], [ 34.307603314000062, 51.519356201000107 ], [ 34.259744855000179, 51.533218845000135 ], [ 34.249245581000139, 51.576874755000176 ], [ 34.216260482000052, 51.574331332000156 ], [ 34.210965360000159, 51.600405440000145 ], [ 34.182065662000127, 51.596918783000035 ], [ 34.167304287000093, 51.645445313000039 ], [ 34.129781357000127, 51.642775390000054 ], [ 34.104538748000095, 51.666416101000038 ], [ 34.08025795400016, 51.666030336000176 ], [ 34.127897672000188, 51.689467595000053 ], [ 34.29080565300012, 51.704958797000131 ], [ 34.308830598000043, 51.720224140000141 ], [ 34.422277813000164, 51.722251203999974 ], [ 34.440414898000085, 51.743332604000045 ], [ 34.409176109000043, 51.782158364000168 ], [ 34.415503329000046, 51.825801134000187 ], [ 34.303375358000039, 51.887535500000013 ], [ 34.244881207000162, 51.881429912000044 ], [ 34.259359233000112, 51.909520830000133 ], [ 34.219454, 51.920117001000108 ], [ 34.190263243000061, 51.968533781000133 ], [ 34.143111917000169, 51.968140206000157 ], [ 34.129212798000083, 51.984420476000196 ], [ 34.139823, 52.000175 ], [ 34.100574000000165, 52.004587 ], [ 34.101321054000152, 52.041222012000048 ], [ 34.06228792800016, 52.072949817000051 ], [ 34.099616339000079, 52.093333108000195 ], [ 34.087459013000114, 52.109029873000168 ], [ 34.116175828000166, 52.140734358000145 ], [ 34.053890874999979, 52.171217829000057 ], [ 34.065306774000135, 52.182749679000096 ], [ 34.052275108000174, 52.201486304000071 ], [ 34.016312079000045, 52.201902857000164 ], [ 33.998319069000047, 52.211986881000144 ], [ 34.000620993000098, 52.227297936000184 ], [ 33.937545, 52.250204001000156 ], [ 33.944356831000107, 52.28332822700014 ], [ 33.920877, 52.304763 ], [ 33.838901281000119, 52.32056314200014 ], [ 33.854840746000093, 52.332755579000093 ], [ 33.838209845000108, 52.360262734000059 ] ] ] } },
{ "type": "Feature", "properties": { "pcode": "UA6102", "name": "Kremenetskyi", "oblast_pcode": "UA61", "oblast": "Ternopilska", "area_sqkm": 2636.0217231299998, "city_pop": 0.0, "pop": 155749, "included": true }, "geometry": { "type": "Polygon", "coordinates": [ [ [ 25.942432987000075, 50.257225033000111 ], [ 25.855024049000065, 50.18989291500003 ], [ 25.821162, 50.181596000000184 ], [ 25.728962548000027, 50.186971146000133 ], [ 25.720734818000153, 50.173278466000113 ], [ 25.688130958000045, 50.178421490000062 ], [ 25.625379692000081, 50.152113597000152 ], [ 25.575712016000182, 50.176327853000089 ], [ 25.554111355000032, 50.1504512570001 ], [ 25.476011074000098, 50.166157910000038 ], [ 25.449380400000052, 50.150430450000101 ], [ 25.448389118000136, 50.124059267000121 ], [ 25.4890246490001, 50.101840168000138 ], [ 25.454107995000186, 50.09428984300007 ], [ 25.431391495000184, 50.052967657000181 ], [ 25.364388692000091, 50.046029292000128 ], [ 25.349094290999972, 50.002945709000073 ], [ 25.402402097, 49.985859916000095 ], [ 25.403875976, 49.947756429000037 ], [ 25.42689758500012, 49.941972274000079 ], [ 25.419989, 49.914763000000107 ], [ 25.462183000000152, 49.885942001000103 ], [ 25.47583118200015, 49.824153225000032 ], [ 25.50785589100019, 49.81535784 ], [ 25.541950646000089, 49.774999144000105 ], [ 25.676607694000154, 49.849548352000113 ], [ 25.683778116000155, 49.824395098000082 ], [ 25.724845, 49.802258 ], [ 25.78325000100017, 49.81399000000016 ], [ 25.917823001000045, 49.797665000000165 ], [ 25.855328000999975, 49.747129001000076 ], [ 25.94510600000018, 49.700593 ], [ 25.948049001000015, 49.715141 ], [ 25.97778600200013, 49.718788000000188 ], [ 26.16136, 49.715640999000129 ], [ 26.165731, 49.728849 ], [ 26.194136928000034, 49.715625186000182 ], [ 26.243456564000098, 49.745313593000162 ], [ 26.240787808000107, 49.775645180000083 ], [ 26.178204125000093, 49.847296579000044 ], [ 26.200931251999975, 49.866259158000048 ], [ 26.132701797000038, 49.89839972600015 ], [ 26.166114401000016, 49.922176085 ], [ 26.141978980000147, 49.971764700000051 ], [ 26.172828654, 49.993950991000133 ], [ 26.202383311000119, 49.992140756000026 ], [ 26.210607014000118, 50.01589653800005 ], [ 26.175915167000028, 50.025154567000186 ], [ 26.226890974000128, 50.047338957000079 ], [ 26.200821703000088, 50.067291652000108 ], [ 26.200456062000114, 50.097970512000074 ], [ 26.273439041000131, 50.102809685000125 ], [ 26.234805824000034, 50.131207538000126 ], [ 26.243498448000025, 50.143287207000128 ], [ 26.208569220000129, 50.154135145000112 ], [ 26.219798528000183, 50.18061908400017 ], [ 26.179273000000137, 50.197093 ], [ 26.18536909200003, 50.229129823 ], [ 26.218122778000122, 50.230166881 ], [ 26.221238389000064, 50.266827899000077 ], [ 26.191326139000068, 50.262773325000126 ], [ 26.165010141000153, 50.230776603000038 ], [ 26.065003520000118, 50.257387532000109 ], [ 26.008695656000043, 50.228748373000087 ], [ 25.942432987000075, 50.257225033000111 ] ] ] } },
{ "type": "Feature", "properties": { "pcode": "UA6104", "name": "Ternopilskyi", "oblast_pcode": "UA61", "oblast": "Ternopilska", "area_sqkm": 6161.7098524000003, "city_pop": 223522.0, "pop": 566932, "included": true }, "geometry": { "type": "Polygon", "coordinates": [ [ [ 25.430142000000103, 49.934622000000104 ], [ 25.388518257000044, 49.93391619800019 ], [ 25.375843728000177, 49.868561240000076 ], [ 25.299110512000141, 49.853707194000094 ], [ 25.287462629000117, 49.828254436000179 ], [ 25.180341644000123, 49.83802982800006 ], [ 25.137566714000116, 49.81490604600009 ], [ 25.083257294000191, 49.827238920000184 ], [ 25.089792261000071, 49.782147489000124 ], [ 25.072344096000165, 49.770216345000051 ], [ 25.114879704000089, 49.745382090000021 ], [ 25.067598684000075, 49.711491014000046 ], [ 25.022505823000074, 49.736053046000166 ], [ 24.990526806999981, 49.64505146700003 ], [ 24.966475711000044, 49.640753869000037 ], [ 24.9517742110001, 49.614272165000102 ], [ 24.929750972000136, 49.617355833000147 ], [ 24.941596928000081, 49.6081182960001 ], [ 24.871416649000025, 49.609237624000173 ], [ 24.833622404000096, 49.599261026000192 ], [ 24.83976000500013, 49.580808947000151 ], [ 24.82812790100013, 49.592942110000138 ], [ 24.791193038000074, 49.57268011400015 ], [ 24.717739830000141, 49.570070944000122 ], [ 24.723981563000109, 49.481641954999986 ], [ 24.770891000000177, 49.431585 ], [ 24.778361066000059, 49.381225198000152 ], [ 24.82843176200015, 49.385885010000038 ], [ 24.833723, 49.362806 ], [ 24.859414191000099, 49.346575206000068 ], [ 24.828723837000041, 49.320641408000085 ], [ 24.828087370000048, 49.285483564000117 ], [ 24.843733514000178, 49.262560627000141 ], [ 24.933276455999987, 49.235535077000122 ], [ 24.886971618000132, 49.19817072900014 ], [ 24.935150472000146, 49.173181469000042 ], [ 24.986029650000148, 49.169029873000056 ], [ 24.987465260000079, 49.183763655000064 ], [ 25.073169348000022, 49.167622762000121 ], [ 25.254622266000126, 49.184812316000034 ], [ 25.295214000000158, 49.214777 ], [ 25.399510927000051, 49.186068729000169 ], [ 25.403756001000147, 49.204320000000109 ], [ 25.462024, 49.212354001000051 ], [ 25.523048001000063, 49.184465001000149 ], [ 25.506455000000187, 49.160358999000096 ], [ 25.540199938000171, 49.134127284000158 ], [ 25.623560441000109, 49.131091813000069 ], [ 25.627214051000067, 49.146445547000155 ], [ 25.664683837999974, 49.148859374000153 ], [ 25.636059901000124, 49.178596258000141 ], [ 25.680854423000085, 49.161714193000137 ], [ 25.710084999000117, 49.18226 ], [ 25.718427001000066, 49.169962 ], [ 25.742528000000107, 49.174561 ], [ 25.767212, 49.134107 ], [ 25.780829000000153, 49.159685 ], [ 25.788344, 49.149805 ], [ 25.811068001000024, 49.160320001000116 ], [ 25.854342, 49.203217000000166 ], [ 25.829307001000132, 49.210708001000114 ], [ 25.829771999000059, 49.242751 ], [ 25.85624700000011, 49.2773830000001 ], [ 25.939367000000118, 49.295939 ], [ 25.897648000000117, 49.318104000000119 ], [ 25.904840001000025, 49.377055 ], [ 25.970898001000023, 49.359351000000174 ], [ 26.229622420000169, 49.383049504000098 ], [ 26.235334228000056, 49.40053479900007 ], [ 26.192804746000149, 49.430432805000066 ], [ 26.201861380000025, 49.441814641000178 ], [ 26.188119871000026, 49.481018273000075 ], [ 26.142274224000062, 49.509459631000027 ], [ 26.175592630000097, 49.549263574000122 ], [ 26.219014267000034, 49.551195804000145 ], [ 26.199401247000139, 49.608984691000103 ], [ 26.231078590000038, 49.636474643000042 ], [ 26.262600236000083, 49.637544758 ], [ 26.272409292000077, 49.656879874000026 ], [ 26.241107906000138, 49.693719110000075 ], [ 26.165731, 49.728849 ], [ 26.16136, 49.715640999000129 ], [ 25.949613999, 49.715538001000141 ], [ 25.94510600000018, 49.700593 ], [ 25.855328000999975, 49.747129001000076 ], [ 25.917823001000045, 49.797665000000165 ], [ 25.78325000100017, 49.81399000000016 ], [ 25.724845, 49.802258 ], [ 25.683778116000155, 49.824395098000082 ], [ 25.676607694000154, 49.849548352000113 ], [ 25.541950646000089, 49.774999144000105 ], [ 25.50785589100019, 49.81535784 ], [ 25.47583118200015, 49.824153225000032 ], [ 25.462183000000152, 49.885942001000103 ], [ 25.419690001000106, 49.915393 ], [ 25.430142000000103, 49.934622000000104 ] ] ] } },
{ "type": "Feature", "properties": { "pcode": "UA6106", "name": "Chortkivskyi", "oblast_pcode": "UA61", "oblast": "Ternopilska", "area_sqkm": 5035.5756366599999, "city_pop": 0.0, "pop": 295781, "included": true }, "geometry": { "type": "Polygon", "coordinates": [ [ [ 26.24466424000002, 49.369418857000028 ], [ 26.127559999000027, 49.382824999000093 ], [ 26.12648595100012, 49.369232848000138 ], [ 25.970898001000023, 49.359351000000174 ], [ 25.904840001000025, 49.377055 ], [ 25.897648000000117, 49.318104000000119 ], [ 25.939367000000118, 49.295939 ], [ 25.85624700000011, 49.2773830000001 ], [ 25.829771999000059, 49.242751 ], [ 25.829307001000132, 49.210708001000114 ], [ 25.854342, 49.203217000000166 ], [ 25.811068001000024, 49.160320001000116 ], [ 25.788344, 49.149805 ], [ 25.787363999000036, 49.157379 ], [ 25.780829000000153, 49.159685 ], [ 25.767212, 49.134107 ], [ 25.742528000000107, 49.174561 ], [ 25.718427001000066, 49.169962 ], [ 25.710084999000117, 49.18226 ], [ 25.680854423000085, 49.161714193000137 ], [ 25.636059901000124, 49.178596258000141 ], [ 25.664683837999974, 49.148859374000153 ], [ 25.627214051000067, 49.146445547000155 ], [ 25.623560441000109, 49.131091813000069 ], [ 25.540199938000171, 49.134127284000158 ], [ 25.506455000000187, 49.160358999000096 ], [ 25.523048001000063, 49.184465001000149 ], [ 25.426300999000148, 49.213684001000161 ], [ 25.403756001000147, 49.204320000000109 ], [ 25.403238177999981, 49.186229615000173 ], [ 25.295214000000158, 49.214777 ], [ 25.254622266000126, 49.184812316000034 ], [ 25.073169348000022, 49.167622762000121 ], [ 24.987465260000079, 49.183763655000064 ], [ 24.986029650000148, 49.169029873000056 ], [ 24.935150472000146, 49.173181469000042 ], [ 24.886971618000132, 49.19817072900014 ], [ 24.856439217000116, 49.163639869000178 ], [ 24.899931653000181, 49.128898082000035 ], [ 24.985571876000108, 49.11670477600012 ], [ 24.973682841000027, 49.082527028000186 ], [ 24.991130555000041, 49.071292906000053 ], [ 24.916308291000178, 49.083007177000013 ], [ 24.902992149000056, 49.054518725000094 ], [ 24.969542507000142, 49.011249488000146 ], [ 24.965618646999985, 48.992330224999989 ], [ 25.017628611000134, 49.011331923000171 ], [ 25.08763797600011, 48.979633733000014 ], [ 25.1162926720001, 48.995125558000097 ], [ 25.108487384000171, 48.965189048000127 ], [ 25.147252625000135, 48.943912828000066 ], [ 25.118206781000083, 48.923966329 ], [ 25.136656493000032, 48.874891926000089 ], [ 25.167771200000118, 48.867495795000139 ], [ 25.167303985999979, 48.893558843000108 ], [ 25.198159984000029, 48.914694159000021 ], [ 25.190088691000028, 48.92630289300007 ], [ 25.232214472000067, 48.932348904000037 ], [ 25.211160927000094, 48.845967507000069 ], [ 25.262076262000107, 48.866747330000123 ], [ 25.325485447000062, 48.837884555000073 ], [ 25.344661055000188, 48.837539932000027 ], [ 25.341426705000117, 48.85487665300019 ], [ 25.354741597999976, 48.859591741000031 ], [ 25.428042235000134, 48.842739292000033 ], [ 25.438390680999987, 48.871776877000173 ], [ 25.469457026000157, 48.856555171000139 ], [ 25.454227460000027, 48.831454060999988 ], [ 25.553689826999971, 48.799033589000032 ], [ 25.639483861000087, 48.749159613000074 ], [ 25.610158525000031, 48.725559910000072 ], [ 25.652953113000081, 48.705469074000064 ], [ 25.62132649400013, 48.680847599000117 ], [ 25.628090107000105, 48.672825492000072 ], [ 25.710122194000121, 48.663654259 ], [ 25.738021999000068, 48.633207000000141 ], [ 25.784980141000176, 48.675264561000176 ], [ 25.85500010100003, 48.620379419000074 ], [ 25.849112, 48.597118001000069 ], [ 25.909067, 48.586915 ], [ 25.975274001000059, 48.620881 ], [ 26.020999000000131, 48.610335 ], [ 26.031809468000063, 48.643413082000109 ], [ 26.049284000000114, 48.648427 ], [ 26.065884999000104, 48.607142001000057 ], [ 26.043777674000182, 48.586281278000058 ], [ 26.090895999000111, 48.539164000000142 ], [ 26.127082001000076, 48.554397999000173 ], [ 26.095980999000176, 48.599555001000112 ], [ 26.118294999000113, 48.620042000000126 ], [ 26.144517268000186, 48.597345056000108 ], [ 26.14661049800003, 48.546247889000142 ], [ 26.163962230000038, 48.529916563000143 ], [ 26.267858001000036, 48.539975001000187 ], [ 26.302187397000068, 48.509049151 ], [ 26.355840877000048, 48.507677727000043 ], [ 26.387859851000087, 48.533771932000036 ], [ 26.443074587000126, 48.54109550600009 ], [ 26.408936315000062, 48.542111718000115 ], [ 26.379806470000119, 48.564668654000059 ], [ 26.36019705200016, 48.541895022000119 ], [ 26.363820843000042, 48.55929266600009 ], [ 26.336383733000105, 48.569356340000184 ], [ 26.359691325000142, 48.588034182000115 ], [ 26.293043186000091, 48.622824816000161 ], [ 26.323567631000174, 48.629350838000107 ], [ 26.287786476000178, 48.640190858000096 ], [ 26.307507074000114, 48.657501732000128 ], [ 26.273065614000018, 48.647173665000139 ], [ 26.278527993000182, 48.672817610000152 ], [ 26.24785923900015, 48.667857386000094 ], [ 26.245286611000097, 48.684001398000191 ], [ 26.219421064000073, 48.689208110000038 ], [ 26.237520895000102, 48.69662899900004 ], [ 26.228895823000187, 48.708856973000195 ], [ 26.243970183999977, 48.736526621 ], [ 26.223366252000176, 48.752221502 ], [ 26.245762932000162, 48.755691396000032 ], [ 26.207289890000141, 48.79727053300013 ], [ 26.233401085000082, 48.789969680000127 ], [ 26.225517669999988, 48.813227532000155 ], [ 26.258459978000189, 48.815550245000054 ], [ 26.23318681, 48.819161434000137 ], [ 26.199824965, 48.858893750000107 ], [ 26.214076919000092, 48.879841956000178 ], [ 26.203946037000151, 48.895898527999975 ], [ 26.223163925000051, 48.910946373000115 ], [ 26.196508159000018, 48.903494449000107 ], [ 26.183844524000051, 48.91548815200008 ], [ 26.198516306000045, 48.91824032500017 ], [ 26.208192869000129, 48.955100462000075 ], [ 26.177339061000112, 48.973692370000037 ], [ 26.211904367000102, 48.982874082000194 ], [ 26.176069979999966, 48.995641835000129 ], [ 26.215613108000127, 49.005353757000023 ], [ 26.183878652000033, 49.056561262000116 ], [ 26.215569493000146, 49.072268937000104 ], [ 26.191991897000094, 49.077383576000045 ], [ 26.205527554000128, 49.132697549000056 ], [ 26.189898107999966, 49.158183800000188 ], [ 26.210874974000092, 49.161885945000165 ], [ 26.189760666000154, 49.171583018000035 ], [ 26.183138346000021, 49.19584352600009 ], [ 26.202857809000136, 49.244637848000195 ], [ 26.244855475000122, 49.244569057000092 ], [ 26.258380399000089, 49.264070450000133 ], [ 26.241425941000045, 49.277036991000159 ], [ 26.259516992999977, 49.289554991999978 ], [ 26.225378622000051, 49.329052606000062 ], [ 26.24466424000002, 49.369418857000028 ] ] ] } },
{ "type": "Feature", "properties": { "pcode": "UA6302", "name": "Bohodukhivskyi", "oblast_pcode": "UA63", "oblast": "Kharkivska", "area_sqkm": 4509.8660628099997, "city_pop": 0.0, "pop": 204674, "included": true }, "geometry": { "type": "Polygon", "coordinates": [ [ [ 36.068464892000122, 50.449365790000115 ], [ 35.935864783000113, 50.430789695000101 ], [ 35.889086674000112, 50.438912020000089 ], [ 35.872335737000128, 50.42261897000003 ], [ 35.831940228000121, 50.433819708999977 ], [ 35.792889891000186, 50.415929288000086 ], [ 35.802717202000167, 50.398044705000075 ], [ 35.738511806000133, 50.354327280000177 ], [ 35.658030363000194, 50.351158715000111 ], [ 35.692726910000147, 50.345578734000185 ], [ 35.650099761000035, 50.309788704000084 ], [ 35.593827258000147, 50.331203125000116 ], [ 35.515830753000103, 50.317214622000051 ], [ 35.535316660000035, 50.302011410000148 ], [ 35.524417161000144, 50.290123716000153 ], [ 35.438999569000089, 50.316917960000012 ], [ 35.423424508000039, 50.335111451000159 ], [ 35.378919170000074, 50.320544240000061 ], [ 35.382187016000103, 50.294559603999971 ], [ 35.32993711, 50.318670003000136 ], [ 35.296483528000181, 50.289663220000023 ], [ 35.329904890000194, 50.27421850900015 ], [ 35.266480128000126, 50.2654735590001 ], [ 35.260348641000064, 50.234563734000119 ], [ 35.192737517000126, 50.228484776000187 ], [ 35.148487136000028, 50.242569993000075 ], [ 35.070241344000067, 50.205882575000146 ], [ 35.039577143000145, 50.164656318000141 ], [ 35.032528443000103, 50.180153934000032 ], [ 34.962061854000126, 50.184665629000051 ], [ 34.973553450000054, 50.158530431000145 ], [ 34.940784822000182, 50.152353196000035 ], [ 34.932766001000118, 50.133927001000131 ], [ 34.936949202999983, 50.095209921000162 ], [ 34.955759080000178, 50.093428468000127 ], [ 34.96349276300009, 50.073744691000115 ], [ 34.856179601000122, 49.98689962200018 ], [ 34.872444721000136, 49.956522104999976 ], [ 34.860035782000068, 49.949849800000095 ], [ 34.912307339000051, 49.935237548000089 ], [ 34.970667462000165, 49.885098691000167 ], [ 35.064401973000145, 49.886099942000158 ], [ 35.045353489000036, 49.873110177000171 ], [ 35.067870416000176, 49.858329041000161 ], [ 35.139897069000085, 49.859698292000019 ], [ 35.219777855000132, 49.829459074000056 ], [ 35.222574629000121, 49.806714011000054 ], [ 35.200024026000051, 49.800543364000134 ], [ 35.212471395000136, 49.789290536000067 ], [ 35.206045660000029, 49.756918251 ], [ 35.224006671000097, 49.736315465000132 ], [ 35.25939739100005, 49.733651488000078 ], [ 35.26492249, 49.714455148000184 ], [ 35.242427706000058, 49.7128656000001 ], [ 35.256274499000085, 49.708793541000034 ], [ 35.243134211000154, 49.693412026000033 ], [ 35.329705296000043, 49.68257979800012 ], [ 35.344323367000072, 49.664994971000112 ], [ 35.464468269000065, 49.673883900000078 ], [ 35.572219743000119, 49.64566611500004 ], [ 35.61790111199997, 49.656814690000147 ], [ 35.622269618000132, 49.691205154000045 ], [ 35.699007583000139, 49.706326107000166 ], [ 35.675525201000028, 49.72337346900008 ], [ 35.673520457000052, 49.749302724000074 ], [ 35.654566259000092, 49.751764543000093 ], [ 35.68674216200003, 49.782619865000129 ], [ 35.70813402400006, 49.775127429000122 ], [ 35.698680343000092, 49.823504256000092 ], [ 35.762229239000135, 49.836464307000142 ], [ 35.781026214000065, 49.825015997000037 ], [ 35.769727358000125, 49.81822069499998 ], [ 35.820372163000172, 49.807326543000102 ], [ 35.820426836000138, 49.823716962000105 ], [ 35.839070537000055, 49.83018813700005 ], [ 35.821978009000134, 49.835171148000143 ], [ 35.824715513000172, 49.858516362000103 ], [ 35.873403769000049, 49.874677968000128 ], [ 35.873288670000193, 49.915942924000035 ], [ 35.818696496000143, 49.936722589000112 ], [ 35.804498004000038, 49.926024559000098 ], [ 35.81374597100006, 49.94369829700014 ], [ 35.796470847000137, 49.948846395000146 ], [ 35.791111195000099, 49.939988023000126 ], [ 35.755263785000011, 49.944186915000103 ], [ 35.792599122000183, 49.951316191000046 ], [ 35.814536569000097, 49.972184246000154 ], [ 35.809755230000178, 49.996843076000062 ], [ 35.834598678000134, 49.995976205000034 ], [ 35.802429540000162, 50.00208297 ], [ 35.797488925000039, 50.022468630000105 ], [ 35.779713193000077, 50.017360236 ], [ 35.812972445000185, 50.034669954000151 ], [ 35.798345808000136, 50.043895670000154 ], [ 35.844688900000108, 50.063709944000038 ], [ 35.827504103000138, 50.074715890000107 ], [ 35.818220508000024, 50.117848604000073 ], [ 35.841817094000191, 50.117092941000124 ], [ 35.867647206000072, 50.077687241000035 ], [ 35.944031155000118, 50.092710836000094 ], [ 35.941346343000191, 50.111022036000122 ], [ 35.995337678000169, 50.108307165999975 ], [ 35.986849303000099, 50.135825075000184 ], [ 36.012905286000148, 50.132898457000124 ], [ 36.036281168000187, 50.181376283000191 ], [ 36.077610243000152, 50.179967911 ], [ 36.072440486000062, 50.201319375000082 ], [ 36.036048737000044, 50.211466882000082 ], [ 36.093076334000045, 50.224940543000116 ], [ 36.086051631000146, 50.243920450000132 ], [ 36.120882067000082, 50.240798489000042 ], [ 36.176018639000063, 50.287818960000038 ], [ 36.150839550000114, 50.330926402000046 ], [ 36.172338591000027, 50.345774595000137 ], [ 36.105356390000054, 50.364784545000077 ], [ 36.176979577000168, 50.401571327 ], [ 36.161116260000085, 50.430319271000087 ], [ 36.068464892000122, 50.449365790000115 ] ] ] } },
{ "type": "Feature", "properties": { "pcode": "UA6304", "name": "Iziumskyi", "oblast_pcode": "UA63", "oblast": "Kharkivska", "area_sqkm": 5911.3194408700001, "city_pop": 0.0, "pop": 152615, "included": true }, "geometry": { "type": "Polygon", "coordinates": [ [ [ 37.035392050000098, 49.621567341000059 ], [ 36.981088425000053, 49.650005202000159 ], [ 36.933809001000043, 49.632358000000181 ], [ 36.919315803000075, 49.599948376000043 ], [ 36.893934602000115, 49.589891499000032 ], [ 36.856217973000014, 49.603050848000066 ], [ 36.855756944000177, 49.636759380000058 ], [ 36.800567226000055, 49.636665666000113 ], [ 36.800401701000112, 49.619158845000129 ], [ 36.702148691000161, 49.587892786000168 ], [ 36.700012713000149, 49.569563310000035 ], [ 36.621767552000165, 49.588748856999985 ], [ 36.565324089000114, 49.543402428000149 ], [ 36.528409487000033, 49.550280835000194 ], [ 36.501819054000066, 49.523222475000125 ], [ 36.44401781300013, 49.539294172000041 ], [ 36.450339160000112, 49.529800050000176 ], [ 36.429091769000081, 49.520992966000108 ], [ 36.47330958100008, 49.502645162000078 ], [ 36.485733782000182, 49.520061060000103 ], [ 36.523571081000114, 49.499686639000174 ], [ 36.525679466000042, 49.483518994000178 ], [ 36.497716005000143, 49.468609512000057 ], [ 36.46326058700015, 49.470163597000123 ], [ 36.482340496000063, 49.455256450000093 ], [ 36.448292277000121, 49.387443277000102 ], [ 36.52066377500006, 49.368856964000145 ], [ 36.519427126000153, 49.354275885000106 ], [ 36.552755667999975, 49.355396610000184 ], [ 36.560655557000189, 49.313676665000173 ], [ 36.61375312600012, 49.296613911000065 ], [ 36.606412367000189, 49.275503135000065 ], [ 36.580877728000132, 49.282840410000063 ], [ 36.560739495000064, 49.267701157000033 ], [ 36.647390346000122, 49.228380234000099 ], [ 36.631545620000054, 49.197722604000091 ], [ 36.656423888000063, 49.19529394400007 ], [ 36.639377928000101, 49.151521910000156 ], [ 36.591119783000181, 49.099582240000188 ], [ 36.614457013000049, 49.08238456000015 ], [ 36.633800320000091, 49.089924514000131 ], [ 36.643841803000043, 49.01720116700011 ], [ 36.72073113700003, 49.031233797000141 ], [ 36.726511906000042, 49.017702524000129 ], [ 36.755799940000031, 49.016088804000162 ], [ 36.737672338000152, 48.993377846000101 ], [ 36.765760934000184, 48.986733170000093 ], [ 36.779570449000119, 48.940480222000076 ], [ 36.812294407000024, 48.911473662000105 ], [ 36.809014305000062, 48.892487786000061 ], [ 36.760997589000169, 48.890654799000174 ], [ 36.732992659000104, 48.860210541000072 ], [ 36.703593510000019, 48.864331189000154 ], [ 36.681621967000126, 48.848566113000118 ], [ 36.697779242000024, 48.808696977000182 ], [ 36.79048794400012, 48.801373383000168 ], [ 36.788389014000131, 48.780629572 ], [ 36.8212081960001, 48.771343687000069 ], [ 36.840767859000152, 48.772839170999987 ], [ 36.854121236000026, 48.800378586000193 ], [ 36.968922497999984, 48.793325545000073 ], [ 37.032436333000078, 48.749217129000044 ], [ 37.043214751000164, 48.76654613200003 ], [ 36.994870990999971, 48.787389998000037 ], [ 37.023795215000064, 48.817871924000031 ], [ 37.078127543000164, 48.817613804000189 ], [ 37.098750804000076, 48.85080530800019 ], [ 37.192123763000154, 48.814660564000064 ], [ 37.193690861000107, 48.881899405000127 ], [ 37.223971056000039, 48.908264372000133 ], [ 37.266364680000095, 48.906466958000124 ], [ 37.269143137000071, 48.922722978000081 ], [ 37.328038092000043, 48.921713873000158 ], [ 37.33243545400012, 48.941188648000093 ], [ 37.310669374000042, 48.941932724000026 ], [ 37.320775870000148, 48.956516837000095 ], [ 37.294779413000072, 48.970931842000084 ], [ 37.344240342000035, 49.003535306000117 ], [ 37.373628011000164, 48.994347170000026 ], [ 37.375420217000169, 49.026215266000122 ], [ 37.391878266000049, 49.025153107999984 ], [ 37.384868274000041, 49.048308697000039 ], [ 37.495293556000149, 49.063814637000121 ], [ 37.506642042000124, 49.079961148000166 ], [ 37.486539901000185, 49.099453824000079 ], [ 37.584865507000131, 49.126133013000128 ], [ 37.542967169000178, 49.144641093000075 ], [ 37.563971992000063, 49.145563008000067 ], [ 37.554455640000128, 49.164881422000121 ], [ 37.498791998000058, 49.181631514000117 ], [ 37.561236335000103, 49.228021787000046 ], [ 37.614324919000069, 49.233094318000042 ], [ 37.843487395000068, 49.201377611000112 ], [ 37.866169996, 49.246355521000112 ], [ 37.91151761500015, 49.259720837000032 ], [ 37.898949967000192, 49.270250448000013 ], [ 37.913350133000108, 49.27760052900004 ], [ 37.95837898200017, 49.285210845000165 ], [ 37.945936834000065, 49.303737807000118 ], [ 37.883739770000147, 49.312871704000088 ], [ 37.896108901000161, 49.403231959000152 ], [ 37.878429790000098, 49.41342351000003 ], [ 37.87582905000005, 49.446742276000123 ], [ 37.84386570300012, 49.44515432500009 ], [ 37.844281732000127, 49.50268271900012 ], [ 37.803232552000111, 49.492031164000139 ], [ 37.699841852000134, 49.515182416000073 ], [ 37.641064423000046, 49.450992294000059 ], [ 37.569235295000055, 49.434051640000121 ], [ 37.56660696400013, 49.445715839 ], [ 37.523095142000045, 49.449031350000155 ], [ 37.518691833000162, 49.467476257000158 ], [ 37.454773197000065, 49.484564818000194 ], [ 37.408613665000132, 49.523567167000067 ], [ 37.381959641000151, 49.513338592000082 ], [ 37.389216329000135, 49.543545069000118 ], [ 37.372803226000087, 49.551063231000114 ], [ 37.295210304000079, 49.524565924000171 ], [ 37.172061451000161, 49.542489651000039 ], [ 37.164805711000042, 49.593953763000059 ], [ 37.097481633000143, 49.582276326000112 ], [ 37.047823925000159, 49.633954668000172 ], [ 37.035392050000098, 49.621567341000059 ] ] ] } },
{ "type": "Feature", "properties": { "pcode": "UA6306", "name": "Berestynskyi", "oblast_pcode": "UA63", "oblast": "Kharkivska", "area_sqkm": 4333.9334570199999, "city_pop": 0.0, "pop": 123249, "included": true }, "geometry": { "type": "Polygon", "coordinates": [ [ [ 35.698921999000163, 49.706114000000127 ], [ 35.622269618000132, 49.691205154000045 ], [ 35.61790111199997, 49.656814690000147 ], [ 35.572219743000119, 49.64566611500004 ], [ 35.508277937000059, 49.66888449400011 ], [ 35.469808914000112, 49.663832821000028 ], [ 35.464468269000065, 49.673883900000078 ], [ 35.433415116000162, 49.673209857000131 ], [ 35.425173971000106, 49.656594963000146 ], [ 35.485425985000063, 49.57133178800018 ], [ 35.404313497000032, 49.55594600500018 ], [ 35.427429987000096, 49.549312706000137 ], [ 35.427554109000084, 49.526406948999977 ], [ 35.485347580000052, 49.516203695000058 ], [ 35.48146961599997, 49.484018164000076 ], [ 35.331745116000036, 49.504218161000153 ], [ 35.315744161000111, 49.455504956000027 ], [ 35.363663213000166, 49.44735016900006 ], [ 35.348579001000132, 49.40464 ], [ 35.377581954000107, 49.397916862999978 ], [ 35.279213665000043, 49.318164190000118 ], [ 35.28907631900006, 49.294895793000194 ], [ 35.271828824000181, 49.27705676800008 ], [ 35.242479189000164, 49.296696197000131 ], [ 35.090916788000129, 49.300374694000141 ], [ 35.079059425000025, 49.317099931000087 ], [ 35.024540226000056, 49.32525980500003 ], [ 34.98024848200015, 49.250034086000142 ], [ 35.017717424000068, 49.150803482000072 ], [ 35.044143089000102, 49.156426191000151 ], [ 35.053164191000064, 49.17703297200012 ], [ 35.073435796000012, 49.170175898000139 ], [ 35.085357214000169, 49.141008749000093 ], [ 35.122285688000147, 49.164693599000145 ], [ 35.144745699000168, 49.150486360000116 ], [ 35.187512233000177, 49.162802472000067 ], [ 35.209714029000054, 49.151086184000178 ], [ 35.18992176900008, 49.138066679000019 ], [ 35.228645750000169, 49.126292500000091 ], [ 35.189990691000048, 49.109900773000163 ], [ 35.227447790000156, 49.10033716200013 ], [ 35.256936248000045, 49.113539334000052 ], [ 35.276439880000169, 49.090628866000145 ], [ 35.307358318000013, 49.091715419000082 ], [ 35.301779256000088, 49.069537922000166 ], [ 35.401114394000103, 49.030553301000168 ], [ 35.407358454000189, 49.013576119000049 ], [ 35.438835778000112, 49.011105168000142 ], [ 35.48523185900018, 48.972623062000025 ], [ 35.626627709000047, 48.98316536800013 ], [ 35.630765999000118, 48.962474059000101 ], [ 35.650182068000163, 48.974102509000147 ], [ 35.694374017000086, 48.967502874000047 ], [ 35.696062135000147, 48.942763592000176 ], [ 35.723709451000104, 48.966585348000194 ], [ 35.75198610200016, 48.946915887000102 ], [ 35.788943507000113, 48.954231524000136 ], [ 35.801799047000145, 48.927225946000135 ], [ 35.829672633000143, 48.950027208000051 ], [ 35.856044345999976, 48.945218161000184 ], [ 35.884992461000024, 48.975189299000192 ], [ 35.937501730000122, 48.972913786000106 ], [ 35.944852703000038, 49.003563673000087 ], [ 35.991254948000062, 49.002584946000184 ], [ 36.030318654000098, 48.980040625000129 ], [ 36.105988445000037, 49.050710838999976 ], [ 36.269722743000102, 49.102174317000163 ], [ 36.252617944000121, 49.126387914000134 ], [ 36.166347131000066, 49.10967645900007 ], [ 36.162379532000159, 49.197651406000091 ], [ 36.136733411000137, 49.196120588000099 ], [ 36.135479695000129, 49.247138565000057 ], [ 36.060902532000057, 49.256479506000176 ], [ 36.074429856, 49.289903898000091 ], [ 36.028662872000098, 49.310970653000084 ], [ 36.041704284000161, 49.344998666000151 ], [ 36.00934981100005, 49.355326308000087 ], [ 35.999525201000154, 49.398765622000155 ], [ 35.985570077000148, 49.401102879000177 ], [ 35.9982450010001, 49.45533124300016 ], [ 35.977811383000187, 49.466878424000186 ], [ 35.984511617000123, 49.504170552000176 ], [ 36.091135835000159, 49.50802999900003 ], [ 36.068367810000098, 49.542008931000055 ], [ 36.102644672000054, 49.586151016000088 ], [ 36.07485713, 49.593674523000061 ], [ 36.073743346000072, 49.615318087000105 ], [ 35.965664, 49.632862000000159 ], [ 35.86617199900013, 49.581714000000147 ], [ 35.832287172, 49.641124557000182 ], [ 35.767645001000062, 49.617575999000053 ], [ 35.742046000000187, 49.626324000000125 ], [ 35.745034000000146, 49.643014999000115 ], [ 35.710582000999977, 49.65701599900018 ], [ 35.746888, 49.696711000000164 ], [ 35.698921999000163, 49.706114000000127 ] ] ] } },
{ "type": "Feature", "properties": { "pcode": "UA6308", "name": "Kupianskyi", "oblast_pcode": "UA63", "oblast": "Kharkivska", "area_sqkm": 4619.9986124300003, "city_pop": 0.0, "pop": 151280, "included": true }, "geometry": { "type": "Polygon", "coordinates": [ [ [ 37.571611451000024, 50.312094385000137 ], [ 37.534719346000145, 50.333729092000112 ], [ 37.530585950999978, 50.317564151000113 ], [ 37.419775163000111, 50.289455090000047 ], [ 37.424924566000129, 50.253947380000056 ], [ 37.368912970000054, 50.222815331000163 ], [ 37.373131260000036, 50.180582255000047 ], [ 37.317525354000111, 50.18287271500003 ], [ 37.315255704000094, 50.159234159000107 ], [ 37.289658641000017, 50.151070333000177 ], [ 37.305319097000108, 50.136810888000127 ], [ 37.266909473000169, 50.125944781000157 ], [ 37.280047725000088, 50.11711578600017 ], [ 37.261277328000176, 50.105713881000099 ], [ 37.205165111000042, 50.123089844000106 ], [ 37.218618125999967, 50.130719482000075 ], [ 37.2151919370001, 50.133367740000153 ], [ 37.151112085000193, 50.100395333000051 ], [ 37.188443056000153, 50.077475500000162 ], [ 37.168482596000104, 50.066787538000142 ], [ 37.162413470000104, 50.012465448000057 ], [ 37.147950451000042, 50.005791941000041 ], [ 37.17619679000012, 49.978954098000031 ], [ 37.135252320000063, 49.947346787000072 ], [ 37.17724327000019, 49.936965816000054 ], [ 37.188955979000013, 49.838185683000063 ], [ 37.147211, 49.825616000000196 ], [ 37.12136443900016, 49.791491396000083 ], [ 37.076570287000095, 49.798250708000126 ], [ 37.066547098000058, 49.770213374000036 ], [ 37.023364161000131, 49.801708793000159 ], [ 36.964556960000095, 49.772728587000074 ], [ 36.998377394000102, 49.713574229000187 ], [ 37.023401124000088, 49.710927917000106 ], [ 36.967743072000133, 49.660790635000012 ], [ 37.00496602100003, 49.622648207000168 ], [ 37.047823925000159, 49.633954668000172 ], [ 37.097481633000143, 49.582276326000112 ], [ 37.164805711000042, 49.593953763000059 ], [ 37.172061451000161, 49.542489651000039 ], [ 37.295210304000079, 49.524565924000171 ], [ 37.372803226000087, 49.551063231000114 ], [ 37.389216329000135, 49.543545069000118 ], [ 37.381959641000151, 49.513338592000082 ], [ 37.408613665000132, 49.523567167000067 ], [ 37.454773197000065, 49.484564818000194 ], [ 37.518691833000162, 49.467476257000158 ], [ 37.523095142000045, 49.449031350000155 ], [ 37.56660696400013, 49.445715839 ], [ 37.570100480000121, 49.434017381000046 ], [ 37.641064423000046, 49.450992294000059 ], [ 37.699841852000134, 49.515182416000073 ], [ 37.803232552000111, 49.492031164000139 ], [ 37.840879155000096, 49.497428821000085 ], [ 37.846790025000132, 49.520582580000109 ], [ 37.885618107000028, 49.518832463000138 ], [ 37.925623592000136, 49.541592882000145 ], [ 37.886320375000082, 49.549227716000189 ], [ 37.90105808300018, 49.573779613999989 ], [ 37.952660047999984, 49.568388578000167 ], [ 37.934307528000147, 49.589689054000075 ], [ 37.944261361000088, 49.611265 ], [ 37.974948445000052, 49.611649134000061 ], [ 37.994940972000165, 49.646981276000076 ], [ 38.045756921000134, 49.657474932000071 ], [ 37.998922860000107, 49.700218395000036 ], [ 38.016986331000169, 49.712799942000174 ], [ 37.974677745000179, 49.708533917000068 ], [ 37.951425880000045, 49.731185198999981 ], [ 37.976595970000176, 49.76757828500007 ], [ 37.998569377000081, 49.753274253000143 ], [ 38.052769583000043, 49.783516680000162 ], [ 38.00964026500003, 49.812827123000147 ], [ 38.017779144000144, 49.837212572000112 ], [ 38.093696527000077, 49.845992825000167 ], [ 38.018789831000163, 49.915677527000184 ], [ 38.044026463000137, 49.932630762000031 ], [ 37.961981897000101, 49.983035032000146 ], [ 37.918308510000088, 50.039045804000182 ], [ 37.797321387000125, 50.084197918000029 ], [ 37.755389999000158, 50.078564 ], [ 37.708731001000103, 50.133089761000178 ], [ 37.640351118000126, 50.176041947000101 ], [ 37.643553958000098, 50.190940974000114 ], [ 37.615092059000119, 50.216770204000113 ], [ 37.635739115000149, 50.310918837000088 ], [ 37.571611451000024, 50.312094385000137 ] ] ] } },
{ "type": "Feature", "properties": { "pcode": "UA6310", "name": "Lozivskyi", "oblast_pcode": "UA63", "oblast": "Kharkivska", "area_sqkm": 4028.9000532499999, "city_pop": 0.0, "pop": 148166, "included": true }, "geometry": { "type": "Polygon", "coordinates": [ [ [ 36.26786, 49.540918 ], [ 36.241943094000078, 49.507057430000145 ], [ 36.195910959000173, 49.509508190000076 ], [ 36.180260638000107, 49.535392492000142 ], [ 36.134387943000036, 49.538492637000047 ], [ 36.132381210000176, 49.51661465400008 ], [ 36.081432999000072, 49.517048 ], [ 36.091570292000142, 49.509543237 ], [ 36.078898654999989, 49.503879502000075 ], [ 35.984511617000123, 49.504170552000176 ], [ 35.97746012500005, 49.475899661000085 ], [ 35.9982450010001, 49.45533124300016 ], [ 35.984461905000103, 49.406285124000078 ], [ 35.999525201000154, 49.398765622000155 ], [ 35.994403238000132, 49.381723713999975 ], [ 36.00934981100005, 49.355326308000087 ], [ 36.041704284000161, 49.344998666000151 ], [ 36.028662872000098, 49.310970653000084 ], [ 36.075912718000154, 49.286131797000166 ], [ 36.060902532000057, 49.256479506000176 ], [ 36.131815032000077, 49.251570603000175 ], [ 36.136733411000137, 49.196120588000099 ], [ 36.162379532000159, 49.197651406000091 ], [ 36.166347131000066, 49.10967645900007 ], [ 36.252617944000121, 49.126387914000134 ], [ 36.269782105, 49.102250003000051 ], [ 36.105988445000037, 49.050710838999976 ], [ 36.029974623000157, 48.979913977000137 ], [ 35.991254948000062, 49.002584946000184 ], [ 35.939969001000065, 48.999190533000103 ], [ 35.989571265999984, 48.969237810999971 ], [ 35.977579083000137, 48.959710266000116 ], [ 36.004132035000112, 48.946053024000037 ], [ 35.995924934000072, 48.939321982000195 ], [ 36.043634483000062, 48.915559071000189 ], [ 36.011677596000141, 48.887888360000147 ], [ 36.040306304000126, 48.873492854000119 ], [ 36.019406274000119, 48.854724007000186 ], [ 36.075175610000088, 48.835640676000139 ], [ 36.066015679000088, 48.808962374000032 ], [ 36.130520580000052, 48.806682335000119 ], [ 36.159038007000163, 48.784141271000067 ], [ 36.158868344000098, 48.768119817000127 ], [ 36.139976110000134, 48.7658884330001 ], [ 36.161668684000119, 48.748844573000099 ], [ 36.142791797000143, 48.724368475000176 ], [ 36.284234611000159, 48.659466014000145 ], [ 36.251195149000068, 48.620732097000086 ], [ 36.319027272000085, 48.587178052000183 ], [ 36.271295598999984, 48.54374109000014 ], [ 36.296302540000056, 48.531453910999971 ], [ 36.32372572800017, 48.555616750000013 ], [ 36.354777996999985, 48.53212446800012 ], [ 36.425081559000091, 48.612727372999984 ], [ 36.445423085000073, 48.61365891700018 ], [ 36.420171434000167, 48.63504705500003 ], [ 36.447551795000152, 48.6329102360001 ], [ 36.482495586000141, 48.663530319000074 ], [ 36.591113949000032, 48.602443851000032 ], [ 36.738855825000087, 48.626158288000113 ], [ 36.711758326000052, 48.692552546000172 ], [ 36.735465776000183, 48.705157285000098 ], [ 36.708576797000148, 48.768220804000066 ], [ 36.689076795000176, 48.776084079999976 ], [ 36.720783809000125, 48.805969276000042 ], [ 36.689535647000127, 48.814012334999973 ], [ 36.681621967000126, 48.848566113000118 ], [ 36.703593510000019, 48.864331189000154 ], [ 36.732992659000104, 48.860210541000072 ], [ 36.760997589000169, 48.890654799000174 ], [ 36.809014305000062, 48.892487786000061 ], [ 36.812294407000024, 48.911473662000105 ], [ 36.779570449000119, 48.940480222000076 ], [ 36.765760934000184, 48.986733170000093 ], [ 36.737672338000152, 48.993377846000101 ], [ 36.755799940000031, 49.016088804000162 ], [ 36.726511906000042, 49.017702524000129 ], [ 36.72073113700003, 49.031233797000141 ], [ 36.643841803000043, 49.01720116700011 ], [ 36.633800320000091, 49.089924514000131 ], [ 36.614457013000049, 49.08238456000015 ], [ 36.591119783000181, 49.099582240000188 ], [ 36.639377928000101, 49.151521910000156 ], [ 36.656423888000063, 49.19529394400007 ], [ 36.631545620000054, 49.197722604000091 ], [ 36.647390346000122, 49.228380234000099 ], [ 36.560739495000064, 49.267701157000033 ], [ 36.580877728000132, 49.282840410000063 ], [ 36.606412367000189, 49.275503135000065 ], [ 36.61375312600012, 49.296613911000065 ], [ 36.560655557000189, 49.313676665000173 ], [ 36.552755667999975, 49.355396610000184 ], [ 36.519427126000153, 49.354275885000106 ], [ 36.52066377500006, 49.368856964000145 ], [ 36.448292277000121, 49.387443277000102 ], [ 36.482340496000063, 49.455256450000093 ], [ 36.46326058700015, 49.470163597000123 ], [ 36.435884446000159, 49.458771211000055 ], [ 36.383498299000109, 49.468510326000171 ], [ 36.383882094000171, 49.504871432000073 ], [ 36.26786, 49.540918 ] ] ] } },
{ "type": "Feature", "properties": { "pcode": "UA6312", "name": "Kharkivskyi", "oblast_pcode": "UA63", "oblast": "Kharkivska", "area_sqkm": 3223.8120030099999, "city_pop": 1401558.0, "pop": 1616910, "included": true }, "geometry": { "type": "Polygon", "coordinates": [ [ [ 36.19469850500019, 50.40180495300018 ], [ 36.105356390000054, 50.364784545000077 ], [ 36.172338591000027, 50.345774595000137 ], [ 36.150839550000114, 50.330926402000046 ], [ 36.176018639000063, 50.287818960000038 ], [ 36.120882067000082, 50.240798489000042 ], [ 36.086051631000146, 50.243920450000132 ], [ 36.093076334000045, 50.224940543000116 ], [ 36.036048737000044, 50.211466882000082 ], [ 36.072440486000062, 50.201319375000082 ], [ 36.077610243000152, 50.179967911 ], [ 36.036281168000187, 50.181376283000191 ], [ 36.012905286000148, 50.132898457000124 ], [ 35.986849303000099, 50.135825075000184 ], [ 35.995337678000169, 50.108307165999975 ], [ 35.941346343000191, 50.111022036000122 ], [ 35.944031155000118, 50.092710836000094 ], [ 35.867647206000072, 50.077687241000035 ], [ 35.841817094000191, 50.117092941000124 ], [ 35.816071520000037, 50.11529214400008 ], [ 35.844688900000108, 50.063709944000038 ], [ 35.798345808000136, 50.043895670000154 ], [ 35.812972445000185, 50.034669954000151 ], [ 35.779713193000077, 50.017360236 ], [ 35.797488925000039, 50.022468630000105 ], [ 35.802429540000162, 50.00208297 ], [ 35.834598678000134, 49.995976205000034 ], [ 35.809755230000178, 49.996843076000062 ], [ 35.814536569000097, 49.972184246000154 ], [ 35.792599122000183, 49.951316191000046 ], [ 35.755263785000011, 49.944186915000103 ], [ 35.796470847000137, 49.948846395000146 ], [ 35.81374597100006, 49.94369829700014 ], [ 35.804498004000038, 49.926024559000098 ], [ 35.818696496000143, 49.936722589000112 ], [ 35.873288670000193, 49.915942924000035 ], [ 35.873403769000049, 49.874677968000128 ], [ 35.824715513000172, 49.858516362000103 ], [ 35.821978009000134, 49.835171148000143 ], [ 35.839070537000055, 49.83018813700005 ], [ 35.820426836000138, 49.823716962000105 ], [ 35.820372163000172, 49.807326543000102 ], [ 35.769727358000125, 49.81822069499998 ], [ 35.781026214000065, 49.825015997000037 ], [ 35.762229239000135, 49.836464307000142 ], [ 35.698680343000092, 49.823504256000092 ], [ 35.70813402400006, 49.775127429000122 ], [ 35.68674216200003, 49.782619865000129 ], [ 35.654566259000092, 49.751764543000093 ], [ 35.674789575000091, 49.74799999600009 ], [ 35.675525201000028, 49.72337346900008 ], [ 35.707767, 49.696847 ], [ 35.746888, 49.696711000000164 ], [ 35.710582000999977, 49.65701599900018 ], [ 35.745034000000146, 49.643014999000115 ], [ 35.742046000000187, 49.626324000000125 ], [ 35.767645001000062, 49.617575999000053 ], [ 35.832287172, 49.641124557000182 ], [ 35.86617199900013, 49.581714000000147 ], [ 35.965664, 49.632862000000159 ], [ 36.065246752000121, 49.615423338000028 ], [ 36.037280503000147, 49.670972337000137 ], [ 36.073346247000131, 49.672000356000183 ], [ 36.073694626000133, 49.694568029000038 ], [ 36.010770261000118, 49.702151190000166 ], [ 35.999951453999984, 49.711448873 ], [ 36.01008226700003, 49.720510377000153 ], [ 36.035361469000179, 49.72319009600011 ], [ 35.981619752000086, 49.739729197000145 ], [ 35.967668549999985, 49.755464542000084 ], [ 35.967957614000113, 49.763201924999976 ], [ 35.975184882000178, 49.749373235000121 ], [ 35.987046109000062, 49.761869613000101 ], [ 36.055472124000119, 49.756155841000179 ], [ 36.08357954000013, 49.769729469000083 ], [ 36.133147534000159, 49.754729039000097 ], [ 36.160190538000052, 49.777390879000166 ], [ 36.120224039000163, 49.786058697000044 ], [ 36.129299042000071, 49.806559570000161 ], [ 36.169979962000184, 49.826123526000117 ], [ 36.210842909000178, 49.812366630000156 ], [ 36.30433404200005, 49.824817132000192 ], [ 36.33365117600016, 49.792316213 ], [ 36.412447569000165, 49.79379447700012 ], [ 36.432582502000173, 49.86912914200019 ], [ 36.533837667000114, 49.88603248000004 ], [ 36.539502917000107, 49.909450133000064 ], [ 36.60211906800015, 49.921276197000168 ], [ 36.602150888000097, 49.937257890000069 ], [ 36.64709102400019, 49.967246556000134 ], [ 36.624610270000176, 49.990916961000096 ], [ 36.644421235000038, 50.007122530000117 ], [ 36.602788766000117, 50.034049778000167 ], [ 36.567385753000167, 50.035512136000193 ], [ 36.549480237000125, 50.080518025000117 ], [ 36.567620735000048, 50.09792897300008 ], [ 36.670675614000118, 50.103374994000092 ], [ 36.691511119000154, 50.12721661300003 ], [ 36.667418090000012, 50.148003367000058 ], [ 36.702428339000164, 50.158714662000193 ], [ 36.673500955000179, 50.169465407000018 ], [ 36.705188647000114, 50.182177133000039 ], [ 36.68967618400012, 50.190089412000191 ], [ 36.721888168000135, 50.192683362000082 ], [ 36.564734168000086, 50.247603020000042 ], [ 36.574609539000107, 50.274740382000061 ], [ 36.593773500999987, 50.275807444000066 ], [ 36.586158925000063, 50.28544659500011 ], [ 36.440253401000064, 50.310874081000065 ], [ 36.433582213000193, 50.330569868000168 ], [ 36.366300310999975, 50.287779132000139 ], [ 36.297058247000166, 50.291972309000073 ], [ 36.27388449100016, 50.323912003000089 ], [ 36.283752378000145, 50.335606258000155 ], [ 36.19469850500019, 50.40180495300018 ] ] ] } },
{ "type": "Feature", "properties": { "pcode": "UA6314", "name": "Chuhuivskyi", "oblast_pcode": "UA63", "oblast": "Kharkivska", "area_sqkm": 4807.0490814699997, "city_pop": 0.0, "pop": 186431, "included": true }, "geometry": { "type": "Polygon", "coordinates": [ [ [ 37.481648854000014, 50.431551718000037 ], [ 37.490778360000093, 50.457328627000038 ], [ 37.47710221400007, 50.459466673000179 ], [ 37.413481741000055, 50.433326108000074 ], [ 37.33184031900015, 50.436892721000049 ], [ 37.292369413000131, 50.401210993000063 ], [ 37.179445587000089, 50.36248494400013 ], [ 36.918963121, 50.347104419 ], [ 36.688944912000181, 50.26690540900006 ], [ 36.656732054000145, 50.214380827000014 ], [ 36.721888168000135, 50.192683362000082 ], [ 36.68967618400012, 50.190089412000191 ], [ 36.705188647000114, 50.182177133000039 ], [ 36.673500955000179, 50.169465407000018 ], [ 36.702428339000164, 50.158714662000193 ], [ 36.667418090000012, 50.148003367000058 ], [ 36.687445260000118, 50.12153752800009 ], [ 36.669956046000038, 50.103064500000187 ], [ 36.567620735000048, 50.09792897300008 ], [ 36.549480237000125, 50.080518025000117 ], [ 36.567385753000167, 50.035512136000193 ], [ 36.602788766000117, 50.034049778000167 ], [ 36.64567099900006, 50.005640031999974 ], [ 36.624610270000176, 49.990916961000096 ], [ 36.64709102400019, 49.967246556000134 ], [ 36.602150888000097, 49.937257890000069 ], [ 36.60211906800015, 49.921276197000168 ], [ 36.539502917000107, 49.909450133000064 ], [ 36.533837667000114, 49.88603248000004 ], [ 36.432582502000173, 49.86912914200019 ], [ 36.412087264999968, 49.793690836000167 ], [ 36.33365117600016, 49.792316213 ], [ 36.30433404200005, 49.824817132000192 ], [ 36.210842909000178, 49.812366630000156 ], [ 36.169979962000184, 49.826123526000117 ], [ 36.129299042000071, 49.806559570000161 ], [ 36.120224039000163, 49.786058697000044 ], [ 36.160190538000052, 49.777390879000166 ], [ 36.133147534000159, 49.754729039000097 ], [ 36.08357954000013, 49.769729469000083 ], [ 36.055472124000119, 49.756155841000179 ], [ 35.987046109000062, 49.761869613000101 ], [ 35.975184882000178, 49.749373235000121 ], [ 35.967957614000113, 49.763201924999976 ], [ 35.967668549999985, 49.755464542000084 ], [ 35.981619752000086, 49.739729197000145 ], [ 36.035361469000179, 49.72319009600011 ], [ 36.01008226700003, 49.720510377000153 ], [ 35.999951453999984, 49.711448873 ], [ 36.010770261000118, 49.702151190000166 ], [ 36.073840812000128, 49.694326109000087 ], [ 36.073346247000131, 49.672000356000183 ], [ 36.037280503000147, 49.670972337000137 ], [ 36.07485713, 49.593674523000061 ], [ 36.102644672000054, 49.586151016000088 ], [ 36.068367810000098, 49.542008931000055 ], [ 36.081432999000072, 49.517048 ], [ 36.132381210000176, 49.51661465400008 ], [ 36.134387943000036, 49.538492637000047 ], [ 36.173478, 49.536789 ], [ 36.195910959000173, 49.509508190000076 ], [ 36.241943094000078, 49.507057430000145 ], [ 36.260451, 49.545039 ], [ 36.274922000000117, 49.543191 ], [ 36.35586602900014, 49.52138402800017 ], [ 36.383882094000171, 49.504871432000073 ], [ 36.383498299000109, 49.468510326000171 ], [ 36.435884446000159, 49.458771211000055 ], [ 36.525679466000042, 49.483518994000178 ], [ 36.521946077000109, 49.50200711500014 ], [ 36.485733782000182, 49.520061060000103 ], [ 36.475044676000039, 49.50275725400013 ], [ 36.432651926000062, 49.512414894000017 ], [ 36.44401781300013, 49.539294172000041 ], [ 36.501819054000066, 49.523222475000125 ], [ 36.528409487000033, 49.550280835000194 ], [ 36.565324089000114, 49.543402428000149 ], [ 36.605536425000025, 49.564243251000107 ], [ 36.621767552000165, 49.588748856999985 ], [ 36.700012713000149, 49.569563310000035 ], [ 36.702148691000161, 49.587892786000168 ], [ 36.800401701000112, 49.619158845000129 ], [ 36.800567226000055, 49.636665666000113 ], [ 36.855756944000177, 49.636759380000058 ], [ 36.853671916000167, 49.606349868000166 ], [ 36.885640358000046, 49.590533248000099 ], [ 36.919315803000075, 49.599948376000043 ], [ 36.933809001000043, 49.632358000000181 ], [ 36.974193000000184, 49.642679000999976 ], [ 36.967743072000133, 49.660790635000012 ], [ 37.023401124000088, 49.710927917000106 ], [ 36.998377394000102, 49.713574229000187 ], [ 36.964556960000095, 49.772728587000074 ], [ 37.023364161000131, 49.801708793000159 ], [ 37.066547098000058, 49.770213374000036 ], [ 37.076570287000095, 49.798250708000126 ], [ 37.12136443900016, 49.791491396000083 ], [ 37.147211, 49.825616000000196 ], [ 37.188955979000013, 49.838185683000063 ], [ 37.17724327000019, 49.936965816000054 ], [ 37.135252320000063, 49.947346787000072 ], [ 37.17619679000012, 49.978954098000031 ], [ 37.147950451000042, 50.005791941000041 ], [ 37.162413470000104, 50.012465448000057 ], [ 37.168482596000104, 50.066787538000142 ], [ 37.188443056000153, 50.077475500000162 ], [ 37.151310154000157, 50.100631076000127 ], [ 37.2151919370001, 50.133367740000153 ], [ 37.205165111000042, 50.123089844000106 ], [ 37.261277328000176, 50.105713881000099 ], [ 37.280047725000088, 50.11711578600017 ], [ 37.266909473000169, 50.125944781000157 ], [ 37.305319097000108, 50.136810888000127 ], [ 37.289658641000017, 50.151070333000177 ], [ 37.315255704000094, 50.159234159000107 ], [ 37.317525354000111, 50.18287271500003 ], [ 37.376624679000145, 50.183888833000083 ], [ 37.368912970000054, 50.222815331000163 ], [ 37.424924566000129, 50.253947380000056 ], [ 37.419775163000111, 50.289455090000047 ], [ 37.530585950999978, 50.317564151000113 ], [ 37.534719346000145, 50.333729092000112 ], [ 37.46721840500004, 50.378899330000024 ], [ 37.464745152000148, 50.428564585000061 ], [ 37.481648854000014, 50.431551718000037 ] ] ] } },
{ "type": "Feature", "properties": { "pcode": "UA6502", "name": "Beryslavskyi", "oblast_pcode": "UA65", "oblast": "Khersonska", "area_sqkm": 4760.5483472400001, "city_pop": 0.0, "pop": 145054, "included": true }, "geometry": { "type": "Polygon", "coordinates": [ [ [ 33.998385817000099, 47.459369125000137 ], [ 33.952424652000161, 47.459144149 ], [ 33.937737096000092, 47.516444653000178 ], [ 33.643466043000103, 47.484450609000078 ], [ 33.635836823000147, 47.514010645000042 ], [ 33.588197076000085, 47.502126905000182 ], [ 33.588920638000104, 47.558165062000057 ], [ 33.608995267000068, 47.561099602000183 ], [ 33.580330223000146, 47.599993241000163 ], [ 33.473673102000134, 47.587183102999973 ], [ 33.486117537000098, 47.543976206000025 ], [ 33.325186771000062, 47.522822421000114 ], [ 33.348857157000111, 47.493569076000028 ], [ 33.313647159000027, 47.48214580299998 ], [ 33.309869899000148, 47.501624109000147 ], [ 33.279021853000017, 47.517089883000097 ], [ 33.28717036400019, 47.543302800000106 ], [ 33.215470876999973, 47.533130037000149 ], [ 33.233242098000176, 47.577404817000058 ], [ 33.171669628000075, 47.566749443000049 ], [ 33.092618032000019, 47.578689384000029 ], [ 33.094658899000081, 47.527264315000082 ], [ 33.141112769000188, 47.543224425000119 ], [ 33.147091502000023, 47.514343579000069 ], [ 33.122935433, 47.508143209000025 ], [ 33.137727477, 47.41963725100004 ], [ 33.071210604000157, 47.411853613000119 ], [ 33.070202517000155, 47.475193000000161 ], [ 33.046999346000121, 47.46819612600018 ], [ 33.054081304000078, 47.443643477000194 ], [ 33.03348697600012, 47.441337259000136 ], [ 33.034177635000162, 47.397512253000116 ], [ 33.039202803000137, 47.379213713000127 ], [ 33.121701584000164, 47.389422088000174 ], [ 33.138096181000151, 47.332685587000071 ], [ 33.102399859000172, 47.321473965000052 ], [ 33.10519796300008, 47.279541607000112 ], [ 33.183583066000097, 47.238103251000041 ], [ 33.12712109000006, 47.230791248000173 ], [ 33.142556817000127, 47.210423045000027 ], [ 33.130239672000187, 47.202871393000123 ], [ 33.072061965000159, 47.223373446000153 ], [ 33.037688368000147, 47.178109828000117 ], [ 33.005730115000063, 47.196619687000123 ], [ 32.960611885000162, 47.189619725000057 ], [ 32.917585371000143, 47.143138570000076 ], [ 32.914529208000147, 47.08717907800019 ], [ 33.027092683000149, 47.039490668000099 ], [ 33.051971, 47.070604001000049 ], [ 33.073026001000187, 47.063032000000135 ], [ 33.103146464000019, 47.099782005000179 ], [ 33.082087188, 47.107748244000163 ], [ 33.104915820000087, 47.137035767000043 ], [ 33.158076056000141, 47.116859317000035 ], [ 33.022363399000028, 46.972441000000117 ], [ 33.052347000999987, 46.959883999000056 ], [ 33.064405998999973, 46.90733200000011 ], [ 33.005952, 46.901818 ], [ 33.01545, 46.864706000000183 ], [ 32.977495001000193, 46.859654 ], [ 32.985809000000188, 46.831419 ], [ 33.023226, 46.835892000000172 ], [ 33.046369998999978, 46.744166 ], [ 33.145202, 46.784147000000132 ], [ 33.289337, 46.751187 ], [ 33.326691, 46.756165001000113 ], [ 33.307080151000093, 46.787671231000161 ], [ 33.319948000000124, 46.821401 ], [ 33.293647001000068, 46.845017 ], [ 33.310601000000133, 46.849882 ], [ 33.371065, 46.836817000000167 ], [ 33.418855, 46.803558999000188 ], [ 33.489309999000113, 46.837418000000127 ], [ 33.59023200200005, 46.845160000000135 ], [ 33.621681000000137, 46.913603001000013 ], [ 33.670552001000146, 46.961282000000153 ], [ 33.69570599900004, 47.0324220010001 ], [ 33.798840998000117, 47.089423 ], [ 33.831727999000066, 47.163394 ], [ 33.906079000000148, 47.19546 ], [ 33.960703002000173, 47.245746999000119 ], [ 33.999712000000102, 47.33157100000011 ], [ 33.998385817000099, 47.459369125000137 ] ] ] } },
{ "type": "Feature", "properties": { "pcode": "UA6504", "name": "Henicheskyi", "oblast_pcode": "UA65", "oblast": "Khersonska", "area_sqkm": 6504.6589263799997, "city_pop": 0.0, "pop": 148221, "included": true }, "geometry": { "type": "MultiPolygon", "coordinates": [ [ [ [ 34.553181299000187, 47.105792914000062 ], [ 34.401983, 47.101176000000123 ], [ 34.407575999000187, 47.078379 ], [ 34.348375002000068, 47.049095000000193 ], [ 34.181824000000177, 46.888182 ], [ 34.198207, 46.811173 ], [ 34.034292000000107, 46.810421001000066 ], [ 34.037609, 46.725090000000137 ], [ 34.064237001000038, 46.649409001000038 ], [ 33.987059999, 46.639590000000169 ], [ 33.971865999000158, 46.618172001000062 ], [ 33.973875000000191, 46.579003 ], [ 34.000321001000145, 46.573566 ], [ 33.989979, 46.536269999000069 ], [ 34.079517000000124, 46.544367 ], [ 34.108898999000189, 46.526529000000153 ], [ 34.12837099900014, 46.432609001000117 ], [ 33.962135017000037, 46.416118983000104 ], [ 33.974050557000055, 46.208325263000177 ], [ 34.042078400999969, 46.119847130000096 ], [ 34.10700464700011, 46.130642066000121 ], [ 34.201153716000135, 46.073196697000185 ], [ 34.210087278000117, 46.106435319000184 ], [ 34.235445564000031, 46.089540162 ], [ 34.229007937000063, 46.064645988000109 ], [ 34.276531067000178, 46.088672955000106 ], [ 34.273669978000157, 46.138539961000163 ], [ 34.296466615000099, 46.138298116000158 ], [ 34.299055641000109, 46.092661252000141 ], [ 34.318751868000049, 46.107308568000064 ], [ 34.342949606000047, 46.167391665000139 ], [ 34.315328732000125, 46.167308494999986 ], [ 34.301215998000032, 46.190486849000195 ], [ 34.312492911000106, 46.21879646400015 ], [ 34.328866529000038, 46.219475164000187 ], [ 34.350990074000094, 46.187175752000087 ], [ 34.380506553000032, 46.197882198000059 ], [ 34.440280413000039, 46.153976264999983 ], [ 34.503856078000069, 46.134557054000084 ], [ 34.536478585000168, 46.148510024000075 ], [ 34.524722699000051, 46.187097713000128 ], [ 34.548787791999985, 46.195145751000041 ], [ 34.593830527000136, 46.167405469000016 ], [ 34.590191123000125, 46.11447939500016 ], [ 34.570894279000072, 46.085998370000084 ], [ 34.55289185200013, 46.089132321000079 ], [ 34.566370872000164, 46.103735696 ], [ 34.542192193000062, 46.13031874 ], [ 34.504445351000072, 46.116434174000176 ], [ 34.493949729000121, 46.085663360000069 ], [ 34.475133361000019, 46.12581484500015 ], [ 34.43395547900019, 46.121472124000093 ], [ 34.39449168100009, 46.093347831000187 ], [ 34.404528001000017, 46.061807 ], [ 34.430416091000097, 46.043704436000041 ], [ 34.417191084000024, 46.017206533000092 ], [ 34.446440666000171, 45.973378196000056 ], [ 34.454297351000037, 45.967850722000151 ], [ 34.455963724000128, 45.967583705000152 ], [ 34.438731935000192, 46.011992807000183 ], [ 34.479402123000114, 46.002257195000027 ], [ 34.47954010400008, 45.952808564000065 ], [ 34.497830464000117, 45.98554684000004 ], [ 34.52792340100001, 45.997686134000105 ], [ 34.544485401000088, 45.981198144000132 ], [ 34.607871382000042, 46.032541081000034 ], [ 34.643532967000112, 46.096524582000029 ], [ 34.625003678000041, 46.17037129300013 ], [ 34.696205658000054, 46.183361406000131 ], [ 34.744858421000117, 46.118084922000151 ], [ 34.808312452000052, 46.128153950000126 ], [ 34.804376000000104, 46.084788000000117 ], [ 34.789037796000059, 46.072025787000086 ], [ 34.760268783000129, 46.089554711000062 ], [ 34.759943590000091, 46.105827692000105 ], [ 34.669748477000098, 46.094174462000126 ], [ 34.712902346000078, 46.079335719000085 ], [ 34.707760668000105, 46.049568100000101 ], [ 34.761454945000025, 46.007378491000111 ], [ 34.725997352000149, 45.99389604300012 ], [ 34.680436523000139, 46.011531448000085 ], [ 34.735012722000192, 45.971703328000046 ], [ 34.762511285000187, 45.917949737000185 ], [ 34.802831, 45.901209000000165 ], [ 34.798036, 45.833265 ], [ 34.851102616000048, 45.822447991000104 ], [ 34.888496011000029, 45.860890475000076 ], [ 34.930293167000116, 45.832452140000157 ], [ 34.86352333100001, 45.965701159000162 ], [ 34.809645001000092, 46.161041960000091 ], [ 34.832470057000194, 46.203740110000183 ], [ 34.895192981000093, 46.240266994000137 ], [ 35.034523042000046, 46.261259298000084 ], [ 35.103124046000119, 46.301742518000026 ], [ 35.073528854000074, 46.299843247000183 ], [ 35.052862498000081, 46.481146662000015 ], [ 35.015859858000169, 46.480429217999983 ], [ 34.947230612000055, 46.512502386000051 ], [ 34.890248290000159, 46.506752729000141 ], [ 34.891076293000026, 46.563684636000062 ], [ 34.757348106000109, 46.550144114000034 ], [ 34.748038106000024, 46.5841333730001 ], [ 34.723043035000046, 46.58137081100017 ], [ 34.712775597000132, 46.620334096000136 ], [ 34.756106545000137, 46.627103195000075 ], [ 34.745989988000019, 46.683132692000129 ], [ 34.63234073700005, 46.686856181999985 ], [ 34.625151832000086, 46.724034237000126 ], [ 34.73497784500006, 46.747457234000194 ], [ 34.750032281000074, 46.780894945999989 ], [ 34.767447938000032, 46.781055662000142 ], [ 34.758013725000012, 46.822795557000063 ], [ 34.81706376700015, 46.828404564000095 ], [ 34.80457245700012, 46.882547305000173 ], [ 34.752492191000044, 46.879681470000094 ], [ 34.736357577000035, 46.961347959000193 ], [ 34.686377367000148, 46.955680703000098 ], [ 34.681898420000039, 46.979130609000038 ], [ 34.623767766000128, 46.973378755000169 ], [ 34.619187431000114, 46.993528382000136 ], [ 34.5996534840001, 46.991912118000187 ], [ 34.592613513000174, 47.025390173000062 ], [ 34.567141172000163, 47.024495775000105 ], [ 34.553181299000187, 47.105792914000062 ] ] ], [ [ [ 35.270085075000054, 46.263029209000081 ], [ 35.268604326, 46.264354060000187 ], [ 35.267189883000128, 46.263774896000029 ], [ 35.270085075000054, 46.263029209000081 ] ] ], [ [ [ 35.277658658000064, 46.264447438000104 ], [ 35.222462833000066, 46.22116020600015 ], [ 35.213182432000053, 46.187543259 ], [ 35.038132641000175, 46.147677134000105 ], [ 35.030487324000035, 46.127047910000101 ], [ 34.989800842000193, 46.104259736000017 ], [ 34.982641434000072, 46.077403377000053 ], [ 35.168785088000106, 46.138389832000087 ], [ 35.197950104000029, 46.164527452000186 ], [ 35.277658658000064, 46.264447438000104 ] ] ] ] } },
{ "type": "Feature", "properties": { "pcode": "UA6506", "name": "Kakhovskyi", "oblast_pcode": "UA65", "oblast": "Khersonska", "area_sqkm": 6289.9580160300002, "city_pop": 0.0, "pop": 193194, "included": true }, "geometry": { "type": "Polygon", "coordinates": [ [ [ 34.207403194000108, 47.456736948000071 ], [ 34.139477913000064, 47.477380894000191 ], [ 33.998385817000099, 47.459369125000137 ], [ 33.999712000000102, 47.33157100000011 ], [ 33.960703002000173, 47.245746999000119 ], [ 33.906079000000148, 47.19546 ], [ 33.831727999000066, 47.163394 ], [ 33.798840998000117, 47.089423 ], [ 33.69570599900004, 47.0324220010001 ], [ 33.670552001000146, 46.961282000000153 ], [ 33.621681000000137, 46.913603001000013 ], [ 33.59023200200005, 46.845160000000135 ], [ 33.489309999000113, 46.837418000000127 ], [ 33.418855, 46.803558999000188 ], [ 33.371065, 46.836817000000167 ], [ 33.310601000000133, 46.849882 ], [ 33.293647001000068, 46.845017 ], [ 33.319948000000124, 46.821401 ], [ 33.307080151000093, 46.787671231000161 ], [ 33.326691, 46.756165001000113 ], [ 33.289337, 46.751187 ], [ 33.14740200000017, 46.784152999000185 ], [ 33.09928200100012, 46.76837600000016 ], [ 33.157213692000028, 46.713491376000036 ], [ 33.178406639000173, 46.715969949000055 ], [ 33.180774074000055, 46.696927398000184 ], [ 33.129065070000138, 46.687189794000062 ], [ 33.128068974000143, 46.663456937000092 ], [ 33.105859999000131, 46.65618399900012 ], [ 33.142787563000184, 46.633393577000049 ], [ 33.163927432000037, 46.633322185 ], [ 33.166757840000116, 46.667012122000187 ], [ 33.220152732000031, 46.671355164000147 ], [ 33.224198367000042, 46.655946552000103 ], [ 33.277213088000053, 46.662309001000153 ], [ 33.293937914000082, 46.598524341000143 ], [ 33.415326001000153, 46.612845001000039 ], [ 33.435325, 46.512147999000149 ], [ 33.253685001000122, 46.486901999000111 ], [ 33.267225000000167, 46.42408 ], [ 33.213798001000157, 46.418646 ], [ 33.221263076000071, 46.389487558000098 ], [ 33.355790999000021, 46.395288 ], [ 33.366497, 46.349012001 ], [ 33.451923705000127, 46.357833300999971 ], [ 33.468294853000032, 46.29182959700006 ], [ 33.538870449000058, 46.300086554000131 ], [ 33.5351776440001, 46.319101279 ], [ 33.597738769000046, 46.326477914000122 ], [ 33.63278, 46.228263 ], [ 33.717443595000077, 46.195787865000057 ], [ 33.742752145000111, 46.208675891000098 ], [ 33.727518647000181, 46.210806581000156 ], [ 33.722553485000049, 46.24034796400008 ], [ 33.765291471000012, 46.241894655000067 ], [ 33.774763777000032, 46.255071157000145 ], [ 33.837333663000095, 46.222994255000117 ], [ 33.88465867300016, 46.23305819300009 ], [ 33.974050557000055, 46.208325263000177 ], [ 33.962135017000037, 46.416118983000104 ], [ 34.12837099900014, 46.432609001000117 ], [ 34.108898999000189, 46.526529000000153 ], [ 34.079517000000124, 46.544367 ], [ 33.989979, 46.536269999000069 ], [ 34.000321001000145, 46.573566 ], [ 33.973875000000191, 46.579003 ], [ 33.971865999000158, 46.618172001000062 ], [ 33.987059999, 46.639590000000169 ], [ 34.064237001000038, 46.649409001000038 ], [ 34.037609, 46.725090000000137 ], [ 34.034292000000107, 46.810421001000066 ], [ 34.198207, 46.811173 ], [ 34.181824000000177, 46.888182 ], [ 34.348375002000068, 47.049095000000193 ], [ 34.407575999000187, 47.078379 ], [ 34.401983, 47.101176000000123 ], [ 34.519229722000034, 47.104723772000057 ], [ 34.489902978000032, 47.246832224000116 ], [ 34.530276230000084, 47.251088983000159 ], [ 34.518583079000109, 47.283683132000192 ], [ 34.487936650000051, 47.279892566000115 ], [ 34.478781021000032, 47.314547897000182 ], [ 34.517177693000178, 47.318336810000062 ], [ 34.515650348000179, 47.335590363000051 ], [ 34.413948895000033, 47.323370186000147 ], [ 34.419276658000058, 47.30063898200018 ], [ 34.39897401200011, 47.298331224000037 ], [ 34.401539715000069, 47.287097616000096 ], [ 34.330011792000164, 47.290407390000041 ], [ 34.293479628000171, 47.273769147000166 ], [ 34.246560031000115, 47.425746617000186 ], [ 34.207403194000108, 47.456736948000071 ] ] ] } },
{ "type": "Feature", "properties": { "pcode": "UA6508", "name": "Skadovskyi", "oblast_pcode": "UA65", "oblast": "Khersonska", "area_sqkm": 5247.6848387399996, "city_pop": 0.0, "pop": 122251, "included": true }, "geometry": { "type": "MultiPolygon", "coordinates": [ [ [ [ 32.711749, 46.518018 ], [ 32.616555, 46.587507 ], [ 32.568401342000186, 46.554450725000152 ], [ 32.515185, 46.5533830010001 ], [ 32.47869, 46.571645999 ], [ 32.294829001000039, 46.495386001000043 ], [ 32.223274, 46.528128999000103 ], [ 32.059919, 46.539021999000056 ], [ 31.922541304000163, 46.572273231000054 ], [ 31.806945502000133, 46.478931370000055 ], [ 31.810122000999968, 46.366731000000186 ], [ 31.789081283000087, 46.347272712000063 ], [ 31.797252443000104, 46.330950861000076 ], [ 31.694688999000107, 46.262187487000062 ], [ 31.631287043000157, 46.244851604000189 ], [ 31.565227063000179, 46.267088262000129 ], [ 31.535243676000107, 46.305485984000143 ], [ 31.532427253000037, 46.369982735000178 ], [ 31.514204996000046, 46.357957312000053 ], [ 31.513620721999985, 46.324627398000132 ], [ 31.551841027000023, 46.273836084000095 ], [ 31.597031551000043, 46.248975767000104 ], [ 31.646771269000055, 46.232729447000054 ], [ 32.046768005000104, 46.171397147000107 ], [ 32.542909992999967, 46.066121267000085 ], [ 32.546926107000104, 46.082212549000076 ], [ 32.60061400100011, 46.098182 ], [ 32.767124076000073, 46.122391777000075 ], [ 32.908209317000114, 46.105011854999987 ], [ 33.028004681000141, 46.111493887000051 ], [ 33.014709655, 46.122547869000186 ], [ 33.03158931300004, 46.156231309000077 ], [ 33.135050693000039, 46.124850870000046 ], [ 33.184329338000055, 46.155950348000033 ], [ 33.186893661, 46.194920865000086 ], [ 33.199957512000083, 46.188327000000129 ], [ 33.224433232000024, 46.216317081999989 ], [ 33.20536732000005, 46.174031311000078 ], [ 33.227763714000048, 46.154229402000055 ], [ 33.209423309000044, 46.14401566600003 ], [ 33.200244107000117, 46.109578495000051 ], [ 33.21331607500008, 46.106348838000031 ], [ 33.207468855000116, 46.124326124000163 ], [ 33.220174065000094, 46.132676514000082 ], [ 33.283146988, 46.133448339000097 ], [ 33.311386, 46.111776999000028 ], [ 33.304967, 46.093565999000134 ], [ 33.280441484000164, 46.097092349000036 ], [ 33.284137220000048, 46.077538905000097 ], [ 33.315140095000118, 46.076333300999977 ], [ 33.312385633000133, 46.10334855200017 ], [ 33.330474737000031, 46.115343601000063 ], [ 33.373820469, 46.090479486000106 ], [ 33.365551039000081, 46.076248019000047 ], [ 33.417419484000106, 46.032835993000106 ], [ 33.423222853000027, 46.030053705000114 ], [ 33.462741936000043, 46.050622388000136 ], [ 33.492632136000111, 46.030201933000114 ], [ 33.517134001000102, 46.030121 ], [ 33.492318769000178, 46.053282496000122 ], [ 33.495449968000173, 46.073897683999974 ], [ 33.568587052000055, 46.075629875000061 ], [ 33.516610039000113, 46.098809749000054 ], [ 33.511933463000048, 46.122919967000087 ], [ 33.538785000000189, 46.118503001000192 ], [ 33.58661461100013, 46.159384083000191 ], [ 33.615070368000147, 46.134385942000108 ], [ 33.636708999, 46.140223001000152 ], [ 33.615277000000162, 46.226394999000149 ], [ 33.63278, 46.228263 ], [ 33.597738769000046, 46.326477914000122 ], [ 33.5351776440001, 46.319101279 ], [ 33.538870449000058, 46.300086554000131 ], [ 33.468294853000032, 46.29182959700006 ], [ 33.451923705000127, 46.357833300999971 ], [ 33.366497, 46.349012001 ], [ 33.355790999000021, 46.395288 ], [ 33.013319000000138, 46.357686000000172 ], [ 33.027671000000112, 46.278890000000104 ], [ 32.902954, 46.265307000000178 ], [ 32.899109999000018, 46.286347001000081 ], [ 32.85882000100014, 46.28262100000012 ], [ 32.832550001000072, 46.434166 ], [ 32.790889000000163, 46.456942 ], [ 32.781775999000104, 46.519008999000107 ], [ 32.711749, 46.518018 ] ] ], [ [ [ 32.765240756000026, 46.031267308000054 ], [ 32.547487340000089, 46.066389038000125 ], [ 32.755983007999987, 46.031709253000145 ], [ 32.877067218000093, 46.015303061000168 ], [ 33.026373854000099, 46.006871365999984 ], [ 33.077792875000057, 46.012410748000036 ], [ 33.081639168000095, 46.015646688000061 ], [ 32.942007313000033, 46.046864333000144 ], [ 32.911528806000035, 46.036750856000083 ], [ 32.862849120000135, 46.061066549000145 ], [ 32.765240756000026, 46.031267308000054 ] ] ] ] } },
{ "type": "Feature", "properties": { "pcode": "UA6510", "name": "Khersonskyi", "oblast_pcode": "UA65", "oblast": "Khersonska", "area_sqkm": 3854.0836000600002, "city_pop": 275529.0, "pop": 391446, "included": true }, "geometry": { "type": "Polygon", "coordinates": [ [ [ 33.052347000999987, 46.959883999000056 ], [ 32.950160601000164, 47.003507201000048 ], [ 32.93355684300019, 46.985318944000028 ], [ 32.948916512000153, 46.945320676000051 ], [ 32.975966294000045, 46.948813857000175 ], [ 32.979864504000034, 46.933677850000038 ], [ 32.922063614000024, 46.926648006000164 ], [ 32.926612310000166, 46.90974184300012 ], [ 32.842404778000059, 46.899435993000054 ], [ 32.8362869340001, 46.884110206000059 ], [ 32.916126331000044, 46.883020210000097 ], [ 32.920226792000108, 46.865945676000081 ], [ 32.949100501000032, 46.857387273000143 ], [ 32.813610903000153, 46.840151112000115 ], [ 32.769364148000136, 46.81930882100005 ], [ 32.698967601999982, 46.821459564000065 ], [ 32.687802683000029, 46.862044323000134 ], [ 32.585051079000152, 46.854947355000036 ], [ 32.544850647000146, 46.882555588000059 ], [ 32.53467925700005, 46.881506663000039 ], [ 32.541450326000074, 46.850123751000069 ], [ 32.524849341000106, 46.848148256000115 ], [ 32.531209003000129, 46.823191821000137 ], [ 32.469089063000183, 46.816077519000032 ], [ 32.462906451000038, 46.840945063 ], [ 32.365498209000179, 46.829425684000171 ], [ 32.372949797000103, 46.799075193000135 ], [ 32.342041810000126, 46.795504244000142 ], [ 32.229055973000129, 46.844487492000098 ], [ 32.252361556000153, 46.819614809000143 ], [ 32.20971504400012, 46.805889242000035 ], [ 32.218519991000051, 46.77120642400007 ], [ 32.168679467000061, 46.763301327000136 ], [ 32.171444104999978, 46.752478103000044 ], [ 32.05706933100015, 46.744341913000085 ], [ 32.060895210000069, 46.728239625000072 ], [ 32.075428758000157, 46.730029481000031 ], [ 32.086763999000027, 46.683563488000061 ], [ 31.940301138000052, 46.651157663000106 ], [ 31.922541304000163, 46.572273231000054 ], [ 32.059919, 46.539021999000056 ], [ 32.223274, 46.528128999000103 ], [ 32.294829001000039, 46.495386001000043 ], [ 32.472525001000122, 46.570289000000116 ], [ 32.568401342000186, 46.554450725000152 ], [ 32.616555, 46.587507 ], [ 32.653052, 46.544774000000189 ], [ 32.698074000000133, 46.535383000000138 ], [ 32.711749, 46.518018 ], [ 32.781775999000104, 46.519008999000107 ], [ 32.790889000000163, 46.456942 ], [ 32.832550001000072, 46.434166 ], [ 32.85882000100014, 46.28262100000012 ], [ 32.899109999000018, 46.286347001000081 ], [ 32.902954, 46.265307000000178 ], [ 33.027671000000112, 46.278890000000104 ], [ 33.013319000000138, 46.357686000000172 ], [ 33.233487324000066, 46.382648775000121 ], [ 33.213798001000157, 46.418646 ], [ 33.267225000000167, 46.42408 ], [ 33.253685001000122, 46.486901999000111 ], [ 33.435325, 46.512147999000149 ], [ 33.415326001000153, 46.612845001000039 ], [ 33.293937914000082, 46.598524341000143 ], [ 33.277213088000053, 46.662309001000153 ], [ 33.166757840000116, 46.667012122000187 ], [ 33.160544671000025, 46.633056090000139 ], [ 33.105859999000131, 46.65618399900012 ], [ 33.128068974000143, 46.663456937000092 ], [ 33.129065070000138, 46.687189794000062 ], [ 33.180774074000055, 46.696927398000184 ], [ 33.178406639000173, 46.715969949000055 ], [ 33.157213692000028, 46.713491376000036 ], [ 33.09928200100012, 46.76837600000016 ], [ 33.046369998999978, 46.744166 ], [ 33.023226, 46.835892000000172 ], [ 32.985809000000188, 46.831419 ], [ 32.977495001000193, 46.859654 ], [ 33.01545, 46.864706000000183 ], [ 33.005952, 46.901818 ], [ 33.064405998999973, 46.90733200000011 ], [ 33.052347000999987, 46.959883999000056 ] ] ] } },
{ "type": "Feature", "properties": { "pcode": "UA6802", "name": "Kamianets-Podilskyi", "oblast_pcode": "UA68", "oblast": "Khmelnytska", "area_sqkm": 4522.5796913200002, "city_pop": 0.0, "pop": 212550, "included": true }, "geometry": { "type": "Polygon", "coordinates": [ [ [ 26.217666228000155, 49.172641510000062 ], [ 26.189898107999966, 49.158183800000188 ], [ 26.205527554000128, 49.132697549000056 ], [ 26.191991897000094, 49.077383576000045 ], [ 26.215517171000045, 49.072054998000056 ], [ 26.183806620000098, 49.055121250000127 ], [ 26.207696631000147, 49.036025895000193 ], [ 26.197721343000069, 49.024819240999989 ], [ 26.214894189000063, 49.001626807000036 ], [ 26.176033136000115, 48.995514564000132 ], [ 26.211904367000102, 48.982874082000194 ], [ 26.177269878000118, 48.973523868000143 ], [ 26.208192869000129, 48.955100462000075 ], [ 26.185522217000027, 48.91058100500004 ], [ 26.225108035000119, 48.907131414 ], [ 26.20438451299998, 48.89681790800006 ], [ 26.214076919000092, 48.879841956000178 ], [ 26.199824965, 48.858893750000107 ], [ 26.23318681, 48.819161434000137 ], [ 26.258459978000189, 48.815550245000054 ], [ 26.225517669999988, 48.813227532000155 ], [ 26.233401085000082, 48.789969680000127 ], [ 26.207289890000141, 48.79727053300013 ], [ 26.245762932000162, 48.755691396000032 ], [ 26.223366252000176, 48.752221502 ], [ 26.243970183999977, 48.736526621 ], [ 26.228895823000187, 48.708856973000195 ], [ 26.237520895000102, 48.69662899900004 ], [ 26.2195143080001, 48.688850307 ], [ 26.245286611000097, 48.684001398000191 ], [ 26.24785923900015, 48.667857386000094 ], [ 26.278527993000182, 48.672817610000152 ], [ 26.273065614000018, 48.647173665000139 ], [ 26.307507074000114, 48.657501732000128 ], [ 26.287786476000178, 48.640190858000096 ], [ 26.323567631000174, 48.629350838000107 ], [ 26.293043186000091, 48.622824816000161 ], [ 26.359691325000142, 48.588034182000115 ], [ 26.336383733000105, 48.569356340000184 ], [ 26.363820843000042, 48.55929266600009 ], [ 26.36019705200016, 48.541895022000119 ], [ 26.379403001000071, 48.564666197000122 ], [ 26.412762759000145, 48.541055825000058 ], [ 26.486399775000166, 48.545097092000049 ], [ 26.568113330000074, 48.454189930000155 ], [ 26.622134643999971, 48.45838444900005 ], [ 26.607072045999985, 48.498871254000164 ], [ 26.616244857000027, 48.508054474000062 ], [ 26.66873655500018, 48.485688926000137 ], [ 26.710432063000042, 48.490950890000136 ], [ 26.675218244000121, 48.538626147000116 ], [ 26.61779504000009, 48.546174621000091 ], [ 26.647348507000117, 48.561997638000037 ], [ 26.730208673000163, 48.534092935000047 ], [ 26.742981033000035, 48.55726947900007 ], [ 26.723443681000163, 48.587080909000065 ], [ 26.747526237000045, 48.58036210500012 ], [ 26.771212239000135, 48.546705298000063 ], [ 26.794473526000047, 48.564852458000189 ], [ 26.779992000000163, 48.597126941000113 ], [ 26.809270790000085, 48.610451872000112 ], [ 26.823769051, 48.605852635000133 ], [ 26.820197687000132, 48.581735613000092 ], [ 26.836120738000147, 48.562728962000165 ], [ 26.875972664000074, 48.542707529000154 ], [ 26.926200596000172, 48.57414706600008 ], [ 26.989962680000076, 48.588238107000052 ], [ 27.000675067000088, 48.570521499 ], [ 27.099405042000058, 48.555812545000151 ], [ 27.167835387000139, 48.585218423000128 ], [ 27.247996546000024, 48.565255820000175 ], [ 27.266379005000033, 48.580866502000049 ], [ 27.233956867000018, 48.607537773000161 ], [ 27.24549242900008, 48.620521031000067 ], [ 27.275418167000055, 48.626533199000107 ], [ 27.312854565000123, 48.599641521000137 ], [ 27.344263011000066, 48.604895785000053 ], [ 27.414728476000164, 48.699918958000069 ], [ 27.399895504000142, 48.72674099000011 ], [ 27.414363026000103, 48.739992717000121 ], [ 27.389464327000098, 48.76441115700004 ], [ 27.408962729000109, 48.767634343000111 ], [ 27.427615338000066, 48.797186842000087 ], [ 27.411057103000019, 48.811276122000152 ], [ 27.415110342000105, 48.881704473000184 ], [ 27.393534450000175, 48.900475618000144 ], [ 27.396121504000178, 48.928959046000045 ], [ 27.318391247000136, 48.935302339000032 ], [ 27.288139897000178, 48.922061997000185 ], [ 27.291099316000157, 48.908611585000187 ], [ 27.203434983000079, 48.921661815000107 ], [ 27.184773749000044, 48.948585998 ], [ 27.113663833000032, 48.950270605000071 ], [ 27.098434080000175, 48.990943688000129 ], [ 27.043244267000148, 48.984423720000166 ], [ 27.003453391000107, 49.016290919000141 ], [ 26.988211862000185, 49.010274659000061 ], [ 26.941259393000109, 49.035649051000064 ], [ 26.931276246000039, 49.018027379000102 ], [ 26.892487729000095, 49.030018473000155 ], [ 26.900968012000135, 49.046918710000057 ], [ 26.847537236000107, 49.075634352000122 ], [ 26.802393495000103, 49.059602479000091 ], [ 26.757190513000126, 49.075604800000121 ], [ 26.678554451000025, 49.074871063000103 ], [ 26.655015481000191, 49.049074117000089 ], [ 26.678037812000184, 49.02834481400015 ], [ 26.633438292, 48.993872433000092 ], [ 26.607213446000173, 49.014780298000119 ], [ 26.587595283999974, 49.010803221000117 ], [ 26.630616287, 48.983723377000047 ], [ 26.619201290000092, 48.978779186000111 ], [ 26.544377924000173, 48.996461113 ], [ 26.560817509000117, 49.023897797000132 ], [ 26.542827925999973, 49.042732706000095 ], [ 26.443236582000111, 49.067397793999987 ], [ 26.420259183000098, 49.111216779000131 ], [ 26.442737425000132, 49.127093027000171 ], [ 26.434192497000083, 49.13972503500014 ], [ 26.378586692000113, 49.142161799000121 ], [ 26.326229543000125, 49.175857532 ], [ 26.318561003000127, 49.165620723000075 ], [ 26.297262689999968, 49.17511612900006 ], [ 26.28699214400018, 49.144287022000185 ], [ 26.260165024000059, 49.148817022000173 ], [ 26.273851370000045, 49.139104479000082 ], [ 26.260227329000145, 49.115128144000039 ], [ 26.217666228000155, 49.172641510000062 ] ] ] } },
{ "type": "Feature", "properties": { "pcode": "UA6804", "name": "Khmelnytskyi", "oblast_pcode": "UA68", "oblast": "Khmelnytska", "area_sqkm": 10758.375977760001, "city_pop": 271618.0, "pop": 752524, "included": true }, "geometry": { "type": "Polygon", "coordinates": [ [ [ 26.661527342999989, 49.941734058000065 ], [ 26.613591260000078, 49.956331018000071 ], [ 26.601789630000098, 49.938392297000064 ], [ 26.500444352000045, 49.938993567000068 ], [ 26.484705443000109, 49.914375526000015 ], [ 26.521025462000125, 49.903402615000118 ], [ 26.510022440000114, 49.884757317000151 ], [ 26.461932767000121, 49.897313641999972 ], [ 26.430785401000094, 49.888662726000064 ], [ 26.373993148000181, 49.933589806000157 ], [ 26.310771218000184, 49.900324037000132 ], [ 26.318694812000103, 49.882372458000077 ], [ 26.230321332000074, 49.876949651000018 ], [ 26.178303532000029, 49.847736684000097 ], [ 26.240787808000107, 49.775645180000083 ], [ 26.243456564000098, 49.745313593000162 ], [ 26.190838302000145, 49.714152052000145 ], [ 26.24126637300003, 49.693608607000044 ], [ 26.272409292000077, 49.656879874000026 ], [ 26.262600236000083, 49.637544758 ], [ 26.231078590000038, 49.636474643000042 ], [ 26.199401247000139, 49.608984691000103 ], [ 26.219014267000034, 49.551195804000145 ], [ 26.175592630000097, 49.549263574000122 ], [ 26.142274224000062, 49.509459631000027 ], [ 26.188119871000026, 49.481018273000075 ], [ 26.193142140000134, 49.429845208000074 ], [ 26.235614505000058, 49.399879405000036 ], [ 26.21943439000006, 49.378343366000081 ], [ 26.24466424000002, 49.369418857000028 ], [ 26.231952806999971, 49.357807453000078 ], [ 26.243665508, 49.347378958000093 ], [ 26.229034713000146, 49.350347878000093 ], [ 26.225378622000051, 49.329052606000062 ], [ 26.250710286000071, 49.310112674999971 ], [ 26.257577165000043, 49.277163593000125 ], [ 26.241274618999967, 49.275348302000111 ], [ 26.258366278000096, 49.263599189000104 ], [ 26.243243141000164, 49.242792298000097 ], [ 26.202857809000136, 49.244637848000195 ], [ 26.183097279000094, 49.195054860000027 ], [ 26.189858887000184, 49.171496516000161 ], [ 26.217094484000086, 49.173130014000151 ], [ 26.252825581000025, 49.140288457 ], [ 26.25975426399998, 49.115257507000194 ], [ 26.273851370000045, 49.139104479000082 ], [ 26.260165024000059, 49.148817022000173 ], [ 26.28699214400018, 49.144287022000185 ], [ 26.297262689999968, 49.17511612900006 ], [ 26.318561003000127, 49.165620723000075 ], [ 26.326229543000125, 49.175857532 ], [ 26.378586692000113, 49.142161799000121 ], [ 26.412905999000088, 49.148920562000058 ], [ 26.443798970000103, 49.133746303000123 ], [ 26.420259183000098, 49.111216779000131 ], [ 26.443236582000111, 49.067397793999987 ], [ 26.542827925999973, 49.042732706000095 ], [ 26.560817509000117, 49.023897797000132 ], [ 26.544377924000173, 48.996461113 ], [ 26.619201290000092, 48.978779186000111 ], [ 26.630616287, 48.983723377000047 ], [ 26.587595283999974, 49.010803221000117 ], [ 26.607213446000173, 49.014780298000119 ], [ 26.633438292, 48.993872433000092 ], [ 26.678037812000184, 49.02834481400015 ], [ 26.655015481000191, 49.049074117000089 ], [ 26.678554451000025, 49.074871063000103 ], [ 26.757190513000126, 49.075604800000121 ], [ 26.802393495000103, 49.059602479000091 ], [ 26.847537236000107, 49.075634352000122 ], [ 26.900968012000135, 49.046918710000057 ], [ 26.892487729000095, 49.030018473000155 ], [ 26.914272352000182, 49.021162742000058 ], [ 26.931413254000176, 49.018088589000172 ], [ 26.940577102000077, 49.035804481000127 ], [ 26.988211862000185, 49.010274659000061 ], [ 27.003453391000107, 49.016290919000141 ], [ 27.043244267000148, 48.984423720000166 ], [ 27.098434080000175, 48.990943688000129 ], [ 27.104924132000178, 48.95844946200009 ], [ 27.126012065000168, 48.944888053 ], [ 27.11822118800012, 48.951513988000158 ], [ 27.182376033000082, 48.949283908000041 ], [ 27.203434983000079, 48.921661815000107 ], [ 27.291099316000157, 48.908611585000187 ], [ 27.288139897000178, 48.922061997000185 ], [ 27.318391247000136, 48.935302339000032 ], [ 27.394194419000144, 48.927793445000134 ], [ 27.417825250000021, 48.971575170000051 ], [ 27.383284274000061, 49.007739172000129 ], [ 27.43659376800008, 49.069244285000138 ], [ 27.503930918000037, 49.066767244000062 ], [ 27.479237549000118, 49.088773832000129 ], [ 27.505420927000102, 49.110334797000178 ], [ 27.492589206000048, 49.121284468000113 ], [ 27.506007747000183, 49.130789886000059 ], [ 27.53494667700005, 49.12159315800011 ], [ 27.533740747000138, 49.141383856000118 ], [ 27.577542415000153, 49.121714816000065 ], [ 27.597572191000097, 49.135085998000079 ], [ 27.601155658000039, 49.161093982000068 ], [ 27.639813977000188, 49.166994707000072 ], [ 27.68696900100008, 49.141656000000125 ], [ 27.741263622000076, 49.137709846000064 ], [ 27.780824756000129, 49.174708198000133 ], [ 27.776014605000114, 49.189901886000143 ], [ 27.854824146999988, 49.170585068000037 ], [ 27.898655756000153, 49.18599805000008 ], [ 27.894256794000114, 49.208878385000048 ], [ 27.86636392000014, 49.213055779 ], [ 27.857116648000044, 49.238227705000156 ], [ 27.872333797000124, 49.249506526000175 ], [ 27.849180950000175, 49.263819345 ], [ 27.862162136999984, 49.279369732000134 ], [ 27.858088595000083, 49.328804707000074 ], [ 27.811882967000088, 49.365804765000121 ], [ 27.829035836000116, 49.367762527000082 ], [ 27.811933959000044, 49.388254388000178 ], [ 27.833536063000054, 49.391318801000125 ], [ 27.851495795000119, 49.426950702 ], [ 27.75040115000013, 49.43974230900011 ], [ 27.76375619900017, 49.478349272000173 ], [ 27.791163312000037, 49.487913021000168 ], [ 27.734692118000112, 49.496262798000146 ], [ 27.742710560000091, 49.531466507000118 ], [ 27.77524465900018, 49.520310830000028 ], [ 27.79403591800002, 49.530669202000126 ], [ 27.790389859000072, 49.556993071000136 ], [ 27.758309162000046, 49.576314798000169 ], [ 27.799855648000175, 49.621023733000072 ], [ 27.811793273000148, 49.615396572000122 ], [ 27.811478126000111, 49.644597428 ], [ 27.766002079000145, 49.666437415000075 ], [ 27.762510224000152, 49.697193947000073 ], [ 27.811573349000071, 49.70197932700006 ], [ 27.837020968, 49.729809927000076 ], [ 27.781120005000105, 49.728344168000035 ], [ 27.749340225000026, 49.756525639000074 ], [ 27.70363147400019, 49.769005205000042 ], [ 27.727027362000115, 49.799555871000052 ], [ 27.716471318000117, 49.806180340000026 ], [ 27.658056577000082, 49.796836856000027 ], [ 27.621736812000108, 49.838181457000076 ], [ 27.609986030000016, 49.875658019000127 ], [ 27.625357754000049, 49.892407442000149 ], [ 27.522538011999984, 49.909941839999988 ], [ 27.519663409000088, 49.884978428000068 ], [ 27.479447150000169, 49.876339036000047 ], [ 27.446803891000116, 49.909540558 ], [ 27.383040958000038, 49.867189930000109 ], [ 27.338715460000174, 49.916766087000042 ], [ 27.255363436000096, 49.882416540000179 ], [ 27.19524275700013, 49.900895623000167 ], [ 27.211873550000121, 49.933051319000128 ], [ 27.152876971000069, 49.938854745000128 ], [ 27.159207176000052, 49.920931164000137 ], [ 27.106510119000063, 49.919184658000063 ], [ 27.134021844000074, 49.946437270000047 ], [ 27.095456335999984, 49.949388013000032 ], [ 27.040075770000101, 49.924089085000048 ], [ 26.97506176800016, 49.926654641000027 ], [ 26.967941493000126, 49.917462484000168 ], [ 26.982698289000041, 49.908858432000045 ], [ 26.934373340000093, 49.906595377000144 ], [ 26.914100135000012, 49.870865256000116 ], [ 26.795596299000124, 49.907031864000089 ], [ 26.805712215000085, 49.916595647000122 ], [ 26.636529655000061, 49.892108428000085 ], [ 26.661527342999989, 49.941734058000065 ] ] ] } },
{ "type": "Feature", "properties": { "pcode": "UA6806", "name": "Shepetivskyi", "oblast_pcode": "UA68", "oblast": "Khmelnytska", "area_sqkm": 5346.3959207799999, "city_pop": 0.0, "pop": 260592, "included": true }, "geometry": { "type": "Polygon", "coordinates": [ [ [ 27.118423343000018, 50.593220098000188 ], [ 27.079462597000145, 50.583675987 ], [ 27.071440547000066, 50.551108419000116 ], [ 27.017519485000093, 50.559002554000188 ], [ 26.982791461000147, 50.522743465000076 ], [ 26.899663914000087, 50.546353328 ], [ 26.856317939000178, 50.509003294000195 ], [ 26.827239277999979, 50.523066855000195 ], [ 26.817377416000113, 50.502526488000058 ], [ 26.778338110999982, 50.502128072000119 ], [ 26.760023173000036, 50.476700412000127 ], [ 26.786549859000161, 50.467714096000179 ], [ 26.743023818000097, 50.461527379000131 ], [ 26.74516920700006, 50.479600522999988 ], [ 26.734398756000189, 50.477254585000082 ], [ 26.736950235, 50.444625070000086 ], [ 26.717502326000158, 50.445641905000116 ], [ 26.712585383000032, 50.416961954000044 ], [ 26.692017727000177, 50.42011208800011 ], [ 26.682467449000114, 50.389312571 ], [ 26.659506194000016, 50.392214863000163 ], [ 26.647964205000108, 50.364575302000048 ], [ 26.601748911000186, 50.368183005000049 ], [ 26.586610787000154, 50.339649458000054 ], [ 26.552728990000105, 50.33025471600007 ], [ 26.560642921000067, 50.316993288000049 ], [ 26.522532716000114, 50.30659298400019 ], [ 26.49619973800003, 50.275676668000074 ], [ 26.503351230000021, 50.262752313000192 ], [ 26.396042863000162, 50.26513439900009 ], [ 26.323983425000108, 50.231146621000107 ], [ 26.287601651000045, 50.184416059000171 ], [ 26.211489608000136, 50.175358754000115 ], [ 26.220899563999978, 50.164642776000051 ], [ 26.208569220000129, 50.154135145000112 ], [ 26.243498448000025, 50.143287207000128 ], [ 26.234805824000034, 50.131207538000126 ], [ 26.273439041000131, 50.102809685000125 ], [ 26.200456062000114, 50.097970512000074 ], [ 26.200821703000088, 50.067291652000108 ], [ 26.226890974000128, 50.047338957000079 ], [ 26.175915167000028, 50.025154567000186 ], [ 26.210607014000118, 50.01589653800005 ], [ 26.202383311000119, 49.992140756000026 ], [ 26.172828654, 49.993950991000133 ], [ 26.141978980000147, 49.971764700000051 ], [ 26.166114401000016, 49.922176085 ], [ 26.132701797000038, 49.89839972600015 ], [ 26.213355113000034, 49.86539014400006 ], [ 26.318694812000103, 49.882372458000077 ], [ 26.310771218000184, 49.900324037000132 ], [ 26.373993148000181, 49.933589806000157 ], [ 26.430785401000094, 49.888662726000064 ], [ 26.461932767000121, 49.897313641999972 ], [ 26.510022440000114, 49.884757317000151 ], [ 26.521025462000125, 49.903402615000118 ], [ 26.484705443000109, 49.914375526000015 ], [ 26.500444352000045, 49.938993567000068 ], [ 26.601789630000098, 49.938392297000064 ], [ 26.613591260000078, 49.956331018000071 ], [ 26.664691470000093, 49.937200124000128 ], [ 26.645563724000169, 49.931028189000074 ], [ 26.660478371000067, 49.928679174000138 ], [ 26.636529655000061, 49.892108428000085 ], [ 26.805712215000085, 49.916595647000122 ], [ 26.795596299000124, 49.907031864000089 ], [ 26.914100135000012, 49.870865256000116 ], [ 26.934373340000093, 49.906595377000144 ], [ 26.982698289000041, 49.908858432000045 ], [ 26.967941493000126, 49.917462484000168 ], [ 26.97506176800016, 49.926654641000027 ], [ 27.040075770000101, 49.924089085000048 ], [ 27.095456335999984, 49.949388013000032 ], [ 27.134021844000074, 49.946437270000047 ], [ 27.106510119000063, 49.919184658000063 ], [ 27.159207176000052, 49.920931164000137 ], [ 27.152876971000069, 49.938854745000128 ], [ 27.211873550000121, 49.933051319000128 ], [ 27.19524275700013, 49.900895623000167 ], [ 27.255363436000096, 49.882416540000179 ], [ 27.323795236000024, 49.918612668000151 ], [ 27.363326876000087, 49.902333309000085 ], [ 27.365919151000071, 49.876773066000055 ], [ 27.383040958000038, 49.867189930000109 ], [ 27.446803891000116, 49.909540558 ], [ 27.479447150000169, 49.876339036000047 ], [ 27.516641462999985, 49.882669760000169 ], [ 27.522538011999984, 49.909941839999988 ], [ 27.549383225000099, 49.908312839000132 ], [ 27.547698488000094, 49.934836801000074 ], [ 27.575597364000089, 49.948547966000035 ], [ 27.546460050000121, 50.011595468000166 ], [ 27.571258419000173, 50.019674466000026 ], [ 27.611705000000143, 50.005641001000185 ], [ 27.642001787000027, 50.03676345100007 ], [ 27.681164186, 50.0340630070001 ], [ 27.668737484000133, 50.07753116300006 ], [ 27.615445155000089, 50.086224754000057 ], [ 27.639096707000192, 50.115067391000082 ], [ 27.62592404500009, 50.123327671000141 ], [ 27.631625290999978, 50.146224583000162 ], [ 27.67765966200011, 50.157864583000105 ], [ 27.664326847000154, 50.192736465999985 ], [ 27.621272655000155, 50.169490242000052 ], [ 27.622692479000023, 50.199716710000075 ], [ 27.592964401000017, 50.215670155000112 ], [ 27.597443973000111, 50.258554376 ], [ 27.520930593000173, 50.225526791000163 ], [ 27.480978240000184, 50.25721602800013 ], [ 27.442621186000167, 50.261179052000102 ], [ 27.444722246000083, 50.275450847000172 ], [ 27.395405415000141, 50.287572953000051 ], [ 27.416195551000101, 50.30744505600012 ], [ 27.363241244000108, 50.332540083000026 ], [ 27.315585349000116, 50.331663662000096 ], [ 27.321161370000084, 50.367609372000118 ], [ 27.248428365000166, 50.392790808000143 ], [ 27.301315282000076, 50.493140501000141 ], [ 27.267781046000096, 50.491797610000162 ], [ 27.258749673000068, 50.513074175000099 ], [ 27.207390210000085, 50.53183793 ], [ 27.196326655000121, 50.562095923000072 ], [ 27.130690698000137, 50.56086516400012 ], [ 27.118423343000018, 50.593220098000188 ] ] ] } },
{ "type": "Feature", "properties": { "pcode": "UA7102", "name": "Zvenyhorodskyi", "oblast_pcode": "UA71", "oblast": "Cherkaska", "area_sqkm": 5280.5387969800004, "city_pop": 0.0, "pop": 252932, "included": true }, "geometry": { "type": "Polygon", "coordinates": [ [ [ 31.090290714000105, 49.485135882000179 ], [ 31.039483816000029, 49.47342478600018 ], [ 31.04402863700011, 49.456485589000124 ], [ 31.029308287000049, 49.471763413000133 ], [ 30.993871256000091, 49.42246086200015 ], [ 30.920793847000084, 49.415526066000098 ], [ 30.934780145000047, 49.395571427999982 ], [ 30.909064288000081, 49.358500584000183 ], [ 30.800451301000123, 49.354069551000066 ], [ 30.7285763000001, 49.331731809000132 ], [ 30.607190719000073, 49.370246449000092 ], [ 30.515823741000133, 49.327816545000019 ], [ 30.47326604400007, 49.365094124 ], [ 30.413847382000029, 49.33046620000016 ], [ 30.421233909000193, 49.302325462000056 ], [ 30.515144386000145, 49.253315042000168 ], [ 30.49468749600004, 49.199986713000158 ], [ 30.415345105000029, 49.214360294000073 ], [ 30.392193080000141, 49.211721042000192 ], [ 30.394090592999987, 49.192221062000044 ], [ 30.476044172000059, 49.182021504000033 ], [ 30.478712674000064, 49.142034977000094 ], [ 30.560199329000056, 49.155378895000183 ], [ 30.568300616000045, 49.142146740000044 ], [ 30.536754342000108, 49.087360164000074 ], [ 30.553185744000189, 49.082576009000093 ], [ 30.534772813000188, 49.038283321000051 ], [ 30.556256140000187, 49.033732192000173 ], [ 30.561388388000125, 49.016435450000074 ], [ 30.514282666999975, 48.98705344900003 ], [ 30.51959924200014, 48.974094728000125 ], [ 30.487534899000025, 48.963661349000063 ], [ 30.468805207, 48.934084195000139 ], [ 30.482182234000106, 48.914663482000094 ], [ 30.45985311700008, 48.914482999000143 ], [ 30.446113979000131, 48.89548409300005 ], [ 30.460342407000041, 48.872612863000029 ], [ 30.537075593000111, 48.853646683000193 ], [ 30.478989032000186, 48.82070084500009 ], [ 30.487780247999979, 48.808432292000077 ], [ 30.466840563000176, 48.785909627000194 ], [ 30.543453008000085, 48.724792296000146 ], [ 30.576029007000102, 48.720865273000072 ], [ 30.608974673000034, 48.719130704000122 ], [ 30.637031881000155, 48.751870819000032 ], [ 30.698036071000161, 48.767356899000106 ], [ 30.80394756600009, 48.756839835000108 ], [ 30.811445055000036, 48.769222643000091 ], [ 30.832131256000025, 48.749671468000031 ], [ 30.882656872000041, 48.743841398000143 ], [ 30.901738429000147, 48.762548196000182 ], [ 30.945333269000116, 48.75892463200006 ], [ 30.943614528000126, 48.772187575000089 ], [ 31.037631665, 48.760669895000149 ], [ 31.113157245000139, 48.727652839000143 ], [ 31.216419941000026, 48.769062215000133 ], [ 31.250092423000069, 48.767484959 ], [ 31.262015259000179, 48.748683514000049 ], [ 31.30970665100017, 48.759025023000106 ], [ 31.329826818000015, 48.725859485000115 ], [ 31.353665603000081, 48.727518560000135 ], [ 31.357580552000115, 48.741767763000041 ], [ 31.382152725000083, 48.727671206000139 ], [ 31.393434317000072, 48.7482068 ], [ 31.392890495000188, 48.735418388000085 ], [ 31.41202941500012, 48.756482534000156 ], [ 31.424288042000171, 48.743058045000055 ], [ 31.436135751000165, 48.753857099000072 ], [ 31.422621702000129, 48.763635672000134 ], [ 31.558902080000109, 48.828516169000125 ], [ 31.559369269000115, 48.862993394000057 ], [ 31.581858644000079, 48.874904825000158 ], [ 31.566947726000024, 48.899861468000154 ], [ 31.581668495000031, 48.91257134500006 ], [ 31.594791752000049, 48.90612926100016 ], [ 31.580675285000098, 48.887742256000138 ], [ 31.639927663000094, 48.907909410000059 ], [ 31.689451054000074, 48.896306352000181 ], [ 31.698530947000052, 48.931029405000174 ], [ 31.769581696000046, 48.93541893600019 ], [ 31.745139388000041, 48.962117139000043 ], [ 31.718993785000123, 48.962543784000104 ], [ 31.725265127000114, 48.986234233000118 ], [ 31.693006214999969, 48.975990705000072 ], [ 31.677655723000157, 48.946110881000152 ], [ 31.62430010800017, 48.971965577999981 ], [ 31.620681821, 49.101717164000092 ], [ 31.53020681400011, 49.12549313 ], [ 31.537222432000078, 49.141008676000183 ], [ 31.482921033000025, 49.161750739000183 ], [ 31.462717560000158, 49.19773432400018 ], [ 31.39342188400019, 49.201498197000149 ], [ 31.283484405000024, 49.26155002500019 ], [ 31.281273102000114, 49.326758884000185 ], [ 31.304245516000151, 49.332640407000042 ], [ 31.311617080000076, 49.359346046000155 ], [ 31.334455362000028, 49.36036171000012 ], [ 31.382510312000079, 49.327971676000175 ], [ 31.422803410000085, 49.354262331000029 ], [ 31.402688183000123, 49.40987398599998 ], [ 31.331959158000075, 49.424988170000177 ], [ 31.370799100000113, 49.433785681000018 ], [ 31.38217785300003, 49.44127842600011 ], [ 31.326571813000101, 49.434066198000096 ], [ 31.331034366000097, 49.415750587000105 ], [ 31.284444450000137, 49.412709491000044 ], [ 31.286012419000087, 49.393698315 ], [ 31.267280406000168, 49.400226663000183 ], [ 31.247040044000016, 49.385124512000175 ], [ 31.241995385000166, 49.395613170000104 ], [ 31.204242879000049, 49.391891066000142 ], [ 31.193436163000115, 49.394745405000151 ], [ 31.224854301000164, 49.401736598000127 ], [ 31.216229727000098, 49.417720798000175 ], [ 31.129663451000056, 49.427444163000075 ], [ 31.142889975000173, 49.444295432 ], [ 31.119892005000168, 49.448449419000099 ], [ 31.11275260400015, 49.473834215000068 ], [ 31.090290714000105, 49.485135882000179 ] ] ] } },
{ "type": "Feature", "properties": { "pcode": "UA7104", "name": "Zolotoniskyi", "oblast_pcode": "UA71", "oblast": "Cherkaska", "area_sqkm": 4256.6700038299996, "city_pop": 0.0, "pop": 135453, "included": true }, "geometry": { "type": "Polygon", "coordinates": [ [ [ 32.125555435000138, 50.224775406000049 ], [ 32.086452847000032, 50.221429122000131 ], [ 32.056238998000083, 50.187662092000096 ], [ 31.993284465000102, 50.201247164000051 ], [ 31.965378186000123, 50.151452081000173 ], [ 31.933964620000097, 50.158364158000154 ], [ 31.97521800200019, 50.125162536000175 ], [ 31.911418275000074, 50.100694448000183 ], [ 31.904114279000055, 50.055780705000075 ], [ 31.986484214000086, 50.052414262000127 ], [ 31.979767213000059, 50.038719310000147 ], [ 31.899935610000057, 50.019266541000093 ], [ 31.918608571999982, 49.990931862000195 ], [ 31.901361949000034, 49.943807184000036 ], [ 31.889690692999977, 49.962450119000039 ], [ 31.813558772000022, 49.966176794000091 ], [ 31.770202949, 49.920086196 ], [ 31.773976081000114, 49.893609617000038 ], [ 31.752279523000141, 49.893389515000138 ], [ 31.716052349000108, 49.853269959000102 ], [ 31.728531423, 49.84668730900006 ], [ 31.707829490000165, 49.843795317000058 ], [ 31.693348393000065, 49.775568655000029 ], [ 31.719682240000111, 49.77555706000004 ], [ 31.71800257100017, 49.757138797000152 ], [ 31.690428440000119, 49.76003705800008 ], [ 31.711506834000147, 49.754817742000057 ], [ 31.678419738000059, 49.708533038999974 ], [ 31.688882124000088, 49.695063289000188 ], [ 31.646001883000167, 49.653923737000127 ], [ 31.688029437000125, 49.632707156000151 ], [ 31.761698035000109, 49.633846250000033 ], [ 31.823139013000173, 49.572382351000158 ], [ 31.872443454000177, 49.550918356000125 ], [ 31.939710154000181, 49.549330875000123 ], [ 32.046784537000065, 49.471688025000105 ], [ 32.128114767000113, 49.463902616000155 ], [ 32.154085350000173, 49.418846642000062 ], [ 32.198253008000108, 49.392089250000026 ], [ 32.340321520000089, 49.384806047000041 ], [ 32.382366343000172, 49.339497176000066 ], [ 32.441450697000107, 49.31952040699997 ], [ 32.47888761300004, 49.339500066000141 ], [ 32.461063816000092, 49.347393608000061 ], [ 32.509872001000076, 49.407844999000076 ], [ 32.544809000000157, 49.381824000000108 ], [ 32.737370094000084, 49.353064561000053 ], [ 32.737082676999989, 49.372127295000098 ], [ 32.689917491000188, 49.385189505000142 ], [ 32.678989142000034, 49.425299625000093 ], [ 32.650900768000042, 49.43584301400017 ], [ 32.672874119000085, 49.448014672000056 ], [ 32.67726090300016, 49.499273483000081 ], [ 32.709984001000123, 49.499018 ], [ 32.750174356000059, 49.523830139000154 ], [ 32.757220743000175, 49.575685505000081 ], [ 32.696321669000042, 49.602714781000032 ], [ 32.715151863000187, 49.612366288000032 ], [ 32.708534623000105, 49.656774099000074 ], [ 32.574042130000066, 49.702542759000153 ], [ 32.572453233000147, 49.753187795000088 ], [ 32.555727315000183, 49.773543074000031 ], [ 32.514283137000177, 49.77439372200007 ], [ 32.50408995500004, 49.804464868000025 ], [ 32.449322414000108, 49.796209101000045 ], [ 32.373863283000048, 49.874414512000158 ], [ 32.434572065000111, 49.888210264000122 ], [ 32.414047943000128, 49.903445931000135 ], [ 32.428585945000066, 49.960273561000065 ], [ 32.378869598000108, 49.980976218000137 ], [ 32.351002801, 50.047342366000066 ], [ 32.333760357000131, 50.058291225000119 ], [ 32.313822243000175, 50.038596480000137 ], [ 32.261526717000038, 50.082358544999977 ], [ 32.276414094000188, 50.09685303800012 ], [ 32.250328198000147, 50.114626173000147 ], [ 32.3039369010001, 50.119892778000064 ], [ 32.298588266000081, 50.142738149000195 ], [ 32.176819874000103, 50.164997062000054 ], [ 32.111701900000071, 50.212592795000091 ], [ 32.125555435000138, 50.224775406000049 ] ] ] } },
{ "type": "Feature", "properties": { "pcode": "UA7106", "name": "Umanskyi", "oblast_pcode": "UA71", "oblast": "Cherkaska", "area_sqkm": 4517.6699954200003, "city_pop": 0.0, "pop": 224685, "included": true }, "geometry": { "type": "Polygon", "coordinates": [ [ [ 30.148927935000074, 49.326773139000011 ], [ 30.107030452000117, 49.302890925000042 ], [ 30.123243462000119, 49.288915511000084 ], [ 30.113045512000099, 49.270098973000188 ], [ 30.069877959, 49.325336680000134 ], [ 30.026642085000049, 49.334297663000029 ], [ 30.007164780000096, 49.315049511000097 ], [ 29.948385198000153, 49.311919089000071 ], [ 29.955580879000024, 49.252175104000173 ], [ 29.876768986000172, 49.200262090000081 ], [ 29.882216815000163, 49.186126798000089 ], [ 29.760137635000035, 49.179782513000134 ], [ 29.727328071000159, 49.208100992000141 ], [ 29.754657660000191, 49.226286670000093 ], [ 29.703790101000038, 49.225406171000145 ], [ 29.72586033500005, 49.202933681000047 ], [ 29.712034047000031, 49.14191433700006 ], [ 29.733595097000148, 49.122797182000056 ], [ 29.678176842000084, 49.112175703999981 ], [ 29.686274563000097, 49.088711317000048 ], [ 29.650892091000173, 49.097051149000151 ], [ 29.630800616000045, 49.047040012000139 ], [ 29.605942639000034, 49.057568495000055 ], [ 29.639327963000085, 49.011759048000044 ], [ 29.68367102100018, 49.026443311000094 ], [ 29.695737544000167, 49.000406050000038 ], [ 29.652014419000125, 48.959769632000075 ], [ 29.651724558000012, 48.936798933000034 ], [ 29.68700348800013, 48.912315883000076 ], [ 29.735501932000091, 48.908179008 ], [ 29.709581627000148, 48.897440592000066 ], [ 29.728072822000058, 48.886357094000118 ], [ 29.731700065000041, 48.854596416000163 ], [ 29.761641963000159, 48.847063424000055 ], [ 29.766138614000113, 48.786264771000106 ], [ 29.866533155000127, 48.763020390000179 ], [ 29.884120485000096, 48.736083645000122 ], [ 29.86773734000019, 48.734501960000102 ], [ 29.861156620000145, 48.699753141000087 ], [ 29.946849142000076, 48.669834797000192 ], [ 29.944684028000154, 48.657817953000119 ], [ 29.992301592999979, 48.632471439000085 ], [ 29.989752851000162, 48.613526142000126 ], [ 29.951287008000065, 48.608532797000066 ], [ 29.947845044000019, 48.594603352000092 ], [ 30.005839495000146, 48.573071786000071 ], [ 30.020415690000107, 48.519206323000049 ], [ 29.99285394400016, 48.520105939000018 ], [ 30.006341768000027, 48.513360895000062 ], [ 30.000868321000041, 48.492022718000158 ], [ 29.966744973000175, 48.491425895000077 ], [ 29.96118428200009, 48.472965089000127 ], [ 30.049839639000083, 48.482826086000046 ], [ 30.111399983000069, 48.451988014000051 ], [ 30.162857304, 48.503780128000074 ], [ 30.220327516000168, 48.480067547000147 ], [ 30.256279932000041, 48.489261737000049 ], [ 30.25487306600013, 48.505423775000054 ], [ 30.386594392000177, 48.527054099000111 ], [ 30.402836801000149, 48.573833747000151 ], [ 30.452829345000168, 48.583465026000113 ], [ 30.486167970000167, 48.564120382000169 ], [ 30.566431482000098, 48.567383402000189 ], [ 30.557806572000061, 48.59577347100003 ], [ 30.570847754000113, 48.605642391000174 ], [ 30.529402231000063, 48.62779183400005 ], [ 30.551352595000139, 48.653647952000142 ], [ 30.598646094000173, 48.663200240000037 ], [ 30.611177338000118, 48.697962111000038 ], [ 30.559720922000167, 48.732257193000066 ], [ 30.543453008000085, 48.724792296000146 ], [ 30.466840563000176, 48.785909627000194 ], [ 30.487780247999979, 48.808432292000077 ], [ 30.478989032000186, 48.82070084500009 ], [ 30.537075593000111, 48.853646683000193 ], [ 30.460342407000041, 48.872612863000029 ], [ 30.446113979000131, 48.89548409300005 ], [ 30.45985311700008, 48.914482999000143 ], [ 30.482182234000106, 48.914663482000094 ], [ 30.468805207, 48.934084195000139 ], [ 30.487534899000025, 48.963661349000063 ], [ 30.51959924200014, 48.974094728000125 ], [ 30.514282666999975, 48.98705344900003 ], [ 30.561388388000125, 49.016435450000074 ], [ 30.556256140000187, 49.033732192000173 ], [ 30.534772813000188, 49.038283321000051 ], [ 30.553185744000189, 49.082576009000093 ], [ 30.536754342000108, 49.087360164000074 ], [ 30.568300616000045, 49.142146740000044 ], [ 30.560199329000056, 49.155378895000183 ], [ 30.478712674000064, 49.142034977000094 ], [ 30.476044172000059, 49.182021504000033 ], [ 30.394090592999987, 49.192221062000044 ], [ 30.392193080000141, 49.211721042000192 ], [ 30.415345105000029, 49.214360294000073 ], [ 30.49468749600004, 49.199986713000158 ], [ 30.515144386000145, 49.253315042000168 ], [ 30.458729714000128, 49.274183753000159 ], [ 30.46550879300014, 49.289547773000038 ], [ 30.451148748000094, 49.296467900000152 ], [ 30.397725657000024, 49.303475494000168 ], [ 30.385784392000119, 49.2572322420001 ], [ 30.371840828000188, 49.23640627400016 ], [ 30.366738145000113, 49.255036030000099 ], [ 30.189485278000177, 49.274908503000063 ], [ 30.200264775000107, 49.328171419000114 ], [ 30.148927935000074, 49.326773139000011 ] ] ] } },
{ "type": "Feature", "properties": { "pcode": "UA7108", "name": "Cherkaskyi", "oblast_pcode": "UA71", "oblast": "Cherkaska", "area_sqkm": 6884.2898239100005, "city_pop": 267361.0, "pop": 544045, "included": true }, "geometry": { "type": "Polygon", "coordinates": [ [ [ 31.382660256000065, 49.992477135000058 ], [ 31.298299652000026, 49.980180045000111 ], [ 31.288450935000071, 49.972752719000027 ], [ 31.305425264000064, 49.972424245000184 ], [ 31.288855084000033, 49.952303516000086 ], [ 31.315288448000103, 49.964010728000119 ], [ 31.350133228000118, 49.950212588000113 ], [ 31.334904225000116, 49.93827593900005 ], [ 31.380086802000108, 49.907798755000044 ], [ 31.373617283000158, 49.898655231000077 ], [ 31.207738094000149, 49.852310326000179 ], [ 31.220795210000119, 49.832066913000062 ], [ 31.189793590000079, 49.790229144000079 ], [ 31.216230885000016, 49.776891553999974 ], [ 31.207670489000179, 49.755500277000124 ], [ 31.221027743000093, 49.733121579000169 ], [ 31.196233079000081, 49.701541610000163 ], [ 31.217467130000102, 49.694596757000113 ], [ 31.135693183000171, 49.603691535000053 ], [ 31.128697165, 49.583773939000139 ], [ 31.152605737999977, 49.580468794000126 ], [ 31.138592145000189, 49.571293871000137 ], [ 31.151585050000108, 49.555857536000019 ], [ 31.108684819000132, 49.55730235700014 ], [ 31.094918652, 49.497181020000085 ], [ 31.061100655000132, 49.481545963000087 ], [ 31.109671173000038, 49.475604658000066 ], [ 31.119892005000168, 49.448449419000099 ], [ 31.142889975000173, 49.444295432 ], [ 31.129663451000056, 49.427444163000075 ], [ 31.216229727000098, 49.417720798000175 ], [ 31.224854301000164, 49.401736598000127 ], [ 31.193436163000115, 49.394745405000151 ], [ 31.247040044000016, 49.385124512000175 ], [ 31.267280406000168, 49.400226663000183 ], [ 31.286012419000087, 49.393698315 ], [ 31.284444450000137, 49.412709491000044 ], [ 31.331034366000097, 49.415750587000105 ], [ 31.326571813000101, 49.434066198000096 ], [ 31.38217785300003, 49.44127842600011 ], [ 31.331959158000075, 49.424988170000177 ], [ 31.402688183000123, 49.40987398599998 ], [ 31.422803410000085, 49.354262331000029 ], [ 31.382510312000079, 49.327971676000175 ], [ 31.334455362000028, 49.36036171000012 ], [ 31.311617080000076, 49.359346046000155 ], [ 31.304245516000151, 49.332640407000042 ], [ 31.281273102000114, 49.326758884000185 ], [ 31.283484405000024, 49.26155002500019 ], [ 31.39342188400019, 49.201498197000149 ], [ 31.462717560000158, 49.19773432400018 ], [ 31.482921033000025, 49.161750739000183 ], [ 31.537222432000078, 49.141008676000183 ], [ 31.53020681400011, 49.12549313 ], [ 31.620681821, 49.101717164000092 ], [ 31.62430010800017, 48.971965577999981 ], [ 31.677655723000157, 48.946110881000152 ], [ 31.693006214999969, 48.975990705000072 ], [ 31.725265127000114, 48.986234233000118 ], [ 31.729590112000153, 48.954377913000087 ], [ 31.745139388000041, 48.962117139000043 ], [ 31.770628012000088, 48.935165711000082 ], [ 31.805341148000082, 48.949611554000114 ], [ 31.91823486200019, 48.906185376000053 ], [ 31.921081661000073, 48.880113197000128 ], [ 31.945350203000089, 48.906067440000072 ], [ 32.005943943000034, 48.913525512000092 ], [ 32.026421906, 48.930717444000038 ], [ 32.048902318000046, 48.916314375000184 ], [ 32.093307186000061, 48.918874884 ], [ 32.085819190999985, 48.90508515199997 ], [ 32.105233457000168, 48.902445954000143 ], [ 32.151509121000117, 48.916619066000067 ], [ 32.15395627800018, 48.944647707000058 ], [ 32.130585512000039, 48.951871431000143 ], [ 32.134746275000111, 48.966125695000073 ], [ 32.178154726000059, 48.972910503000094 ], [ 32.183792584000059, 48.996451609000133 ], [ 32.217490415000157, 48.987733907 ], [ 32.23365207400019, 49.059444635000034 ], [ 32.261969063000038, 49.058667135000178 ], [ 32.259868837, 49.078234722000161 ], [ 32.282375024000146, 49.084835136000038 ], [ 32.365339853000023, 49.071770660000141 ], [ 32.370684396000172, 49.038694657000178 ], [ 32.401236634000156, 49.026478360000056 ], [ 32.442714782000166, 49.052498197000091 ], [ 32.474538644000177, 49.03330245300009 ], [ 32.475723290000133, 49.005482997000058 ], [ 32.500538667000171, 49.014436928000123 ], [ 32.521894351000185, 48.938898074000122 ], [ 32.551695235000182, 48.941762039000025 ], [ 32.538865300000111, 48.966933540000184 ], [ 32.587112668000088, 48.94998074200015 ], [ 32.607591045000106, 48.96449369100003 ], [ 32.654328868000164, 48.953310504000115 ], [ 32.679717395000182, 48.957295800000168 ], [ 32.675189142000079, 48.987571559000116 ], [ 32.730258982, 48.977486719000012 ], [ 32.733286953000174, 48.96475263300016 ], [ 32.873750003000168, 48.992275481000092 ], [ 32.828679943000168, 49.00920505900001 ], [ 32.842604858000072, 49.028176606000045 ], [ 32.814172075000045, 49.07379256300004 ], [ 32.890520299000059, 49.095953598000165 ], [ 32.889152253000191, 49.121158186000173 ], [ 32.774981776000061, 49.144396983000149 ], [ 32.757447760000048, 49.16530578000004 ], [ 32.856102000000192, 49.246188 ], [ 32.762718925000172, 49.232988359999979 ], [ 32.713912771000139, 49.257582178000064 ], [ 32.608463949, 49.253772565000077 ], [ 32.595664995000107, 49.276241319 ], [ 32.466476357000033, 49.328103584000075 ], [ 32.441450697000107, 49.31952040699997 ], [ 32.390581986000029, 49.334876033000057 ], [ 32.340321520000089, 49.384806047000041 ], [ 32.198253008000108, 49.392089250000026 ], [ 32.154085350000173, 49.418846642000062 ], [ 32.128114767000113, 49.463902616000155 ], [ 32.046784537000065, 49.471688025000105 ], [ 31.939710154000181, 49.549330875000123 ], [ 31.872443454000177, 49.550918356000125 ], [ 31.823139013000173, 49.572382351000158 ], [ 31.761698035000109, 49.633846250000033 ], [ 31.669921615000078, 49.638205214000095 ], [ 31.669565015000046, 49.651290737000068 ], [ 31.646001883000167, 49.653923737000127 ], [ 31.688882124000088, 49.695063289000188 ], [ 31.678419738000059, 49.708533038999974 ], [ 31.711506834000147, 49.754817742000057 ], [ 31.690428440000119, 49.76003705800008 ], [ 31.71800257100017, 49.757138797000152 ], [ 31.719682240000111, 49.77555706000004 ], [ 31.693348393000065, 49.775568655000029 ], [ 31.692695663000052, 49.789992844000039 ], [ 31.707829490000165, 49.843795317000058 ], [ 31.728531423, 49.84668730900006 ], [ 31.614477004000094, 49.855967187000147 ], [ 31.612409686000092, 49.906512432000113 ], [ 31.580035708000025, 49.906862666000166 ], [ 31.550989187000027, 49.872728388000098 ], [ 31.519831897000131, 49.868545979000146 ], [ 31.504439471000182, 49.841408195000099 ], [ 31.496785213000123, 49.861338239000133 ], [ 31.448987761000069, 49.876326877 ], [ 31.424927871000079, 49.916496049000045 ], [ 31.44370384900003, 49.977705703000026 ], [ 31.382660256000065, 49.992477135000058 ] ] ] } },
{ "type": "Feature", "properties": { "pcode": "UA7302", "name": "Vyzhnytskyi", "oblast_pcode": "UA73", "oblast": "Chernivetska", "area_sqkm": 1878.4446507, "city_pop": 0.0, "pop": 137381, "included": true }, "geometry": { "type": "MultiPolygon", "coordinates": [ [ [ [ 25.45614085200009, 48.401600530000053 ], [ 25.31595887800006, 48.36607263500008 ], [ 25.19318690200015, 48.254945001000124 ], [ 25.106459513000175, 48.225242206000189 ], [ 25.137284573000159, 48.181300464000117 ], [ 25.088039737000031, 48.181183936000025 ], [ 25.092824472000075, 48.162031599000159 ], [ 25.066226730000096, 48.157227611000053 ], [ 25.067488151000077, 48.132839519000129 ], [ 25.038523833000056, 48.12747214500007 ], [ 25.036586001000103, 48.11171 ], [ 24.982124091, 48.113419489000194 ], [ 24.994203928000047, 48.086529388000088 ], [ 24.911713351000117, 48.027418042000193 ], [ 24.914447649000067, 47.968605612000033 ], [ 24.928921027000115, 47.953905736000195 ], [ 24.919204813000192, 47.946519150000086 ], [ 24.957044727999971, 47.920009108999977 ], [ 24.961257575000104, 47.903989240000101 ], [ 24.944518508000044, 47.897904290000042 ], [ 24.956533926000191, 47.879159223000102 ], [ 24.997323503000132, 47.855600663000075 ], [ 24.946669138, 47.794250954000177 ], [ 24.92233295800014, 47.726808067999968 ], [ 25.040137405000166, 47.725221243000078 ], [ 25.053305038000133, 47.746337111000173 ], [ 25.115369493000173, 47.754637281000157 ], [ 25.12930071500017, 47.778849763000153 ], [ 25.167302844000062, 47.791884963000086 ], [ 25.17997230900005, 47.82563095800009 ], [ 25.221827590000032, 47.858903990999977 ], [ 25.230030818000046, 47.893120818000057 ], [ 25.442387966000069, 47.926199972000177 ], [ 25.347238457000117, 47.978641635000031 ], [ 25.364860001000068, 48.010076 ], [ 25.329313001, 48.046435 ], [ 25.372804999000039, 48.071064001000082 ], [ 25.368012001000125, 48.09998799900012 ], [ 25.389216, 48.116435000000195 ], [ 25.469356001000051, 48.11723799900011 ], [ 25.45377400000018, 48.179671 ], [ 25.480262999000104, 48.25071799900013 ], [ 25.514553999000157, 48.250249000000167 ], [ 25.519252000000108, 48.266152 ], [ 25.596815000000106, 48.255474000000106 ], [ 25.613457, 48.299456000000134 ], [ 25.659547, 48.323694999000111 ], [ 25.647374999000021, 48.336211000000162 ], [ 25.663994001000049, 48.352682000000129 ], [ 25.620977196000183, 48.380362081000044 ], [ 25.45614085200009, 48.401600530000053 ] ] ], [ [ [ 25.423165891999986, 47.956305287000021 ], [ 25.423898766000093, 47.957799588000114 ], [ 25.423137338000117, 47.957675856000037 ], [ 25.423165891999986, 47.956305287000021 ] ] ], [ [ [ 25.417464703000178, 47.961397333000036 ], [ 25.41824516600019, 47.962539475000028 ], [ 25.417445667000038, 47.963034403000108 ], [ 25.417464703000178, 47.961397333000036 ] ] ] ] } },
{ "type": "Feature", "properties": { "pcode": "UA7304", "name": "Dnistrovskyi", "oblast_pcode": "UA73", "oblast": "Chernivetska", "area_sqkm": 2116.8865872800002, "city_pop": 0.0, "pop": 165351, "included": true }, "geometry": { "type": "Polygon", "coordinates": [ [ [ 27.44379966300005, 48.602290410000194 ], [ 27.364800783000135, 48.630658831000062 ], [ 27.317267751000088, 48.598716858000103 ], [ 27.263923881000096, 48.626759683000046 ], [ 27.233155627000031, 48.609269570000151 ], [ 27.265623468000115, 48.584487156000137 ], [ 27.247996546000024, 48.565255820000175 ], [ 27.167835387000139, 48.585218423000128 ], [ 27.099405042000058, 48.555812545000151 ], [ 27.000675067000088, 48.570521499 ], [ 26.989962680000076, 48.588238107000052 ], [ 26.926200596000172, 48.57414706600008 ], [ 26.879275025000027, 48.542482213000142 ], [ 26.840940117000059, 48.557883943000149 ], [ 26.820197687000132, 48.581735613000092 ], [ 26.823769051, 48.605852635000133 ], [ 26.800613249999969, 48.609187844000132 ], [ 26.778837698000018, 48.594535135000058 ], [ 26.794525817000192, 48.567499749000092 ], [ 26.779832850000105, 48.547804126000187 ], [ 26.761601209000048, 48.549164543000074 ], [ 26.728654328000061, 48.587268838000057 ], [ 26.720276014000149, 48.57873110200012 ], [ 26.743084310000143, 48.555987310000148 ], [ 26.727081645000055, 48.533058961999984 ], [ 26.661449726000058, 48.560020768000072 ], [ 26.622633987000029, 48.554884030000153 ], [ 26.623505713000043, 48.537518532000036 ], [ 26.675218244000121, 48.538626147000116 ], [ 26.71306799600012, 48.495137853000074 ], [ 26.669254659000046, 48.485628925000071 ], [ 26.612478966000083, 48.506709969000099 ], [ 26.625834205000103, 48.464067628000123 ], [ 26.594633417000125, 48.451123083000141 ], [ 26.553693868000039, 48.46338484600011 ], [ 26.47988340400002, 48.546590172000151 ], [ 26.391468235, 48.534980598 ], [ 26.355090548000078, 48.507573001000083 ], [ 26.302187397000068, 48.509049151 ], [ 26.267858001000036, 48.539975001000187 ], [ 26.166318534000141, 48.528937387000155 ], [ 26.14661049800003, 48.546247889000142 ], [ 26.144517268000186, 48.597345056000108 ], [ 26.114667999, 48.619951 ], [ 26.095980999000176, 48.599555001000112 ], [ 26.12760800000018, 48.556124001000171 ], [ 26.094941412000026, 48.521381991000112 ], [ 26.114354001000152, 48.483059999000147 ], [ 26.084986, 48.474035 ], [ 26.055686, 48.499096000000122 ], [ 26.079976000000102, 48.464639000000147 ], [ 26.104054999000141, 48.4706240000001 ], [ 26.164351999000075, 48.441378 ], [ 26.224925001000088, 48.384004 ], [ 26.208249001000183, 48.371921 ], [ 26.226654, 48.356322 ], [ 26.205487000000176, 48.34645600000016 ], [ 26.210457998999971, 48.335099999000136 ], [ 26.245110001000057, 48.336426000000188 ], [ 26.262567999, 48.365110001 ], [ 26.357521, 48.349254 ], [ 26.392101, 48.362868 ], [ 26.39212699899997, 48.330561 ], [ 26.417529, 48.356129 ], [ 26.463953000000174, 48.347092 ], [ 26.52714296, 48.209261050000066 ], [ 26.550259862000132, 48.224967501000094 ], [ 26.571930057000145, 48.219563890000188 ], [ 26.586459704, 48.246496337000053 ], [ 26.620698990000051, 48.239518921000069 ], [ 26.614247692000049, 48.25016467800009 ], [ 26.627786707000041, 48.246392883000055 ], [ 26.630012969, 48.259649276000061 ], [ 26.616418055000111, 48.274047242000165 ], [ 26.695933650000086, 48.327180065000164 ], [ 26.681812023000077, 48.355319612000073 ], [ 26.69470823100005, 48.359862580000083 ], [ 26.739256933000092, 48.312880050000103 ], [ 26.758863498000096, 48.322416026000042 ], [ 26.766872390000174, 48.302314152 ], [ 26.817340925000167, 48.295236712000076 ], [ 26.831378133000044, 48.313670585000068 ], [ 26.824184593000098, 48.344339407000064 ], [ 26.76496021600002, 48.353695979000122 ], [ 26.709029031000114, 48.405326249000041 ], [ 26.725048941000125, 48.411630875000185 ], [ 26.753613473000087, 48.398904944000151 ], [ 26.775187700000174, 48.418360907000135 ], [ 26.873174277000089, 48.419965273000173 ], [ 26.901256049000096, 48.396950318000052 ], [ 26.894545767000182, 48.383504173000176 ], [ 26.932368433000079, 48.362885640000115 ], [ 26.995355601000142, 48.359479905000114 ], [ 27.002438454000071, 48.379504587000156 ], [ 27.047313092000081, 48.378509142000155 ], [ 27.039796717000172, 48.410838150000018 ], [ 27.014205483000183, 48.424954152000055 ], [ 27.062104828000031, 48.421220501000107 ], [ 27.083928502000106, 48.434522789000141 ], [ 27.087301187000151, 48.412878856000134 ], [ 27.139030251000122, 48.374437249000096 ], [ 27.192245111000091, 48.394821574000161 ], [ 27.235770330999969, 48.372831562000044 ], [ 27.286450949000027, 48.371527791000062 ], [ 27.319607535000046, 48.443564601000048 ], [ 27.33889901200007, 48.448043569000106 ], [ 27.373523403000092, 48.441689336000024 ], [ 27.384413638000069, 48.409953604 ], [ 27.447155119000058, 48.408860088000154 ], [ 27.466249831000027, 48.448647858000072 ], [ 27.50459748600008, 48.455310867000094 ], [ 27.534438315000102, 48.470138374000101 ], [ 27.478797417000123, 48.506353424000167 ], [ 27.479345865000028, 48.54692 ], [ 27.44379966300005, 48.602290410000194 ] ] ] } },
{ "type": "Feature", "properties": { "pcode": "UA7306", "name": "Chernivetskyi", "oblast_pcode": "UA73", "oblast": "Chernivetska", "area_sqkm": 4099.3356217500004, "city_pop": 260540.0, "pop": 584660, "included": true }, "geometry": { "type": "Polygon", "coordinates": [ [ [ 25.85655639200013, 48.617312316000039 ], [ 25.782048379000059, 48.675837629000171 ], [ 25.739951195000174, 48.633439942000052 ], [ 25.710122194000121, 48.663654259 ], [ 25.628090107000105, 48.672825492000072 ], [ 25.585356650000051, 48.634880033000059 ], [ 25.609190099000045, 48.527069458000028 ], [ 25.600182408000023, 48.414708749999988 ], [ 25.620284887000025, 48.408795312000109 ], [ 25.621949250000114, 48.379042862000063 ], [ 25.663626, 48.358272000000113 ], [ 25.647374999000021, 48.336211000000162 ], [ 25.659547, 48.323694999000111 ], [ 25.613457, 48.299456000000134 ], [ 25.596815000000106, 48.255474000000106 ], [ 25.519252000000108, 48.266152 ], [ 25.514553999000157, 48.250249000000167 ], [ 25.480262999000104, 48.25071799900013 ], [ 25.45377400000018, 48.179671 ], [ 25.469356001000051, 48.11723799900011 ], [ 25.389216, 48.116435000000195 ], [ 25.368012001000125, 48.09998799900012 ], [ 25.372804999000039, 48.071064001000082 ], [ 25.327273001000151, 48.041895 ], [ 25.361876001000098, 48.020111 ], [ 25.346571588000074, 47.979539052000121 ], [ 25.365133658000047, 47.963206880000087 ], [ 25.442387966000069, 47.926199972000177 ], [ 25.643127374000017, 47.949595910000085 ], [ 25.774712964, 47.939442530000065 ], [ 25.837451714000167, 47.967008489000136 ], [ 25.90743514900015, 47.964865953000128 ], [ 25.914479967000034, 47.977359066000076 ], [ 26.164679036000052, 47.989127001000043 ], [ 26.199175372000184, 48.00783881600006 ], [ 26.213271808000172, 48.051792336000062 ], [ 26.272637014999987, 48.081631905000108 ], [ 26.297858818000122, 48.133488193000119 ], [ 26.334321145000104, 48.159002509000175 ], [ 26.333276480000109, 48.184001925000075 ], [ 26.437693862000174, 48.19360473100005 ], [ 26.467910191000158, 48.220927335000113 ], [ 26.52714296, 48.209261050000066 ], [ 26.463953000000174, 48.347092 ], [ 26.417529, 48.356129 ], [ 26.39212699899997, 48.330561 ], [ 26.392101, 48.362868 ], [ 26.357521, 48.349254 ], [ 26.262567999, 48.365110001 ], [ 26.245110001000057, 48.336426000000188 ], [ 26.210457998999971, 48.335099999000136 ], [ 26.205487000000176, 48.34645600000016 ], [ 26.226654, 48.356322 ], [ 26.208249001000183, 48.371921 ], [ 26.224925001000088, 48.384004 ], [ 26.164351999000075, 48.441378 ], [ 26.104054999000141, 48.4706240000001 ], [ 26.079976000000102, 48.464639000000147 ], [ 26.055686, 48.499096000000122 ], [ 26.084986, 48.474035 ], [ 26.114354001000152, 48.483059999000147 ], [ 26.094941412000026, 48.521381991000112 ], [ 26.12207, 48.539896000000113 ], [ 26.090895999000111, 48.539164000000142 ], [ 26.044349001000114, 48.585280000000182 ], [ 26.065884999000104, 48.607142001000057 ], [ 26.056303002, 48.645741999000165 ], [ 26.033417354000051, 48.645088745000123 ], [ 26.020999000000131, 48.610335 ], [ 25.973640000000103, 48.62052100000011 ], [ 25.916698000000167, 48.586951 ], [ 25.849647999000069, 48.5967950000001 ], [ 25.85655639200013, 48.617312316000039 ] ], [ [ 25.420053557000131, 47.9605216920001 ], [ 25.417217239000138, 47.961739976000047 ], [ 25.417445667000038, 47.963034403000108 ], [ 25.420053557000131, 47.9605216920001 ] ], [ [ 25.424879104000183, 47.954820503000121 ], [ 25.423898766000093, 47.957799588000114 ], [ 25.425602460000164, 47.955467717000033 ], [ 25.424879104000183, 47.954820503000121 ] ] ] } },
{ "type": "Feature", "properties": { "pcode": "UA7402", "name": "Koriukivskyi", "oblast_pcode": "UA74", "oblast": "Chernihivska", "area_sqkm": 4598.2515818299999, "city_pop": 0.0, "pop": 102364, "included": true }, "geometry": { "type": "MultiPolygon", "coordinates": [ [ [ [ 31.858563239000034, 52.110930689000043 ], [ 31.816987871000151, 52.098692799000162 ], [ 31.810089618000063, 52.069957852000186 ], [ 31.778197153000121, 52.066291378000074 ], [ 31.780113006000136, 52.037861888000066 ], [ 31.767131966000022, 52.034091686000011 ], [ 31.786503560000028, 52.030362732000071 ], [ 31.789788908999981, 52.040673705000074 ], [ 31.802151872000024, 52.025510151999981 ], [ 31.790788389999989, 52.021151921000069 ], [ 31.799877751000054, 51.993458897999972 ], [ 31.765727343000094, 51.984743607000155 ], [ 31.763100006000059, 51.963186012000051 ], [ 31.808487198000194, 51.941186737000123 ], [ 31.798087110000154, 51.929357232000029 ], [ 31.817278303000023, 51.907831207000015 ], [ 31.70498173500016, 51.921967383000094 ], [ 31.663109358000156, 51.900815991000115 ], [ 31.67482263100004, 51.896932637000134 ], [ 31.6657534900001, 51.881414601000131 ], [ 31.693077517, 51.865781584999979 ], [ 31.633353918000012, 51.810214980000069 ], [ 31.674451783000109, 51.788935564000099 ], [ 31.660386540000104, 51.794937999000183 ], [ 31.649348279000094, 51.780418130000044 ], [ 31.760231143000055, 51.744571003000146 ], [ 31.73222740600005, 51.727989648000175 ], [ 31.779862846000185, 51.730568513000094 ], [ 31.790640571000154, 51.662394680000091 ], [ 31.809603147000018, 51.655373140000165 ], [ 31.804694036, 51.629544828000121 ], [ 31.878346231000137, 51.607845448000035 ], [ 31.881501594000042, 51.580810675000066 ], [ 31.845738001000086, 51.540361000000132 ], [ 31.849547084, 51.505118369000172 ], [ 31.816590289000146, 51.504344377000052 ], [ 31.833857286000182, 51.495018173000062 ], [ 31.821200391, 51.478963292000117 ], [ 31.838947930000188, 51.445693041000027 ], [ 31.817746410000154, 51.425887030000069 ], [ 31.857667303000142, 51.413003212000035 ], [ 31.897540111000183, 51.369341170000041 ], [ 31.963831608000078, 51.363416705000191 ], [ 31.972725965000109, 51.348077759000091 ], [ 31.984511014000077, 51.367680486000097 ], [ 32.021532384000125, 51.359972414000026 ], [ 32.027209852, 51.380423665000137 ], [ 32.13324919300004, 51.403962814000067 ], [ 32.22452199900016, 51.373022109000033 ], [ 32.227172831000132, 51.390248895000184 ], [ 32.290181744000165, 51.402577327000074 ], [ 32.292822587999979, 51.418783357 ], [ 32.356042494000178, 51.403956939000011 ], [ 32.357556571000146, 51.419417731000124 ], [ 32.392971689000092, 51.427365252000186 ], [ 32.383720810000057, 51.413434765000147 ], [ 32.40613441000005, 51.392721151000103 ], [ 32.46311887000013, 51.387976087000084 ], [ 32.608704989000046, 51.423192733000178 ], [ 32.603171050000071, 51.447022281000102 ], [ 32.559099517000163, 51.447448667000174 ], [ 32.555856168000105, 51.456024983000134 ], [ 32.564913798000077, 51.460626811000054 ], [ 32.572654035000085, 51.461702078000087 ], [ 32.602721127000052, 51.450923432000195 ], [ 32.631062869000061, 51.463530074000175 ], [ 32.713939185000186, 51.438399496000102 ], [ 32.730356855000025, 51.474135865000108 ], [ 32.622197585000038, 51.48337419 ], [ 32.628314185000193, 51.497318497000151 ], [ 32.610550612999987, 51.500658187000056 ], [ 32.607811612000148, 51.519998073000124 ], [ 32.630680977999987, 51.523038994000103 ], [ 32.625858847000075, 51.539058612000019 ], [ 32.651078555000083, 51.541241786 ], [ 32.656405000000177, 51.556110000000103 ], [ 32.676847734000148, 51.541601072000105 ], [ 32.690593568000111, 51.554044892000093 ], [ 32.760160570000153, 51.555523866000101 ], [ 32.749604789000102, 51.559627087000024 ], [ 32.788339341000153, 51.577217846000053 ], [ 32.847691674000146, 51.568997351000121 ], [ 32.829520649000074, 51.580807284000059 ], [ 32.834642559000031, 51.61095691200012 ], [ 32.819074436000051, 51.605495503000043 ], [ 32.816615602000184, 51.606990473999986 ], [ 32.83093410400005, 51.623850680000032 ], [ 32.804254438000044, 51.613484284000151 ], [ 32.805572021000103, 51.623497393000036 ], [ 32.74315153200007, 51.627510823000136 ], [ 32.764213626000128, 51.639880971000082 ], [ 32.719409454000129, 51.634479354000177 ], [ 32.716975929000114, 51.666409958000145 ], [ 32.686013105000086, 51.679334906000179 ], [ 32.680104705000076, 51.699060563000103 ], [ 32.697187580000161, 51.724634747000096 ], [ 32.766854216000127, 51.734476046 ], [ 32.750104794000038, 51.770199090000062 ], [ 32.713645867000082, 51.775209135000125 ], [ 32.686464372000046, 51.82100339699997 ], [ 32.729512118000059, 51.822124742000142 ], [ 32.710584752000045, 51.843080667000038 ], [ 32.758808662000035, 51.835630366000089 ], [ 32.817868737000026, 51.849915374000034 ], [ 32.814583588000062, 51.86694159700005 ], [ 32.802347692000183, 51.856768144000057 ], [ 32.81358810100005, 51.888556931000096 ], [ 32.759858061999978, 51.902761563000126 ], [ 32.769489085000089, 51.917539537000039 ], [ 32.748356446000116, 51.921159765000084 ], [ 32.752735878000124, 51.933548827000038 ], [ 32.66341245000018, 51.898987061000128 ], [ 32.65905421400015, 51.913897423000151 ], [ 32.630411504999984, 51.916972634000103 ], [ 32.626975656000184, 51.969377358000031 ], [ 32.515359248000095, 51.964581849000183 ], [ 32.509993002000044, 51.987430000000131 ], [ 32.453872776000026, 51.975116135000121 ], [ 32.435592883000027, 51.996799503000091 ], [ 32.413044207000041, 51.981536916000152 ], [ 32.432362519000094, 52.00883296600017 ], [ 32.413746217000039, 52.001757460000078 ], [ 32.405850303000079, 52.024051120000081 ], [ 32.380320630000085, 52.026344248999976 ], [ 32.36221169900017, 52.048252283000068 ], [ 32.383938552000131, 52.059337451000147 ], [ 32.293962220000139, 52.055056118000039 ], [ 32.246767792000071, 52.082207292000135 ], [ 32.147279345000072, 52.069149875000051 ], [ 32.133757999000068, 52.04393899900009 ], [ 32.100621790000048, 52.045604832000151 ], [ 32.09552442, 52.033604615000115 ], [ 31.964687393000077, 52.05387399100016 ], [ 31.914594123000143, 52.043223801000067 ], [ 31.959987001000172, 52.075109000000111 ], [ 31.858563239000034, 52.110930689000043 ] ], [ [ 32.810747900000138, 51.601216220000083 ], [ 32.803255957000147, 51.611053071000129 ], [ 32.816596643000082, 51.609754311000131 ], [ 32.810747900000138, 51.601216220000083 ] ] ], [ [ [ 32.564431602000184, 51.452227967000056 ], [ 32.572234195000135, 51.45258976700012 ], [ 32.564439384000082, 51.459412877000148 ], [ 32.564431602000184, 51.452227967000056 ] ] ] ] } },
{ "type": "Feature", "properties": { "pcode": "UA7404", "name": "Nizhynskyi", "oblast_pcode": "UA74", "oblast": "Chernihivska", "area_sqkm": 7222.9952727199998, "city_pop": 0.0, "pop": 158884, "included": true }, "geometry": { "type": "Polygon", "coordinates": [ [ [ 32.633307696000088, 51.461443514000052 ], [ 32.602721127000052, 51.450923432000195 ], [ 32.564913798000077, 51.460626811000054 ], [ 32.555856168000105, 51.456024983000134 ], [ 32.559787683000081, 51.447153865000132 ], [ 32.603171050000071, 51.447022281000102 ], [ 32.608704989000046, 51.423192733000178 ], [ 32.46311887000013, 51.387976087000084 ], [ 32.40613441000005, 51.392721151000103 ], [ 32.383720810000057, 51.413434765000147 ], [ 32.392657732000146, 51.416598073000046 ], [ 32.392971689000092, 51.427365252000186 ], [ 32.357556571000146, 51.419417731000124 ], [ 32.356042494000178, 51.403956939000011 ], [ 32.292822587999979, 51.418783357 ], [ 32.290181744000165, 51.402577327000074 ], [ 32.227172831000132, 51.390248895000184 ], [ 32.22452199900016, 51.373022109000033 ], [ 32.13324919300004, 51.403962814000067 ], [ 32.027209852, 51.380423665000137 ], [ 32.025368608000065, 51.362573925000106 ], [ 31.997382257000027, 51.37098510900006 ], [ 31.987521575000073, 51.353427441 ], [ 32.02864713800011, 51.325855068000124 ], [ 31.985004818999982, 51.311934663000045 ], [ 31.981673087000047, 51.292319930000133 ], [ 31.926559142000031, 51.292411741000137 ], [ 31.876132663000135, 51.235201131000167 ], [ 31.850586332000034, 51.244398751000176 ], [ 31.838844474000155, 51.238001561000033 ], [ 31.848160093000104, 51.232264382000096 ], [ 31.816317146000188, 51.23040011400019 ], [ 31.741084675000025, 51.249458323000113 ], [ 31.659213001000069, 51.224914000000126 ], [ 31.622669983000037, 51.242410909 ], [ 31.496959999000012, 51.215193001000046 ], [ 31.490393934000053, 51.203422243000148 ], [ 31.525233821000143, 51.190594537000152 ], [ 31.440634000000159, 51.17742999900014 ], [ 31.414486044000057, 51.134848524000063 ], [ 31.421097912, 51.12128970100008 ], [ 31.389095617000066, 51.121333790000108 ], [ 31.380752507000068, 51.098295468000117 ], [ 31.316219686000011, 51.103081192000104 ], [ 31.279258800000036, 51.071437747000175 ], [ 31.318730932000165, 51.044110303000082 ], [ 31.267129588000103, 51.027310678000163 ], [ 31.372244821999971, 50.984519850000083 ], [ 31.317114998000022, 50.95133046 ], [ 31.356012356000178, 50.931360698000105 ], [ 31.320227521000106, 50.925464094000176 ], [ 31.306349925000063, 50.905351784000175 ], [ 31.317429121000032, 50.902846956000019 ], [ 31.298647285000129, 50.896140461000186 ], [ 31.299381559000153, 50.871023315000116 ], [ 31.317685768, 50.864816306000193 ], [ 31.291604715000062, 50.858269603000053 ], [ 31.247868351000079, 50.812577303000069 ], [ 31.186102000000176, 50.792401000000154 ], [ 31.241036471000086, 50.751325521000183 ], [ 31.164883613000086, 50.725086435000037 ], [ 31.190824583000051, 50.724468238000156 ], [ 31.190872904000059, 50.702678418000062 ], [ 31.218339338000135, 50.696906766000154 ], [ 31.223702746000185, 50.667303154000194 ], [ 31.199087381000027, 50.644668973000137 ], [ 31.227803344000165, 50.613156045999972 ], [ 31.166040269000177, 50.607501834000061 ], [ 31.165862509000078, 50.589441367000063 ], [ 31.24658034800018, 50.567059833000087 ], [ 31.261876826000162, 50.53920807999998 ], [ 31.319157032000078, 50.528114314000106 ], [ 31.330411494000089, 50.501028235000149 ], [ 31.364370925000173, 50.530750940000132 ], [ 31.444813262000082, 50.500348527000028 ], [ 31.521210168000039, 50.521878961000141 ], [ 31.522258304000047, 50.536122367000019 ], [ 31.554624784000055, 50.519752421000078 ], [ 31.630059528000118, 50.520332001000043 ], [ 31.646776750000072, 50.552739355000028 ], [ 31.685570869000117, 50.563531863000037 ], [ 31.782171678999987, 50.559465358000125 ], [ 31.782046860000094, 50.605674228000169 ], [ 31.885076137999988, 50.639425753000125 ], [ 31.880013874000042, 50.655540577000124 ], [ 31.901015806000089, 50.65861972600004 ], [ 31.895432477000099, 50.674818879000043 ], [ 31.921783930000174, 50.709500477000063 ], [ 31.953318261000163, 50.701776177999989 ], [ 31.968588690000047, 50.714566290000107 ], [ 32.018679605000045, 50.698854355000094 ], [ 32.057764368000164, 50.724523606999981 ], [ 32.048323999000047, 50.731942000000174 ], [ 32.06809, 50.766900000000135 ], [ 32.114926749000176, 50.761547956000186 ], [ 32.098321932000033, 50.782264501000157 ], [ 32.113881046000074, 50.801439469000059 ], [ 32.065863573000172, 50.839620740000043 ], [ 32.073537601000055, 50.863914240000156 ], [ 32.042339101000096, 50.874781124000094 ], [ 32.069033965000131, 50.898522440000136 ], [ 32.055011423000053, 50.90829240100004 ], [ 32.056928005000145, 50.933812063000175 ], [ 32.106980656000076, 50.953991490000135 ], [ 32.091871841000057, 50.980432286000052 ], [ 32.148584962000029, 50.989377356000148 ], [ 32.19025899900015, 51.034321 ], [ 32.225926123000193, 51.020739373000083 ], [ 32.261271545000056, 51.032011452000063 ], [ 32.231354330000158, 51.018627638000055 ], [ 32.266078119000042, 51.019307721000132 ], [ 32.270175368000025, 51.000527346000069 ], [ 32.332389390000117, 51.029704363000064 ], [ 32.365600796000024, 50.998696820000134 ], [ 32.373291744000085, 51.016963741000154 ], [ 32.409403001000044, 51.014919000000134 ], [ 32.395248341000183, 51.039678477000166 ], [ 32.443613590000098, 51.078819795000072 ], [ 32.492438816000117, 51.083396010000115 ], [ 32.526546468000106, 51.065147454000112 ], [ 32.53064310100001, 51.025398467000116 ], [ 32.592208875000154, 51.012836291000042 ], [ 32.613439067000058, 51.026312357000052 ], [ 32.687015366000139, 51.005189322000149 ], [ 32.698295720000033, 50.991647592000049 ], [ 32.690202687000181, 50.947866511000029 ], [ 32.757163312000159, 50.931699711000192 ], [ 32.776301646000036, 50.887284673000181 ], [ 32.793961123000031, 50.889733193999973 ], [ 32.825775699000189, 50.860514794999972 ], [ 32.951642018000086, 50.89742268800012 ], [ 32.975221183000144, 50.918235934000052 ], [ 32.965377628000056, 50.926310625000156 ], [ 33.000136920000159, 50.936482775000172 ], [ 32.98401041700015, 50.939491752000151 ], [ 32.979740612000057, 50.967693594000139 ], [ 33.041601498000091, 50.997194333000095 ], [ 33.084733240000105, 51.03837709000004 ], [ 33.060161805000178, 51.049206115000175 ], [ 33.069149924000044, 51.069207539000047 ], [ 33.037854218000177, 51.07178753300019 ], [ 33.040974924000125, 51.081864938000081 ], [ 32.942483713, 51.089673959000038 ], [ 32.992852581000079, 51.143439484000169 ], [ 32.960387218000164, 51.162643672 ], [ 32.986371607000081, 51.183961909000061 ], [ 32.977102222999974, 51.188357213000131 ], [ 33.041407659000129, 51.205644635000169 ], [ 33.029531589000158, 51.227288827000109 ], [ 33.069080155, 51.255321218000176 ], [ 33.058205246000057, 51.266085511000085 ], [ 33.076322119000054, 51.290042564000146 ], [ 33.040921914000137, 51.29118577100013 ], [ 33.079209356000092, 51.32267419700014 ], [ 32.965788458000134, 51.330905224000048 ], [ 32.964936837000096, 51.345405624000023 ], [ 32.999022628000148, 51.3625859980001 ], [ 32.928477087000033, 51.39430158100015 ], [ 32.946873361000144, 51.402971316000105 ], [ 32.908791078000036, 51.409866641000121 ], [ 32.905801346000089, 51.398558766000065 ], [ 32.898604670000054, 51.419565007000017 ], [ 32.868168749000063, 51.407410822000088 ], [ 32.80047805300012, 51.438730673000066 ], [ 32.746671390000131, 51.432384302000116 ], [ 32.72616506300011, 51.450026776000072 ], [ 32.713939185000186, 51.438399496000102 ], [ 32.633307696000088, 51.461443514000052 ] ], [ [ 32.565768210000101, 51.459846043000084 ], [ 32.564431602000184, 51.452227967000056 ], [ 32.564439384000082, 51.459412877000148 ], [ 32.565768210000101, 51.459846043000084 ] ] ] } },
{ "type": "Feature", "properties": { "pcode": "UA7406", "name": "Novhorod-Siverskyi", "oblast_pcode": "UA74", "oblast": "Chernihivska", "area_sqkm": 4635.2221313500004, "city_pop": 0.0, "pop": 92316, "included": true }, "geometry": { "type": "MultiPolygon", "coordinates": [ [ [ [ 33.305740406000155, 52.351029904000143 ], [ 33.16997496800019, 52.372892961000161 ], [ 33.169491773000118, 52.341708543000095 ], [ 33.138236009000025, 52.346957964000012 ], [ 33.067284085000097, 52.303351010000085 ], [ 33.07209864500004, 52.32640965100012 ], [ 33.060697941000114, 52.328823988000124 ], [ 32.996742748000145, 52.28799009100004 ], [ 32.996143929000084, 52.272204991000137 ], [ 32.960656960999984, 52.273560003000171 ], [ 32.901526472000057, 52.245491647000165 ], [ 32.885278585000151, 52.248809227000038 ], [ 32.884344011000053, 52.27365904300018 ], [ 32.833294323000189, 52.279240805000143 ], [ 32.816948532000026, 52.259220774000084 ], [ 32.754201613000134, 52.266943533000187 ], [ 32.700640752000083, 52.24787183 ], [ 32.607767970000054, 52.305000005000011 ], [ 32.577309117000084, 52.301023658000076 ], [ 32.550113292000106, 52.326521172000184 ], [ 32.503277059000084, 52.327495985000098 ], [ 32.490310990000069, 52.314198027000089 ], [ 32.37649423300013, 52.337594146000129 ], [ 32.351775742000086, 52.31679574400016 ], [ 32.369606013000066, 52.27670456400017 ], [ 32.3931435, 52.278353818000028 ], [ 32.38350659200006, 52.263130484000101 ], [ 32.399877869000079, 52.246860993000155 ], [ 32.346925250000083, 52.245057901000166 ], [ 32.323784787000079, 52.22242408600016 ], [ 32.347158577000073, 52.183216689 ], [ 32.324616744000082, 52.150917643000128 ], [ 32.368179929000178, 52.146672311000032 ], [ 32.21805002200017, 52.082083369000088 ], [ 32.266237717000138, 52.076221137000175 ], [ 32.293962220000139, 52.055056118000039 ], [ 32.383938552000131, 52.059337451000147 ], [ 32.36221169900017, 52.048252283000068 ], [ 32.380320630000085, 52.026344248999976 ], [ 32.405850303000079, 52.024051120000081 ], [ 32.413746217000039, 52.001757460000078 ], [ 32.432362519000094, 52.00883296600017 ], [ 32.413044207000041, 51.981536916000152 ], [ 32.435592883000027, 51.996799503000091 ], [ 32.453872776000026, 51.975116135000121 ], [ 32.509993002000044, 51.987430000000131 ], [ 32.515359248000095, 51.964581849000183 ], [ 32.626975656000184, 51.969377358000031 ], [ 32.630411504999984, 51.916972634000103 ], [ 32.65905421400015, 51.913897423000151 ], [ 32.66341245000018, 51.898987061000128 ], [ 32.747607173000063, 51.934023238000123 ], [ 32.769489085000089, 51.917539537000039 ], [ 32.759858061999978, 51.902761563000126 ], [ 32.81358810100005, 51.888556931000096 ], [ 32.802347692000183, 51.856768144000057 ], [ 32.814583588000062, 51.86694159700005 ], [ 32.817868737000026, 51.849915374000034 ], [ 32.758808662000035, 51.835630366000089 ], [ 32.710584752000045, 51.843080667000038 ], [ 32.729512118000059, 51.822124742000142 ], [ 32.682066738000174, 51.815008085000045 ], [ 32.703476067000111, 51.806032986000048 ], [ 32.713645867000082, 51.775209135000125 ], [ 32.750104794000038, 51.770199090000062 ], [ 32.766854216000127, 51.734476046 ], [ 32.697187580000161, 51.724634747000096 ], [ 32.680104705000076, 51.699060563000103 ], [ 32.686013105000086, 51.679334906000179 ], [ 32.716975929000114, 51.666409958000145 ], [ 32.719409454000129, 51.634479354000177 ], [ 32.764213626000128, 51.639880971000082 ], [ 32.74315153200007, 51.627510823000136 ], [ 32.805572021000103, 51.623497393000036 ], [ 32.804254438000044, 51.613484284000151 ], [ 32.83093410400005, 51.623850680000032 ], [ 32.816615602000184, 51.606990473999986 ], [ 32.834642559000031, 51.61095691200012 ], [ 32.829520649000074, 51.580807284000059 ], [ 32.847691674000146, 51.568997351000121 ], [ 32.788339341000153, 51.577217846000053 ], [ 32.749604789000102, 51.559627087000024 ], [ 32.760160570000153, 51.555523866000101 ], [ 32.690593568000111, 51.554044892000093 ], [ 32.676847734000148, 51.541601072000105 ], [ 32.656405000000177, 51.556110000000103 ], [ 32.651078555000083, 51.541241786 ], [ 32.625858847000075, 51.539058612000019 ], [ 32.630680977999987, 51.523038994000103 ], [ 32.607811612000148, 51.519998073000124 ], [ 32.610550612999987, 51.500658187000056 ], [ 32.628314185000193, 51.497318497000151 ], [ 32.622197585000038, 51.48337419 ], [ 32.667524315000094, 51.484631990000196 ], [ 32.665154357000119, 51.478886901000124 ], [ 32.674720374000174, 51.469371313000067 ], [ 32.686835018000124, 51.485862787000144 ], [ 32.730356855000025, 51.474135865000108 ], [ 32.71785569400015, 51.453334966000057 ], [ 32.743603966000023, 51.433008095000162 ], [ 32.796523608000086, 51.43943760500008 ], [ 32.868168749000063, 51.407410822000088 ], [ 32.898604670000054, 51.419565007000017 ], [ 32.905801346000089, 51.398558766000065 ], [ 32.908791078000036, 51.409866641000121 ], [ 32.946873361000144, 51.402971316000105 ], [ 32.928477087000033, 51.39430158100015 ], [ 32.999022628000148, 51.3625859980001 ], [ 32.959404977000133, 51.334671735000029 ], [ 33.013017001000094, 51.320891000000131 ], [ 33.026702, 51.333369000000118 ], [ 33.06541, 51.326258000000109 ], [ 33.074622205000082, 51.340674424000099 ], [ 33.037568324000119, 51.34567612900014 ], [ 33.040925348000087, 51.367722165000089 ], [ 33.016568641000163, 51.395738023000149 ], [ 33.045745626000098, 51.411135678000051 ], [ 33.057744340000113, 51.404026871000156 ], [ 33.039581757, 51.391386511000178 ], [ 33.06034684600013, 51.369988621 ], [ 33.106532634000075, 51.365375549000078 ], [ 33.110850269000025, 51.379968152000174 ], [ 33.090843673000052, 51.389683232000039 ], [ 33.13327500000014, 51.382813 ], [ 33.135381113000051, 51.399476385000014 ], [ 33.11964503400003, 51.403702574000192 ], [ 33.13455402500017, 51.416593214000102 ], [ 33.113092569000116, 51.42836684800011 ], [ 33.134182999000188, 51.491974000000141 ], [ 33.192938044000186, 51.512624619 ], [ 33.159181814000135, 51.571419516999981 ], [ 33.22231423900007, 51.580305835000047 ], [ 33.154464649000033, 51.607477086000131 ], [ 33.154504836000058, 51.641878993000034 ], [ 33.127669655000034, 51.642915175000155 ], [ 33.140056091000133, 51.678516027000057 ], [ 33.165135389000056, 51.680339066000158 ], [ 33.144510587000127, 51.691209372000174 ], [ 33.171671299000138, 51.69929263500012 ], [ 33.078333565000037, 51.775575170000081 ], [ 33.146973478000064, 51.816489112000113 ], [ 33.122723631000099, 51.863554089000104 ], [ 33.179797128000189, 51.885190689000069 ], [ 33.170667955000056, 51.900655294000046 ], [ 33.187508164000121, 51.912402021000048 ], [ 33.220887757000185, 51.904761358000144 ], [ 33.25301300000018, 51.926231 ], [ 33.355079866000096, 51.930273899000099 ], [ 33.370862872000032, 51.953543215000025 ], [ 33.395490075999987, 51.95490111600003 ], [ 33.337160533000088, 52.006889238000099 ], [ 33.304217944000129, 52.013455597000132 ], [ 33.31600951900009, 52.031677726000112 ], [ 33.403231120000157, 52.051192854000135 ], [ 33.430385337000075, 52.025695929000165 ], [ 33.500618978000148, 52.038531677000151 ], [ 33.500015491, 52.08927211200006 ], [ 33.437072331000024, 52.087044809000076 ], [ 33.444959977000167, 52.097846488000073 ], [ 33.409705265000127, 52.115389716000152 ], [ 33.417193716000043, 52.123098255000116 ], [ 33.344012387000191, 52.145690847000026 ], [ 33.322585367000102, 52.136196580000046 ], [ 33.336926400000152, 52.161164322000161 ], [ 33.309800583000083, 52.184752847000141 ], [ 33.331235055000093, 52.201805679000131 ], [ 33.314644865000162, 52.215500799000097 ], [ 33.366437852000161, 52.232946290000029 ], [ 33.358117541000183, 52.258325536000086 ], [ 33.387226531000067, 52.271343779000119 ], [ 33.376862256999971, 52.275379441000041 ], [ 33.386779000000104, 52.297067 ], [ 33.393635288000041, 52.302128495000147 ], [ 33.399730047000105, 52.299172854000062 ], [ 33.402829770000153, 52.302121495000051 ], [ 33.386001677000024, 52.316048976000047 ], [ 33.400126205000163, 52.313444824000044 ], [ 33.428887583000119, 52.345258192000074 ], [ 33.409585217000142, 52.350398295000048 ], [ 33.416637868000066, 52.360557002000064 ], [ 33.380385811000053, 52.372245092000128 ], [ 33.305740406000155, 52.351029904000143 ] ] ], [ [ [ 32.81208138400018, 51.602086707000069 ], [ 32.803255957000147, 51.611053071000129 ], [ 32.799857003000113, 51.601959447000183 ], [ 32.81208138400018, 51.602086707000069 ] ] ] ] } },
{ "type": "Feature", "properties": { "pcode": "UA7408", "name": "Prylutskyi", "oblast_pcode": "UA74", "oblast": "Chernihivska", "area_sqkm": 5212.7174011500001, "city_pop": 0.0, "pop": 125600, "included": true }, "geometry": { "type": "Polygon", "coordinates": [ [ [ 32.535965900000178, 51.024315740000134 ], [ 32.526546468000106, 51.065147454000112 ], [ 32.492438816000117, 51.083396010000115 ], [ 32.434531383000092, 51.077134526000179 ], [ 32.395248341000183, 51.039678477000166 ], [ 32.409403001000044, 51.014919000000134 ], [ 32.373291744000085, 51.016963741000154 ], [ 32.365600796000024, 50.998696820000134 ], [ 32.332389390000117, 51.029704363000064 ], [ 32.270175368000025, 51.000527346000069 ], [ 32.266078119000042, 51.019307721000132 ], [ 32.231354330000158, 51.018627638000055 ], [ 32.262336950000019, 51.024321146000034 ], [ 32.261271545000056, 51.032011452000063 ], [ 32.225926123000193, 51.020739373000083 ], [ 32.19025899900015, 51.034321 ], [ 32.148584962000029, 50.989377356000148 ], [ 32.091871841000057, 50.980432286000052 ], [ 32.106980656000076, 50.953991490000135 ], [ 32.056928005000145, 50.933812063000175 ], [ 32.055011423000053, 50.90829240100004 ], [ 32.069033965000131, 50.898522440000136 ], [ 32.042339101000096, 50.874781124000094 ], [ 32.073537601000055, 50.863914240000156 ], [ 32.065863573000172, 50.839620740000043 ], [ 32.113881046000074, 50.801439469000059 ], [ 32.098321932000033, 50.782264501000157 ], [ 32.114926749000176, 50.761547956000186 ], [ 32.06809, 50.766900000000135 ], [ 32.048323999000047, 50.731942000000174 ], [ 32.057764368000164, 50.724523606999981 ], [ 32.018679605000045, 50.698854355000094 ], [ 31.968588690000047, 50.714566290000107 ], [ 31.953318261000163, 50.701776177999989 ], [ 31.921783930000174, 50.709500477000063 ], [ 31.895432477000099, 50.674818879000043 ], [ 31.901015806000089, 50.65861972600004 ], [ 31.858987000000184, 50.632042496000167 ], [ 31.914099445000033, 50.595057265000037 ], [ 31.952128078000158, 50.544079256000146 ], [ 32.063453412000172, 50.54077263400012 ], [ 32.051438879000045, 50.523500131000162 ], [ 32.064050061000046, 50.511729445000071 ], [ 32.046922885000129, 50.496045305000166 ], [ 31.962997376000146, 50.485125492000179 ], [ 31.979525407000153, 50.48139290000006 ], [ 31.973360868000157, 50.466464019000057 ], [ 32.023505674000148, 50.458621848000178 ], [ 32.044506444000092, 50.401647911000111 ], [ 32.102383896000049, 50.412674428000059 ], [ 32.074380680000104, 50.372787850000122 ], [ 32.154665506000072, 50.376530912000192 ], [ 32.143312643000115, 50.348251211000047 ], [ 32.216361689000166, 50.357971169000109 ], [ 32.254504742, 50.346845765000126 ], [ 32.268873604000134, 50.351950751000061 ], [ 32.254586879000158, 50.352288378000026 ], [ 32.263985018000142, 50.362501667000174 ], [ 32.25159527600016, 50.373821151000072 ], [ 32.290181138000094, 50.379475311000192 ], [ 32.337051413000154, 50.42796040900015 ], [ 32.493219164000038, 50.399202633000129 ], [ 32.485919643000102, 50.369182927000168 ], [ 32.525066521000099, 50.345665855 ], [ 32.671646369000143, 50.368963189000112 ], [ 32.670745703000193, 50.358030772000177 ], [ 32.793198913000026, 50.346048660000179 ], [ 32.789840200000071, 50.370890110000119 ], [ 32.916977287000122, 50.408088700000064 ], [ 32.912063040000191, 50.42362488100008 ], [ 32.969801835000112, 50.448907973000132 ], [ 32.972780406000084, 50.475796521000063 ], [ 33.016190945000176, 50.47072075400007 ], [ 33.022863763000032, 50.501418433000083 ], [ 33.065279573000169, 50.519827848000148 ], [ 33.048719835000099, 50.540934704000051 ], [ 33.122907207000026, 50.595754719000013 ], [ 33.10270802399998, 50.602152772000125 ], [ 33.117564425000069, 50.647629849000168 ], [ 33.146781519000058, 50.654975510000156 ], [ 33.151155666000079, 50.693805988000122 ], [ 33.13582738600013, 50.71083752100003 ], [ 33.239357369000174, 50.732138047000149 ], [ 33.189601955000114, 50.746527226000069 ], [ 33.15337841000013, 50.793027828000163 ], [ 33.169035039000164, 50.799606861000143 ], [ 33.155125352000084, 50.827931749000015 ], [ 33.185268471000029, 50.848203848000026 ], [ 33.169162266000114, 50.850694564000037 ], [ 33.181069647000072, 50.867015879000178 ], [ 33.170417107999981, 50.887950131000196 ], [ 33.210505515000193, 50.90184584400015 ], [ 33.197088054000176, 50.919973830000117 ], [ 33.200239377000059, 50.961553494000157 ], [ 33.136955572000033, 50.961444009000104 ], [ 33.117857069000138, 51.00676224900019 ], [ 33.078161705000014, 50.991731845 ], [ 33.079530487000113, 50.980198988000154 ], [ 33.039308001000109, 50.999712000000102 ], [ 33.011286001000087, 50.993471000000113 ], [ 32.976562000000172, 50.963338000000192 ], [ 32.997886172000051, 50.931193180000093 ], [ 32.966683232999969, 50.927221015000157 ], [ 32.975221183000144, 50.918235934000052 ], [ 32.938935503999971, 50.89021464800004 ], [ 32.834202935000064, 50.85928743900007 ], [ 32.776301646000036, 50.887284673000181 ], [ 32.757163312000159, 50.931699711000192 ], [ 32.690202687000181, 50.947866511000029 ], [ 32.698295720000033, 50.991647592000049 ], [ 32.687015366000139, 51.005189322000149 ], [ 32.613439067000058, 51.026312357000052 ], [ 32.592208875000154, 51.012836291000042 ], [ 32.535965900000178, 51.024315740000134 ] ] ] } },
{ "type": "Feature", "properties": { "pcode": "UA7410", "name": "Chernihivskyi", "oblast_pcode": "UA74", "oblast": "Chernihivska", "area_sqkm": 10229.50714182, "city_pop": 276927.0, "pop": 471608, "included": true }, "geometry": { "type": "Polygon", "coordinates": [ [ [ 31.431180844000096, 52.143209314000103 ], [ 31.324880321000137, 52.104965735000178 ], [ 31.297759173000031, 52.051770864000162 ], [ 31.25361381100015, 52.04217071000005 ], [ 31.218763280000076, 52.05490893100017 ], [ 31.213073125000051, 52.07135730300007 ], [ 31.160789163000061, 52.078136798000116 ], [ 31.139750314000025, 52.103111364000085 ], [ 30.993129801000123, 52.077790869000012 ], [ 30.94973700100013, 52.089440000000138 ], [ 30.952432349000048, 52.075453411000069 ], [ 30.932051174000094, 52.071986651000088 ], [ 30.94865097700017, 52.054819788000032 ], [ 30.933305446000134, 52.039456102000145 ], [ 30.939682063000078, 52.013548615000161 ], [ 30.89505254200003, 52.002419117000159 ], [ 30.911003257000061, 51.98819930000019 ], [ 30.88488983600007, 51.984456822000141 ], [ 30.889004084000135, 51.968749031000186 ], [ 30.860146530000065, 51.972429771000066 ], [ 30.80563252900015, 51.947417958000131 ], [ 30.825187929000094, 51.92115769500009 ], [ 30.802200438000114, 51.898859495000067 ], [ 30.749888507000037, 51.903922950000037 ], [ 30.706873988000154, 51.866735676000189 ], [ 30.69144502000006, 51.827661793000061 ], [ 30.660554968000042, 51.816951158000165 ], [ 30.668670078, 51.78960171000017 ], [ 30.611913389, 51.765376753000112 ], [ 30.650919844000043, 51.760381097000163 ], [ 30.625361615000031, 51.713744502000111 ], [ 30.560809215000063, 51.704195562000166 ], [ 30.579278150999983, 51.645467458000041 ], [ 30.548555443000112, 51.64267871200019 ], [ 30.556863783000097, 51.623587466000117 ], [ 30.506398662000038, 51.600215411000136 ], [ 30.553819498000053, 51.578408364000154 ], [ 30.527022794000118, 51.570003535000069 ], [ 30.545873764000191, 51.542720689000078 ], [ 30.584899482000139, 51.544765865000045 ], [ 30.567477925000105, 51.514113088000158 ], [ 30.607460582999977, 51.466468855000073 ], [ 30.577770170000178, 51.446572661000175 ], [ 30.590351085000123, 51.423881191000135 ], [ 30.621355933000075, 51.426739658000088 ], [ 30.65357220300001, 51.37737472900011 ], [ 30.633791107000093, 51.359153188000107 ], [ 30.653836952000177, 51.342929353000045 ], [ 30.574486034000074, 51.305571608000037 ], [ 30.568772077000062, 51.270034824999982 ], [ 30.538952420000044, 51.259508569000161 ], [ 30.558405407000123, 51.232564406000051 ], [ 30.505728031000046, 51.227214685000149 ], [ 30.530439142000148, 51.200589665000052 ], [ 30.516372131000026, 51.185792436999975 ], [ 30.538784173000067, 51.178339175000076 ], [ 30.490409880000129, 51.163348098000029 ], [ 30.51720685700019, 51.110990033000178 ], [ 30.484425196000018, 51.092298355000139 ], [ 30.510194313000113, 51.07372286400016 ], [ 30.493437479000079, 51.049853415000086 ], [ 30.499374084000067, 51.019052179000084 ], [ 30.601335295000183, 51.026842073000182 ], [ 30.602836430000139, 51.00928704800009 ], [ 30.640974105000055, 51.003145213000039 ], [ 30.672876236000036, 50.90619270100018 ], [ 30.734561887000041, 50.898217202000126 ], [ 30.771491480000179, 50.874530212000138 ], [ 30.766469443000062, 50.813729453000178 ], [ 30.732332598000028, 50.812499516000116 ], [ 30.750796727000193, 50.798445525000147 ], [ 30.739919213000064, 50.771379962000083 ], [ 30.836876302000064, 50.763957607000179 ], [ 30.848349013000131, 50.782303215000184 ], [ 30.87058776300006, 50.786052561000076 ], [ 30.831631311000137, 50.754208073000143 ], [ 30.864935430000173, 50.744494899000074 ], [ 30.889100249000023, 50.77352539400016 ], [ 30.949876484000072, 50.757248034000042 ], [ 31.06949351600008, 50.764715586000079 ], [ 31.07586580300017, 50.781338521000123 ], [ 31.126408473000026, 50.774840076000032 ], [ 31.121756982000193, 50.749772665000137 ], [ 31.148860948000106, 50.737825840000085 ], [ 31.201989699000137, 50.733679512000037 ], [ 31.210565056000121, 50.749219891000052 ], [ 31.241036471000086, 50.751325521000183 ], [ 31.186102000000176, 50.792401000000154 ], [ 31.247868351000079, 50.812577303000069 ], [ 31.291604715000062, 50.858269603000053 ], [ 31.317685768, 50.864816306000193 ], [ 31.299381559000153, 50.871023315000116 ], [ 31.298647285000129, 50.896140461000186 ], [ 31.317429121000032, 50.902846956000019 ], [ 31.308687146000125, 50.913133388000062 ], [ 31.355604531000097, 50.928404375000184 ], [ 31.317114998000022, 50.95133046 ], [ 31.369276316000025, 50.990055929000107 ], [ 31.267129588000103, 51.027310678000163 ], [ 31.318730932000165, 51.044110303000082 ], [ 31.279258800000036, 51.071437747000175 ], [ 31.316219686000011, 51.103081192000104 ], [ 31.380752507000068, 51.098295468000117 ], [ 31.389095617000066, 51.121333790000108 ], [ 31.421097912, 51.12128970100008 ], [ 31.414486044000057, 51.134848524000063 ], [ 31.440634000000159, 51.17742999900014 ], [ 31.525233821000143, 51.190594537000152 ], [ 31.490393934000053, 51.203422243000148 ], [ 31.54386093300019, 51.233231909000096 ], [ 31.622669983000037, 51.242410909 ], [ 31.659213001000069, 51.224914000000126 ], [ 31.741084675000025, 51.249458323000113 ], [ 31.816317146000188, 51.23040011400019 ], [ 31.848160093000104, 51.232264382000096 ], [ 31.838844474000155, 51.238001561000033 ], [ 31.850586332000034, 51.244398751000176 ], [ 31.876132663000135, 51.235201131000167 ], [ 31.926559142000031, 51.292411741000137 ], [ 31.981673087000047, 51.292319930000133 ], [ 31.985004818999982, 51.311934663000045 ], [ 32.02864713800011, 51.325855068000124 ], [ 31.987521575000073, 51.353427441 ], [ 31.997853948000113, 51.367486963000147 ], [ 31.970011903999989, 51.34813957900019 ], [ 31.963831608000078, 51.363416705000191 ], [ 31.897540111000183, 51.369341170000041 ], [ 31.857667303000142, 51.413003212000035 ], [ 31.82438687400014, 51.417042340000137 ], [ 31.81767306800009, 51.429863763000014 ], [ 31.838947930000188, 51.445693041000027 ], [ 31.821200391, 51.478963292000117 ], [ 31.833857286000182, 51.495018173000062 ], [ 31.816590289000146, 51.504344377000052 ], [ 31.849547084, 51.505118369000172 ], [ 31.845738001000086, 51.540361000000132 ], [ 31.881501594000042, 51.580810675000066 ], [ 31.878346231000137, 51.607845448000035 ], [ 31.804694036, 51.629544828000121 ], [ 31.809603147000018, 51.655373140000165 ], [ 31.790640571000154, 51.662394680000091 ], [ 31.779862846000185, 51.730568513000094 ], [ 31.73222740600005, 51.727989648000175 ], [ 31.760231143000055, 51.744571003000146 ], [ 31.649348279000094, 51.780418130000044 ], [ 31.660386540000104, 51.794937999000183 ], [ 31.663674775000118, 51.791430565000041 ], [ 31.674451783000109, 51.788935564000099 ], [ 31.633353918000012, 51.810214980000069 ], [ 31.693077517, 51.865781584999979 ], [ 31.6657534900001, 51.881414601000131 ], [ 31.67482263100004, 51.896932637000134 ], [ 31.663109358000156, 51.900815991000115 ], [ 31.70498173500016, 51.921967383000094 ], [ 31.817278303000023, 51.907831207000015 ], [ 31.798087110000154, 51.929357232000029 ], [ 31.808487198000194, 51.941186737000123 ], [ 31.763100006000059, 51.963186012000051 ], [ 31.765727343000094, 51.984743607000155 ], [ 31.799877751000054, 51.993458897999972 ], [ 31.790788389999989, 52.021151921000069 ], [ 31.802151872000024, 52.025510151999981 ], [ 31.789788908999981, 52.040673705000074 ], [ 31.786503560000028, 52.030362732000071 ], [ 31.767131966000022, 52.034091686000011 ], [ 31.783408084000087, 52.050417492000065 ], [ 31.773886454000092, 52.061607619000029 ], [ 31.810089618000063, 52.069957852000186 ], [ 31.816987871000151, 52.098692799000162 ], [ 31.784643094000103, 52.112155912000105 ], [ 31.721971316000179, 52.095818237000174 ], [ 31.66090713900013, 52.116604269000163 ], [ 31.483257222000191, 52.116498621000119 ], [ 31.431180844000096, 52.143209314000103 ] ], [ [ 30.708855350000135, 51.553079579000098 ], [ 30.785311195000077, 51.538846259000138 ], [ 30.789218519000087, 51.522859796000034 ], [ 30.782252862000064, 51.511851222000075 ], [ 30.698726798, 51.522135311 ], [ 30.658409979000112, 51.518665229000135 ], [ 30.652078414000187, 51.523335823000025 ], [ 30.631360532000144, 51.51562960300015 ], [ 30.628517177000163, 51.514989378 ], [ 30.60483899400009, 51.515420432000155 ], [ 30.601728126000069, 51.510517854000057 ], [ 30.585740289000171, 51.51587798800017 ], [ 30.71012426100009, 51.530868 ], [ 30.708855350000135, 51.553079579000098 ] ], [ [ 30.665656652000109, 51.513427961000048 ], [ 30.663989394000168, 51.510243102000061 ], [ 30.662893237000162, 51.512790232000157 ], [ 30.665656652000109, 51.513427961000048 ] ], [ [ 30.773440373000028, 51.509113527000125 ], [ 30.776516055000172, 51.511682533000055 ], [ 30.77683074000015, 51.509217512000134 ], [ 30.773440373000028, 51.509113527000125 ] ], [ [ 30.747857795000016, 51.51441891900015 ], [ 30.751870327, 51.515125980000107 ], [ 30.755115411000133, 51.514719667000179 ], [ 30.747857795000016, 51.51441891900015 ] ] ] } },
{ "type": "Feature", "properties": { "pcode": "UA8000", "name": "Kyiv", "oblast_pcode": "UA80", "oblast": "Kyiv", "area_sqkm": 823.1909526, "city_pop": 0.0, "pop": 2910994, "included": true }, "geometry": { "type": "Polygon", "coordinates": [ [ [ 30.817408694000108, 50.564601218000121 ], [ 30.717248055000084, 50.589750457999969 ], [ 30.714150790000076, 50.555520371000114 ], [ 30.664957518000165, 50.551788077000026 ], [ 30.654008707000116, 50.533941231000028 ], [ 30.556335074000174, 50.539114746000109 ], [ 30.567159688000174, 50.515632032000099 ], [ 30.462868429000139, 50.584425348000082 ], [ 30.37100411800003, 50.586436827000171 ], [ 30.370747072000086, 50.573402798000075 ], [ 30.307402122000042, 50.570583810000073 ], [ 30.341889639000101, 50.556931800000086 ], [ 30.298026716000038, 50.554413786000111 ], [ 30.302582070000028, 50.533073772000137 ], [ 30.263473099, 50.514695814999982 ], [ 30.270317601000045, 50.498115604000134 ], [ 30.251858532000142, 50.484943234000184 ], [ 30.236491069000067, 50.430672762000142 ], [ 30.26930809900017, 50.42621181700008 ], [ 30.281260137, 50.447320785000102 ], [ 30.345661109000048, 50.453592790000073 ], [ 30.369132068000056, 50.42096681400011 ], [ 30.442174043000136, 50.381455737000067 ], [ 30.437633506000054, 50.356927343999985 ], [ 30.468393041000013, 50.360128800000041 ], [ 30.475261044000149, 50.333180387000084 ], [ 30.533628765, 50.317111497000155 ], [ 30.52810611600006, 50.290297771000041 ], [ 30.546230080000043, 50.291005809000183 ], [ 30.553797121000059, 50.269645378000064 ], [ 30.563781661000178, 50.277145368000106 ], [ 30.593474110000159, 50.213303431000043 ], [ 30.643160104000174, 50.225789754000175 ], [ 30.646707027000105, 50.239724788000103 ], [ 30.609901099000126, 50.278572748000101 ], [ 30.648803404000091, 50.292584446000149 ], [ 30.61167447400004, 50.346120970000072 ], [ 30.642074424000043, 50.337728928000104 ], [ 30.636278814000093, 50.36103905900012 ], [ 30.679355851000139, 50.371301876000075 ], [ 30.668659192000177, 50.359654834000082 ], [ 30.696783099000072, 50.347287817000108 ], [ 30.713188117000072, 50.354442821000021 ], [ 30.717208117000155, 50.382511747000081 ], [ 30.762269295000181, 50.374957702000074 ], [ 30.77603111600007, 50.394747825000138 ], [ 30.826537442000131, 50.403945961000034 ], [ 30.742848944000116, 50.458409532000189 ], [ 30.759839939000074, 50.483503062000068 ], [ 30.737736626000071, 50.498925648000181 ], [ 30.761921648000055, 50.509020781000117 ], [ 30.752614424000058, 50.518556561000025 ], [ 30.823289418000115, 50.537035194000168 ], [ 30.817408694000108, 50.564601218000121 ] ], [ [ 30.72154615200003, 50.521934633000114 ], [ 30.750876502000153, 50.524319787000138 ], [ 30.751992562000112, 50.518510801000161 ], [ 30.723472501000174, 50.510995380000168 ], [ 30.72154615200003, 50.521934633000114 ] ], [ [ 30.337319164, 50.49633682800004 ], [ 30.351776089000111, 50.484580822000055 ], [ 30.335788056000183, 50.4832167510001 ], [ 30.318841324000061, 50.487567985000055 ], [ 30.337319164, 50.49633682800004 ] ] ] } },
{ "type": "Feature", "properties": { "pcode": "UA8500", "name": "Sevastopol", "oblast_pcode": "UA85", "oblast": "Sevastopol", "area_sqkm": 57.44771938, "city_pop": 0.0, "pop": 393455, "included": false }, "geometry": { "type": "MultiPolygon", "coordinates": [ [ [ [ 33.527071291000084, 44.618792467000105 ], [ 33.499907625000162, 44.603902474999984 ], [ 33.474068359000057, 44.611812814000189 ], [ 33.47100618200011, 44.6049738480001 ], [ 33.474546760000123, 44.601933448000068 ], [ 33.471656857000028, 44.592189899000061 ], [ 33.468225168, 44.611812189000034 ], [ 33.448186484000075, 44.594865927000171 ], [ 33.434516851000126, 44.603609163000044 ], [ 33.433345314000121, 44.582256346000179 ], [ 33.47433931900008, 44.567921925000121 ], [ 33.503253524000172, 44.576012921000085 ], [ 33.528189999000062, 44.54919400000017 ], [ 33.530677520000097, 44.586073682000176 ], [ 33.580964, 44.574612 ], [ 33.569942969000067, 44.613571935000152 ], [ 33.531962142000168, 44.617068805000144 ], [ 33.536875659000032, 44.614615334000064 ], [ 33.537287773000173, 44.611078178000128 ], [ 33.527934494000192, 44.597239123000065 ], [ 33.527071291000084, 44.618792467000105 ] ] ], [ [ [ 33.59725163600018, 44.523610338000083 ], [ 33.578894605000187, 44.50965655300007 ], [ 33.59934078100008, 44.495874657000172 ], [ 33.621890602000065, 44.51474849300007 ], [ 33.59725163600018, 44.523610338000083 ] ] ], [ [ [ 33.604932533000181, 44.594652896000014 ], [ 33.600536167000087, 44.598766266000041 ], [ 33.609978709000075, 44.587584549000042 ], [ 33.604932533000181, 44.594652896000014 ] ] ], [ [ [ 33.557224926000174, 44.645477745000051 ], [ 33.518097292000164, 44.637512517 ], [ 33.509602123000093, 44.624522263000074 ], [ 33.572299210999972, 44.622466173000134 ], [ 33.557224926000174, 44.645477745000051 ] ] ] ] } }
]
}
