replicate	draw	time	daily_cases
1	1	0	0
1	1	1	0
1	1	2	0
1	1	3	0
1	1	4	0
1	1	5	0
1	1	6	0
1	1	7	0
1	1	8	3
1	1	9	0
1	1	10	0
1	1	11	0
1	1	12	0
1	1	13	0
1	1	14	0
1	1	15	0
1	1	16	1
1	1	17	0
1	1	18	2
1	1	19	2
1	1	20	0
1	1	21	0
1	1	22	0
1	1	23	0
1	1	24	0
1	1	25	1
1	1	26	0
1	1	27	0
1	1	28	0
1	1	29	0
1	1	30	0
1	1	31	0
1	1	32	1
1	1	33	0
1	1	34	2
1	1	35	3
1	1	36	2
1	1	37	0
2	2	0	0
2	2	1	0
2	2	2	0
2	2	3	2
2	2	4	0
2	2	5	0
2	2	6	0
2	2	7	0
2	2	8	1
2	2	9	0
2	2	10	0
2	2	11	0
2	2	12	0
2	2	13	0
2	2	14	0
2	2	15	0
2	2	16	0
2	2	17	0
2	2	18	0
2	2	19	0
2	2	20	0
2	2	21	0
2	2	22	0
2	2	23	0
2	2	24	0
2	2	25	0
2	2	26	0
2	2	27	0
2	2	28	0
2	2	29	0
2	2	30	0
2	2	31	0
2	2	32	0
2	2	33	0
2	2	34	0
2	2	35	0
2	2	36	0
2	2	37	0
3	3	0	0
3	3	1	0
3	3	2	0
3	3	3	1
3	3	4	0
3	3	5	0
3	3	6	0
3	3	7	0
3	3	8	0
3	3	9	0
3	3	10	0
3	3	11	0
3	3	12	0
3	3	13	2
3	3	14	0
3	3	15	0
3	3	16	0
3	3	17	0
3	3	18	0
3	3	19	0
3	3	20	0
3	3	21	0
3	3	22	0
3	3	23	0
3	3	24	0
3	3	25	0
3	3	26	0
3	3	27	0
3	3	28	0
3	3	29	0
3	3	30	0
3	3	31	0
3	3	32	0
3	3	33	0
3	3	34	0
3	3	35	0
3	3	36	0
3	3	37	0
4	4	0	0
4	4	1	0
4	4	2	4
4	4	3	0
4	4	4	0
4	4	5	0
4	4	6	0
4	4	7	0
4	4	8	0
4	4	9	0
4	4	10	0
4	4	11	0
4	4	12	0
4	4	13	0
4	4	14	0
4	4	15	0
4	4	16	0
4	4	17	0
4	4	18	0
4	4	19	0
4	4	20	0
4	4	21	0
4	4	22	0
4	4	23	0
4	4	24	0
4	4	25	0
4	4	26	0
4	4	27	0
4	4	28	0
4	4	29	0
4	4	30	0
4	4	31	0
4	4	32	0
4	4	33	0
4	4	34	0
4	4	35	0
4	4	36	0
4	4	37	0
5	5	0	0
5	5	1	0
5	5	2	0
5	5	3	0
5	5	4	0
5	5	5	0
5	5	6	0
5	5	7	0
5	5	8	0
5	5	9	0
5	5	10	0
5	5	11	0
5	5	12	0
5	5	13	0
5	5	14	0
5	5	15	0
5	5	16	0
5	5	17	1
5	5	18	0
5	5	19	0
5	5	20	0
5	5	21	0
5	5	22	0
5	5	23	0
5	5	24	0
5	5	25	0
5	5	26	0
5	5	27	1
5	5	28	0
5	5	29	0
5	5	30	0
5	5	31	0
5	5	32	0
5	5	33	0
5	5	34	0
5	5	35	0
5	5	36	0
5	5	37	0
6	6	0	0
6	6	1	1
6	6	2	0
6	6	3	0
6	6	4	0
6	6	5	2
6	6	6	0
6	6	7	0
6	6	8	0
6	6	9	1
6	6	10	1
6	6	11	0
6	6	12	1
6	6	13	0
6	6	14	0
6	6	15	0
6	6	16	0
6	6	17	0
6	6	18	0
6	6	19	2
6	6	20	3
6	6	21	5
6	6	22	2
6	6	23	1
6	6	24	0
6	6	25	3
6	6	26	2
6	6	27	3
6	6	28	4
6	6	29	7
6	6	30	2
6	6	31	5
6	6	32	7
6	6	33	5
6	6	34	4
6	6	35	8
6	6	36	1
6	6	37	5
7	7	0	0
7	7	1	0
7	7	2	0
7	7	3	0
7	7	4	0
7	7	5	0
7	7	6	0
7	7	7	2
7	7	8	0
7	7	9	0
7	7	10	0
7	7	11	0
7	7	12	0
7	7	13	0
7	7	14	0
7	7	15	2
7	7	16	2
7	7	17	0
7	7	18	0
7	7	19	0
7	7	20	3
7	7	21	0
7	7	22	0
7	7	23	0
7	7	24	0
7	7	25	0
7	7	26	1
7	7	27	1
7	7	28	0
7	7	29	0
7	7	30	1
7	7	31	0
7	7	32	0
7	7	33	3
7	7	34	0
7	7	35	8
7	7	36	0
7	7	37	0
8	8	0	0
8	8	1	1
8	8	2	0
8	8	3	0
8	8	4	0
8	8	5	0
8	8	6	0
8	8	7	0
8	8	8	0
8	8	9	0
8	8	10	2
8	8	11	1
8	8	12	1
8	8	13	3
8	8	14	0
8	8	15	1
8	8	16	1
8	8	17	0
8	8	18	0
8	8	19	3
8	8	20	2
8	8	21	0
8	8	22	4
8	8	23	3
8	8	24	5
8	8	25	1
8	8	26	4
8	8	27	9
8	8	28	3
8	8	29	2
8	8	30	2
8	8	31	1
8	8	32	2
8	8	33	2
8	8	34	0
8	8	35	6
8	8	36	0
8	8	37	1
9	9	0	0
9	9	1	0
9	9	2	0
9	9	3	0
9	9	4	0
9	9	5	2
9	9	6	0
9	9	7	2
9	9	8	0
9	9	9	0
9	9	10	0
9	9	11	0
9	9	12	0
9	9	13	0
9	9	14	1
9	9	15	0
9	9	16	0
9	9	17	2
9	9	18	3
9	9	19	1
9	9	20	0
9	9	21	0
9	9	22	0
9	9	23	1
9	9	24	1
9	9	25	2
9	9	26	0
9	9	27	3
9	9	28	0
9	9	29	2
9	9	30	0
9	9	31	2
9	9	32	0
9	9	33	0
9	9	34	0
9	9	35	2
9	9	36	0
9	9	37	1
10	10	0	0
10	10	1	0
10	10	2	2
10	10	3	0
10	10	4	0
10	10	5	0
10	10	6	3
10	10	7	0
10	10	8	0
10	10	9	0
10	10	10	1
10	10	11	0
10	10	12	0
10	10	13	0
10	10	14	0
10	10	15	0
10	10	16	0
10	10	17	0
10	10	18	0
10	10	19	0
10	10	20	0
10	10	21	0
10	10	22	0
10	10	23	0
10	10	24	0
10	10	25	0
10	10	26	0
10	10	27	0
10	10	28	0
10	10	29	0
10	10	30	0
10	10	31	0
10	10	32	0
10	10	33	0
10	10	34	0
10	10	35	0
10	10	36	0
10	10	37	0
11	11	0	0
11	11	1	0
11	11	2	0
11	11	3	0
11	11	4	0
11	11	5	0
11	11	6	0
11	11	7	0
11	11	8	0
11	11	9	0
11	11	10	0
11	11	11	0
11	11	12	2
11	11	13	0
11	11	14	0
11	11	15	0
11	11	16	0
11	11	17	0
11	11	18	0
11	11	19	0
11	11	20	0
11	11	21	0
11	11	22	0
11	11	23	0
11	11	24	0
11	11	25	0
11	11	26	0
11	11	27	0
11	11	28	0
11	11	29	0
11	11	30	0
11	11	31	0
11	11	32	0
11	11	33	3
11	11	34	0
11	11	35	0
11	11	36	0
11	11	37	0
12	12	0	0
12	12	1	0
12	12	2	0
12	12	3	0
12	12	4	0
12	12	5	0
12	12	6	0
12	12	7	0
12	12	8	1
12	12	9	0
12	12	10	0
12	12	11	0
12	12	12	0
12	12	13	0
12	12	14	0
12	12	15	0
12	12	16	0
12	12	17	0
12	12	18	0
12	12	19	0
12	12	20	0
12	12	21	0
12	12	22	0
12	12	23	0
12	12	24	1
12	12	25	0
12	12	26	0
12	12	27	0
12	12	28	0
12	12	29	0
12	12	30	0
12	12	31	1
12	12	32	0
12	12	33	0
12	12	34	0
12	12	35	9
12	12	36	0
12	12	37	2
13	13	0	0
13	13	1	0
13	13	2	0
13	13	3	0
13	13	4	0
13	13	5	0
13	13	6	0
13	13	7	0
13	13	8	0
13	13	9	0
13	13	10	0
13	13	11	0
13	13	12	0
13	13	13	0
13	13	14	0
13	13	15	1
13	13	16	0
13	13	17	0
13	13	18	0
13	13	19	0
13	13	20	0
13	13	21	0
13	13	22	0
13	13	23	0
13	13	24	0
13	13	25	0
13	13	26	0
13	13	27	0
13	13	28	1
13	13	29	0
13	13	30	1
13	13	31	0
13	13	32	0
13	13	33	0
13	13	34	0
13	13	35	1
13	13	36	0
13	13	37	2
14	14	0	0
14	14	1	0
14	14	2	0
14	14	3	0
14	14	4	0
14	14	5	0
14	14	6	0
14	14	7	0
14	14	8	0
14	14	9	0
14	14	10	0
14	14	11	0
14	14	12	0
14	14	13	0
14	14	14	0
14	14	15	0
14	14	16	2
14	14	17	0
14	14	18	0
14	14	19	0
14	14	20	0
14	14	21	0
14	14	22	0
14	14	23	0
14	14	24	2
14	14	25	0
14	14	26	0
14	14	27	0
14	14	28	0
14	14	29	0
14	14	30	3
14	14	31	0
14	14	32	0
14	14	33	0
14	14	34	0
14	14	35	0
14	14	36	0
14	14	37	1
15	15	0	0
15	15	1	0
15	15	2	0
15	15	3	1
15	15	4	0
15	15	5	0
15	15	6	0
15	15	7	0
15	15	8	0
15	15	9	0
15	15	10	0
15	15	11	0
15	15	12	0
15	15	13	2
15	15	14	0
15	15	15	0
15	15	16	0
15	15	17	0
15	15	18	0
15	15	19	0
15	15	20	0
15	15	21	0
15	15	22	0
15	15	23	0
15	15	24	0
15	15	25	0
15	15	26	0
15	15	27	0
15	15	28	2
15	15	29	0
15	15	30	0
15	15	31	0
15	15	32	3
15	15	33	0
15	15	34	1
15	15	35	0
15	15	36	1
15	15	37	0
16	16	0	0
16	16	1	0
16	16	2	0
16	16	3	0
16	16	4	0
16	16	5	0
16	16	6	0
16	16	7	0
16	16	8	0
16	16	9	0
16	16	10	0
16	16	11	0
16	16	12	2
16	16	13	0
16	16	14	0
16	16	15	3
16	16	16	0
16	16	17	0
16	16	18	1
16	16	19	0
16	16	20	0
16	16	21	0
16	16	22	0
16	16	23	0
16	16	24	0
16	16	25	0
16	16	26	0
16	16	27	0
16	16	28	0
16	16	29	0
16	16	30	0
16	16	31	0
16	16	32	0
16	16	33	0
16	16	34	1
16	16	35	0
16	16	36	1
16	16	37	0
17	17	0	0
17	17	1	0
17	17	2	1
17	17	3	0
17	17	4	0
17	17	5	0
17	17	6	0
17	17	7	0
17	17	8	0
17	17	9	0
17	17	10	0
17	17	11	0
17	17	12	0
17	17	13	3
17	17	14	0
17	17	15	0
17	17	16	0
17	17	17	0
17	17	18	1
17	17	19	0
17	17	20	0
17	17	21	0
17	17	22	5
17	17	23	0
17	17	24	1
17	17	25	0
17	17	26	0
17	17	27	0
17	17	28	1
17	17	29	2
17	17	30	2
17	17	31	1
17	17	32	0
17	17	33	2
17	17	34	1
17	17	35	1
17	17	36	1
17	17	37	5
18	18	0	0
18	18	1	0
18	18	2	0
18	18	3	0
18	18	4	0
18	18	5	0
18	18	6	0
18	18	7	0
18	18	8	0
18	18	9	0
18	18	10	0
18	18	11	0
18	18	12	0
18	18	13	0
18	18	14	0
18	18	15	1
18	18	16	0
18	18	17	1
18	18	18	0
18	18	19	7
18	18	20	1
18	18	21	4
18	18	22	1
18	18	23	7
18	18	24	0
18	18	25	1
18	18	26	0
18	18	27	0
18	18	28	1
18	18	29	2
18	18	30	6
18	18	31	5
18	18	32	2
18	18	33	0
18	18	34	5
18	18	35	3
18	18	36	3
18	18	37	2
19	19	0	0
19	19	1	5
19	19	2	0
19	19	3	0
19	19	4	1
19	19	5	0
19	19	6	0
19	19	7	1
19	19	8	0
19	19	9	5
19	19	10	0
19	19	11	3
19	19	12	2
19	19	13	0
19	19	14	3
19	19	15	0
19	19	16	0
19	19	17	0
19	19	18	0
19	19	19	0
19	19	20	0
19	19	21	0
19	19	22	0
19	19	23	0
19	19	24	0
19	19	25	0
19	19	26	1
19	19	27	0
19	19	28	0
19	19	29	0
19	19	30	7
19	19	31	0
19	19	32	0
19	19	33	1
19	19	34	0
19	19	35	0
19	19	36	1
19	19	37	2
20	20	0	0
20	20	1	0
20	20	2	0
20	20	3	0
20	20	4	0
20	20	5	4
20	20	6	0
20	20	7	1
20	20	8	0
20	20	9	0
20	20	10	0
20	20	11	0
20	20	12	1
20	20	13	0
20	20	14	0
20	20	15	1
20	20	16	0
20	20	17	0
20	20	18	0
20	20	19	0
20	20	20	2
20	20	21	0
20	20	22	0
20	20	23	0
20	20	24	0
20	20	25	0
20	20	26	0
20	20	27	1
20	20	28	0
20	20	29	1
20	20	30	0
20	20	31	1
20	20	32	0
20	20	33	0
20	20	34	1
20	20	35	1
20	20	36	0
20	20	37	0
21	21	0	0
21	21	1	0
21	21	2	1
21	21	3	0
21	21	4	0
21	21	5	0
21	21	6	0
21	21	7	0
21	21	8	0
21	21	9	0
21	21	10	2
21	21	11	0
21	21	12	0
21	21	13	0
21	21	14	0
21	21	15	0
21	21	16	1
21	21	17	0
21	21	18	0
21	21	19	0
21	21	20	0
21	21	21	0
21	21	22	1
21	21	23	0
21	21	24	4
21	21	25	0
21	21	26	0
21	21	27	0
21	21	28	0
21	21	29	0
21	21	30	0
21	21	31	0
21	21	32	0
21	21	33	0
21	21	34	0
21	21	35	0
21	21	36	0
21	21	37	0
22	22	0	0
22	22	1	0
22	22	2	0
22	22	3	0
22	22	4	0
22	22	5	0
22	22	6	0
22	22	7	0
22	22	8	0
22	22	9	2
22	22	10	0
22	22	11	0
22	22	12	0
22	22	13	0
22	22	14	0
22	22	15	1
22	22	16	0
22	22	17	0
22	22	18	0
22	22	19	0
22	22	20	0
22	22	21	1
22	22	22	1
22	22	23	1
22	22	24	1
22	22	25	0
22	22	26	1
22	22	27	0
22	22	28	0
22	22	29	3
22	22	30	1
22	22	31	3
22	22	32	4
22	22	33	0
22	22	34	1
22	22	35	1
22	22	36	1
22	22	37	7
23	23	0	0
23	23	1	0
23	23	2	1
23	23	3	0
23	23	4	0
23	23	5	0
23	23	6	0
23	23	7	0
23	23	8	0
23	23	9	0
23	23	10	0
23	23	11	0
23	23	12	0
23	23	13	0
23	23	14	0
23	23	15	1
23	23	16	0
23	23	17	0
23	23	18	2
23	23	19	0
23	23	20	0
23	23	21	0
23	23	22	0
23	23	23	0
23	23	24	0
23	23	25	0
23	23	26	1
23	23	27	0
23	23	28	0
23	23	29	0
23	23	30	0
23	23	31	0
23	23	32	0
23	23	33	1
23	23	34	2
23	23	35	0
23	23	36	0
23	23	37	0
24	24	0	0
24	24	1	0
24	24	2	0
24	24	3	0
24	24	4	0
24	24	5	0
24	24	6	0
24	24	7	0
24	24	8	0
24	24	9	0
24	24	10	0
24	24	11	0
24	24	12	0
24	24	13	4
24	24	14	0
24	24	15	2
24	24	16	0
24	24	17	0
24	24	18	0
24	24	19	0
24	24	20	0
24	24	21	2
24	24	22	0
24	24	23	0
24	24	24	0
24	24	25	0
24	24	26	0
24	24	27	2
24	24	28	0
24	24	29	0
24	24	30	3
24	24	31	0
24	24	32	0
24	24	33	2
24	24	34	0
24	24	35	0
24	24	36	0
24	24	37	0
25	25	0	0
25	25	1	0
25	25	2	1
25	25	3	2
25	25	4	0
25	25	5	0
25	25	6	2
25	25	7	0
25	25	8	0
25	25	9	1
25	25	10	0
25	25	11	0
25	25	12	0
25	25	13	0
25	25	14	0
25	25	15	0
25	25	16	1
25	25	17	0
25	25	18	0
25	25	19	0
25	25	20	1
25	25	21	0
25	25	22	0
25	25	23	0
25	25	24	0
25	25	25	4
25	25	26	0
25	25	27	0
25	25	28	0
25	25	29	1
25	25	30	0
25	25	31	0
25	25	32	2
25	25	33	0
25	25	34	0
25	25	35	0
25	25	36	2
25	25	37	0
26	26	0	0
26	26	1	1
26	26	2	0
26	26	3	1
26	26	4	0
26	26	5	0
26	26	6	0
26	26	7	0
26	26	8	0
26	26	9	0
26	26	10	0
26	26	11	1
26	26	12	0
26	26	13	0
26	26	14	0
26	26	15	0
26	26	16	0
26	26	17	0
26	26	18	1
26	26	19	0
26	26	20	2
26	26	21	1
26	26	22	7
26	26	23	3
26	26	24	1
26	26	25	1
26	26	26	0
26	26	27	0
26	26	28	5
26	26	29	5
26	26	30	2
26	26	31	3
26	26	32	4
26	26	33	0
26	26	34	2
26	26	35	0
26	26	36	1
26	26	37	8
27	27	0	0
27	27	1	0
27	27	2	0
27	27	3	0
27	27	4	0
27	27	5	0
27	27	6	0
27	27	7	0
27	27	8	0
27	27	9	0
27	27	10	0
27	27	11	0
27	27	12	0
27	27	13	0
27	27	14	0
27	27	15	0
27	27	16	0
27	27	17	0
27	27	18	0
27	27	19	3
27	27	20	0
27	27	21	0
27	27	22	0
27	27	23	0
27	27	24	0
27	27	25	0
27	27	26	6
27	27	27	0
27	27	28	0
27	27	29	0
27	27	30	2
27	27	31	1
27	27	32	2
27	27	33	1
27	27	34	1
27	27	35	1
27	27	36	0
27	27	37	2
28	28	0	0
28	28	1	0
28	28	2	0
28	28	3	0
28	28	4	1
28	28	5	0
28	28	6	0
28	28	7	1
28	28	8	0
28	28	9	0
28	28	10	0
28	28	11	0
28	28	12	0
28	28	13	0
28	28	14	2
28	28	15	0
28	28	16	0
28	28	17	0
28	28	18	0
28	28	19	0
28	28	20	1
28	28	21	1
28	28	22	0
28	28	23	0
28	28	24	0
28	28	25	0
28	28	26	0
28	28	27	1
28	28	28	2
28	28	29	1
28	28	30	1
28	28	31	0
28	28	32	0
28	28	33	0
28	28	34	0
28	28	35	0
28	28	36	3
28	28	37	5
29	29	0	0
29	29	1	0
29	29	2	0
29	29	3	0
29	29	4	0
29	29	5	0
29	29	6	0
29	29	7	0
29	29	8	0
29	29	9	0
29	29	10	0
29	29	11	0
29	29	12	0
29	29	13	0
29	29	14	0
29	29	15	0
29	29	16	0
29	29	17	0
29	29	18	0
29	29	19	0
29	29	20	0
29	29	21	0
29	29	22	0
29	29	23	0
29	29	24	0
29	29	25	0
29	29	26	0
29	29	27	0
29	29	28	0
29	29	29	0
29	29	30	0
29	29	31	0
29	29	32	0
29	29	33	0
29	29	34	0
29	29	35	0
29	29	36	0
29	29	37	0
30	30	0	0
30	30	1	0
30	30	2	0
30	30	3	0
30	30	4	0
30	30	5	0
30	30	6	0
30	30	7	0
30	30	8	0
30	30	9	0
30	30	10	0
30	30	11	0
30	30	12	0
30	30	13	0
30	30	14	0
30	30	15	0
30	30	16	0
30	30	17	0
30	30	18	0
30	30	19	0
30	30	20	0
30	30	21	0
30	30	22	0
30	30	23	0
30	30	24	0
30	30	25	0
30	30	26	0
30	30	27	0
30	30	28	0
30	30	29	0
30	30	30	0
30	30	31	0
30	30	32	0
30	30	33	0
30	30	34	0
30	30	35	0
30	30	36	0
30	30	37	0
31	31	0	0
31	31	1	0
31	31	2	0
31	31	3	0
31	31	4	0
31	31	5	0
31	31	6	0
31	31	7	0
31	31	8	0
31	31	9	0
31	31	10	0
31	31	11	0
31	31	12	0
31	31	13	0
31	31	14	0
31	31	15	0
31	31	16	0
31	31	17	1
31	31	18	0
31	31	19	1
31	31	20	0
31	31	21	0
31	31	22	1
31	31	23	0
31	31	24	3
31	31	25	1
31	31	26	2
31	31	27	2
31	31	28	0
31	31	29	0
31	31	30	0
31	31	31	1
31	31	32	0
31	31	33	7
31	31	34	2
31	31	35	0
31	31	36	4
31	31	37	0
32	32	0	0
32	32	1	2
32	32	2	0
32	32	3	0
32	32	4	0
32	32	5	1
32	32	6	0
32	32	7	0
32	32	8	0
32	32	9	0
32	32	10	0
32	32	11	0
32	32	12	0
32	32	13	0
32	32	14	0
32	32	15	1
32	32	16	0
32	32	17	0
32	32	18	0
32	32	19	0
32	32	20	0
32	32	21	4
32	32	22	0
32	32	23	0
32	32	24	3
32	32	25	2
32	32	26	1
32	32	27	0
32	32	28	1
32	32	29	0
32	32	30	4
32	32	31	0
32	32	32	3
32	32	33	1
32	32	34	0
32	32	35	5
32	32	36	1
32	32	37	4
33	33	0	0
33	33	1	0
33	33	2	0
33	33	3	0
33	33	4	0
33	33	5	0
33	33	6	0
33	33	7	1
33	33	8	1
33	33	9	0
33	33	10	0
33	33	11	0
33	33	12	0
33	33	13	0
33	33	14	0
33	33	15	0
33	33	16	0
33	33	17	2
33	33	18	0
33	33	19	2
33	33	20	0
33	33	21	0
33	33	22	0
33	33	23	0
33	33	24	1
33	33	25	0
33	33	26	0
33	33	27	0
33	33	28	0
33	33	29	1
33	33	30	4
33	33	31	0
33	33	32	0
33	33	33	1
33	33	34	0
33	33	35	3
33	33	36	0
33	33	37	4
34	34	0	0
34	34	1	0
34	34	2	0
34	34	3	0
34	34	4	0
34	34	5	0
34	34	6	0
34	34	7	0
34	34	8	0
34	34	9	0
34	34	10	0
34	34	11	1
34	34	12	0
34	34	13	0
34	34	14	0
34	34	15	0
34	34	16	0
34	34	17	0
34	34	18	0
34	34	19	1
34	34	20	0
34	34	21	0
34	34	22	0
34	34	23	0
34	34	24	0
34	34	25	3
34	34	26	0
34	34	27	0
34	34	28	0
34	34	29	0
34	34	30	0
34	34	31	2
34	34	32	2
34	34	33	2
34	34	34	0
34	34	35	0
34	34	36	2
34	34	37	0
35	35	0	0
35	35	1	0
35	35	2	0
35	35	3	0
35	35	4	0
35	35	5	0
35	35	6	0
35	35	7	0
35	35	8	0
35	35	9	1
35	35	10	0
35	35	11	0
35	35	12	0
35	35	13	0
35	35	14	0
35	35	15	0
35	35	16	0
35	35	17	0
35	35	18	0
35	35	19	0
35	35	20	0
35	35	21	0
35	35	22	0
35	35	23	0
35	35	24	2
35	35	25	0
35	35	26	1
35	35	27	2
35	35	28	0
35	35	29	0
35	35	30	2
35	35	31	0
35	35	32	0
35	35	33	0
35	35	34	0
35	35	35	4
35	35	36	3
35	35	37	0
36	36	0	0
36	36	1	0
36	36	2	0
36	36	3	0
36	36	4	0
36	36	5	0
36	36	6	0
36	36	7	0
36	36	8	0
36	36	9	0
36	36	10	1
36	36	11	0
36	36	12	0
36	36	13	0
36	36	14	0
36	36	15	0
36	36	16	0
36	36	17	0
36	36	18	0
36	36	19	0
36	36	20	0
36	36	21	0
36	36	22	0
36	36	23	0
36	36	24	0
36	36	25	0
36	36	26	0
36	36	27	0
36	36	28	0
36	36	29	2
36	36	30	0
36	36	31	0
36	36	32	0
36	36	33	0
36	36	34	3
36	36	35	2
36	36	36	0
36	36	37	1
37	37	0	0
37	37	1	0
37	37	2	0
37	37	3	0
37	37	4	0
37	37	5	0
37	37	6	1
37	37	7	0
37	37	8	0
37	37	9	0
37	37	10	0
37	37	11	0
37	37	12	0
37	37	13	0
37	37	14	0
37	37	15	0
37	37	16	0
37	37	17	0
37	37	18	0
37	37	19	1
37	37	20	0
37	37	21	0
37	37	22	0
37	37	23	0
37	37	24	0
37	37	25	0
37	37	26	1
37	37	27	0
37	37	28	0
37	37	29	0
37	37	30	3
37	37	31	0
37	37	32	0
37	37	33	2
37	37	34	0
37	37	35	0
37	37	36	0
37	37	37	0
38	38	0	0
38	38	1	0
38	38	2	0
38	38	3	2
38	38	4	1
38	38	5	0
38	38	6	2
38	38	7	0
38	38	8	0
38	38	9	0
38	38	10	0
38	38	11	0
38	38	12	0
38	38	13	0
38	38	14	0
38	38	15	0
38	38	16	0
38	38	17	0
38	38	18	0
38	38	19	0
38	38	20	0
38	38	21	0
38	38	22	0
38	38	23	0
38	38	24	0
38	38	25	0
38	38	26	0
38	38	27	0
38	38	28	0
38	38	29	0
38	38	30	0
38	38	31	0
38	38	32	0
38	38	33	0
38	38	34	0
38	38	35	0
38	38	36	0
38	38	37	0
39	39	0	0
39	39	1	0
39	39	2	0
39	39	3	0
39	39	4	0
39	39	5	0
39	39	6	0
39	39	7	0
39	39	8	0
39	39	9	0
39	39	10	0
39	39	11	0
39	39	12	0
39	39	13	0
39	39	14	0
39	39	15	0
39	39	16	0
39	39	17	0
39	39	18	0
39	39	19	0
39	39	20	0
39	39	21	0
39	39	22	0
39	39	23	0
39	39	24	3
39	39	25	1
39	39	26	1
39	39	27	0
39	39	28	0
39	39	29	0
39	39	30	0
39	39	31	1
39	39	32	0
39	39	33	0
39	39	34	1
39	39	35	1
39	39	36	4
39	39	37	0
40	40	0	0
40	40	1	0
40	40	2	0
40	40	3	0
40	40	4	1
40	40	5	0
40	40	6	0
40	40	7	0
40	40	8	0
40	40	9	3
40	40	10	0
40	40	11	1
40	40	12	2
40	40	13	0
40	40	14	0
40	40	15	0
40	40	16	0
40	40	17	0
40	40	18	0
40	40	19	1
40	40	20	0
40	40	21	0
40	40	22	0
40	40	23	2
40	40	24	0
40	40	25	1
40	40	26	0
40	40	27	0
40	40	28	0
40	40	29	0
40	40	30	3
40	40	31	0
40	40	32	3
40	40	33	0
40	40	34	3
40	40	35	1
40	40	36	3
40	40	37	2
41	41	0	0
41	41	1	2
41	41	2	0
41	41	3	0
41	41	4	0
41	41	5	0
41	41	6	0
41	41	7	2
41	41	8	2
41	41	9	0
41	41	10	0
41	41	11	0
41	41	12	1
41	41	13	0
41	41	14	0
41	41	15	2
41	41	16	0
41	41	17	0
41	41	18	0
41	41	19	0
41	41	20	1
41	41	21	0
41	41	22	0
41	41	23	0
41	41	24	0
41	41	25	0
41	41	26	0
41	41	27	2
41	41	28	0
41	41	29	0
41	41	30	0
41	41	31	0
41	41	32	0
41	41	33	1
41	41	34	3
41	41	35	0
41	41	36	3
41	41	37	1
42	42	0	0
42	42	1	0
42	42	2	0
42	42	3	0
42	42	4	0
42	42	5	0
42	42	6	0
42	42	7	1
42	42	8	0
42	42	9	0
42	42	10	0
42	42	11	0
42	42	12	0
42	42	13	0
42	42	14	3
42	42	15	0
42	42	16	1
42	42	17	0
42	42	18	0
42	42	19	0
42	42	20	0
42	42	21	0
42	42	22	0
42	42	23	0
42	42	24	0
42	42	25	0
42	42	26	0
42	42	27	0
42	42	28	2
42	42	29	0
42	42	30	0
42	42	31	0
42	42	32	0
42	42	33	0
42	42	34	0
42	42	35	0
42	42	36	0
42	42	37	0
43	43	0	0
43	43	1	0
43	43	2	1
43	43	3	1
43	43	4	0
43	43	5	0
43	43	6	0
43	43	7	0
43	43	8	0
43	43	9	0
43	43	10	0
43	43	11	1
43	43	12	2
43	43	13	0
43	43	14	0
43	43	15	1
43	43	16	0
43	43	17	0
43	43	18	0
43	43	19	1
43	43	20	0
43	43	21	0
43	43	22	0
43	43	23	0
43	43	24	0
43	43	25	0
43	43	26	0
43	43	27	1
43	43	28	0
43	43	29	1
43	43	30	0
43	43	31	7
43	43	32	2
43	43	33	2
43	43	34	0
43	43	35	0
43	43	36	0
43	43	37	0
44	44	0	0
44	44	1	0
44	44	2	0
44	44	3	0
44	44	4	0
44	44	5	2
44	44	6	0
44	44	7	0
44	44	8	0
44	44	9	0
44	44	10	0
44	44	11	0
44	44	12	0
44	44	13	0
44	44	14	0
44	44	15	0
44	44	16	0
44	44	17	0
44	44	18	0
44	44	19	0
44	44	20	0
44	44	21	0
44	44	22	1
44	44	23	1
44	44	24	0
44	44	25	0
44	44	26	0
44	44	27	0
44	44	28	0
44	44	29	0
44	44	30	0
44	44	31	0
44	44	32	0
44	44	33	0
44	44	34	0
44	44	35	0
44	44	36	0
44	44	37	0
45	45	0	0
45	45	1	3
45	45	2	0
45	45	3	0
45	45	4	2
45	45	5	0
45	45	6	0
45	45	7	0
45	45	8	0
45	45	9	0
45	45	10	0
45	45	11	4
45	45	12	0
45	45	13	0
45	45	14	0
45	45	15	0
45	45	16	0
45	45	17	0
45	45	18	4
45	45	19	0
45	45	20	0
45	45	21	1
45	45	22	0
45	45	23	2
45	45	24	0
45	45	25	0
45	45	26	0
45	45	27	0
45	45	28	1
45	45	29	0
45	45	30	2
45	45	31	0
45	45	32	0
45	45	33	0
45	45	34	0
45	45	35	0
45	45	36	0
45	45	37	0
46	46	0	0
46	46	1	0
46	46	2	0
46	46	3	0
46	46	4	0
46	46	5	0
46	46	6	0
46	46	7	0
46	46	8	0
46	46	9	0
46	46	10	0
46	46	11	0
46	46	12	0
46	46	13	0
46	46	14	0
46	46	15	0
46	46	16	0
46	46	17	0
46	46	18	0
46	46	19	0
46	46	20	0
46	46	21	0
46	46	22	0
46	46	23	0
46	46	24	1
46	46	25	0
46	46	26	0
46	46	27	0
46	46	28	0
46	46	29	0
46	46	30	0
46	46	31	0
46	46	32	0
46	46	33	1
46	46	34	0
46	46	35	0
46	46	36	3
46	46	37	0
47	47	0	0
47	47	1	0
47	47	2	0
47	47	3	2
47	47	4	1
47	47	5	0
47	47	6	0
47	47	7	0
47	47	8	0
47	47	9	0
47	47	10	0
47	47	11	0
47	47	12	0
47	47	13	0
47	47	14	2
47	47	15	1
47	47	16	0
47	47	17	1
47	47	18	5
47	47	19	0
47	47	20	1
47	47	21	0
47	47	22	0
47	47	23	1
47	47	24	4
47	47	25	1
47	47	26	1
47	47	27	0
47	47	28	1
47	47	29	2
47	47	30	2
47	47	31	0
47	47	32	3
47	47	33	0
47	47	34	0
47	47	35	3
47	47	36	1
47	47	37	2
48	48	0	0
48	48	1	0
48	48	2	0
48	48	3	2
48	48	4	0
48	48	5	1
48	48	6	0
48	48	7	0
48	48	8	0
48	48	9	0
48	48	10	0
48	48	11	0
48	48	12	3
48	48	13	0
48	48	14	0
48	48	15	0
48	48	16	0
48	48	17	0
48	48	18	0
48	48	19	0
48	48	20	0
48	48	21	0
48	48	22	2
48	48	23	1
48	48	24	0
48	48	25	0
48	48	26	0
48	48	27	3
48	48	28	3
48	48	29	0
48	48	30	1
48	48	31	0
48	48	32	0
48	48	33	1
48	48	34	0
48	48	35	2
48	48	36	0
48	48	37	0
49	49	0	0
49	49	1	0
49	49	2	0
49	49	3	0
49	49	4	0
49	49	5	0
49	49	6	0
49	49	7	0
49	49	8	2
49	49	9	0
49	49	10	0
49	49	11	0
49	49	12	0
49	49	13	0
49	49	14	1
49	49	15	0
49	49	16	0
49	49	17	0
49	49	18	0
49	49	19	1
49	49	20	0
49	49	21	0
49	49	22	0
49	49	23	0
49	49	24	0
49	49	25	0
49	49	26	0
49	49	27	0
49	49	28	0
49	49	29	0
49	49	30	1
49	49	31	0
49	49	32	0
49	49	33	0
49	49	34	0
49	49	35	0
49	49	36	0
49	49	37	0
50	50	0	0
50	50	1	0
50	50	2	0
50	50	3	0
50	50	4	1
50	50	5	1
50	50	6	0
50	50	7	1
50	50	8	0
50	50	9	0
50	50	10	0
50	50	11	2
50	50	12	0
50	50	13	0
50	50	14	0
50	50	15	0
50	50	16	0
50	50	17	0
50	50	18	0
50	50	19	0
50	50	20	0
50	50	21	0
50	50	22	0
50	50	23	0
50	50	24	0
50	50	25	0
50	50	26	1
50	50	27	0
50	50	28	0
50	50	29	0
50	50	30	2
50	50	31	0
50	50	32	3
50	50	33	0
50	50	34	1
50	50	35	2
50	50	36	2
50	50	37	0
51	51	0	0
51	51	1	0
51	51	2	4
51	51	3	1
51	51	4	0
51	51	5	0
51	51	6	0
51	51	7	0
51	51	8	0
51	51	9	0
51	51	10	2
51	51	11	0
51	51	12	0
51	51	13	0
51	51	14	0
51	51	15	0
51	51	16	0
51	51	17	0
51	51	18	0
51	51	19	0
51	51	20	0
51	51	21	2
51	51	22	0
51	51	23	0
51	51	24	0
51	51	25	0
51	51	26	1
51	51	27	0
51	51	28	0
51	51	29	0
51	51	30	0
51	51	31	1
51	51	32	2
51	51	33	2
51	51	34	0
51	51	35	1
51	51	36	3
51	51	37	0
52	52	0	0
52	52	1	0
52	52	2	0
52	52	3	0
52	52	4	0
52	52	5	0
52	52	6	0
52	52	7	0
52	52	8	0
52	52	9	0
52	52	10	0
52	52	11	0
52	52	12	0
52	52	13	0
52	52	14	0
52	52	15	0
52	52	16	0
52	52	17	0
52	52	18	0
52	52	19	0
52	52	20	0
52	52	21	0
52	52	22	0
52	52	23	0
52	52	24	0
52	52	25	0
52	52	26	0
52	52	27	0
52	52	28	0
52	52	29	0
52	52	30	0
52	52	31	0
52	52	32	0
52	52	33	0
52	52	34	0
52	52	35	0
52	52	36	0
52	52	37	0
53	53	0	0
53	53	1	0
53	53	2	0
53	53	3	0
53	53	4	0
53	53	5	0
53	53	6	0
53	53	7	0
53	53	8	0
53	53	9	0
53	53	10	0
53	53	11	0
53	53	12	0
53	53	13	0
53	53	14	0
53	53	15	0
53	53	16	0
53	53	17	0
53	53	18	0
53	53	19	0
53	53	20	0
53	53	21	0
53	53	22	0
53	53	23	0
53	53	24	0
53	53	25	0
53	53	26	0
53	53	27	0
53	53	28	0
53	53	29	0
53	53	30	0
53	53	31	0
53	53	32	0
53	53	33	0
53	53	34	0
53	53	35	0
53	53	36	0
53	53	37	0
54	54	0	0
54	54	1	0
54	54	2	0
54	54	3	0
54	54	4	0
54	54	5	0
54	54	6	0
54	54	7	0
54	54	8	0
54	54	9	0
54	54	10	0
54	54	11	0
54	54	12	0
54	54	13	0
54	54	14	0
54	54	15	0
54	54	16	0
54	54	17	0
54	54	18	0
54	54	19	0
54	54	20	0
54	54	21	0
54	54	22	0
54	54	23	0
54	54	24	2
54	54	25	0
54	54	26	0
54	54	27	0
54	54	28	0
54	54	29	0
54	54	30	0
54	54	31	0
54	54	32	0
54	54	33	0
54	54	34	0
54	54	35	0
54	54	36	0
54	54	37	0
55	55	0	0
55	55	1	2
55	55	2	0
55	55	3	0
55	55	4	0
55	55	5	0
55	55	6	0
55	55	7	0
55	55	8	0
55	55	9	0
55	55	10	0
55	55	11	3
55	55	12	3
55	55	13	0
55	55	14	0
55	55	15	0
55	55	16	0
55	55	17	0
55	55	18	0
55	55	19	0
55	55	20	0
55	55	21	0
55	55	22	0
55	55	23	0
55	55	24	2
55	55	25	0
55	55	26	0
55	55	27	0
55	55	28	1
55	55	29	0
55	55	30	1
55	55	31	0
55	55	32	0
55	55	33	0
55	55	34	0
55	55	35	0
55	55	36	0
55	55	37	1
56	56	0	0
56	56	1	0
56	56	2	0
56	56	3	0
56	56	4	0
56	56	5	0
56	56	6	0
56	56	7	0
56	56	8	0
56	56	9	0
56	56	10	0
56	56	11	0
56	56	12	0
56	56	13	2
56	56	14	0
56	56	15	2
56	56	16	0
56	56	17	0
56	56	18	0
56	56	19	0
56	56	20	0
56	56	21	3
56	56	22	0
56	56	23	0
56	56	24	0
56	56	25	1
56	56	26	0
56	56	27	0
56	56	28	2
56	56	29	0
56	56	30	3
56	56	31	0
56	56	32	0
56	56	33	0
56	56	34	0
56	56	35	0
56	56	36	0
56	56	37	0
57	57	0	0
57	57	1	0
57	57	2	0
57	57	3	0
57	57	4	0
57	57	5	0
57	57	6	0
57	57	7	0
57	57	8	0
57	57	9	0
57	57	10	0
57	57	11	0
57	57	12	2
57	57	13	0
57	57	14	0
57	57	15	0
57	57	16	1
57	57	17	0
57	57	18	0
57	57	19	0
57	57	20	0
57	57	21	2
57	57	22	0
57	57	23	2
57	57	24	0
57	57	25	0
57	57	26	0
57	57	27	0
57	57	28	0
57	57	29	0
57	57	30	1
57	57	31	0
57	57	32	0
57	57	33	2
57	57	34	2
57	57	35	2
57	57	36	0
57	57	37	4
58	58	0	0
58	58	1	3
58	58	2	0
58	58	3	1
58	58	4	0
58	58	5	0
58	58	6	0
58	58	7	0
58	58	8	0
58	58	9	0
58	58	10	0
58	58	11	0
58	58	12	0
58	58	13	0
58	58	14	0
58	58	15	0
58	58	16	0
58	58	17	0
58	58	18	0
58	58	19	0
58	58	20	0
58	58	21	0
58	58	22	0
58	58	23	0
58	58	24	0
58	58	25	0
58	58	26	0
58	58	27	0
58	58	28	1
58	58	29	0
58	58	30	0
58	58	31	0
58	58	32	0
58	58	33	0
58	58	34	0
58	58	35	0
58	58	36	0
58	58	37	0
59	59	0	0
59	59	1	0
59	59	2	0
59	59	3	0
59	59	4	0
59	59	5	0
59	59	6	0
59	59	7	0
59	59	8	0
59	59	9	0
59	59	10	0
59	59	11	0
59	59	12	0
59	59	13	0
59	59	14	0
59	59	15	0
59	59	16	0
59	59	17	0
59	59	18	0
59	59	19	0
59	59	20	0
59	59	21	2
59	59	22	0
59	59	23	0
59	59	24	0
59	59	25	0
59	59	26	0
59	59	27	0
59	59	28	0
59	59	29	0
59	59	30	0
59	59	31	0
59	59	32	0
59	59	33	0
59	59	34	0
59	59	35	0
59	59	36	0
59	59	37	1
60	60	0	0
60	60	1	0
60	60	2	2
60	60	3	0
60	60	4	0
60	60	5	0
60	60	6	0
60	60	7	0
60	60	8	0
60	60	9	0
60	60	10	0
60	60	11	0
60	60	12	1
60	60	13	0
60	60	14	0
60	60	15	0
60	60	16	0
60	60	17	0
60	60	18	0
60	60	19	0
60	60	20	0
60	60	21	0
60	60	22	0
60	60	23	0
60	60	24	0
60	60	25	0
60	60	26	0
60	60	27	0
60	60	28	0
60	60	29	0
60	60	30	3
60	60	31	0
60	60	32	0
60	60	33	0
60	60	34	0
60	60	35	0
60	60	36	2
60	60	37	0
61	61	0	0
61	61	1	0
61	61	2	2
61	61	3	0
61	61	4	0
61	61	5	0
61	61	6	0
61	61	7	0
61	61	8	0
61	61	9	0
61	61	10	0
61	61	11	0
61	61	12	0
61	61	13	0
61	61	14	0
61	61	15	0
61	61	16	0
61	61	17	0
61	61	18	1
61	61	19	0
61	61	20	0
61	61	21	1
61	61	22	0
61	61	23	0
61	61	24	0
61	61	25	2
61	61	26	0
61	61	27	0
61	61	28	0
61	61	29	0
61	61	30	0
61	61	31	0
61	61	32	0
61	61	33	0
61	61	34	0
61	61	35	0
61	61	36	0
61	61	37	1
62	62	0	0
62	62	1	1
62	62	2	0
62	62	3	0
62	62	4	0
62	62	5	0
62	62	6	1
62	62	7	2
62	62	8	0
62	62	9	0
62	62	10	0
62	62	11	0
62	62	12	0
62	62	13	2
62	62	14	0
62	62	15	0
62	62	16	0
62	62	17	0
62	62	18	0
62	62	19	0
62	62	20	0
62	62	21	0
62	62	22	0
62	62	23	0
62	62	24	1
62	62	25	0
62	62	26	0
62	62	27	0
62	62	28	1
62	62	29	0
62	62	30	0
62	62	31	0
62	62	32	2
62	62	33	1
62	62	34	0
62	62	35	0
62	62	36	2
62	62	37	0
63	63	0	0
63	63	1	0
63	63	2	0
63	63	3	0
63	63	4	2
63	63	5	0
63	63	6	0
63	63	7	0
63	63	8	0
63	63	9	0
63	63	10	0
63	63	11	0
63	63	12	0
63	63	13	4
63	63	14	0
63	63	15	0
63	63	16	3
63	63	17	0
63	63	18	0
63	63	19	0
63	63	20	0
63	63	21	0
63	63	22	0
63	63	23	0
63	63	24	0
63	63	25	0
63	63	26	0
63	63	27	0
63	63	28	0
63	63	29	0
63	63	30	1
63	63	31	2
63	63	32	0
63	63	33	0
63	63	34	0
63	63	35	0
63	63	36	0
63	63	37	0
64	64	0	0
64	64	1	0
64	64	2	0
64	64	3	0
64	64	4	2
64	64	5	2
64	64	6	0
64	64	7	0
64	64	8	0
64	64	9	0
64	64	10	0
64	64	11	0
64	64	12	0
64	64	13	0
64	64	14	1
64	64	15	0
64	64	16	0
64	64	17	0
64	64	18	0
64	64	19	0
64	64	20	0
64	64	21	0
64	64	22	1
64	64	23	0
64	64	24	0
64	64	25	0
64	64	26	0
64	64	27	0
64	64	28	0
64	64	29	0
64	64	30	0
64	64	31	0
64	64	32	0
64	64	33	0
64	64	34	0
64	64	35	0
64	64	36	0
64	64	37	0
65	65	0	0
65	65	1	0
65	65	2	0
65	65	3	0
65	65	4	0
65	65	5	2
65	65	6	0
65	65	7	0
65	65	8	0
65	65	9	0
65	65	10	0
65	65	11	2
65	65	12	2
65	65	13	0
65	65	14	0
65	65	15	0
65	65	16	0
65	65	17	0
65	65	18	0
65	65	19	0
65	65	20	0
65	65	21	0
65	65	22	0
65	65	23	0
65	65	24	0
65	65	25	0
65	65	26	0
65	65	27	0
65	65	28	0
65	65	29	0
65	65	30	0
65	65	31	0
65	65	32	0
65	65	33	0
65	65	34	0
65	65	35	0
65	65	36	0
65	65	37	0
66	66	0	0
66	66	1	0
66	66	2	0
66	66	3	1
66	66	4	0
66	66	5	2
66	66	6	0
66	66	7	1
66	66	8	0
66	66	9	0
66	66	10	0
66	66	11	0
66	66	12	2
66	66	13	0
66	66	14	0
66	66	15	0
66	66	16	0
66	66	17	0
66	66	18	2
66	66	19	0
66	66	20	0
66	66	21	0
66	66	22	0
66	66	23	0
66	66	24	0
66	66	25	0
66	66	26	0
66	66	27	0
66	66	28	0
66	66	29	0
66	66	30	0
66	66	31	0
66	66	32	0
66	66	33	0
66	66	34	3
66	66	35	1
66	66	36	1
66	66	37	0
67	67	0	0
67	67	1	2
67	67	2	0
67	67	3	0
67	67	4	1
67	67	5	0
67	67	6	0
67	67	7	0
67	67	8	0
67	67	9	0
67	67	10	0
67	67	11	3
67	67	12	0
67	67	13	0
67	67	14	0
67	67	15	0
67	67	16	0
67	67	17	0
67	67	18	0
67	67	19	0
67	67	20	0
67	67	21	0
67	67	22	2
67	67	23	2
67	67	24	0
67	67	25	0
67	67	26	0
67	67	27	0
67	67	28	0
67	67	29	0
67	67	30	0
67	67	31	0
67	67	32	0
67	67	33	0
67	67	34	0
67	67	35	0
67	67	36	0
67	67	37	0
68	68	0	0
68	68	1	0
68	68	2	0
68	68	3	0
68	68	4	0
68	68	5	0
68	68	6	0
68	68	7	0
68	68	8	0
68	68	9	0
68	68	10	0
68	68	11	0
68	68	12	0
68	68	13	0
68	68	14	0
68	68	15	0
68	68	16	0
68	68	17	0
68	68	18	0
68	68	19	0
68	68	20	1
68	68	21	1
68	68	22	0
68	68	23	0
68	68	24	0
68	68	25	0
68	68	26	0
68	68	27	0
68	68	28	0
68	68	29	0
68	68	30	0
68	68	31	0
68	68	32	0
68	68	33	0
68	68	34	0
68	68	35	0
68	68	36	0
68	68	37	0
69	69	0	0
69	69	1	0
69	69	2	0
69	69	3	1
69	69	4	0
69	69	5	0
69	69	6	0
69	69	7	0
69	69	8	0
69	69	9	0
69	69	10	0
69	69	11	3
69	69	12	0
69	69	13	0
69	69	14	0
69	69	15	0
69	69	16	1
69	69	17	0
69	69	18	0
69	69	19	0
69	69	20	0
69	69	21	0
69	69	22	0
69	69	23	0
69	69	24	0
69	69	25	0
69	69	26	0
69	69	27	0
69	69	28	0
69	69	29	0
69	69	30	0
69	69	31	0
69	69	32	0
69	69	33	0
69	69	34	0
69	69	35	0
69	69	36	2
69	69	37	0
70	70	0	0
70	70	1	0
70	70	2	0
70	70	3	0
70	70	4	0
70	70	5	0
70	70	6	0
70	70	7	0
70	70	8	0
70	70	9	0
70	70	10	0
70	70	11	0
70	70	12	0
70	70	13	0
70	70	14	0
70	70	15	0
70	70	16	0
70	70	17	1
70	70	18	0
70	70	19	0
70	70	20	0
70	70	21	0
70	70	22	0
70	70	23	0
70	70	24	0
70	70	25	0
70	70	26	0
70	70	27	0
70	70	28	0
70	70	29	0
70	70	30	0
70	70	31	0
70	70	32	0
70	70	33	0
70	70	34	0
70	70	35	0
70	70	36	0
70	70	37	0
71	71	0	0
71	71	1	0
71	71	2	0
71	71	3	0
71	71	4	0
71	71	5	0
71	71	6	0
71	71	7	0
71	71	8	0
71	71	9	0
71	71	10	0
71	71	11	0
71	71	12	0
71	71	13	0
71	71	14	1
71	71	15	0
71	71	16	0
71	71	17	0
71	71	18	0
71	71	19	0
71	71	20	2
71	71	21	0
71	71	22	1
71	71	23	0
71	71	24	3
71	71	25	0
71	71	26	0
71	71	27	0
71	71	28	2
71	71	29	0
71	71	30	1
71	71	31	0
71	71	32	2
71	71	33	1
71	71	34	0
71	71	35	1
71	71	36	3
71	71	37	0
72	72	0	0
72	72	1	0
72	72	2	0
72	72	3	0
72	72	4	0
72	72	5	0
72	72	6	0
72	72	7	0
72	72	8	2
72	72	9	0
72	72	10	0
72	72	11	0
72	72	12	0
72	72	13	0
72	72	14	0
72	72	15	0
72	72	16	0
72	72	17	1
72	72	18	0
72	72	19	0
72	72	20	0
72	72	21	0
72	72	22	0
72	72	23	0
72	72	24	1
72	72	25	0
72	72	26	0
72	72	27	2
72	72	28	0
72	72	29	0
72	72	30	1
72	72	31	0
72	72	32	1
72	72	33	2
72	72	34	0
72	72	35	0
72	72	36	0
72	72	37	0
73	73	0	0
73	73	1	3
73	73	2	0
73	73	3	0
73	73	4	0
73	73	5	0
73	73	6	0
73	73	7	0
73	73	8	3
73	73	9	0
73	73	10	0
73	73	11	1
73	73	12	0
73	73	13	0
73	73	14	0
73	73	15	0
73	73	16	0
73	73	17	0
73	73	18	1
73	73	19	0
73	73	20	0
73	73	21	4
73	73	22	2
73	73	23	0
73	73	24	0
73	73	25	0
73	73	26	0
73	73	27	0
73	73	28	4
73	73	29	3
73	73	30	1
73	73	31	1
73	73	32	1
73	73	33	0
73	73	34	2
73	73	35	0
73	73	36	3
73	73	37	0
74	74	0	0
74	74	1	0
74	74	2	0
74	74	3	0
74	74	4	0
74	74	5	0
74	74	6	0
74	74	7	0
74	74	8	0
74	74	9	0
74	74	10	0
74	74	11	0
74	74	12	0
74	74	13	0
74	74	14	0
74	74	15	0
74	74	16	0
74	74	17	0
74	74	18	0
74	74	19	0
74	74	20	0
74	74	21	0
74	74	22	0
74	74	23	0
74	74	24	0
74	74	25	0
74	74	26	0
74	74	27	2
74	74	28	0
74	74	29	0
74	74	30	0
74	74	31	0
74	74	32	0
74	74	33	0
74	74	34	0
74	74	35	0
74	74	36	0
74	74	37	0
75	75	0	0
75	75	1	0
75	75	2	0
75	75	3	0
75	75	4	0
75	75	5	0
75	75	6	0
75	75	7	0
75	75	8	0
75	75	9	0
75	75	10	0
75	75	11	0
75	75	12	0
75	75	13	1
75	75	14	0
75	75	15	0
75	75	16	0
75	75	17	0
75	75	18	0
75	75	19	0
75	75	20	1
75	75	21	0
75	75	22	0
75	75	23	0
75	75	24	0
75	75	25	0
75	75	26	0
75	75	27	0
75	75	28	0
75	75	29	0
75	75	30	0
75	75	31	0
75	75	32	0
75	75	33	0
75	75	34	0
75	75	35	0
75	75	36	0
75	75	37	0
76	76	0	0
76	76	1	0
76	76	2	0
76	76	3	0
76	76	4	0
76	76	5	0
76	76	6	0
76	76	7	1
76	76	8	0
76	76	9	0
76	76	10	0
76	76	11	0
76	76	12	2
76	76	13	0
76	76	14	0
76	76	15	0
76	76	16	0
76	76	17	0
76	76	18	0
76	76	19	0
76	76	20	0
76	76	21	0
76	76	22	0
76	76	23	0
76	76	24	0
76	76	25	0
76	76	26	0
76	76	27	0
76	76	28	0
76	76	29	0
76	76	30	0
76	76	31	0
76	76	32	0
76	76	33	0
76	76	34	0
76	76	35	0
76	76	36	0
76	76	37	0
77	77	0	0
77	77	1	0
77	77	2	0
77	77	3	0
77	77	4	0
77	77	5	0
77	77	6	4
77	77	7	0
77	77	8	0
77	77	9	0
77	77	10	1
77	77	11	0
77	77	12	0
77	77	13	0
77	77	14	0
77	77	15	0
77	77	16	0
77	77	17	0
77	77	18	0
77	77	19	1
77	77	20	0
77	77	21	0
77	77	22	0
77	77	23	0
77	77	24	0
77	77	25	0
77	77	26	0
77	77	27	0
77	77	28	0
77	77	29	0
77	77	30	1
77	77	31	1
77	77	32	0
77	77	33	0
77	77	34	0
77	77	35	0
77	77	36	0
77	77	37	1
78	78	0	0
78	78	1	0
78	78	2	0
78	78	3	0
78	78	4	0
78	78	5	0
78	78	6	0
78	78	7	1
78	78	8	0
78	78	9	0
78	78	10	0
78	78	11	0
78	78	12	0
78	78	13	0
78	78	14	0
78	78	15	0
78	78	16	0
78	78	17	0
78	78	18	0
78	78	19	0
78	78	20	0
78	78	21	0
78	78	22	0
78	78	23	0
78	78	24	0
78	78	25	0
78	78	26	0
78	78	27	0
78	78	28	0
78	78	29	0
78	78	30	0
78	78	31	0
78	78	32	0
78	78	33	0
78	78	34	0
78	78	35	0
78	78	36	0
78	78	37	0
79	79	0	0
79	79	1	0
79	79	2	0
79	79	3	0
79	79	4	0
79	79	5	0
79	79	6	0
79	79	7	0
79	79	8	0
79	79	9	0
79	79	10	0
79	79	11	0
79	79	12	0
79	79	13	0
79	79	14	0
79	79	15	0
79	79	16	0
79	79	17	0
79	79	18	0
79	79	19	0
79	79	20	0
79	79	21	0
79	79	22	0
79	79	23	0
79	79	24	0
79	79	25	0
79	79	26	0
79	79	27	0
79	79	28	0
79	79	29	0
79	79	30	0
79	79	31	0
79	79	32	0
79	79	33	0
79	79	34	0
79	79	35	0
79	79	36	0
79	79	37	0
80	80	0	0
80	80	1	0
80	80	2	0
80	80	3	0
80	80	4	0
80	80	5	0
80	80	6	0
80	80	7	0
80	80	8	0
80	80	9	0
80	80	10	0
80	80	11	0
80	80	12	0
80	80	13	0
80	80	14	0
80	80	15	0
80	80	16	0
80	80	17	0
80	80	18	0
80	80	19	1
80	80	20	0
80	80	21	0
80	80	22	0
80	80	23	0
80	80	24	0
80	80	25	0
80	80	26	0
80	80	27	0
80	80	28	0
80	80	29	0
80	80	30	0
80	80	31	0
80	80	32	0
80	80	33	0
80	80	34	0
80	80	35	0
80	80	36	0
80	80	37	0
81	81	0	0
81	81	1	0
81	81	2	0
81	81	3	0
81	81	4	0
81	81	5	0
81	81	6	0
81	81	7	0
81	81	8	0
81	81	9	0
81	81	10	0
81	81	11	0
81	81	12	0
81	81	13	0
81	81	14	0
81	81	15	0
81	81	16	0
81	81	17	0
81	81	18	0
81	81	19	0
81	81	20	0
81	81	21	0
81	81	22	0
81	81	23	0
81	81	24	0
81	81	25	0
81	81	26	0
81	81	27	0
81	81	28	0
81	81	29	2
81	81	30	0
81	81	31	3
81	81	32	0
81	81	33	1
81	81	34	2
81	81	35	1
81	81	36	1
81	81	37	1
82	82	0	0
82	82	1	0
82	82	2	0
82	82	3	0
82	82	4	0
82	82	5	0
82	82	6	0
82	82	7	0
82	82	8	0
82	82	9	0
82	82	10	0
82	82	11	0
82	82	12	0
82	82	13	0
82	82	14	0
82	82	15	0
82	82	16	0
82	82	17	0
82	82	18	0
82	82	19	0
82	82	20	0
82	82	21	0
82	82	22	0
82	82	23	0
82	82	24	0
82	82	25	0
82	82	26	0
82	82	27	0
82	82	28	0
82	82	29	0
82	82	30	0
82	82	31	0
82	82	32	0
82	82	33	0
82	82	34	0
82	82	35	0
82	82	36	0
82	82	37	0
83	83	0	0
83	83	1	0
83	83	2	0
83	83	3	0
83	83	4	0
83	83	5	0
83	83	6	0
83	83	7	0
83	83	8	0
83	83	9	0
83	83	10	0
83	83	11	0
83	83	12	0
83	83	13	0
83	83	14	1
83	83	15	0
83	83	16	0
83	83	17	0
83	83	18	0
83	83	19	0
83	83	20	0
83	83	21	0
83	83	22	0
83	83	23	1
83	83	24	0
83	83	25	1
83	83	26	0
83	83	27	0
83	83	28	0
83	83	29	0
83	83	30	0
83	83	31	0
83	83	32	0
83	83	33	0
83	83	34	0
83	83	35	0
83	83	36	0
83	83	37	0
84	84	0	0
84	84	1	0
84	84	2	0
84	84	3	0
84	84	4	0
84	84	5	0
84	84	6	0
84	84	7	0
84	84	8	0
84	84	9	0
84	84	10	0
84	84	11	0
84	84	12	1
84	84	13	0
84	84	14	0
84	84	15	0
84	84	16	0
84	84	17	0
84	84	18	0
84	84	19	0
84	84	20	0
84	84	21	0
84	84	22	0
84	84	23	0
84	84	24	0
84	84	25	0
84	84	26	0
84	84	27	0
84	84	28	0
84	84	29	0
84	84	30	0
84	84	31	0
84	84	32	0
84	84	33	0
84	84	34	0
84	84	35	0
84	84	36	0
84	84	37	0
85	85	0	0
85	85	1	0
85	85	2	0
85	85	3	0
85	85	4	0
85	85	5	0
85	85	6	0
85	85	7	0
85	85	8	0
85	85	9	0
85	85	10	0
85	85	11	0
85	85	12	0
85	85	13	0
85	85	14	1
85	85	15	0
85	85	16	0
85	85	17	0
85	85	18	0
85	85	19	0
85	85	20	0
85	85	21	0
85	85	22	0
85	85	23	0
85	85	24	0
85	85	25	0
85	85	26	0
85	85	27	0
85	85	28	0
85	85	29	3
85	85	30	0
85	85	31	0
85	85	32	0
85	85	33	0
85	85	34	0
85	85	35	2
85	85	36	0
85	85	37	0
86	86	0	0
86	86	1	0
86	86	2	4
86	86	3	0
86	86	4	0
86	86	5	0
86	86	6	0
86	86	7	0
86	86	8	0
86	86	9	0
86	86	10	0
86	86	11	0
86	86	12	0
86	86	13	0
86	86	14	0
86	86	15	2
86	86	16	0
86	86	17	0
86	86	18	2
86	86	19	0
86	86	20	0
86	86	21	0
86	86	22	0
86	86	23	1
86	86	24	1
86	86	25	0
86	86	26	0
86	86	27	1
86	86	28	0
86	86	29	1
86	86	30	0
86	86	31	1
86	86	32	0
86	86	33	1
86	86	34	3
86	86	35	4
86	86	36	2
86	86	37	1
87	87	0	0
87	87	1	0
87	87	2	0
87	87	3	0
87	87	4	0
87	87	5	0
87	87	6	0
87	87	7	0
87	87	8	0
87	87	9	0
87	87	10	0
87	87	11	0
87	87	12	0
87	87	13	0
87	87	14	0
87	87	15	1
87	87	16	0
87	87	17	0
87	87	18	0
87	87	19	0
87	87	20	0
87	87	21	0
87	87	22	0
87	87	23	0
87	87	24	0
87	87	25	2
87	87	26	0
87	87	27	0
87	87	28	1
87	87	29	0
87	87	30	4
87	87	31	0
87	87	32	2
87	87	33	0
87	87	34	2
87	87	35	2
87	87	36	0
87	87	37	2
88	88	0	0
88	88	1	0
88	88	2	0
88	88	3	0
88	88	4	0
88	88	5	0
88	88	6	0
88	88	7	0
88	88	8	0
88	88	9	0
88	88	10	0
88	88	11	0
88	88	12	0
88	88	13	0
88	88	14	0
88	88	15	0
88	88	16	3
88	88	17	0
88	88	18	0
88	88	19	0
88	88	20	4
88	88	21	0
88	88	22	0
88	88	23	3
88	88	24	0
88	88	25	1
88	88	26	1
88	88	27	2
88	88	28	0
88	88	29	5
88	88	30	6
88	88	31	1
88	88	32	1
88	88	33	1
88	88	34	3
88	88	35	1
88	88	36	2
88	88	37	3
89	89	0	0
89	89	1	0
89	89	2	0
89	89	3	0
89	89	4	0
89	89	5	0
89	89	6	0
89	89	7	0
89	89	8	1
89	89	9	0
89	89	10	0
89	89	11	0
89	89	12	0
89	89	13	0
89	89	14	0
89	89	15	0
89	89	16	1
89	89	17	0
89	89	18	3
89	89	19	0
89	89	20	0
89	89	21	0
89	89	22	0
89	89	23	1
89	89	24	0
89	89	25	2
89	89	26	0
89	89	27	6
89	89	28	2
89	89	29	0
89	89	30	2
89	89	31	2
89	89	32	2
89	89	33	1
89	89	34	2
89	89	35	2
89	89	36	0
89	89	37	4
90	90	0	0
90	90	1	0
90	90	2	3
90	90	3	1
90	90	4	0
90	90	5	0
90	90	6	1
90	90	7	0
90	90	8	0
90	90	9	0
90	90	10	0
90	90	11	0
90	90	12	0
90	90	13	0
90	90	14	0
90	90	15	2
90	90	16	0
90	90	17	1
90	90	18	2
90	90	19	0
90	90	20	0
90	90	21	0
90	90	22	0
90	90	23	0
90	90	24	2
90	90	25	3
90	90	26	0
90	90	27	1
90	90	28	0
90	90	29	0
90	90	30	3
90	90	31	0
90	90	32	3
90	90	33	1
90	90	34	0
90	90	35	1
90	90	36	9
90	90	37	3
91	91	0	0
91	91	1	0
91	91	2	2
91	91	3	0
91	91	4	2
91	91	5	0
91	91	6	0
91	91	7	0
91	91	8	3
91	91	9	0
91	91	10	2
91	91	11	0
91	91	12	0
91	91	13	0
91	91	14	2
91	91	15	0
91	91	16	0
91	91	17	1
91	91	18	0
91	91	19	0
91	91	20	0
91	91	21	2
91	91	22	0
91	91	23	1
91	91	24	1
91	91	25	3
91	91	26	3
91	91	27	0
91	91	28	0
91	91	29	7
91	91	30	2
91	91	31	2
91	91	32	5
91	91	33	2
91	91	34	0
91	91	35	2
91	91	36	0
91	91	37	4
92	92	0	0
92	92	1	0
92	92	2	0
92	92	3	0
92	92	4	0
92	92	5	0
92	92	6	0
92	92	7	0
92	92	8	0
92	92	9	0
92	92	10	0
92	92	11	2
92	92	12	1
92	92	13	0
92	92	14	1
92	92	15	0
92	92	16	0
92	92	17	0
92	92	18	0
92	92	19	3
92	92	20	5
92	92	21	1
92	92	22	0
92	92	23	0
92	92	24	2
92	92	25	1
92	92	26	1
92	92	27	0
92	92	28	2
92	92	29	7
92	92	30	4
92	92	31	0
92	92	32	3
92	92	33	0
92	92	34	3
92	92	35	3
92	92	36	6
92	92	37	7
93	93	0	0
93	93	1	0
93	93	2	0
93	93	3	2
93	93	4	0
93	93	5	0
93	93	6	0
93	93	7	0
93	93	8	0
93	93	9	0
93	93	10	0
93	93	11	0
93	93	12	0
93	93	13	0
93	93	14	0
93	93	15	0
93	93	16	1
93	93	17	0
93	93	18	0
93	93	19	0
93	93	20	0
93	93	21	0
93	93	22	2
93	93	23	0
93	93	24	0
93	93	25	0
93	93	26	1
93	93	27	0
93	93	28	1
93	93	29	0
93	93	30	0
93	93	31	0
93	93	32	3
93	93	33	0
93	93	34	0
93	93	35	0
93	93	36	0
93	93	37	0
94	94	0	0
94	94	1	0
94	94	2	0
94	94	3	0
94	94	4	0
94	94	5	0
94	94	6	0
94	94	7	0
94	94	8	0
94	94	9	0
94	94	10	0
94	94	11	0
94	94	12	0
94	94	13	0
94	94	14	0
94	94	15	0
94	94	16	0
94	94	17	0
94	94	18	0
94	94	19	0
94	94	20	0
94	94	21	0
94	94	22	0
94	94	23	0
94	94	24	0
94	94	25	0
94	94	26	0
94	94	27	0
94	94	28	1
94	94	29	0
94	94	30	0
94	94	31	0
94	94	32	0
94	94	33	0
94	94	34	0
94	94	35	0
94	94	36	0
94	94	37	0
95	95	0	0
95	95	1	0
95	95	2	0
95	95	3	0
95	95	4	0
95	95	5	0
95	95	6	0
95	95	7	0
95	95	8	0
95	95	9	1
95	95	10	0
95	95	11	0
95	95	12	0
95	95	13	0
95	95	14	0
95	95	15	0
95	95	16	0
95	95	17	0
95	95	18	0
95	95	19	0
95	95	20	0
95	95	21	0
95	95	22	0
95	95	23	0
95	95	24	0
95	95	25	0
95	95	26	0
95	95	27	0
95	95	28	0
95	95	29	0
95	95	30	0
95	95	31	0
95	95	32	0
95	95	33	0
95	95	34	0
95	95	35	0
95	95	36	0
95	95	37	0
96	96	0	0
96	96	1	0
96	96	2	0
96	96	3	0
96	96	4	0
96	96	5	0
96	96	6	0
96	96	7	0
96	96	8	0
96	96	9	0
96	96	10	0
96	96	11	0
96	96	12	0
96	96	13	0
96	96	14	0
96	96	15	0
96	96	16	0
96	96	17	0
96	96	18	0
96	96	19	0
96	96	20	0
96	96	21	0
96	96	22	0
96	96	23	0
96	96	24	0
96	96	25	0
96	96	26	0
96	96	27	0
96	96	28	0
96	96	29	0
96	96	30	0
96	96	31	0
96	96	32	0
96	96	33	0
96	96	34	0
96	96	35	0
96	96	36	0
96	96	37	2
97	97	0	0
97	97	1	0
97	97	2	2
97	97	3	0
97	97	4	0
97	97	5	0
97	97	6	0
97	97	7	0
97	97	8	0
97	97	9	0
97	97	10	0
97	97	11	0
97	97	12	0
97	97	13	0
97	97	14	0
97	97	15	0
97	97	16	0
97	97	17	0
97	97	18	0
97	97	19	0
97	97	20	0
97	97	21	0
97	97	22	0
97	97	23	0
97	97	24	0
97	97	25	0
97	97	26	0
97	97	27	0
97	97	28	0
97	97	29	0
97	97	30	0
97	97	31	0
97	97	32	0
97	97	33	0
97	97	34	0
97	97	35	0
97	97	36	0
97	97	37	0
98	98	0	0
98	98	1	0
98	98	2	0
98	98	3	0
98	98	4	0
98	98	5	0
98	98	6	0
98	98	7	0
98	98	8	0
98	98	9	0
98	98	10	0
98	98	11	0
98	98	12	0
98	98	13	0
98	98	14	0
98	98	15	0
98	98	16	0
98	98	17	0
98	98	18	0
98	98	19	0
98	98	20	0
98	98	21	0
98	98	22	0
98	98	23	0
98	98	24	0
98	98	25	0
98	98	26	0
98	98	27	0
98	98	28	0
98	98	29	0
98	98	30	1
98	98	31	0
98	98	32	2
98	98	33	0
98	98	34	0
98	98	35	0
98	98	36	0
98	98	37	0
99	99	0	0
99	99	1	0
99	99	2	0
99	99	3	0
99	99	4	0
99	99	5	0
99	99	6	0
99	99	7	0
99	99	8	0
99	99	9	0
99	99	10	0
99	99	11	1
99	99	12	0
99	99	13	0
99	99	14	0
99	99	15	0
99	99	16	0
99	99	17	0
99	99	18	0
99	99	19	0
99	99	20	0
99	99	21	0
99	99	22	0
99	99	23	0
99	99	24	0
99	99	25	0
99	99	26	0
99	99	27	0
99	99	28	0
99	99	29	0
99	99	30	0
99	99	31	0
99	99	32	0
99	99	33	0
99	99	34	0
99	99	35	0
99	99	36	0
99	99	37	0
100	100	0	0
100	100	1	0
100	100	2	0
100	100	3	0
100	100	4	0
100	100	5	0
100	100	6	0
100	100	7	0
100	100	8	0
100	100	9	0
100	100	10	1
100	100	11	0
100	100	12	0
100	100	13	0
100	100	14	0
100	100	15	0
100	100	16	0
100	100	17	1
100	100	18	2
100	100	19	0
100	100	20	0
100	100	21	1
100	100	22	0
100	100	23	1
100	100	24	0
100	100	25	0
100	100	26	0
100	100	27	0
100	100	28	0
100	100	29	0
100	100	30	2
100	100	31	0
100	100	32	0
100	100	33	0
100	100	34	0
100	100	35	0
100	100	36	0
100	100	37	0
101	101	0	0
101	101	1	0
101	101	2	0
101	101	3	0
101	101	4	0
101	101	5	0
101	101	6	0
101	101	7	0
101	101	8	0
101	101	9	0
101	101	10	0
101	101	11	0
101	101	12	0
101	101	13	0
101	101	14	0
101	101	15	0
101	101	16	0
101	101	17	0
101	101	18	0
101	101	19	0
101	101	20	0
101	101	21	0
101	101	22	1
101	101	23	1
101	101	24	0
101	101	25	0
101	101	26	0
101	101	27	2
101	101	28	0
101	101	29	3
101	101	30	0
101	101	31	0
101	101	32	0
101	101	33	0
101	101	34	0
101	101	35	0
101	101	36	2
101	101	37	0
102	102	0	0
102	102	1	0
102	102	2	0
102	102	3	0
102	102	4	0
102	102	5	0
102	102	6	0
102	102	7	0
102	102	8	4
102	102	9	0
102	102	10	0
102	102	11	0
102	102	12	0
102	102	13	0
102	102	14	0
102	102	15	0
102	102	16	0
102	102	17	0
102	102	18	0
102	102	19	0
102	102	20	0
102	102	21	0
102	102	22	0
102	102	23	0
102	102	24	0
102	102	25	0
102	102	26	1
102	102	27	0
102	102	28	0
102	102	29	0
102	102	30	0
102	102	31	0
102	102	32	0
102	102	33	0
102	102	34	0
102	102	35	0
102	102	36	0
102	102	37	0
103	103	0	0
103	103	1	0
103	103	2	0
103	103	3	0
103	103	4	0
103	103	5	0
103	103	6	0
103	103	7	0
103	103	8	0
103	103	9	0
103	103	10	0
103	103	11	0
103	103	12	1
103	103	13	0
103	103	14	0
103	103	15	0
103	103	16	0
103	103	17	0
103	103	18	0
103	103	19	0
103	103	20	0
103	103	21	0
103	103	22	0
103	103	23	0
103	103	24	0
103	103	25	0
103	103	26	0
103	103	27	0
103	103	28	0
103	103	29	0
103	103	30	0
103	103	31	0
103	103	32	0
103	103	33	0
103	103	34	0
103	103	35	0
103	103	36	0
103	103	37	0
104	104	0	0
104	104	1	0
104	104	2	0
104	104	3	0
104	104	4	0
104	104	5	0
104	104	6	0
104	104	7	0
104	104	8	0
104	104	9	0
104	104	10	2
104	104	11	0
104	104	12	0
104	104	13	0
104	104	14	0
104	104	15	0
104	104	16	0
104	104	17	1
104	104	18	0
104	104	19	3
104	104	20	3
104	104	21	2
104	104	22	2
104	104	23	0
104	104	24	0
104	104	25	0
104	104	26	3
104	104	27	0
104	104	28	3
104	104	29	1
104	104	30	8
104	104	31	2
104	104	32	1
104	104	33	2
104	104	34	1
104	104	35	6
104	104	36	1
104	104	37	5
105	105	0	0
105	105	1	0
105	105	2	0
105	105	3	0
105	105	4	0
105	105	5	0
105	105	6	0
105	105	7	0
105	105	8	0
105	105	9	0
105	105	10	0
105	105	11	0
105	105	12	0
105	105	13	0
105	105	14	0
105	105	15	0
105	105	16	0
105	105	17	0
105	105	18	0
105	105	19	0
105	105	20	0
105	105	21	0
105	105	22	0
105	105	23	0
105	105	24	0
105	105	25	0
105	105	26	0
105	105	27	0
105	105	28	0
105	105	29	0
105	105	30	1
105	105	31	0
105	105	32	0
105	105	33	0
105	105	34	0
105	105	35	0
105	105	36	0
105	105	37	2
106	106	0	0
106	106	1	0
106	106	2	0
106	106	3	0
106	106	4	0
106	106	5	0
106	106	6	0
106	106	7	0
106	106	8	0
106	106	9	0
106	106	10	0
106	106	11	0
106	106	12	0
106	106	13	0
106	106	14	0
106	106	15	0
106	106	16	0
106	106	17	0
106	106	18	0
106	106	19	0
106	106	20	0
106	106	21	0
106	106	22	0
106	106	23	0
106	106	24	0
106	106	25	0
106	106	26	1
106	106	27	0
106	106	28	0
106	106	29	0
106	106	30	1
106	106	31	0
106	106	32	0
106	106	33	4
106	106	34	0
106	106	35	0
106	106	36	0
106	106	37	0
107	107	0	0
107	107	1	0
107	107	2	0
107	107	3	0
107	107	4	0
107	107	5	0
107	107	6	0
107	107	7	0
107	107	8	0
107	107	9	0
107	107	10	0
107	107	11	0
107	107	12	0
107	107	13	0
107	107	14	0
107	107	15	0
107	107	16	0
107	107	17	0
107	107	18	0
107	107	19	0
107	107	20	0
107	107	21	0
107	107	22	1
107	107	23	0
107	107	24	0
107	107	25	2
107	107	26	0
107	107	27	1
107	107	28	0
107	107	29	0
107	107	30	3
107	107	31	0
107	107	32	1
107	107	33	0
107	107	34	0
107	107	35	2
107	107	36	0
107	107	37	0
108	108	0	0
108	108	1	0
108	108	2	2
108	108	3	0
108	108	4	0
108	108	5	2
108	108	6	0
108	108	7	1
108	108	8	0
108	108	9	1
108	108	10	0
108	108	11	0
108	108	12	2
108	108	13	0
108	108	14	2
108	108	15	1
108	108	16	0
108	108	17	4
108	108	18	0
108	108	19	2
108	108	20	0
108	108	21	2
108	108	22	3
108	108	23	3
108	108	24	5
108	108	25	6
108	108	26	4
108	108	27	6
108	108	28	6
108	108	29	3
108	108	30	6
108	108	31	7
108	108	32	9
108	108	33	7
108	108	34	6
108	108	35	1
108	108	36	11
108	108	37	1
109	109	0	0
109	109	1	0
109	109	2	0
109	109	3	1
109	109	4	0
109	109	5	0
109	109	6	0
109	109	7	0
109	109	8	0
109	109	9	0
109	109	10	0
109	109	11	0
109	109	12	0
109	109	13	0
109	109	14	1
109	109	15	0
109	109	16	0
109	109	17	0
109	109	18	0
109	109	19	0
109	109	20	0
109	109	21	0
109	109	22	0
109	109	23	3
109	109	24	3
109	109	25	0
109	109	26	4
109	109	27	2
109	109	28	1
109	109	29	0
109	109	30	5
109	109	31	1
109	109	32	5
109	109	33	0
109	109	34	4
109	109	35	4
109	109	36	2
109	109	37	5
110	110	0	0
110	110	1	0
110	110	2	0
110	110	3	0
110	110	4	0
110	110	5	0
110	110	6	1
110	110	7	0
110	110	8	0
110	110	9	0
110	110	10	0
110	110	11	0
110	110	12	1
110	110	13	0
110	110	14	2
110	110	15	0
110	110	16	0
110	110	17	0
110	110	18	0
110	110	19	0
110	110	20	2
110	110	21	0
110	110	22	0
110	110	23	0
110	110	24	2
110	110	25	1
110	110	26	4
110	110	27	4
110	110	28	2
110	110	29	2
110	110	30	1
110	110	31	1
110	110	32	7
110	110	33	2
110	110	34	3
110	110	35	0
110	110	36	1
110	110	37	4
111	111	0	0
111	111	1	1
111	111	2	0
111	111	3	0
111	111	4	0
111	111	5	0
111	111	6	0
111	111	7	2
111	111	8	1
111	111	9	0
111	111	10	2
111	111	11	0
111	111	12	0
111	111	13	0
111	111	14	0
111	111	15	0
111	111	16	2
111	111	17	2
111	111	18	0
111	111	19	0
111	111	20	0
111	111	21	0
111	111	22	3
111	111	23	0
111	111	24	0
111	111	25	2
111	111	26	0
111	111	27	4
111	111	28	4
111	111	29	2
111	111	30	3
111	111	31	1
111	111	32	5
111	111	33	1
111	111	34	1
111	111	35	3
111	111	36	6
111	111	37	2
112	112	0	0
112	112	1	0
112	112	2	2
112	112	3	0
112	112	4	0
112	112	5	0
112	112	6	0
112	112	7	0
112	112	8	0
112	112	9	0
112	112	10	0
112	112	11	0
112	112	12	0
112	112	13	0
112	112	14	0
112	112	15	0
112	112	16	0
112	112	17	0
112	112	18	0
112	112	19	0
112	112	20	0
112	112	21	0
112	112	22	0
112	112	23	0
112	112	24	0
112	112	25	0
112	112	26	0
112	112	27	0
112	112	28	0
112	112	29	0
112	112	30	0
112	112	31	0
112	112	32	0
112	112	33	0
112	112	34	0
112	112	35	0
112	112	36	0
112	112	37	0
113	113	0	0
113	113	1	0
113	113	2	0
113	113	3	0
113	113	4	0
113	113	5	0
113	113	6	0
113	113	7	0
113	113	8	0
113	113	9	0
113	113	10	0
113	113	11	0
113	113	12	0
113	113	13	0
113	113	14	0
113	113	15	0
113	113	16	0
113	113	17	0
113	113	18	0
113	113	19	0
113	113	20	0
113	113	21	0
113	113	22	0
113	113	23	0
113	113	24	0
113	113	25	0
113	113	26	0
113	113	27	0
113	113	28	0
113	113	29	0
113	113	30	0
113	113	31	0
113	113	32	0
113	113	33	0
113	113	34	0
113	113	35	2
113	113	36	0
113	113	37	0
114	114	0	0
114	114	1	0
114	114	2	1
114	114	3	0
114	114	4	0
114	114	5	0
114	114	6	0
114	114	7	0
114	114	8	1
114	114	9	0
114	114	10	0
114	114	11	0
114	114	12	0
114	114	13	0
114	114	14	0
114	114	15	0
114	114	16	0
114	114	17	0
114	114	18	0
114	114	19	0
114	114	20	0
114	114	21	0
114	114	22	0
114	114	23	0
114	114	24	0
114	114	25	0
114	114	26	0
114	114	27	0
114	114	28	0
114	114	29	0
114	114	30	0
114	114	31	0
114	114	32	0
114	114	33	0
114	114	34	0
114	114	35	0
114	114	36	0
114	114	37	0
115	115	0	0
115	115	1	2
115	115	2	0
115	115	3	0
115	115	4	0
115	115	5	0
115	115	6	0
115	115	7	0
115	115	8	0
115	115	9	0
115	115	10	0
115	115	11	0
115	115	12	0
115	115	13	0
115	115	14	0
115	115	15	0
115	115	16	2
115	115	17	0
115	115	18	0
115	115	19	0
115	115	20	0
115	115	21	0
115	115	22	0
115	115	23	0
115	115	24	0
115	115	25	0
115	115	26	0
115	115	27	0
115	115	28	0
115	115	29	0
115	115	30	0
115	115	31	0
115	115	32	0
115	115	33	0
115	115	34	0
115	115	35	0
115	115	36	0
115	115	37	0
116	116	0	0
116	116	1	2
116	116	2	0
116	116	3	0
116	116	4	2
116	116	5	0
116	116	6	0
116	116	7	1
116	116	8	0
116	116	9	0
116	116	10	0
116	116	11	0
116	116	12	0
116	116	13	0
116	116	14	2
116	116	15	0
116	116	16	0
116	116	17	0
116	116	18	0
116	116	19	0
116	116	20	1
116	116	21	0
116	116	22	1
116	116	23	0
116	116	24	0
116	116	25	0
116	116	26	0
116	116	27	0
116	116	28	0
116	116	29	0
116	116	30	0
116	116	31	1
116	116	32	1
116	116	33	3
116	116	34	0
116	116	35	0
116	116	36	0
116	116	37	3
117	117	0	0
117	117	1	0
117	117	2	1
117	117	3	0
117	117	4	0
117	117	5	0
117	117	6	1
117	117	7	0
117	117	8	0
117	117	9	2
117	117	10	0
117	117	11	0
117	117	12	0
117	117	13	0
117	117	14	0
117	117	15	2
117	117	16	0
117	117	17	0
117	117	18	1
117	117	19	0
117	117	20	1
117	117	21	0
117	117	22	0
117	117	23	0
117	117	24	3
117	117	25	1
117	117	26	2
117	117	27	3
117	117	28	1
117	117	29	0
117	117	30	8
117	117	31	0
117	117	32	1
117	117	33	3
117	117	34	1
117	117	35	3
117	117	36	2
117	117	37	0
118	118	0	0
118	118	1	0
118	118	2	0
118	118	3	0
118	118	4	0
118	118	5	0
118	118	6	2
118	118	7	0
118	118	8	0
118	118	9	0
118	118	10	0
118	118	11	0
118	118	12	0
118	118	13	0
118	118	14	0
118	118	15	0
118	118	16	0
118	118	17	0
118	118	18	0
118	118	19	0
118	118	20	0
118	118	21	0
118	118	22	1
118	118	23	0
118	118	24	0
118	118	25	0
118	118	26	0
118	118	27	0
118	118	28	0
118	118	29	0
118	118	30	0
118	118	31	0
118	118	32	0
118	118	33	1
118	118	34	0
118	118	35	0
118	118	36	1
118	118	37	0
119	119	0	0
119	119	1	1
119	119	2	0
119	119	3	0
119	119	4	0
119	119	5	0
119	119	6	2
119	119	7	0
119	119	8	3
119	119	9	1
119	119	10	0
119	119	11	0
119	119	12	0
119	119	13	2
119	119	14	0
119	119	15	0
119	119	16	5
119	119	17	3
119	119	18	0
119	119	19	0
119	119	20	0
119	119	21	2
119	119	22	0
119	119	23	0
119	119	24	1
119	119	25	0
119	119	26	2
119	119	27	2
119	119	28	0
119	119	29	0
119	119	30	1
119	119	31	0
119	119	32	2
119	119	33	3
119	119	34	0
119	119	35	0
119	119	36	0
119	119	37	3
120	120	0	0
120	120	1	0
120	120	2	0
120	120	3	3
120	120	4	2
120	120	5	1
120	120	6	0
120	120	7	1
120	120	8	0
120	120	9	4
120	120	10	0
120	120	11	1
120	120	12	2
120	120	13	0
120	120	14	0
120	120	15	2
120	120	16	1
120	120	17	0
120	120	18	3
120	120	19	1
120	120	20	6
120	120	21	4
120	120	22	0
120	120	23	0
120	120	24	10
120	120	25	2
120	120	26	0
120	120	27	2
120	120	28	2
120	120	29	0
120	120	30	1
120	120	31	3
120	120	32	1
120	120	33	0
120	120	34	0
120	120	35	3
120	120	36	1
120	120	37	1
121	121	0	0
121	121	1	3
121	121	2	1
121	121	3	0
121	121	4	0
121	121	5	0
121	121	6	0
121	121	7	5
121	121	8	1
121	121	9	3
121	121	10	1
121	121	11	0
121	121	12	0
121	121	13	0
121	121	14	2
121	121	15	4
121	121	16	2
121	121	17	1
121	121	18	1
121	121	19	1
121	121	20	0
121	121	21	4
121	121	22	5
121	121	23	1
121	121	24	2
121	121	25	2
121	121	26	1
121	121	27	0
121	121	28	0
121	121	29	0
121	121	30	1
121	121	31	6
121	121	32	2
121	121	33	0
121	121	34	0
121	121	35	1
121	121	36	1
121	121	37	7
122	122	0	0
122	122	1	0
122	122	2	0
122	122	3	0
122	122	4	2
122	122	5	0
122	122	6	0
122	122	7	0
122	122	8	0
122	122	9	0
122	122	10	3
122	122	11	0
122	122	12	0
122	122	13	0
122	122	14	0
122	122	15	0
122	122	16	0
122	122	17	0
122	122	18	0
122	122	19	0
122	122	20	1
122	122	21	0
122	122	22	0
122	122	23	0
122	122	24	0
122	122	25	0
122	122	26	0
122	122	27	0
122	122	28	0
122	122	29	0
122	122	30	0
122	122	31	0
122	122	32	0
122	122	33	0
122	122	34	0
122	122	35	0
122	122	36	0
122	122	37	0
123	123	0	0
123	123	1	1
123	123	2	0
123	123	3	0
123	123	4	0
123	123	5	0
123	123	6	0
123	123	7	0
123	123	8	1
123	123	9	2
123	123	10	0
123	123	11	3
123	123	12	0
123	123	13	0
123	123	14	0
123	123	15	0
123	123	16	0
123	123	17	1
123	123	18	0
123	123	19	4
123	123	20	0
123	123	21	3
123	123	22	0
123	123	23	1
123	123	24	2
123	123	25	2
123	123	26	2
123	123	27	1
123	123	28	0
123	123	29	0
123	123	30	6
123	123	31	0
123	123	32	5
123	123	33	0
123	123	34	1
123	123	35	0
123	123	36	2
123	123	37	5
124	124	0	0
124	124	1	0
124	124	2	0
124	124	3	0
124	124	4	2
124	124	5	0
124	124	6	0
124	124	7	0
124	124	8	1
124	124	9	0
124	124	10	1
124	124	11	0
124	124	12	0
124	124	13	2
124	124	14	0
124	124	15	3
124	124	16	0
124	124	17	1
124	124	18	0
124	124	19	0
124	124	20	2
124	124	21	3
124	124	22	0
124	124	23	0
124	124	24	4
124	124	25	1
124	124	26	3
124	124	27	3
124	124	28	0
124	124	29	4
124	124	30	1
124	124	31	2
124	124	32	3
124	124	33	2
124	124	34	2
124	124	35	8
124	124	36	4
124	124	37	4
125	125	0	0
125	125	1	0
125	125	2	0
125	125	3	0
125	125	4	0
125	125	5	0
125	125	6	0
125	125	7	1
125	125	8	0
125	125	9	0
125	125	10	0
125	125	11	0
125	125	12	0
125	125	13	0
125	125	14	2
125	125	15	2
125	125	16	0
125	125	17	2
125	125	18	0
125	125	19	0
125	125	20	0
125	125	21	0
125	125	22	0
125	125	23	0
125	125	24	0
125	125	25	0
125	125	26	0
125	125	27	0
125	125	28	0
125	125	29	0
125	125	30	0
125	125	31	0
125	125	32	0
125	125	33	0
125	125	34	0
125	125	35	0
125	125	36	0
125	125	37	0
126	126	0	0
126	126	1	0
126	126	2	0
126	126	3	0
126	126	4	1
126	126	5	0
126	126	6	0
126	126	7	0
126	126	8	0
126	126	9	0
126	126	10	0
126	126	11	0
126	126	12	0
126	126	13	0
126	126	14	2
126	126	15	0
126	126	16	0
126	126	17	0
126	126	18	0
126	126	19	0
126	126	20	0
126	126	21	0
126	126	22	0
126	126	23	0
126	126	24	0
126	126	25	0
126	126	26	0
126	126	27	0
126	126	28	0
126	126	29	0
126	126	30	0
126	126	31	0
126	126	32	0
126	126	33	0
126	126	34	0
126	126	35	0
126	126	36	0
126	126	37	0
127	127	0	0
127	127	1	0
127	127	2	0
127	127	3	0
127	127	4	0
127	127	5	0
127	127	6	0
127	127	7	0
127	127	8	0
127	127	9	0
127	127	10	0
127	127	11	0
127	127	12	0
127	127	13	0
127	127	14	0
127	127	15	0
127	127	16	0
127	127	17	0
127	127	18	0
127	127	19	0
127	127	20	0
127	127	21	0
127	127	22	2
127	127	23	0
127	127	24	0
127	127	25	4
127	127	26	0
127	127	27	1
127	127	28	0
127	127	29	3
127	127	30	0
127	127	31	0
127	127	32	0
127	127	33	0
127	127	34	0
127	127	35	0
127	127	36	0
127	127	37	2
128	128	0	0
128	128	1	0
128	128	2	3
128	128	3	0
128	128	4	0
128	128	5	0
128	128	6	0
128	128	7	0
128	128	8	0
128	128	9	0
128	128	10	0
128	128	11	0
128	128	12	0
128	128	13	0
128	128	14	0
128	128	15	0
128	128	16	0
128	128	17	0
128	128	18	0
128	128	19	0
128	128	20	0
128	128	21	0
128	128	22	0
128	128	23	0
128	128	24	0
128	128	25	0
128	128	26	0
128	128	27	0
128	128	28	0
128	128	29	0
128	128	30	0
128	128	31	0
128	128	32	0
128	128	33	0
128	128	34	0
128	128	35	0
128	128	36	0
128	128	37	0
129	129	0	0
129	129	1	0
129	129	2	0
129	129	3	0
129	129	4	0
129	129	5	0
129	129	6	0
129	129	7	0
129	129	8	0
129	129	9	0
129	129	10	0
129	129	11	0
129	129	12	0
129	129	13	0
129	129	14	0
129	129	15	0
129	129	16	0
129	129	17	0
129	129	18	0
129	129	19	0
129	129	20	0
129	129	21	0
129	129	22	0
129	129	23	0
129	129	24	0
129	129	25	0
129	129	26	0
129	129	27	0
129	129	28	0
129	129	29	0
129	129	30	0
129	129	31	0
129	129	32	0
129	129	33	0
129	129	34	0
129	129	35	0
129	129	36	0
129	129	37	0
130	130	0	0
130	130	1	0
130	130	2	0
130	130	3	1
130	130	4	0
130	130	5	0
130	130	6	0
130	130	7	1
130	130	8	0
130	130	9	1
130	130	10	2
130	130	11	0
130	130	12	0
130	130	13	0
130	130	14	1
130	130	15	0
130	130	16	0
130	130	17	0
130	130	18	0
130	130	19	0
130	130	20	1
130	130	21	0
130	130	22	0
130	130	23	0
130	130	24	0
130	130	25	0
130	130	26	1
130	130	27	0
130	130	28	0
130	130	29	0
130	130	30	3
130	130	31	0
130	130	32	3
130	130	33	0
130	130	34	3
130	130	35	0
130	130	36	0
130	130	37	1
131	131	0	0
131	131	1	0
131	131	2	0
131	131	3	0
131	131	4	0
131	131	5	0
131	131	6	0
131	131	7	0
131	131	8	0
131	131	9	1
131	131	10	0
131	131	11	0
131	131	12	0
131	131	13	0
131	131	14	0
131	131	15	0
131	131	16	0
131	131	17	0
131	131	18	1
131	131	19	0
131	131	20	0
131	131	21	0
131	131	22	0
131	131	23	1
131	131	24	0
131	131	25	0
131	131	26	0
131	131	27	0
131	131	28	0
131	131	29	0
131	131	30	0
131	131	31	0
131	131	32	5
131	131	33	2
131	131	34	0
131	131	35	2
131	131	36	0
131	131	37	0
132	132	0	0
132	132	1	0
132	132	2	0
132	132	3	0
132	132	4	0
132	132	5	0
132	132	6	0
132	132	7	0
132	132	8	0
132	132	9	0
132	132	10	1
132	132	11	0
132	132	12	0
132	132	13	0
132	132	14	0
132	132	15	0
132	132	16	0
132	132	17	0
132	132	18	0
132	132	19	0
132	132	20	0
132	132	21	1
132	132	22	0
132	132	23	0
132	132	24	0
132	132	25	0
132	132	26	0
132	132	27	1
132	132	28	0
132	132	29	0
132	132	30	0
132	132	31	0
132	132	32	0
132	132	33	0
132	132	34	0
132	132	35	0
132	132	36	0
132	132	37	0
133	133	0	0
133	133	1	0
133	133	2	0
133	133	3	0
133	133	4	1
133	133	5	1
133	133	6	2
133	133	7	0
133	133	8	0
133	133	9	1
133	133	10	0
133	133	11	0
133	133	12	0
133	133	13	0
133	133	14	0
133	133	15	0
133	133	16	0
133	133	17	3
133	133	18	0
133	133	19	0
133	133	20	0
133	133	21	0
133	133	22	0
133	133	23	0
133	133	24	0
133	133	25	0
133	133	26	0
133	133	27	0
133	133	28	0
133	133	29	0
133	133	30	0
133	133	31	1
133	133	32	0
133	133	33	0
133	133	34	0
133	133	35	0
133	133	36	0
133	133	37	0
134	134	0	0
134	134	1	3
134	134	2	2
134	134	3	0
134	134	4	1
134	134	5	0
134	134	6	0
134	134	7	0
134	134	8	0
134	134	9	0
134	134	10	0
134	134	11	0
134	134	12	0
134	134	13	0
134	134	14	0
134	134	15	1
134	134	16	0
134	134	17	0
134	134	18	0
134	134	19	0
134	134	20	1
134	134	21	0
134	134	22	0
134	134	23	0
134	134	24	0
134	134	25	0
134	134	26	0
134	134	27	0
134	134	28	0
134	134	29	0
134	134	30	0
134	134	31	0
134	134	32	0
134	134	33	0
134	134	34	2
134	134	35	1
134	134	36	0
134	134	37	0
135	135	0	0
135	135	1	0
135	135	2	0
135	135	3	1
135	135	4	0
135	135	5	0
135	135	6	2
135	135	7	0
135	135	8	1
135	135	9	0
135	135	10	0
135	135	11	1
135	135	12	0
135	135	13	1
135	135	14	0
135	135	15	0
135	135	16	0
135	135	17	0
135	135	18	0
135	135	19	0
135	135	20	0
135	135	21	0
135	135	22	0
135	135	23	2
135	135	24	1
135	135	25	0
135	135	26	0
135	135	27	0
135	135	28	0
135	135	29	0
135	135	30	0
135	135	31	0
135	135	32	0
135	135	33	0
135	135	34	0
135	135	35	0
135	135	36	0
135	135	37	1
136	136	0	0
136	136	1	0
136	136	2	0
136	136	3	0
136	136	4	0
136	136	5	0
136	136	6	0
136	136	7	0
136	136	8	0
136	136	9	0
136	136	10	0
136	136	11	0
136	136	12	0
136	136	13	0
136	136	14	0
136	136	15	1
136	136	16	1
136	136	17	0
136	136	18	2
136	136	19	1
136	136	20	0
136	136	21	1
136	136	22	0
136	136	23	2
136	136	24	0
136	136	25	1
136	136	26	2
136	136	27	2
136	136	28	0
136	136	29	0
136	136	30	1
136	136	31	0
136	136	32	0
136	136	33	4
136	136	34	1
136	136	35	1
136	136	36	2
136	136	37	1
137	137	0	0
137	137	1	0
137	137	2	0
137	137	3	0
137	137	4	0
137	137	5	0
137	137	6	0
137	137	7	0
137	137	8	0
137	137	9	0
137	137	10	0
137	137	11	0
137	137	12	0
137	137	13	0
137	137	14	0
137	137	15	0
137	137	16	0
137	137	17	0
137	137	18	0
137	137	19	0
137	137	20	0
137	137	21	0
137	137	22	0
137	137	23	0
137	137	24	0
137	137	25	0
137	137	26	0
137	137	27	0
137	137	28	0
137	137	29	0
137	137	30	0
137	137	31	0
137	137	32	0
137	137	33	0
137	137	34	0
137	137	35	0
137	137	36	0
137	137	37	0
138	138	0	0
138	138	1	0
138	138	2	0
138	138	3	0
138	138	4	0
138	138	5	2
138	138	6	0
138	138	7	0
138	138	8	0
138	138	9	0
138	138	10	0
138	138	11	0
138	138	12	0
138	138	13	0
138	138	14	0
138	138	15	0
138	138	16	0
138	138	17	0
138	138	18	0
138	138	19	0
138	138	20	0
138	138	21	0
138	138	22	0
138	138	23	0
138	138	24	0
138	138	25	0
138	138	26	0
138	138	27	0
138	138	28	0
138	138	29	0
138	138	30	0
138	138	31	0
138	138	32	0
138	138	33	0
138	138	34	0
138	138	35	0
138	138	36	0
138	138	37	0
139	139	0	0
139	139	1	0
139	139	2	0
139	139	3	0
139	139	4	0
139	139	5	0
139	139	6	0
139	139	7	0
139	139	8	0
139	139	9	0
139	139	10	0
139	139	11	0
139	139	12	0
139	139	13	0
139	139	14	0
139	139	15	0
139	139	16	0
139	139	17	0
139	139	18	0
139	139	19	0
139	139	20	0
139	139	21	0
139	139	22	0
139	139	23	0
139	139	24	0
139	139	25	0
139	139	26	0
139	139	27	0
139	139	28	0
139	139	29	0
139	139	30	0
139	139	31	0
139	139	32	0
139	139	33	0
139	139	34	0
139	139	35	0
139	139	36	0
139	139	37	0
140	140	0	0
140	140	1	0
140	140	2	0
140	140	3	0
140	140	4	0
140	140	5	0
140	140	6	0
140	140	7	0
140	140	8	1
140	140	9	1
140	140	10	0
140	140	11	0
140	140	12	0
140	140	13	0
140	140	14	0
140	140	15	0
140	140	16	3
140	140	17	0
140	140	18	0
140	140	19	0
140	140	20	0
140	140	21	0
140	140	22	0
140	140	23	2
140	140	24	0
140	140	25	0
140	140	26	0
140	140	27	0
140	140	28	0
140	140	29	1
140	140	30	0
140	140	31	0
140	140	32	0
140	140	33	0
140	140	34	4
140	140	35	0
140	140	36	0
140	140	37	0
141	141	0	0
141	141	1	0
141	141	2	0
141	141	3	0
141	141	4	0
141	141	5	0
141	141	6	0
141	141	7	0
141	141	8	0
141	141	9	0
141	141	10	0
141	141	11	0
141	141	12	2
141	141	13	0
141	141	14	0
141	141	15	0
141	141	16	0
141	141	17	1
141	141	18	0
141	141	19	0
141	141	20	0
141	141	21	0
141	141	22	0
141	141	23	0
141	141	24	0
141	141	25	0
141	141	26	0
141	141	27	0
141	141	28	0
141	141	29	0
141	141	30	3
141	141	31	0
141	141	32	1
141	141	33	0
141	141	34	0
141	141	35	0
141	141	36	0
141	141	37	0
142	142	0	0
142	142	1	0
142	142	2	0
142	142	3	0
142	142	4	0
142	142	5	2
142	142	6	1
142	142	7	0
142	142	8	0
142	142	9	0
142	142	10	0
142	142	11	0
142	142	12	0
142	142	13	0
142	142	14	0
142	142	15	0
142	142	16	0
142	142	17	0
142	142	18	0
142	142	19	0
142	142	20	0
142	142	21	0
142	142	22	0
142	142	23	0
142	142	24	0
142	142	25	0
142	142	26	0
142	142	27	0
142	142	28	0
142	142	29	0
142	142	30	0
142	142	31	0
142	142	32	2
142	142	33	0
142	142	34	0
142	142	35	0
142	142	36	0
142	142	37	0
143	143	0	0
143	143	1	0
143	143	2	0
143	143	3	0
143	143	4	0
143	143	5	0
143	143	6	0
143	143	7	3
143	143	8	0
143	143	9	0
143	143	10	0
143	143	11	0
143	143	12	0
143	143	13	0
143	143	14	0
143	143	15	0
143	143	16	0
143	143	17	0
143	143	18	0
143	143	19	0
143	143	20	0
143	143	21	0
143	143	22	0
143	143	23	0
143	143	24	0
143	143	25	0
143	143	26	0
143	143	27	0
143	143	28	0
143	143	29	0
143	143	30	0
143	143	31	0
143	143	32	0
143	143	33	0
143	143	34	0
143	143	35	0
143	143	36	0
143	143	37	0
144	144	0	0
144	144	1	0
144	144	2	1
144	144	3	0
144	144	4	0
144	144	5	0
144	144	6	2
144	144	7	0
144	144	8	0
144	144	9	1
144	144	10	0
144	144	11	3
144	144	12	0
144	144	13	0
144	144	14	0
144	144	15	0
144	144	16	0
144	144	17	0
144	144	18	0
144	144	19	0
144	144	20	0
144	144	21	0
144	144	22	0
144	144	23	3
144	144	24	0
144	144	25	0
144	144	26	0
144	144	27	0
144	144	28	0
144	144	29	0
144	144	30	0
144	144	31	0
144	144	32	0
144	144	33	0
144	144	34	0
144	144	35	1
144	144	36	0
144	144	37	0
145	145	0	0
145	145	1	0
145	145	2	0
145	145	3	0
145	145	4	0
145	145	5	0
145	145	6	0
145	145	7	0
145	145	8	0
145	145	9	0
145	145	10	0
145	145	11	0
145	145	12	0
145	145	13	0
145	145	14	1
145	145	15	0
145	145	16	0
145	145	17	0
145	145	18	0
145	145	19	0
145	145	20	0
145	145	21	0
145	145	22	0
145	145	23	0
145	145	24	0
145	145	25	0
145	145	26	0
145	145	27	0
145	145	28	0
145	145	29	0
145	145	30	0
145	145	31	0
145	145	32	0
145	145	33	0
145	145	34	0
145	145	35	0
145	145	36	0
145	145	37	0
146	146	0	0
146	146	1	1
146	146	2	0
146	146	3	0
146	146	4	0
146	146	5	0
146	146	6	0
146	146	7	0
146	146	8	0
146	146	9	0
146	146	10	0
146	146	11	1
146	146	12	0
146	146	13	0
146	146	14	0
146	146	15	0
146	146	16	0
146	146	17	0
146	146	18	0
146	146	19	0
146	146	20	2
146	146	21	1
146	146	22	0
146	146	23	0
146	146	24	0
146	146	25	0
146	146	26	1
146	146	27	0
146	146	28	0
146	146	29	0
146	146	30	0
146	146	31	1
146	146	32	0
146	146	33	1
146	146	34	2
146	146	35	2
146	146	36	3
146	146	37	0
147	147	0	0
147	147	1	0
147	147	2	0
147	147	3	0
147	147	4	0
147	147	5	0
147	147	6	0
147	147	7	0
147	147	8	1
147	147	9	0
147	147	10	0
147	147	11	0
147	147	12	0
147	147	13	0
147	147	14	0
147	147	15	0
147	147	16	0
147	147	17	0
147	147	18	0
147	147	19	0
147	147	20	0
147	147	21	3
147	147	22	0
147	147	23	0
147	147	24	2
147	147	25	0
147	147	26	0
147	147	27	0
147	147	28	0
147	147	29	0
147	147	30	4
147	147	31	4
147	147	32	0
147	147	33	2
147	147	34	0
147	147	35	0
147	147	36	0
147	147	37	0
148	148	0	0
148	148	1	0
148	148	2	0
148	148	3	0
148	148	4	0
148	148	5	2
148	148	6	0
148	148	7	0
148	148	8	0
148	148	9	0
148	148	10	0
148	148	11	0
148	148	12	0
148	148	13	0
148	148	14	2
148	148	15	0
148	148	16	0
148	148	17	0
148	148	18	3
148	148	19	0
148	148	20	0
148	148	21	0
148	148	22	0
148	148	23	0
148	148	24	1
148	148	25	1
148	148	26	0
148	148	27	0
148	148	28	0
148	148	29	0
148	148	30	0
148	148	31	0
148	148	32	0
148	148	33	0
148	148	34	0
148	148	35	0
148	148	36	0
148	148	37	0
149	149	0	0
149	149	1	0
149	149	2	0
149	149	3	2
149	149	4	0
149	149	5	3
149	149	6	0
149	149	7	0
149	149	8	0
149	149	9	0
149	149	10	1
149	149	11	0
149	149	12	0
149	149	13	0
149	149	14	0
149	149	15	0
149	149	16	0
149	149	17	0
149	149	18	0
149	149	19	1
149	149	20	0
149	149	21	0
149	149	22	0
149	149	23	1
149	149	24	0
149	149	25	0
149	149	26	0
149	149	27	0
149	149	28	0
149	149	29	0
149	149	30	0
149	149	31	0
149	149	32	0
149	149	33	0
149	149	34	0
149	149	35	0
149	149	36	2
149	149	37	1
150	150	0	0
150	150	1	0
150	150	2	0
150	150	3	0
150	150	4	0
150	150	5	0
150	150	6	0
150	150	7	0
150	150	8	0
150	150	9	0
150	150	10	0
150	150	11	0
150	150	12	1
150	150	13	0
150	150	14	0
150	150	15	0
150	150	16	0
150	150	17	0
150	150	18	0
150	150	19	0
150	150	20	0
150	150	21	0
150	150	22	0
150	150	23	2
150	150	24	1
150	150	25	2
150	150	26	0
150	150	27	0
150	150	28	0
150	150	29	0
150	150	30	0
150	150	31	0
150	150	32	3
150	150	33	0
150	150	34	0
150	150	35	0
150	150	36	1
150	150	37	1
151	151	0	0
151	151	1	0
151	151	2	0
151	151	3	0
151	151	4	0
151	151	5	0
151	151	6	0
151	151	7	0
151	151	8	0
151	151	9	0
151	151	10	0
151	151	11	0
151	151	12	0
151	151	13	0
151	151	14	0
151	151	15	0
151	151	16	0
151	151	17	0
151	151	18	0
151	151	19	0
151	151	20	0
151	151	21	0
151	151	22	0
151	151	23	2
151	151	24	3
151	151	25	1
151	151	26	2
151	151	27	0
151	151	28	2
151	151	29	0
151	151	30	0
151	151	31	0
151	151	32	0
151	151	33	0
151	151	34	0
151	151	35	0
151	151	36	0
151	151	37	1
152	152	0	0
152	152	1	0
152	152	2	0
152	152	3	0
152	152	4	0
152	152	5	0
152	152	6	0
152	152	7	0
152	152	8	2
152	152	9	1
152	152	10	0
152	152	11	0
152	152	12	0
152	152	13	0
152	152	14	5
152	152	15	0
152	152	16	1
152	152	17	0
152	152	18	0
152	152	19	0
152	152	20	0
152	152	21	0
152	152	22	0
152	152	23	0
152	152	24	0
152	152	25	0
152	152	26	0
152	152	27	1
152	152	28	0
152	152	29	0
152	152	30	0
152	152	31	0
152	152	32	0
152	152	33	0
152	152	34	0
152	152	35	0
152	152	36	0
152	152	37	0
153	153	0	0
153	153	1	2
153	153	2	0
153	153	3	0
153	153	4	0
153	153	5	0
153	153	6	0
153	153	7	0
153	153	8	0
153	153	9	0
153	153	10	0
153	153	11	0
153	153	12	0
153	153	13	0
153	153	14	0
153	153	15	0
153	153	16	0
153	153	17	1
153	153	18	0
153	153	19	0
153	153	20	0
153	153	21	1
153	153	22	0
153	153	23	5
153	153	24	1
153	153	25	0
153	153	26	3
153	153	27	0
153	153	28	0
153	153	29	0
153	153	30	0
153	153	31	3
153	153	32	0
153	153	33	0
153	153	34	0
153	153	35	1
153	153	36	0
153	153	37	4
154	154	0	0
154	154	1	0
154	154	2	2
154	154	3	0
154	154	4	0
154	154	5	0
154	154	6	0
154	154	7	0
154	154	8	0
154	154	9	0
154	154	10	0
154	154	11	0
154	154	12	0
154	154	13	0
154	154	14	0
154	154	15	0
154	154	16	0
154	154	17	2
154	154	18	0
154	154	19	0
154	154	20	0
154	154	21	3
154	154	22	0
154	154	23	0
154	154	24	0
154	154	25	1
154	154	26	0
154	154	27	1
154	154	28	0
154	154	29	0
154	154	30	4
154	154	31	0
154	154	32	1
154	154	33	0
154	154	34	0
154	154	35	3
154	154	36	0
154	154	37	0
155	155	0	0
155	155	1	0
155	155	2	2
155	155	3	1
155	155	4	0
155	155	5	0
155	155	6	0
155	155	7	0
155	155	8	1
155	155	9	0
155	155	10	0
155	155	11	0
155	155	12	0
155	155	13	2
155	155	14	1
155	155	15	1
155	155	16	0
155	155	17	3
155	155	18	0
155	155	19	2
155	155	20	0
155	155	21	2
155	155	22	0
155	155	23	3
155	155	24	3
155	155	25	2
155	155	26	0
155	155	27	2
155	155	28	2
155	155	29	0
155	155	30	2
155	155	31	2
155	155	32	3
155	155	33	5
155	155	34	1
155	155	35	3
155	155	36	0
155	155	37	5
156	156	0	0
156	156	1	0
156	156	2	0
156	156	3	0
156	156	4	0
156	156	5	0
156	156	6	0
156	156	7	0
156	156	8	0
156	156	9	0
156	156	10	0
156	156	11	0
156	156	12	0
156	156	13	0
156	156	14	0
156	156	15	0
156	156	16	0
156	156	17	0
156	156	18	0
156	156	19	0
156	156	20	0
156	156	21	0
156	156	22	1
156	156	23	0
156	156	24	0
156	156	25	0
156	156	26	0
156	156	27	1
156	156	28	0
156	156	29	0
156	156	30	0
156	156	31	0
156	156	32	1
156	156	33	0
156	156	34	0
156	156	35	0
156	156	36	3
156	156	37	0
157	157	0	0
157	157	1	0
157	157	2	0
157	157	3	0
157	157	4	0
157	157	5	0
157	157	6	0
157	157	7	0
157	157	8	1
157	157	9	0
157	157	10	0
157	157	11	0
157	157	12	0
157	157	13	1
157	157	14	0
157	157	15	0
157	157	16	0
157	157	17	0
157	157	18	2
157	157	19	1
157	157	20	0
157	157	21	0
157	157	22	4
157	157	23	0
157	157	24	3
157	157	25	0
157	157	26	0
157	157	27	0
157	157	28	0
157	157	29	5
157	157	30	1
157	157	31	6
157	157	32	4
157	157	33	1
157	157	34	2
157	157	35	2
157	157	36	2
157	157	37	5
158	158	0	0
158	158	1	0
158	158	2	1
158	158	3	0
158	158	4	0
158	158	5	1
158	158	6	0
158	158	7	0
158	158	8	0
158	158	9	2
158	158	10	0
158	158	11	1
158	158	12	3
158	158	13	3
158	158	14	0
158	158	15	1
158	158	16	0
158	158	17	1
158	158	18	2
158	158	19	2
158	158	20	3
158	158	21	5
158	158	22	2
158	158	23	4
158	158	24	1
158	158	25	4
158	158	26	2
158	158	27	7
158	158	28	5
158	158	29	2
158	158	30	0
158	158	31	8
158	158	32	7
158	158	33	12
158	158	34	3
158	158	35	14
158	158	36	6
158	158	37	3
159	159	0	0
159	159	1	1
159	159	2	0
159	159	3	0
159	159	4	0
159	159	5	0
159	159	6	2
159	159	7	0
159	159	8	0
159	159	9	0
159	159	10	0
159	159	11	0
159	159	12	3
159	159	13	2
159	159	14	0
159	159	15	0
159	159	16	5
159	159	17	0
159	159	18	1
159	159	19	2
159	159	20	2
159	159	21	1
159	159	22	4
159	159	23	3
159	159	24	3
159	159	25	5
159	159	26	2
159	159	27	7
159	159	28	5
159	159	29	7
159	159	30	8
159	159	31	8
159	159	32	5
159	159	33	2
159	159	34	6
159	159	35	4
159	159	36	1
159	159	37	2
160	160	0	0
160	160	1	0
160	160	2	0
160	160	3	0
160	160	4	4
160	160	5	0
160	160	6	0
160	160	7	0
160	160	8	0
160	160	9	0
160	160	10	1
160	160	11	0
160	160	12	0
160	160	13	0
160	160	14	2
160	160	15	4
160	160	16	0
160	160	17	1
160	160	18	0
160	160	19	2
160	160	20	6
160	160	21	1
160	160	22	4
160	160	23	0
160	160	24	0
160	160	25	2
160	160	26	4
160	160	27	2
160	160	28	3
160	160	29	1
160	160	30	1
160	160	31	0
160	160	32	8
160	160	33	0
160	160	34	0
160	160	35	0
160	160	36	3
160	160	37	5
161	161	0	0
161	161	1	0
161	161	2	1
161	161	3	0
161	161	4	0
161	161	5	0
161	161	6	2
161	161	7	0
161	161	8	0
161	161	9	4
161	161	10	2
161	161	11	0
161	161	12	1
161	161	13	3
161	161	14	1
161	161	15	0
161	161	16	1
161	161	17	0
161	161	18	4
161	161	19	1
161	161	20	4
161	161	21	1
161	161	22	1
161	161	23	0
161	161	24	3
161	161	25	0
161	161	26	2
161	161	27	2
161	161	28	1
161	161	29	2
161	161	30	1
161	161	31	3
161	161	32	4
161	161	33	2
161	161	34	1
161	161	35	3
161	161	36	8
161	161	37	5
162	162	0	0
162	162	1	0
162	162	2	0
162	162	3	0
162	162	4	0
162	162	5	0
162	162	6	0
162	162	7	0
162	162	8	0
162	162	9	0
162	162	10	0
162	162	11	0
162	162	12	0
162	162	13	0
162	162	14	0
162	162	15	0
162	162	16	0
162	162	17	0
162	162	18	0
162	162	19	2
162	162	20	0
162	162	21	0
162	162	22	1
162	162	23	0
162	162	24	1
162	162	25	0
162	162	26	0
162	162	27	0
162	162	28	0
162	162	29	0
162	162	30	1
162	162	31	0
162	162	32	0
162	162	33	1
162	162	34	0
162	162	35	3
162	162	36	0
162	162	37	4
163	163	0	0
163	163	1	0
163	163	2	0
163	163	3	1
163	163	4	0
163	163	5	0
163	163	6	0
163	163	7	2
163	163	8	2
163	163	9	0
163	163	10	2
163	163	11	2
163	163	12	1
163	163	13	1
163	163	14	0
163	163	15	2
163	163	16	1
163	163	17	5
163	163	18	3
163	163	19	1
163	163	20	3
163	163	21	2
163	163	22	1
163	163	23	3
163	163	24	2
163	163	25	3
163	163	26	6
163	163	27	3
163	163	28	0
163	163	29	0
163	163	30	2
163	163	31	1
163	163	32	2
163	163	33	1
163	163	34	7
163	163	35	8
163	163	36	5
163	163	37	5
164	164	0	0
164	164	1	0
164	164	2	1
164	164	3	0
164	164	4	0
164	164	5	0
164	164	6	1
164	164	7	0
164	164	8	0
164	164	9	0
164	164	10	0
164	164	11	0
164	164	12	0
164	164	13	0
164	164	14	0
164	164	15	1
164	164	16	1
164	164	17	0
164	164	18	0
164	164	19	0
164	164	20	1
164	164	21	0
164	164	22	0
164	164	23	0
164	164	24	0
164	164	25	0
164	164	26	0
164	164	27	0
164	164	28	0
164	164	29	0
164	164	30	2
164	164	31	0
164	164	32	0
164	164	33	0
164	164	34	0
164	164	35	1
164	164	36	0
164	164	37	0
165	165	0	0
165	165	1	0
165	165	2	0
165	165	3	0
165	165	4	0
165	165	5	0
165	165	6	0
165	165	7	0
165	165	8	0
165	165	9	0
165	165	10	0
165	165	11	0
165	165	12	0
165	165	13	0
165	165	14	0
165	165	15	0
165	165	16	1
165	165	17	0
165	165	18	0
165	165	19	0
165	165	20	0
165	165	21	0
165	165	22	0
165	165	23	0
165	165	24	0
165	165	25	4
165	165	26	0
165	165	27	1
165	165	28	0
165	165	29	2
165	165	30	0
165	165	31	0
165	165	32	0
165	165	33	0
165	165	34	2
165	165	35	1
165	165	36	5
165	165	37	0
166	166	0	0
166	166	1	0
166	166	2	0
166	166	3	0
166	166	4	0
166	166	5	0
166	166	6	0
166	166	7	0
166	166	8	1
166	166	9	0
166	166	10	0
166	166	11	0
166	166	12	0
166	166	13	0
166	166	14	0
166	166	15	1
166	166	16	0
166	166	17	0
166	166	18	0
166	166	19	0
166	166	20	1
166	166	21	0
166	166	22	1
166	166	23	0
166	166	24	0
166	166	25	0
166	166	26	0
166	166	27	0
166	166	28	1
166	166	29	0
166	166	30	2
166	166	31	1
166	166	32	1
166	166	33	0
166	166	34	0
166	166	35	0
166	166	36	0
166	166	37	2
167	167	0	0
167	167	1	1
167	167	2	1
167	167	3	0
167	167	4	1
167	167	5	1
167	167	6	0
167	167	7	0
167	167	8	0
167	167	9	0
167	167	10	0
167	167	11	0
167	167	12	0
167	167	13	0
167	167	14	0
167	167	15	0
167	167	16	0
167	167	17	0
167	167	18	0
167	167	19	0
167	167	20	0
167	167	21	1
167	167	22	0
167	167	23	1
167	167	24	1
167	167	25	0
167	167	26	0
167	167	27	0
167	167	28	0
167	167	29	0
167	167	30	1
167	167	31	0
167	167	32	0
167	167	33	0
167	167	34	3
167	167	35	0
167	167	36	0
167	167	37	3
168	168	0	0
168	168	1	0
168	168	2	0
168	168	3	0
168	168	4	0
168	168	5	0
168	168	6	0
168	168	7	1
168	168	8	0
168	168	9	0
168	168	10	2
168	168	11	1
168	168	12	0
168	168	13	0
168	168	14	0
168	168	15	0
168	168	16	0
168	168	17	2
168	168	18	0
168	168	19	0
168	168	20	0
168	168	21	0
168	168	22	0
168	168	23	0
168	168	24	0
168	168	25	0
168	168	26	0
168	168	27	0
168	168	28	1
168	168	29	0
168	168	30	0
168	168	31	0
168	168	32	0
168	168	33	1
168	168	34	0
168	168	35	0
168	168	36	0
168	168	37	0
169	169	0	0
169	169	1	0
169	169	2	2
169	169	3	0
169	169	4	0
169	169	5	0
169	169	6	1
169	169	7	0
169	169	8	0
169	169	9	0
169	169	10	0
169	169	11	0
169	169	12	2
169	169	13	0
169	169	14	0
169	169	15	0
169	169	16	0
169	169	17	2
169	169	18	0
169	169	19	0
169	169	20	0
169	169	21	0
169	169	22	0
169	169	23	0
169	169	24	0
169	169	25	0
169	169	26	0
169	169	27	0
169	169	28	0
169	169	29	0
169	169	30	0
169	169	31	0
169	169	32	0
169	169	33	1
169	169	34	0
169	169	35	0
169	169	36	0
169	169	37	0
170	170	0	0
170	170	1	0
170	170	2	0
170	170	3	0
170	170	4	0
170	170	5	0
170	170	6	1
170	170	7	0
170	170	8	0
170	170	9	0
170	170	10	0
170	170	11	0
170	170	12	0
170	170	13	0
170	170	14	0
170	170	15	1
170	170	16	0
170	170	17	0
170	170	18	0
170	170	19	0
170	170	20	0
170	170	21	0
170	170	22	0
170	170	23	0
170	170	24	0
170	170	25	0
170	170	26	0
170	170	27	0
170	170	28	0
170	170	29	1
170	170	30	0
170	170	31	3
170	170	32	0
170	170	33	0
170	170	34	2
170	170	35	3
170	170	36	0
170	170	37	0
171	171	0	0
171	171	1	0
171	171	2	0
171	171	3	0
171	171	4	0
171	171	5	0
171	171	6	0
171	171	7	0
171	171	8	0
171	171	9	0
171	171	10	0
171	171	11	0
171	171	12	1
171	171	13	0
171	171	14	0
171	171	15	0
171	171	16	0
171	171	17	0
171	171	18	1
171	171	19	0
171	171	20	0
171	171	21	0
171	171	22	0
171	171	23	0
171	171	24	0
171	171	25	0
171	171	26	0
171	171	27	0
171	171	28	0
171	171	29	0
171	171	30	0
171	171	31	0
171	171	32	0
171	171	33	0
171	171	34	0
171	171	35	0
171	171	36	0
171	171	37	0
172	172	0	0
172	172	1	2
172	172	2	0
172	172	3	0
172	172	4	0
172	172	5	1
172	172	6	0
172	172	7	1
172	172	8	0
172	172	9	0
172	172	10	4
172	172	11	0
172	172	12	0
172	172	13	0
172	172	14	1
172	172	15	2
172	172	16	2
172	172	17	0
172	172	18	2
172	172	19	0
172	172	20	1
172	172	21	0
172	172	22	4
172	172	23	0
172	172	24	0
172	172	25	0
172	172	26	0
172	172	27	0
172	172	28	0
172	172	29	2
172	172	30	0
172	172	31	1
172	172	32	0
172	172	33	6
172	172	34	0
172	172	35	0
172	172	36	0
172	172	37	2
173	173	0	0
173	173	1	0
173	173	2	0
173	173	3	0
173	173	4	0
173	173	5	0
173	173	6	0
173	173	7	0
173	173	8	0
173	173	9	0
173	173	10	0
173	173	11	0
173	173	12	2
173	173	13	0
173	173	14	0
173	173	15	1
173	173	16	0
173	173	17	0
173	173	18	0
173	173	19	0
173	173	20	0
173	173	21	0
173	173	22	0
173	173	23	1
173	173	24	0
173	173	25	1
173	173	26	0
173	173	27	0
173	173	28	3
173	173	29	1
173	173	30	2
173	173	31	0
173	173	32	0
173	173	33	3
173	173	34	0
173	173	35	0
173	173	36	0
173	173	37	1
174	174	0	0
174	174	1	0
174	174	2	0
174	174	3	0
174	174	4	0
174	174	5	0
174	174	6	0
174	174	7	0
174	174	8	2
174	174	9	0
174	174	10	0
174	174	11	0
174	174	12	0
174	174	13	0
174	174	14	1
174	174	15	0
174	174	16	0
174	174	17	0
174	174	18	0
174	174	19	0
174	174	20	0
174	174	21	0
174	174	22	0
174	174	23	0
174	174	24	0
174	174	25	0
174	174	26	0
174	174	27	0
174	174	28	0
174	174	29	0
174	174	30	0
174	174	31	0
174	174	32	0
174	174	33	0
174	174	34	0
174	174	35	0
174	174	36	0
174	174	37	0
175	175	0	0
175	175	1	0
175	175	2	0
175	175	3	1
175	175	4	0
175	175	5	0
175	175	6	0
175	175	7	0
175	175	8	0
175	175	9	3
175	175	10	3
175	175	11	0
175	175	12	2
175	175	13	2
175	175	14	0
175	175	15	1
175	175	16	0
175	175	17	0
175	175	18	1
175	175	19	0
175	175	20	0
175	175	21	0
175	175	22	2
175	175	23	2
175	175	24	0
175	175	25	2
175	175	26	0
175	175	27	0
175	175	28	0
175	175	29	5
175	175	30	6
175	175	31	2
175	175	32	0
175	175	33	2
175	175	34	0
175	175	35	0
175	175	36	0
175	175	37	1
176	176	0	0
176	176	1	0
176	176	2	0
176	176	3	0
176	176	4	0
176	176	5	2
176	176	6	0
176	176	7	0
176	176	8	2
176	176	9	0
176	176	10	1
176	176	11	1
176	176	12	1
176	176	13	0
176	176	14	0
176	176	15	0
176	176	16	2
176	176	17	0
176	176	18	5
176	176	19	0
176	176	20	0
176	176	21	0
176	176	22	0
176	176	23	0
176	176	24	1
176	176	25	1
176	176	26	2
176	176	27	2
176	176	28	0
176	176	29	0
176	176	30	3
176	176	31	1
176	176	32	0
176	176	33	2
176	176	34	0
176	176	35	1
176	176	36	7
176	176	37	1
177	177	0	0
177	177	1	0
177	177	2	0
177	177	3	3
177	177	4	0
177	177	5	0
177	177	6	0
177	177	7	0
177	177	8	0
177	177	9	0
177	177	10	0
177	177	11	0
177	177	12	0
177	177	13	0
177	177	14	0
177	177	15	0
177	177	16	0
177	177	17	0
177	177	18	0
177	177	19	0
177	177	20	0
177	177	21	0
177	177	22	3
177	177	23	0
177	177	24	0
177	177	25	0
177	177	26	0
177	177	27	0
177	177	28	0
177	177	29	0
177	177	30	0
177	177	31	0
177	177	32	0
177	177	33	0
177	177	34	0
177	177	35	0
177	177	36	0
177	177	37	0
178	178	0	0
178	178	1	0
178	178	2	0
178	178	3	2
178	178	4	0
178	178	5	0
178	178	6	0
178	178	7	0
178	178	8	2
178	178	9	4
178	178	10	0
178	178	11	0
178	178	12	0
178	178	13	2
178	178	14	2
178	178	15	0
178	178	16	0
178	178	17	0
178	178	18	2
178	178	19	0
178	178	20	1
178	178	21	0
178	178	22	2
178	178	23	2
178	178	24	0
178	178	25	0
178	178	26	1
178	178	27	1
178	178	28	6
178	178	29	3
178	178	30	2
178	178	31	2
178	178	32	0
178	178	33	4
178	178	34	7
178	178	35	4
178	178	36	8
178	178	37	4
179	179	0	0
179	179	1	2
179	179	2	0
179	179	3	0
179	179	4	0
179	179	5	0
179	179	6	0
179	179	7	0
179	179	8	0
179	179	9	0
179	179	10	0
179	179	11	0
179	179	12	2
179	179	13	0
179	179	14	0
179	179	15	3
179	179	16	0
179	179	17	3
179	179	18	0
179	179	19	2
179	179	20	0
179	179	21	1
179	179	22	1
179	179	23	0
179	179	24	1
179	179	25	3
179	179	26	3
179	179	27	1
179	179	28	4
179	179	29	1
179	179	30	4
179	179	31	2
179	179	32	4
179	179	33	0
179	179	34	5
179	179	35	5
179	179	36	3
179	179	37	3
180	180	0	0
180	180	1	0
180	180	2	0
180	180	3	0
180	180	4	1
180	180	5	0
180	180	6	0
180	180	7	0
180	180	8	0
180	180	9	0
180	180	10	0
180	180	11	3
180	180	12	0
180	180	13	2
180	180	14	0
180	180	15	0
180	180	16	1
180	180	17	0
180	180	18	0
180	180	19	0
180	180	20	0
180	180	21	0
180	180	22	0
180	180	23	0
180	180	24	0
180	180	25	0
180	180	26	0
180	180	27	0
180	180	28	0
180	180	29	0
180	180	30	0
180	180	31	0
180	180	32	0
180	180	33	0
180	180	34	0
180	180	35	0
180	180	36	1
180	180	37	0
181	181	0	0
181	181	1	0
181	181	2	0
181	181	3	0
181	181	4	0
181	181	5	0
181	181	6	0
181	181	7	0
181	181	8	0
181	181	9	0
181	181	10	0
181	181	11	0
181	181	12	0
181	181	13	0
181	181	14	0
181	181	15	0
181	181	16	0
181	181	17	0
181	181	18	0
181	181	19	0
181	181	20	0
181	181	21	0
181	181	22	0
181	181	23	0
181	181	24	5
181	181	25	0
181	181	26	0
181	181	27	0
181	181	28	1
181	181	29	0
181	181	30	1
181	181	31	0
181	181	32	0
181	181	33	0
181	181	34	0
181	181	35	3
181	181	36	0
181	181	37	0
182	182	0	0
182	182	1	0
182	182	2	0
182	182	3	3
182	182	4	1
182	182	5	0
182	182	6	3
182	182	7	0
182	182	8	0
182	182	9	0
182	182	10	0
182	182	11	0
182	182	12	1
182	182	13	0
182	182	14	0
182	182	15	0
182	182	16	0
182	182	17	0
182	182	18	0
182	182	19	0
182	182	20	0
182	182	21	2
182	182	22	0
182	182	23	1
182	182	24	0
182	182	25	0
182	182	26	3
182	182	27	0
182	182	28	1
182	182	29	1
182	182	30	2
182	182	31	0
182	182	32	0
182	182	33	2
182	182	34	3
182	182	35	1
182	182	36	2
182	182	37	1
183	183	0	0
183	183	1	0
183	183	2	2
183	183	3	0
183	183	4	0
183	183	5	2
183	183	6	0
183	183	7	0
183	183	8	0
183	183	9	0
183	183	10	0
183	183	11	2
183	183	12	0
183	183	13	0
183	183	14	0
183	183	15	0
183	183	16	1
183	183	17	2
183	183	18	0
183	183	19	0
183	183	20	0
183	183	21	0
183	183	22	2
183	183	23	0
183	183	24	0
183	183	25	0
183	183	26	2
183	183	27	3
183	183	28	0
183	183	29	1
183	183	30	0
183	183	31	2
183	183	32	0
183	183	33	2
183	183	34	0
183	183	35	0
183	183	36	3
183	183	37	1
184	184	0	0
184	184	1	0
184	184	2	0
184	184	3	2
184	184	4	0
184	184	5	0
184	184	6	0
184	184	7	0
184	184	8	2
184	184	9	0
184	184	10	0
184	184	11	0
184	184	12	0
184	184	13	0
184	184	14	0
184	184	15	0
184	184	16	0
184	184	17	0
184	184	18	0
184	184	19	0
184	184	20	0
184	184	21	2
184	184	22	0
184	184	23	0
184	184	24	0
184	184	25	0
184	184	26	0
184	184	27	0
184	184	28	0
184	184	29	0
184	184	30	0
184	184	31	0
184	184	32	0
184	184	33	0
184	184	34	0
184	184	35	0
184	184	36	0
184	184	37	0
185	185	0	0
185	185	1	0
185	185	2	1
185	185	3	0
185	185	4	0
185	185	5	0
185	185	6	0
185	185	7	0
185	185	8	1
185	185	9	0
185	185	10	0
185	185	11	0
185	185	12	0
185	185	13	0
185	185	14	0
185	185	15	0
185	185	16	2
185	185	17	0
185	185	18	0
185	185	19	0
185	185	20	0
185	185	21	0
185	185	22	0
185	185	23	0
185	185	24	0
185	185	25	0
185	185	26	2
185	185	27	0
185	185	28	0
185	185	29	0
185	185	30	0
185	185	31	0
185	185	32	0
185	185	33	0
185	185	34	0
185	185	35	0
185	185	36	0
185	185	37	1
186	186	0	0
186	186	1	0
186	186	2	0
186	186	3	0
186	186	4	2
186	186	5	2
186	186	6	0
186	186	7	0
186	186	8	0
186	186	9	0
186	186	10	0
186	186	11	0
186	186	12	0
186	186	13	0
186	186	14	0
186	186	15	0
186	186	16	0
186	186	17	0
186	186	18	0
186	186	19	0
186	186	20	0
186	186	21	0
186	186	22	2
186	186	23	0
186	186	24	0
186	186	25	0
186	186	26	0
186	186	27	0
186	186	28	1
186	186	29	2
186	186	30	1
186	186	31	0
186	186	32	0
186	186	33	1
186	186	34	2
186	186	35	0
186	186	36	0
186	186	37	0
187	187	0	0
187	187	1	0
187	187	2	3
187	187	3	0
187	187	4	0
187	187	5	0
187	187	6	0
187	187	7	0
187	187	8	1
187	187	9	0
187	187	10	0
187	187	11	0
187	187	12	0
187	187	13	0
187	187	14	0
187	187	15	2
187	187	16	1
187	187	17	0
187	187	18	1
187	187	19	0
187	187	20	2
187	187	21	0
187	187	22	0
187	187	23	0
187	187	24	0
187	187	25	0
187	187	26	0
187	187	27	0
187	187	28	0
187	187	29	2
187	187	30	0
187	187	31	0
187	187	32	0
187	187	33	0
187	187	34	0
187	187	35	0
187	187	36	1
187	187	37	3
188	188	0	0
188	188	1	0
188	188	2	0
188	188	3	0
188	188	4	0
188	188	5	0
188	188	6	0
188	188	7	0
188	188	8	0
188	188	9	0
188	188	10	0
188	188	11	0
188	188	12	0
188	188	13	0
188	188	14	0
188	188	15	0
188	188	16	0
188	188	17	0
188	188	18	0
188	188	19	0
188	188	20	0
188	188	21	0
188	188	22	0
188	188	23	0
188	188	24	0
188	188	25	0
188	188	26	0
188	188	27	0
188	188	28	0
188	188	29	0
188	188	30	0
188	188	31	0
188	188	32	4
188	188	33	0
188	188	34	0
188	188	35	0
188	188	36	0
188	188	37	0
189	189	0	0
189	189	1	0
189	189	2	0
189	189	3	4
189	189	4	0
189	189	5	0
189	189	6	0
189	189	7	0
189	189	8	0
189	189	9	0
189	189	10	0
189	189	11	1
189	189	12	0
189	189	13	0
189	189	14	2
189	189	15	0
189	189	16	0
189	189	17	1
189	189	18	0
189	189	19	0
189	189	20	0
189	189	21	0
189	189	22	0
189	189	23	1
189	189	24	0
189	189	25	0
189	189	26	0
189	189	27	2
189	189	28	1
189	189	29	0
189	189	30	1
189	189	31	0
189	189	32	0
189	189	33	2
189	189	34	0
189	189	35	2
189	189	36	0
189	189	37	0
190	190	0	0
190	190	1	0
190	190	2	0
190	190	3	0
190	190	4	1
190	190	5	0
190	190	6	0
190	190	7	3
190	190	8	0
190	190	9	0
190	190	10	0
190	190	11	1
190	190	12	0
190	190	13	0
190	190	14	0
190	190	15	4
190	190	16	0
190	190	17	1
190	190	18	0
190	190	19	5
190	190	20	0
190	190	21	0
190	190	22	0
190	190	23	0
190	190	24	0
190	190	25	2
190	190	26	1
190	190	27	0
190	190	28	0
190	190	29	0
190	190	30	2
190	190	31	0
190	190	32	1
190	190	33	0
190	190	34	3
190	190	35	2
190	190	36	1
190	190	37	0
191	191	0	0
191	191	1	0
191	191	2	0
191	191	3	0
191	191	4	0
191	191	5	0
191	191	6	0
191	191	7	0
191	191	8	0
191	191	9	0
191	191	10	0
191	191	11	0
191	191	12	0
191	191	13	0
191	191	14	0
191	191	15	0
191	191	16	0
191	191	17	0
191	191	18	0
191	191	19	0
191	191	20	2
191	191	21	0
191	191	22	0
191	191	23	0
191	191	24	0
191	191	25	0
191	191	26	0
191	191	27	0
191	191	28	0
191	191	29	0
191	191	30	0
191	191	31	1
191	191	32	0
191	191	33	0
191	191	34	0
191	191	35	0
191	191	36	0
191	191	37	0
192	192	0	0
192	192	1	0
192	192	2	0
192	192	3	0
192	192	4	2
192	192	5	0
192	192	6	0
192	192	7	0
192	192	8	0
192	192	9	0
192	192	10	2
192	192	11	0
192	192	12	0
192	192	13	0
192	192	14	0
192	192	15	0
192	192	16	0
192	192	17	0
192	192	18	0
192	192	19	0
192	192	20	0
192	192	21	0
192	192	22	0
192	192	23	0
192	192	24	4
192	192	25	0
192	192	26	0
192	192	27	0
192	192	28	0
192	192	29	2
192	192	30	2
192	192	31	0
192	192	32	2
192	192	33	0
192	192	34	0
192	192	35	1
192	192	36	0
192	192	37	3
193	193	0	0
193	193	1	1
193	193	2	1
193	193	3	0
193	193	4	1
193	193	5	0
193	193	6	1
193	193	7	1
193	193	8	0
193	193	9	0
193	193	10	1
193	193	11	0
193	193	12	0
193	193	13	2
193	193	14	0
193	193	15	0
193	193	16	0
193	193	17	0
193	193	18	0
193	193	19	0
193	193	20	0
193	193	21	0
193	193	22	0
193	193	23	0
193	193	24	0
193	193	25	2
193	193	26	1
193	193	27	0
193	193	28	2
193	193	29	1
193	193	30	1
193	193	31	8
193	193	32	3
193	193	33	2
193	193	34	3
193	193	35	4
193	193	36	0
193	193	37	6
194	194	0	0
194	194	1	0
194	194	2	1
194	194	3	0
194	194	4	1
194	194	5	0
194	194	6	0
194	194	7	0
194	194	8	0
194	194	9	0
194	194	10	0
194	194	11	0
194	194	12	0
194	194	13	3
194	194	14	0
194	194	15	1
194	194	16	0
194	194	17	0
194	194	18	0
194	194	19	2
194	194	20	1
194	194	21	0
194	194	22	1
194	194	23	0
194	194	24	1
194	194	25	2
194	194	26	0
194	194	27	0
194	194	28	5
194	194	29	0
194	194	30	1
194	194	31	1
194	194	32	0
194	194	33	3
194	194	34	4
194	194	35	3
194	194	36	2
194	194	37	4
195	195	0	0
195	195	1	0
195	195	2	3
195	195	3	0
195	195	4	0
195	195	5	0
195	195	6	0
195	195	7	1
195	195	8	0
195	195	9	0
195	195	10	2
195	195	11	0
195	195	12	0
195	195	13	0
195	195	14	2
195	195	15	0
195	195	16	2
195	195	17	0
195	195	18	0
195	195	19	0
195	195	20	0
195	195	21	3
195	195	22	3
195	195	23	0
195	195	24	0
195	195	25	5
195	195	26	3
195	195	27	1
195	195	28	2
195	195	29	3
195	195	30	1
195	195	31	0
195	195	32	1
195	195	33	0
195	195	34	2
195	195	35	2
195	195	36	2
195	195	37	1
196	196	0	0
196	196	1	0
196	196	2	0
196	196	3	0
196	196	4	1
196	196	5	0
196	196	6	1
196	196	7	0
196	196	8	0
196	196	9	0
196	196	10	2
196	196	11	0
196	196	12	0
196	196	13	2
196	196	14	0
196	196	15	0
196	196	16	0
196	196	17	1
196	196	18	1
196	196	19	0
196	196	20	4
196	196	21	2
196	196	22	2
196	196	23	2
196	196	24	4
196	196	25	1
196	196	26	0
196	196	27	0
196	196	28	1
196	196	29	2
196	196	30	5
196	196	31	3
196	196	32	2
196	196	33	2
196	196	34	1
196	196	35	4
196	196	36	0
196	196	37	7
197	197	0	0
197	197	1	0
197	197	2	0
197	197	3	1
197	197	4	0
197	197	5	1
197	197	6	0
197	197	7	0
197	197	8	0
197	197	9	1
197	197	10	0
197	197	11	0
197	197	12	0
197	197	13	1
197	197	14	0
197	197	15	2
197	197	16	0
197	197	17	0
197	197	18	0
197	197	19	0
197	197	20	2
197	197	21	0
197	197	22	0
197	197	23	0
197	197	24	0
197	197	25	1
197	197	26	1
197	197	27	1
197	197	28	3
197	197	29	1
197	197	30	0
197	197	31	7
197	197	32	4
197	197	33	0
197	197	34	6
197	197	35	8
197	197	36	0
197	197	37	5
198	198	0	0
198	198	1	0
198	198	2	0
198	198	3	4
198	198	4	0
198	198	5	2
198	198	6	0
198	198	7	1
198	198	8	0
198	198	9	0
198	198	10	0
198	198	11	0
198	198	12	3
198	198	13	0
198	198	14	5
198	198	15	2
198	198	16	2
198	198	17	0
198	198	18	1
198	198	19	0
198	198	20	0
198	198	21	0
198	198	22	5
198	198	23	2
198	198	24	0
198	198	25	1
198	198	26	0
198	198	27	2
198	198	28	3
198	198	29	6
198	198	30	0
198	198	31	9
198	198	32	2
198	198	33	4
198	198	34	4
198	198	35	1
198	198	36	10
198	198	37	2
199	199	0	0
199	199	1	0
199	199	2	0
199	199	3	0
199	199	4	0
199	199	5	1
199	199	6	0
199	199	7	0
199	199	8	0
199	199	9	4
199	199	10	0
199	199	11	3
199	199	12	1
199	199	13	3
199	199	14	1
199	199	15	0
199	199	16	0
199	199	17	3
199	199	18	1
199	199	19	1
199	199	20	4
199	199	21	3
199	199	22	3
199	199	23	2
199	199	24	0
199	199	25	0
199	199	26	0
199	199	27	4
199	199	28	7
199	199	29	0
199	199	30	5
199	199	31	4
199	199	32	0
199	199	33	3
199	199	34	0
199	199	35	1
199	199	36	6
199	199	37	1
200	200	0	0
200	200	1	0
200	200	2	0
200	200	3	0
200	200	4	0
200	200	5	0
200	200	6	0
200	200	7	1
200	200	8	0
200	200	9	0
200	200	10	0
200	200	11	1
200	200	12	5
200	200	13	0
200	200	14	0
200	200	15	1
200	200	16	1
200	200	17	0
200	200	18	4
200	200	19	0
200	200	20	1
200	200	21	2
200	200	22	4
200	200	23	1
200	200	24	3
200	200	25	0
200	200	26	2
200	200	27	2
200	200	28	0
200	200	29	1
200	200	30	2
200	200	31	3
200	200	32	5
200	200	33	4
200	200	34	6
200	200	35	5
200	200	36	6
200	200	37	3
201	201	0	0
201	201	1	0
201	201	2	0
201	201	3	1
201	201	4	0
201	201	5	0
201	201	6	0
201	201	7	0
201	201	8	0
201	201	9	0
201	201	10	0
201	201	11	4
201	201	12	0
201	201	13	0
201	201	14	0
201	201	15	0
201	201	16	2
201	201	17	0
201	201	18	0
201	201	19	1
201	201	20	0
201	201	21	0
201	201	22	1
201	201	23	1
201	201	24	0
201	201	25	0
201	201	26	0
201	201	27	0
201	201	28	1
201	201	29	4
201	201	30	1
201	201	31	1
201	201	32	3
201	201	33	2
201	201	34	1
201	201	35	4
201	201	36	3
201	201	37	2
202	202	0	0
202	202	1	0
202	202	2	0
202	202	3	0
202	202	4	0
202	202	5	2
202	202	6	0
202	202	7	2
202	202	8	0
202	202	9	1
202	202	10	3
202	202	11	1
202	202	12	1
202	202	13	0
202	202	14	3
202	202	15	1
202	202	16	0
202	202	17	0
202	202	18	0
202	202	19	0
202	202	20	0
202	202	21	2
202	202	22	1
202	202	23	4
202	202	24	3
202	202	25	8
202	202	26	2
202	202	27	1
202	202	28	1
202	202	29	3
202	202	30	3
202	202	31	2
202	202	32	0
202	202	33	0
202	202	34	2
202	202	35	3
202	202	36	2
202	202	37	6
203	203	0	0
203	203	1	1
203	203	2	0
203	203	3	0
203	203	4	1
203	203	5	0
203	203	6	0
203	203	7	0
203	203	8	0
203	203	9	1
203	203	10	0
203	203	11	0
203	203	12	0
203	203	13	0
203	203	14	1
203	203	15	4
203	203	16	0
203	203	17	0
203	203	18	0
203	203	19	0
203	203	20	0
203	203	21	0
203	203	22	1
203	203	23	0
203	203	24	1
203	203	25	1
203	203	26	0
203	203	27	3
203	203	28	3
203	203	29	0
203	203	30	4
203	203	31	2
203	203	32	0
203	203	33	0
203	203	34	0
203	203	35	0
203	203	36	1
203	203	37	0
204	204	0	0
204	204	1	0
204	204	2	3
204	204	3	0
204	204	4	0
204	204	5	0
204	204	6	0
204	204	7	0
204	204	8	3
204	204	9	0
204	204	10	0
204	204	11	0
204	204	12	0
204	204	13	0
204	204	14	0
204	204	15	0
204	204	16	0
204	204	17	0
204	204	18	0
204	204	19	0
204	204	20	0
204	204	21	0
204	204	22	0
204	204	23	0
204	204	24	0
204	204	25	0
204	204	26	0
204	204	27	0
204	204	28	0
204	204	29	0
204	204	30	0
204	204	31	0
204	204	32	0
204	204	33	0
204	204	34	0
204	204	35	0
204	204	36	0
204	204	37	0
205	205	0	0
205	205	1	0
205	205	2	2
205	205	3	0
205	205	4	1
205	205	5	0
205	205	6	0
205	205	7	0
205	205	8	0
205	205	9	0
205	205	10	0
205	205	11	0
205	205	12	0
205	205	13	1
205	205	14	4
205	205	15	1
205	205	16	0
205	205	17	2
205	205	18	4
205	205	19	0
205	205	20	0
205	205	21	4
205	205	22	0
205	205	23	0
205	205	24	1
205	205	25	3
205	205	26	2
205	205	27	3
205	205	28	2
205	205	29	1
205	205	30	5
205	205	31	2
205	205	32	3
205	205	33	1
205	205	34	1
205	205	35	3
205	205	36	0
205	205	37	5
206	206	0	0
206	206	1	0
206	206	2	2
206	206	3	0
206	206	4	0
206	206	5	0
206	206	6	0
206	206	7	1
206	206	8	0
206	206	9	1
206	206	10	0
206	206	11	0
206	206	12	0
206	206	13	0
206	206	14	0
206	206	15	0
206	206	16	0
206	206	17	3
206	206	18	0
206	206	19	1
206	206	20	0
206	206	21	0
206	206	22	0
206	206	23	0
206	206	24	0
206	206	25	0
206	206	26	0
206	206	27	1
206	206	28	0
206	206	29	0
206	206	30	1
206	206	31	0
206	206	32	1
206	206	33	3
206	206	34	1
206	206	35	0
206	206	36	5
206	206	37	3
207	207	0	0
207	207	1	1
207	207	2	0
207	207	3	0
207	207	4	0
207	207	5	0
207	207	6	0
207	207	7	0
207	207	8	2
207	207	9	0
207	207	10	0
207	207	11	0
207	207	12	0
207	207	13	1
207	207	14	0
207	207	15	0
207	207	16	0
207	207	17	0
207	207	18	0
207	207	19	0
207	207	20	0
207	207	21	0
207	207	22	0
207	207	23	0
207	207	24	0
207	207	25	0
207	207	26	0
207	207	27	0
207	207	28	0
207	207	29	0
207	207	30	0
207	207	31	0
207	207	32	0
207	207	33	0
207	207	34	0
207	207	35	0
207	207	36	2
207	207	37	0
208	208	0	0
208	208	1	0
208	208	2	0
208	208	3	0
208	208	4	0
208	208	5	0
208	208	6	3
208	208	7	0
208	208	8	0
208	208	9	1
208	208	10	0
208	208	11	0
208	208	12	0
208	208	13	0
208	208	14	0
208	208	15	0
208	208	16	0
208	208	17	0
208	208	18	2
208	208	19	0
208	208	20	0
208	208	21	0
208	208	22	0
208	208	23	0
208	208	24	2
208	208	25	0
208	208	26	0
208	208	27	0
208	208	28	1
208	208	29	1
208	208	30	0
208	208	31	0
208	208	32	0
208	208	33	0
208	208	34	0
208	208	35	0
208	208	36	3
208	208	37	0
209	209	0	0
209	209	1	1
209	209	2	0
209	209	3	0
209	209	4	0
209	209	5	0
209	209	6	0
209	209	7	0
209	209	8	0
209	209	9	1
209	209	10	1
209	209	11	0
209	209	12	0
209	209	13	0
209	209	14	0
209	209	15	1
209	209	16	0
209	209	17	2
209	209	18	0
209	209	19	0
209	209	20	0
209	209	21	5
209	209	22	0
209	209	23	0
209	209	24	0
209	209	25	0
209	209	26	3
209	209	27	0
209	209	28	0
209	209	29	0
209	209	30	3
209	209	31	1
209	209	32	0
209	209	33	4
209	209	34	2
209	209	35	2
209	209	36	1
209	209	37	2
210	210	0	0
210	210	1	1
210	210	2	0
210	210	3	0
210	210	4	0
210	210	5	0
210	210	6	0
210	210	7	0
210	210	8	0
210	210	9	0
210	210	10	0
210	210	11	2
210	210	12	0
210	210	13	0
210	210	14	0
210	210	15	2
210	210	16	1
210	210	17	2
210	210	18	0
210	210	19	0
210	210	20	0
210	210	21	0
210	210	22	0
210	210	23	0
210	210	24	0
210	210	25	0
210	210	26	0
210	210	27	0
210	210	28	0
210	210	29	3
210	210	30	0
210	210	31	0
210	210	32	3
210	210	33	0
210	210	34	0
210	210	35	1
210	210	36	0
210	210	37	0
211	211	0	0
211	211	1	0
211	211	2	1
211	211	3	1
211	211	4	0
211	211	5	0
211	211	6	0
211	211	7	0
211	211	8	1
211	211	9	3
211	211	10	0
211	211	11	0
211	211	12	0
211	211	13	0
211	211	14	0
211	211	15	0
211	211	16	2
211	211	17	0
211	211	18	0
211	211	19	0
211	211	20	0
211	211	21	0
211	211	22	0
211	211	23	0
211	211	24	0
211	211	25	0
211	211	26	0
211	211	27	0
211	211	28	1
211	211	29	0
211	211	30	0
211	211	31	0
211	211	32	0
211	211	33	0
211	211	34	0
211	211	35	0
211	211	36	0
211	211	37	0
212	212	0	0
212	212	1	0
212	212	2	1
212	212	3	3
212	212	4	0
212	212	5	0
212	212	6	0
212	212	7	3
212	212	8	0
212	212	9	0
212	212	10	0
212	212	11	0
212	212	12	1
212	212	13	1
212	212	14	0
212	212	15	0
212	212	16	0
212	212	17	0
212	212	18	0
212	212	19	2
212	212	20	2
212	212	21	0
212	212	22	0
212	212	23	0
212	212	24	2
212	212	25	0
212	212	26	0
212	212	27	1
212	212	28	1
212	212	29	3
212	212	30	0
212	212	31	0
212	212	32	0
212	212	33	0
212	212	34	1
212	212	35	0
212	212	36	0
212	212	37	3
213	213	0	0
213	213	1	0
213	213	2	0
213	213	3	3
213	213	4	0
213	213	5	0
213	213	6	0
213	213	7	1
213	213	8	1
213	213	9	1
213	213	10	0
213	213	11	0
213	213	12	0
213	213	13	0
213	213	14	0
213	213	15	0
213	213	16	1
213	213	17	0
213	213	18	0
213	213	19	2
213	213	20	0
213	213	21	0
213	213	22	0
213	213	23	0
213	213	24	2
213	213	25	1
213	213	26	0
213	213	27	0
213	213	28	0
213	213	29	0
213	213	30	1
213	213	31	0
213	213	32	0
213	213	33	3
213	213	34	3
213	213	35	0
213	213	36	0
213	213	37	1
214	214	0	0
214	214	1	0
214	214	2	0
214	214	3	0
214	214	4	1
214	214	5	0
214	214	6	0
214	214	7	0
214	214	8	0
214	214	9	2
214	214	10	0
214	214	11	0
214	214	12	0
214	214	13	5
214	214	14	0
214	214	15	0
214	214	16	0
214	214	17	0
214	214	18	1
214	214	19	0
214	214	20	3
214	214	21	0
214	214	22	0
214	214	23	0
214	214	24	0
214	214	25	0
214	214	26	0
214	214	27	1
214	214	28	0
214	214	29	1
214	214	30	0
214	214	31	1
214	214	32	0
214	214	33	3
214	214	34	0
214	214	35	3
214	214	36	0
214	214	37	1
215	215	0	0
215	215	1	0
215	215	2	0
215	215	3	3
215	215	4	0
215	215	5	0
215	215	6	0
215	215	7	0
215	215	8	0
215	215	9	0
215	215	10	0
215	215	11	0
215	215	12	0
215	215	13	0
215	215	14	1
215	215	15	0
215	215	16	0
215	215	17	0
215	215	18	0
215	215	19	0
215	215	20	0
215	215	21	0
215	215	22	0
215	215	23	0
215	215	24	0
215	215	25	1
215	215	26	0
215	215	27	0
215	215	28	0
215	215	29	0
215	215	30	0
215	215	31	0
215	215	32	0
215	215	33	0
215	215	34	0
215	215	35	2
215	215	36	0
215	215	37	0
216	216	0	0
216	216	1	0
216	216	2	0
216	216	3	0
216	216	4	1
216	216	5	0
216	216	6	0
216	216	7	0
216	216	8	0
216	216	9	1
216	216	10	0
216	216	11	0
216	216	12	0
216	216	13	0
216	216	14	0
216	216	15	0
216	216	16	2
216	216	17	0
216	216	18	0
216	216	19	0
216	216	20	0
216	216	21	0
216	216	22	0
216	216	23	0
216	216	24	0
216	216	25	0
216	216	26	0
216	216	27	0
216	216	28	0
216	216	29	0
216	216	30	3
216	216	31	0
216	216	32	0
216	216	33	0
216	216	34	0
216	216	35	0
216	216	36	2
216	216	37	4
217	217	0	0
217	217	1	0
217	217	2	0
217	217	3	4
217	217	4	0
217	217	5	0
217	217	6	1
217	217	7	0
217	217	8	0
217	217	9	1
217	217	10	0
217	217	11	0
217	217	12	0
217	217	13	0
217	217	14	0
217	217	15	0
217	217	16	0
217	217	17	0
217	217	18	2
217	217	19	0
217	217	20	0
217	217	21	0
217	217	22	0
217	217	23	0
217	217	24	0
217	217	25	0
217	217	26	0
217	217	27	0
217	217	28	0
217	217	29	0
217	217	30	1
217	217	31	0
217	217	32	0
217	217	33	0
217	217	34	0
217	217	35	0
217	217	36	0
217	217	37	0
218	218	0	0
218	218	1	0
218	218	2	0
218	218	3	0
218	218	4	0
218	218	5	0
218	218	6	0
218	218	7	0
218	218	8	0
218	218	9	0
218	218	10	0
218	218	11	0
218	218	12	0
218	218	13	0
218	218	14	0
218	218	15	0
218	218	16	0
218	218	17	1
218	218	18	0
218	218	19	1
218	218	20	0
218	218	21	0
218	218	22	0
218	218	23	0
218	218	24	0
218	218	25	0
218	218	26	0
218	218	27	0
218	218	28	0
218	218	29	0
218	218	30	0
218	218	31	0
218	218	32	0
218	218	33	1
218	218	34	0
218	218	35	0
218	218	36	0
218	218	37	0
219	219	0	0
219	219	1	0
219	219	2	0
219	219	3	0
219	219	4	0
219	219	5	2
219	219	6	0
219	219	7	0
219	219	8	0
219	219	9	2
219	219	10	1
219	219	11	0
219	219	12	0
219	219	13	0
219	219	14	1
219	219	15	0
219	219	16	0
219	219	17	0
219	219	18	0
219	219	19	0
219	219	20	0
219	219	21	0
219	219	22	0
219	219	23	0
219	219	24	0
219	219	25	0
219	219	26	0
219	219	27	0
219	219	28	0
219	219	29	0
219	219	30	0
219	219	31	0
219	219	32	0
219	219	33	2
219	219	34	0
219	219	35	0
219	219	36	1
219	219	37	0
220	220	0	0
220	220	1	0
220	220	2	0
220	220	3	0
220	220	4	2
220	220	5	0
220	220	6	0
220	220	7	1
220	220	8	0
220	220	9	0
220	220	10	0
220	220	11	0
220	220	12	0
220	220	13	0
220	220	14	0
220	220	15	0
220	220	16	0
220	220	17	0
220	220	18	0
220	220	19	0
220	220	20	0
220	220	21	0
220	220	22	0
220	220	23	0
220	220	24	0
220	220	25	0
220	220	26	0
220	220	27	0
220	220	28	0
220	220	29	0
220	220	30	2
220	220	31	0
220	220	32	0
220	220	33	0
220	220	34	0
220	220	35	0
220	220	36	0
220	220	37	0
221	221	0	0
221	221	1	2
221	221	2	0
221	221	3	0
221	221	4	0
221	221	5	0
221	221	6	1
221	221	7	0
221	221	8	2
221	221	9	0
221	221	10	2
221	221	11	0
221	221	12	0
221	221	13	0
221	221	14	0
221	221	15	0
221	221	16	0
221	221	17	0
221	221	18	0
221	221	19	0
221	221	20	0
221	221	21	2
221	221	22	0
221	221	23	2
221	221	24	0
221	221	25	0
221	221	26	0
221	221	27	0
221	221	28	0
221	221	29	0
221	221	30	0
221	221	31	3
221	221	32	0
221	221	33	2
221	221	34	0
221	221	35	3
221	221	36	1
221	221	37	0
222	222	0	0
222	222	1	0
222	222	2	0
222	222	3	0
222	222	4	0
222	222	5	0
222	222	6	0
222	222	7	0
222	222	8	1
222	222	9	0
222	222	10	0
222	222	11	0
222	222	12	0
222	222	13	0
222	222	14	0
222	222	15	0
222	222	16	0
222	222	17	0
222	222	18	0
222	222	19	0
222	222	20	0
222	222	21	0
222	222	22	0
222	222	23	0
222	222	24	0
222	222	25	0
222	222	26	0
222	222	27	0
222	222	28	0
222	222	29	0
222	222	30	0
222	222	31	0
222	222	32	1
222	222	33	0
222	222	34	0
222	222	35	0
222	222	36	0
222	222	37	0
223	223	0	0
223	223	1	0
223	223	2	0
223	223	3	0
223	223	4	0
223	223	5	0
223	223	6	0
223	223	7	0
223	223	8	0
223	223	9	0
223	223	10	0
223	223	11	0
223	223	12	0
223	223	13	0
223	223	14	0
223	223	15	0
223	223	16	0
223	223	17	0
223	223	18	0
223	223	19	0
223	223	20	0
223	223	21	0
223	223	22	0
223	223	23	0
223	223	24	0
223	223	25	0
223	223	26	0
223	223	27	0
223	223	28	0
223	223	29	0
223	223	30	0
223	223	31	0
223	223	32	0
223	223	33	0
223	223	34	0
223	223	35	0
223	223	36	0
223	223	37	0
224	224	0	0
224	224	1	0
224	224	2	0
224	224	3	0
224	224	4	0
224	224	5	0
224	224	6	0
224	224	7	0
224	224	8	0
224	224	9	0
224	224	10	0
224	224	11	0
224	224	12	0
224	224	13	0
224	224	14	0
224	224	15	1
224	224	16	0
224	224	17	1
224	224	18	0
224	224	19	0
224	224	20	0
224	224	21	0
224	224	22	0
224	224	23	0
224	224	24	0
224	224	25	0
224	224	26	0
224	224	27	0
224	224	28	0
224	224	29	1
224	224	30	0
224	224	31	0
224	224	32	0
224	224	33	0
224	224	34	0
224	224	35	0
224	224	36	0
224	224	37	0
225	225	0	0
225	225	1	0
225	225	2	0
225	225	3	0
225	225	4	0
225	225	5	0
225	225	6	0
225	225	7	0
225	225	8	0
225	225	9	0
225	225	10	0
225	225	11	0
225	225	12	0
225	225	13	0
225	225	14	0
225	225	15	0
225	225	16	0
225	225	17	0
225	225	18	0
225	225	19	0
225	225	20	0
225	225	21	0
225	225	22	0
225	225	23	0
225	225	24	0
225	225	25	0
225	225	26	0
225	225	27	0
225	225	28	0
225	225	29	0
225	225	30	0
225	225	31	0
225	225	32	0
225	225	33	0
225	225	34	0
225	225	35	0
225	225	36	0
225	225	37	0
226	226	0	0
226	226	1	0
226	226	2	0
226	226	3	0
226	226	4	0
226	226	5	0
226	226	6	0
226	226	7	0
226	226	8	0
226	226	9	1
226	226	10	0
226	226	11	0
226	226	12	0
226	226	13	0
226	226	14	0
226	226	15	0
226	226	16	0
226	226	17	0
226	226	18	0
226	226	19	0
226	226	20	0
226	226	21	0
226	226	22	0
226	226	23	0
226	226	24	0
226	226	25	0
226	226	26	0
226	226	27	0
226	226	28	0
226	226	29	0
226	226	30	0
226	226	31	0
226	226	32	0
226	226	33	0
226	226	34	0
226	226	35	0
226	226	36	0
226	226	37	0
227	227	0	0
227	227	1	2
227	227	2	0
227	227	3	0
227	227	4	0
227	227	5	0
227	227	6	0
227	227	7	0
227	227	8	0
227	227	9	0
227	227	10	0
227	227	11	0
227	227	12	0
227	227	13	0
227	227	14	0
227	227	15	0
227	227	16	0
227	227	17	0
227	227	18	0
227	227	19	0
227	227	20	0
227	227	21	0
227	227	22	0
227	227	23	0
227	227	24	2
227	227	25	0
227	227	26	0
227	227	27	1
227	227	28	1
227	227	29	0
227	227	30	0
227	227	31	0
227	227	32	0
227	227	33	1
227	227	34	0
227	227	35	0
227	227	36	0
227	227	37	0
228	228	0	0
228	228	1	0
228	228	2	0
228	228	3	0
228	228	4	0
228	228	5	1
228	228	6	0
228	228	7	0
228	228	8	0
228	228	9	0
228	228	10	0
228	228	11	0
228	228	12	0
228	228	13	0
228	228	14	0
228	228	15	0
228	228	16	0
228	228	17	0
228	228	18	0
228	228	19	0
228	228	20	1
228	228	21	0
228	228	22	0
228	228	23	0
228	228	24	0
228	228	25	0
228	228	26	0
228	228	27	0
228	228	28	0
228	228	29	0
228	228	30	0
228	228	31	0
228	228	32	0
228	228	33	0
228	228	34	0
228	228	35	0
228	228	36	0
228	228	37	0
229	229	0	0
229	229	1	2
229	229	2	0
229	229	3	0
229	229	4	1
229	229	5	0
229	229	6	0
229	229	7	0
229	229	8	0
229	229	9	0
229	229	10	0
229	229	11	0
229	229	12	0
229	229	13	0
229	229	14	0
229	229	15	0
229	229	16	0
229	229	17	0
229	229	18	0
229	229	19	0
229	229	20	0
229	229	21	0
229	229	22	0
229	229	23	0
229	229	24	0
229	229	25	0
229	229	26	0
229	229	27	0
229	229	28	0
229	229	29	0
229	229	30	0
229	229	31	0
229	229	32	0
229	229	33	0
229	229	34	0
229	229	35	0
229	229	36	0
229	229	37	0
230	230	0	0
230	230	1	0
230	230	2	1
230	230	3	0
230	230	4	0
230	230	5	0
230	230	6	0
230	230	7	0
230	230	8	1
230	230	9	0
230	230	10	0
230	230	11	0
230	230	12	0
230	230	13	0
230	230	14	0
230	230	15	0
230	230	16	0
230	230	17	0
230	230	18	0
230	230	19	0
230	230	20	1
230	230	21	0
230	230	22	0
230	230	23	0
230	230	24	0
230	230	25	0
230	230	26	0
230	230	27	0
230	230	28	0
230	230	29	0
230	230	30	0
230	230	31	0
230	230	32	1
230	230	33	0
230	230	34	0
230	230	35	0
230	230	36	0
230	230	37	0
231	231	0	0
231	231	1	0
231	231	2	0
231	231	3	0
231	231	4	0
231	231	5	0
231	231	6	0
231	231	7	1
231	231	8	0
231	231	9	0
231	231	10	0
231	231	11	0
231	231	12	0
231	231	13	0
231	231	14	0
231	231	15	0
231	231	16	0
231	231	17	0
231	231	18	0
231	231	19	0
231	231	20	0
231	231	21	0
231	231	22	0
231	231	23	0
231	231	24	0
231	231	25	0
231	231	26	0
231	231	27	0
231	231	28	0
231	231	29	0
231	231	30	0
231	231	31	0
231	231	32	0
231	231	33	0
231	231	34	0
231	231	35	0
231	231	36	0
231	231	37	0
232	232	0	0
232	232	1	1
232	232	2	0
232	232	3	0
232	232	4	0
232	232	5	0
232	232	6	1
232	232	7	0
232	232	8	0
232	232	9	0
232	232	10	0
232	232	11	1
232	232	12	0
232	232	13	0
232	232	14	0
232	232	15	0
232	232	16	0
232	232	17	4
232	232	18	0
232	232	19	0
232	232	20	0
232	232	21	0
232	232	22	0
232	232	23	2
232	232	24	0
232	232	25	0
232	232	26	0
232	232	27	0
232	232	28	0
232	232	29	0
232	232	30	0
232	232	31	0
232	232	32	0
232	232	33	0
232	232	34	0
232	232	35	0
232	232	36	0
232	232	37	0
233	233	0	0
233	233	1	0
233	233	2	0
233	233	3	0
233	233	4	0
233	233	5	0
233	233	6	0
233	233	7	0
233	233	8	0
233	233	9	0
233	233	10	0
233	233	11	0
233	233	12	0
233	233	13	0
233	233	14	1
233	233	15	0
233	233	16	0
233	233	17	0
233	233	18	0
233	233	19	0
233	233	20	2
233	233	21	1
233	233	22	0
233	233	23	0
233	233	24	0
233	233	25	0
233	233	26	0
233	233	27	0
233	233	28	0
233	233	29	0
233	233	30	0
233	233	31	0
233	233	32	0
233	233	33	0
233	233	34	0
233	233	35	0
233	233	36	0
233	233	37	0
234	234	0	0
234	234	1	0
234	234	2	0
234	234	3	3
234	234	4	0
234	234	5	0
234	234	6	0
234	234	7	0
234	234	8	0
234	234	9	0
234	234	10	0
234	234	11	0
234	234	12	0
234	234	13	0
234	234	14	0
234	234	15	0
234	234	16	0
234	234	17	0
234	234	18	0
234	234	19	0
234	234	20	0
234	234	21	0
234	234	22	0
234	234	23	0
234	234	24	0
234	234	25	0
234	234	26	2
234	234	27	0
234	234	28	0
234	234	29	0
234	234	30	0
234	234	31	0
234	234	32	2
234	234	33	0
234	234	34	0
234	234	35	0
234	234	36	0
234	234	37	0
235	235	0	0
235	235	1	0
235	235	2	0
235	235	3	0
235	235	4	1
235	235	5	0
235	235	6	0
235	235	7	0
235	235	8	0
235	235	9	0
235	235	10	0
235	235	11	0
235	235	12	0
235	235	13	1
235	235	14	0
235	235	15	0
235	235	16	5
235	235	17	0
235	235	18	1
235	235	19	0
235	235	20	0
235	235	21	0
235	235	22	2
235	235	23	0
235	235	24	1
235	235	25	0
235	235	26	0
235	235	27	0
235	235	28	0
235	235	29	0
235	235	30	0
235	235	31	1
235	235	32	2
235	235	33	1
235	235	34	0
235	235	35	0
235	235	36	1
235	235	37	0
236	236	0	0
236	236	1	0
236	236	2	1
236	236	3	0
236	236	4	0
236	236	5	0
236	236	6	0
236	236	7	0
236	236	8	2
236	236	9	0
236	236	10	0
236	236	11	0
236	236	12	0
236	236	13	0
236	236	14	0
236	236	15	1
236	236	16	0
236	236	17	0
236	236	18	0
236	236	19	0
236	236	20	0
236	236	21	2
236	236	22	0
236	236	23	0
236	236	24	0
236	236	25	0
236	236	26	0
236	236	27	0
236	236	28	0
236	236	29	0
236	236	30	0
236	236	31	0
236	236	32	0
236	236	33	0
236	236	34	1
236	236	35	0
236	236	36	0
236	236	37	0
237	237	0	0
237	237	1	0
237	237	2	0
237	237	3	0
237	237	4	0
237	237	5	0
237	237	6	0
237	237	7	0
237	237	8	0
237	237	9	3
237	237	10	0
237	237	11	0
237	237	12	0
237	237	13	0
237	237	14	0
237	237	15	0
237	237	16	0
237	237	17	0
237	237	18	0
237	237	19	0
237	237	20	0
237	237	21	0
237	237	22	0
237	237	23	0
237	237	24	0
237	237	25	0
237	237	26	0
237	237	27	0
237	237	28	0
237	237	29	0
237	237	30	0
237	237	31	0
237	237	32	0
237	237	33	1
237	237	34	0
237	237	35	0
237	237	36	3
237	237	37	0
238	238	0	0
238	238	1	0
238	238	2	0
238	238	3	0
238	238	4	0
238	238	5	0
238	238	6	0
238	238	7	1
238	238	8	0
238	238	9	0
238	238	10	0
238	238	11	0
238	238	12	0
238	238	13	0
238	238	14	0
238	238	15	0
238	238	16	4
238	238	17	0
238	238	18	0
238	238	19	0
238	238	20	0
238	238	21	0
238	238	22	0
238	238	23	0
238	238	24	0
238	238	25	0
238	238	26	0
238	238	27	0
238	238	28	0
238	238	29	3
238	238	30	0
238	238	31	0
238	238	32	0
238	238	33	0
238	238	34	0
238	238	35	0
238	238	36	0
238	238	37	0
239	239	0	0
239	239	1	0
239	239	2	0
239	239	3	0
239	239	4	1
239	239	5	0
239	239	6	0
239	239	7	0
239	239	8	0
239	239	9	0
239	239	10	0
239	239	11	0
239	239	12	0
239	239	13	0
239	239	14	0
239	239	15	0
239	239	16	0
239	239	17	0
239	239	18	0
239	239	19	0
239	239	20	0
239	239	21	0
239	239	22	0
239	239	23	0
239	239	24	0
239	239	25	0
239	239	26	0
239	239	27	0
239	239	28	0
239	239	29	0
239	239	30	0
239	239	31	0
239	239	32	0
239	239	33	0
239	239	34	0
239	239	35	0
239	239	36	0
239	239	37	0
240	240	0	0
240	240	1	0
240	240	2	0
240	240	3	0
240	240	4	0
240	240	5	0
240	240	6	0
240	240	7	0
240	240	8	0
240	240	9	0
240	240	10	0
240	240	11	0
240	240	12	0
240	240	13	0
240	240	14	0
240	240	15	0
240	240	16	0
240	240	17	0
240	240	18	0
240	240	19	0
240	240	20	0
240	240	21	0
240	240	22	0
240	240	23	0
240	240	24	0
240	240	25	0
240	240	26	0
240	240	27	0
240	240	28	0
240	240	29	0
240	240	30	0
240	240	31	0
240	240	32	2
240	240	33	0
240	240	34	0
240	240	35	0
240	240	36	0
240	240	37	0
241	241	0	0
241	241	1	0
241	241	2	0
241	241	3	0
241	241	4	0
241	241	5	0
241	241	6	0
241	241	7	0
241	241	8	0
241	241	9	0
241	241	10	0
241	241	11	0
241	241	12	1
241	241	13	0
241	241	14	0
241	241	15	0
241	241	16	0
241	241	17	0
241	241	18	0
241	241	19	0
241	241	20	0
241	241	21	0
241	241	22	0
241	241	23	1
241	241	24	0
241	241	25	0
241	241	26	0
241	241	27	1
241	241	28	0
241	241	29	0
241	241	30	1
241	241	31	0
241	241	32	0
241	241	33	0
241	241	34	0
241	241	35	0
241	241	36	0
241	241	37	0
242	242	0	0
242	242	1	0
242	242	2	0
242	242	3	0
242	242	4	1
242	242	5	0
242	242	6	0
242	242	7	0
242	242	8	0
242	242	9	0
242	242	10	0
242	242	11	0
242	242	12	1
242	242	13	0
242	242	14	0
242	242	15	0
242	242	16	0
242	242	17	0
242	242	18	0
242	242	19	0
242	242	20	0
242	242	21	0
242	242	22	0
242	242	23	0
242	242	24	0
242	242	25	0
242	242	26	0
242	242	27	0
242	242	28	0
242	242	29	0
242	242	30	0
242	242	31	0
242	242	32	0
242	242	33	0
242	242	34	0
242	242	35	0
242	242	36	0
242	242	37	0
243	243	0	0
243	243	1	1
243	243	2	0
243	243	3	0
243	243	4	1
243	243	5	0
243	243	6	0
243	243	7	0
243	243	8	0
243	243	9	0
243	243	10	2
243	243	11	0
243	243	12	0
243	243	13	0
243	243	14	1
243	243	15	0
243	243	16	0
243	243	17	3
243	243	18	0
243	243	19	0
243	243	20	0
243	243	21	0
243	243	22	0
243	243	23	1
243	243	24	0
243	243	25	0
243	243	26	0
243	243	27	0
243	243	28	0
243	243	29	0
243	243	30	0
243	243	31	0
243	243	32	0
243	243	33	0
243	243	34	0
243	243	35	0
243	243	36	0
243	243	37	0
244	244	0	0
244	244	1	0
244	244	2	0
244	244	3	0
244	244	4	0
244	244	5	1
244	244	6	0
244	244	7	0
244	244	8	0
244	244	9	0
244	244	10	0
244	244	11	0
244	244	12	0
244	244	13	0
244	244	14	0
244	244	15	0
244	244	16	0
244	244	17	0
244	244	18	0
244	244	19	0
244	244	20	0
244	244	21	0
244	244	22	0
244	244	23	0
244	244	24	0
244	244	25	0
244	244	26	0
244	244	27	0
244	244	28	0
244	244	29	0
244	244	30	0
244	244	31	0
244	244	32	0
244	244	33	0
244	244	34	0
244	244	35	0
244	244	36	0
244	244	37	0
245	245	0	0
245	245	1	0
245	245	2	0
245	245	3	0
245	245	4	0
245	245	5	1
245	245	6	0
245	245	7	0
245	245	8	0
245	245	9	0
245	245	10	0
245	245	11	0
245	245	12	0
245	245	13	0
245	245	14	0
245	245	15	6
245	245	16	0
245	245	17	0
245	245	18	0
245	245	19	0
245	245	20	0
245	245	21	0
245	245	22	0
245	245	23	0
245	245	24	0
245	245	25	0
245	245	26	0
245	245	27	0
245	245	28	0
245	245	29	0
245	245	30	0
245	245	31	0
245	245	32	0
245	245	33	0
245	245	34	0
245	245	35	0
245	245	36	1
245	245	37	0
246	246	0	0
246	246	1	0
246	246	2	0
246	246	3	0
246	246	4	0
246	246	5	0
246	246	6	0
246	246	7	0
246	246	8	0
246	246	9	0
246	246	10	0
246	246	11	0
246	246	12	1
246	246	13	0
246	246	14	0
246	246	15	0
246	246	16	0
246	246	17	0
246	246	18	0
246	246	19	0
246	246	20	0
246	246	21	1
246	246	22	2
246	246	23	0
246	246	24	0
246	246	25	0
246	246	26	0
246	246	27	0
246	246	28	0
246	246	29	0
246	246	30	0
246	246	31	1
246	246	32	0
246	246	33	0
246	246	34	4
246	246	35	3
246	246	36	0
246	246	37	2
247	247	0	0
247	247	1	0
247	247	2	0
247	247	3	0
247	247	4	3
247	247	5	0
247	247	6	0
247	247	7	0
247	247	8	0
247	247	9	0
247	247	10	0
247	247	11	0
247	247	12	0
247	247	13	0
247	247	14	0
247	247	15	0
247	247	16	0
247	247	17	0
247	247	18	0
247	247	19	0
247	247	20	0
247	247	21	0
247	247	22	0
247	247	23	0
247	247	24	0
247	247	25	0
247	247	26	0
247	247	27	0
247	247	28	0
247	247	29	0
247	247	30	0
247	247	31	0
247	247	32	0
247	247	33	0
247	247	34	0
247	247	35	0
247	247	36	0
247	247	37	0
248	248	0	0
248	248	1	0
248	248	2	0
248	248	3	0
248	248	4	0
248	248	5	0
248	248	6	0
248	248	7	0
248	248	8	0
248	248	9	0
248	248	10	0
248	248	11	0
248	248	12	0
248	248	13	0
248	248	14	0
248	248	15	0
248	248	16	0
248	248	17	0
248	248	18	1
248	248	19	0
248	248	20	0
248	248	21	0
248	248	22	0
248	248	23	0
248	248	24	0
248	248	25	0
248	248	26	0
248	248	27	0
248	248	28	0
248	248	29	0
248	248	30	0
248	248	31	0
248	248	32	0
248	248	33	0
248	248	34	0
248	248	35	0
248	248	36	0
248	248	37	0
249	249	0	0
249	249	1	0
249	249	2	0
249	249	3	0
249	249	4	0
249	249	5	0
249	249	6	0
249	249	7	0
249	249	8	0
249	249	9	0
249	249	10	0
249	249	11	0
249	249	12	0
249	249	13	0
249	249	14	0
249	249	15	0
249	249	16	0
249	249	17	0
249	249	18	0
249	249	19	0
249	249	20	0
249	249	21	0
249	249	22	0
249	249	23	0
249	249	24	0
249	249	25	0
249	249	26	0
249	249	27	0
249	249	28	0
249	249	29	0
249	249	30	0
249	249	31	0
249	249	32	0
249	249	33	0
249	249	34	0
249	249	35	0
249	249	36	0
249	249	37	0
250	250	0	0
250	250	1	0
250	250	2	0
250	250	3	0
250	250	4	0
250	250	5	0
250	250	6	0
250	250	7	0
250	250	8	0
250	250	9	0
250	250	10	0
250	250	11	0
250	250	12	0
250	250	13	0
250	250	14	0
250	250	15	0
250	250	16	0
250	250	17	0
250	250	18	0
250	250	19	0
250	250	20	0
250	250	21	0
250	250	22	0
250	250	23	1
250	250	24	0
250	250	25	0
250	250	26	0
250	250	27	3
250	250	28	0
250	250	29	0
250	250	30	0
250	250	31	1
250	250	32	0
250	250	33	0
250	250	34	0
250	250	35	0
250	250	36	0
250	250	37	0
251	251	0	0
251	251	1	3
251	251	2	0
251	251	3	0
251	251	4	2
251	251	5	0
251	251	6	0
251	251	7	0
251	251	8	0
251	251	9	0
251	251	10	0
251	251	11	0
251	251	12	1
251	251	13	3
251	251	14	0
251	251	15	0
251	251	16	1
251	251	17	0
251	251	18	0
251	251	19	1
251	251	20	2
251	251	21	6
251	251	22	0
251	251	23	1
251	251	24	0
251	251	25	0
251	251	26	1
251	251	27	2
251	251	28	2
251	251	29	0
251	251	30	4
251	251	31	0
251	251	32	8
251	251	33	3
251	251	34	2
251	251	35	0
251	251	36	0
251	251	37	1
252	252	0	0
252	252	1	0
252	252	2	0
252	252	3	0
252	252	4	0
252	252	5	0
252	252	6	2
252	252	7	0
252	252	8	3
252	252	9	0
252	252	10	0
252	252	11	0
252	252	12	0
252	252	13	0
252	252	14	0
252	252	15	0
252	252	16	0
252	252	17	4
252	252	18	0
252	252	19	2
252	252	20	0
252	252	21	0
252	252	22	1
252	252	23	0
252	252	24	0
252	252	25	0
252	252	26	0
252	252	27	0
252	252	28	0
252	252	29	0
252	252	30	0
252	252	31	1
252	252	32	0
252	252	33	0
252	252	34	1
252	252	35	0
252	252	36	0
252	252	37	0
253	253	0	0
253	253	1	4
253	253	2	0
253	253	3	0
253	253	4	0
253	253	5	0
253	253	6	0
253	253	7	0
253	253	8	3
253	253	9	1
253	253	10	0
253	253	11	0
253	253	12	0
253	253	13	1
253	253	14	0
253	253	15	0
253	253	16	0
253	253	17	0
253	253	18	0
253	253	19	0
253	253	20	1
253	253	21	0
253	253	22	0
253	253	23	0
253	253	24	0
253	253	25	0
253	253	26	0
253	253	27	0
253	253	28	0
253	253	29	0
253	253	30	0
253	253	31	0
253	253	32	0
253	253	33	0
253	253	34	0
253	253	35	0
253	253	36	2
253	253	37	0
254	254	0	0
254	254	1	0
254	254	2	0
254	254	3	0
254	254	4	0
254	254	5	0
254	254	6	1
254	254	7	1
254	254	8	0
254	254	9	1
254	254	10	0
254	254	11	0
254	254	12	0
254	254	13	0
254	254	14	0
254	254	15	0
254	254	16	0
254	254	17	1
254	254	18	1
254	254	19	0
254	254	20	3
254	254	21	0
254	254	22	0
254	254	23	0
254	254	24	0
254	254	25	0
254	254	26	1
254	254	27	0
254	254	28	0
254	254	29	2
254	254	30	0
254	254	31	0
254	254	32	0
254	254	33	0
254	254	34	3
254	254	35	2
254	254	36	0
254	254	37	0
255	255	0	0
255	255	1	0
255	255	2	1
255	255	3	0
255	255	4	0
255	255	5	0
255	255	6	1
255	255	7	0
255	255	8	0
255	255	9	5
255	255	10	0
255	255	11	0
255	255	12	0
255	255	13	0
255	255	14	0
255	255	15	2
255	255	16	1
255	255	17	0
255	255	18	0
255	255	19	0
255	255	20	0
255	255	21	0
255	255	22	2
255	255	23	1
255	255	24	0
255	255	25	1
255	255	26	0
255	255	27	0
255	255	28	0
255	255	29	0
255	255	30	0
255	255	31	0
255	255	32	1
255	255	33	0
255	255	34	3
255	255	35	1
255	255	36	0
255	255	37	2
256	256	0	0
256	256	1	0
256	256	2	0
256	256	3	0
256	256	4	3
256	256	5	0
256	256	6	0
256	256	7	0
256	256	8	0
256	256	9	0
256	256	10	2
256	256	11	0
256	256	12	3
256	256	13	0
256	256	14	1
256	256	15	0
256	256	16	0
256	256	17	3
256	256	18	0
256	256	19	0
256	256	20	1
256	256	21	0
256	256	22	0
256	256	23	1
256	256	24	0
256	256	25	0
256	256	26	1
256	256	27	0
256	256	28	0
256	256	29	5
256	256	30	2
256	256	31	0
256	256	32	1
256	256	33	0
256	256	34	0
256	256	35	0
256	256	36	0
256	256	37	0
257	257	0	0
257	257	1	0
257	257	2	0
257	257	3	2
257	257	4	0
257	257	5	0
257	257	6	0
257	257	7	0
257	257	8	1
257	257	9	0
257	257	10	0
257	257	11	0
257	257	12	0
257	257	13	0
257	257	14	0
257	257	15	0
257	257	16	0
257	257	17	0
257	257	18	0
257	257	19	0
257	257	20	0
257	257	21	0
257	257	22	0
257	257	23	0
257	257	24	0
257	257	25	0
257	257	26	0
257	257	27	0
257	257	28	0
257	257	29	0
257	257	30	0
257	257	31	1
257	257	32	0
257	257	33	0
257	257	34	1
257	257	35	5
257	257	36	0
257	257	37	0
258	258	0	0
258	258	1	1
258	258	2	0
258	258	3	0
258	258	4	0
258	258	5	0
258	258	6	0
258	258	7	0
258	258	8	0
258	258	9	0
258	258	10	1
258	258	11	0
258	258	12	1
258	258	13	0
258	258	14	0
258	258	15	0
258	258	16	0
258	258	17	0
258	258	18	0
258	258	19	1
258	258	20	0
258	258	21	2
258	258	22	0
258	258	23	4
258	258	24	2
258	258	25	1
258	258	26	2
258	258	27	3
258	258	28	1
258	258	29	10
258	258	30	0
258	258	31	2
258	258	32	6
258	258	33	0
258	258	34	8
258	258	35	3
258	258	36	3
258	258	37	3
259	259	0	0
259	259	1	0
259	259	2	0
259	259	3	3
259	259	4	0
259	259	5	2
259	259	6	0
259	259	7	2
259	259	8	0
259	259	9	0
259	259	10	0
259	259	11	0
259	259	12	4
259	259	13	0
259	259	14	0
259	259	15	0
259	259	16	0
259	259	17	1
259	259	18	0
259	259	19	2
259	259	20	0
259	259	21	1
259	259	22	0
259	259	23	1
259	259	24	0
259	259	25	0
259	259	26	1
259	259	27	3
259	259	28	3
259	259	29	0
259	259	30	0
259	259	31	1
259	259	32	0
259	259	33	3
259	259	34	3
259	259	35	0
259	259	36	4
259	259	37	2
260	260	0	0
260	260	1	0
260	260	2	0
260	260	3	0
260	260	4	0
260	260	5	0
260	260	6	2
260	260	7	0
260	260	8	0
260	260	9	0
260	260	10	0
260	260	11	0
260	260	12	0
260	260	13	0
260	260	14	0
260	260	15	0
260	260	16	0
260	260	17	0
260	260	18	0
260	260	19	0
260	260	20	1
260	260	21	0
260	260	22	0
260	260	23	0
260	260	24	0
260	260	25	0
260	260	26	0
260	260	27	0
260	260	28	0
260	260	29	0
260	260	30	0
260	260	31	0
260	260	32	0
260	260	33	0
260	260	34	0
260	260	35	0
260	260	36	1
260	260	37	0
261	261	0	0
261	261	1	0
261	261	2	0
261	261	3	0
261	261	4	0
261	261	5	0
261	261	6	0
261	261	7	0
261	261	8	1
261	261	9	0
261	261	10	0
261	261	11	0
261	261	12	0
261	261	13	0
261	261	14	0
261	261	15	0
261	261	16	0
261	261	17	0
261	261	18	0
261	261	19	0
261	261	20	0
261	261	21	1
261	261	22	0
261	261	23	0
261	261	24	0
261	261	25	0
261	261	26	0
261	261	27	1
261	261	28	0
261	261	29	0
261	261	30	0
261	261	31	0
261	261	32	0
261	261	33	0
261	261	34	0
261	261	35	0
261	261	36	0
261	261	37	0
262	262	0	0
262	262	1	1
262	262	2	0
262	262	3	0
262	262	4	0
262	262	5	0
262	262	6	0
262	262	7	0
262	262	8	0
262	262	9	0
262	262	10	0
262	262	11	0
262	262	12	2
262	262	13	0
262	262	14	0
262	262	15	0
262	262	16	0
262	262	17	0
262	262	18	0
262	262	19	0
262	262	20	0
262	262	21	0
262	262	22	0
262	262	23	0
262	262	24	0
262	262	25	0
262	262	26	0
262	262	27	0
262	262	28	0
262	262	29	0
262	262	30	0
262	262	31	0
262	262	32	0
262	262	33	0
262	262	34	0
262	262	35	0
262	262	36	0
262	262	37	0
263	263	0	0
263	263	1	0
263	263	2	0
263	263	3	0
263	263	4	0
263	263	5	0
263	263	6	0
263	263	7	0
263	263	8	0
263	263	9	0
263	263	10	0
263	263	11	0
263	263	12	0
263	263	13	0
263	263	14	0
263	263	15	0
263	263	16	0
263	263	17	0
263	263	18	1
263	263	19	0
263	263	20	0
263	263	21	0
263	263	22	0
263	263	23	0
263	263	24	0
263	263	25	0
263	263	26	0
263	263	27	0
263	263	28	0
263	263	29	0
263	263	30	0
263	263	31	0
263	263	32	0
263	263	33	0
263	263	34	1
263	263	35	0
263	263	36	0
263	263	37	0
264	264	0	0
264	264	1	0
264	264	2	0
264	264	3	0
264	264	4	0
264	264	5	0
264	264	6	0
264	264	7	1
264	264	8	1
264	264	9	0
264	264	10	0
264	264	11	0
264	264	12	0
264	264	13	0
264	264	14	0
264	264	15	0
264	264	16	2
264	264	17	1
264	264	18	0
264	264	19	0
264	264	20	0
264	264	21	0
264	264	22	1
264	264	23	0
264	264	24	0
264	264	25	0
264	264	26	0
264	264	27	0
264	264	28	0
264	264	29	0
264	264	30	0
264	264	31	1
264	264	32	0
264	264	33	1
264	264	34	0
264	264	35	0
264	264	36	1
264	264	37	0
265	265	0	0
265	265	1	0
265	265	2	0
265	265	3	0
265	265	4	0
265	265	5	0
265	265	6	0
265	265	7	0
265	265	8	1
265	265	9	0
265	265	10	0
265	265	11	0
265	265	12	2
265	265	13	0
265	265	14	0
265	265	15	0
265	265	16	0
265	265	17	2
265	265	18	0
265	265	19	0
265	265	20	0
265	265	21	0
265	265	22	1
265	265	23	0
265	265	24	0
265	265	25	0
265	265	26	0
265	265	27	0
265	265	28	0
265	265	29	0
265	265	30	0
265	265	31	0
265	265	32	3
265	265	33	2
265	265	34	2
265	265	35	0
265	265	36	0
265	265	37	0
266	266	0	0
266	266	1	0
266	266	2	1
266	266	3	0
266	266	4	0
266	266	5	0
266	266	6	0
266	266	7	0
266	266	8	0
266	266	9	0
266	266	10	0
266	266	11	0
266	266	12	0
266	266	13	0
266	266	14	0
266	266	15	0
266	266	16	1
266	266	17	0
266	266	18	0
266	266	19	0
266	266	20	0
266	266	21	0
266	266	22	0
266	266	23	0
266	266	24	1
266	266	25	0
266	266	26	0
266	266	27	0
266	266	28	0
266	266	29	0
266	266	30	0
266	266	31	0
266	266	32	0
266	266	33	2
266	266	34	0
266	266	35	0
266	266	36	0
266	266	37	0
267	267	0	0
267	267	1	1
267	267	2	0
267	267	3	0
267	267	4	0
267	267	5	0
267	267	6	0
267	267	7	0
267	267	8	0
267	267	9	1
267	267	10	0
267	267	11	0
267	267	12	0
267	267	13	0
267	267	14	0
267	267	15	1
267	267	16	0
267	267	17	0
267	267	18	0
267	267	19	0
267	267	20	0
267	267	21	0
267	267	22	0
267	267	23	4
267	267	24	0
267	267	25	0
267	267	26	0
267	267	27	0
267	267	28	0
267	267	29	0
267	267	30	0
267	267	31	0
267	267	32	0
267	267	33	0
267	267	34	2
267	267	35	0
267	267	36	0
267	267	37	0
268	268	0	0
268	268	1	0
268	268	2	0
268	268	3	0
268	268	4	0
268	268	5	0
268	268	6	0
268	268	7	0
268	268	8	0
268	268	9	0
268	268	10	0
268	268	11	1
268	268	12	0
268	268	13	1
268	268	14	0
268	268	15	0
268	268	16	0
268	268	17	0
268	268	18	0
268	268	19	0
268	268	20	2
268	268	21	0
268	268	22	1
268	268	23	0
268	268	24	3
268	268	25	2
268	268	26	1
268	268	27	8
268	268	28	2
268	268	29	4
268	268	30	6
268	268	31	7
268	268	32	3
268	268	33	5
268	268	34	11
268	268	35	8
268	268	36	6
268	268	37	10
269	269	0	0
269	269	1	0
269	269	2	0
269	269	3	1
269	269	4	0
269	269	5	0
269	269	6	0
269	269	7	0
269	269	8	0
269	269	9	2
269	269	10	1
269	269	11	0
269	269	12	0
269	269	13	0
269	269	14	0
269	269	15	3
269	269	16	1
269	269	17	0
269	269	18	7
269	269	19	4
269	269	20	6
269	269	21	3
269	269	22	4
269	269	23	3
269	269	24	3
269	269	25	1
269	269	26	4
269	269	27	2
269	269	28	0
269	269	29	4
269	269	30	3
269	269	31	3
269	269	32	4
269	269	33	3
269	269	34	6
269	269	35	8
269	269	36	2
269	269	37	1
270	270	0	0
270	270	1	0
270	270	2	0
270	270	3	0
270	270	4	0
270	270	5	0
270	270	6	0
270	270	7	1
270	270	8	0
270	270	9	0
270	270	10	0
270	270	11	1
270	270	12	0
270	270	13	0
270	270	14	0
270	270	15	0
270	270	16	1
270	270	17	3
270	270	18	0
270	270	19	0
270	270	20	2
270	270	21	0
270	270	22	0
270	270	23	0
270	270	24	0
270	270	25	2
270	270	26	1
270	270	27	5
270	270	28	2
270	270	29	1
270	270	30	0
270	270	31	1
270	270	32	1
270	270	33	6
270	270	34	2
270	270	35	0
270	270	36	3
270	270	37	0
271	271	0	0
271	271	1	0
271	271	2	0
271	271	3	0
271	271	4	0
271	271	5	0
271	271	6	0
271	271	7	0
271	271	8	0
271	271	9	0
271	271	10	0
271	271	11	0
271	271	12	0
271	271	13	0
271	271	14	0
271	271	15	0
271	271	16	0
271	271	17	0
271	271	18	1
271	271	19	0
271	271	20	3
271	271	21	0
271	271	22	0
271	271	23	1
271	271	24	0
271	271	25	1
271	271	26	0
271	271	27	0
271	271	28	2
271	271	29	0
271	271	30	1
271	271	31	0
271	271	32	0
271	271	33	1
271	271	34	0
271	271	35	3
271	271	36	0
271	271	37	0
272	272	0	0
272	272	1	0
272	272	2	0
272	272	3	0
272	272	4	0
272	272	5	0
272	272	6	0
272	272	7	0
272	272	8	3
272	272	9	0
272	272	10	1
272	272	11	0
272	272	12	0
272	272	13	0
272	272	14	1
272	272	15	0
272	272	16	2
272	272	17	0
272	272	18	0
272	272	19	0
272	272	20	0
272	272	21	0
272	272	22	0
272	272	23	0
272	272	24	0
272	272	25	0
272	272	26	0
272	272	27	0
272	272	28	1
272	272	29	0
272	272	30	0
272	272	31	3
272	272	32	0
272	272	33	1
272	272	34	0
272	272	35	1
272	272	36	0
272	272	37	0
273	273	0	0
273	273	1	0
273	273	2	1
273	273	3	0
273	273	4	0
273	273	5	0
273	273	6	1
273	273	7	1
273	273	8	0
273	273	9	0
273	273	10	0
273	273	11	0
273	273	12	0
273	273	13	0
273	273	14	0
273	273	15	1
273	273	16	0
273	273	17	0
273	273	18	0
273	273	19	0
273	273	20	1
273	273	21	0
273	273	22	0
273	273	23	0
273	273	24	0
273	273	25	0
273	273	26	0
273	273	27	0
273	273	28	0
273	273	29	0
273	273	30	0
273	273	31	0
273	273	32	1
273	273	33	0
273	273	34	1
273	273	35	0
273	273	36	0
273	273	37	0
274	274	0	0
274	274	1	3
274	274	2	0
274	274	3	0
274	274	4	0
274	274	5	0
274	274	6	0
274	274	7	0
274	274	8	0
274	274	9	0
274	274	10	0
274	274	11	7
274	274	12	0
274	274	13	0
274	274	14	0
274	274	15	0
274	274	16	0
274	274	17	0
274	274	18	0
274	274	19	0
274	274	20	0
274	274	21	0
274	274	22	5
274	274	23	0
274	274	24	2
274	274	25	0
274	274	26	0
274	274	27	3
274	274	28	1
274	274	29	8
274	274	30	1
274	274	31	7
274	274	32	5
274	274	33	2
274	274	34	2
274	274	35	3
274	274	36	3
274	274	37	7
275	275	0	0
275	275	1	0
275	275	2	0
275	275	3	0
275	275	4	0
275	275	5	1
275	275	6	0
275	275	7	0
275	275	8	0
275	275	9	0
275	275	10	0
275	275	11	0
275	275	12	1
275	275	13	1
275	275	14	0
275	275	15	0
275	275	16	0
275	275	17	0
275	275	18	1
275	275	19	0
275	275	20	1
275	275	21	0
275	275	22	0
275	275	23	0
275	275	24	1
275	275	25	0
275	275	26	0
275	275	27	0
275	275	28	0
275	275	29	0
275	275	30	1
275	275	31	0
275	275	32	2
275	275	33	2
275	275	34	1
275	275	35	4
275	275	36	4
275	275	37	4
276	276	0	0
276	276	1	0
276	276	2	0
276	276	3	0
276	276	4	0
276	276	5	0
276	276	6	0
276	276	7	0
276	276	8	1
276	276	9	0
276	276	10	0
276	276	11	0
276	276	12	0
276	276	13	0
276	276	14	0
276	276	15	0
276	276	16	6
276	276	17	0
276	276	18	0
276	276	19	0
276	276	20	0
276	276	21	0
276	276	22	0
276	276	23	0
276	276	24	0
276	276	25	0
276	276	26	0
276	276	27	0
276	276	28	0
276	276	29	0
276	276	30	2
276	276	31	0
276	276	32	0
276	276	33	0
276	276	34	0
276	276	35	0
276	276	36	0
276	276	37	2
277	277	0	0
277	277	1	0
277	277	2	0
277	277	3	0
277	277	4	3
277	277	5	0
277	277	6	2
277	277	7	0
277	277	8	0
277	277	9	0
277	277	10	1
277	277	11	0
277	277	12	0
277	277	13	1
277	277	14	0
277	277	15	0
277	277	16	0
277	277	17	1
277	277	18	2
277	277	19	0
277	277	20	0
277	277	21	2
277	277	22	4
277	277	23	0
277	277	24	2
277	277	25	1
277	277	26	4
277	277	27	1
277	277	28	0
277	277	29	1
277	277	30	4
277	277	31	7
277	277	32	2
277	277	33	2
277	277	34	1
277	277	35	0
277	277	36	7
277	277	37	1
278	278	0	0
278	278	1	0
278	278	2	0
278	278	3	0
278	278	4	0
278	278	5	0
278	278	6	0
278	278	7	1
278	278	8	0
278	278	9	0
278	278	10	1
278	278	11	0
278	278	12	0
278	278	13	0
278	278	14	0
278	278	15	0
278	278	16	0
278	278	17	0
278	278	18	0
278	278	19	0
278	278	20	0
278	278	21	0
278	278	22	0
278	278	23	0
278	278	24	1
278	278	25	0
278	278	26	0
278	278	27	1
278	278	28	0
278	278	29	0
278	278	30	0
278	278	31	0
278	278	32	0
278	278	33	6
278	278	34	1
278	278	35	0
278	278	36	0
278	278	37	1
279	279	0	0
279	279	1	0
279	279	2	0
279	279	3	1
279	279	4	0
279	279	5	1
279	279	6	2
279	279	7	0
279	279	8	0
279	279	9	0
279	279	10	0
279	279	11	0
279	279	12	0
279	279	13	2
279	279	14	0
279	279	15	0
279	279	16	0
279	279	17	0
279	279	18	1
279	279	19	0
279	279	20	0
279	279	21	0
279	279	22	1
279	279	23	2
279	279	24	0
279	279	25	0
279	279	26	0
279	279	27	0
279	279	28	3
279	279	29	2
279	279	30	0
279	279	31	0
279	279	32	0
279	279	33	0
279	279	34	0
279	279	35	0
279	279	36	0
279	279	37	0
280	280	0	0
280	280	1	0
280	280	2	0
280	280	3	0
280	280	4	3
280	280	5	0
280	280	6	0
280	280	7	0
280	280	8	0
280	280	9	0
280	280	10	1
280	280	11	1
280	280	12	0
280	280	13	0
280	280	14	0
280	280	15	0
280	280	16	0
280	280	17	0
280	280	18	0
280	280	19	0
280	280	20	0
280	280	21	0
280	280	22	0
280	280	23	0
280	280	24	0
280	280	25	0
280	280	26	1
280	280	27	0
280	280	28	0
280	280	29	0
280	280	30	0
280	280	31	0
280	280	32	0
280	280	33	0
280	280	34	0
280	280	35	0
280	280	36	0
280	280	37	0
281	281	0	0
281	281	1	1
281	281	2	0
281	281	3	0
281	281	4	0
281	281	5	0
281	281	6	0
281	281	7	0
281	281	8	0
281	281	9	0
281	281	10	0
281	281	11	0
281	281	12	0
281	281	13	1
281	281	14	0
281	281	15	0
281	281	16	0
281	281	17	0
281	281	18	0
281	281	19	2
281	281	20	0
281	281	21	0
281	281	22	0
281	281	23	0
281	281	24	0
281	281	25	1
281	281	26	0
281	281	27	0
281	281	28	0
281	281	29	0
281	281	30	0
281	281	31	0
281	281	32	0
281	281	33	1
281	281	34	0
281	281	35	0
281	281	36	0
281	281	37	0
282	282	0	0
282	282	1	0
282	282	2	1
282	282	3	0
282	282	4	3
282	282	5	2
282	282	6	0
282	282	7	0
282	282	8	0
282	282	9	0
282	282	10	0
282	282	11	0
282	282	12	0
282	282	13	0
282	282	14	0
282	282	15	0
282	282	16	0
282	282	17	0
282	282	18	1
282	282	19	0
282	282	20	0
282	282	21	0
282	282	22	0
282	282	23	0
282	282	24	0
282	282	25	0
282	282	26	0
282	282	27	0
282	282	28	0
282	282	29	0
282	282	30	0
282	282	31	0
282	282	32	3
282	282	33	1
282	282	34	0
282	282	35	0
282	282	36	0
282	282	37	2
283	283	0	0
283	283	1	0
283	283	2	1
283	283	3	1
283	283	4	1
283	283	5	0
283	283	6	0
283	283	7	0
283	283	8	0
283	283	9	0
283	283	10	0
283	283	11	0
283	283	12	0
283	283	13	0
283	283	14	0
283	283	15	0
283	283	16	0
283	283	17	0
283	283	18	2
283	283	19	0
283	283	20	0
283	283	21	0
283	283	22	0
283	283	23	0
283	283	24	5
283	283	25	2
283	283	26	3
283	283	27	0
283	283	28	2
283	283	29	2
283	283	30	1
283	283	31	1
283	283	32	0
283	283	33	6
283	283	34	1
283	283	35	2
283	283	36	0
283	283	37	4
284	284	0	0
284	284	1	3
284	284	2	0
284	284	3	2
284	284	4	0
284	284	5	0
284	284	6	2
284	284	7	0
284	284	8	0
284	284	9	0
284	284	10	0
284	284	11	1
284	284	12	1
284	284	13	0
284	284	14	0
284	284	15	0
284	284	16	0
284	284	17	0
284	284	18	0
284	284	19	1
284	284	20	0
284	284	21	1
284	284	22	0
284	284	23	1
284	284	24	0
284	284	25	0
284	284	26	0
284	284	27	0
284	284	28	0
284	284	29	0
284	284	30	0
284	284	31	0
284	284	32	0
284	284	33	2
284	284	34	0
284	284	35	0
284	284	36	0
284	284	37	2
285	285	0	0
285	285	1	0
285	285	2	2
285	285	3	0
285	285	4	0
285	285	5	0
285	285	6	3
285	285	7	0
285	285	8	0
285	285	9	0
285	285	10	1
285	285	11	0
285	285	12	0
285	285	13	0
285	285	14	0
285	285	15	0
285	285	16	0
285	285	17	0
285	285	18	0
285	285	19	0
285	285	20	0
285	285	21	0
285	285	22	0
285	285	23	0
285	285	24	0
285	285	25	0
285	285	26	3
285	285	27	2
285	285	28	0
285	285	29	0
285	285	30	0
285	285	31	0
285	285	32	1
285	285	33	0
285	285	34	0
285	285	35	0
285	285	36	0
285	285	37	0
286	286	0	0
286	286	1	0
286	286	2	3
286	286	3	1
286	286	4	0
286	286	5	0
286	286	6	3
286	286	7	0
286	286	8	0
286	286	9	0
286	286	10	1
286	286	11	1
286	286	12	2
286	286	13	0
286	286	14	0
286	286	15	0
286	286	16	1
286	286	17	0
286	286	18	3
286	286	19	0
286	286	20	1
286	286	21	0
286	286	22	0
286	286	23	0
286	286	24	2
286	286	25	0
286	286	26	0
286	286	27	0
286	286	28	0
286	286	29	0
286	286	30	4
286	286	31	3
286	286	32	0
286	286	33	0
286	286	34	1
286	286	35	2
286	286	36	3
286	286	37	0
287	287	0	0
287	287	1	1
287	287	2	2
287	287	3	0
287	287	4	0
287	287	5	2
287	287	6	0
287	287	7	0
287	287	8	3
287	287	9	0
287	287	10	0
287	287	11	0
287	287	12	0
287	287	13	0
287	287	14	0
287	287	15	0
287	287	16	0
287	287	17	1
287	287	18	0
287	287	19	0
287	287	20	0
287	287	21	3
287	287	22	1
287	287	23	0
287	287	24	3
287	287	25	0
287	287	26	1
287	287	27	4
287	287	28	2
287	287	29	0
287	287	30	1
287	287	31	2
287	287	32	0
287	287	33	2
287	287	34	0
287	287	35	1
287	287	36	9
287	287	37	1
288	288	0	0
288	288	1	1
288	288	2	2
288	288	3	1
288	288	4	2
288	288	5	0
288	288	6	2
288	288	7	0
288	288	8	1
288	288	9	0
288	288	10	0
288	288	11	0
288	288	12	0
288	288	13	0
288	288	14	0
288	288	15	0
288	288	16	0
288	288	17	1
288	288	18	0
288	288	19	0
288	288	20	0
288	288	21	0
288	288	22	0
288	288	23	0
288	288	24	0
288	288	25	2
288	288	26	0
288	288	27	1
288	288	28	0
288	288	29	0
288	288	30	0
288	288	31	0
288	288	32	2
288	288	33	1
288	288	34	0
288	288	35	0
288	288	36	2
288	288	37	0
289	289	0	0
289	289	1	0
289	289	2	0
289	289	3	0
289	289	4	0
289	289	5	2
289	289	6	0
289	289	7	3
289	289	8	0
289	289	9	0
289	289	10	0
289	289	11	0
289	289	12	0
289	289	13	0
289	289	14	0
289	289	15	0
289	289	16	0
289	289	17	0
289	289	18	0
289	289	19	0
289	289	20	0
289	289	21	0
289	289	22	1
289	289	23	0
289	289	24	0
289	289	25	2
289	289	26	3
289	289	27	0
289	289	28	0
289	289	29	0
289	289	30	0
289	289	31	1
289	289	32	0
289	289	33	0
289	289	34	2
289	289	35	0
289	289	36	0
289	289	37	0
290	290	0	0
290	290	1	0
290	290	2	1
290	290	3	0
290	290	4	0
290	290	5	0
290	290	6	0
290	290	7	0
290	290	8	0
290	290	9	0
290	290	10	0
290	290	11	0
290	290	12	0
290	290	13	0
290	290	14	0
290	290	15	0
290	290	16	0
290	290	17	0
290	290	18	0
290	290	19	0
290	290	20	0
290	290	21	0
290	290	22	0
290	290	23	0
290	290	24	0
290	290	25	2
290	290	26	1
290	290	27	0
290	290	28	0
290	290	29	0
290	290	30	0
290	290	31	0
290	290	32	3
290	290	33	0
290	290	34	0
290	290	35	0
290	290	36	0
290	290	37	0
291	291	0	0
291	291	1	2
291	291	2	0
291	291	3	0
291	291	4	5
291	291	5	0
291	291	6	0
291	291	7	4
291	291	8	0
291	291	9	0
291	291	10	1
291	291	11	2
291	291	12	0
291	291	13	0
291	291	14	0
291	291	15	0
291	291	16	0
291	291	17	0
291	291	18	0
291	291	19	0
291	291	20	0
291	291	21	0
291	291	22	0
291	291	23	0
291	291	24	0
291	291	25	0
291	291	26	2
291	291	27	0
291	291	28	0
291	291	29	0
291	291	30	2
291	291	31	0
291	291	32	0
291	291	33	1
291	291	34	0
291	291	35	0
291	291	36	0
291	291	37	0
292	292	0	0
292	292	1	1
292	292	2	0
292	292	3	0
292	292	4	0
292	292	5	0
292	292	6	0
292	292	7	0
292	292	8	0
292	292	9	0
292	292	10	0
292	292	11	0
292	292	12	0
292	292	13	1
292	292	14	0
292	292	15	0
292	292	16	0
292	292	17	0
292	292	18	2
292	292	19	0
292	292	20	0
292	292	21	0
292	292	22	1
292	292	23	0
292	292	24	0
292	292	25	1
292	292	26	0
292	292	27	0
292	292	28	0
292	292	29	3
292	292	30	0
292	292	31	0
292	292	32	0
292	292	33	0
292	292	34	0
292	292	35	0
292	292	36	0
292	292	37	1
293	293	0	0
293	293	1	0
293	293	2	1
293	293	3	1
293	293	4	0
293	293	5	0
293	293	6	0
293	293	7	0
293	293	8	0
293	293	9	0
293	293	10	0
293	293	11	1
293	293	12	0
293	293	13	0
293	293	14	0
293	293	15	0
293	293	16	0
293	293	17	0
293	293	18	0
293	293	19	0
293	293	20	0
293	293	21	2
293	293	22	0
293	293	23	2
293	293	24	2
293	293	25	0
293	293	26	2
293	293	27	0
293	293	28	0
293	293	29	1
293	293	30	1
293	293	31	0
293	293	32	0
293	293	33	0
293	293	34	0
293	293	35	0
293	293	36	3
293	293	37	0
294	294	0	0
294	294	1	0
294	294	2	0
294	294	3	0
294	294	4	0
294	294	5	0
294	294	6	0
294	294	7	1
294	294	8	0
294	294	9	0
294	294	10	1
294	294	11	0
294	294	12	0
294	294	13	0
294	294	14	0
294	294	15	0
294	294	16	1
294	294	17	0
294	294	18	0
294	294	19	0
294	294	20	0
294	294	21	0
294	294	22	0
294	294	23	0
294	294	24	2
294	294	25	1
294	294	26	0
294	294	27	0
294	294	28	0
294	294	29	0
294	294	30	0
294	294	31	0
294	294	32	2
294	294	33	0
294	294	34	0
294	294	35	0
294	294	36	0
294	294	37	0
295	295	0	0
295	295	1	0
295	295	2	2
295	295	3	0
295	295	4	0
295	295	5	0
295	295	6	0
295	295	7	0
295	295	8	0
295	295	9	0
295	295	10	0
295	295	11	0
295	295	12	0
295	295	13	0
295	295	14	0
295	295	15	0
295	295	16	2
295	295	17	0
295	295	18	0
295	295	19	0
295	295	20	0
295	295	21	0
295	295	22	0
295	295	23	0
295	295	24	2
295	295	25	1
295	295	26	0
295	295	27	2
295	295	28	1
295	295	29	0
295	295	30	0
295	295	31	3
295	295	32	2
295	295	33	2
295	295	34	0
295	295	35	1
295	295	36	0
295	295	37	0
296	296	0	0
296	296	1	0
296	296	2	0
296	296	3	0
296	296	4	0
296	296	5	0
296	296	6	0
296	296	7	1
296	296	8	0
296	296	9	0
296	296	10	0
296	296	11	0
296	296	12	0
296	296	13	0
296	296	14	0
296	296	15	0
296	296	16	0
296	296	17	0
296	296	18	1
296	296	19	0
296	296	20	0
296	296	21	2
296	296	22	3
296	296	23	4
296	296	24	0
296	296	25	0
296	296	26	0
296	296	27	0
296	296	28	0
296	296	29	0
296	296	30	0
296	296	31	1
296	296	32	0
296	296	33	0
296	296	34	0
296	296	35	0
296	296	36	1
296	296	37	0
297	297	0	0
297	297	1	0
297	297	2	0
297	297	3	0
297	297	4	0
297	297	5	0
297	297	6	0
297	297	7	0
297	297	8	0
297	297	9	0
297	297	10	0
297	297	11	0
297	297	12	0
297	297	13	0
297	297	14	0
297	297	15	0
297	297	16	0
297	297	17	0
297	297	18	0
297	297	19	0
297	297	20	0
297	297	21	0
297	297	22	0
297	297	23	2
297	297	24	0
297	297	25	0
297	297	26	0
297	297	27	0
297	297	28	1
297	297	29	0
297	297	30	0
297	297	31	0
297	297	32	0
297	297	33	2
297	297	34	0
297	297	35	0
297	297	36	1
297	297	37	0
298	298	0	0
298	298	1	0
298	298	2	0
298	298	3	0
298	298	4	0
298	298	5	0
298	298	6	2
298	298	7	0
298	298	8	0
298	298	9	0
298	298	10	0
298	298	11	1
298	298	12	0
298	298	13	0
298	298	14	0
298	298	15	0
298	298	16	1
298	298	17	0
298	298	18	0
298	298	19	0
298	298	20	0
298	298	21	0
298	298	22	0
298	298	23	0
298	298	24	0
298	298	25	0
298	298	26	2
298	298	27	0
298	298	28	0
298	298	29	0
298	298	30	1
298	298	31	1
298	298	32	2
298	298	33	0
298	298	34	3
298	298	35	4
298	298	36	1
298	298	37	3
299	299	0	0
299	299	1	0
299	299	2	0
299	299	3	0
299	299	4	2
299	299	5	0
299	299	6	0
299	299	7	0
299	299	8	0
299	299	9	0
299	299	10	0
299	299	11	0
299	299	12	0
299	299	13	0
299	299	14	0
299	299	15	0
299	299	16	0
299	299	17	0
299	299	18	2
299	299	19	1
299	299	20	0
299	299	21	0
299	299	22	0
299	299	23	0
299	299	24	0
299	299	25	3
299	299	26	3
299	299	27	0
299	299	28	0
299	299	29	0
299	299	30	0
299	299	31	0
299	299	32	0
299	299	33	0
299	299	34	0
299	299	35	0
299	299	36	0
299	299	37	0
300	300	0	0
300	300	1	0
300	300	2	1
300	300	3	0
300	300	4	0
300	300	5	0
300	300	6	0
300	300	7	0
300	300	8	0
300	300	9	0
300	300	10	0
300	300	11	2
300	300	12	0
300	300	13	0
300	300	14	0
300	300	15	1
300	300	16	0
300	300	17	0
300	300	18	0
300	300	19	0
300	300	20	0
300	300	21	0
300	300	22	3
300	300	23	0
300	300	24	0
300	300	25	4
300	300	26	0
300	300	27	0
300	300	28	0
300	300	29	1
300	300	30	0
300	300	31	0
300	300	32	0
300	300	33	0
300	300	34	0
300	300	35	0
300	300	36	1
300	300	37	0
301	301	0	0
301	301	1	0
301	301	2	1
301	301	3	0
301	301	4	0
301	301	5	0
301	301	6	1
301	301	7	0
301	301	8	0
301	301	9	0
301	301	10	0
301	301	11	3
301	301	12	0
301	301	13	2
301	301	14	0
301	301	15	1
301	301	16	0
301	301	17	1
301	301	18	0
301	301	19	0
301	301	20	0
301	301	21	1
301	301	22	4
301	301	23	0
301	301	24	0
301	301	25	0
301	301	26	0
301	301	27	0
301	301	28	0
301	301	29	0
301	301	30	0
301	301	31	0
301	301	32	0
301	301	33	0
301	301	34	0
301	301	35	0
301	301	36	0
301	301	37	0
302	302	0	0
302	302	1	0
302	302	2	0
302	302	3	1
302	302	4	0
302	302	5	0
302	302	6	0
302	302	7	0
302	302	8	0
302	302	9	0
302	302	10	0
302	302	11	2
302	302	12	0
302	302	13	0
302	302	14	0
302	302	15	0
302	302	16	0
302	302	17	2
302	302	18	0
302	302	19	0
302	302	20	0
302	302	21	0
302	302	22	0
302	302	23	1
302	302	24	1
302	302	25	0
302	302	26	0
302	302	27	0
302	302	28	0
302	302	29	0
302	302	30	0
302	302	31	2
302	302	32	0
302	302	33	0
302	302	34	0
302	302	35	3
302	302	36	0
302	302	37	1
303	303	0	0
303	303	1	0
303	303	2	0
303	303	3	0
303	303	4	0
303	303	5	0
303	303	6	1
303	303	7	0
303	303	8	0
303	303	9	0
303	303	10	1
303	303	11	0
303	303	12	0
303	303	13	1
303	303	14	1
303	303	15	0
303	303	16	0
303	303	17	0
303	303	18	0
303	303	19	0
303	303	20	0
303	303	21	0
303	303	22	2
303	303	23	0
303	303	24	0
303	303	25	0
303	303	26	0
303	303	27	0
303	303	28	0
303	303	29	0
303	303	30	0
303	303	31	2
303	303	32	0
303	303	33	0
303	303	34	0
303	303	35	0
303	303	36	0
303	303	37	0
304	304	0	0
304	304	1	0
304	304	2	1
304	304	3	0
304	304	4	0
304	304	5	1
304	304	6	2
304	304	7	0
304	304	8	0
304	304	9	0
304	304	10	0
304	304	11	0
304	304	12	0
304	304	13	0
304	304	14	0
304	304	15	0
304	304	16	0
304	304	17	0
304	304	18	0
304	304	19	0
304	304	20	0
304	304	21	0
304	304	22	0
304	304	23	0
304	304	24	0
304	304	25	0
304	304	26	3
304	304	27	0
304	304	28	0
304	304	29	0
304	304	30	0
304	304	31	0
304	304	32	1
304	304	33	0
304	304	34	0
304	304	35	0
304	304	36	2
304	304	37	0
305	305	0	0
305	305	1	0
305	305	2	0
305	305	3	0
305	305	4	0
305	305	5	1
305	305	6	0
305	305	7	0
305	305	8	0
305	305	9	0
305	305	10	2
305	305	11	0
305	305	12	0
305	305	13	0
305	305	14	0
305	305	15	0
305	305	16	0
305	305	17	0
305	305	18	0
305	305	19	0
305	305	20	0
305	305	21	0
305	305	22	0
305	305	23	0
305	305	24	0
305	305	25	0
305	305	26	0
305	305	27	0
305	305	28	0
305	305	29	0
305	305	30	0
305	305	31	0
305	305	32	0
305	305	33	0
305	305	34	0
305	305	35	0
305	305	36	0
305	305	37	0
306	306	0	0
306	306	1	0
306	306	2	0
306	306	3	2
306	306	4	0
306	306	5	0
306	306	6	2
306	306	7	1
306	306	8	0
306	306	9	3
306	306	10	0
306	306	11	0
306	306	12	0
306	306	13	0
306	306	14	0
306	306	15	0
306	306	16	1
306	306	17	1
306	306	18	0
306	306	19	0
306	306	20	0
306	306	21	0
306	306	22	1
306	306	23	0
306	306	24	0
306	306	25	0
306	306	26	0
306	306	27	0
306	306	28	0
306	306	29	0
306	306	30	0
306	306	31	0
306	306	32	0
306	306	33	0
306	306	34	0
306	306	35	0
306	306	36	0
306	306	37	0
307	307	0	0
307	307	1	0
307	307	2	0
307	307	3	0
307	307	4	0
307	307	5	0
307	307	6	0
307	307	7	0
307	307	8	0
307	307	9	0
307	307	10	0
307	307	11	0
307	307	12	0
307	307	13	0
307	307	14	1
307	307	15	0
307	307	16	0
307	307	17	0
307	307	18	1
307	307	19	0
307	307	20	3
307	307	21	0
307	307	22	0
307	307	23	0
307	307	24	0
307	307	25	0
307	307	26	0
307	307	27	0
307	307	28	0
307	307	29	0
307	307	30	2
307	307	31	0
307	307	32	0
307	307	33	2
307	307	34	0
307	307	35	0
307	307	36	0
307	307	37	0
308	308	0	0
308	308	1	0
308	308	2	1
308	308	3	0
308	308	4	0
308	308	5	2
308	308	6	0
308	308	7	0
308	308	8	0
308	308	9	0
308	308	10	3
308	308	11	0
308	308	12	0
308	308	13	0
308	308	14	0
308	308	15	0
308	308	16	3
308	308	17	0
308	308	18	2
308	308	19	2
308	308	20	0
308	308	21	0
308	308	22	1
308	308	23	0
308	308	24	0
308	308	25	3
308	308	26	2
308	308	27	0
308	308	28	0
308	308	29	3
308	308	30	0
308	308	31	0
308	308	32	4
308	308	33	0
308	308	34	0
308	308	35	0
308	308	36	1
308	308	37	0
309	309	0	0
309	309	1	0
309	309	2	0
309	309	3	0
309	309	4	0
309	309	5	0
309	309	6	0
309	309	7	0
309	309	8	0
309	309	9	0
309	309	10	0
309	309	11	0
309	309	12	0
309	309	13	0
309	309	14	0
309	309	15	0
309	309	16	0
309	309	17	0
309	309	18	0
309	309	19	0
309	309	20	0
309	309	21	0
309	309	22	0
309	309	23	0
309	309	24	0
309	309	25	0
309	309	26	0
309	309	27	0
309	309	28	0
309	309	29	0
309	309	30	0
309	309	31	0
309	309	32	0
309	309	33	0
309	309	34	0
309	309	35	0
309	309	36	0
309	309	37	0
310	310	0	0
310	310	1	0
310	310	2	0
310	310	3	0
310	310	4	2
310	310	5	0
310	310	6	0
310	310	7	0
310	310	8	0
310	310	9	0
310	310	10	0
310	310	11	0
310	310	12	0
310	310	13	0
310	310	14	1
310	310	15	1
310	310	16	0
310	310	17	0
310	310	18	0
310	310	19	0
310	310	20	0
310	310	21	2
310	310	22	4
310	310	23	0
310	310	24	0
310	310	25	0
310	310	26	0
310	310	27	0
310	310	28	0
310	310	29	2
310	310	30	0
310	310	31	2
310	310	32	1
310	310	33	4
310	310	34	0
310	310	35	0
310	310	36	0
310	310	37	2
311	311	0	0
311	311	1	0
311	311	2	0
311	311	3	0
311	311	4	1
311	311	5	0
311	311	6	0
311	311	7	0
311	311	8	0
311	311	9	0
311	311	10	0
311	311	11	0
311	311	12	0
311	311	13	0
311	311	14	0
311	311	15	0
311	311	16	0
311	311	17	1
311	311	18	0
311	311	19	1
311	311	20	0
311	311	21	0
311	311	22	0
311	311	23	0
311	311	24	0
311	311	25	1
311	311	26	0
311	311	27	0
311	311	28	0
311	311	29	0
311	311	30	0
311	311	31	0
311	311	32	2
311	311	33	0
311	311	34	2
311	311	35	0
311	311	36	0
311	311	37	0
312	312	0	0
312	312	1	0
312	312	2	0
312	312	3	0
312	312	4	0
312	312	5	2
312	312	6	1
312	312	7	5
312	312	8	0
312	312	9	0
312	312	10	0
312	312	11	0
312	312	12	0
312	312	13	0
312	312	14	0
312	312	15	1
312	312	16	0
312	312	17	0
312	312	18	0
312	312	19	1
312	312	20	0
312	312	21	0
312	312	22	2
312	312	23	0
312	312	24	0
312	312	25	2
312	312	26	0
312	312	27	0
312	312	28	0
312	312	29	0
312	312	30	0
312	312	31	0
312	312	32	0
312	312	33	0
312	312	34	0
312	312	35	0
312	312	36	0
312	312	37	1
313	313	0	0
313	313	1	1
313	313	2	3
313	313	3	0
313	313	4	1
313	313	5	0
313	313	6	0
313	313	7	2
313	313	8	0
313	313	9	0
313	313	10	1
313	313	11	0
313	313	12	0
313	313	13	0
313	313	14	0
313	313	15	1
313	313	16	0
313	313	17	0
313	313	18	0
313	313	19	0
313	313	20	0
313	313	21	0
313	313	22	2
313	313	23	0
313	313	24	0
313	313	25	1
313	313	26	0
313	313	27	0
313	313	28	6
313	313	29	0
313	313	30	0
313	313	31	0
313	313	32	0
313	313	33	0
313	313	34	0
313	313	35	0
313	313	36	5
313	313	37	0
314	314	0	0
314	314	1	0
314	314	2	0
314	314	3	0
314	314	4	0
314	314	5	0
314	314	6	1
314	314	7	0
314	314	8	2
314	314	9	0
314	314	10	0
314	314	11	0
314	314	12	0
314	314	13	2
314	314	14	0
314	314	15	1
314	314	16	0
314	314	17	0
314	314	18	2
314	314	19	0
314	314	20	0
314	314	21	0
314	314	22	1
314	314	23	0
314	314	24	1
314	314	25	0
314	314	26	0
314	314	27	2
314	314	28	0
314	314	29	0
314	314	30	0
314	314	31	0
314	314	32	0
314	314	33	1
314	314	34	0
314	314	35	2
314	314	36	0
314	314	37	1
315	315	0	0
315	315	1	0
315	315	2	0
315	315	3	0
315	315	4	0
315	315	5	0
315	315	6	0
315	315	7	0
315	315	8	0
315	315	9	0
315	315	10	0
315	315	11	0
315	315	12	0
315	315	13	0
315	315	14	1
315	315	15	0
315	315	16	0
315	315	17	0
315	315	18	2
315	315	19	0
315	315	20	0
315	315	21	0
315	315	22	0
315	315	23	0
315	315	24	0
315	315	25	0
315	315	26	0
315	315	27	0
315	315	28	0
315	315	29	0
315	315	30	0
315	315	31	0
315	315	32	0
315	315	33	0
315	315	34	0
315	315	35	0
315	315	36	0
315	315	37	0
316	316	0	0
316	316	1	0
316	316	2	0
316	316	3	0
316	316	4	0
316	316	5	0
316	316	6	0
316	316	7	2
316	316	8	0
316	316	9	0
316	316	10	0
316	316	11	0
316	316	12	3
316	316	13	0
316	316	14	0
316	316	15	0
316	316	16	0
316	316	17	0
316	316	18	0
316	316	19	0
316	316	20	0
316	316	21	0
316	316	22	3
316	316	23	0
316	316	24	1
316	316	25	0
316	316	26	0
316	316	27	0
316	316	28	2
316	316	29	2
316	316	30	3
316	316	31	0
316	316	32	0
316	316	33	3
316	316	34	0
316	316	35	0
316	316	36	0
316	316	37	0
317	317	0	0
317	317	1	0
317	317	2	1
317	317	3	0
317	317	4	0
317	317	5	0
317	317	6	0
317	317	7	0
317	317	8	0
317	317	9	0
317	317	10	0
317	317	11	0
317	317	12	0
317	317	13	4
317	317	14	0
317	317	15	0
317	317	16	0
317	317	17	0
317	317	18	0
317	317	19	0
317	317	20	0
317	317	21	0
317	317	22	2
317	317	23	2
317	317	24	0
317	317	25	0
317	317	26	0
317	317	27	0
317	317	28	0
317	317	29	0
317	317	30	0
317	317	31	2
317	317	32	0
317	317	33	0
317	317	34	0
317	317	35	0
317	317	36	0
317	317	37	0
318	318	0	0
318	318	1	0
318	318	2	0
318	318	3	0
318	318	4	0
318	318	5	0
318	318	6	0
318	318	7	0
318	318	8	0
318	318	9	0
318	318	10	0
318	318	11	0
318	318	12	0
318	318	13	0
318	318	14	0
318	318	15	0
318	318	16	0
318	318	17	0
318	318	18	2
318	318	19	0
318	318	20	0
318	318	21	0
318	318	22	2
318	318	23	1
318	318	24	0
318	318	25	1
318	318	26	0
318	318	27	0
318	318	28	0
318	318	29	0
318	318	30	0
318	318	31	1
318	318	32	0
318	318	33	0
318	318	34	1
318	318	35	0
318	318	36	1
318	318	37	2
319	319	0	0
319	319	1	0
319	319	2	0
319	319	3	0
319	319	4	0
319	319	5	0
319	319	6	0
319	319	7	2
319	319	8	0
319	319	9	3
319	319	10	0
319	319	11	0
319	319	12	2
319	319	13	0
319	319	14	0
319	319	15	0
319	319	16	0
319	319	17	0
319	319	18	1
319	319	19	1
319	319	20	0
319	319	21	0
319	319	22	1
319	319	23	0
319	319	24	1
319	319	25	0
319	319	26	1
319	319	27	2
319	319	28	0
319	319	29	0
319	319	30	0
319	319	31	0
319	319	32	2
319	319	33	0
319	319	34	0
319	319	35	0
319	319	36	0
319	319	37	0
320	320	0	0
320	320	1	0
320	320	2	0
320	320	3	4
320	320	4	0
320	320	5	0
320	320	6	0
320	320	7	2
320	320	8	0
320	320	9	0
320	320	10	0
320	320	11	0
320	320	12	0
320	320	13	0
320	320	14	0
320	320	15	1
320	320	16	0
320	320	17	0
320	320	18	0
320	320	19	1
320	320	20	0
320	320	21	0
320	320	22	0
320	320	23	0
320	320	24	0
320	320	25	0
320	320	26	0
320	320	27	0
320	320	28	0
320	320	29	0
320	320	30	1
320	320	31	0
320	320	32	2
320	320	33	0
320	320	34	0
320	320	35	4
320	320	36	1
320	320	37	0
321	321	0	0
321	321	1	0
321	321	2	0
321	321	3	0
321	321	4	0
321	321	5	0
321	321	6	0
321	321	7	0
321	321	8	2
321	321	9	0
321	321	10	0
321	321	11	0
321	321	12	0
321	321	13	3
321	321	14	0
321	321	15	0
321	321	16	0
321	321	17	0
321	321	18	0
321	321	19	0
321	321	20	0
321	321	21	0
321	321	22	2
321	321	23	0
321	321	24	0
321	321	25	0
321	321	26	0
321	321	27	0
321	321	28	0
321	321	29	0
321	321	30	0
321	321	31	1
321	321	32	0
321	321	33	0
321	321	34	0
321	321	35	0
321	321	36	0
321	321	37	0
322	322	0	0
322	322	1	0
322	322	2	0
322	322	3	0
322	322	4	0
322	322	5	0
322	322	6	0
322	322	7	1
322	322	8	0
322	322	9	3
322	322	10	0
322	322	11	0
322	322	12	1
322	322	13	0
322	322	14	0
322	322	15	0
322	322	16	0
322	322	17	0
322	322	18	0
322	322	19	0
322	322	20	0
322	322	21	0
322	322	22	0
322	322	23	0
322	322	24	0
322	322	25	0
322	322	26	1
322	322	27	0
322	322	28	0
322	322	29	0
322	322	30	1
322	322	31	2
322	322	32	0
322	322	33	0
322	322	34	0
322	322	35	1
322	322	36	2
322	322	37	2
323	323	0	0
323	323	1	0
323	323	2	0
323	323	3	0
323	323	4	0
323	323	5	0
323	323	6	0
323	323	7	0
323	323	8	1
323	323	9	0
323	323	10	0
323	323	11	0
323	323	12	0
323	323	13	0
323	323	14	1
323	323	15	0
323	323	16	0
323	323	17	0
323	323	18	0
323	323	19	0
323	323	20	0
323	323	21	1
323	323	22	0
323	323	23	2
323	323	24	0
323	323	25	0
323	323	26	1
323	323	27	0
323	323	28	0
323	323	29	0
323	323	30	0
323	323	31	0
323	323	32	1
323	323	33	0
323	323	34	0
323	323	35	0
323	323	36	0
323	323	37	0
324	324	0	0
324	324	1	0
324	324	2	0
324	324	3	0
324	324	4	1
324	324	5	0
324	324	6	0
324	324	7	0
324	324	8	0
324	324	9	0
324	324	10	0
324	324	11	0
324	324	12	0
324	324	13	0
324	324	14	0
324	324	15	0
324	324	16	0
324	324	17	0
324	324	18	0
324	324	19	1
324	324	20	0
324	324	21	0
324	324	22	0
324	324	23	0
324	324	24	0
324	324	25	0
324	324	26	0
324	324	27	0
324	324	28	0
324	324	29	0
324	324	30	0
324	324	31	0
324	324	32	1
324	324	33	0
324	324	34	1
324	324	35	0
324	324	36	0
324	324	37	2
325	325	0	0
325	325	1	0
325	325	2	0
325	325	3	0
325	325	4	3
325	325	5	0
325	325	6	2
325	325	7	0
325	325	8	0
325	325	9	0
325	325	10	0
325	325	11	0
325	325	12	0
325	325	13	0
325	325	14	0
325	325	15	0
325	325	16	0
325	325	17	0
325	325	18	0
325	325	19	0
325	325	20	0
325	325	21	0
325	325	22	0
325	325	23	2
325	325	24	0
325	325	25	0
325	325	26	0
325	325	27	2
325	325	28	0
325	325	29	0
325	325	30	0
325	325	31	0
325	325	32	0
325	325	33	0
325	325	34	0
325	325	35	0
325	325	36	0
325	325	37	0
326	326	0	0
326	326	1	0
326	326	2	0
326	326	3	0
326	326	4	0
326	326	5	0
326	326	6	0
326	326	7	0
326	326	8	0
326	326	9	0
326	326	10	0
326	326	11	0
326	326	12	0
326	326	13	0
326	326	14	0
326	326	15	0
326	326	16	0
326	326	17	0
326	326	18	0
326	326	19	0
326	326	20	0
326	326	21	0
326	326	22	1
326	326	23	2
326	326	24	0
326	326	25	0
326	326	26	0
326	326	27	0
326	326	28	0
326	326	29	0
326	326	30	0
326	326	31	1
326	326	32	0
326	326	33	0
326	326	34	0
326	326	35	0
326	326	36	0
326	326	37	0
327	327	0	0
327	327	1	0
327	327	2	0
327	327	3	0
327	327	4	0
327	327	5	1
327	327	6	0
327	327	7	1
327	327	8	0
327	327	9	0
327	327	10	1
327	327	11	0
327	327	12	0
327	327	13	0
327	327	14	0
327	327	15	1
327	327	16	1
327	327	17	0
327	327	18	0
327	327	19	0
327	327	20	0
327	327	21	0
327	327	22	0
327	327	23	0
327	327	24	0
327	327	25	0
327	327	26	0
327	327	27	2
327	327	28	0
327	327	29	0
327	327	30	0
327	327	31	0
327	327	32	0
327	327	33	0
327	327	34	0
327	327	35	1
327	327	36	0
327	327	37	0
328	328	0	0
328	328	1	0
328	328	2	0
328	328	3	0
328	328	4	0
328	328	5	0
328	328	6	2
328	328	7	0
328	328	8	0
328	328	9	0
328	328	10	0
328	328	11	0
328	328	12	1
328	328	13	0
328	328	14	0
328	328	15	0
328	328	16	0
328	328	17	0
328	328	18	0
328	328	19	0
328	328	20	0
328	328	21	1
328	328	22	0
328	328	23	0
328	328	24	0
328	328	25	0
328	328	26	0
328	328	27	0
328	328	28	0
328	328	29	0
328	328	30	0
328	328	31	0
328	328	32	1
328	328	33	0
328	328	34	0
328	328	35	0
328	328	36	2
328	328	37	0
329	329	0	0
329	329	1	0
329	329	2	0
329	329	3	0
329	329	4	1
329	329	5	0
329	329	6	0
329	329	7	0
329	329	8	0
329	329	9	0
329	329	10	0
329	329	11	0
329	329	12	3
329	329	13	0
329	329	14	0
329	329	15	0
329	329	16	0
329	329	17	0
329	329	18	0
329	329	19	0
329	329	20	0
329	329	21	0
329	329	22	0
329	329	23	0
329	329	24	0
329	329	25	0
329	329	26	0
329	329	27	0
329	329	28	0
329	329	29	0
329	329	30	0
329	329	31	0
329	329	32	0
329	329	33	0
329	329	34	0
329	329	35	0
329	329	36	0
329	329	37	0
330	330	0	0
330	330	1	0
330	330	2	0
330	330	3	0
330	330	4	1
330	330	5	0
330	330	6	0
330	330	7	1
330	330	8	0
330	330	9	0
330	330	10	0
330	330	11	0
330	330	12	0
330	330	13	0
330	330	14	0
330	330	15	0
330	330	16	0
330	330	17	0
330	330	18	1
330	330	19	0
330	330	20	0
330	330	21	0
330	330	22	0
330	330	23	0
330	330	24	0
330	330	25	0
330	330	26	0
330	330	27	1
330	330	28	0
330	330	29	0
330	330	30	0
330	330	31	0
330	330	32	0
330	330	33	0
330	330	34	0
330	330	35	0
330	330	36	1
330	330	37	0
331	331	0	0
331	331	1	0
331	331	2	0
331	331	3	0
331	331	4	0
331	331	5	0
331	331	6	0
331	331	7	0
331	331	8	0
331	331	9	0
331	331	10	0
331	331	11	0
331	331	12	0
331	331	13	0
331	331	14	0
331	331	15	0
331	331	16	0
331	331	17	0
331	331	18	0
331	331	19	0
331	331	20	0
331	331	21	0
331	331	22	0
331	331	23	1
331	331	24	0
331	331	25	0
331	331	26	0
331	331	27	0
331	331	28	3
331	331	29	0
331	331	30	0
331	331	31	0
331	331	32	0
331	331	33	0
331	331	34	0
331	331	35	0
331	331	36	0
331	331	37	0
332	332	0	0
332	332	1	0
332	332	2	0
332	332	3	1
332	332	4	0
332	332	5	0
332	332	6	0
332	332	7	0
332	332	8	2
332	332	9	0
332	332	10	0
332	332	11	0
332	332	12	0
332	332	13	1
332	332	14	0
332	332	15	1
332	332	16	0
332	332	17	0
332	332	18	0
332	332	19	0
332	332	20	0
332	332	21	0
332	332	22	0
332	332	23	0
332	332	24	0
332	332	25	0
332	332	26	0
332	332	27	0
332	332	28	1
332	332	29	0
332	332	30	0
332	332	31	0
332	332	32	0
332	332	33	0
332	332	34	0
332	332	35	0
332	332	36	2
332	332	37	2
333	333	0	0
333	333	1	2
333	333	2	1
333	333	3	0
333	333	4	0
333	333	5	0
333	333	6	0
333	333	7	0
333	333	8	0
333	333	9	1
333	333	10	0
333	333	11	0
333	333	12	0
333	333	13	0
333	333	14	0
333	333	15	0
333	333	16	0
333	333	17	0
333	333	18	0
333	333	19	0
333	333	20	3
333	333	21	2
333	333	22	0
333	333	23	0
333	333	24	0
333	333	25	0
333	333	26	0
333	333	27	0
333	333	28	0
333	333	29	0
333	333	30	0
333	333	31	0
333	333	32	0
333	333	33	0
333	333	34	0
333	333	35	0
333	333	36	0
333	333	37	0
334	334	0	0
334	334	1	0
334	334	2	0
334	334	3	0
334	334	4	0
334	334	5	0
334	334	6	2
334	334	7	0
334	334	8	0
334	334	9	0
334	334	10	0
334	334	11	0
334	334	12	0
334	334	13	0
334	334	14	0
334	334	15	2
334	334	16	0
334	334	17	1
334	334	18	0
334	334	19	0
334	334	20	0
334	334	21	0
334	334	22	0
334	334	23	0
334	334	24	0
334	334	25	0
334	334	26	0
334	334	27	0
334	334	28	0
334	334	29	0
334	334	30	1
334	334	31	0
334	334	32	0
334	334	33	0
334	334	34	0
334	334	35	0
334	334	36	0
334	334	37	0
335	335	0	0
335	335	1	1
335	335	2	0
335	335	3	0
335	335	4	1
335	335	5	0
335	335	6	0
335	335	7	0
335	335	8	0
335	335	9	0
335	335	10	0
335	335	11	0
335	335	12	0
335	335	13	0
335	335	14	0
335	335	15	0
335	335	16	0
335	335	17	1
335	335	18	0
335	335	19	0
335	335	20	0
335	335	21	0
335	335	22	1
335	335	23	0
335	335	24	0
335	335	25	0
335	335	26	1
335	335	27	0
335	335	28	0
335	335	29	0
335	335	30	3
335	335	31	2
335	335	32	0
335	335	33	1
335	335	34	0
335	335	35	0
335	335	36	0
335	335	37	0
336	336	0	0
336	336	1	0
336	336	2	0
336	336	3	0
336	336	4	0
336	336	5	0
336	336	6	0
336	336	7	0
336	336	8	1
336	336	9	0
336	336	10	0
336	336	11	0
336	336	12	0
336	336	13	0
336	336	14	0
336	336	15	0
336	336	16	0
336	336	17	0
336	336	18	0
336	336	19	0
336	336	20	0
336	336	21	0
336	336	22	0
336	336	23	3
336	336	24	0
336	336	25	0
336	336	26	0
336	336	27	0
336	336	28	0
336	336	29	0
336	336	30	0
336	336	31	0
336	336	32	0
336	336	33	0
336	336	34	0
336	336	35	0
336	336	36	0
336	336	37	0
337	337	0	0
337	337	1	0
337	337	2	0
337	337	3	0
337	337	4	0
337	337	5	0
337	337	6	0
337	337	7	2
337	337	8	0
337	337	9	0
337	337	10	0
337	337	11	2
337	337	12	0
337	337	13	0
337	337	14	0
337	337	15	0
337	337	16	0
337	337	17	0
337	337	18	0
337	337	19	0
337	337	20	0
337	337	21	0
337	337	22	0
337	337	23	0
337	337	24	0
337	337	25	0
337	337	26	2
337	337	27	0
337	337	28	0
337	337	29	0
337	337	30	0
337	337	31	0
337	337	32	0
337	337	33	0
337	337	34	0
337	337	35	0
337	337	36	0
337	337	37	0
338	338	0	0
338	338	1	0
338	338	2	0
338	338	3	0
338	338	4	1
338	338	5	0
338	338	6	0
338	338	7	0
338	338	8	0
338	338	9	0
338	338	10	0
338	338	11	0
338	338	12	0
338	338	13	0
338	338	14	0
338	338	15	0
338	338	16	0
338	338	17	0
338	338	18	0
338	338	19	0
338	338	20	0
338	338	21	0
338	338	22	0
338	338	23	0
338	338	24	0
338	338	25	0
338	338	26	0
338	338	27	0
338	338	28	0
338	338	29	0
338	338	30	0
338	338	31	0
338	338	32	0
338	338	33	0
338	338	34	0
338	338	35	0
338	338	36	0
338	338	37	0
339	339	0	0
339	339	1	3
339	339	2	0
339	339	3	0
339	339	4	0
339	339	5	0
339	339	6	0
339	339	7	0
339	339	8	0
339	339	9	1
339	339	10	1
339	339	11	1
339	339	12	0
339	339	13	0
339	339	14	0
339	339	15	0
339	339	16	0
339	339	17	2
339	339	18	0
339	339	19	0
339	339	20	0
339	339	21	0
339	339	22	0
339	339	23	0
339	339	24	0
339	339	25	0
339	339	26	0
339	339	27	0
339	339	28	0
339	339	29	0
339	339	30	0
339	339	31	0
339	339	32	0
339	339	33	0
339	339	34	0
339	339	35	3
339	339	36	0
339	339	37	0
340	340	0	0
340	340	1	0
340	340	2	0
340	340	3	0
340	340	4	0
340	340	5	0
340	340	6	0
340	340	7	0
340	340	8	0
340	340	9	0
340	340	10	0
340	340	11	0
340	340	12	0
340	340	13	0
340	340	14	4
340	340	15	0
340	340	16	0
340	340	17	0
340	340	18	0
340	340	19	0
340	340	20	0
340	340	21	0
340	340	22	0
340	340	23	0
340	340	24	0
340	340	25	0
340	340	26	0
340	340	27	3
340	340	28	0
340	340	29	0
340	340	30	1
340	340	31	0
340	340	32	2
340	340	33	0
340	340	34	0
340	340	35	0
340	340	36	0
340	340	37	0
341	341	0	0
341	341	1	1
341	341	2	0
341	341	3	1
341	341	4	0
341	341	5	0
341	341	6	0
341	341	7	0
341	341	8	0
341	341	9	0
341	341	10	0
341	341	11	0
341	341	12	0
341	341	13	0
341	341	14	1
341	341	15	0
341	341	16	0
341	341	17	0
341	341	18	0
341	341	19	0
341	341	20	1
341	341	21	0
341	341	22	0
341	341	23	0
341	341	24	0
341	341	25	0
341	341	26	0
341	341	27	2
341	341	28	2
341	341	29	3
341	341	30	1
341	341	31	0
341	341	32	0
341	341	33	2
341	341	34	2
341	341	35	1
341	341	36	1
341	341	37	2
342	342	0	0
342	342	1	0
342	342	2	0
342	342	3	0
342	342	4	0
342	342	5	0
342	342	6	0
342	342	7	0
342	342	8	0
342	342	9	0
342	342	10	2
342	342	11	0
342	342	12	0
342	342	13	0
342	342	14	0
342	342	15	0
342	342	16	0
342	342	17	0
342	342	18	0
342	342	19	1
342	342	20	0
342	342	21	0
342	342	22	0
342	342	23	0
342	342	24	1
342	342	25	0
342	342	26	0
342	342	27	2
342	342	28	0
342	342	29	0
342	342	30	0
342	342	31	0
342	342	32	1
342	342	33	0
342	342	34	0
342	342	35	0
342	342	36	0
342	342	37	0
343	343	0	0
343	343	1	1
343	343	2	0
343	343	3	0
343	343	4	0
343	343	5	0
343	343	6	0
343	343	7	0
343	343	8	0
343	343	9	0
343	343	10	0
343	343	11	0
343	343	12	1
343	343	13	0
343	343	14	0
343	343	15	0
343	343	16	0
343	343	17	0
343	343	18	0
343	343	19	0
343	343	20	0
343	343	21	0
343	343	22	0
343	343	23	0
343	343	24	0
343	343	25	0
343	343	26	0
343	343	27	0
343	343	28	0
343	343	29	0
343	343	30	0
343	343	31	0
343	343	32	0
343	343	33	1
343	343	34	0
343	343	35	0
343	343	36	0
343	343	37	0
344	344	0	0
344	344	1	0
344	344	2	0
344	344	3	0
344	344	4	0
344	344	5	0
344	344	6	0
344	344	7	0
344	344	8	0
344	344	9	0
344	344	10	0
344	344	11	0
344	344	12	0
344	344	13	0
344	344	14	0
344	344	15	0
344	344	16	0
344	344	17	0
344	344	18	0
344	344	19	0
344	344	20	0
344	344	21	0
344	344	22	0
344	344	23	0
344	344	24	0
344	344	25	0
344	344	26	0
344	344	27	0
344	344	28	0
344	344	29	1
344	344	30	2
344	344	31	0
344	344	32	0
344	344	33	0
344	344	34	0
344	344	35	0
344	344	36	0
344	344	37	0
345	345	0	0
345	345	1	0
345	345	2	0
345	345	3	0
345	345	4	0
345	345	5	0
345	345	6	0
345	345	7	1
345	345	8	0
345	345	9	0
345	345	10	0
345	345	11	0
345	345	12	0
345	345	13	0
345	345	14	0
345	345	15	0
345	345	16	0
345	345	17	0
345	345	18	0
345	345	19	0
345	345	20	0
345	345	21	2
345	345	22	2
345	345	23	0
345	345	24	0
345	345	25	0
345	345	26	0
345	345	27	1
345	345	28	0
345	345	29	0
345	345	30	0
345	345	31	0
345	345	32	1
345	345	33	0
345	345	34	0
345	345	35	1
345	345	36	0
345	345	37	0
346	346	0	0
346	346	1	0
346	346	2	0
346	346	3	0
346	346	4	0
346	346	5	0
346	346	6	0
346	346	7	0
346	346	8	2
346	346	9	0
346	346	10	0
346	346	11	0
346	346	12	0
346	346	13	0
346	346	14	2
346	346	15	0
346	346	16	1
346	346	17	0
346	346	18	0
346	346	19	0
346	346	20	0
346	346	21	2
346	346	22	1
346	346	23	0
346	346	24	0
346	346	25	0
346	346	26	0
346	346	27	1
346	346	28	0
346	346	29	0
346	346	30	0
346	346	31	0
346	346	32	0
346	346	33	2
346	346	34	0
346	346	35	0
346	346	36	0
346	346	37	0
347	347	0	0
347	347	1	2
347	347	2	0
347	347	3	0
347	347	4	0
347	347	5	0
347	347	6	0
347	347	7	0
347	347	8	0
347	347	9	0
347	347	10	0
347	347	11	0
347	347	12	0
347	347	13	0
347	347	14	0
347	347	15	0
347	347	16	0
347	347	17	0
347	347	18	0
347	347	19	0
347	347	20	0
347	347	21	1
347	347	22	0
347	347	23	0
347	347	24	0
347	347	25	0
347	347	26	0
347	347	27	0
347	347	28	0
347	347	29	0
347	347	30	0
347	347	31	0
347	347	32	0
347	347	33	0
347	347	34	0
347	347	35	0
347	347	36	0
347	347	37	0
348	348	0	0
348	348	1	0
348	348	2	0
348	348	3	0
348	348	4	0
348	348	5	0
348	348	6	0
348	348	7	0
348	348	8	0
348	348	9	0
348	348	10	0
348	348	11	0
348	348	12	0
348	348	13	1
348	348	14	2
348	348	15	0
348	348	16	0
348	348	17	0
348	348	18	0
348	348	19	0
348	348	20	0
348	348	21	0
348	348	22	0
348	348	23	0
348	348	24	0
348	348	25	0
348	348	26	0
348	348	27	0
348	348	28	0
348	348	29	0
348	348	30	0
348	348	31	0
348	348	32	0
348	348	33	0
348	348	34	0
348	348	35	0
348	348	36	0
348	348	37	0
349	349	0	0
349	349	1	0
349	349	2	0
349	349	3	0
349	349	4	0
349	349	5	0
349	349	6	0
349	349	7	0
349	349	8	0
349	349	9	0
349	349	10	1
349	349	11	0
349	349	12	0
349	349	13	0
349	349	14	0
349	349	15	0
349	349	16	0
349	349	17	0
349	349	18	0
349	349	19	1
349	349	20	0
349	349	21	0
349	349	22	0
349	349	23	0
349	349	24	0
349	349	25	0
349	349	26	0
349	349	27	0
349	349	28	0
349	349	29	0
349	349	30	0
349	349	31	0
349	349	32	0
349	349	33	0
349	349	34	0
349	349	35	0
349	349	36	0
349	349	37	0
350	350	0	0
350	350	1	0
350	350	2	0
350	350	3	0
350	350	4	0
350	350	5	0
350	350	6	1
350	350	7	1
350	350	8	0
350	350	9	0
350	350	10	0
350	350	11	0
350	350	12	0
350	350	13	0
350	350	14	1
350	350	15	0
350	350	16	0
350	350	17	0
350	350	18	0
350	350	19	1
350	350	20	0
350	350	21	0
350	350	22	0
350	350	23	0
350	350	24	0
350	350	25	0
350	350	26	0
350	350	27	0
350	350	28	1
350	350	29	0
350	350	30	0
350	350	31	0
350	350	32	0
350	350	33	0
350	350	34	0
350	350	35	0
350	350	36	0
350	350	37	0
351	351	0	0
351	351	1	0
351	351	2	1
351	351	3	0
351	351	4	1
351	351	5	0
351	351	6	0
351	351	7	0
351	351	8	0
351	351	9	0
351	351	10	0
351	351	11	0
351	351	12	0
351	351	13	0
351	351	14	0
351	351	15	0
351	351	16	0
351	351	17	0
351	351	18	0
351	351	19	0
351	351	20	0
351	351	21	0
351	351	22	1
351	351	23	0
351	351	24	0
351	351	25	0
351	351	26	0
351	351	27	0
351	351	28	4
351	351	29	0
351	351	30	0
351	351	31	0
351	351	32	1
351	351	33	0
351	351	34	0
351	351	35	0
351	351	36	0
351	351	37	0
352	352	0	0
352	352	1	0
352	352	2	0
352	352	3	0
352	352	4	0
352	352	5	0
352	352	6	0
352	352	7	0
352	352	8	0
352	352	9	0
352	352	10	0
352	352	11	0
352	352	12	0
352	352	13	1
352	352	14	0
352	352	15	1
352	352	16	0
352	352	17	0
352	352	18	0
352	352	19	0
352	352	20	0
352	352	21	0
352	352	22	0
352	352	23	0
352	352	24	0
352	352	25	0
352	352	26	0
352	352	27	0
352	352	28	1
352	352	29	0
352	352	30	0
352	352	31	0
352	352	32	0
352	352	33	0
352	352	34	0
352	352	35	0
352	352	36	0
352	352	37	0
353	353	0	0
353	353	1	0
353	353	2	0
353	353	3	0
353	353	4	0
353	353	5	0
353	353	6	0
353	353	7	0
353	353	8	0
353	353	9	0
353	353	10	0
353	353	11	0
353	353	12	0
353	353	13	0
353	353	14	0
353	353	15	0
353	353	16	1
353	353	17	0
353	353	18	0
353	353	19	0
353	353	20	1
353	353	21	0
353	353	22	0
353	353	23	0
353	353	24	0
353	353	25	1
353	353	26	0
353	353	27	0
353	353	28	0
353	353	29	0
353	353	30	0
353	353	31	2
353	353	32	0
353	353	33	0
353	353	34	2
353	353	35	0
353	353	36	0
353	353	37	0
354	354	0	0
354	354	1	0
354	354	2	0
354	354	3	0
354	354	4	0
354	354	5	0
354	354	6	0
354	354	7	0
354	354	8	0
354	354	9	0
354	354	10	0
354	354	11	0
354	354	12	0
354	354	13	0
354	354	14	0
354	354	15	0
354	354	16	0
354	354	17	0
354	354	18	1
354	354	19	2
354	354	20	0
354	354	21	0
354	354	22	0
354	354	23	0
354	354	24	0
354	354	25	0
354	354	26	3
354	354	27	0
354	354	28	0
354	354	29	0
354	354	30	0
354	354	31	0
354	354	32	4
354	354	33	0
354	354	34	0
354	354	35	0
354	354	36	0
354	354	37	0
355	355	0	0
355	355	1	0
355	355	2	3
355	355	3	2
355	355	4	3
355	355	5	0
355	355	6	0
355	355	7	1
355	355	8	1
355	355	9	2
355	355	10	0
355	355	11	0
355	355	12	0
355	355	13	0
355	355	14	1
355	355	15	0
355	355	16	0
355	355	17	0
355	355	18	0
355	355	19	0
355	355	20	0
355	355	21	2
355	355	22	1
355	355	23	0
355	355	24	0
355	355	25	0
355	355	26	0
355	355	27	1
355	355	28	0
355	355	29	0
355	355	30	0
355	355	31	0
355	355	32	1
355	355	33	1
355	355	34	0
355	355	35	0
355	355	36	0
355	355	37	0
356	356	0	0
356	356	1	0
356	356	2	0
356	356	3	2
356	356	4	0
356	356	5	0
356	356	6	0
356	356	7	0
356	356	8	0
356	356	9	0
356	356	10	0
356	356	11	0
356	356	12	0
356	356	13	0
356	356	14	0
356	356	15	0
356	356	16	0
356	356	17	0
356	356	18	0
356	356	19	0
356	356	20	0
356	356	21	0
356	356	22	0
356	356	23	0
356	356	24	0
356	356	25	0
356	356	26	0
356	356	27	0
356	356	28	0
356	356	29	0
356	356	30	0
356	356	31	0
356	356	32	0
356	356	33	0
356	356	34	0
356	356	35	0
356	356	36	0
356	356	37	0
357	357	0	0
357	357	1	0
357	357	2	0
357	357	3	2
357	357	4	0
357	357	5	0
357	357	6	0
357	357	7	0
357	357	8	0
357	357	9	0
357	357	10	0
357	357	11	0
357	357	12	0
357	357	13	0
357	357	14	0
357	357	15	0
357	357	16	2
357	357	17	0
357	357	18	0
357	357	19	0
357	357	20	0
357	357	21	0
357	357	22	0
357	357	23	0
357	357	24	0
357	357	25	0
357	357	26	0
357	357	27	0
357	357	28	0
357	357	29	1
357	357	30	0
357	357	31	0
357	357	32	0
357	357	33	0
357	357	34	3
357	357	35	0
357	357	36	1
357	357	37	0
358	358	0	0
358	358	1	0
358	358	2	0
358	358	3	0
358	358	4	0
358	358	5	1
358	358	6	0
358	358	7	0
358	358	8	0
358	358	9	0
358	358	10	0
358	358	11	0
358	358	12	0
358	358	13	0
358	358	14	2
358	358	15	0
358	358	16	0
358	358	17	0
358	358	18	0
358	358	19	1
358	358	20	0
358	358	21	1
358	358	22	2
358	358	23	3
358	358	24	0
358	358	25	0
358	358	26	3
358	358	27	2
358	358	28	0
358	358	29	0
358	358	30	1
358	358	31	0
358	358	32	4
358	358	33	0
358	358	34	1
358	358	35	0
358	358	36	0
358	358	37	2
359	359	0	0
359	359	1	0
359	359	2	0
359	359	3	4
359	359	4	0
359	359	5	1
359	359	6	0
359	359	7	0
359	359	8	0
359	359	9	0
359	359	10	0
359	359	11	0
359	359	12	0
359	359	13	0
359	359	14	0
359	359	15	0
359	359	16	0
359	359	17	0
359	359	18	0
359	359	19	0
359	359	20	1
359	359	21	0
359	359	22	0
359	359	23	0
359	359	24	1
359	359	25	0
359	359	26	0
359	359	27	0
359	359	28	3
359	359	29	0
359	359	30	0
359	359	31	0
359	359	32	0
359	359	33	0
359	359	34	3
359	359	35	0
359	359	36	0
359	359	37	1
360	360	0	0
360	360	1	0
360	360	2	0
360	360	3	2
360	360	4	0
360	360	5	0
360	360	6	0
360	360	7	0
360	360	8	0
360	360	9	3
360	360	10	0
360	360	11	1
360	360	12	0
360	360	13	0
360	360	14	0
360	360	15	0
360	360	16	0
360	360	17	0
360	360	18	1
360	360	19	0
360	360	20	1
360	360	21	0
360	360	22	0
360	360	23	0
360	360	24	1
360	360	25	0
360	360	26	0
360	360	27	0
360	360	28	0
360	360	29	0
360	360	30	0
360	360	31	0
360	360	32	0
360	360	33	0
360	360	34	0
360	360	35	1
360	360	36	0
360	360	37	0
361	361	0	0
361	361	1	0
361	361	2	1
361	361	3	0
361	361	4	0
361	361	5	0
361	361	6	0
361	361	7	0
361	361	8	0
361	361	9	0
361	361	10	0
361	361	11	0
361	361	12	0
361	361	13	0
361	361	14	0
361	361	15	0
361	361	16	0
361	361	17	0
361	361	18	0
361	361	19	0
361	361	20	0
361	361	21	0
361	361	22	0
361	361	23	0
361	361	24	0
361	361	25	0
361	361	26	0
361	361	27	0
361	361	28	0
361	361	29	0
361	361	30	0
361	361	31	0
361	361	32	3
361	361	33	0
361	361	34	0
361	361	35	0
361	361	36	0
361	361	37	0
362	362	0	0
362	362	1	0
362	362	2	0
362	362	3	0
362	362	4	0
362	362	5	0
362	362	6	0
362	362	7	1
362	362	8	0
362	362	9	0
362	362	10	0
362	362	11	0
362	362	12	0
362	362	13	0
362	362	14	4
362	362	15	0
362	362	16	0
362	362	17	0
362	362	18	0
362	362	19	0
362	362	20	0
362	362	21	0
362	362	22	1
362	362	23	0
362	362	24	0
362	362	25	1
362	362	26	0
362	362	27	0
362	362	28	1
362	362	29	0
362	362	30	0
362	362	31	0
362	362	32	1
362	362	33	0
362	362	34	0
362	362	35	0
362	362	36	0
362	362	37	0
363	363	0	0
363	363	1	1
363	363	2	2
363	363	3	0
363	363	4	0
363	363	5	1
363	363	6	0
363	363	7	0
363	363	8	2
363	363	9	0
363	363	10	0
363	363	11	0
363	363	12	0
363	363	13	0
363	363	14	0
363	363	15	0
363	363	16	0
363	363	17	2
363	363	18	0
363	363	19	0
363	363	20	3
363	363	21	0
363	363	22	0
363	363	23	0
363	363	24	0
363	363	25	1
363	363	26	0
363	363	27	0
363	363	28	0
363	363	29	7
363	363	30	2
363	363	31	0
363	363	32	0
363	363	33	0
363	363	34	0
363	363	35	2
363	363	36	2
363	363	37	0
364	364	0	0
364	364	1	0
364	364	2	1
364	364	3	0
364	364	4	0
364	364	5	0
364	364	6	0
364	364	7	0
364	364	8	0
364	364	9	0
364	364	10	0
364	364	11	0
364	364	12	0
364	364	13	0
364	364	14	3
364	364	15	2
364	364	16	0
364	364	17	0
364	364	18	0
364	364	19	0
364	364	20	0
364	364	21	0
364	364	22	3
364	364	23	1
364	364	24	3
364	364	25	0
364	364	26	0
364	364	27	0
364	364	28	1
364	364	29	3
364	364	30	1
364	364	31	0
364	364	32	3
364	364	33	1
364	364	34	0
364	364	35	0
364	364	36	1
364	364	37	0
365	365	0	0
365	365	1	0
365	365	2	0
365	365	3	0
365	365	4	0
365	365	5	0
365	365	6	0
365	365	7	0
365	365	8	0
365	365	9	0
365	365	10	0
365	365	11	0
365	365	12	0
365	365	13	0
365	365	14	0
365	365	15	0
365	365	16	2
365	365	17	1
365	365	18	0
365	365	19	0
365	365	20	0
365	365	21	0
365	365	22	0
365	365	23	0
365	365	24	0
365	365	25	0
365	365	26	0
365	365	27	0
365	365	28	0
365	365	29	0
365	365	30	0
365	365	31	0
365	365	32	3
365	365	33	0
365	365	34	0
365	365	35	2
365	365	36	0
365	365	37	0
366	366	0	0
366	366	1	1
366	366	2	0
366	366	3	0
366	366	4	0
366	366	5	2
366	366	6	0
366	366	7	0
366	366	8	0
366	366	9	1
366	366	10	0
366	366	11	0
366	366	12	0
366	366	13	0
366	366	14	0
366	366	15	0
366	366	16	0
366	366	17	0
366	366	18	0
366	366	19	0
366	366	20	0
366	366	21	0
366	366	22	0
366	366	23	0
366	366	24	0
366	366	25	2
366	366	26	0
366	366	27	0
366	366	28	1
366	366	29	1
366	366	30	1
366	366	31	0
366	366	32	0
366	366	33	1
366	366	34	0
366	366	35	0
366	366	36	0
366	366	37	0
367	367	0	0
367	367	1	0
367	367	2	4
367	367	3	0
367	367	4	0
367	367	5	0
367	367	6	4
367	367	7	0
367	367	8	3
367	367	9	0
367	367	10	0
367	367	11	0
367	367	12	0
367	367	13	0
367	367	14	0
367	367	15	0
367	367	16	1
367	367	17	0
367	367	18	0
367	367	19	0
367	367	20	0
367	367	21	0
367	367	22	0
367	367	23	0
367	367	24	0
367	367	25	0
367	367	26	0
367	367	27	0
367	367	28	0
367	367	29	0
367	367	30	0
367	367	31	0
367	367	32	0
367	367	33	0
367	367	34	0
367	367	35	0
367	367	36	0
367	367	37	0
368	368	0	0
368	368	1	1
368	368	2	0
368	368	3	0
368	368	4	2
368	368	5	0
368	368	6	0
368	368	7	0
368	368	8	1
368	368	9	0
368	368	10	0
368	368	11	0
368	368	12	0
368	368	13	0
368	368	14	2
368	368	15	0
368	368	16	0
368	368	17	0
368	368	18	0
368	368	19	0
368	368	20	0
368	368	21	0
368	368	22	0
368	368	23	0
368	368	24	0
368	368	25	0
368	368	26	1
368	368	27	0
368	368	28	0
368	368	29	0
368	368	30	0
368	368	31	0
368	368	32	0
368	368	33	0
368	368	34	1
368	368	35	0
368	368	36	0
368	368	37	2
369	369	0	0
369	369	1	0
369	369	2	0
369	369	3	0
369	369	4	0
369	369	5	2
369	369	6	0
369	369	7	0
369	369	8	0
369	369	9	0
369	369	10	0
369	369	11	0
369	369	12	0
369	369	13	0
369	369	14	0
369	369	15	0
369	369	16	0
369	369	17	0
369	369	18	0
369	369	19	0
369	369	20	1
369	369	21	0
369	369	22	0
369	369	23	0
369	369	24	0
369	369	25	0
369	369	26	0
369	369	27	0
369	369	28	0
369	369	29	0
369	369	30	0
369	369	31	0
369	369	32	0
369	369	33	0
369	369	34	0
369	369	35	0
369	369	36	0
369	369	37	0
370	370	0	0
370	370	1	0
370	370	2	0
370	370	3	0
370	370	4	0
370	370	5	0
370	370	6	0
370	370	7	0
370	370	8	0
370	370	9	0
370	370	10	0
370	370	11	0
370	370	12	0
370	370	13	0
370	370	14	0
370	370	15	1
370	370	16	0
370	370	17	0
370	370	18	0
370	370	19	0
370	370	20	0
370	370	21	0
370	370	22	0
370	370	23	0
370	370	24	0
370	370	25	0
370	370	26	0
370	370	27	0
370	370	28	0
370	370	29	0
370	370	30	0
370	370	31	0
370	370	32	0
370	370	33	0
370	370	34	0
370	370	35	0
370	370	36	0
370	370	37	0
371	371	0	0
371	371	1	0
371	371	2	0
371	371	3	0
371	371	4	0
371	371	5	0
371	371	6	0
371	371	7	0
371	371	8	0
371	371	9	0
371	371	10	0
371	371	11	0
371	371	12	0
371	371	13	0
371	371	14	0
371	371	15	1
371	371	16	0
371	371	17	0
371	371	18	0
371	371	19	0
371	371	20	0
371	371	21	0
371	371	22	0
371	371	23	0
371	371	24	0
371	371	25	0
371	371	26	0
371	371	27	0
371	371	28	0
371	371	29	0
371	371	30	1
371	371	31	0
371	371	32	0
371	371	33	0
371	371	34	0
371	371	35	0
371	371	36	0
371	371	37	0
372	372	0	0
372	372	1	0
372	372	2	0
372	372	3	3
372	372	4	1
372	372	5	0
372	372	6	0
372	372	7	0
372	372	8	0
372	372	9	0
372	372	10	0
372	372	11	2
372	372	12	0
372	372	13	0
372	372	14	1
372	372	15	0
372	372	16	0
372	372	17	0
372	372	18	0
372	372	19	0
372	372	20	0
372	372	21	0
372	372	22	1
372	372	23	0
372	372	24	0
372	372	25	0
372	372	26	0
372	372	27	0
372	372	28	0
372	372	29	0
372	372	30	0
372	372	31	0
372	372	32	0
372	372	33	0
372	372	34	0
372	372	35	0
372	372	36	0
372	372	37	0
373	373	0	0
373	373	1	0
373	373	2	0
373	373	3	0
373	373	4	0
373	373	5	0
373	373	6	1
373	373	7	0
373	373	8	0
373	373	9	0
373	373	10	0
373	373	11	0
373	373	12	0
373	373	13	0
373	373	14	0
373	373	15	0
373	373	16	0
373	373	17	0
373	373	18	3
373	373	19	0
373	373	20	0
373	373	21	0
373	373	22	0
373	373	23	0
373	373	24	0
373	373	25	0
373	373	26	0
373	373	27	2
373	373	28	0
373	373	29	0
373	373	30	0
373	373	31	0
373	373	32	1
373	373	33	0
373	373	34	0
373	373	35	0
373	373	36	1
373	373	37	0
374	374	0	0
374	374	1	0
374	374	2	0
374	374	3	0
374	374	4	0
374	374	5	0
374	374	6	0
374	374	7	0
374	374	8	0
374	374	9	0
374	374	10	1
374	374	11	0
374	374	12	0
374	374	13	0
374	374	14	0
374	374	15	0
374	374	16	0
374	374	17	0
374	374	18	0
374	374	19	0
374	374	20	0
374	374	21	0
374	374	22	0
374	374	23	0
374	374	24	0
374	374	25	0
374	374	26	0
374	374	27	0
374	374	28	0
374	374	29	0
374	374	30	0
374	374	31	0
374	374	32	0
374	374	33	0
374	374	34	0
374	374	35	0
374	374	36	0
374	374	37	0
375	375	0	0
375	375	1	0
375	375	2	0
375	375	3	1
375	375	4	0
375	375	5	0
375	375	6	0
375	375	7	0
375	375	8	0
375	375	9	0
375	375	10	0
375	375	11	0
375	375	12	0
375	375	13	0
375	375	14	0
375	375	15	0
375	375	16	0
375	375	17	0
375	375	18	1
375	375	19	0
375	375	20	0
375	375	21	0
375	375	22	0
375	375	23	0
375	375	24	0
375	375	25	0
375	375	26	0
375	375	27	1
375	375	28	0
375	375	29	0
375	375	30	0
375	375	31	0
375	375	32	0
375	375	33	0
375	375	34	0
375	375	35	0
375	375	36	0
375	375	37	0
376	376	0	0
376	376	1	0
376	376	2	0
376	376	3	3
376	376	4	0
376	376	5	2
376	376	6	0
376	376	7	0
376	376	8	0
376	376	9	0
376	376	10	0
376	376	11	0
376	376	12	0
376	376	13	0
376	376	14	0
376	376	15	0
376	376	16	0
376	376	17	0
376	376	18	0
376	376	19	0
376	376	20	2
376	376	21	0
376	376	22	0
376	376	23	1
376	376	24	0
376	376	25	0
376	376	26	0
376	376	27	1
376	376	28	0
376	376	29	1
376	376	30	0
376	376	31	0
376	376	32	0
376	376	33	0
376	376	34	0
376	376	35	0
376	376	36	0
376	376	37	0
377	377	0	0
377	377	1	0
377	377	2	4
377	377	3	0
377	377	4	1
377	377	5	0
377	377	6	0
377	377	7	0
377	377	8	0
377	377	9	0
377	377	10	0
377	377	11	2
377	377	12	0
377	377	13	0
377	377	14	0
377	377	15	0
377	377	16	0
377	377	17	0
377	377	18	0
377	377	19	0
377	377	20	1
377	377	21	3
377	377	22	0
377	377	23	0
377	377	24	0
377	377	25	0
377	377	26	2
377	377	27	0
377	377	28	0
377	377	29	0
377	377	30	0
377	377	31	0
377	377	32	4
377	377	33	0
377	377	34	2
377	377	35	2
377	377	36	6
377	377	37	0
378	378	0	0
378	378	1	0
378	378	2	1
378	378	3	1
378	378	4	3
378	378	5	0
378	378	6	2
378	378	7	1
378	378	8	0
378	378	9	0
378	378	10	0
378	378	11	2
378	378	12	0
378	378	13	0
378	378	14	0
378	378	15	0
378	378	16	0
378	378	17	0
378	378	18	6
378	378	19	0
378	378	20	0
378	378	21	0
378	378	22	0
378	378	23	1
378	378	24	0
378	378	25	1
378	378	26	0
378	378	27	0
378	378	28	0
378	378	29	1
378	378	30	0
378	378	31	0
378	378	32	0
378	378	33	0
378	378	34	1
378	378	35	1
378	378	36	1
378	378	37	0
379	379	0	0
379	379	1	0
379	379	2	0
379	379	3	0
379	379	4	0
379	379	5	0
379	379	6	0
379	379	7	0
379	379	8	3
379	379	9	0
379	379	10	0
379	379	11	0
379	379	12	0
379	379	13	0
379	379	14	1
379	379	15	0
379	379	16	2
379	379	17	0
379	379	18	0
379	379	19	0
379	379	20	0
379	379	21	0
379	379	22	0
379	379	23	0
379	379	24	0
379	379	25	0
379	379	26	0
379	379	27	0
379	379	28	0
379	379	29	0
379	379	30	0
379	379	31	0
379	379	32	0
379	379	33	0
379	379	34	0
379	379	35	0
379	379	36	0
379	379	37	0
380	380	0	0
380	380	1	0
380	380	2	0
380	380	3	0
380	380	4	0
380	380	5	1
380	380	6	0
380	380	7	0
380	380	8	0
380	380	9	1
380	380	10	0
380	380	11	0
380	380	12	0
380	380	13	0
380	380	14	0
380	380	15	0
380	380	16	0
380	380	17	0
380	380	18	0
380	380	19	0
380	380	20	0
380	380	21	0
380	380	22	0
380	380	23	0
380	380	24	0
380	380	25	0
380	380	26	0
380	380	27	2
380	380	28	0
380	380	29	0
380	380	30	0
380	380	31	0
380	380	32	0
380	380	33	0
380	380	34	0
380	380	35	0
380	380	36	0
380	380	37	0
381	381	0	0
381	381	1	0
381	381	2	0
381	381	3	0
381	381	4	0
381	381	5	0
381	381	6	1
381	381	7	0
381	381	8	0
381	381	9	0
381	381	10	0
381	381	11	0
381	381	12	1
381	381	13	1
381	381	14	0
381	381	15	0
381	381	16	1
381	381	17	0
381	381	18	1
381	381	19	0
381	381	20	2
381	381	21	1
381	381	22	0
381	381	23	0
381	381	24	0
381	381	25	1
381	381	26	7
381	381	27	0
381	381	28	0
381	381	29	0
381	381	30	0
381	381	31	0
381	381	32	0
381	381	33	0
381	381	34	4
381	381	35	3
381	381	36	0
381	381	37	0
382	382	0	0
382	382	1	0
382	382	2	0
382	382	3	0
382	382	4	3
382	382	5	0
382	382	6	0
382	382	7	0
382	382	8	1
382	382	9	0
382	382	10	0
382	382	11	2
382	382	12	1
382	382	13	1
382	382	14	0
382	382	15	0
382	382	16	0
382	382	17	0
382	382	18	1
382	382	19	0
382	382	20	0
382	382	21	0
382	382	22	3
382	382	23	0
382	382	24	0
382	382	25	4
382	382	26	0
382	382	27	0
382	382	28	4
382	382	29	0
382	382	30	0
382	382	31	0
382	382	32	2
382	382	33	0
382	382	34	1
382	382	35	3
382	382	36	0
382	382	37	2
383	383	0	0
383	383	1	2
383	383	2	0
383	383	3	0
383	383	4	0
383	383	5	1
383	383	6	0
383	383	7	0
383	383	8	0
383	383	9	0
383	383	10	1
383	383	11	0
383	383	12	4
383	383	13	0
383	383	14	0
383	383	15	0
383	383	16	0
383	383	17	0
383	383	18	0
383	383	19	0
383	383	20	0
383	383	21	0
383	383	22	0
383	383	23	4
383	383	24	1
383	383	25	1
383	383	26	1
383	383	27	4
383	383	28	0
383	383	29	0
383	383	30	1
383	383	31	1
383	383	32	2
383	383	33	3
383	383	34	1
383	383	35	0
383	383	36	1
383	383	37	1
384	384	0	0
384	384	1	0
384	384	2	0
384	384	3	0
384	384	4	0
384	384	5	0
384	384	6	0
384	384	7	0
384	384	8	0
384	384	9	0
384	384	10	0
384	384	11	0
384	384	12	0
384	384	13	0
384	384	14	2
384	384	15	1
384	384	16	0
384	384	17	0
384	384	18	0
384	384	19	0
384	384	20	1
384	384	21	1
384	384	22	2
384	384	23	0
384	384	24	0
384	384	25	1
384	384	26	0
384	384	27	2
384	384	28	0
384	384	29	0
384	384	30	0
384	384	31	0
384	384	32	0
384	384	33	0
384	384	34	5
384	384	35	4
384	384	36	0
384	384	37	4
385	385	0	0
385	385	1	0
385	385	2	1
385	385	3	1
385	385	4	0
385	385	5	0
385	385	6	4
385	385	7	0
385	385	8	2
385	385	9	0
385	385	10	0
385	385	11	0
385	385	12	0
385	385	13	0
385	385	14	0
385	385	15	0
385	385	16	0
385	385	17	0
385	385	18	0
385	385	19	0
385	385	20	0
385	385	21	0
385	385	22	0
385	385	23	0
385	385	24	1
385	385	25	3
385	385	26	0
385	385	27	0
385	385	28	0
385	385	29	0
385	385	30	0
385	385	31	0
385	385	32	0
385	385	33	0
385	385	34	0
385	385	35	0
385	385	36	0
385	385	37	0
386	386	0	0
386	386	1	0
386	386	2	1
386	386	3	0
386	386	4	0
386	386	5	0
386	386	6	0
386	386	7	0
386	386	8	3
386	386	9	0
386	386	10	0
386	386	11	1
386	386	12	0
386	386	13	0
386	386	14	0
386	386	15	0
386	386	16	0
386	386	17	0
386	386	18	0
386	386	19	1
386	386	20	1
386	386	21	0
386	386	22	0
386	386	23	0
386	386	24	5
386	386	25	8
386	386	26	3
386	386	27	0
386	386	28	2
386	386	29	0
386	386	30	2
386	386	31	1
386	386	32	0
386	386	33	3
386	386	34	0
386	386	35	3
386	386	36	2
386	386	37	2
387	387	0	0
387	387	1	0
387	387	2	0
387	387	3	0
387	387	4	0
387	387	5	0
387	387	6	0
387	387	7	0
387	387	8	0
387	387	9	0
387	387	10	0
387	387	11	2
387	387	12	2
387	387	13	0
387	387	14	0
387	387	15	0
387	387	16	0
387	387	17	0
387	387	18	0
387	387	19	0
387	387	20	0
387	387	21	0
387	387	22	0
387	387	23	1
387	387	24	0
387	387	25	0
387	387	26	1
387	387	27	1
387	387	28	0
387	387	29	0
387	387	30	0
387	387	31	0
387	387	32	0
387	387	33	0
387	387	34	0
387	387	35	0
387	387	36	1
387	387	37	1
388	388	0	0
388	388	1	2
388	388	2	0
388	388	3	0
388	388	4	0
388	388	5	0
388	388	6	0
388	388	7	0
388	388	8	0
388	388	9	1
388	388	10	0
388	388	11	0
388	388	12	0
388	388	13	0
388	388	14	0
388	388	15	0
388	388	16	0
388	388	17	0
388	388	18	0
388	388	19	0
388	388	20	2
388	388	21	0
388	388	22	0
388	388	23	1
388	388	24	0
388	388	25	0
388	388	26	0
388	388	27	0
388	388	28	1
388	388	29	3
388	388	30	1
388	388	31	0
388	388	32	0
388	388	33	0
388	388	34	0
388	388	35	1
388	388	36	5
388	388	37	0
389	389	0	0
389	389	1	0
389	389	2	3
389	389	3	0
389	389	4	0
389	389	5	0
389	389	6	0
389	389	7	0
389	389	8	0
389	389	9	0
389	389	10	0
389	389	11	0
389	389	12	0
389	389	13	0
389	389	14	0
389	389	15	1
389	389	16	0
389	389	17	0
389	389	18	0
389	389	19	0
389	389	20	0
389	389	21	1
389	389	22	0
389	389	23	0
389	389	24	0
389	389	25	0
389	389	26	0
389	389	27	0
389	389	28	0
389	389	29	0
389	389	30	0
389	389	31	3
389	389	32	0
389	389	33	3
389	389	34	0
389	389	35	0
389	389	36	0
389	389	37	1
390	390	0	0
390	390	1	0
390	390	2	0
390	390	3	0
390	390	4	1
390	390	5	0
390	390	6	0
390	390	7	0
390	390	8	0
390	390	9	0
390	390	10	0
390	390	11	0
390	390	12	0
390	390	13	0
390	390	14	0
390	390	15	0
390	390	16	0
390	390	17	0
390	390	18	0
390	390	19	0
390	390	20	0
390	390	21	0
390	390	22	0
390	390	23	0
390	390	24	0
390	390	25	2
390	390	26	0
390	390	27	0
390	390	28	2
390	390	29	0
390	390	30	2
390	390	31	1
390	390	32	0
390	390	33	5
390	390	34	1
390	390	35	2
390	390	36	0
390	390	37	0
391	391	0	0
391	391	1	0
391	391	2	0
391	391	3	0
391	391	4	0
391	391	5	3
391	391	6	0
391	391	7	0
391	391	8	0
391	391	9	0
391	391	10	0
391	391	11	0
391	391	12	0
391	391	13	0
391	391	14	0
391	391	15	0
391	391	16	0
391	391	17	0
391	391	18	0
391	391	19	0
391	391	20	0
391	391	21	2
391	391	22	0
391	391	23	2
391	391	24	0
391	391	25	0
391	391	26	1
391	391	27	0
391	391	28	0
391	391	29	0
391	391	30	3
391	391	31	0
391	391	32	0
391	391	33	0
391	391	34	0
391	391	35	0
391	391	36	2
391	391	37	1
392	392	0	0
392	392	1	2
392	392	2	2
392	392	3	0
392	392	4	0
392	392	5	0
392	392	6	0
392	392	7	0
392	392	8	0
392	392	9	0
392	392	10	0
392	392	11	0
392	392	12	0
392	392	13	0
392	392	14	0
392	392	15	0
392	392	16	0
392	392	17	0
392	392	18	0
392	392	19	0
392	392	20	0
392	392	21	0
392	392	22	0
392	392	23	0
392	392	24	0
392	392	25	0
392	392	26	0
392	392	27	0
392	392	28	0
392	392	29	0
392	392	30	0
392	392	31	0
392	392	32	0
392	392	33	0
392	392	34	0
392	392	35	0
392	392	36	0
392	392	37	0
393	393	0	0
393	393	1	0
393	393	2	2
393	393	3	0
393	393	4	4
393	393	5	0
393	393	6	1
393	393	7	0
393	393	8	0
393	393	9	0
393	393	10	0
393	393	11	0
393	393	12	0
393	393	13	0
393	393	14	0
393	393	15	0
393	393	16	0
393	393	17	0
393	393	18	0
393	393	19	0
393	393	20	0
393	393	21	2
393	393	22	0
393	393	23	1
393	393	24	0
393	393	25	0
393	393	26	1
393	393	27	0
393	393	28	0
393	393	29	0
393	393	30	0
393	393	31	0
393	393	32	0
393	393	33	0
393	393	34	0
393	393	35	0
393	393	36	0
393	393	37	0
394	394	0	0
394	394	1	0
394	394	2	0
394	394	3	0
394	394	4	0
394	394	5	1
394	394	6	0
394	394	7	1
394	394	8	0
394	394	9	0
394	394	10	0
394	394	11	0
394	394	12	0
394	394	13	0
394	394	14	0
394	394	15	0
394	394	16	0
394	394	17	0
394	394	18	2
394	394	19	0
394	394	20	0
394	394	21	2
394	394	22	2
394	394	23	0
394	394	24	1
394	394	25	0
394	394	26	0
394	394	27	0
394	394	28	0
394	394	29	0
394	394	30	0
394	394	31	0
394	394	32	3
394	394	33	0
394	394	34	0
394	394	35	0
394	394	36	0
394	394	37	0
395	395	0	0
395	395	1	2
395	395	2	0
395	395	3	2
395	395	4	0
395	395	5	0
395	395	6	0
395	395	7	0
395	395	8	0
395	395	9	0
395	395	10	0
395	395	11	1
395	395	12	0
395	395	13	0
395	395	14	0
395	395	15	0
395	395	16	0
395	395	17	1
395	395	18	0
395	395	19	0
395	395	20	0
395	395	21	0
395	395	22	0
395	395	23	1
395	395	24	0
395	395	25	1
395	395	26	0
395	395	27	0
395	395	28	2
395	395	29	3
395	395	30	3
395	395	31	2
395	395	32	2
395	395	33	1
395	395	34	0
395	395	35	2
395	395	36	2
395	395	37	1
396	396	0	0
396	396	1	0
396	396	2	0
396	396	3	0
396	396	4	2
396	396	5	0
396	396	6	0
396	396	7	0
396	396	8	0
396	396	9	0
396	396	10	0
396	396	11	0
396	396	12	0
396	396	13	0
396	396	14	0
396	396	15	0
396	396	16	0
396	396	17	2
396	396	18	0
396	396	19	0
396	396	20	0
396	396	21	0
396	396	22	0
396	396	23	0
396	396	24	0
396	396	25	0
396	396	26	0
396	396	27	0
396	396	28	0
396	396	29	0
396	396	30	1
396	396	31	0
396	396	32	0
396	396	33	2
396	396	34	0
396	396	35	0
396	396	36	0
396	396	37	0
397	397	0	0
397	397	1	0
397	397	2	0
397	397	3	0
397	397	4	0
397	397	5	0
397	397	6	0
397	397	7	0
397	397	8	0
397	397	9	0
397	397	10	0
397	397	11	0
397	397	12	0
397	397	13	0
397	397	14	0
397	397	15	0
397	397	16	0
397	397	17	1
397	397	18	0
397	397	19	0
397	397	20	0
397	397	21	0
397	397	22	0
397	397	23	0
397	397	24	0
397	397	25	0
397	397	26	0
397	397	27	0
397	397	28	0
397	397	29	0
397	397	30	0
397	397	31	0
397	397	32	0
397	397	33	0
397	397	34	0
397	397	35	0
397	397	36	0
397	397	37	0
398	398	0	0
398	398	1	0
398	398	2	0
398	398	3	0
398	398	4	0
398	398	5	0
398	398	6	0
398	398	7	0
398	398	8	0
398	398	9	0
398	398	10	0
398	398	11	0
398	398	12	0
398	398	13	0
398	398	14	0
398	398	15	0
398	398	16	0
398	398	17	0
398	398	18	0
398	398	19	0
398	398	20	0
398	398	21	0
398	398	22	0
398	398	23	0
398	398	24	0
398	398	25	0
398	398	26	0
398	398	27	0
398	398	28	0
398	398	29	0
398	398	30	0
398	398	31	0
398	398	32	0
398	398	33	0
398	398	34	0
398	398	35	3
398	398	36	0
398	398	37	0
399	399	0	0
399	399	1	0
399	399	2	0
399	399	3	0
399	399	4	0
399	399	5	0
399	399	6	4
399	399	7	0
399	399	8	0
399	399	9	0
399	399	10	0
399	399	11	0
399	399	12	0
399	399	13	0
399	399	14	0
399	399	15	0
399	399	16	0
399	399	17	0
399	399	18	0
399	399	19	0
399	399	20	0
399	399	21	0
399	399	22	0
399	399	23	0
399	399	24	0
399	399	25	0
399	399	26	0
399	399	27	0
399	399	28	0
399	399	29	0
399	399	30	0
399	399	31	0
399	399	32	0
399	399	33	0
399	399	34	0
399	399	35	0
399	399	36	0
399	399	37	0
400	400	0	0
400	400	1	0
400	400	2	0
400	400	3	0
400	400	4	0
400	400	5	0
400	400	6	0
400	400	7	0
400	400	8	0
400	400	9	0
400	400	10	0
400	400	11	0
400	400	12	0
400	400	13	0
400	400	14	0
400	400	15	0
400	400	16	0
400	400	17	0
400	400	18	0
400	400	19	0
400	400	20	0
400	400	21	0
400	400	22	0
400	400	23	1
400	400	24	0
400	400	25	1
400	400	26	0
400	400	27	0
400	400	28	2
400	400	29	0
400	400	30	0
400	400	31	0
400	400	32	0
400	400	33	2
400	400	34	1
400	400	35	0
400	400	36	1
400	400	37	0
401	401	0	0
401	401	1	0
401	401	2	0
401	401	3	0
401	401	4	0
401	401	5	1
401	401	6	0
401	401	7	1
401	401	8	0
401	401	9	0
401	401	10	0
401	401	11	0
401	401	12	1
401	401	13	0
401	401	14	0
401	401	15	0
401	401	16	0
401	401	17	1
401	401	18	0
401	401	19	0
401	401	20	0
401	401	21	0
401	401	22	0
401	401	23	0
401	401	24	0
401	401	25	0
401	401	26	1
401	401	27	0
401	401	28	0
401	401	29	0
401	401	30	0
401	401	31	0
401	401	32	0
401	401	33	0
401	401	34	0
401	401	35	0
401	401	36	0
401	401	37	0
402	402	0	0
402	402	1	0
402	402	2	0
402	402	3	1
402	402	4	0
402	402	5	0
402	402	6	0
402	402	7	0
402	402	8	0
402	402	9	0
402	402	10	0
402	402	11	0
402	402	12	0
402	402	13	0
402	402	14	0
402	402	15	0
402	402	16	0
402	402	17	1
402	402	18	0
402	402	19	0
402	402	20	0
402	402	21	0
402	402	22	2
402	402	23	0
402	402	24	0
402	402	25	0
402	402	26	0
402	402	27	0
402	402	28	0
402	402	29	0
402	402	30	0
402	402	31	0
402	402	32	0
402	402	33	0
402	402	34	0
402	402	35	0
402	402	36	0
402	402	37	2
403	403	0	0
403	403	1	0
403	403	2	0
403	403	3	0
403	403	4	1
403	403	5	1
403	403	6	0
403	403	7	0
403	403	8	0
403	403	9	4
403	403	10	0
403	403	11	0
403	403	12	0
403	403	13	2
403	403	14	0
403	403	15	0
403	403	16	0
403	403	17	3
403	403	18	0
403	403	19	0
403	403	20	2
403	403	21	0
403	403	22	0
403	403	23	0
403	403	24	0
403	403	25	0
403	403	26	0
403	403	27	0
403	403	28	1
403	403	29	0
403	403	30	1
403	403	31	0
403	403	32	3
403	403	33	0
403	403	34	4
403	403	35	0
403	403	36	2
403	403	37	1
404	404	0	0
404	404	1	1
404	404	2	0
404	404	3	0
404	404	4	0
404	404	5	0
404	404	6	0
404	404	7	1
404	404	8	0
404	404	9	1
404	404	10	0
404	404	11	0
404	404	12	0
404	404	13	0
404	404	14	0
404	404	15	0
404	404	16	0
404	404	17	0
404	404	18	0
404	404	19	1
404	404	20	0
404	404	21	0
404	404	22	0
404	404	23	0
404	404	24	0
404	404	25	0
404	404	26	2
404	404	27	0
404	404	28	0
404	404	29	4
404	404	30	0
404	404	31	0
404	404	32	1
404	404	33	0
404	404	34	0
404	404	35	0
404	404	36	0
404	404	37	1
405	405	0	0
405	405	1	2
405	405	2	0
405	405	3	0
405	405	4	1
405	405	5	0
405	405	6	0
405	405	7	0
405	405	8	1
405	405	9	0
405	405	10	0
405	405	11	2
405	405	12	0
405	405	13	0
405	405	14	0
405	405	15	0
405	405	16	0
405	405	17	0
405	405	18	0
405	405	19	0
405	405	20	0
405	405	21	0
405	405	22	0
405	405	23	0
405	405	24	0
405	405	25	0
405	405	26	0
405	405	27	0
405	405	28	2
405	405	29	1
405	405	30	0
405	405	31	0
405	405	32	0
405	405	33	0
405	405	34	0
405	405	35	2
405	405	36	1
405	405	37	0
406	406	0	0
406	406	1	1
406	406	2	0
406	406	3	1
406	406	4	0
406	406	5	0
406	406	6	0
406	406	7	0
406	406	8	0
406	406	9	0
406	406	10	0
406	406	11	0
406	406	12	0
406	406	13	0
406	406	14	0
406	406	15	0
406	406	16	0
406	406	17	0
406	406	18	0
406	406	19	0
406	406	20	0
406	406	21	0
406	406	22	0
406	406	23	0
406	406	24	0
406	406	25	0
406	406	26	0
406	406	27	0
406	406	28	0
406	406	29	0
406	406	30	0
406	406	31	0
406	406	32	0
406	406	33	0
406	406	34	1
406	406	35	0
406	406	36	0
406	406	37	0
407	407	0	0
407	407	1	2
407	407	2	0
407	407	3	0
407	407	4	0
407	407	5	0
407	407	6	0
407	407	7	0
407	407	8	0
407	407	9	0
407	407	10	0
407	407	11	0
407	407	12	0
407	407	13	1
407	407	14	1
407	407	15	0
407	407	16	0
407	407	17	0
407	407	18	0
407	407	19	0
407	407	20	0
407	407	21	0
407	407	22	0
407	407	23	0
407	407	24	0
407	407	25	0
407	407	26	0
407	407	27	0
407	407	28	0
407	407	29	0
407	407	30	0
407	407	31	0
407	407	32	0
407	407	33	0
407	407	34	0
407	407	35	0
407	407	36	0
407	407	37	0
408	408	0	0
408	408	1	0
408	408	2	1
408	408	3	0
408	408	4	0
408	408	5	0
408	408	6	0
408	408	7	0
408	408	8	0
408	408	9	0
408	408	10	1
408	408	11	0
408	408	12	0
408	408	13	0
408	408	14	0
408	408	15	0
408	408	16	0
408	408	17	0
408	408	18	0
408	408	19	0
408	408	20	0
408	408	21	0
408	408	22	0
408	408	23	0
408	408	24	0
408	408	25	0
408	408	26	0
408	408	27	0
408	408	28	0
408	408	29	0
408	408	30	0
408	408	31	0
408	408	32	0
408	408	33	0
408	408	34	1
408	408	35	4
408	408	36	0
408	408	37	0
409	409	0	0
409	409	1	4
409	409	2	0
409	409	3	0
409	409	4	0
409	409	5	1
409	409	6	0
409	409	7	0
409	409	8	0
409	409	9	0
409	409	10	0
409	409	11	0
409	409	12	1
409	409	13	0
409	409	14	0
409	409	15	0
409	409	16	0
409	409	17	0
409	409	18	0
409	409	19	0
409	409	20	0
409	409	21	1
409	409	22	0
409	409	23	0
409	409	24	1
409	409	25	0
409	409	26	0
409	409	27	0
409	409	28	0
409	409	29	0
409	409	30	0
409	409	31	0
409	409	32	0
409	409	33	0
409	409	34	0
409	409	35	0
409	409	36	0
409	409	37	0
410	410	0	0
410	410	1	4
410	410	2	0
410	410	3	0
410	410	4	0
410	410	5	0
410	410	6	0
410	410	7	0
410	410	8	0
410	410	9	0
410	410	10	2
410	410	11	1
410	410	12	0
410	410	13	0
410	410	14	0
410	410	15	0
410	410	16	0
410	410	17	0
410	410	18	0
410	410	19	0
410	410	20	0
410	410	21	0
410	410	22	0
410	410	23	0
410	410	24	1
410	410	25	0
410	410	26	0
410	410	27	0
410	410	28	0
410	410	29	0
410	410	30	0
410	410	31	0
410	410	32	0
410	410	33	2
410	410	34	0
410	410	35	0
410	410	36	0
410	410	37	0
411	411	0	0
411	411	1	3
411	411	2	0
411	411	3	0
411	411	4	0
411	411	5	0
411	411	6	0
411	411	7	1
411	411	8	0
411	411	9	0
411	411	10	0
411	411	11	1
411	411	12	1
411	411	13	1
411	411	14	0
411	411	15	1
411	411	16	0
411	411	17	0
411	411	18	0
411	411	19	1
411	411	20	1
411	411	21	1
411	411	22	0
411	411	23	0
411	411	24	0
411	411	25	0
411	411	26	0
411	411	27	0
411	411	28	0
411	411	29	0
411	411	30	3
411	411	31	0
411	411	32	0
411	411	33	0
411	411	34	0
411	411	35	0
411	411	36	0
411	411	37	0
412	412	0	0
412	412	1	0
412	412	2	0
412	412	3	0
412	412	4	1
412	412	5	1
412	412	6	0
412	412	7	0
412	412	8	1
412	412	9	1
412	412	10	0
412	412	11	0
412	412	12	0
412	412	13	0
412	412	14	0
412	412	15	0
412	412	16	0
412	412	17	0
412	412	18	1
412	412	19	0
412	412	20	0
412	412	21	0
412	412	22	0
412	412	23	0
412	412	24	0
412	412	25	0
412	412	26	0
412	412	27	0
412	412	28	3
412	412	29	0
412	412	30	0
412	412	31	0
412	412	32	0
412	412	33	0
412	412	34	0
412	412	35	0
412	412	36	0
412	412	37	0
413	413	0	0
413	413	1	0
413	413	2	0
413	413	3	0
413	413	4	0
413	413	5	3
413	413	6	3
413	413	7	0
413	413	8	0
413	413	9	4
413	413	10	0
413	413	11	1
413	413	12	0
413	413	13	0
413	413	14	0
413	413	15	0
413	413	16	2
413	413	17	0
413	413	18	0
413	413	19	0
413	413	20	3
413	413	21	0
413	413	22	0
413	413	23	0
413	413	24	0
413	413	25	0
413	413	26	0
413	413	27	0
413	413	28	0
413	413	29	0
413	413	30	0
413	413	31	0
413	413	32	0
413	413	33	0
413	413	34	1
413	413	35	0
413	413	36	0
413	413	37	2
414	414	0	0
414	414	1	1
414	414	2	0
414	414	3	0
414	414	4	0
414	414	5	0
414	414	6	0
414	414	7	1
414	414	8	0
414	414	9	0
414	414	10	0
414	414	11	0
414	414	12	2
414	414	13	0
414	414	14	2
414	414	15	2
414	414	16	1
414	414	17	0
414	414	18	2
414	414	19	1
414	414	20	0
414	414	21	0
414	414	22	0
414	414	23	1
414	414	24	0
414	414	25	0
414	414	26	1
414	414	27	1
414	414	28	0
414	414	29	2
414	414	30	0
414	414	31	1
414	414	32	0
414	414	33	0
414	414	34	0
414	414	35	0
414	414	36	3
414	414	37	0
415	415	0	0
415	415	1	0
415	415	2	0
415	415	3	2
415	415	4	0
415	415	5	0
415	415	6	4
415	415	7	0
415	415	8	0
415	415	9	0
415	415	10	0
415	415	11	0
415	415	12	0
415	415	13	0
415	415	14	0
415	415	15	2
415	415	16	0
415	415	17	0
415	415	18	0
415	415	19	1
415	415	20	0
415	415	21	0
415	415	22	0
415	415	23	1
415	415	24	0
415	415	25	0
415	415	26	0
415	415	27	0
415	415	28	0
415	415	29	1
415	415	30	0
415	415	31	0
415	415	32	0
415	415	33	0
415	415	34	0
415	415	35	0
415	415	36	0
415	415	37	0
416	416	0	0
416	416	1	0
416	416	2	0
416	416	3	0
416	416	4	1
416	416	5	0
416	416	6	0
416	416	7	0
416	416	8	2
416	416	9	0
416	416	10	2
416	416	11	0
416	416	12	0
416	416	13	0
416	416	14	0
416	416	15	0
416	416	16	0
416	416	17	0
416	416	18	0
416	416	19	0
416	416	20	2
416	416	21	0
416	416	22	0
416	416	23	0
416	416	24	0
416	416	25	0
416	416	26	0
416	416	27	0
416	416	28	0
416	416	29	0
416	416	30	0
416	416	31	0
416	416	32	0
416	416	33	0
416	416	34	1
416	416	35	0
416	416	36	0
416	416	37	0
417	417	0	0
417	417	1	2
417	417	2	0
417	417	3	0
417	417	4	0
417	417	5	0
417	417	6	0
417	417	7	0
417	417	8	0
417	417	9	0
417	417	10	0
417	417	11	0
417	417	12	0
417	417	13	0
417	417	14	0
417	417	15	0
417	417	16	0
417	417	17	0
417	417	18	0
417	417	19	0
417	417	20	0
417	417	21	0
417	417	22	1
417	417	23	0
417	417	24	0
417	417	25	4
417	417	26	0
417	417	27	0
417	417	28	0
417	417	29	0
417	417	30	1
417	417	31	0
417	417	32	0
417	417	33	0
417	417	34	1
417	417	35	0
417	417	36	0
417	417	37	1
418	418	0	0
418	418	1	0
418	418	2	3
418	418	3	0
418	418	4	0
418	418	5	0
418	418	6	0
418	418	7	0
418	418	8	1
418	418	9	0
418	418	10	0
418	418	11	0
418	418	12	0
418	418	13	0
418	418	14	0
418	418	15	0
418	418	16	0
418	418	17	0
418	418	18	0
418	418	19	0
418	418	20	0
418	418	21	0
418	418	22	0
418	418	23	0
418	418	24	0
418	418	25	0
418	418	26	0
418	418	27	0
418	418	28	0
418	418	29	0
418	418	30	0
418	418	31	0
418	418	32	0
418	418	33	0
418	418	34	0
418	418	35	0
418	418	36	0
418	418	37	0
419	419	0	0
419	419	1	0
419	419	2	0
419	419	3	0
419	419	4	0
419	419	5	4
419	419	6	0
419	419	7	0
419	419	8	0
419	419	9	1
419	419	10	0
419	419	11	0
419	419	12	0
419	419	13	2
419	419	14	0
419	419	15	0
419	419	16	0
419	419	17	4
419	419	18	4
419	419	19	0
419	419	20	3
419	419	21	0
419	419	22	1
419	419	23	1
419	419	24	3
419	419	25	0
419	419	26	0
419	419	27	3
419	419	28	2
419	419	29	0
419	419	30	2
419	419	31	0
419	419	32	0
419	419	33	0
419	419	34	1
419	419	35	0
419	419	36	0
419	419	37	0
420	420	0	0
420	420	1	0
420	420	2	0
420	420	3	2
420	420	4	0
420	420	5	0
420	420	6	1
420	420	7	0
420	420	8	0
420	420	9	3
420	420	10	0
420	420	11	4
420	420	12	0
420	420	13	0
420	420	14	0
420	420	15	0
420	420	16	1
420	420	17	0
420	420	18	0
420	420	19	3
420	420	20	0
420	420	21	0
420	420	22	0
420	420	23	0
420	420	24	0
420	420	25	0
420	420	26	0
420	420	27	1
420	420	28	0
420	420	29	0
420	420	30	0
420	420	31	0
420	420	32	2
420	420	33	0
420	420	34	2
420	420	35	0
420	420	36	1
420	420	37	0
421	421	0	0
421	421	1	0
421	421	2	0
421	421	3	0
421	421	4	0
421	421	5	0
421	421	6	0
421	421	7	2
421	421	8	0
421	421	9	0
421	421	10	0
421	421	11	0
421	421	12	0
421	421	13	2
421	421	14	0
421	421	15	0
421	421	16	0
421	421	17	0
421	421	18	0
421	421	19	0
421	421	20	1
421	421	21	0
421	421	22	1
421	421	23	0
421	421	24	0
421	421	25	3
421	421	26	1
421	421	27	1
421	421	28	0
421	421	29	1
421	421	30	3
421	421	31	0
421	421	32	0
421	421	33	0
421	421	34	0
421	421	35	1
421	421	36	2
421	421	37	0
422	422	0	0
422	422	1	1
422	422	2	0
422	422	3	0
422	422	4	0
422	422	5	0
422	422	6	0
422	422	7	1
422	422	8	1
422	422	9	0
422	422	10	0
422	422	11	0
422	422	12	0
422	422	13	0
422	422	14	0
422	422	15	0
422	422	16	0
422	422	17	0
422	422	18	0
422	422	19	0
422	422	20	0
422	422	21	0
422	422	22	0
422	422	23	0
422	422	24	2
422	422	25	0
422	422	26	0
422	422	27	0
422	422	28	0
422	422	29	0
422	422	30	0
422	422	31	0
422	422	32	0
422	422	33	0
422	422	34	0
422	422	35	0
422	422	36	0
422	422	37	0
423	423	0	0
423	423	1	0
423	423	2	1
423	423	3	1
423	423	4	0
423	423	5	2
423	423	6	0
423	423	7	0
423	423	8	0
423	423	9	2
423	423	10	0
423	423	11	0
423	423	12	2
423	423	13	0
423	423	14	0
423	423	15	2
423	423	16	0
423	423	17	0
423	423	18	0
423	423	19	0
423	423	20	0
423	423	21	0
423	423	22	0
423	423	23	0
423	423	24	2
423	423	25	2
423	423	26	1
423	423	27	0
423	423	28	0
423	423	29	0
423	423	30	0
423	423	31	1
423	423	32	0
423	423	33	0
423	423	34	0
423	423	35	0
423	423	36	1
423	423	37	1
424	424	0	0
424	424	1	0
424	424	2	0
424	424	3	0
424	424	4	0
424	424	5	0
424	424	6	0
424	424	7	0
424	424	8	0
424	424	9	0
424	424	10	0
424	424	11	0
424	424	12	0
424	424	13	0
424	424	14	0
424	424	15	0
424	424	16	0
424	424	17	0
424	424	18	0
424	424	19	0
424	424	20	0
424	424	21	0
424	424	22	0
424	424	23	0
424	424	24	0
424	424	25	0
424	424	26	0
424	424	27	0
424	424	28	1
424	424	29	0
424	424	30	0
424	424	31	4
424	424	32	0
424	424	33	0
424	424	34	0
424	424	35	0
424	424	36	0
424	424	37	0
425	425	0	0
425	425	1	1
425	425	2	0
425	425	3	0
425	425	4	0
425	425	5	0
425	425	6	0
425	425	7	0
425	425	8	0
425	425	9	1
425	425	10	0
425	425	11	0
425	425	12	0
425	425	13	0
425	425	14	0
425	425	15	0
425	425	16	0
425	425	17	0
425	425	18	0
425	425	19	0
425	425	20	0
425	425	21	0
425	425	22	0
425	425	23	0
425	425	24	0
425	425	25	0
425	425	26	0
425	425	27	0
425	425	28	0
425	425	29	0
425	425	30	0
425	425	31	0
425	425	32	0
425	425	33	0
425	425	34	0
425	425	35	0
425	425	36	0
425	425	37	0
426	426	0	0
426	426	1	0
426	426	2	0
426	426	3	0
426	426	4	1
426	426	5	0
426	426	6	0
426	426	7	0
426	426	8	0
426	426	9	0
426	426	10	0
426	426	11	0
426	426	12	0
426	426	13	0
426	426	14	0
426	426	15	0
426	426	16	0
426	426	17	0
426	426	18	0
426	426	19	0
426	426	20	0
426	426	21	0
426	426	22	2
426	426	23	0
426	426	24	0
426	426	25	0
426	426	26	0
426	426	27	0
426	426	28	0
426	426	29	0
426	426	30	0
426	426	31	2
426	426	32	0
426	426	33	0
426	426	34	0
426	426	35	0
426	426	36	0
426	426	37	0
427	427	0	0
427	427	1	2
427	427	2	0
427	427	3	1
427	427	4	0
427	427	5	0
427	427	6	0
427	427	7	0
427	427	8	0
427	427	9	0
427	427	10	0
427	427	11	0
427	427	12	0
427	427	13	0
427	427	14	1
427	427	15	0
427	427	16	1
427	427	17	0
427	427	18	0
427	427	19	2
427	427	20	0
427	427	21	0
427	427	22	0
427	427	23	0
427	427	24	0
427	427	25	0
427	427	26	0
427	427	27	0
427	427	28	1
427	427	29	0
427	427	30	0
427	427	31	1
427	427	32	0
427	427	33	0
427	427	34	0
427	427	35	0
427	427	36	0
427	427	37	0
428	428	0	0
428	428	1	0
428	428	2	1
428	428	3	0
428	428	4	0
428	428	5	1
428	428	6	0
428	428	7	0
428	428	8	0
428	428	9	0
428	428	10	0
428	428	11	0
428	428	12	1
428	428	13	1
428	428	14	0
428	428	15	0
428	428	16	2
428	428	17	0
428	428	18	0
428	428	19	1
428	428	20	0
428	428	21	0
428	428	22	0
428	428	23	0
428	428	24	0
428	428	25	0
428	428	26	0
428	428	27	0
428	428	28	1
428	428	29	0
428	428	30	0
428	428	31	2
428	428	32	0
428	428	33	4
428	428	34	2
428	428	35	0
428	428	36	0
428	428	37	1
429	429	0	0
429	429	1	0
429	429	2	0
429	429	3	0
429	429	4	0
429	429	5	0
429	429	6	0
429	429	7	0
429	429	8	0
429	429	9	0
429	429	10	0
429	429	11	0
429	429	12	0
429	429	13	0
429	429	14	0
429	429	15	0
429	429	16	0
429	429	17	1
429	429	18	1
429	429	19	0
429	429	20	0
429	429	21	0
429	429	22	0
429	429	23	0
429	429	24	0
429	429	25	1
429	429	26	0
429	429	27	0
429	429	28	1
429	429	29	2
429	429	30	0
429	429	31	0
429	429	32	0
429	429	33	3
429	429	34	0
429	429	35	0
429	429	36	3
429	429	37	1
430	430	0	0
430	430	1	0
430	430	2	0
430	430	3	0
430	430	4	0
430	430	5	0
430	430	6	0
430	430	7	0
430	430	8	0
430	430	9	0
430	430	10	0
430	430	11	0
430	430	12	0
430	430	13	0
430	430	14	0
430	430	15	0
430	430	16	0
430	430	17	0
430	430	18	0
430	430	19	0
430	430	20	0
430	430	21	0
430	430	22	0
430	430	23	0
430	430	24	0
430	430	25	0
430	430	26	0
430	430	27	0
430	430	28	0
430	430	29	0
430	430	30	0
430	430	31	0
430	430	32	0
430	430	33	0
430	430	34	0
430	430	35	0
430	430	36	0
430	430	37	0
431	431	0	0
431	431	1	0
431	431	2	0
431	431	3	0
431	431	4	0
431	431	5	0
431	431	6	2
431	431	7	0
431	431	8	0
431	431	9	0
431	431	10	0
431	431	11	0
431	431	12	0
431	431	13	2
431	431	14	0
431	431	15	0
431	431	16	0
431	431	17	0
431	431	18	0
431	431	19	1
431	431	20	0
431	431	21	0
431	431	22	0
431	431	23	0
431	431	24	0
431	431	25	0
431	431	26	0
431	431	27	0
431	431	28	0
431	431	29	1
431	431	30	0
431	431	31	0
431	431	32	0
431	431	33	0
431	431	34	2
431	431	35	0
431	431	36	1
431	431	37	5
432	432	0	0
432	432	1	0
432	432	2	0
432	432	3	0
432	432	4	0
432	432	5	1
432	432	6	0
432	432	7	0
432	432	8	0
432	432	9	0
432	432	10	2
432	432	11	0
432	432	12	1
432	432	13	0
432	432	14	0
432	432	15	2
432	432	16	0
432	432	17	0
432	432	18	1
432	432	19	0
432	432	20	0
432	432	21	3
432	432	22	1
432	432	23	5
432	432	24	0
432	432	25	1
432	432	26	0
432	432	27	0
432	432	28	0
432	432	29	4
432	432	30	0
432	432	31	0
432	432	32	1
432	432	33	3
432	432	34	4
432	432	35	0
432	432	36	0
432	432	37	0
433	433	0	0
433	433	1	0
433	433	2	0
433	433	3	3
433	433	4	0
433	433	5	0
433	433	6	0
433	433	7	0
433	433	8	0
433	433	9	0
433	433	10	0
433	433	11	0
433	433	12	0
433	433	13	0
433	433	14	0
433	433	15	1
433	433	16	0
433	433	17	0
433	433	18	0
433	433	19	0
433	433	20	0
433	433	21	0
433	433	22	0
433	433	23	0
433	433	24	0
433	433	25	2
433	433	26	0
433	433	27	0
433	433	28	0
433	433	29	0
433	433	30	0
433	433	31	1
433	433	32	0
433	433	33	1
433	433	34	0
433	433	35	2
433	433	36	0
433	433	37	0
434	434	0	0
434	434	1	0
434	434	2	0
434	434	3	1
434	434	4	0
434	434	5	0
434	434	6	0
434	434	7	0
434	434	8	0
434	434	9	1
434	434	10	0
434	434	11	0
434	434	12	0
434	434	13	0
434	434	14	0
434	434	15	0
434	434	16	0
434	434	17	0
434	434	18	0
434	434	19	4
434	434	20	0
434	434	21	0
434	434	22	0
434	434	23	0
434	434	24	1
434	434	25	0
434	434	26	0
434	434	27	0
434	434	28	0
434	434	29	0
434	434	30	0
434	434	31	1
434	434	32	3
434	434	33	0
434	434	34	1
434	434	35	3
434	434	36	3
434	434	37	1
435	435	0	0
435	435	1	0
435	435	2	0
435	435	3	0
435	435	4	2
435	435	5	0
435	435	6	0
435	435	7	0
435	435	8	2
435	435	9	0
435	435	10	0
435	435	11	0
435	435	12	0
435	435	13	0
435	435	14	1
435	435	15	0
435	435	16	0
435	435	17	0
435	435	18	0
435	435	19	0
435	435	20	1
435	435	21	0
435	435	22	0
435	435	23	0
435	435	24	0
435	435	25	0
435	435	26	4
435	435	27	0
435	435	28	2
435	435	29	3
435	435	30	0
435	435	31	0
435	435	32	0
435	435	33	2
435	435	34	0
435	435	35	3
435	435	36	0
435	435	37	0
436	436	0	0
436	436	1	0
436	436	2	0
436	436	3	0
436	436	4	1
436	436	5	0
436	436	6	0
436	436	7	0
436	436	8	0
436	436	9	0
436	436	10	0
436	436	11	0
436	436	12	0
436	436	13	0
436	436	14	0
436	436	15	0
436	436	16	0
436	436	17	0
436	436	18	0
436	436	19	0
436	436	20	0
436	436	21	1
436	436	22	0
436	436	23	0
436	436	24	0
436	436	25	0
436	436	26	0
436	436	27	0
436	436	28	0
436	436	29	0
436	436	30	0
436	436	31	0
436	436	32	0
436	436	33	4
436	436	34	0
436	436	35	1
436	436	36	0
436	436	37	0
437	437	0	0
437	437	1	0
437	437	2	0
437	437	3	0
437	437	4	0
437	437	5	0
437	437	6	0
437	437	7	0
437	437	8	0
437	437	9	0
437	437	10	0
437	437	11	0
437	437	12	1
437	437	13	0
437	437	14	0
437	437	15	0
437	437	16	0
437	437	17	0
437	437	18	2
437	437	19	0
437	437	20	3
437	437	21	0
437	437	22	0
437	437	23	1
437	437	24	0
437	437	25	0
437	437	26	0
437	437	27	2
437	437	28	2
437	437	29	0
437	437	30	0
437	437	31	0
437	437	32	0
437	437	33	3
437	437	34	0
437	437	35	0
437	437	36	0
437	437	37	0
438	438	0	0
438	438	1	0
438	438	2	0
438	438	3	0
438	438	4	0
438	438	5	0
438	438	6	0
438	438	7	0
438	438	8	1
438	438	9	0
438	438	10	0
438	438	11	0
438	438	12	0
438	438	13	0
438	438	14	0
438	438	15	0
438	438	16	0
438	438	17	3
438	438	18	0
438	438	19	0
438	438	20	0
438	438	21	0
438	438	22	0
438	438	23	0
438	438	24	0
438	438	25	0
438	438	26	0
438	438	27	0
438	438	28	0
438	438	29	0
438	438	30	0
438	438	31	0
438	438	32	1
438	438	33	0
438	438	34	0
438	438	35	0
438	438	36	0
438	438	37	1
439	439	0	0
439	439	1	0
439	439	2	0
439	439	3	0
439	439	4	0
439	439	5	0
439	439	6	0
439	439	7	0
439	439	8	0
439	439	9	0
439	439	10	0
439	439	11	0
439	439	12	0
439	439	13	0
439	439	14	0
439	439	15	0
439	439	16	0
439	439	17	0
439	439	18	0
439	439	19	0
439	439	20	0
439	439	21	0
439	439	22	0
439	439	23	0
439	439	24	0
439	439	25	1
439	439	26	0
439	439	27	0
439	439	28	0
439	439	29	0
439	439	30	0
439	439	31	0
439	439	32	0
439	439	33	0
439	439	34	0
439	439	35	0
439	439	36	0
439	439	37	0
440	440	0	0
440	440	1	3
440	440	2	0
440	440	3	2
440	440	4	0
440	440	5	0
440	440	6	0
440	440	7	0
440	440	8	3
440	440	9	0
440	440	10	0
440	440	11	0
440	440	12	0
440	440	13	0
440	440	14	0
440	440	15	0
440	440	16	0
440	440	17	0
440	440	18	0
440	440	19	0
440	440	20	0
440	440	21	2
440	440	22	3
440	440	23	0
440	440	24	0
440	440	25	0
440	440	26	0
440	440	27	0
440	440	28	0
440	440	29	0
440	440	30	0
440	440	31	0
440	440	32	0
440	440	33	0
440	440	34	0
440	440	35	0
440	440	36	0
440	440	37	1
441	441	0	0
441	441	1	1
441	441	2	0
441	441	3	0
441	441	4	0
441	441	5	0
441	441	6	0
441	441	7	0
441	441	8	0
441	441	9	3
441	441	10	0
441	441	11	0
441	441	12	0
441	441	13	0
441	441	14	0
441	441	15	0
441	441	16	1
441	441	17	0
441	441	18	1
441	441	19	0
441	441	20	0
441	441	21	0
441	441	22	0
441	441	23	0
441	441	24	0
441	441	25	1
441	441	26	1
441	441	27	0
441	441	28	1
441	441	29	0
441	441	30	0
441	441	31	1
441	441	32	0
441	441	33	0
441	441	34	0
441	441	35	0
441	441	36	0
441	441	37	0
442	442	0	0
442	442	1	0
442	442	2	0
442	442	3	0
442	442	4	0
442	442	5	1
442	442	6	0
442	442	7	0
442	442	8	0
442	442	9	0
442	442	10	0
442	442	11	0
442	442	12	0
442	442	13	0
442	442	14	0
442	442	15	0
442	442	16	0
442	442	17	0
442	442	18	0
442	442	19	0
442	442	20	0
442	442	21	0
442	442	22	0
442	442	23	0
442	442	24	0
442	442	25	0
442	442	26	0
442	442	27	0
442	442	28	0
442	442	29	0
442	442	30	0
442	442	31	0
442	442	32	0
442	442	33	0
442	442	34	0
442	442	35	0
442	442	36	0
442	442	37	0
443	443	0	0
443	443	1	0
443	443	2	0
443	443	3	0
443	443	4	0
443	443	5	0
443	443	6	0
443	443	7	0
443	443	8	0
443	443	9	0
443	443	10	0
443	443	11	0
443	443	12	0
443	443	13	0
443	443	14	0
443	443	15	0
443	443	16	0
443	443	17	0
443	443	18	0
443	443	19	0
443	443	20	0
443	443	21	0
443	443	22	0
443	443	23	0
443	443	24	0
443	443	25	0
443	443	26	0
443	443	27	0
443	443	28	0
443	443	29	2
443	443	30	0
443	443	31	0
443	443	32	0
443	443	33	0
443	443	34	0
443	443	35	0
443	443	36	0
443	443	37	0
444	444	0	0
444	444	1	0
444	444	2	0
444	444	3	0
444	444	4	0
444	444	5	0
444	444	6	0
444	444	7	0
444	444	8	0
444	444	9	0
444	444	10	0
444	444	11	0
444	444	12	0
444	444	13	0
444	444	14	0
444	444	15	0
444	444	16	0
444	444	17	0
444	444	18	0
444	444	19	0
444	444	20	0
444	444	21	0
444	444	22	0
444	444	23	0
444	444	24	0
444	444	25	0
444	444	26	0
444	444	27	0
444	444	28	0
444	444	29	0
444	444	30	0
444	444	31	0
444	444	32	0
444	444	33	0
444	444	34	0
444	444	35	0
444	444	36	0
444	444	37	0
445	445	0	0
445	445	1	0
445	445	2	0
445	445	3	0
445	445	4	0
445	445	5	0
445	445	6	0
445	445	7	0
445	445	8	0
445	445	9	0
445	445	10	0
445	445	11	0
445	445	12	0
445	445	13	0
445	445	14	0
445	445	15	0
445	445	16	0
445	445	17	0
445	445	18	0
445	445	19	0
445	445	20	0
445	445	21	0
445	445	22	0
445	445	23	0
445	445	24	0
445	445	25	0
445	445	26	0
445	445	27	0
445	445	28	0
445	445	29	0
445	445	30	0
445	445	31	0
445	445	32	0
445	445	33	0
445	445	34	0
445	445	35	0
445	445	36	0
445	445	37	0
446	446	0	0
446	446	1	0
446	446	2	0
446	446	3	0
446	446	4	0
446	446	5	1
446	446	6	0
446	446	7	0
446	446	8	0
446	446	9	0
446	446	10	0
446	446	11	0
446	446	12	1
446	446	13	0
446	446	14	0
446	446	15	0
446	446	16	0
446	446	17	0
446	446	18	0
446	446	19	0
446	446	20	0
446	446	21	1
446	446	22	0
446	446	23	0
446	446	24	0
446	446	25	0
446	446	26	1
446	446	27	0
446	446	28	1
446	446	29	0
446	446	30	0
446	446	31	0
446	446	32	0
446	446	33	0
446	446	34	2
446	446	35	0
446	446	36	0
446	446	37	0
447	447	0	0
447	447	1	1
447	447	2	0
447	447	3	0
447	447	4	0
447	447	5	0
447	447	6	0
447	447	7	0
447	447	8	0
447	447	9	2
447	447	10	0
447	447	11	0
447	447	12	0
447	447	13	0
447	447	14	0
447	447	15	0
447	447	16	0
447	447	17	0
447	447	18	1
447	447	19	0
447	447	20	0
447	447	21	0
447	447	22	0
447	447	23	0
447	447	24	0
447	447	25	0
447	447	26	0
447	447	27	0
447	447	28	0
447	447	29	0
447	447	30	0
447	447	31	0
447	447	32	0
447	447	33	0
447	447	34	0
447	447	35	0
447	447	36	1
447	447	37	0
448	448	0	0
448	448	1	0
448	448	2	0
448	448	3	0
448	448	4	0
448	448	5	0
448	448	6	0
448	448	7	0
448	448	8	0
448	448	9	0
448	448	10	0
448	448	11	0
448	448	12	0
448	448	13	0
448	448	14	0
448	448	15	0
448	448	16	0
448	448	17	0
448	448	18	0
448	448	19	0
448	448	20	0
448	448	21	0
448	448	22	0
448	448	23	0
448	448	24	0
448	448	25	0
448	448	26	1
448	448	27	0
448	448	28	0
448	448	29	0
448	448	30	0
448	448	31	0
448	448	32	0
448	448	33	0
448	448	34	1
448	448	35	0
448	448	36	0
448	448	37	0
449	449	0	0
449	449	1	0
449	449	2	0
449	449	3	0
449	449	4	0
449	449	5	0
449	449	6	0
449	449	7	0
449	449	8	1
449	449	9	0
449	449	10	0
449	449	11	0
449	449	12	0
449	449	13	0
449	449	14	0
449	449	15	0
449	449	16	0
449	449	17	0
449	449	18	0
449	449	19	0
449	449	20	0
449	449	21	0
449	449	22	0
449	449	23	0
449	449	24	0
449	449	25	0
449	449	26	0
449	449	27	0
449	449	28	0
449	449	29	0
449	449	30	0
449	449	31	0
449	449	32	0
449	449	33	0
449	449	34	0
449	449	35	0
449	449	36	0
449	449	37	0
450	450	0	0
450	450	1	0
450	450	2	1
450	450	3	0
450	450	4	0
450	450	5	0
450	450	6	0
450	450	7	1
450	450	8	0
450	450	9	0
450	450	10	0
450	450	11	0
450	450	12	0
450	450	13	1
450	450	14	0
450	450	15	0
450	450	16	0
450	450	17	0
450	450	18	0
450	450	19	0
450	450	20	0
450	450	21	0
450	450	22	0
450	450	23	0
450	450	24	0
450	450	25	0
450	450	26	4
450	450	27	0
450	450	28	0
450	450	29	0
450	450	30	0
450	450	31	0
450	450	32	0
450	450	33	0
450	450	34	0
450	450	35	1
450	450	36	0
450	450	37	0
451	451	0	0
451	451	1	0
451	451	2	0
451	451	3	0
451	451	4	0
451	451	5	0
451	451	6	0
451	451	7	0
451	451	8	0
451	451	9	0
451	451	10	0
451	451	11	0
451	451	12	0
451	451	13	0
451	451	14	0
451	451	15	0
451	451	16	0
451	451	17	0
451	451	18	0
451	451	19	0
451	451	20	1
451	451	21	0
451	451	22	1
451	451	23	1
451	451	24	2
451	451	25	1
451	451	26	0
451	451	27	0
451	451	28	0
451	451	29	1
451	451	30	5
451	451	31	4
451	451	32	5
451	451	33	6
451	451	34	0
451	451	35	0
451	451	36	3
451	451	37	3
452	452	0	0
452	452	1	0
452	452	2	1
452	452	3	0
452	452	4	0
452	452	5	0
452	452	6	0
452	452	7	0
452	452	8	0
452	452	9	1
452	452	10	0
452	452	11	0
452	452	12	0
452	452	13	0
452	452	14	0
452	452	15	0
452	452	16	0
452	452	17	0
452	452	18	0
452	452	19	0
452	452	20	0
452	452	21	0
452	452	22	0
452	452	23	0
452	452	24	0
452	452	25	0
452	452	26	0
452	452	27	0
452	452	28	0
452	452	29	0
452	452	30	0
452	452	31	0
452	452	32	0
452	452	33	0
452	452	34	2
452	452	35	0
452	452	36	0
452	452	37	0
453	453	0	0
453	453	1	1
453	453	2	0
453	453	3	1
453	453	4	0
453	453	5	0
453	453	6	5
453	453	7	2
453	453	8	0
453	453	9	0
453	453	10	0
453	453	11	1
453	453	12	1
453	453	13	1
453	453	14	0
453	453	15	3
453	453	16	2
453	453	17	0
453	453	18	3
453	453	19	1
453	453	20	7
453	453	21	3
453	453	22	5
453	453	23	0
453	453	24	1
453	453	25	3
453	453	26	2
453	453	27	4
453	453	28	9
453	453	29	5
453	453	30	0
453	453	31	1
453	453	32	3
453	453	33	4
453	453	34	10
453	453	35	1
453	453	36	3
453	453	37	0
454	454	0	0
454	454	1	0
454	454	2	2
454	454	3	2
454	454	4	0
454	454	5	1
454	454	6	0
454	454	7	0
454	454	8	0
454	454	9	1
454	454	10	4
454	454	11	1
454	454	12	0
454	454	13	1
454	454	14	0
454	454	15	1
454	454	16	0
454	454	17	1
454	454	18	2
454	454	19	1
454	454	20	4
454	454	21	7
454	454	22	1
454	454	23	3
454	454	24	4
454	454	25	3
454	454	26	5
454	454	27	10
454	454	28	3
454	454	29	2
454	454	30	4
454	454	31	1
454	454	32	5
454	454	33	2
454	454	34	0
454	454	35	3
454	454	36	6
454	454	37	6
455	455	0	0
455	455	1	0
455	455	2	0
455	455	3	0
455	455	4	0
455	455	5	0
455	455	6	0
455	455	7	0
455	455	8	0
455	455	9	2
455	455	10	1
455	455	11	0
455	455	12	0
455	455	13	0
455	455	14	1
455	455	15	2
455	455	16	2
455	455	17	3
455	455	18	1
455	455	19	0
455	455	20	3
455	455	21	0
455	455	22	0
455	455	23	3
455	455	24	0
455	455	25	3
455	455	26	0
455	455	27	0
455	455	28	1
455	455	29	0
455	455	30	1
455	455	31	6
455	455	32	0
455	455	33	4
455	455	34	2
455	455	35	11
455	455	36	4
455	455	37	2
456	456	0	0
456	456	1	0
456	456	2	0
456	456	3	0
456	456	4	0
456	456	5	0
456	456	6	6
456	456	7	0
456	456	8	0
456	456	9	0
456	456	10	0
456	456	11	1
456	456	12	0
456	456	13	0
456	456	14	0
456	456	15	1
456	456	16	1
456	456	17	0
456	456	18	4
456	456	19	0
456	456	20	1
456	456	21	0
456	456	22	3
456	456	23	0
456	456	24	1
456	456	25	0
456	456	26	2
456	456	27	0
456	456	28	0
456	456	29	7
456	456	30	2
456	456	31	2
456	456	32	2
456	456	33	0
456	456	34	3
456	456	35	2
456	456	36	0
456	456	37	0
457	457	0	0
457	457	1	0
457	457	2	0
457	457	3	0
457	457	4	0
457	457	5	1
457	457	6	0
457	457	7	0
457	457	8	0
457	457	9	0
457	457	10	0
457	457	11	0
457	457	12	0
457	457	13	0
457	457	14	0
457	457	15	2
457	457	16	0
457	457	17	0
457	457	18	0
457	457	19	0
457	457	20	2
457	457	21	0
457	457	22	0
457	457	23	0
457	457	24	1
457	457	25	0
457	457	26	0
457	457	27	1
457	457	28	0
457	457	29	0
457	457	30	0
457	457	31	0
457	457	32	0
457	457	33	1
457	457	34	0
457	457	35	0
457	457	36	0
457	457	37	2
458	458	0	0
458	458	1	0
458	458	2	0
458	458	3	0
458	458	4	0
458	458	5	0
458	458	6	0
458	458	7	0
458	458	8	0
458	458	9	1
458	458	10	0
458	458	11	3
458	458	12	2
458	458	13	0
458	458	14	0
458	458	15	0
458	458	16	0
458	458	17	0
458	458	18	0
458	458	19	0
458	458	20	0
458	458	21	0
458	458	22	0
458	458	23	0
458	458	24	0
458	458	25	0
458	458	26	1
458	458	27	0
458	458	28	0
458	458	29	0
458	458	30	0
458	458	31	0
458	458	32	0
458	458	33	0
458	458	34	2
458	458	35	0
458	458	36	0
458	458	37	0
459	459	0	0
459	459	1	3
459	459	2	0
459	459	3	0
459	459	4	1
459	459	5	0
459	459	6	0
459	459	7	0
459	459	8	0
459	459	9	0
459	459	10	0
459	459	11	0
459	459	12	0
459	459	13	0
459	459	14	0
459	459	15	0
459	459	16	0
459	459	17	0
459	459	18	0
459	459	19	0
459	459	20	0
459	459	21	0
459	459	22	0
459	459	23	0
459	459	24	0
459	459	25	0
459	459	26	0
459	459	27	0
459	459	28	0
459	459	29	0
459	459	30	0
459	459	31	0
459	459	32	0
459	459	33	0
459	459	34	0
459	459	35	0
459	459	36	0
459	459	37	0
460	460	0	0
460	460	1	1
460	460	2	0
460	460	3	0
460	460	4	0
460	460	5	0
460	460	6	0
460	460	7	0
460	460	8	0
460	460	9	0
460	460	10	0
460	460	11	0
460	460	12	0
460	460	13	0
460	460	14	0
460	460	15	0
460	460	16	0
460	460	17	0
460	460	18	0
460	460	19	0
460	460	20	0
460	460	21	0
460	460	22	0
460	460	23	0
460	460	24	0
460	460	25	0
460	460	26	0
460	460	27	0
460	460	28	2
460	460	29	0
460	460	30	0
460	460	31	0
460	460	32	0
460	460	33	0
460	460	34	0
460	460	35	0
460	460	36	0
460	460	37	0
461	461	0	0
461	461	1	0
461	461	2	0
461	461	3	0
461	461	4	0
461	461	5	1
461	461	6	0
461	461	7	0
461	461	8	0
461	461	9	2
461	461	10	0
461	461	11	2
461	461	12	0
461	461	13	0
461	461	14	0
461	461	15	0
461	461	16	0
461	461	17	0
461	461	18	0
461	461	19	0
461	461	20	0
461	461	21	0
461	461	22	1
461	461	23	2
461	461	24	0
461	461	25	0
461	461	26	2
461	461	27	1
461	461	28	0
461	461	29	1
461	461	30	0
461	461	31	0
461	461	32	0
461	461	33	0
461	461	34	0
461	461	35	0
461	461	36	0
461	461	37	2
462	462	0	0
462	462	1	0
462	462	2	0
462	462	3	0
462	462	4	0
462	462	5	0
462	462	6	0
462	462	7	0
462	462	8	0
462	462	9	1
462	462	10	0
462	462	11	0
462	462	12	0
462	462	13	1
462	462	14	0
462	462	15	0
462	462	16	0
462	462	17	2
462	462	18	0
462	462	19	0
462	462	20	0
462	462	21	3
462	462	22	0
462	462	23	0
462	462	24	0
462	462	25	2
462	462	26	0
462	462	27	0
462	462	28	0
462	462	29	3
462	462	30	6
462	462	31	0
462	462	32	4
462	462	33	0
462	462	34	0
462	462	35	0
462	462	36	0
462	462	37	0
463	463	0	0
463	463	1	0
463	463	2	0
463	463	3	0
463	463	4	1
463	463	5	2
463	463	6	0
463	463	7	0
463	463	8	0
463	463	9	0
463	463	10	0
463	463	11	0
463	463	12	0
463	463	13	0
463	463	14	0
463	463	15	0
463	463	16	0
463	463	17	0
463	463	18	0
463	463	19	0
463	463	20	0
463	463	21	0
463	463	22	1
463	463	23	0
463	463	24	0
463	463	25	1
463	463	26	2
463	463	27	0
463	463	28	2
463	463	29	0
463	463	30	0
463	463	31	0
463	463	32	0
463	463	33	0
463	463	34	0
463	463	35	0
463	463	36	3
463	463	37	0
464	464	0	0
464	464	1	0
464	464	2	0
464	464	3	0
464	464	4	0
464	464	5	0
464	464	6	0
464	464	7	0
464	464	8	0
464	464	9	0
464	464	10	0
464	464	11	0
464	464	12	0
464	464	13	0
464	464	14	0
464	464	15	0
464	464	16	2
464	464	17	0
464	464	18	0
464	464	19	0
464	464	20	0
464	464	21	1
464	464	22	0
464	464	23	0
464	464	24	0
464	464	25	0
464	464	26	1
464	464	27	0
464	464	28	0
464	464	29	0
464	464	30	0
464	464	31	0
464	464	32	0
464	464	33	0
464	464	34	0
464	464	35	0
464	464	36	0
464	464	37	1
465	465	0	0
465	465	1	0
465	465	2	0
465	465	3	0
465	465	4	0
465	465	5	0
465	465	6	0
465	465	7	1
465	465	8	0
465	465	9	0
465	465	10	0
465	465	11	0
465	465	12	0
465	465	13	0
465	465	14	0
465	465	15	0
465	465	16	0
465	465	17	4
465	465	18	1
465	465	19	0
465	465	20	0
465	465	21	0
465	465	22	0
465	465	23	0
465	465	24	0
465	465	25	1
465	465	26	1
465	465	27	0
465	465	28	0
465	465	29	2
465	465	30	3
465	465	31	0
465	465	32	1
465	465	33	0
465	465	34	0
465	465	35	0
465	465	36	0
465	465	37	0
466	466	0	0
466	466	1	0
466	466	2	2
466	466	3	0
466	466	4	0
466	466	5	0
466	466	6	0
466	466	7	0
466	466	8	0
466	466	9	1
466	466	10	0
466	466	11	0
466	466	12	1
466	466	13	1
466	466	14	0
466	466	15	0
466	466	16	1
466	466	17	1
466	466	18	1
466	466	19	1
466	466	20	0
466	466	21	0
466	466	22	0
466	466	23	0
466	466	24	0
466	466	25	0
466	466	26	5
466	466	27	0
466	466	28	0
466	466	29	0
466	466	30	0
466	466	31	1
466	466	32	0
466	466	33	0
466	466	34	0
466	466	35	1
466	466	36	2
466	466	37	2
467	467	0	0
467	467	1	0
467	467	2	0
467	467	3	0
467	467	4	0
467	467	5	1
467	467	6	0
467	467	7	2
467	467	8	0
467	467	9	0
467	467	10	0
467	467	11	0
467	467	12	0
467	467	13	0
467	467	14	0
467	467	15	0
467	467	16	0
467	467	17	0
467	467	18	1
467	467	19	0
467	467	20	0
467	467	21	2
467	467	22	0
467	467	23	0
467	467	24	0
467	467	25	0
467	467	26	0
467	467	27	1
467	467	28	2
467	467	29	0
467	467	30	2
467	467	31	0
467	467	32	3
467	467	33	0
467	467	34	0
467	467	35	0
467	467	36	0
467	467	37	1
468	468	0	0
468	468	1	0
468	468	2	0
468	468	3	0
468	468	4	0
468	468	5	0
468	468	6	0
468	468	7	0
468	468	8	1
468	468	9	0
468	468	10	0
468	468	11	0
468	468	12	1
468	468	13	0
468	468	14	1
468	468	15	6
468	468	16	0
468	468	17	2
468	468	18	2
468	468	19	0
468	468	20	1
468	468	21	0
468	468	22	0
468	468	23	3
468	468	24	0
468	468	25	4
468	468	26	4
468	468	27	0
468	468	28	0
468	468	29	4
468	468	30	1
468	468	31	0
468	468	32	2
468	468	33	2
468	468	34	1
468	468	35	3
468	468	36	0
468	468	37	0
469	469	0	0
469	469	1	0
469	469	2	0
469	469	3	0
469	469	4	0
469	469	5	0
469	469	6	0
469	469	7	2
469	469	8	0
469	469	9	0
469	469	10	0
469	469	11	0
469	469	12	0
469	469	13	0
469	469	14	0
469	469	15	0
469	469	16	0
469	469	17	0
469	469	18	0
469	469	19	0
469	469	20	0
469	469	21	0
469	469	22	0
469	469	23	0
469	469	24	0
469	469	25	0
469	469	26	1
469	469	27	2
469	469	28	0
469	469	29	0
469	469	30	10
469	469	31	2
469	469	32	2
469	469	33	0
469	469	34	5
469	469	35	6
469	469	36	4
469	469	37	6
470	470	0	0
470	470	1	0
470	470	2	0
470	470	3	0
470	470	4	0
470	470	5	0
470	470	6	0
470	470	7	0
470	470	8	0
470	470	9	0
470	470	10	1
470	470	11	0
470	470	12	0
470	470	13	0
470	470	14	0
470	470	15	0
470	470	16	0
470	470	17	0
470	470	18	0
470	470	19	0
470	470	20	1
470	470	21	0
470	470	22	0
470	470	23	0
470	470	24	0
470	470	25	0
470	470	26	0
470	470	27	0
470	470	28	0
470	470	29	0
470	470	30	0
470	470	31	1
470	470	32	2
470	470	33	0
470	470	34	1
470	470	35	0
470	470	36	0
470	470	37	0
471	471	0	0
471	471	1	0
471	471	2	0
471	471	3	0
471	471	4	0
471	471	5	0
471	471	6	0
471	471	7	0
471	471	8	0
471	471	9	0
471	471	10	0
471	471	11	0
471	471	12	0
471	471	13	0
471	471	14	0
471	471	15	0
471	471	16	0
471	471	17	0
471	471	18	0
471	471	19	0
471	471	20	0
471	471	21	0
471	471	22	0
471	471	23	0
471	471	24	0
471	471	25	0
471	471	26	0
471	471	27	0
471	471	28	0
471	471	29	0
471	471	30	6
471	471	31	1
471	471	32	1
471	471	33	1
471	471	34	1
471	471	35	2
471	471	36	2
471	471	37	0
472	472	0	0
472	472	1	1
472	472	2	0
472	472	3	1
472	472	4	1
472	472	5	0
472	472	6	1
472	472	7	0
472	472	8	1
472	472	9	0
472	472	10	4
472	472	11	0
472	472	12	0
472	472	13	0
472	472	14	0
472	472	15	1
472	472	16	0
472	472	17	1
472	472	18	0
472	472	19	0
472	472	20	2
472	472	21	2
472	472	22	1
472	472	23	0
472	472	24	2
472	472	25	0
472	472	26	0
472	472	27	0
472	472	28	0
472	472	29	0
472	472	30	6
472	472	31	2
472	472	32	5
472	472	33	0
472	472	34	5
472	472	35	0
472	472	36	3
472	472	37	1
473	473	0	0
473	473	1	1
473	473	2	2
473	473	3	0
473	473	4	0
473	473	5	0
473	473	6	1
473	473	7	0
473	473	8	0
473	473	9	0
473	473	10	0
473	473	11	2
473	473	12	0
473	473	13	4
473	473	14	0
473	473	15	0
473	473	16	0
473	473	17	0
473	473	18	0
473	473	19	2
473	473	20	0
473	473	21	0
473	473	22	0
473	473	23	1
473	473	24	0
473	473	25	0
473	473	26	3
473	473	27	0
473	473	28	1
473	473	29	0
473	473	30	0
473	473	31	1
473	473	32	1
473	473	33	2
473	473	34	0
473	473	35	0
473	473	36	2
473	473	37	3
474	474	0	0
474	474	1	0
474	474	2	0
474	474	3	0
474	474	4	0
474	474	5	0
474	474	6	2
474	474	7	0
474	474	8	0
474	474	9	0
474	474	10	0
474	474	11	0
474	474	12	2
474	474	13	0
474	474	14	0
474	474	15	1
474	474	16	0
474	474	17	0
474	474	18	0
474	474	19	0
474	474	20	1
474	474	21	0
474	474	22	0
474	474	23	0
474	474	24	0
474	474	25	0
474	474	26	0
474	474	27	0
474	474	28	2
474	474	29	0
474	474	30	0
474	474	31	3
474	474	32	1
474	474	33	0
474	474	34	0
474	474	35	0
474	474	36	1
474	474	37	0
475	475	0	0
475	475	1	0
475	475	2	0
475	475	3	0
475	475	4	0
475	475	5	3
475	475	6	0
475	475	7	0
475	475	8	0
475	475	9	3
475	475	10	0
475	475	11	0
475	475	12	1
475	475	13	0
475	475	14	1
475	475	15	1
475	475	16	0
475	475	17	1
475	475	18	0
475	475	19	0
475	475	20	0
475	475	21	0
475	475	22	0
475	475	23	0
475	475	24	2
475	475	25	0
475	475	26	0
475	475	27	0
475	475	28	0
475	475	29	0
475	475	30	1
475	475	31	0
475	475	32	0
475	475	33	0
475	475	34	1
475	475	35	2
475	475	36	0
475	475	37	0
476	476	0	0
476	476	1	1
476	476	2	0
476	476	3	0
476	476	4	0
476	476	5	0
476	476	6	0
476	476	7	0
476	476	8	0
476	476	9	1
476	476	10	0
476	476	11	0
476	476	12	3
476	476	13	1
476	476	14	0
476	476	15	0
476	476	16	0
476	476	17	3
476	476	18	0
476	476	19	0
476	476	20	0
476	476	21	1
476	476	22	3
476	476	23	0
476	476	24	0
476	476	25	0
476	476	26	0
476	476	27	3
476	476	28	0
476	476	29	0
476	476	30	0
476	476	31	1
476	476	32	0
476	476	33	0
476	476	34	3
476	476	35	1
476	476	36	0
476	476	37	0
477	477	0	0
477	477	1	0
477	477	2	0
477	477	3	0
477	477	4	0
477	477	5	0
477	477	6	0
477	477	7	0
477	477	8	0
477	477	9	0
477	477	10	0
477	477	11	0
477	477	12	0
477	477	13	0
477	477	14	0
477	477	15	0
477	477	16	0
477	477	17	0
477	477	18	0
477	477	19	0
477	477	20	0
477	477	21	0
477	477	22	0
477	477	23	0
477	477	24	0
477	477	25	0
477	477	26	0
477	477	27	0
477	477	28	0
477	477	29	0
477	477	30	0
477	477	31	0
477	477	32	0
477	477	33	0
477	477	34	0
477	477	35	0
477	477	36	0
477	477	37	0
478	478	0	0
478	478	1	3
478	478	2	0
478	478	3	0
478	478	4	1
478	478	5	0
478	478	6	1
478	478	7	0
478	478	8	0
478	478	9	0
478	478	10	0
478	478	11	0
478	478	12	0
478	478	13	0
478	478	14	0
478	478	15	0
478	478	16	0
478	478	17	0
478	478	18	0
478	478	19	0
478	478	20	0
478	478	21	0
478	478	22	0
478	478	23	0
478	478	24	0
478	478	25	0
478	478	26	0
478	478	27	0
478	478	28	0
478	478	29	0
478	478	30	0
478	478	31	0
478	478	32	0
478	478	33	0
478	478	34	2
478	478	35	0
478	478	36	0
478	478	37	0
479	479	0	1
479	479	1	0
479	479	2	0
479	479	3	1
479	479	4	0
479	479	5	2
479	479	6	0
479	479	7	0
479	479	8	0
479	479	9	0
479	479	10	0
479	479	11	1
479	479	12	0
479	479	13	0
479	479	14	0
479	479	15	0
479	479	16	0
479	479	17	0
479	479	18	0
479	479	19	0
479	479	20	0
479	479	21	0
479	479	22	0
479	479	23	0
479	479	24	0
479	479	25	0
479	479	26	0
479	479	27	0
479	479	28	0
479	479	29	0
479	479	30	0
479	479	31	1
479	479	32	0
479	479	33	0
479	479	34	0
479	479	35	0
479	479	36	0
479	479	37	0
480	480	0	0
480	480	1	0
480	480	2	0
480	480	3	0
480	480	4	0
480	480	5	0
480	480	6	0
480	480	7	0
480	480	8	0
480	480	9	1
480	480	10	0
480	480	11	0
480	480	12	0
480	480	13	0
480	480	14	0
480	480	15	0
480	480	16	0
480	480	17	2
480	480	18	0
480	480	19	0
480	480	20	0
480	480	21	0
480	480	22	0
480	480	23	0
480	480	24	1
480	480	25	0
480	480	26	0
480	480	27	0
480	480	28	5
480	480	29	0
480	480	30	2
480	480	31	0
480	480	32	0
480	480	33	4
480	480	34	0
480	480	35	1
480	480	36	1
480	480	37	1
481	481	0	0
481	481	1	1
481	481	2	2
481	481	3	0
481	481	4	0
481	481	5	2
481	481	6	0
481	481	7	1
481	481	8	1
481	481	9	0
481	481	10	0
481	481	11	1
481	481	12	0
481	481	13	0
481	481	14	1
481	481	15	0
481	481	16	0
481	481	17	0
481	481	18	0
481	481	19	0
481	481	20	0
481	481	21	0
481	481	22	0
481	481	23	0
481	481	24	1
481	481	25	1
481	481	26	3
481	481	27	1
481	481	28	0
481	481	29	0
481	481	30	0
481	481	31	0
481	481	32	0
481	481	33	0
481	481	34	3
481	481	35	4
481	481	36	0
481	481	37	0
482	482	0	0
482	482	1	0
482	482	2	0
482	482	3	0
482	482	4	0
482	482	5	0
482	482	6	0
482	482	7	0
482	482	8	0
482	482	9	0
482	482	10	1
482	482	11	0
482	482	12	0
482	482	13	0
482	482	14	0
482	482	15	0
482	482	16	0
482	482	17	0
482	482	18	0
482	482	19	0
482	482	20	0
482	482	21	0
482	482	22	0
482	482	23	0
482	482	24	0
482	482	25	0
482	482	26	0
482	482	27	4
482	482	28	0
482	482	29	0
482	482	30	0
482	482	31	1
482	482	32	0
482	482	33	0
482	482	34	0
482	482	35	0
482	482	36	0
482	482	37	0
483	483	0	0
483	483	1	0
483	483	2	0
483	483	3	0
483	483	4	1
483	483	5	0
483	483	6	0
483	483	7	0
483	483	8	0
483	483	9	0
483	483	10	1
483	483	11	0
483	483	12	0
483	483	13	0
483	483	14	0
483	483	15	0
483	483	16	0
483	483	17	0
483	483	18	0
483	483	19	0
483	483	20	0
483	483	21	0
483	483	22	0
483	483	23	0
483	483	24	0
483	483	25	0
483	483	26	0
483	483	27	0
483	483	28	0
483	483	29	0
483	483	30	0
483	483	31	2
483	483	32	0
483	483	33	0
483	483	34	0
483	483	35	0
483	483	36	0
483	483	37	0
484	484	0	0
484	484	1	0
484	484	2	0
484	484	3	0
484	484	4	2
484	484	5	0
484	484	6	0
484	484	7	0
484	484	8	0
484	484	9	0
484	484	10	0
484	484	11	1
484	484	12	0
484	484	13	1
484	484	14	0
484	484	15	1
484	484	16	0
484	484	17	0
484	484	18	0
484	484	19	0
484	484	20	0
484	484	21	0
484	484	22	0
484	484	23	1
484	484	24	0
484	484	25	0
484	484	26	0
484	484	27	0
484	484	28	0
484	484	29	0
484	484	30	0
484	484	31	0
484	484	32	0
484	484	33	0
484	484	34	0
484	484	35	0
484	484	36	0
484	484	37	0
485	485	0	0
485	485	1	0
485	485	2	0
485	485	3	4
485	485	4	0
485	485	5	0
485	485	6	0
485	485	7	0
485	485	8	0
485	485	9	0
485	485	10	0
485	485	11	0
485	485	12	0
485	485	13	3
485	485	14	0
485	485	15	0
485	485	16	0
485	485	17	0
485	485	18	0
485	485	19	0
485	485	20	0
485	485	21	0
485	485	22	0
485	485	23	0
485	485	24	0
485	485	25	0
485	485	26	0
485	485	27	0
485	485	28	0
485	485	29	0
485	485	30	0
485	485	31	0
485	485	32	0
485	485	33	0
485	485	34	0
485	485	35	3
485	485	36	0
485	485	37	1
486	486	0	0
486	486	1	0
486	486	2	0
486	486	3	0
486	486	4	0
486	486	5	0
486	486	6	0
486	486	7	0
486	486	8	0
486	486	9	0
486	486	10	1
486	486	11	0
486	486	12	0
486	486	13	0
486	486	14	0
486	486	15	2
486	486	16	0
486	486	17	0
486	486	18	0
486	486	19	0
486	486	20	0
486	486	21	0
486	486	22	0
486	486	23	0
486	486	24	0
486	486	25	0
486	486	26	0
486	486	27	0
486	486	28	0
486	486	29	0
486	486	30	0
486	486	31	0
486	486	32	0
486	486	33	0
486	486	34	0
486	486	35	0
486	486	36	0
486	486	37	0
487	487	0	0
487	487	1	0
487	487	2	0
487	487	3	0
487	487	4	0
487	487	5	0
487	487	6	0
487	487	7	0
487	487	8	0
487	487	9	0
487	487	10	0
487	487	11	0
487	487	12	0
487	487	13	0
487	487	14	0
487	487	15	0
487	487	16	0
487	487	17	0
487	487	18	0
487	487	19	0
487	487	20	0
487	487	21	0
487	487	22	0
487	487	23	0
487	487	24	0
487	487	25	0
487	487	26	0
487	487	27	0
487	487	28	0
487	487	29	0
487	487	30	0
487	487	31	0
487	487	32	0
487	487	33	2
487	487	34	0
487	487	35	0
487	487	36	0
487	487	37	0
488	488	0	0
488	488	1	0
488	488	2	0
488	488	3	0
488	488	4	0
488	488	5	0
488	488	6	0
488	488	7	0
488	488	8	0
488	488	9	3
488	488	10	0
488	488	11	0
488	488	12	0
488	488	13	0
488	488	14	0
488	488	15	0
488	488	16	0
488	488	17	0
488	488	18	1
488	488	19	0
488	488	20	0
488	488	21	0
488	488	22	3
488	488	23	0
488	488	24	0
488	488	25	0
488	488	26	0
488	488	27	1
488	488	28	1
488	488	29	0
488	488	30	0
488	488	31	0
488	488	32	0
488	488	33	1
488	488	34	0
488	488	35	0
488	488	36	0
488	488	37	0
489	489	0	0
489	489	1	0
489	489	2	0
489	489	3	0
489	489	4	0
489	489	5	0
489	489	6	0
489	489	7	0
489	489	8	0
489	489	9	0
489	489	10	0
489	489	11	0
489	489	12	0
489	489	13	0
489	489	14	0
489	489	15	0
489	489	16	1
489	489	17	0
489	489	18	0
489	489	19	0
489	489	20	0
489	489	21	0
489	489	22	0
489	489	23	0
489	489	24	0
489	489	25	0
489	489	26	1
489	489	27	0
489	489	28	0
489	489	29	0
489	489	30	0
489	489	31	0
489	489	32	0
489	489	33	0
489	489	34	0
489	489	35	0
489	489	36	0
489	489	37	0
490	490	0	0
490	490	1	0
490	490	2	0
490	490	3	0
490	490	4	0
490	490	5	0
490	490	6	0
490	490	7	0
490	490	8	0
490	490	9	0
490	490	10	1
490	490	11	0
490	490	12	0
490	490	13	1
490	490	14	0
490	490	15	0
490	490	16	0
490	490	17	0
490	490	18	0
490	490	19	0
490	490	20	0
490	490	21	0
490	490	22	0
490	490	23	0
490	490	24	0
490	490	25	0
490	490	26	0
490	490	27	0
490	490	28	0
490	490	29	0
490	490	30	0
490	490	31	0
490	490	32	1
490	490	33	0
490	490	34	0
490	490	35	0
490	490	36	0
490	490	37	0
491	491	0	0
491	491	1	0
491	491	2	0
491	491	3	0
491	491	4	0
491	491	5	0
491	491	6	0
491	491	7	0
491	491	8	0
491	491	9	0
491	491	10	0
491	491	11	0
491	491	12	0
491	491	13	0
491	491	14	0
491	491	15	0
491	491	16	0
491	491	17	0
491	491	18	0
491	491	19	0
491	491	20	0
491	491	21	0
491	491	22	0
491	491	23	0
491	491	24	0
491	491	25	0
491	491	26	0
491	491	27	0
491	491	28	0
491	491	29	0
491	491	30	0
491	491	31	0
491	491	32	0
491	491	33	0
491	491	34	0
491	491	35	0
491	491	36	1
491	491	37	0
492	492	0	0
492	492	1	0
492	492	2	0
492	492	3	1
492	492	4	0
492	492	5	0
492	492	6	0
492	492	7	0
492	492	8	0
492	492	9	0
492	492	10	0
492	492	11	0
492	492	12	0
492	492	13	0
492	492	14	0
492	492	15	0
492	492	16	0
492	492	17	0
492	492	18	0
492	492	19	0
492	492	20	0
492	492	21	0
492	492	22	0
492	492	23	0
492	492	24	0
492	492	25	0
492	492	26	0
492	492	27	0
492	492	28	0
492	492	29	0
492	492	30	0
492	492	31	0
492	492	32	0
492	492	33	0
492	492	34	0
492	492	35	0
492	492	36	0
492	492	37	0
493	493	0	0
493	493	1	0
493	493	2	0
493	493	3	0
493	493	4	0
493	493	5	0
493	493	6	0
493	493	7	0
493	493	8	0
493	493	9	0
493	493	10	0
493	493	11	0
493	493	12	0
493	493	13	0
493	493	14	1
493	493	15	0
493	493	16	0
493	493	17	2
493	493	18	0
493	493	19	0
493	493	20	0
493	493	21	0
493	493	22	0
493	493	23	0
493	493	24	0
493	493	25	3
493	493	26	4
493	493	27	0
493	493	28	0
493	493	29	5
493	493	30	0
493	493	31	0
493	493	32	0
493	493	33	0
493	493	34	3
493	493	35	0
493	493	36	0
493	493	37	0
494	494	0	0
494	494	1	0
494	494	2	0
494	494	3	0
494	494	4	0
494	494	5	2
494	494	6	0
494	494	7	1
494	494	8	0
494	494	9	0
494	494	10	0
494	494	11	0
494	494	12	0
494	494	13	0
494	494	14	0
494	494	15	0
494	494	16	0
494	494	17	0
494	494	18	0
494	494	19	0
494	494	20	0
494	494	21	0
494	494	22	0
494	494	23	0
494	494	24	0
494	494	25	0
494	494	26	0
494	494	27	0
494	494	28	0
494	494	29	0
494	494	30	0
494	494	31	0
494	494	32	0
494	494	33	0
494	494	34	0
494	494	35	0
494	494	36	0
494	494	37	0
495	495	0	0
495	495	1	0
495	495	2	0
495	495	3	0
495	495	4	0
495	495	5	0
495	495	6	0
495	495	7	0
495	495	8	0
495	495	9	0
495	495	10	0
495	495	11	0
495	495	12	0
495	495	13	0
495	495	14	0
495	495	15	0
495	495	16	0
495	495	17	0
495	495	18	0
495	495	19	0
495	495	20	0
495	495	21	2
495	495	22	1
495	495	23	0
495	495	24	0
495	495	25	0
495	495	26	0
495	495	27	0
495	495	28	0
495	495	29	0
495	495	30	0
495	495	31	0
495	495	32	1
495	495	33	0
495	495	34	1
495	495	35	0
495	495	36	0
495	495	37	0
496	496	0	0
496	496	1	0
496	496	2	0
496	496	3	0
496	496	4	0
496	496	5	1
496	496	6	0
496	496	7	0
496	496	8	2
496	496	9	1
496	496	10	0
496	496	11	0
496	496	12	2
496	496	13	3
496	496	14	1
496	496	15	1
496	496	16	0
496	496	17	0
496	496	18	0
496	496	19	6
496	496	20	1
496	496	21	0
496	496	22	1
496	496	23	0
496	496	24	2
496	496	25	5
496	496	26	1
496	496	27	2
496	496	28	1
496	496	29	1
496	496	30	2
496	496	31	2
496	496	32	2
496	496	33	1
496	496	34	4
496	496	35	5
496	496	36	2
496	496	37	2
497	497	0	0
497	497	1	0
497	497	2	0
497	497	3	0
497	497	4	0
497	497	5	0
497	497	6	0
497	497	7	0
497	497	8	0
497	497	9	0
497	497	10	0
497	497	11	0
497	497	12	0
497	497	13	4
497	497	14	0
497	497	15	1
497	497	16	0
497	497	17	0
497	497	18	0
497	497	19	0
497	497	20	0
497	497	21	0
497	497	22	0
497	497	23	0
497	497	24	0
497	497	25	0
497	497	26	0
497	497	27	0
497	497	28	0
497	497	29	3
497	497	30	0
497	497	31	0
497	497	32	0
497	497	33	2
497	497	34	0
497	497	35	2
497	497	36	0
497	497	37	0
498	498	0	0
498	498	1	0
498	498	2	0
498	498	3	0
498	498	4	0
498	498	5	1
498	498	6	0
498	498	7	0
498	498	8	0
498	498	9	0
498	498	10	0
498	498	11	0
498	498	12	0
498	498	13	0
498	498	14	2
498	498	15	0
498	498	16	0
498	498	17	0
498	498	18	0
498	498	19	0
498	498	20	0
498	498	21	0
498	498	22	0
498	498	23	0
498	498	24	0
498	498	25	0
498	498	26	0
498	498	27	0
498	498	28	0
498	498	29	0
498	498	30	0
498	498	31	0
498	498	32	1
498	498	33	3
498	498	34	0
498	498	35	0
498	498	36	3
498	498	37	1
499	499	0	0
499	499	1	0
499	499	2	1
499	499	3	0
499	499	4	0
499	499	5	0
499	499	6	0
499	499	7	0
499	499	8	0
499	499	9	0
499	499	10	1
499	499	11	0
499	499	12	0
499	499	13	0
499	499	14	0
499	499	15	0
499	499	16	0
499	499	17	0
499	499	18	0
499	499	19	0
499	499	20	0
499	499	21	0
499	499	22	0
499	499	23	0
499	499	24	0
499	499	25	0
499	499	26	0
499	499	27	0
499	499	28	0
499	499	29	1
499	499	30	1
499	499	31	1
499	499	32	1
499	499	33	1
499	499	34	5
499	499	35	6
499	499	36	2
499	499	37	1
500	500	0	0
500	500	1	0
500	500	2	1
500	500	3	0
500	500	4	0
500	500	5	0
500	500	6	0
500	500	7	0
500	500	8	0
500	500	9	0
500	500	10	0
500	500	11	0
500	500	12	0
500	500	13	0
500	500	14	0
500	500	15	0
500	500	16	0
500	500	17	0
500	500	18	0
500	500	19	0
500	500	20	0
500	500	21	0
500	500	22	0
500	500	23	0
500	500	24	0
500	500	25	1
500	500	26	0
500	500	27	0
500	500	28	0
500	500	29	1
500	500	30	0
500	500	31	0
500	500	32	0
500	500	33	0
500	500	34	0
500	500	35	0
500	500	36	0
500	500	37	0
501	501	0	0
501	501	1	0
501	501	2	0
501	501	3	0
501	501	4	0
501	501	5	0
501	501	6	0
501	501	7	0
501	501	8	0
501	501	9	3
501	501	10	0
501	501	11	0
501	501	12	0
501	501	13	0
501	501	14	0
501	501	15	0
501	501	16	0
501	501	17	0
501	501	18	0
501	501	19	0
501	501	20	0
501	501	21	0
501	501	22	0
501	501	23	0
501	501	24	0
501	501	25	0
501	501	26	0
501	501	27	0
501	501	28	1
501	501	29	0
501	501	30	0
501	501	31	0
501	501	32	0
501	501	33	0
501	501	34	0
501	501	35	0
501	501	36	0
501	501	37	0
502	502	0	0
502	502	1	0
502	502	2	0
502	502	3	0
502	502	4	0
502	502	5	0
502	502	6	1
502	502	7	0
502	502	8	0
502	502	9	0
502	502	10	0
502	502	11	0
502	502	12	0
502	502	13	0
502	502	14	0
502	502	15	0
502	502	16	0
502	502	17	0
502	502	18	0
502	502	19	0
502	502	20	0
502	502	21	0
502	502	22	0
502	502	23	3
502	502	24	0
502	502	25	0
502	502	26	0
502	502	27	2
502	502	28	0
502	502	29	0
502	502	30	0
502	502	31	0
502	502	32	4
502	502	33	0
502	502	34	0
502	502	35	2
502	502	36	4
502	502	37	2
503	503	0	0
503	503	1	0
503	503	2	0
503	503	3	0
503	503	4	0
503	503	5	0
503	503	6	0
503	503	7	0
503	503	8	0
503	503	9	0
503	503	10	0
503	503	11	2
503	503	12	0
503	503	13	0
503	503	14	0
503	503	15	2
503	503	16	0
503	503	17	1
503	503	18	0
503	503	19	0
503	503	20	0
503	503	21	4
503	503	22	0
503	503	23	0
503	503	24	2
503	503	25	1
503	503	26	2
503	503	27	0
503	503	28	0
503	503	29	0
503	503	30	0
503	503	31	0
503	503	32	0
503	503	33	1
503	503	34	0
503	503	35	1
503	503	36	0
503	503	37	0
504	504	0	0
504	504	1	3
504	504	2	0
504	504	3	0
504	504	4	0
504	504	5	1
504	504	6	0
504	504	7	0
504	504	8	0
504	504	9	0
504	504	10	0
504	504	11	1
504	504	12	0
504	504	13	0
504	504	14	0
504	504	15	2
504	504	16	0
504	504	17	0
504	504	18	0
504	504	19	0
504	504	20	0
504	504	21	6
504	504	22	2
504	504	23	0
504	504	24	0
504	504	25	0
504	504	26	0
504	504	27	0
504	504	28	0
504	504	29	0
504	504	30	1
504	504	31	0
504	504	32	0
504	504	33	0
504	504	34	0
504	504	35	0
504	504	36	0
504	504	37	0
505	505	0	0
505	505	1	0
505	505	2	0
505	505	3	0
505	505	4	0
505	505	5	0
505	505	6	0
505	505	7	0
505	505	8	0
505	505	9	0
505	505	10	0
505	505	11	0
505	505	12	1
505	505	13	0
505	505	14	0
505	505	15	0
505	505	16	0
505	505	17	0
505	505	18	0
505	505	19	0
505	505	20	0
505	505	21	0
505	505	22	0
505	505	23	0
505	505	24	0
505	505	25	0
505	505	26	0
505	505	27	0
505	505	28	0
505	505	29	0
505	505	30	0
505	505	31	0
505	505	32	0
505	505	33	0
505	505	34	0
505	505	35	0
505	505	36	0
505	505	37	0
506	506	0	0
506	506	1	0
506	506	2	0
506	506	3	0
506	506	4	0
506	506	5	0
506	506	6	0
506	506	7	0
506	506	8	0
506	506	9	0
506	506	10	0
506	506	11	0
506	506	12	0
506	506	13	0
506	506	14	0
506	506	15	0
506	506	16	0
506	506	17	0
506	506	18	0
506	506	19	0
506	506	20	0
506	506	21	0
506	506	22	0
506	506	23	0
506	506	24	0
506	506	25	0
506	506	26	0
506	506	27	0
506	506	28	0
506	506	29	0
506	506	30	0
506	506	31	0
506	506	32	0
506	506	33	0
506	506	34	0
506	506	35	0
506	506	36	0
506	506	37	0
507	507	0	0
507	507	1	0
507	507	2	0
507	507	3	0
507	507	4	0
507	507	5	0
507	507	6	0
507	507	7	0
507	507	8	0
507	507	9	0
507	507	10	0
507	507	11	0
507	507	12	0
507	507	13	0
507	507	14	0
507	507	15	0
507	507	16	0
507	507	17	0
507	507	18	0
507	507	19	0
507	507	20	0
507	507	21	0
507	507	22	0
507	507	23	0
507	507	24	0
507	507	25	0
507	507	26	0
507	507	27	0
507	507	28	0
507	507	29	0
507	507	30	0
507	507	31	0
507	507	32	0
507	507	33	0
507	507	34	0
507	507	35	0
507	507	36	0
507	507	37	0
508	508	0	0
508	508	1	0
508	508	2	0
508	508	3	0
508	508	4	0
508	508	5	0
508	508	6	0
508	508	7	0
508	508	8	0
508	508	9	0
508	508	10	0
508	508	11	0
508	508	12	0
508	508	13	0
508	508	14	0
508	508	15	0
508	508	16	0
508	508	17	0
508	508	18	0
508	508	19	0
508	508	20	0
508	508	21	0
508	508	22	0
508	508	23	0
508	508	24	3
508	508	25	0
508	508	26	0
508	508	27	0
508	508	28	0
508	508	29	0
508	508	30	1
508	508	31	0
508	508	32	0
508	508	33	0
508	508	34	0
508	508	35	0
508	508	36	0
508	508	37	0
509	509	0	0
509	509	1	0
509	509	2	0
509	509	3	0
509	509	4	0
509	509	5	0
509	509	6	0
509	509	7	0
509	509	8	2
509	509	9	0
509	509	10	0
509	509	11	0
509	509	12	0
509	509	13	0
509	509	14	0
509	509	15	2
509	509	16	0
509	509	17	2
509	509	18	1
509	509	19	0
509	509	20	3
509	509	21	3
509	509	22	0
509	509	23	2
509	509	24	0
509	509	25	0
509	509	26	0
509	509	27	5
509	509	28	2
509	509	29	1
509	509	30	0
509	509	31	1
509	509	32	1
509	509	33	1
509	509	34	0
509	509	35	0
509	509	36	3
509	509	37	2
510	510	0	0
510	510	1	0
510	510	2	0
510	510	3	0
510	510	4	0
510	510	5	0
510	510	6	0
510	510	7	0
510	510	8	0
510	510	9	0
510	510	10	0
510	510	11	0
510	510	12	0
510	510	13	0
510	510	14	0
510	510	15	0
510	510	16	0
510	510	17	0
510	510	18	0
510	510	19	0
510	510	20	0
510	510	21	0
510	510	22	0
510	510	23	0
510	510	24	0
510	510	25	0
510	510	26	0
510	510	27	0
510	510	28	0
510	510	29	0
510	510	30	0
510	510	31	0
510	510	32	0
510	510	33	0
510	510	34	0
510	510	35	0
510	510	36	0
510	510	37	0
511	511	0	0
511	511	1	0
511	511	2	0
511	511	3	0
511	511	4	0
511	511	5	0
511	511	6	0
511	511	7	0
511	511	8	0
511	511	9	0
511	511	10	0
511	511	11	0
511	511	12	0
511	511	13	0
511	511	14	0
511	511	15	0
511	511	16	0
511	511	17	1
511	511	18	0
511	511	19	0
511	511	20	0
511	511	21	0
511	511	22	0
511	511	23	0
511	511	24	0
511	511	25	0
511	511	26	0
511	511	27	0
511	511	28	0
511	511	29	0
511	511	30	0
511	511	31	0
511	511	32	0
511	511	33	0
511	511	34	0
511	511	35	0
511	511	36	0
511	511	37	0
512	512	0	0
512	512	1	0
512	512	2	0
512	512	3	0
512	512	4	0
512	512	5	2
512	512	6	0
512	512	7	0
512	512	8	0
512	512	9	0
512	512	10	0
512	512	11	0
512	512	12	0
512	512	13	0
512	512	14	0
512	512	15	0
512	512	16	0
512	512	17	0
512	512	18	0
512	512	19	0
512	512	20	0
512	512	21	0
512	512	22	0
512	512	23	0
512	512	24	0
512	512	25	0
512	512	26	0
512	512	27	0
512	512	28	0
512	512	29	0
512	512	30	0
512	512	31	0
512	512	32	0
512	512	33	0
512	512	34	0
512	512	35	2
512	512	36	0
512	512	37	0
513	513	0	0
513	513	1	0
513	513	2	0
513	513	3	0
513	513	4	0
513	513	5	0
513	513	6	0
513	513	7	1
513	513	8	0
513	513	9	0
513	513	10	0
513	513	11	0
513	513	12	0
513	513	13	0
513	513	14	0
513	513	15	0
513	513	16	0
513	513	17	0
513	513	18	0
513	513	19	1
513	513	20	0
513	513	21	0
513	513	22	0
513	513	23	0
513	513	24	0
513	513	25	0
513	513	26	0
513	513	27	0
513	513	28	0
513	513	29	0
513	513	30	0
513	513	31	0
513	513	32	0
513	513	33	0
513	513	34	0
513	513	35	0
513	513	36	0
513	513	37	0
514	514	0	0
514	514	1	0
514	514	2	0
514	514	3	0
514	514	4	0
514	514	5	0
514	514	6	0
514	514	7	0
514	514	8	2
514	514	9	0
514	514	10	0
514	514	11	0
514	514	12	0
514	514	13	1
514	514	14	0
514	514	15	0
514	514	16	0
514	514	17	0
514	514	18	0
514	514	19	0
514	514	20	0
514	514	21	0
514	514	22	2
514	514	23	0
514	514	24	0
514	514	25	0
514	514	26	1
514	514	27	0
514	514	28	1
514	514	29	0
514	514	30	0
514	514	31	0
514	514	32	1
514	514	33	2
514	514	34	2
514	514	35	1
514	514	36	0
514	514	37	0
515	515	0	0
515	515	1	0
515	515	2	0
515	515	3	0
515	515	4	0
515	515	5	0
515	515	6	1
515	515	7	0
515	515	8	0
515	515	9	0
515	515	10	0
515	515	11	0
515	515	12	0
515	515	13	2
515	515	14	0
515	515	15	0
515	515	16	0
515	515	17	0
515	515	18	0
515	515	19	0
515	515	20	0
515	515	21	0
515	515	22	0
515	515	23	0
515	515	24	1
515	515	25	0
515	515	26	2
515	515	27	0
515	515	28	0
515	515	29	0
515	515	30	0
515	515	31	0
515	515	32	0
515	515	33	0
515	515	34	0
515	515	35	3
515	515	36	0
515	515	37	0
516	516	0	0
516	516	1	0
516	516	2	0
516	516	3	1
516	516	4	0
516	516	5	0
516	516	6	0
516	516	7	0
516	516	8	0
516	516	9	0
516	516	10	0
516	516	11	0
516	516	12	0
516	516	13	1
516	516	14	0
516	516	15	0
516	516	16	0
516	516	17	0
516	516	18	0
516	516	19	3
516	516	20	0
516	516	21	0
516	516	22	1
516	516	23	0
516	516	24	1
516	516	25	0
516	516	26	0
516	516	27	6
516	516	28	0
516	516	29	6
516	516	30	0
516	516	31	1
516	516	32	0
516	516	33	2
516	516	34	1
516	516	35	0
516	516	36	1
516	516	37	0
517	517	0	0
517	517	1	0
517	517	2	1
517	517	3	0
517	517	4	0
517	517	5	0
517	517	6	0
517	517	7	0
517	517	8	0
517	517	9	0
517	517	10	0
517	517	11	0
517	517	12	1
517	517	13	0
517	517	14	0
517	517	15	0
517	517	16	0
517	517	17	0
517	517	18	0
517	517	19	0
517	517	20	0
517	517	21	0
517	517	22	0
517	517	23	0
517	517	24	0
517	517	25	0
517	517	26	0
517	517	27	0
517	517	28	0
517	517	29	0
517	517	30	0
517	517	31	0
517	517	32	0
517	517	33	1
517	517	34	0
517	517	35	3
517	517	36	0
517	517	37	0
518	518	0	0
518	518	1	0
518	518	2	0
518	518	3	0
518	518	4	1
518	518	5	0
518	518	6	0
518	518	7	0
518	518	8	0
518	518	9	1
518	518	10	0
518	518	11	0
518	518	12	0
518	518	13	0
518	518	14	0
518	518	15	0
518	518	16	0
518	518	17	0
518	518	18	0
518	518	19	0
518	518	20	0
518	518	21	0
518	518	22	0
518	518	23	1
518	518	24	0
518	518	25	0
518	518	26	2
518	518	27	1
518	518	28	0
518	518	29	0
518	518	30	0
518	518	31	0
518	518	32	0
518	518	33	0
518	518	34	0
518	518	35	0
518	518	36	3
518	518	37	0
519	519	0	0
519	519	1	0
519	519	2	0
519	519	3	0
519	519	4	0
519	519	5	0
519	519	6	0
519	519	7	0
519	519	8	2
519	519	9	0
519	519	10	0
519	519	11	3
519	519	12	1
519	519	13	0
519	519	14	0
519	519	15	0
519	519	16	0
519	519	17	0
519	519	18	0
519	519	19	0
519	519	20	0
519	519	21	0
519	519	22	0
519	519	23	0
519	519	24	0
519	519	25	0
519	519	26	0
519	519	27	0
519	519	28	0
519	519	29	0
519	519	30	2
519	519	31	0
519	519	32	1
519	519	33	0
519	519	34	0
519	519	35	0
519	519	36	0
519	519	37	0
520	520	0	0
520	520	1	1
520	520	2	0
520	520	3	0
520	520	4	0
520	520	5	0
520	520	6	0
520	520	7	0
520	520	8	2
520	520	9	0
520	520	10	1
520	520	11	0
520	520	12	1
520	520	13	0
520	520	14	0
520	520	15	0
520	520	16	2
520	520	17	0
520	520	18	4
520	520	19	1
520	520	20	3
520	520	21	4
520	520	22	2
520	520	23	0
520	520	24	4
520	520	25	3
520	520	26	5
520	520	27	4
520	520	28	3
520	520	29	2
520	520	30	7
520	520	31	8
520	520	32	3
520	520	33	2
520	520	34	1
520	520	35	6
520	520	36	2
520	520	37	8
521	521	0	0
521	521	1	2
521	521	2	1
521	521	3	1
521	521	4	0
521	521	5	0
521	521	6	0
521	521	7	0
521	521	8	4
521	521	9	0
521	521	10	3
521	521	11	0
521	521	12	2
521	521	13	1
521	521	14	1
521	521	15	0
521	521	16	0
521	521	17	1
521	521	18	3
521	521	19	1
521	521	20	5
521	521	21	6
521	521	22	0
521	521	23	5
521	521	24	0
521	521	25	0
521	521	26	6
521	521	27	4
521	521	28	0
521	521	29	0
521	521	30	0
521	521	31	11
521	521	32	5
521	521	33	1
521	521	34	1
521	521	35	7
521	521	36	1
521	521	37	2
522	522	0	0
522	522	1	0
522	522	2	1
522	522	3	0
522	522	4	2
522	522	5	0
522	522	6	0
522	522	7	0
522	522	8	0
522	522	9	0
522	522	10	0
522	522	11	0
522	522	12	0
522	522	13	0
522	522	14	0
522	522	15	0
522	522	16	0
522	522	17	0
522	522	18	0
522	522	19	0
522	522	20	0
522	522	21	0
522	522	22	0
522	522	23	0
522	522	24	0
522	522	25	0
522	522	26	0
522	522	27	0
522	522	28	0
522	522	29	0
522	522	30	2
522	522	31	0
522	522	32	1
522	522	33	1
522	522	34	0
522	522	35	0
522	522	36	0
522	522	37	0
523	523	0	0
523	523	1	0
523	523	2	0
523	523	3	0
523	523	4	0
523	523	5	0
523	523	6	0
523	523	7	0
523	523	8	0
523	523	9	0
523	523	10	2
523	523	11	0
523	523	12	0
523	523	13	1
523	523	14	0
523	523	15	0
523	523	16	0
523	523	17	0
523	523	18	0
523	523	19	0
523	523	20	0
523	523	21	0
523	523	22	0
523	523	23	0
523	523	24	0
523	523	25	0
523	523	26	0
523	523	27	0
523	523	28	0
523	523	29	0
523	523	30	0
523	523	31	0
523	523	32	0
523	523	33	0
523	523	34	1
523	523	35	0
523	523	36	0
523	523	37	0
524	524	0	0
524	524	1	0
524	524	2	1
524	524	3	0
524	524	4	0
524	524	5	0
524	524	6	0
524	524	7	0
524	524	8	0
524	524	9	0
524	524	10	0
524	524	11	3
524	524	12	1
524	524	13	0
524	524	14	0
524	524	15	0
524	524	16	0
524	524	17	0
524	524	18	0
524	524	19	0
524	524	20	0
524	524	21	0
524	524	22	0
524	524	23	0
524	524	24	0
524	524	25	0
524	524	26	0
524	524	27	0
524	524	28	0
524	524	29	0
524	524	30	0
524	524	31	1
524	524	32	3
524	524	33	0
524	524	34	0
524	524	35	0
524	524	36	0
524	524	37	1
525	525	0	0
525	525	1	0
525	525	2	0
525	525	3	0
525	525	4	0
525	525	5	0
525	525	6	0
525	525	7	0
525	525	8	0
525	525	9	0
525	525	10	0
525	525	11	0
525	525	12	0
525	525	13	0
525	525	14	1
525	525	15	1
525	525	16	0
525	525	17	0
525	525	18	0
525	525	19	0
525	525	20	0
525	525	21	0
525	525	22	0
525	525	23	0
525	525	24	0
525	525	25	0
525	525	26	0
525	525	27	1
525	525	28	0
525	525	29	0
525	525	30	0
525	525	31	2
525	525	32	0
525	525	33	0
525	525	34	0
525	525	35	0
525	525	36	0
525	525	37	0
526	526	0	0
526	526	1	0
526	526	2	0
526	526	3	0
526	526	4	0
526	526	5	1
526	526	6	0
526	526	7	0
526	526	8	0
526	526	9	2
526	526	10	0
526	526	11	0
526	526	12	0
526	526	13	0
526	526	14	0
526	526	15	0
526	526	16	1
526	526	17	0
526	526	18	0
526	526	19	0
526	526	20	0
526	526	21	0
526	526	22	0
526	526	23	0
526	526	24	0
526	526	25	0
526	526	26	0
526	526	27	0
526	526	28	0
526	526	29	0
526	526	30	0
526	526	31	0
526	526	32	0
526	526	33	0
526	526	34	0
526	526	35	0
526	526	36	0
526	526	37	0
527	527	0	0
527	527	1	0
527	527	2	0
527	527	3	1
527	527	4	0
527	527	5	0
527	527	6	0
527	527	7	0
527	527	8	0
527	527	9	0
527	527	10	0
527	527	11	0
527	527	12	0
527	527	13	0
527	527	14	0
527	527	15	0
527	527	16	0
527	527	17	0
527	527	18	0
527	527	19	0
527	527	20	0
527	527	21	0
527	527	22	0
527	527	23	0
527	527	24	0
527	527	25	0
527	527	26	0
527	527	27	0
527	527	28	0
527	527	29	3
527	527	30	0
527	527	31	2
527	527	32	0
527	527	33	0
527	527	34	0
527	527	35	0
527	527	36	0
527	527	37	0
528	528	0	0
528	528	1	0
528	528	2	0
528	528	3	1
528	528	4	0
528	528	5	0
528	528	6	0
528	528	7	0
528	528	8	0
528	528	9	0
528	528	10	0
528	528	11	0
528	528	12	0
528	528	13	0
528	528	14	2
528	528	15	2
528	528	16	0
528	528	17	0
528	528	18	0
528	528	19	0
528	528	20	0
528	528	21	0
528	528	22	0
528	528	23	1
528	528	24	0
528	528	25	0
528	528	26	0
528	528	27	0
528	528	28	1
528	528	29	3
528	528	30	0
528	528	31	0
528	528	32	2
528	528	33	0
528	528	34	0
528	528	35	0
528	528	36	0
528	528	37	2
529	529	0	0
529	529	1	0
529	529	2	0
529	529	3	0
529	529	4	0
529	529	5	0
529	529	6	0
529	529	7	0
529	529	8	0
529	529	9	0
529	529	10	0
529	529	11	0
529	529	12	0
529	529	13	0
529	529	14	0
529	529	15	0
529	529	16	0
529	529	17	0
529	529	18	3
529	529	19	0
529	529	20	3
529	529	21	0
529	529	22	0
529	529	23	0
529	529	24	0
529	529	25	0
529	529	26	6
529	529	27	0
529	529	28	1
529	529	29	0
529	529	30	1
529	529	31	1
529	529	32	0
529	529	33	0
529	529	34	1
529	529	35	3
529	529	36	0
529	529	37	3
530	530	0	0
530	530	1	0
530	530	2	0
530	530	3	0
530	530	4	0
530	530	5	0
530	530	6	0
530	530	7	0
530	530	8	1
530	530	9	0
530	530	10	0
530	530	11	0
530	530	12	0
530	530	13	0
530	530	14	0
530	530	15	0
530	530	16	0
530	530	17	0
530	530	18	0
530	530	19	0
530	530	20	2
530	530	21	0
530	530	22	0
530	530	23	0
530	530	24	0
530	530	25	0
530	530	26	0
530	530	27	0
530	530	28	0
530	530	29	1
530	530	30	0
530	530	31	2
530	530	32	0
530	530	33	4
530	530	34	1
530	530	35	0
530	530	36	0
530	530	37	1
531	531	0	0
531	531	1	0
531	531	2	0
531	531	3	0
531	531	4	0
531	531	5	0
531	531	6	0
531	531	7	0
531	531	8	3
531	531	9	0
531	531	10	0
531	531	11	1
531	531	12	0
531	531	13	0
531	531	14	1
531	531	15	0
531	531	16	0
531	531	17	2
531	531	18	0
531	531	19	0
531	531	20	0
531	531	21	0
531	531	22	1
531	531	23	0
531	531	24	3
531	531	25	2
531	531	26	1
531	531	27	0
531	531	28	0
531	531	29	0
531	531	30	2
531	531	31	1
531	531	32	0
531	531	33	3
531	531	34	4
531	531	35	4
531	531	36	0
531	531	37	4
532	532	0	0
532	532	1	0
532	532	2	0
532	532	3	0
532	532	4	0
532	532	5	0
532	532	6	1
532	532	7	0
532	532	8	0
532	532	9	0
532	532	10	1
532	532	11	2
532	532	12	1
532	532	13	0
532	532	14	0
532	532	15	0
532	532	16	0
532	532	17	0
532	532	18	0
532	532	19	0
532	532	20	4
532	532	21	2
532	532	22	0
532	532	23	0
532	532	24	0
532	532	25	0
532	532	26	2
532	532	27	2
532	532	28	0
532	532	29	0
532	532	30	5
532	532	31	6
532	532	32	0
532	532	33	4
532	532	34	1
532	532	35	4
532	532	36	2
532	532	37	0
533	533	0	0
533	533	1	0
533	533	2	0
533	533	3	0
533	533	4	1
533	533	5	0
533	533	6	0
533	533	7	0
533	533	8	0
533	533	9	0
533	533	10	0
533	533	11	0
533	533	12	0
533	533	13	0
533	533	14	1
533	533	15	4
533	533	16	0
533	533	17	0
533	533	18	0
533	533	19	0
533	533	20	0
533	533	21	1
533	533	22	0
533	533	23	1
533	533	24	2
533	533	25	0
533	533	26	2
533	533	27	0
533	533	28	2
533	533	29	2
533	533	30	2
533	533	31	0
533	533	32	2
533	533	33	0
533	533	34	7
533	533	35	4
533	533	36	2
533	533	37	0
534	534	0	0
534	534	1	0
534	534	2	0
534	534	3	0
534	534	4	0
534	534	5	0
534	534	6	1
534	534	7	0
534	534	8	0
534	534	9	0
534	534	10	0
534	534	11	0
534	534	12	0
534	534	13	0
534	534	14	0
534	534	15	0
534	534	16	2
534	534	17	1
534	534	18	1
534	534	19	0
534	534	20	0
534	534	21	0
534	534	22	0
534	534	23	0
534	534	24	0
534	534	25	1
534	534	26	1
534	534	27	0
534	534	28	0
534	534	29	0
534	534	30	0
534	534	31	1
534	534	32	1
534	534	33	0
534	534	34	0
534	534	35	2
534	534	36	4
534	534	37	8
535	535	0	0
535	535	1	1
535	535	2	0
535	535	3	0
535	535	4	1
535	535	5	0
535	535	6	1
535	535	7	0
535	535	8	1
535	535	9	0
535	535	10	0
535	535	11	0
535	535	12	1
535	535	13	0
535	535	14	4
535	535	15	0
535	535	16	0
535	535	17	3
535	535	18	0
535	535	19	0
535	535	20	2
535	535	21	0
535	535	22	0
535	535	23	4
535	535	24	2
535	535	25	1
535	535	26	4
535	535	27	2
535	535	28	2
535	535	29	6
535	535	30	2
535	535	31	4
535	535	32	8
535	535	33	6
535	535	34	0
535	535	35	6
535	535	36	3
535	535	37	5
536	536	0	0
536	536	1	0
536	536	2	0
536	536	3	0
536	536	4	0
536	536	5	0
536	536	6	0
536	536	7	2
536	536	8	2
536	536	9	0
536	536	10	0
536	536	11	0
536	536	12	0
536	536	13	0
536	536	14	0
536	536	15	0
536	536	16	0
536	536	17	2
536	536	18	0
536	536	19	3
536	536	20	0
536	536	21	2
536	536	22	3
536	536	23	2
536	536	24	4
536	536	25	0
536	536	26	0
536	536	27	3
536	536	28	1
536	536	29	1
536	536	30	3
536	536	31	2
536	536	32	0
536	536	33	7
536	536	34	4
536	536	35	0
536	536	36	0
536	536	37	0
537	537	0	0
537	537	1	0
537	537	2	0
537	537	3	0
537	537	4	2
537	537	5	0
537	537	6	0
537	537	7	0
537	537	8	0
537	537	9	0
537	537	10	0
537	537	11	0
537	537	12	2
537	537	13	0
537	537	14	0
537	537	15	1
537	537	16	0
537	537	17	0
537	537	18	3
537	537	19	0
537	537	20	0
537	537	21	1
537	537	22	0
537	537	23	0
537	537	24	0
537	537	25	0
537	537	26	2
537	537	27	2
537	537	28	3
537	537	29	4
537	537	30	2
537	537	31	1
537	537	32	1
537	537	33	1
537	537	34	3
537	537	35	3
537	537	36	1
537	537	37	1
538	538	0	0
538	538	1	0
538	538	2	0
538	538	3	0
538	538	4	0
538	538	5	0
538	538	6	1
538	538	7	0
538	538	8	0
538	538	9	0
538	538	10	0
538	538	11	0
538	538	12	0
538	538	13	0
538	538	14	1
538	538	15	0
538	538	16	0
538	538	17	0
538	538	18	0
538	538	19	0
538	538	20	0
538	538	21	1
538	538	22	0
538	538	23	1
538	538	24	0
538	538	25	0
538	538	26	1
538	538	27	0
538	538	28	0
538	538	29	0
538	538	30	1
538	538	31	0
538	538	32	0
538	538	33	0
538	538	34	1
538	538	35	1
538	538	36	0
538	538	37	0
539	539	0	0
539	539	1	0
539	539	2	0
539	539	3	0
539	539	4	0
539	539	5	0
539	539	6	0
539	539	7	1
539	539	8	3
539	539	9	0
539	539	10	0
539	539	11	0
539	539	12	0
539	539	13	0
539	539	14	0
539	539	15	1
539	539	16	0
539	539	17	0
539	539	18	0
539	539	19	0
539	539	20	0
539	539	21	0
539	539	22	3
539	539	23	0
539	539	24	0
539	539	25	0
539	539	26	0
539	539	27	0
539	539	28	1
539	539	29	0
539	539	30	0
539	539	31	0
539	539	32	0
539	539	33	0
539	539	34	0
539	539	35	0
539	539	36	0
539	539	37	1
540	540	0	0
540	540	1	0
540	540	2	0
540	540	3	0
540	540	4	0
540	540	5	1
540	540	6	0
540	540	7	1
540	540	8	0
540	540	9	3
540	540	10	0
540	540	11	0
540	540	12	0
540	540	13	2
540	540	14	1
540	540	15	0
540	540	16	2
540	540	17	0
540	540	18	0
540	540	19	6
540	540	20	2
540	540	21	0
540	540	22	1
540	540	23	3
540	540	24	1
540	540	25	1
540	540	26	2
540	540	27	1
540	540	28	0
540	540	29	5
540	540	30	2
540	540	31	3
540	540	32	3
540	540	33	2
540	540	34	0
540	540	35	4
540	540	36	3
540	540	37	4
541	541	0	0
541	541	1	0
541	541	2	1
541	541	3	0
541	541	4	0
541	541	5	1
541	541	6	0
541	541	7	0
541	541	8	0
541	541	9	0
541	541	10	0
541	541	11	0
541	541	12	0
541	541	13	0
541	541	14	0
541	541	15	0
541	541	16	0
541	541	17	0
541	541	18	1
541	541	19	0
541	541	20	0
541	541	21	0
541	541	22	0
541	541	23	4
541	541	24	0
541	541	25	0
541	541	26	3
541	541	27	0
541	541	28	0
541	541	29	0
541	541	30	0
541	541	31	0
541	541	32	0
541	541	33	0
541	541	34	0
541	541	35	0
541	541	36	0
541	541	37	0
542	542	0	0
542	542	1	0
542	542	2	0
542	542	3	2
542	542	4	0
542	542	5	0
542	542	6	0
542	542	7	0
542	542	8	2
542	542	9	0
542	542	10	0
542	542	11	0
542	542	12	0
542	542	13	0
542	542	14	0
542	542	15	0
542	542	16	0
542	542	17	0
542	542	18	1
542	542	19	0
542	542	20	3
542	542	21	0
542	542	22	0
542	542	23	0
542	542	24	0
542	542	25	0
542	542	26	0
542	542	27	1
542	542	28	0
542	542	29	0
542	542	30	0
542	542	31	0
542	542	32	0
542	542	33	0
542	542	34	1
542	542	35	1
542	542	36	0
542	542	37	0
543	543	0	0
543	543	1	0
543	543	2	0
543	543	3	0
543	543	4	2
543	543	5	0
543	543	6	0
543	543	7	3
543	543	8	0
543	543	9	0
543	543	10	0
543	543	11	0
543	543	12	0
543	543	13	0
543	543	14	0
543	543	15	0
543	543	16	0
543	543	17	0
543	543	18	0
543	543	19	0
543	543	20	0
543	543	21	1
543	543	22	0
543	543	23	0
543	543	24	0
543	543	25	0
543	543	26	0
543	543	27	0
543	543	28	0
543	543	29	0
543	543	30	0
543	543	31	0
543	543	32	0
543	543	33	0
543	543	34	0
543	543	35	1
543	543	36	0
543	543	37	1
544	544	0	0
544	544	1	1
544	544	2	0
544	544	3	0
544	544	4	0
544	544	5	0
544	544	6	2
544	544	7	0
544	544	8	0
544	544	9	0
544	544	10	0
544	544	11	0
544	544	12	0
544	544	13	0
544	544	14	2
544	544	15	0
544	544	16	0
544	544	17	0
544	544	18	0
544	544	19	2
544	544	20	0
544	544	21	1
544	544	22	0
544	544	23	0
544	544	24	0
544	544	25	1
544	544	26	0
544	544	27	0
544	544	28	0
544	544	29	0
544	544	30	0
544	544	31	0
544	544	32	0
544	544	33	0
544	544	34	0
544	544	35	0
544	544	36	0
544	544	37	0
545	545	0	0
545	545	1	0
545	545	2	0
545	545	3	0
545	545	4	0
545	545	5	0
545	545	6	1
545	545	7	1
545	545	8	0
545	545	9	0
545	545	10	0
545	545	11	0
545	545	12	1
545	545	13	0
545	545	14	0
545	545	15	0
545	545	16	0
545	545	17	0
545	545	18	0
545	545	19	0
545	545	20	0
545	545	21	0
545	545	22	0
545	545	23	0
545	545	24	0
545	545	25	0
545	545	26	0
545	545	27	0
545	545	28	0
545	545	29	0
545	545	30	0
545	545	31	0
545	545	32	0
545	545	33	0
545	545	34	0
545	545	35	0
545	545	36	0
545	545	37	0
546	546	0	0
546	546	1	0
546	546	2	1
546	546	3	0
546	546	4	0
546	546	5	0
546	546	6	0
546	546	7	0
546	546	8	0
546	546	9	0
546	546	10	0
546	546	11	0
546	546	12	0
546	546	13	1
546	546	14	0
546	546	15	0
546	546	16	0
546	546	17	0
546	546	18	0
546	546	19	0
546	546	20	0
546	546	21	0
546	546	22	0
546	546	23	0
546	546	24	0
546	546	25	0
546	546	26	0
546	546	27	0
546	546	28	1
546	546	29	0
546	546	30	0
546	546	31	2
546	546	32	0
546	546	33	0
546	546	34	1
546	546	35	0
546	546	36	0
546	546	37	0
547	547	0	0
547	547	1	1
547	547	2	2
547	547	3	0
547	547	4	0
547	547	5	0
547	547	6	0
547	547	7	0
547	547	8	0
547	547	9	0
547	547	10	0
547	547	11	0
547	547	12	0
547	547	13	0
547	547	14	0
547	547	15	0
547	547	16	0
547	547	17	0
547	547	18	0
547	547	19	0
547	547	20	0
547	547	21	0
547	547	22	0
547	547	23	0
547	547	24	0
547	547	25	0
547	547	26	0
547	547	27	0
547	547	28	1
547	547	29	0
547	547	30	3
547	547	31	0
547	547	32	2
547	547	33	0
547	547	34	0
547	547	35	0
547	547	36	0
547	547	37	0
548	548	0	0
548	548	1	2
548	548	2	0
548	548	3	0
548	548	4	0
548	548	5	0
548	548	6	0
548	548	7	4
548	548	8	0
548	548	9	0
548	548	10	0
548	548	11	0
548	548	12	0
548	548	13	0
548	548	14	0
548	548	15	0
548	548	16	0
548	548	17	0
548	548	18	0
548	548	19	0
548	548	20	0
548	548	21	0
548	548	22	0
548	548	23	0
548	548	24	0
548	548	25	0
548	548	26	1
548	548	27	0
548	548	28	0
548	548	29	0
548	548	30	0
548	548	31	0
548	548	32	0
548	548	33	1
548	548	34	0
548	548	35	0
548	548	36	0
548	548	37	1
549	549	0	0
549	549	1	3
549	549	2	1
549	549	3	0
549	549	4	1
549	549	5	0
549	549	6	0
549	549	7	0
549	549	8	0
549	549	9	0
549	549	10	0
549	549	11	0
549	549	12	0
549	549	13	0
549	549	14	0
549	549	15	0
549	549	16	0
549	549	17	0
549	549	18	0
549	549	19	1
549	549	20	3
549	549	21	0
549	549	22	2
549	549	23	0
549	549	24	0
549	549	25	1
549	549	26	0
549	549	27	0
549	549	28	1
549	549	29	0
549	549	30	0
549	549	31	0
549	549	32	0
549	549	33	1
549	549	34	1
549	549	35	3
549	549	36	0
549	549	37	1
550	550	0	0
550	550	1	3
550	550	2	1
550	550	3	0
550	550	4	2
550	550	5	0
550	550	6	0
550	550	7	0
550	550	8	0
550	550	9	0
550	550	10	0
550	550	11	1
550	550	12	0
550	550	13	0
550	550	14	0
550	550	15	3
550	550	16	0
550	550	17	0
550	550	18	1
550	550	19	0
550	550	20	6
550	550	21	2
550	550	22	0
550	550	23	2
550	550	24	0
550	550	25	2
550	550	26	0
550	550	27	0
550	550	28	1
550	550	29	0
550	550	30	2
550	550	31	0
550	550	32	1
550	550	33	0
550	550	34	0
550	550	35	0
550	550	36	1
550	550	37	1
551	551	0	0
551	551	1	3
551	551	2	0
551	551	3	0
551	551	4	0
551	551	5	0
551	551	6	2
551	551	7	0
551	551	8	3
551	551	9	0
551	551	10	0
551	551	11	0
551	551	12	0
551	551	13	0
551	551	14	0
551	551	15	0
551	551	16	0
551	551	17	0
551	551	18	0
551	551	19	0
551	551	20	2
551	551	21	0
551	551	22	0
551	551	23	0
551	551	24	0
551	551	25	0
551	551	26	0
551	551	27	0
551	551	28	0
551	551	29	0
551	551	30	0
551	551	31	0
551	551	32	0
551	551	33	0
551	551	34	2
551	551	35	0
551	551	36	0
551	551	37	2
552	552	0	0
552	552	1	1
552	552	2	2
552	552	3	0
552	552	4	0
552	552	5	3
552	552	6	0
552	552	7	0
552	552	8	0
552	552	9	0
552	552	10	0
552	552	11	0
552	552	12	0
552	552	13	0
552	552	14	0
552	552	15	0
552	552	16	0
552	552	17	0
552	552	18	0
552	552	19	0
552	552	20	0
552	552	21	0
552	552	22	0
552	552	23	1
552	552	24	0
552	552	25	4
552	552	26	2
552	552	27	0
552	552	28	0
552	552	29	0
552	552	30	0
552	552	31	0
552	552	32	0
552	552	33	0
552	552	34	0
552	552	35	0
552	552	36	0
552	552	37	0
553	553	0	0
553	553	1	0
553	553	2	0
553	553	3	1
553	553	4	0
553	553	5	0
553	553	6	0
553	553	7	0
553	553	8	0
553	553	9	0
553	553	10	0
553	553	11	0
553	553	12	1
553	553	13	0
553	553	14	0
553	553	15	0
553	553	16	0
553	553	17	0
553	553	18	0
553	553	19	0
553	553	20	0
553	553	21	0
553	553	22	1
553	553	23	0
553	553	24	0
553	553	25	0
553	553	26	0
553	553	27	0
553	553	28	0
553	553	29	0
553	553	30	0
553	553	31	0
553	553	32	0
553	553	33	0
553	553	34	0
553	553	35	0
553	553	36	0
553	553	37	1
554	554	0	0
554	554	1	0
554	554	2	4
554	554	3	0
554	554	4	0
554	554	5	0
554	554	6	0
554	554	7	0
554	554	8	0
554	554	9	0
554	554	10	0
554	554	11	0
554	554	12	0
554	554	13	0
554	554	14	0
554	554	15	0
554	554	16	0
554	554	17	0
554	554	18	0
554	554	19	0
554	554	20	0
554	554	21	0
554	554	22	0
554	554	23	0
554	554	24	0
554	554	25	3
554	554	26	0
554	554	27	0
554	554	28	0
554	554	29	0
554	554	30	0
554	554	31	0
554	554	32	0
554	554	33	0
554	554	34	0
554	554	35	0
554	554	36	2
554	554	37	0
555	555	0	0
555	555	1	0
555	555	2	0
555	555	3	0
555	555	4	0
555	555	5	0
555	555	6	0
555	555	7	0
555	555	8	0
555	555	9	0
555	555	10	0
555	555	11	0
555	555	12	0
555	555	13	0
555	555	14	0
555	555	15	0
555	555	16	0
555	555	17	0
555	555	18	0
555	555	19	2
555	555	20	0
555	555	21	0
555	555	22	0
555	555	23	0
555	555	24	0
555	555	25	0
555	555	26	0
555	555	27	0
555	555	28	0
555	555	29	0
555	555	30	0
555	555	31	0
555	555	32	0
555	555	33	0
555	555	34	0
555	555	35	0
555	555	36	0
555	555	37	0
556	556	0	0
556	556	1	0
556	556	2	0
556	556	3	0
556	556	4	0
556	556	5	2
556	556	6	0
556	556	7	0
556	556	8	0
556	556	9	0
556	556	10	0
556	556	11	0
556	556	12	0
556	556	13	0
556	556	14	0
556	556	15	0
556	556	16	0
556	556	17	0
556	556	18	0
556	556	19	0
556	556	20	0
556	556	21	0
556	556	22	0
556	556	23	0
556	556	24	0
556	556	25	0
556	556	26	0
556	556	27	0
556	556	28	0
556	556	29	0
556	556	30	0
556	556	31	0
556	556	32	0
556	556	33	0
556	556	34	0
556	556	35	0
556	556	36	0
556	556	37	0
557	557	0	0
557	557	1	0
557	557	2	0
557	557	3	0
557	557	4	0
557	557	5	0
557	557	6	0
557	557	7	0
557	557	8	0
557	557	9	0
557	557	10	0
557	557	11	0
557	557	12	0
557	557	13	0
557	557	14	0
557	557	15	0
557	557	16	0
557	557	17	0
557	557	18	0
557	557	19	0
557	557	20	0
557	557	21	0
557	557	22	0
557	557	23	0
557	557	24	0
557	557	25	0
557	557	26	0
557	557	27	0
557	557	28	0
557	557	29	0
557	557	30	0
557	557	31	0
557	557	32	0
557	557	33	0
557	557	34	1
557	557	35	0
557	557	36	0
557	557	37	4
558	558	0	0
558	558	1	0
558	558	2	0
558	558	3	0
558	558	4	0
558	558	5	0
558	558	6	0
558	558	7	0
558	558	8	3
558	558	9	0
558	558	10	2
558	558	11	0
558	558	12	0
558	558	13	0
558	558	14	0
558	558	15	0
558	558	16	0
558	558	17	0
558	558	18	0
558	558	19	0
558	558	20	0
558	558	21	0
558	558	22	0
558	558	23	1
558	558	24	0
558	558	25	0
558	558	26	0
558	558	27	0
558	558	28	0
558	558	29	0
558	558	30	3
558	558	31	0
558	558	32	0
558	558	33	0
558	558	34	0
558	558	35	0
558	558	36	0
558	558	37	0
559	559	0	0
559	559	1	0
559	559	2	0
559	559	3	0
559	559	4	0
559	559	5	0
559	559	6	0
559	559	7	0
559	559	8	0
559	559	9	0
559	559	10	0
559	559	11	0
559	559	12	0
559	559	13	0
559	559	14	0
559	559	15	0
559	559	16	0
559	559	17	0
559	559	18	0
559	559	19	0
559	559	20	0
559	559	21	0
559	559	22	0
559	559	23	0
559	559	24	0
559	559	25	0
559	559	26	0
559	559	27	0
559	559	28	0
559	559	29	0
559	559	30	0
559	559	31	0
559	559	32	0
559	559	33	0
559	559	34	0
559	559	35	1
559	559	36	1
559	559	37	0
560	560	0	0
560	560	1	0
560	560	2	0
560	560	3	0
560	560	4	0
560	560	5	0
560	560	6	0
560	560	7	0
560	560	8	0
560	560	9	0
560	560	10	0
560	560	11	0
560	560	12	0
560	560	13	0
560	560	14	2
560	560	15	0
560	560	16	0
560	560	17	0
560	560	18	0
560	560	19	0
560	560	20	0
560	560	21	0
560	560	22	0
560	560	23	0
560	560	24	0
560	560	25	0
560	560	26	2
560	560	27	0
560	560	28	0
560	560	29	0
560	560	30	0
560	560	31	0
560	560	32	0
560	560	33	0
560	560	34	0
560	560	35	0
560	560	36	0
560	560	37	2
561	561	0	0
561	561	1	0
561	561	2	0
561	561	3	0
561	561	4	0
561	561	5	0
561	561	6	0
561	561	7	0
561	561	8	0
561	561	9	0
561	561	10	0
561	561	11	0
561	561	12	0
561	561	13	0
561	561	14	0
561	561	15	0
561	561	16	0
561	561	17	0
561	561	18	0
561	561	19	0
561	561	20	0
561	561	21	0
561	561	22	0
561	561	23	2
561	561	24	0
561	561	25	0
561	561	26	0
561	561	27	0
561	561	28	0
561	561	29	0
561	561	30	0
561	561	31	0
561	561	32	0
561	561	33	0
561	561	34	0
561	561	35	0
561	561	36	0
561	561	37	0
562	562	0	0
562	562	1	3
562	562	2	0
562	562	3	0
562	562	4	0
562	562	5	0
562	562	6	2
562	562	7	0
562	562	8	0
562	562	9	0
562	562	10	0
562	562	11	1
562	562	12	0
562	562	13	0
562	562	14	0
562	562	15	0
562	562	16	1
562	562	17	3
562	562	18	1
562	562	19	0
562	562	20	0
562	562	21	0
562	562	22	3
562	562	23	0
562	562	24	0
562	562	25	0
562	562	26	1
562	562	27	3
562	562	28	0
562	562	29	1
562	562	30	0
562	562	31	1
562	562	32	0
562	562	33	0
562	562	34	0
562	562	35	0
562	562	36	3
562	562	37	0
563	563	0	0
563	563	1	0
563	563	2	0
563	563	3	0
563	563	4	0
563	563	5	0
563	563	6	0
563	563	7	0
563	563	8	2
563	563	9	0
563	563	10	0
563	563	11	0
563	563	12	0
563	563	13	0
563	563	14	0
563	563	15	0
563	563	16	0
563	563	17	0
563	563	18	0
563	563	19	0
563	563	20	0
563	563	21	0
563	563	22	0
563	563	23	0
563	563	24	0
563	563	25	0
563	563	26	0
563	563	27	0
563	563	28	0
563	563	29	0
563	563	30	0
563	563	31	0
563	563	32	0
563	563	33	0
563	563	34	0
563	563	35	0
563	563	36	0
563	563	37	0
564	564	0	0
564	564	1	0
564	564	2	0
564	564	3	0
564	564	4	2
564	564	5	0
564	564	6	0
564	564	7	0
564	564	8	0
564	564	9	0
564	564	10	0
564	564	11	0
564	564	12	0
564	564	13	0
564	564	14	0
564	564	15	0
564	564	16	1
564	564	17	0
564	564	18	0
564	564	19	0
564	564	20	0
564	564	21	0
564	564	22	0
564	564	23	0
564	564	24	0
564	564	25	0
564	564	26	0
564	564	27	0
564	564	28	0
564	564	29	3
564	564	30	0
564	564	31	0
564	564	32	0
564	564	33	0
564	564	34	0
564	564	35	3
564	564	36	4
564	564	37	0
565	565	0	0
565	565	1	0
565	565	2	0
565	565	3	2
565	565	4	0
565	565	5	0
565	565	6	0
565	565	7	0
565	565	8	0
565	565	9	2
565	565	10	0
565	565	11	2
565	565	12	0
565	565	13	0
565	565	14	1
565	565	15	5
565	565	16	2
565	565	17	1
565	565	18	0
565	565	19	0
565	565	20	3
565	565	21	1
565	565	22	2
565	565	23	1
565	565	24	3
565	565	25	5
565	565	26	3
565	565	27	7
565	565	28	3
565	565	29	0
565	565	30	1
565	565	31	5
565	565	32	1
565	565	33	8
565	565	34	6
565	565	35	2
565	565	36	3
565	565	37	2
566	566	0	0
566	566	1	0
566	566	2	0
566	566	3	2
566	566	4	0
566	566	5	0
566	566	6	0
566	566	7	0
566	566	8	0
566	566	9	0
566	566	10	0
566	566	11	0
566	566	12	0
566	566	13	0
566	566	14	0
566	566	15	1
566	566	16	0
566	566	17	0
566	566	18	0
566	566	19	0
566	566	20	0
566	566	21	0
566	566	22	0
566	566	23	2
566	566	24	0
566	566	25	0
566	566	26	0
566	566	27	1
566	566	28	7
566	566	29	2
566	566	30	0
566	566	31	0
566	566	32	2
566	566	33	0
566	566	34	0
566	566	35	2
566	566	36	0
566	566	37	1
567	567	0	0
567	567	1	0
567	567	2	0
567	567	3	0
567	567	4	0
567	567	5	0
567	567	6	0
567	567	7	0
567	567	8	0
567	567	9	0
567	567	10	0
567	567	11	0
567	567	12	0
567	567	13	0
567	567	14	0
567	567	15	0
567	567	16	0
567	567	17	0
567	567	18	0
567	567	19	0
567	567	20	0
567	567	21	0
567	567	22	0
567	567	23	0
567	567	24	0
567	567	25	1
567	567	26	0
567	567	27	0
567	567	28	0
567	567	29	0
567	567	30	0
567	567	31	0
567	567	32	0
567	567	33	0
567	567	34	0
567	567	35	0
567	567	36	0
567	567	37	0
568	568	0	0
568	568	1	0
568	568	2	0
568	568	3	2
568	568	4	0
568	568	5	0
568	568	6	0
568	568	7	0
568	568	8	2
568	568	9	0
568	568	10	0
568	568	11	0
568	568	12	0
568	568	13	0
568	568	14	1
568	568	15	0
568	568	16	2
568	568	17	0
568	568	18	0
568	568	19	0
568	568	20	0
568	568	21	0
568	568	22	0
568	568	23	3
568	568	24	0
568	568	25	0
568	568	26	2
568	568	27	0
568	568	28	0
568	568	29	1
568	568	30	0
568	568	31	0
568	568	32	0
568	568	33	1
568	568	34	2
568	568	35	0
568	568	36	0
568	568	37	1
569	569	0	0
569	569	1	0
569	569	2	0
569	569	3	0
569	569	4	0
569	569	5	0
569	569	6	0
569	569	7	0
569	569	8	0
569	569	9	0
569	569	10	0
569	569	11	0
569	569	12	1
569	569	13	0
569	569	14	0
569	569	15	0
569	569	16	1
569	569	17	0
569	569	18	0
569	569	19	0
569	569	20	0
569	569	21	0
569	569	22	0
569	569	23	0
569	569	24	0
569	569	25	0
569	569	26	2
569	569	27	2
569	569	28	1
569	569	29	1
569	569	30	2
569	569	31	0
569	569	32	1
569	569	33	0
569	569	34	1
569	569	35	1
569	569	36	0
569	569	37	3
570	570	0	0
570	570	1	0
570	570	2	0
570	570	3	0
570	570	4	0
570	570	5	0
570	570	6	0
570	570	7	0
570	570	8	0
570	570	9	2
570	570	10	0
570	570	11	0
570	570	12	0
570	570	13	0
570	570	14	0
570	570	15	0
570	570	16	0
570	570	17	2
570	570	18	0
570	570	19	0
570	570	20	0
570	570	21	0
570	570	22	0
570	570	23	0
570	570	24	2
570	570	25	0
570	570	26	1
570	570	27	0
570	570	28	0
570	570	29	0
570	570	30	0
570	570	31	0
570	570	32	1
570	570	33	0
570	570	34	1
570	570	35	0
570	570	36	1
570	570	37	0
571	571	0	0
571	571	1	0
571	571	2	0
571	571	3	0
571	571	4	0
571	571	5	0
571	571	6	0
571	571	7	0
571	571	8	0
571	571	9	0
571	571	10	0
571	571	11	0
571	571	12	0
571	571	13	0
571	571	14	0
571	571	15	0
571	571	16	0
571	571	17	2
571	571	18	0
571	571	19	0
571	571	20	0
571	571	21	0
571	571	22	0
571	571	23	0
571	571	24	0
571	571	25	0
571	571	26	2
571	571	27	0
571	571	28	1
571	571	29	0
571	571	30	0
571	571	31	0
571	571	32	0
571	571	33	0
571	571	34	0
571	571	35	0
571	571	36	0
571	571	37	3
572	572	0	0
572	572	1	0
572	572	2	0
572	572	3	5
572	572	4	0
572	572	5	0
572	572	6	0
572	572	7	0
572	572	8	2
572	572	9	0
572	572	10	0
572	572	11	0
572	572	12	0
572	572	13	0
572	572	14	0
572	572	15	0
572	572	16	0
572	572	17	1
572	572	18	0
572	572	19	0
572	572	20	1
572	572	21	0
572	572	22	3
572	572	23	0
572	572	24	0
572	572	25	0
572	572	26	1
572	572	27	0
572	572	28	0
572	572	29	0
572	572	30	0
572	572	31	0
572	572	32	0
572	572	33	0
572	572	34	2
572	572	35	0
572	572	36	1
572	572	37	0
573	573	0	0
573	573	1	1
573	573	2	0
573	573	3	4
573	573	4	0
573	573	5	0
573	573	6	0
573	573	7	2
573	573	8	0
573	573	9	0
573	573	10	0
573	573	11	0
573	573	12	0
573	573	13	0
573	573	14	1
573	573	15	0
573	573	16	0
573	573	17	0
573	573	18	1
573	573	19	0
573	573	20	0
573	573	21	0
573	573	22	1
573	573	23	0
573	573	24	0
573	573	25	0
573	573	26	0
573	573	27	0
573	573	28	0
573	573	29	2
573	573	30	0
573	573	31	3
573	573	32	0
573	573	33	0
573	573	34	0
573	573	35	1
573	573	36	0
573	573	37	0
574	574	0	0
574	574	1	0
574	574	2	0
574	574	3	0
574	574	4	0
574	574	5	0
574	574	6	0
574	574	7	0
574	574	8	0
574	574	9	0
574	574	10	0
574	574	11	0
574	574	12	0
574	574	13	2
574	574	14	0
574	574	15	0
574	574	16	0
574	574	17	0
574	574	18	0
574	574	19	0
574	574	20	0
574	574	21	0
574	574	22	1
574	574	23	0
574	574	24	0
574	574	25	0
574	574	26	0
574	574	27	0
574	574	28	0
574	574	29	0
574	574	30	0
574	574	31	1
574	574	32	0
574	574	33	0
574	574	34	0
574	574	35	0
574	574	36	0
574	574	37	0
575	575	0	0
575	575	1	0
575	575	2	2
575	575	3	0
575	575	4	0
575	575	5	0
575	575	6	0
575	575	7	0
575	575	8	0
575	575	9	0
575	575	10	2
575	575	11	0
575	575	12	0
575	575	13	0
575	575	14	0
575	575	15	0
575	575	16	0
575	575	17	0
575	575	18	0
575	575	19	0
575	575	20	0
575	575	21	0
575	575	22	0
575	575	23	2
575	575	24	0
575	575	25	0
575	575	26	0
575	575	27	0
575	575	28	0
575	575	29	0
575	575	30	0
575	575	31	0
575	575	32	0
575	575	33	0
575	575	34	0
575	575	35	0
575	575	36	0
575	575	37	0
576	576	0	0
576	576	1	1
576	576	2	0
576	576	3	0
576	576	4	0
576	576	5	0
576	576	6	0
576	576	7	0
576	576	8	0
576	576	9	0
576	576	10	0
576	576	11	0
576	576	12	0
576	576	13	0
576	576	14	0
576	576	15	0
576	576	16	0
576	576	17	0
576	576	18	0
576	576	19	0
576	576	20	0
576	576	21	0
576	576	22	0
576	576	23	0
576	576	24	0
576	576	25	0
576	576	26	0
576	576	27	0
576	576	28	0
576	576	29	0
576	576	30	0
576	576	31	0
576	576	32	0
576	576	33	0
576	576	34	0
576	576	35	0
576	576	36	0
576	576	37	0
577	577	0	0
577	577	1	0
577	577	2	0
577	577	3	0
577	577	4	0
577	577	5	0
577	577	6	0
577	577	7	0
577	577	8	0
577	577	9	0
577	577	10	0
577	577	11	0
577	577	12	0
577	577	13	0
577	577	14	0
577	577	15	0
577	577	16	0
577	577	17	1
577	577	18	0
577	577	19	0
577	577	20	0
577	577	21	0
577	577	22	0
577	577	23	2
577	577	24	0
577	577	25	0
577	577	26	0
577	577	27	0
577	577	28	0
577	577	29	0
577	577	30	0
577	577	31	0
577	577	32	0
577	577	33	0
577	577	34	0
577	577	35	0
577	577	36	0
577	577	37	0
578	578	0	0
578	578	1	0
578	578	2	1
578	578	3	0
578	578	4	0
578	578	5	0
578	578	6	0
578	578	7	0
578	578	8	0
578	578	9	0
578	578	10	0
578	578	11	0
578	578	12	0
578	578	13	0
578	578	14	0
578	578	15	2
578	578	16	0
578	578	17	0
578	578	18	0
578	578	19	0
578	578	20	0
578	578	21	0
578	578	22	0
578	578	23	0
578	578	24	2
578	578	25	0
578	578	26	0
578	578	27	1
578	578	28	0
578	578	29	0
578	578	30	0
578	578	31	2
578	578	32	0
578	578	33	0
578	578	34	0
578	578	35	1
578	578	36	1
578	578	37	2
579	579	0	0
579	579	1	0
579	579	2	3
579	579	3	0
579	579	4	0
579	579	5	0
579	579	6	0
579	579	7	0
579	579	8	0
579	579	9	0
579	579	10	0
579	579	11	0
579	579	12	0
579	579	13	0
579	579	14	1
579	579	15	0
579	579	16	0
579	579	17	0
579	579	18	0
579	579	19	1
579	579	20	0
579	579	21	0
579	579	22	0
579	579	23	0
579	579	24	0
579	579	25	0
579	579	26	0
579	579	27	1
579	579	28	0
579	579	29	0
579	579	30	0
579	579	31	0
579	579	32	0
579	579	33	0
579	579	34	0
579	579	35	0
579	579	36	1
579	579	37	0
580	580	0	0
580	580	1	0
580	580	2	0
580	580	3	0
580	580	4	0
580	580	5	0
580	580	6	0
580	580	7	0
580	580	8	0
580	580	9	0
580	580	10	0
580	580	11	1
580	580	12	0
580	580	13	0
580	580	14	0
580	580	15	0
580	580	16	0
580	580	17	0
580	580	18	0
580	580	19	0
580	580	20	0
580	580	21	0
580	580	22	0
580	580	23	0
580	580	24	0
580	580	25	0
580	580	26	0
580	580	27	0
580	580	28	0
580	580	29	0
580	580	30	0
580	580	31	0
580	580	32	0
580	580	33	0
580	580	34	0
580	580	35	0
580	580	36	0
580	580	37	0
581	581	0	0
581	581	1	0
581	581	2	0
581	581	3	0
581	581	4	0
581	581	5	0
581	581	6	0
581	581	7	0
581	581	8	0
581	581	9	0
581	581	10	0
581	581	11	0
581	581	12	0
581	581	13	0
581	581	14	0
581	581	15	0
581	581	16	0
581	581	17	0
581	581	18	0
581	581	19	0
581	581	20	0
581	581	21	0
581	581	22	0
581	581	23	0
581	581	24	0
581	581	25	0
581	581	26	0
581	581	27	0
581	581	28	0
581	581	29	0
581	581	30	0
581	581	31	0
581	581	32	1
581	581	33	0
581	581	34	0
581	581	35	0
581	581	36	0
581	581	37	0
582	582	0	0
582	582	1	0
582	582	2	0
582	582	3	0
582	582	4	0
582	582	5	0
582	582	6	0
582	582	7	0
582	582	8	0
582	582	9	0
582	582	10	0
582	582	11	0
582	582	12	0
582	582	13	0
582	582	14	0
582	582	15	0
582	582	16	0
582	582	17	0
582	582	18	0
582	582	19	0
582	582	20	0
582	582	21	0
582	582	22	0
582	582	23	1
582	582	24	0
582	582	25	0
582	582	26	0
582	582	27	0
582	582	28	0
582	582	29	0
582	582	30	0
582	582	31	0
582	582	32	0
582	582	33	0
582	582	34	0
582	582	35	0
582	582	36	0
582	582	37	0
583	583	0	0
583	583	1	0
583	583	2	0
583	583	3	0
583	583	4	0
583	583	5	0
583	583	6	0
583	583	7	0
583	583	8	1
583	583	9	0
583	583	10	0
583	583	11	0
583	583	12	0
583	583	13	0
583	583	14	0
583	583	15	0
583	583	16	0
583	583	17	0
583	583	18	0
583	583	19	0
583	583	20	0
583	583	21	0
583	583	22	1
583	583	23	1
583	583	24	0
583	583	25	3
583	583	26	0
583	583	27	3
583	583	28	0
583	583	29	0
583	583	30	0
583	583	31	0
583	583	32	0
583	583	33	0
583	583	34	0
583	583	35	0
583	583	36	0
583	583	37	0
584	584	0	0
584	584	1	0
584	584	2	0
584	584	3	0
584	584	4	0
584	584	5	0
584	584	6	1
584	584	7	0
584	584	8	0
584	584	9	0
584	584	10	0
584	584	11	0
584	584	12	0
584	584	13	0
584	584	14	0
584	584	15	0
584	584	16	0
584	584	17	1
584	584	18	0
584	584	19	0
584	584	20	0
584	584	21	0
584	584	22	0
584	584	23	0
584	584	24	2
584	584	25	1
584	584	26	0
584	584	27	5
584	584	28	3
584	584	29	1
584	584	30	2
584	584	31	2
584	584	32	2
584	584	33	1
584	584	34	2
584	584	35	4
584	584	36	1
584	584	37	0
585	585	0	0
585	585	1	1
585	585	2	0
585	585	3	0
585	585	4	0
585	585	5	0
585	585	6	1
585	585	7	1
585	585	8	1
585	585	9	0
585	585	10	0
585	585	11	0
585	585	12	0
585	585	13	0
585	585	14	1
585	585	15	0
585	585	16	2
585	585	17	0
585	585	18	6
585	585	19	1
585	585	20	0
585	585	21	0
585	585	22	3
585	585	23	3
585	585	24	0
585	585	25	5
585	585	26	2
585	585	27	2
585	585	28	2
585	585	29	4
585	585	30	3
585	585	31	0
585	585	32	2
585	585	33	2
585	585	34	0
585	585	35	5
585	585	36	6
585	585	37	3
586	586	0	0
586	586	1	0
586	586	2	0
586	586	3	0
586	586	4	0
586	586	5	0
586	586	6	0
586	586	7	0
586	586	8	0
586	586	9	1
586	586	10	0
586	586	11	0
586	586	12	0
586	586	13	1
586	586	14	0
586	586	15	0
586	586	16	0
586	586	17	0
586	586	18	0
586	586	19	0
586	586	20	1
586	586	21	0
586	586	22	0
586	586	23	0
586	586	24	0
586	586	25	0
586	586	26	3
586	586	27	0
586	586	28	0
586	586	29	0
586	586	30	4
586	586	31	0
586	586	32	0
586	586	33	2
586	586	34	0
586	586	35	2
586	586	36	0
586	586	37	2
587	587	0	0
587	587	1	0
587	587	2	0
587	587	3	0
587	587	4	0
587	587	5	0
587	587	6	1
587	587	7	0
587	587	8	0
587	587	9	0
587	587	10	0
587	587	11	0
587	587	12	0
587	587	13	0
587	587	14	0
587	587	15	0
587	587	16	0
587	587	17	0
587	587	18	0
587	587	19	2
587	587	20	0
587	587	21	0
587	587	22	0
587	587	23	1
587	587	24	0
587	587	25	0
587	587	26	0
587	587	27	0
587	587	28	0
587	587	29	0
587	587	30	0
587	587	31	0
587	587	32	0
587	587	33	0
587	587	34	0
587	587	35	0
587	587	36	0
587	587	37	0
588	588	0	0
588	588	1	2
588	588	2	0
588	588	3	0
588	588	4	0
588	588	5	0
588	588	6	0
588	588	7	0
588	588	8	1
588	588	9	0
588	588	10	0
588	588	11	0
588	588	12	0
588	588	13	3
588	588	14	0
588	588	15	0
588	588	16	0
588	588	17	0
588	588	18	1
588	588	19	0
588	588	20	0
588	588	21	2
588	588	22	1
588	588	23	6
588	588	24	0
588	588	25	4
588	588	26	1
588	588	27	2
588	588	28	3
588	588	29	2
588	588	30	0
588	588	31	4
588	588	32	0
588	588	33	1
588	588	34	1
588	588	35	0
588	588	36	1
588	588	37	2
589	589	0	0
589	589	1	0
589	589	2	4
589	589	3	0
589	589	4	0
589	589	5	0
589	589	6	0
589	589	7	0
589	589	8	4
589	589	9	0
589	589	10	1
589	589	11	0
589	589	12	1
589	589	13	0
589	589	14	0
589	589	15	0
589	589	16	0
589	589	17	0
589	589	18	1
589	589	19	1
589	589	20	0
589	589	21	0
589	589	22	0
589	589	23	0
589	589	24	0
589	589	25	1
589	589	26	0
589	589	27	0
589	589	28	0
589	589	29	1
589	589	30	0
589	589	31	0
589	589	32	0
589	589	33	0
589	589	34	0
589	589	35	3
589	589	36	0
589	589	37	0
590	590	0	0
590	590	1	0
590	590	2	1
590	590	3	0
590	590	4	0
590	590	5	1
590	590	6	0
590	590	7	0
590	590	8	0
590	590	9	1
590	590	10	0
590	590	11	0
590	590	12	0
590	590	13	1
590	590	14	0
590	590	15	0
590	590	16	4
590	590	17	2
590	590	18	0
590	590	19	3
590	590	20	0
590	590	21	1
590	590	22	1
590	590	23	2
590	590	24	2
590	590	25	0
590	590	26	2
590	590	27	0
590	590	28	1
590	590	29	0
590	590	30	2
590	590	31	0
590	590	32	0
590	590	33	5
590	590	34	0
590	590	35	3
590	590	36	0
590	590	37	0
591	591	0	0
591	591	1	3
591	591	2	0
591	591	3	0
591	591	4	0
591	591	5	0
591	591	6	2
591	591	7	0
591	591	8	0
591	591	9	0
591	591	10	2
591	591	11	0
591	591	12	0
591	591	13	0
591	591	14	0
591	591	15	0
591	591	16	0
591	591	17	0
591	591	18	0
591	591	19	0
591	591	20	0
591	591	21	0
591	591	22	0
591	591	23	0
591	591	24	0
591	591	25	0
591	591	26	0
591	591	27	0
591	591	28	0
591	591	29	0
591	591	30	0
591	591	31	0
591	591	32	0
591	591	33	0
591	591	34	0
591	591	35	0
591	591	36	0
591	591	37	0
592	592	0	0
592	592	1	0
592	592	2	0
592	592	3	0
592	592	4	0
592	592	5	0
592	592	6	0
592	592	7	0
592	592	8	0
592	592	9	0
592	592	10	0
592	592	11	0
592	592	12	0
592	592	13	1
592	592	14	0
592	592	15	0
592	592	16	0
592	592	17	0
592	592	18	0
592	592	19	0
592	592	20	1
592	592	21	0
592	592	22	4
592	592	23	0
592	592	24	1
592	592	25	0
592	592	26	1
592	592	27	0
592	592	28	0
592	592	29	0
592	592	30	1
592	592	31	0
592	592	32	0
592	592	33	0
592	592	34	0
592	592	35	0
592	592	36	0
592	592	37	0
593	593	0	0
593	593	1	1
593	593	2	0
593	593	3	0
593	593	4	1
593	593	5	0
593	593	6	0
593	593	7	0
593	593	8	0
593	593	9	0
593	593	10	0
593	593	11	0
593	593	12	0
593	593	13	0
593	593	14	0
593	593	15	0
593	593	16	0
593	593	17	0
593	593	18	0
593	593	19	0
593	593	20	0
593	593	21	0
593	593	22	0
593	593	23	0
593	593	24	0
593	593	25	0
593	593	26	0
593	593	27	0
593	593	28	0
593	593	29	0
593	593	30	0
593	593	31	0
593	593	32	0
593	593	33	0
593	593	34	0
593	593	35	0
593	593	36	0
593	593	37	0
594	594	0	0
594	594	1	0
594	594	2	0
594	594	3	0
594	594	4	0
594	594	5	0
594	594	6	0
594	594	7	0
594	594	8	0
594	594	9	0
594	594	10	1
594	594	11	0
594	594	12	0
594	594	13	0
594	594	14	0
594	594	15	0
594	594	16	0
594	594	17	0
594	594	18	0
594	594	19	0
594	594	20	1
594	594	21	0
594	594	22	0
594	594	23	0
594	594	24	0
594	594	25	0
594	594	26	0
594	594	27	0
594	594	28	0
594	594	29	0
594	594	30	0
594	594	31	0
594	594	32	0
594	594	33	0
594	594	34	0
594	594	35	0
594	594	36	0
594	594	37	0
595	595	0	0
595	595	1	0
595	595	2	0
595	595	3	0
595	595	4	0
595	595	5	0
595	595	6	0
595	595	7	0
595	595	8	0
595	595	9	0
595	595	10	0
595	595	11	0
595	595	12	0
595	595	13	0
595	595	14	0
595	595	15	0
595	595	16	0
595	595	17	0
595	595	18	0
595	595	19	0
595	595	20	0
595	595	21	0
595	595	22	0
595	595	23	0
595	595	24	0
595	595	25	0
595	595	26	0
595	595	27	0
595	595	28	0
595	595	29	0
595	595	30	0
595	595	31	0
595	595	32	0
595	595	33	0
595	595	34	0
595	595	35	0
595	595	36	0
595	595	37	0
596	596	0	0
596	596	1	2
596	596	2	0
596	596	3	0
596	596	4	0
596	596	5	0
596	596	6	5
596	596	7	0
596	596	8	0
596	596	9	0
596	596	10	0
596	596	11	0
596	596	12	0
596	596	13	0
596	596	14	0
596	596	15	0
596	596	16	2
596	596	17	0
596	596	18	0
596	596	19	0
596	596	20	0
596	596	21	0
596	596	22	0
596	596	23	0
596	596	24	0
596	596	25	0
596	596	26	1
596	596	27	0
596	596	28	0
596	596	29	0
596	596	30	0
596	596	31	0
596	596	32	0
596	596	33	0
596	596	34	0
596	596	35	0
596	596	36	0
596	596	37	0
597	597	0	0
597	597	1	0
597	597	2	0
597	597	3	1
597	597	4	1
597	597	5	1
597	597	6	0
597	597	7	3
597	597	8	0
597	597	9	0
597	597	10	0
597	597	11	0
597	597	12	0
597	597	13	0
597	597	14	4
597	597	15	0
597	597	16	0
597	597	17	0
597	597	18	0
597	597	19	0
597	597	20	0
597	597	21	0
597	597	22	0
597	597	23	0
597	597	24	0
597	597	25	1
597	597	26	0
597	597	27	0
597	597	28	2
597	597	29	0
597	597	30	0
597	597	31	7
597	597	32	0
597	597	33	0
597	597	34	0
597	597	35	2
597	597	36	0
597	597	37	1
598	598	0	0
598	598	1	1
598	598	2	0
598	598	3	0
598	598	4	1
598	598	5	0
598	598	6	0
598	598	7	1
598	598	8	1
598	598	9	0
598	598	10	1
598	598	11	5
598	598	12	1
598	598	13	0
598	598	14	2
598	598	15	0
598	598	16	2
598	598	17	1
598	598	18	1
598	598	19	0
598	598	20	0
598	598	21	7
598	598	22	2
598	598	23	0
598	598	24	1
598	598	25	0
598	598	26	5
598	598	27	0
598	598	28	6
598	598	29	0
598	598	30	1
598	598	31	0
598	598	32	0
598	598	33	4
598	598	34	10
598	598	35	3
598	598	36	3
598	598	37	4
599	599	0	0
599	599	1	1
599	599	2	4
599	599	3	0
599	599	4	0
599	599	5	0
599	599	6	1
599	599	7	0
599	599	8	5
599	599	9	0
599	599	10	0
599	599	11	0
599	599	12	0
599	599	13	0
599	599	14	0
599	599	15	0
599	599	16	0
599	599	17	0
599	599	18	0
599	599	19	0
599	599	20	0
599	599	21	1
599	599	22	0
599	599	23	0
599	599	24	0
599	599	25	0
599	599	26	0
599	599	27	0
599	599	28	4
599	599	29	1
599	599	30	2
599	599	31	0
599	599	32	0
599	599	33	4
599	599	34	2
599	599	35	0
599	599	36	3
599	599	37	3
600	600	0	0
600	600	1	0
600	600	2	2
600	600	3	0
600	600	4	0
600	600	5	0
600	600	6	0
600	600	7	0
600	600	8	0
600	600	9	2
600	600	10	0
600	600	11	0
600	600	12	0
600	600	13	0
600	600	14	0
600	600	15	0
600	600	16	0
600	600	17	0
600	600	18	0
600	600	19	0
600	600	20	0
600	600	21	0
600	600	22	3
600	600	23	0
600	600	24	4
600	600	25	1
600	600	26	0
600	600	27	1
600	600	28	0
600	600	29	3
600	600	30	0
600	600	31	2
600	600	32	0
600	600	33	0
600	600	34	1
600	600	35	1
600	600	36	1
600	600	37	2
601	601	0	0
601	601	1	1
601	601	2	0
601	601	3	0
601	601	4	0
601	601	5	0
601	601	6	0
601	601	7	0
601	601	8	0
601	601	9	0
601	601	10	0
601	601	11	0
601	601	12	0
601	601	13	0
601	601	14	0
601	601	15	0
601	601	16	0
601	601	17	0
601	601	18	0
601	601	19	0
601	601	20	0
601	601	21	0
601	601	22	0
601	601	23	0
601	601	24	0
601	601	25	0
601	601	26	0
601	601	27	0
601	601	28	0
601	601	29	1
601	601	30	0
601	601	31	0
601	601	32	0
601	601	33	0
601	601	34	0
601	601	35	1
601	601	36	0
601	601	37	0
602	602	0	0
602	602	1	0
602	602	2	0
602	602	3	0
602	602	4	0
602	602	5	0
602	602	6	0
602	602	7	1
602	602	8	0
602	602	9	0
602	602	10	0
602	602	11	0
602	602	12	0
602	602	13	0
602	602	14	0
602	602	15	0
602	602	16	0
602	602	17	0
602	602	18	0
602	602	19	1
602	602	20	0
602	602	21	0
602	602	22	0
602	602	23	0
602	602	24	0
602	602	25	3
602	602	26	0
602	602	27	0
602	602	28	0
602	602	29	0
602	602	30	2
602	602	31	0
602	602	32	0
602	602	33	0
602	602	34	0
602	602	35	1
602	602	36	0
602	602	37	0
603	603	0	0
603	603	1	0
603	603	2	0
603	603	3	0
603	603	4	0
603	603	5	4
603	603	6	0
603	603	7	0
603	603	8	0
603	603	9	0
603	603	10	1
603	603	11	0
603	603	12	0
603	603	13	0
603	603	14	0
603	603	15	0
603	603	16	0
603	603	17	0
603	603	18	0
603	603	19	2
603	603	20	0
603	603	21	0
603	603	22	0
603	603	23	1
603	603	24	0
603	603	25	0
603	603	26	0
603	603	27	0
603	603	28	0
603	603	29	0
603	603	30	0
603	603	31	1
603	603	32	0
603	603	33	0
603	603	34	0
603	603	35	0
603	603	36	3
603	603	37	0
604	604	0	0
604	604	1	0
604	604	2	0
604	604	3	0
604	604	4	0
604	604	5	0
604	604	6	2
604	604	7	0
604	604	8	0
604	604	9	0
604	604	10	0
604	604	11	0
604	604	12	0
604	604	13	0
604	604	14	0
604	604	15	0
604	604	16	0
604	604	17	0
604	604	18	0
604	604	19	0
604	604	20	0
604	604	21	1
604	604	22	0
604	604	23	0
604	604	24	0
604	604	25	0
604	604	26	2
604	604	27	0
604	604	28	0
604	604	29	0
604	604	30	0
604	604	31	0
604	604	32	1
604	604	33	0
604	604	34	3
604	604	35	0
604	604	36	0
604	604	37	0
605	605	0	0
605	605	1	0
605	605	2	0
605	605	3	1
605	605	4	0
605	605	5	0
605	605	6	0
605	605	7	0
605	605	8	0
605	605	9	0
605	605	10	0
605	605	11	0
605	605	12	0
605	605	13	0
605	605	14	0
605	605	15	0
605	605	16	0
605	605	17	0
605	605	18	0
605	605	19	0
605	605	20	0
605	605	21	0
605	605	22	2
605	605	23	2
605	605	24	0
605	605	25	2
605	605	26	0
605	605	27	0
605	605	28	0
605	605	29	0
605	605	30	1
605	605	31	0
605	605	32	0
605	605	33	0
605	605	34	0
605	605	35	0
605	605	36	1
605	605	37	0
606	606	0	0
606	606	1	0
606	606	2	2
606	606	3	0
606	606	4	1
606	606	5	0
606	606	6	0
606	606	7	0
606	606	8	0
606	606	9	0
606	606	10	0
606	606	11	0
606	606	12	0
606	606	13	0
606	606	14	0
606	606	15	0
606	606	16	0
606	606	17	0
606	606	18	0
606	606	19	1
606	606	20	0
606	606	21	1
606	606	22	3
606	606	23	0
606	606	24	0
606	606	25	1
606	606	26	0
606	606	27	0
606	606	28	0
606	606	29	0
606	606	30	0
606	606	31	2
606	606	32	0
606	606	33	2
606	606	34	1
606	606	35	0
606	606	36	2
606	606	37	0
607	607	0	0
607	607	1	0
607	607	2	0
607	607	3	0
607	607	4	0
607	607	5	0
607	607	6	2
607	607	7	0
607	607	8	0
607	607	9	0
607	607	10	0
607	607	11	0
607	607	12	0
607	607	13	0
607	607	14	0
607	607	15	1
607	607	16	0
607	607	17	0
607	607	18	1
607	607	19	1
607	607	20	0
607	607	21	0
607	607	22	0
607	607	23	0
607	607	24	0
607	607	25	0
607	607	26	0
607	607	27	0
607	607	28	0
607	607	29	0
607	607	30	0
607	607	31	0
607	607	32	0
607	607	33	2
607	607	34	0
607	607	35	0
607	607	36	0
607	607	37	0
608	608	0	0
608	608	1	1
608	608	2	0
608	608	3	0
608	608	4	2
608	608	5	0
608	608	6	0
608	608	7	0
608	608	8	2
608	608	9	0
608	608	10	0
608	608	11	0
608	608	12	0
608	608	13	0
608	608	14	2
608	608	15	0
608	608	16	0
608	608	17	0
608	608	18	0
608	608	19	0
608	608	20	0
608	608	21	0
608	608	22	0
608	608	23	1
608	608	24	3
608	608	25	0
608	608	26	0
608	608	27	6
608	608	28	0
608	608	29	2
608	608	30	0
608	608	31	0
608	608	32	0
608	608	33	0
608	608	34	0
608	608	35	1
608	608	36	0
608	608	37	0
609	609	0	0
609	609	1	0
609	609	2	0
609	609	3	1
609	609	4	3
609	609	5	0
609	609	6	2
609	609	7	0
609	609	8	0
609	609	9	0
609	609	10	0
609	609	11	0
609	609	12	0
609	609	13	4
609	609	14	0
609	609	15	1
609	609	16	0
609	609	17	0
609	609	18	0
609	609	19	0
609	609	20	0
609	609	21	1
609	609	22	0
609	609	23	0
609	609	24	4
609	609	25	0
609	609	26	0
609	609	27	0
609	609	28	3
609	609	29	1
609	609	30	0
609	609	31	0
609	609	32	0
609	609	33	0
609	609	34	0
609	609	35	0
609	609	36	0
609	609	37	0
610	610	0	0
610	610	1	0
610	610	2	0
610	610	3	0
610	610	4	0
610	610	5	0
610	610	6	0
610	610	7	0
610	610	8	2
610	610	9	0
610	610	10	0
610	610	11	0
610	610	12	0
610	610	13	0
610	610	14	0
610	610	15	1
610	610	16	0
610	610	17	0
610	610	18	0
610	610	19	0
610	610	20	0
610	610	21	0
610	610	22	0
610	610	23	0
610	610	24	0
610	610	25	0
610	610	26	0
610	610	27	0
610	610	28	0
610	610	29	0
610	610	30	0
610	610	31	0
610	610	32	0
610	610	33	0
610	610	34	0
610	610	35	0
610	610	36	0
610	610	37	0
611	611	0	0
611	611	1	0
611	611	2	1
611	611	3	0
611	611	4	0
611	611	5	0
611	611	6	0
611	611	7	0
611	611	8	0
611	611	9	1
611	611	10	0
611	611	11	0
611	611	12	0
611	611	13	0
611	611	14	0
611	611	15	3
611	611	16	1
611	611	17	2
611	611	18	0
611	611	19	0
611	611	20	0
611	611	21	0
611	611	22	1
611	611	23	0
611	611	24	0
611	611	25	0
611	611	26	1
611	611	27	0
611	611	28	1
611	611	29	1
611	611	30	0
611	611	31	3
611	611	32	0
611	611	33	0
611	611	34	0
611	611	35	0
611	611	36	1
611	611	37	2
612	612	0	0
612	612	1	0
612	612	2	3
612	612	3	0
612	612	4	0
612	612	5	0
612	612	6	0
612	612	7	0
612	612	8	0
612	612	9	0
612	612	10	0
612	612	11	0
612	612	12	0
612	612	13	0
612	612	14	0
612	612	15	1
612	612	16	0
612	612	17	0
612	612	18	0
612	612	19	0
612	612	20	0
612	612	21	0
612	612	22	0
612	612	23	0
612	612	24	0
612	612	25	0
612	612	26	0
612	612	27	0
612	612	28	0
612	612	29	0
612	612	30	0
612	612	31	0
612	612	32	0
612	612	33	0
612	612	34	0
612	612	35	0
612	612	36	0
612	612	37	0
613	613	0	0
613	613	1	0
613	613	2	5
613	613	3	0
613	613	4	0
613	613	5	2
613	613	6	4
613	613	7	0
613	613	8	0
613	613	9	0
613	613	10	0
613	613	11	0
613	613	12	0
613	613	13	0
613	613	14	0
613	613	15	1
613	613	16	1
613	613	17	1
613	613	18	0
613	613	19	5
613	613	20	0
613	613	21	1
613	613	22	5
613	613	23	1
613	613	24	0
613	613	25	0
613	613	26	0
613	613	27	0
613	613	28	0
613	613	29	5
613	613	30	0
613	613	31	1
613	613	32	0
613	613	33	1
613	613	34	2
613	613	35	0
613	613	36	0
613	613	37	0
614	614	0	0
614	614	1	0
614	614	2	0
614	614	3	0
614	614	4	0
614	614	5	0
614	614	6	0
614	614	7	0
614	614	8	0
614	614	9	0
614	614	10	0
614	614	11	0
614	614	12	0
614	614	13	0
614	614	14	0
614	614	15	0
614	614	16	0
614	614	17	0
614	614	18	0
614	614	19	0
614	614	20	0
614	614	21	0
614	614	22	0
614	614	23	0
614	614	24	0
614	614	25	0
614	614	26	0
614	614	27	0
614	614	28	0
614	614	29	0
614	614	30	1
614	614	31	0
614	614	32	0
614	614	33	0
614	614	34	0
614	614	35	0
614	614	36	0
614	614	37	0
615	615	0	0
615	615	1	0
615	615	2	0
615	615	3	0
615	615	4	0
615	615	5	0
615	615	6	0
615	615	7	0
615	615	8	0
615	615	9	1
615	615	10	0
615	615	11	0
615	615	12	0
615	615	13	0
615	615	14	0
615	615	15	0
615	615	16	0
615	615	17	0
615	615	18	0
615	615	19	0
615	615	20	0
615	615	21	0
615	615	22	0
615	615	23	1
615	615	24	0
615	615	25	0
615	615	26	0
615	615	27	0
615	615	28	0
615	615	29	0
615	615	30	0
615	615	31	0
615	615	32	0
615	615	33	0
615	615	34	0
615	615	35	0
615	615	36	4
615	615	37	0
616	616	0	0
616	616	1	0
616	616	2	2
616	616	3	0
616	616	4	0
616	616	5	0
616	616	6	0
616	616	7	1
616	616	8	0
616	616	9	0
616	616	10	0
616	616	11	2
616	616	12	0
616	616	13	0
616	616	14	0
616	616	15	0
616	616	16	0
616	616	17	0
616	616	18	0
616	616	19	0
616	616	20	0
616	616	21	0
616	616	22	8
616	616	23	3
616	616	24	0
616	616	25	1
616	616	26	0
616	616	27	0
616	616	28	0
616	616	29	0
616	616	30	3
616	616	31	2
616	616	32	0
616	616	33	0
616	616	34	0
616	616	35	2
616	616	36	0
616	616	37	0
617	617	0	0
617	617	1	0
617	617	2	0
617	617	3	0
617	617	4	0
617	617	5	0
617	617	6	0
617	617	7	1
617	617	8	0
617	617	9	2
617	617	10	0
617	617	11	0
617	617	12	0
617	617	13	0
617	617	14	0
617	617	15	0
617	617	16	0
617	617	17	1
617	617	18	0
617	617	19	0
617	617	20	5
617	617	21	1
617	617	22	0
617	617	23	1
617	617	24	0
617	617	25	0
617	617	26	0
617	617	27	0
617	617	28	1
617	617	29	0
617	617	30	2
617	617	31	0
617	617	32	1
617	617	33	0
617	617	34	2
617	617	35	0
617	617	36	0
617	617	37	7
618	618	0	0
618	618	1	0
618	618	2	2
618	618	3	0
618	618	4	0
618	618	5	0
618	618	6	0
618	618	7	1
618	618	8	0
618	618	9	0
618	618	10	0
618	618	11	0
618	618	12	0
618	618	13	0
618	618	14	0
618	618	15	0
618	618	16	0
618	618	17	0
618	618	18	0
618	618	19	1
618	618	20	0
618	618	21	0
618	618	22	0
618	618	23	0
618	618	24	0
618	618	25	0
618	618	26	0
618	618	27	1
618	618	28	0
618	618	29	0
618	618	30	0
618	618	31	0
618	618	32	0
618	618	33	0
618	618	34	1
618	618	35	0
618	618	36	0
618	618	37	0
619	619	0	0
619	619	1	0
619	619	2	0
619	619	3	0
619	619	4	2
619	619	5	0
619	619	6	0
619	619	7	0
619	619	8	0
619	619	9	0
619	619	10	0
619	619	11	0
619	619	12	0
619	619	13	0
619	619	14	0
619	619	15	0
619	619	16	0
619	619	17	0
619	619	18	0
619	619	19	0
619	619	20	0
619	619	21	0
619	619	22	0
619	619	23	0
619	619	24	1
619	619	25	0
619	619	26	0
619	619	27	0
619	619	28	0
619	619	29	0
619	619	30	0
619	619	31	0
619	619	32	0
619	619	33	0
619	619	34	0
619	619	35	0
619	619	36	0
619	619	37	0
620	620	0	0
620	620	1	0
620	620	2	0
620	620	3	0
620	620	4	0
620	620	5	0
620	620	6	0
620	620	7	0
620	620	8	0
620	620	9	0
620	620	10	0
620	620	11	0
620	620	12	0
620	620	13	0
620	620	14	0
620	620	15	1
620	620	16	0
620	620	17	0
620	620	18	0
620	620	19	0
620	620	20	0
620	620	21	0
620	620	22	0
620	620	23	0
620	620	24	0
620	620	25	0
620	620	26	0
620	620	27	0
620	620	28	0
620	620	29	0
620	620	30	0
620	620	31	0
620	620	32	0
620	620	33	0
620	620	34	0
620	620	35	0
620	620	36	0
620	620	37	0
621	621	0	0
621	621	1	1
621	621	2	0
621	621	3	0
621	621	4	0
621	621	5	0
621	621	6	0
621	621	7	0
621	621	8	0
621	621	9	0
621	621	10	0
621	621	11	0
621	621	12	0
621	621	13	0
621	621	14	0
621	621	15	0
621	621	16	0
621	621	17	0
621	621	18	0
621	621	19	0
621	621	20	0
621	621	21	0
621	621	22	0
621	621	23	0
621	621	24	0
621	621	25	0
621	621	26	0
621	621	27	0
621	621	28	0
621	621	29	0
621	621	30	0
621	621	31	0
621	621	32	0
621	621	33	0
621	621	34	0
621	621	35	0
621	621	36	0
621	621	37	0
622	622	0	0
622	622	1	0
622	622	2	1
622	622	3	0
622	622	4	0
622	622	5	0
622	622	6	0
622	622	7	1
622	622	8	0
622	622	9	1
622	622	10	0
622	622	11	0
622	622	12	0
622	622	13	0
622	622	14	0
622	622	15	0
622	622	16	0
622	622	17	0
622	622	18	0
622	622	19	0
622	622	20	0
622	622	21	0
622	622	22	0
622	622	23	2
622	622	24	1
622	622	25	0
622	622	26	0
622	622	27	0
622	622	28	0
622	622	29	1
622	622	30	0
622	622	31	0
622	622	32	4
622	622	33	1
622	622	34	3
622	622	35	0
622	622	36	2
622	622	37	2
623	623	0	0
623	623	1	0
623	623	2	0
623	623	3	0
623	623	4	0
623	623	5	0
623	623	6	0
623	623	7	0
623	623	8	0
623	623	9	0
623	623	10	0
623	623	11	0
623	623	12	0
623	623	13	0
623	623	14	0
623	623	15	0
623	623	16	1
623	623	17	0
623	623	18	0
623	623	19	0
623	623	20	1
623	623	21	0
623	623	22	0
623	623	23	0
623	623	24	0
623	623	25	0
623	623	26	2
623	623	27	1
623	623	28	0
623	623	29	0
623	623	30	3
623	623	31	1
623	623	32	0
623	623	33	0
623	623	34	0
623	623	35	1
623	623	36	0
623	623	37	4
624	624	0	0
624	624	1	0
624	624	2	0
624	624	3	0
624	624	4	0
624	624	5	0
624	624	6	0
624	624	7	0
624	624	8	0
624	624	9	0
624	624	10	0
624	624	11	0
624	624	12	0
624	624	13	0
624	624	14	3
624	624	15	1
624	624	16	0
624	624	17	2
624	624	18	0
624	624	19	0
624	624	20	0
624	624	21	0
624	624	22	0
624	624	23	0
624	624	24	0
624	624	25	0
624	624	26	1
624	624	27	1
624	624	28	3
624	624	29	0
624	624	30	0
624	624	31	4
624	624	32	0
624	624	33	0
624	624	34	0
624	624	35	0
624	624	36	2
624	624	37	0
625	625	0	0
625	625	1	1
625	625	2	0
625	625	3	0
625	625	4	1
625	625	5	0
625	625	6	0
625	625	7	2
625	625	8	0
625	625	9	0
625	625	10	0
625	625	11	0
625	625	12	0
625	625	13	0
625	625	14	0
625	625	15	0
625	625	16	0
625	625	17	0
625	625	18	0
625	625	19	0
625	625	20	0
625	625	21	1
625	625	22	0
625	625	23	0
625	625	24	1
625	625	25	0
625	625	26	0
625	625	27	1
625	625	28	0
625	625	29	0
625	625	30	0
625	625	31	1
625	625	32	0
625	625	33	0
625	625	34	2
625	625	35	0
625	625	36	0
625	625	37	2
626	626	0	0
626	626	1	0
626	626	2	1
626	626	3	0
626	626	4	0
626	626	5	0
626	626	6	2
626	626	7	0
626	626	8	0
626	626	9	0
626	626	10	1
626	626	11	3
626	626	12	0
626	626	13	0
626	626	14	0
626	626	15	0
626	626	16	0
626	626	17	2
626	626	18	0
626	626	19	0
626	626	20	0
626	626	21	0
626	626	22	2
626	626	23	1
626	626	24	0
626	626	25	0
626	626	26	0
626	626	27	3
626	626	28	0
626	626	29	1
626	626	30	1
626	626	31	6
626	626	32	0
626	626	33	2
626	626	34	0
626	626	35	1
626	626	36	4
626	626	37	2
627	627	0	0
627	627	1	1
627	627	2	3
627	627	3	0
627	627	4	0
627	627	5	0
627	627	6	0
627	627	7	7
627	627	8	0
627	627	9	0
627	627	10	0
627	627	11	0
627	627	12	0
627	627	13	0
627	627	14	2
627	627	15	0
627	627	16	0
627	627	17	1
627	627	18	0
627	627	19	0
627	627	20	1
627	627	21	1
627	627	22	1
627	627	23	1
627	627	24	0
627	627	25	4
627	627	26	0
627	627	27	0
627	627	28	1
627	627	29	2
627	627	30	1
627	627	31	0
627	627	32	3
627	627	33	0
627	627	34	3
627	627	35	1
627	627	36	2
627	627	37	1
628	628	0	0
628	628	1	0
628	628	2	0
628	628	3	0
628	628	4	0
628	628	5	0
628	628	6	0
628	628	7	0
628	628	8	0
628	628	9	0
628	628	10	0
628	628	11	0
628	628	12	1
628	628	13	0
628	628	14	0
628	628	15	0
628	628	16	0
628	628	17	1
628	628	18	0
628	628	19	0
628	628	20	0
628	628	21	0
628	628	22	0
628	628	23	0
628	628	24	1
628	628	25	0
628	628	26	1
628	628	27	0
628	628	28	0
628	628	29	1
628	628	30	0
628	628	31	0
628	628	32	1
628	628	33	5
628	628	34	0
628	628	35	2
628	628	36	2
628	628	37	0
629	629	0	0
629	629	1	0
629	629	2	0
629	629	3	0
629	629	4	0
629	629	5	0
629	629	6	2
629	629	7	0
629	629	8	0
629	629	9	0
629	629	10	1
629	629	11	0
629	629	12	0
629	629	13	0
629	629	14	0
629	629	15	0
629	629	16	0
629	629	17	0
629	629	18	0
629	629	19	0
629	629	20	1
629	629	21	0
629	629	22	2
629	629	23	0
629	629	24	0
629	629	25	0
629	629	26	0
629	629	27	0
629	629	28	0
629	629	29	0
629	629	30	0
629	629	31	0
629	629	32	0
629	629	33	0
629	629	34	0
629	629	35	0
629	629	36	0
629	629	37	0
630	630	0	0
630	630	1	0
630	630	2	0
630	630	3	0
630	630	4	0
630	630	5	0
630	630	6	1
630	630	7	0
630	630	8	0
630	630	9	0
630	630	10	0
630	630	11	0
630	630	12	0
630	630	13	0
630	630	14	0
630	630	15	0
630	630	16	0
630	630	17	0
630	630	18	0
630	630	19	0
630	630	20	0
630	630	21	0
630	630	22	0
630	630	23	0
630	630	24	0
630	630	25	0
630	630	26	0
630	630	27	0
630	630	28	0
630	630	29	0
630	630	30	0
630	630	31	0
630	630	32	1
630	630	33	0
630	630	34	0
630	630	35	2
630	630	36	0
630	630	37	2
631	631	0	0
631	631	1	0
631	631	2	0
631	631	3	0
631	631	4	0
631	631	5	0
631	631	6	0
631	631	7	0
631	631	8	0
631	631	9	0
631	631	10	0
631	631	11	0
631	631	12	0
631	631	13	0
631	631	14	0
631	631	15	0
631	631	16	0
631	631	17	0
631	631	18	0
631	631	19	0
631	631	20	0
631	631	21	0
631	631	22	0
631	631	23	0
631	631	24	0
631	631	25	0
631	631	26	0
631	631	27	0
631	631	28	0
631	631	29	0
631	631	30	0
631	631	31	0
631	631	32	0
631	631	33	0
631	631	34	0
631	631	35	0
631	631	36	0
631	631	37	0
632	632	0	0
632	632	1	2
632	632	2	0
632	632	3	0
632	632	4	0
632	632	5	0
632	632	6	0
632	632	7	0
632	632	8	1
632	632	9	0
632	632	10	0
632	632	11	0
632	632	12	0
632	632	13	0
632	632	14	0
632	632	15	0
632	632	16	0
632	632	17	0
632	632	18	0
632	632	19	0
632	632	20	0
632	632	21	0
632	632	22	0
632	632	23	0
632	632	24	0
632	632	25	0
632	632	26	1
632	632	27	0
632	632	28	0
632	632	29	0
632	632	30	0
632	632	31	0
632	632	32	0
632	632	33	3
632	632	34	2
632	632	35	1
632	632	36	0
632	632	37	0
633	633	0	0
633	633	1	0
633	633	2	0
633	633	3	0
633	633	4	0
633	633	5	0
633	633	6	0
633	633	7	0
633	633	8	0
633	633	9	0
633	633	10	0
633	633	11	0
633	633	12	0
633	633	13	0
633	633	14	3
633	633	15	0
633	633	16	0
633	633	17	0
633	633	18	0
633	633	19	0
633	633	20	0
633	633	21	0
633	633	22	0
633	633	23	0
633	633	24	0
633	633	25	0
633	633	26	0
633	633	27	0
633	633	28	0
633	633	29	2
633	633	30	0
633	633	31	0
633	633	32	0
633	633	33	0
633	633	34	0
633	633	35	0
633	633	36	0
633	633	37	0
634	634	0	0
634	634	1	0
634	634	2	0
634	634	3	0
634	634	4	0
634	634	5	1
634	634	6	0
634	634	7	0
634	634	8	0
634	634	9	1
634	634	10	0
634	634	11	0
634	634	12	0
634	634	13	0
634	634	14	0
634	634	15	0
634	634	16	1
634	634	17	0
634	634	18	0
634	634	19	0
634	634	20	0
634	634	21	0
634	634	22	0
634	634	23	0
634	634	24	0
634	634	25	0
634	634	26	0
634	634	27	0
634	634	28	1
634	634	29	0
634	634	30	0
634	634	31	0
634	634	32	4
634	634	33	0
634	634	34	0
634	634	35	0
634	634	36	0
634	634	37	1
635	635	0	0
635	635	1	0
635	635	2	0
635	635	3	0
635	635	4	0
635	635	5	0
635	635	6	0
635	635	7	2
635	635	8	0
635	635	9	0
635	635	10	0
635	635	11	0
635	635	12	0
635	635	13	2
635	635	14	0
635	635	15	0
635	635	16	0
635	635	17	0
635	635	18	0
635	635	19	0
635	635	20	0
635	635	21	2
635	635	22	0
635	635	23	0
635	635	24	0
635	635	25	0
635	635	26	0
635	635	27	0
635	635	28	0
635	635	29	0
635	635	30	0
635	635	31	0
635	635	32	0
635	635	33	0
635	635	34	0
635	635	35	0
635	635	36	0
635	635	37	0
636	636	0	0
636	636	1	0
636	636	2	0
636	636	3	0
636	636	4	0
636	636	5	2
636	636	6	0
636	636	7	0
636	636	8	0
636	636	9	0
636	636	10	0
636	636	11	0
636	636	12	0
636	636	13	0
636	636	14	2
636	636	15	0
636	636	16	0
636	636	17	2
636	636	18	0
636	636	19	3
636	636	20	0
636	636	21	0
636	636	22	0
636	636	23	0
636	636	24	0
636	636	25	1
636	636	26	0
636	636	27	0
636	636	28	3
636	636	29	0
636	636	30	0
636	636	31	0
636	636	32	2
636	636	33	2
636	636	34	0
636	636	35	5
636	636	36	0
636	636	37	2
637	637	0	0
637	637	1	3
637	637	2	0
637	637	3	0
637	637	4	0
637	637	5	0
637	637	6	0
637	637	7	0
637	637	8	2
637	637	9	0
637	637	10	0
637	637	11	0
637	637	12	0
637	637	13	0
637	637	14	0
637	637	15	1
637	637	16	0
637	637	17	1
637	637	18	0
637	637	19	0
637	637	20	0
637	637	21	0
637	637	22	0
637	637	23	0
637	637	24	0
637	637	25	0
637	637	26	0
637	637	27	0
637	637	28	0
637	637	29	0
637	637	30	0
637	637	31	0
637	637	32	0
637	637	33	0
637	637	34	0
637	637	35	1
637	637	36	0
637	637	37	0
638	638	0	0
638	638	1	0
638	638	2	0
638	638	3	0
638	638	4	0
638	638	5	3
638	638	6	0
638	638	7	0
638	638	8	0
638	638	9	0
638	638	10	0
638	638	11	0
638	638	12	0
638	638	13	0
638	638	14	0
638	638	15	2
638	638	16	0
638	638	17	1
638	638	18	0
638	638	19	1
638	638	20	0
638	638	21	0
638	638	22	0
638	638	23	0
638	638	24	0
638	638	25	0
638	638	26	0
638	638	27	3
638	638	28	0
638	638	29	0
638	638	30	0
638	638	31	4
638	638	32	2
638	638	33	0
638	638	34	0
638	638	35	0
638	638	36	0
638	638	37	0
639	639	0	0
639	639	1	0
639	639	2	0
639	639	3	0
639	639	4	0
639	639	5	0
639	639	6	0
639	639	7	0
639	639	8	0
639	639	9	1
639	639	10	2
639	639	11	0
639	639	12	0
639	639	13	0
639	639	14	0
639	639	15	0
639	639	16	0
639	639	17	0
639	639	18	0
639	639	19	0
639	639	20	0
639	639	21	0
639	639	22	0
639	639	23	0
639	639	24	0
639	639	25	0
639	639	26	0
639	639	27	0
639	639	28	0
639	639	29	0
639	639	30	0
639	639	31	0
639	639	32	0
639	639	33	0
639	639	34	0
639	639	35	0
639	639	36	0
639	639	37	0
640	640	0	0
640	640	1	0
640	640	2	0
640	640	3	0
640	640	4	0
640	640	5	0
640	640	6	4
640	640	7	0
640	640	8	0
640	640	9	2
640	640	10	0
640	640	11	1
640	640	12	1
640	640	13	1
640	640	14	1
640	640	15	0
640	640	16	0
640	640	17	2
640	640	18	0
640	640	19	6
640	640	20	2
640	640	21	0
640	640	22	0
640	640	23	0
640	640	24	2
640	640	25	2
640	640	26	6
640	640	27	1
640	640	28	3
640	640	29	7
640	640	30	0
640	640	31	2
640	640	32	2
640	640	33	0
640	640	34	1
640	640	35	2
640	640	36	5
640	640	37	2
641	641	0	0
641	641	1	0
641	641	2	0
641	641	3	2
641	641	4	0
641	641	5	0
641	641	6	0
641	641	7	0
641	641	8	0
641	641	9	0
641	641	10	0
641	641	11	0
641	641	12	0
641	641	13	1
641	641	14	0
641	641	15	0
641	641	16	0
641	641	17	0
641	641	18	1
641	641	19	2
641	641	20	0
641	641	21	0
641	641	22	2
641	641	23	0
641	641	24	0
641	641	25	0
641	641	26	2
641	641	27	0
641	641	28	1
641	641	29	0
641	641	30	0
641	641	31	0
641	641	32	0
641	641	33	0
641	641	34	0
641	641	35	1
641	641	36	1
641	641	37	5
642	642	0	0
642	642	1	0
642	642	2	1
642	642	3	0
642	642	4	0
642	642	5	0
642	642	6	0
642	642	7	0
642	642	8	0
642	642	9	0
642	642	10	1
642	642	11	1
642	642	12	0
642	642	13	0
642	642	14	0
642	642	15	0
642	642	16	0
642	642	17	0
642	642	18	0
642	642	19	0
642	642	20	1
642	642	21	0
642	642	22	0
642	642	23	0
642	642	24	1
642	642	25	0
642	642	26	0
642	642	27	0
642	642	28	0
642	642	29	0
642	642	30	0
642	642	31	0
642	642	32	0
642	642	33	0
642	642	34	0
642	642	35	0
642	642	36	3
642	642	37	0
643	643	0	0
643	643	1	0
643	643	2	0
643	643	3	0
643	643	4	0
643	643	5	0
643	643	6	0
643	643	7	0
643	643	8	0
643	643	9	1
643	643	10	0
643	643	11	0
643	643	12	0
643	643	13	0
643	643	14	0
643	643	15	0
643	643	16	0
643	643	17	0
643	643	18	0
643	643	19	0
643	643	20	0
643	643	21	0
643	643	22	0
643	643	23	0
643	643	24	3
643	643	25	0
643	643	26	0
643	643	27	0
643	643	28	0
643	643	29	0
643	643	30	0
643	643	31	0
643	643	32	0
643	643	33	0
643	643	34	0
643	643	35	0
643	643	36	0
643	643	37	0
644	644	0	0
644	644	1	0
644	644	2	1
644	644	3	0
644	644	4	0
644	644	5	1
644	644	6	0
644	644	7	0
644	644	8	0
644	644	9	0
644	644	10	0
644	644	11	0
644	644	12	0
644	644	13	0
644	644	14	0
644	644	15	0
644	644	16	0
644	644	17	1
644	644	18	0
644	644	19	0
644	644	20	0
644	644	21	0
644	644	22	0
644	644	23	1
644	644	24	0
644	644	25	1
644	644	26	0
644	644	27	0
644	644	28	1
644	644	29	0
644	644	30	0
644	644	31	0
644	644	32	0
644	644	33	0
644	644	34	0
644	644	35	0
644	644	36	0
644	644	37	0
645	645	0	0
645	645	1	0
645	645	2	0
645	645	3	0
645	645	4	0
645	645	5	0
645	645	6	0
645	645	7	0
645	645	8	0
645	645	9	1
645	645	10	0
645	645	11	0
645	645	12	0
645	645	13	0
645	645	14	4
645	645	15	0
645	645	16	0
645	645	17	0
645	645	18	0
645	645	19	0
645	645	20	2
645	645	21	0
645	645	22	0
645	645	23	0
645	645	24	0
645	645	25	0
645	645	26	0
645	645	27	0
645	645	28	0
645	645	29	2
645	645	30	0
645	645	31	2
645	645	32	0
645	645	33	1
645	645	34	0
645	645	35	0
645	645	36	0
645	645	37	0
646	646	0	0
646	646	1	0
646	646	2	0
646	646	3	1
646	646	4	0
646	646	5	0
646	646	6	0
646	646	7	0
646	646	8	0
646	646	9	3
646	646	10	0
646	646	11	0
646	646	12	0
646	646	13	0
646	646	14	0
646	646	15	0
646	646	16	0
646	646	17	0
646	646	18	0
646	646	19	0
646	646	20	0
646	646	21	0
646	646	22	0
646	646	23	0
646	646	24	0
646	646	25	0
646	646	26	0
646	646	27	0
646	646	28	0
646	646	29	0
646	646	30	0
646	646	31	0
646	646	32	0
646	646	33	0
646	646	34	0
646	646	35	0
646	646	36	0
646	646	37	0
647	647	0	0
647	647	1	0
647	647	2	0
647	647	3	1
647	647	4	3
647	647	5	0
647	647	6	0
647	647	7	0
647	647	8	0
647	647	9	0
647	647	10	0
647	647	11	0
647	647	12	2
647	647	13	0
647	647	14	0
647	647	15	0
647	647	16	0
647	647	17	0
647	647	18	1
647	647	19	0
647	647	20	0
647	647	21	1
647	647	22	0
647	647	23	0
647	647	24	0
647	647	25	0
647	647	26	1
647	647	27	0
647	647	28	0
647	647	29	0
647	647	30	4
647	647	31	0
647	647	32	0
647	647	33	1
647	647	34	0
647	647	35	1
647	647	36	2
647	647	37	2
648	648	0	0
648	648	1	0
648	648	2	0
648	648	3	0
648	648	4	0
648	648	5	0
648	648	6	0
648	648	7	0
648	648	8	0
648	648	9	2
648	648	10	0
648	648	11	0
648	648	12	0
648	648	13	0
648	648	14	0
648	648	15	0
648	648	16	0
648	648	17	0
648	648	18	0
648	648	19	0
648	648	20	0
648	648	21	0
648	648	22	2
648	648	23	0
648	648	24	0
648	648	25	0
648	648	26	0
648	648	27	0
648	648	28	2
648	648	29	0
648	648	30	0
648	648	31	0
648	648	32	0
648	648	33	0
648	648	34	0
648	648	35	0
648	648	36	0
648	648	37	0
649	649	0	0
649	649	1	0
649	649	2	0
649	649	3	0
649	649	4	0
649	649	5	1
649	649	6	0
649	649	7	0
649	649	8	0
649	649	9	1
649	649	10	2
649	649	11	0
649	649	12	0
649	649	13	0
649	649	14	0
649	649	15	0
649	649	16	0
649	649	17	0
649	649	18	0
649	649	19	0
649	649	20	0
649	649	21	0
649	649	22	0
649	649	23	1
649	649	24	1
649	649	25	0
649	649	26	0
649	649	27	0
649	649	28	0
649	649	29	0
649	649	30	0
649	649	31	0
649	649	32	0
649	649	33	0
649	649	34	0
649	649	35	1
649	649	36	3
649	649	37	0
650	650	0	0
650	650	1	0
650	650	2	0
650	650	3	1
650	650	4	0
650	650	5	0
650	650	6	0
650	650	7	0
650	650	8	0
650	650	9	0
650	650	10	0
650	650	11	0
650	650	12	0
650	650	13	0
650	650	14	0
650	650	15	0
650	650	16	0
650	650	17	0
650	650	18	0
650	650	19	2
650	650	20	0
650	650	21	0
650	650	22	0
650	650	23	0
650	650	24	2
650	650	25	3
650	650	26	0
650	650	27	0
650	650	28	0
650	650	29	1
650	650	30	1
650	650	31	0
650	650	32	0
650	650	33	0
650	650	34	0
650	650	35	0
650	650	36	0
650	650	37	2
651	651	0	0
651	651	1	0
651	651	2	0
651	651	3	0
651	651	4	0
651	651	5	0
651	651	6	0
651	651	7	0
651	651	8	0
651	651	9	0
651	651	10	0
651	651	11	0
651	651	12	0
651	651	13	0
651	651	14	0
651	651	15	0
651	651	16	0
651	651	17	0
651	651	18	0
651	651	19	0
651	651	20	0
651	651	21	0
651	651	22	0
651	651	23	0
651	651	24	0
651	651	25	0
651	651	26	1
651	651	27	0
651	651	28	0
651	651	29	0
651	651	30	0
651	651	31	0
651	651	32	0
651	651	33	0
651	651	34	0
651	651	35	0
651	651	36	0
651	651	37	0
652	652	0	0
652	652	1	0
652	652	2	0
652	652	3	0
652	652	4	0
652	652	5	0
652	652	6	0
652	652	7	0
652	652	8	1
652	652	9	0
652	652	10	2
652	652	11	0
652	652	12	0
652	652	13	0
652	652	14	0
652	652	15	0
652	652	16	0
652	652	17	0
652	652	18	0
652	652	19	0
652	652	20	0
652	652	21	3
652	652	22	0
652	652	23	0
652	652	24	0
652	652	25	0
652	652	26	0
652	652	27	0
652	652	28	0
652	652	29	2
652	652	30	0
652	652	31	0
652	652	32	0
652	652	33	0
652	652	34	0
652	652	35	0
652	652	36	0
652	652	37	0
653	653	0	0
653	653	1	0
653	653	2	0
653	653	3	0
653	653	4	1
653	653	5	0
653	653	6	0
653	653	7	0
653	653	8	0
653	653	9	0
653	653	10	0
653	653	11	0
653	653	12	1
653	653	13	0
653	653	14	0
653	653	15	0
653	653	16	0
653	653	17	0
653	653	18	0
653	653	19	0
653	653	20	0
653	653	21	0
653	653	22	0
653	653	23	0
653	653	24	0
653	653	25	0
653	653	26	0
653	653	27	0
653	653	28	0
653	653	29	0
653	653	30	0
653	653	31	0
653	653	32	0
653	653	33	0
653	653	34	0
653	653	35	0
653	653	36	0
653	653	37	0
654	654	0	0
654	654	1	1
654	654	2	0
654	654	3	0
654	654	4	0
654	654	5	0
654	654	6	0
654	654	7	0
654	654	8	0
654	654	9	0
654	654	10	0
654	654	11	0
654	654	12	2
654	654	13	0
654	654	14	1
654	654	15	0
654	654	16	1
654	654	17	0
654	654	18	0
654	654	19	3
654	654	20	0
654	654	21	0
654	654	22	0
654	654	23	1
654	654	24	0
654	654	25	0
654	654	26	0
654	654	27	0
654	654	28	3
654	654	29	1
654	654	30	2
654	654	31	3
654	654	32	0
654	654	33	0
654	654	34	1
654	654	35	4
654	654	36	0
654	654	37	0
655	655	0	0
655	655	1	0
655	655	2	0
655	655	3	0
655	655	4	0
655	655	5	0
655	655	6	0
655	655	7	3
655	655	8	0
655	655	9	0
655	655	10	1
655	655	11	0
655	655	12	0
655	655	13	0
655	655	14	0
655	655	15	0
655	655	16	1
655	655	17	0
655	655	18	0
655	655	19	0
655	655	20	0
655	655	21	0
655	655	22	0
655	655	23	0
655	655	24	0
655	655	25	0
655	655	26	0
655	655	27	0
655	655	28	0
655	655	29	0
655	655	30	0
655	655	31	0
655	655	32	0
655	655	33	0
655	655	34	0
655	655	35	0
655	655	36	0
655	655	37	0
656	656	0	0
656	656	1	0
656	656	2	0
656	656	3	0
656	656	4	0
656	656	5	0
656	656	6	0
656	656	7	1
656	656	8	0
656	656	9	0
656	656	10	0
656	656	11	0
656	656	12	0
656	656	13	0
656	656	14	1
656	656	15	0
656	656	16	0
656	656	17	0
656	656	18	0
656	656	19	2
656	656	20	0
656	656	21	0
656	656	22	1
656	656	23	0
656	656	24	1
656	656	25	1
656	656	26	0
656	656	27	0
656	656	28	1
656	656	29	0
656	656	30	0
656	656	31	0
656	656	32	3
656	656	33	0
656	656	34	1
656	656	35	0
656	656	36	2
656	656	37	0
657	657	0	0
657	657	1	0
657	657	2	0
657	657	3	0
657	657	4	0
657	657	5	0
657	657	6	0
657	657	7	0
657	657	8	0
657	657	9	0
657	657	10	0
657	657	11	0
657	657	12	0
657	657	13	0
657	657	14	0
657	657	15	0
657	657	16	0
657	657	17	0
657	657	18	0
657	657	19	0
657	657	20	2
657	657	21	0
657	657	22	0
657	657	23	0
657	657	24	0
657	657	25	0
657	657	26	0
657	657	27	0
657	657	28	0
657	657	29	0
657	657	30	0
657	657	31	0
657	657	32	0
657	657	33	0
657	657	34	0
657	657	35	1
657	657	36	0
657	657	37	0
658	658	0	0
658	658	1	0
658	658	2	0
658	658	3	0
658	658	4	0
658	658	5	0
658	658	6	0
658	658	7	0
658	658	8	0
658	658	9	0
658	658	10	0
658	658	11	0
658	658	12	0
658	658	13	2
658	658	14	0
658	658	15	2
658	658	16	0
658	658	17	0
658	658	18	0
658	658	19	0
658	658	20	0
658	658	21	0
658	658	22	0
658	658	23	0
658	658	24	0
658	658	25	0
658	658	26	0
658	658	27	0
658	658	28	0
658	658	29	0
658	658	30	0
658	658	31	0
658	658	32	0
658	658	33	0
658	658	34	0
658	658	35	0
658	658	36	0
658	658	37	0
659	659	0	0
659	659	1	0
659	659	2	0
659	659	3	0
659	659	4	0
659	659	5	0
659	659	6	0
659	659	7	0
659	659	8	0
659	659	9	0
659	659	10	0
659	659	11	2
659	659	12	0
659	659	13	0
659	659	14	0
659	659	15	1
659	659	16	0
659	659	17	0
659	659	18	2
659	659	19	0
659	659	20	0
659	659	21	0
659	659	22	1
659	659	23	0
659	659	24	0
659	659	25	1
659	659	26	1
659	659	27	0
659	659	28	1
659	659	29	0
659	659	30	4
659	659	31	3
659	659	32	1
659	659	33	3
659	659	34	3
659	659	35	2
659	659	36	2
659	659	37	3
660	660	0	0
660	660	1	0
660	660	2	2
660	660	3	0
660	660	4	0
660	660	5	0
660	660	6	0
660	660	7	0
660	660	8	0
660	660	9	0
660	660	10	0
660	660	11	0
660	660	12	0
660	660	13	0
660	660	14	0
660	660	15	0
660	660	16	0
660	660	17	0
660	660	18	0
660	660	19	0
660	660	20	0
660	660	21	0
660	660	22	0
660	660	23	0
660	660	24	0
660	660	25	0
660	660	26	0
660	660	27	0
660	660	28	0
660	660	29	0
660	660	30	0
660	660	31	0
660	660	32	0
660	660	33	0
660	660	34	0
660	660	35	0
660	660	36	0
660	660	37	0
661	661	0	0
661	661	1	0
661	661	2	0
661	661	3	0
661	661	4	0
661	661	5	0
661	661	6	0
661	661	7	0
661	661	8	0
661	661	9	1
661	661	10	0
661	661	11	0
661	661	12	0
661	661	13	2
661	661	14	0
661	661	15	0
661	661	16	0
661	661	17	0
661	661	18	0
661	661	19	3
661	661	20	0
661	661	21	0
661	661	22	4
661	661	23	0
661	661	24	0
661	661	25	0
661	661	26	0
661	661	27	0
661	661	28	0
661	661	29	0
661	661	30	1
661	661	31	0
661	661	32	0
661	661	33	2
661	661	34	0
661	661	35	0
661	661	36	0
661	661	37	0
662	662	0	0
662	662	1	0
662	662	2	0
662	662	3	0
662	662	4	0
662	662	5	0
662	662	6	0
662	662	7	0
662	662	8	1
662	662	9	0
662	662	10	0
662	662	11	0
662	662	12	1
662	662	13	0
662	662	14	0
662	662	15	0
662	662	16	0
662	662	17	0
662	662	18	0
662	662	19	0
662	662	20	0
662	662	21	0
662	662	22	0
662	662	23	0
662	662	24	0
662	662	25	0
662	662	26	0
662	662	27	2
662	662	28	0
662	662	29	0
662	662	30	1
662	662	31	0
662	662	32	0
662	662	33	0
662	662	34	0
662	662	35	0
662	662	36	0
662	662	37	0
663	663	0	0
663	663	1	1
663	663	2	0
663	663	3	0
663	663	4	0
663	663	5	0
663	663	6	0
663	663	7	0
663	663	8	0
663	663	9	0
663	663	10	0
663	663	11	0
663	663	12	0
663	663	13	0
663	663	14	0
663	663	15	0
663	663	16	2
663	663	17	0
663	663	18	0
663	663	19	0
663	663	20	4
663	663	21	0
663	663	22	0
663	663	23	0
663	663	24	2
663	663	25	0
663	663	26	0
663	663	27	0
663	663	28	1
663	663	29	0
663	663	30	0
663	663	31	3
663	663	32	0
663	663	33	1
663	663	34	0
663	663	35	0
663	663	36	0
663	663	37	2
664	664	0	0
664	664	1	0
664	664	2	0
664	664	3	0
664	664	4	0
664	664	5	0
664	664	6	0
664	664	7	2
664	664	8	0
664	664	9	0
664	664	10	3
664	664	11	0
664	664	12	1
664	664	13	0
664	664	14	0
664	664	15	0
664	664	16	2
664	664	17	0
664	664	18	0
664	664	19	1
664	664	20	0
664	664	21	2
664	664	22	0
664	664	23	0
664	664	24	1
664	664	25	3
664	664	26	4
664	664	27	2
664	664	28	1
664	664	29	2
664	664	30	3
664	664	31	0
664	664	32	1
664	664	33	3
664	664	34	3
664	664	35	1
664	664	36	5
664	664	37	6
665	665	0	0
665	665	1	0
665	665	2	1
665	665	3	0
665	665	4	0
665	665	5	0
665	665	6	0
665	665	7	0
665	665	8	0
665	665	9	0
665	665	10	0
665	665	11	0
665	665	12	0
665	665	13	0
665	665	14	0
665	665	15	0
665	665	16	0
665	665	17	0
665	665	18	0
665	665	19	0
665	665	20	0
665	665	21	0
665	665	22	0
665	665	23	0
665	665	24	0
665	665	25	0
665	665	26	0
665	665	27	0
665	665	28	0
665	665	29	0
665	665	30	0
665	665	31	0
665	665	32	0
665	665	33	0
665	665	34	0
665	665	35	0
665	665	36	0
665	665	37	0
666	666	0	0
666	666	1	0
666	666	2	0
666	666	3	0
666	666	4	0
666	666	5	0
666	666	6	1
666	666	7	0
666	666	8	0
666	666	9	0
666	666	10	0
666	666	11	0
666	666	12	0
666	666	13	0
666	666	14	0
666	666	15	0
666	666	16	1
666	666	17	0
666	666	18	0
666	666	19	0
666	666	20	0
666	666	21	0
666	666	22	1
666	666	23	0
666	666	24	0
666	666	25	1
666	666	26	0
666	666	27	0
666	666	28	0
666	666	29	0
666	666	30	0
666	666	31	0
666	666	32	0
666	666	33	1
666	666	34	0
666	666	35	0
666	666	36	0
666	666	37	0
667	667	0	0
667	667	1	0
667	667	2	0
667	667	3	0
667	667	4	0
667	667	5	0
667	667	6	0
667	667	7	1
667	667	8	0
667	667	9	0
667	667	10	0
667	667	11	0
667	667	12	1
667	667	13	0
667	667	14	0
667	667	15	0
667	667	16	0
667	667	17	0
667	667	18	0
667	667	19	0
667	667	20	0
667	667	21	0
667	667	22	0
667	667	23	0
667	667	24	0
667	667	25	0
667	667	26	0
667	667	27	4
667	667	28	0
667	667	29	0
667	667	30	0
667	667	31	0
667	667	32	0
667	667	33	1
667	667	34	1
667	667	35	0
667	667	36	0
667	667	37	4
668	668	0	0
668	668	1	0
668	668	2	1
668	668	3	0
668	668	4	0
668	668	5	2
668	668	6	0
668	668	7	0
668	668	8	0
668	668	9	1
668	668	10	3
668	668	11	0
668	668	12	3
668	668	13	0
668	668	14	0
668	668	15	5
668	668	16	2
668	668	17	2
668	668	18	0
668	668	19	0
668	668	20	1
668	668	21	0
668	668	22	0
668	668	23	1
668	668	24	0
668	668	25	3
668	668	26	1
668	668	27	3
668	668	28	5
668	668	29	1
668	668	30	2
668	668	31	1
668	668	32	2
668	668	33	0
668	668	34	4
668	668	35	7
668	668	36	3
668	668	37	4
669	669	0	0
669	669	1	0
669	669	2	1
669	669	3	0
669	669	4	0
669	669	5	0
669	669	6	0
669	669	7	0
669	669	8	0
669	669	9	0
669	669	10	0
669	669	11	0
669	669	12	0
669	669	13	0
669	669	14	0
669	669	15	0
669	669	16	1
669	669	17	0
669	669	18	0
669	669	19	0
669	669	20	0
669	669	21	0
669	669	22	0
669	669	23	0
669	669	24	0
669	669	25	0
669	669	26	0
669	669	27	0
669	669	28	1
669	669	29	0
669	669	30	2
669	669	31	1
669	669	32	0
669	669	33	0
669	669	34	1
669	669	35	1
669	669	36	3
669	669	37	0
670	670	0	0
670	670	1	0
670	670	2	0
670	670	3	0
670	670	4	1
670	670	5	0
670	670	6	0
670	670	7	0
670	670	8	0
670	670	9	1
670	670	10	0
670	670	11	0
670	670	12	0
670	670	13	0
670	670	14	0
670	670	15	0
670	670	16	0
670	670	17	0
670	670	18	0
670	670	19	0
670	670	20	4
670	670	21	1
670	670	22	0
670	670	23	1
670	670	24	0
670	670	25	4
670	670	26	0
670	670	27	0
670	670	28	2
670	670	29	0
670	670	30	0
670	670	31	2
670	670	32	1
670	670	33	2
670	670	34	0
670	670	35	3
670	670	36	0
670	670	37	3
671	671	0	0
671	671	1	0
671	671	2	0
671	671	3	1
671	671	4	0
671	671	5	0
671	671	6	0
671	671	7	0
671	671	8	0
671	671	9	0
671	671	10	2
671	671	11	0
671	671	12	0
671	671	13	2
671	671	14	0
671	671	15	0
671	671	16	0
671	671	17	2
671	671	18	0
671	671	19	0
671	671	20	0
671	671	21	0
671	671	22	1
671	671	23	0
671	671	24	0
671	671	25	0
671	671	26	0
671	671	27	0
671	671	28	0
671	671	29	0
671	671	30	0
671	671	31	0
671	671	32	0
671	671	33	0
671	671	34	0
671	671	35	0
671	671	36	0
671	671	37	0
672	672	0	0
672	672	1	0
672	672	2	0
672	672	3	0
672	672	4	0
672	672	5	0
672	672	6	2
672	672	7	0
672	672	8	0
672	672	9	0
672	672	10	0
672	672	11	0
672	672	12	0
672	672	13	0
672	672	14	0
672	672	15	0
672	672	16	0
672	672	17	0
672	672	18	1
672	672	19	0
672	672	20	0
672	672	21	1
672	672	22	0
672	672	23	0
672	672	24	0
672	672	25	0
672	672	26	0
672	672	27	0
672	672	28	0
672	672	29	0
672	672	30	0
672	672	31	0
672	672	32	0
672	672	33	1
672	672	34	3
672	672	35	0
672	672	36	0
672	672	37	2
673	673	0	0
673	673	1	0
673	673	2	0
673	673	3	0
673	673	4	0
673	673	5	0
673	673	6	0
673	673	7	0
673	673	8	2
673	673	9	0
673	673	10	0
673	673	11	0
673	673	12	0
673	673	13	1
673	673	14	5
673	673	15	0
673	673	16	0
673	673	17	0
673	673	18	0
673	673	19	2
673	673	20	0
673	673	21	0
673	673	22	0
673	673	23	0
673	673	24	0
673	673	25	0
673	673	26	0
673	673	27	0
673	673	28	1
673	673	29	0
673	673	30	0
673	673	31	0
673	673	32	0
673	673	33	0
673	673	34	0
673	673	35	0
673	673	36	1
673	673	37	0
674	674	0	0
674	674	1	0
674	674	2	0
674	674	3	0
674	674	4	1
674	674	5	0
674	674	6	0
674	674	7	0
674	674	8	0
674	674	9	0
674	674	10	0
674	674	11	0
674	674	12	2
674	674	13	0
674	674	14	0
674	674	15	0
674	674	16	0
674	674	17	1
674	674	18	0
674	674	19	0
674	674	20	0
674	674	21	0
674	674	22	1
674	674	23	0
674	674	24	0
674	674	25	0
674	674	26	0
674	674	27	0
674	674	28	0
674	674	29	2
674	674	30	0
674	674	31	0
674	674	32	0
674	674	33	0
674	674	34	0
674	674	35	0
674	674	36	0
674	674	37	1
675	675	0	0
675	675	1	0
675	675	2	0
675	675	3	0
675	675	4	0
675	675	5	0
675	675	6	1
675	675	7	0
675	675	8	0
675	675	9	0
675	675	10	1
675	675	11	0
675	675	12	0
675	675	13	0
675	675	14	1
675	675	15	1
675	675	16	0
675	675	17	0
675	675	18	0
675	675	19	0
675	675	20	0
675	675	21	0
675	675	22	3
675	675	23	0
675	675	24	0
675	675	25	0
675	675	26	6
675	675	27	0
675	675	28	0
675	675	29	0
675	675	30	0
675	675	31	0
675	675	32	2
675	675	33	0
675	675	34	3
675	675	35	0
675	675	36	4
675	675	37	0
676	676	0	0
676	676	1	0
676	676	2	2
676	676	3	0
676	676	4	2
676	676	5	1
676	676	6	0
676	676	7	0
676	676	8	0
676	676	9	0
676	676	10	0
676	676	11	0
676	676	12	0
676	676	13	0
676	676	14	0
676	676	15	0
676	676	16	1
676	676	17	0
676	676	18	0
676	676	19	0
676	676	20	0
676	676	21	0
676	676	22	0
676	676	23	3
676	676	24	0
676	676	25	2
676	676	26	0
676	676	27	1
676	676	28	1
676	676	29	0
676	676	30	0
676	676	31	0
676	676	32	0
676	676	33	0
676	676	34	0
676	676	35	3
676	676	36	1
676	676	37	3
677	677	0	0
677	677	1	1
677	677	2	0
677	677	3	0
677	677	4	0
677	677	5	0
677	677	6	0
677	677	7	0
677	677	8	0
677	677	9	0
677	677	10	0
677	677	11	0
677	677	12	0
677	677	13	0
677	677	14	0
677	677	15	0
677	677	16	1
677	677	17	0
677	677	18	0
677	677	19	0
677	677	20	0
677	677	21	0
677	677	22	0
677	677	23	0
677	677	24	0
677	677	25	0
677	677	26	0
677	677	27	0
677	677	28	1
677	677	29	0
677	677	30	0
677	677	31	0
677	677	32	0
677	677	33	0
677	677	34	0
677	677	35	0
677	677	36	0
677	677	37	0
678	678	0	0
678	678	1	0
678	678	2	0
678	678	3	0
678	678	4	0
678	678	5	1
678	678	6	0
678	678	7	0
678	678	8	0
678	678	9	0
678	678	10	0
678	678	11	0
678	678	12	0
678	678	13	0
678	678	14	0
678	678	15	0
678	678	16	0
678	678	17	0
678	678	18	0
678	678	19	0
678	678	20	0
678	678	21	0
678	678	22	0
678	678	23	0
678	678	24	0
678	678	25	0
678	678	26	0
678	678	27	0
678	678	28	0
678	678	29	0
678	678	30	0
678	678	31	0
678	678	32	0
678	678	33	0
678	678	34	0
678	678	35	0
678	678	36	0
678	678	37	0
679	679	0	0
679	679	1	0
679	679	2	0
679	679	3	0
679	679	4	0
679	679	5	0
679	679	6	0
679	679	7	0
679	679	8	0
679	679	9	0
679	679	10	0
679	679	11	0
679	679	12	0
679	679	13	0
679	679	14	0
679	679	15	0
679	679	16	0
679	679	17	0
679	679	18	0
679	679	19	0
679	679	20	0
679	679	21	0
679	679	22	0
679	679	23	0
679	679	24	0
679	679	25	0
679	679	26	0
679	679	27	0
679	679	28	0
679	679	29	0
679	679	30	0
679	679	31	0
679	679	32	0
679	679	33	0
679	679	34	0
679	679	35	0
679	679	36	0
679	679	37	0
680	680	0	0
680	680	1	0
680	680	2	0
680	680	3	0
680	680	4	0
680	680	5	0
680	680	6	0
680	680	7	0
680	680	8	0
680	680	9	0
680	680	10	0
680	680	11	0
680	680	12	0
680	680	13	0
680	680	14	0
680	680	15	0
680	680	16	0
680	680	17	0
680	680	18	0
680	680	19	0
680	680	20	0
680	680	21	0
680	680	22	0
680	680	23	0
680	680	24	0
680	680	25	0
680	680	26	0
680	680	27	0
680	680	28	0
680	680	29	0
680	680	30	0
680	680	31	0
680	680	32	0
680	680	33	0
680	680	34	0
680	680	35	0
680	680	36	0
680	680	37	0
681	681	0	0
681	681	1	0
681	681	2	0
681	681	3	0
681	681	4	0
681	681	5	2
681	681	6	0
681	681	7	0
681	681	8	0
681	681	9	0
681	681	10	0
681	681	11	0
681	681	12	0
681	681	13	0
681	681	14	0
681	681	15	0
681	681	16	0
681	681	17	0
681	681	18	0
681	681	19	0
681	681	20	0
681	681	21	0
681	681	22	0
681	681	23	0
681	681	24	0
681	681	25	0
681	681	26	0
681	681	27	1
681	681	28	0
681	681	29	0
681	681	30	0
681	681	31	0
681	681	32	0
681	681	33	0
681	681	34	0
681	681	35	0
681	681	36	0
681	681	37	0
682	682	0	0
682	682	1	0
682	682	2	0
682	682	3	0
682	682	4	0
682	682	5	0
682	682	6	0
682	682	7	0
682	682	8	0
682	682	9	0
682	682	10	0
682	682	11	0
682	682	12	0
682	682	13	0
682	682	14	1
682	682	15	0
682	682	16	0
682	682	17	0
682	682	18	1
682	682	19	0
682	682	20	0
682	682	21	0
682	682	22	0
682	682	23	0
682	682	24	0
682	682	25	3
682	682	26	0
682	682	27	0
682	682	28	0
682	682	29	0
682	682	30	0
682	682	31	0
682	682	32	0
682	682	33	1
682	682	34	2
682	682	35	5
682	682	36	1
682	682	37	2
683	683	0	0
683	683	1	0
683	683	2	0
683	683	3	0
683	683	4	0
683	683	5	0
683	683	6	0
683	683	7	2
683	683	8	0
683	683	9	0
683	683	10	0
683	683	11	0
683	683	12	0
683	683	13	0
683	683	14	0
683	683	15	0
683	683	16	0
683	683	17	0
683	683	18	0
683	683	19	0
683	683	20	0
683	683	21	0
683	683	22	0
683	683	23	0
683	683	24	0
683	683	25	0
683	683	26	0
683	683	27	0
683	683	28	0
683	683	29	1
683	683	30	1
683	683	31	1
683	683	32	0
683	683	33	0
683	683	34	0
683	683	35	1
683	683	36	0
683	683	37	0
684	684	0	0
684	684	1	0
684	684	2	0
684	684	3	0
684	684	4	0
684	684	5	0
684	684	6	0
684	684	7	0
684	684	8	0
684	684	9	0
684	684	10	0
684	684	11	0
684	684	12	0
684	684	13	3
684	684	14	0
684	684	15	0
684	684	16	0
684	684	17	0
684	684	18	0
684	684	19	0
684	684	20	0
684	684	21	0
684	684	22	0
684	684	23	0
684	684	24	0
684	684	25	0
684	684	26	0
684	684	27	0
684	684	28	0
684	684	29	0
684	684	30	0
684	684	31	2
684	684	32	0
684	684	33	0
684	684	34	0
684	684	35	0
684	684	36	0
684	684	37	0
685	685	0	0
685	685	1	3
685	685	2	0
685	685	3	0
685	685	4	0
685	685	5	0
685	685	6	0
685	685	7	0
685	685	8	0
685	685	9	0
685	685	10	0
685	685	11	0
685	685	12	0
685	685	13	0
685	685	14	2
685	685	15	0
685	685	16	0
685	685	17	0
685	685	18	2
685	685	19	0
685	685	20	0
685	685	21	0
685	685	22	0
685	685	23	0
685	685	24	0
685	685	25	0
685	685	26	0
685	685	27	0
685	685	28	1
685	685	29	0
685	685	30	0
685	685	31	0
685	685	32	0
685	685	33	2
685	685	34	0
685	685	35	0
685	685	36	0
685	685	37	0
686	686	0	0
686	686	1	0
686	686	2	0
686	686	3	0
686	686	4	0
686	686	5	0
686	686	6	0
686	686	7	0
686	686	8	0
686	686	9	0
686	686	10	0
686	686	11	0
686	686	12	0
686	686	13	0
686	686	14	0
686	686	15	0
686	686	16	0
686	686	17	0
686	686	18	0
686	686	19	1
686	686	20	0
686	686	21	0
686	686	22	0
686	686	23	1
686	686	24	0
686	686	25	0
686	686	26	3
686	686	27	0
686	686	28	2
686	686	29	1
686	686	30	2
686	686	31	0
686	686	32	3
686	686	33	1
686	686	34	3
686	686	35	0
686	686	36	3
686	686	37	0
687	687	0	0
687	687	1	0
687	687	2	0
687	687	3	0
687	687	4	0
687	687	5	0
687	687	6	0
687	687	7	0
687	687	8	0
687	687	9	0
687	687	10	0
687	687	11	0
687	687	12	0
687	687	13	0
687	687	14	0
687	687	15	0
687	687	16	0
687	687	17	0
687	687	18	0
687	687	19	0
687	687	20	0
687	687	21	0
687	687	22	0
687	687	23	0
687	687	24	0
687	687	25	0
687	687	26	0
687	687	27	0
687	687	28	0
687	687	29	0
687	687	30	0
687	687	31	0
687	687	32	0
687	687	33	0
687	687	34	0
687	687	35	0
687	687	36	0
687	687	37	0
688	688	0	0
688	688	1	0
688	688	2	1
688	688	3	0
688	688	4	0
688	688	5	1
688	688	6	0
688	688	7	0
688	688	8	0
688	688	9	0
688	688	10	0
688	688	11	0
688	688	12	0
688	688	13	0
688	688	14	0
688	688	15	0
688	688	16	0
688	688	17	0
688	688	18	0
688	688	19	0
688	688	20	1
688	688	21	0
688	688	22	0
688	688	23	0
688	688	24	0
688	688	25	0
688	688	26	0
688	688	27	0
688	688	28	0
688	688	29	0
688	688	30	0
688	688	31	0
688	688	32	0
688	688	33	0
688	688	34	0
688	688	35	0
688	688	36	0
688	688	37	0
689	689	0	0
689	689	1	0
689	689	2	0
689	689	3	0
689	689	4	0
689	689	5	0
689	689	6	0
689	689	7	0
689	689	8	0
689	689	9	0
689	689	10	0
689	689	11	1
689	689	12	0
689	689	13	0
689	689	14	1
689	689	15	0
689	689	16	0
689	689	17	0
689	689	18	0
689	689	19	0
689	689	20	0
689	689	21	0
689	689	22	0
689	689	23	0
689	689	24	0
689	689	25	0
689	689	26	1
689	689	27	0
689	689	28	0
689	689	29	0
689	689	30	0
689	689	31	1
689	689	32	0
689	689	33	0
689	689	34	1
689	689	35	0
689	689	36	0
689	689	37	1
690	690	0	0
690	690	1	0
690	690	2	0
690	690	3	2
690	690	4	0
690	690	5	0
690	690	6	2
690	690	7	0
690	690	8	0
690	690	9	1
690	690	10	0
690	690	11	0
690	690	12	6
690	690	13	0
690	690	14	0
690	690	15	0
690	690	16	0
690	690	17	0
690	690	18	1
690	690	19	4
690	690	20	0
690	690	21	0
690	690	22	0
690	690	23	0
690	690	24	2
690	690	25	0
690	690	26	0
690	690	27	5
690	690	28	0
690	690	29	0
690	690	30	4
690	690	31	0
690	690	32	2
690	690	33	2
690	690	34	0
690	690	35	8
690	690	36	2
690	690	37	0
691	691	0	0
691	691	1	0
691	691	2	0
691	691	3	0
691	691	4	0
691	691	5	0
691	691	6	0
691	691	7	0
691	691	8	0
691	691	9	0
691	691	10	0
691	691	11	0
691	691	12	0
691	691	13	0
691	691	14	0
691	691	15	0
691	691	16	0
691	691	17	0
691	691	18	0
691	691	19	0
691	691	20	0
691	691	21	0
691	691	22	0
691	691	23	0
691	691	24	0
691	691	25	3
691	691	26	0
691	691	27	0
691	691	28	0
691	691	29	0
691	691	30	0
691	691	31	0
691	691	32	0
691	691	33	0
691	691	34	0
691	691	35	0
691	691	36	1
691	691	37	0
692	692	0	0
692	692	1	0
692	692	2	2
692	692	3	0
692	692	4	0
692	692	5	0
692	692	6	0
692	692	7	0
692	692	8	0
692	692	9	0
692	692	10	0
692	692	11	0
692	692	12	0
692	692	13	0
692	692	14	0
692	692	15	0
692	692	16	0
692	692	17	1
692	692	18	0
692	692	19	0
692	692	20	0
692	692	21	0
692	692	22	0
692	692	23	0
692	692	24	1
692	692	25	0
692	692	26	0
692	692	27	1
692	692	28	0
692	692	29	0
692	692	30	0
692	692	31	0
692	692	32	0
692	692	33	0
692	692	34	0
692	692	35	0
692	692	36	0
692	692	37	0
693	693	0	0
693	693	1	0
693	693	2	0
693	693	3	0
693	693	4	0
693	693	5	0
693	693	6	0
693	693	7	0
693	693	8	1
693	693	9	0
693	693	10	0
693	693	11	0
693	693	12	0
693	693	13	0
693	693	14	0
693	693	15	0
693	693	16	0
693	693	17	0
693	693	18	0
693	693	19	0
693	693	20	0
693	693	21	0
693	693	22	2
693	693	23	0
693	693	24	0
693	693	25	0
693	693	26	0
693	693	27	0
693	693	28	0
693	693	29	0
693	693	30	0
693	693	31	0
693	693	32	0
693	693	33	0
693	693	34	0
693	693	35	0
693	693	36	0
693	693	37	0
694	694	0	0
694	694	1	0
694	694	2	0
694	694	3	0
694	694	4	0
694	694	5	0
694	694	6	0
694	694	7	0
694	694	8	0
694	694	9	2
694	694	10	0
694	694	11	0
694	694	12	0
694	694	13	1
694	694	14	0
694	694	15	0
694	694	16	0
694	694	17	0
694	694	18	0
694	694	19	0
694	694	20	0
694	694	21	2
694	694	22	0
694	694	23	0
694	694	24	1
694	694	25	0
694	694	26	0
694	694	27	0
694	694	28	0
694	694	29	0
694	694	30	0
694	694	31	1
694	694	32	0
694	694	33	0
694	694	34	0
694	694	35	2
694	694	36	3
694	694	37	0
695	695	0	0
695	695	1	0
695	695	2	0
695	695	3	0
695	695	4	0
695	695	5	0
695	695	6	0
695	695	7	0
695	695	8	1
695	695	9	0
695	695	10	0
695	695	11	0
695	695	12	0
695	695	13	0
695	695	14	0
695	695	15	0
695	695	16	0
695	695	17	3
695	695	18	0
695	695	19	0
695	695	20	0
695	695	21	0
695	695	22	0
695	695	23	0
695	695	24	0
695	695	25	0
695	695	26	0
695	695	27	1
695	695	28	0
695	695	29	2
695	695	30	0
695	695	31	3
695	695	32	0
695	695	33	0
695	695	34	0
695	695	35	1
695	695	36	2
695	695	37	0
696	696	0	0
696	696	1	0
696	696	2	0
696	696	3	0
696	696	4	0
696	696	5	0
696	696	6	0
696	696	7	0
696	696	8	0
696	696	9	0
696	696	10	0
696	696	11	0
696	696	12	0
696	696	13	0
696	696	14	0
696	696	15	0
696	696	16	0
696	696	17	0
696	696	18	0
696	696	19	0
696	696	20	0
696	696	21	0
696	696	22	0
696	696	23	0
696	696	24	0
696	696	25	0
696	696	26	0
696	696	27	0
696	696	28	0
696	696	29	0
696	696	30	0
696	696	31	2
696	696	32	0
696	696	33	0
696	696	34	0
696	696	35	0
696	696	36	0
696	696	37	0
697	697	0	0
697	697	1	0
697	697	2	0
697	697	3	0
697	697	4	0
697	697	5	0
697	697	6	0
697	697	7	0
697	697	8	0
697	697	9	0
697	697	10	0
697	697	11	3
697	697	12	0
697	697	13	0
697	697	14	0
697	697	15	0
697	697	16	1
697	697	17	0
697	697	18	1
697	697	19	3
697	697	20	4
697	697	21	0
697	697	22	0
697	697	23	1
697	697	24	0
697	697	25	0
697	697	26	0
697	697	27	0
697	697	28	0
697	697	29	0
697	697	30	6
697	697	31	3
697	697	32	1
697	697	33	0
697	697	34	0
697	697	35	6
697	697	36	0
697	697	37	3
698	698	0	0
698	698	1	0
698	698	2	0
698	698	3	0
698	698	4	0
698	698	5	0
698	698	6	1
698	698	7	0
698	698	8	0
698	698	9	0
698	698	10	0
698	698	11	0
698	698	12	0
698	698	13	1
698	698	14	0
698	698	15	0
698	698	16	4
698	698	17	0
698	698	18	0
698	698	19	0
698	698	20	1
698	698	21	2
698	698	22	0
698	698	23	0
698	698	24	1
698	698	25	6
698	698	26	2
698	698	27	0
698	698	28	0
698	698	29	0
698	698	30	0
698	698	31	0
698	698	32	0
698	698	33	5
698	698	34	5
698	698	35	0
698	698	36	0
698	698	37	2
699	699	0	0
699	699	1	0
699	699	2	0
699	699	3	1
699	699	4	0
699	699	5	0
699	699	6	0
699	699	7	0
699	699	8	0
699	699	9	0
699	699	10	0
699	699	11	0
699	699	12	1
699	699	13	0
699	699	14	0
699	699	15	0
699	699	16	0
699	699	17	0
699	699	18	2
699	699	19	0
699	699	20	0
699	699	21	0
699	699	22	0
699	699	23	0
699	699	24	0
699	699	25	0
699	699	26	0
699	699	27	1
699	699	28	0
699	699	29	0
699	699	30	1
699	699	31	0
699	699	32	2
699	699	33	0
699	699	34	0
699	699	35	0
699	699	36	1
699	699	37	0
700	700	0	0
700	700	1	0
700	700	2	0
700	700	3	0
700	700	4	1
700	700	5	0
700	700	6	0
700	700	7	0
700	700	8	0
700	700	9	0
700	700	10	0
700	700	11	0
700	700	12	0
700	700	13	0
700	700	14	0
700	700	15	0
700	700	16	0
700	700	17	0
700	700	18	0
700	700	19	0
700	700	20	0
700	700	21	0
700	700	22	0
700	700	23	0
700	700	24	0
700	700	25	0
700	700	26	0
700	700	27	0
700	700	28	0
700	700	29	0
700	700	30	0
700	700	31	0
700	700	32	0
700	700	33	0
700	700	34	0
700	700	35	0
700	700	36	0
700	700	37	0
701	701	0	0
701	701	1	0
701	701	2	0
701	701	3	0
701	701	4	0
701	701	5	0
701	701	6	0
701	701	7	0
701	701	8	2
701	701	9	0
701	701	10	0
701	701	11	0
701	701	12	0
701	701	13	0
701	701	14	0
701	701	15	0
701	701	16	0
701	701	17	0
701	701	18	0
701	701	19	0
701	701	20	3
701	701	21	0
701	701	22	0
701	701	23	0
701	701	24	0
701	701	25	0
701	701	26	0
701	701	27	0
701	701	28	0
701	701	29	0
701	701	30	0
701	701	31	0
701	701	32	0
701	701	33	1
701	701	34	0
701	701	35	0
701	701	36	0
701	701	37	0
702	702	0	0
702	702	1	0
702	702	2	0
702	702	3	0
702	702	4	0
702	702	5	0
702	702	6	0
702	702	7	0
702	702	8	0
702	702	9	0
702	702	10	0
702	702	11	0
702	702	12	0
702	702	13	0
702	702	14	0
702	702	15	0
702	702	16	0
702	702	17	0
702	702	18	0
702	702	19	0
702	702	20	0
702	702	21	0
702	702	22	0
702	702	23	0
702	702	24	0
702	702	25	0
702	702	26	0
702	702	27	0
702	702	28	0
702	702	29	0
702	702	30	0
702	702	31	0
702	702	32	0
702	702	33	0
702	702	34	0
702	702	35	0
702	702	36	0
702	702	37	0
703	703	0	0
703	703	1	0
703	703	2	0
703	703	3	0
703	703	4	0
703	703	5	0
703	703	6	0
703	703	7	0
703	703	8	0
703	703	9	0
703	703	10	0
703	703	11	0
703	703	12	0
703	703	13	0
703	703	14	0
703	703	15	0
703	703	16	0
703	703	17	0
703	703	18	0
703	703	19	0
703	703	20	0
703	703	21	0
703	703	22	0
703	703	23	0
703	703	24	0
703	703	25	0
703	703	26	0
703	703	27	0
703	703	28	0
703	703	29	0
703	703	30	0
703	703	31	0
703	703	32	0
703	703	33	0
703	703	34	0
703	703	35	0
703	703	36	0
703	703	37	0
704	704	0	0
704	704	1	0
704	704	2	0
704	704	3	0
704	704	4	2
704	704	5	0
704	704	6	0
704	704	7	0
704	704	8	0
704	704	9	0
704	704	10	0
704	704	11	0
704	704	12	0
704	704	13	0
704	704	14	0
704	704	15	0
704	704	16	0
704	704	17	0
704	704	18	0
704	704	19	0
704	704	20	0
704	704	21	0
704	704	22	0
704	704	23	0
704	704	24	0
704	704	25	0
704	704	26	0
704	704	27	0
704	704	28	0
704	704	29	0
704	704	30	0
704	704	31	0
704	704	32	0
704	704	33	0
704	704	34	0
704	704	35	0
704	704	36	0
704	704	37	0
705	705	0	0
705	705	1	0
705	705	2	0
705	705	3	0
705	705	4	0
705	705	5	0
705	705	6	0
705	705	7	0
705	705	8	0
705	705	9	0
705	705	10	0
705	705	11	0
705	705	12	0
705	705	13	0
705	705	14	0
705	705	15	0
705	705	16	0
705	705	17	0
705	705	18	0
705	705	19	0
705	705	20	0
705	705	21	0
705	705	22	0
705	705	23	0
705	705	24	0
705	705	25	0
705	705	26	0
705	705	27	0
705	705	28	0
705	705	29	0
705	705	30	0
705	705	31	0
705	705	32	0
705	705	33	0
705	705	34	0
705	705	35	0
705	705	36	0
705	705	37	0
706	706	0	0
706	706	1	1
706	706	2	0
706	706	3	0
706	706	4	0
706	706	5	0
706	706	6	0
706	706	7	0
706	706	8	0
706	706	9	0
706	706	10	0
706	706	11	0
706	706	12	0
706	706	13	0
706	706	14	0
706	706	15	2
706	706	16	0
706	706	17	0
706	706	18	0
706	706	19	1
706	706	20	0
706	706	21	0
706	706	22	0
706	706	23	0
706	706	24	0
706	706	25	0
706	706	26	0
706	706	27	0
706	706	28	0
706	706	29	0
706	706	30	0
706	706	31	0
706	706	32	0
706	706	33	0
706	706	34	0
706	706	35	1
706	706	36	0
706	706	37	0
707	707	0	0
707	707	1	0
707	707	2	1
707	707	3	0
707	707	4	0
707	707	5	0
707	707	6	0
707	707	7	0
707	707	8	0
707	707	9	0
707	707	10	0
707	707	11	2
707	707	12	0
707	707	13	0
707	707	14	0
707	707	15	1
707	707	16	0
707	707	17	1
707	707	18	0
707	707	19	0
707	707	20	0
707	707	21	0
707	707	22	0
707	707	23	1
707	707	24	0
707	707	25	0
707	707	26	0
707	707	27	0
707	707	28	0
707	707	29	0
707	707	30	0
707	707	31	0
707	707	32	0
707	707	33	0
707	707	34	0
707	707	35	0
707	707	36	0
707	707	37	0
708	708	0	0
708	708	1	0
708	708	2	0
708	708	3	0
708	708	4	1
708	708	5	0
708	708	6	0
708	708	7	0
708	708	8	0
708	708	9	1
708	708	10	0
708	708	11	0
708	708	12	0
708	708	13	0
708	708	14	0
708	708	15	0
708	708	16	0
708	708	17	0
708	708	18	0
708	708	19	0
708	708	20	0
708	708	21	0
708	708	22	1
708	708	23	1
708	708	24	0
708	708	25	0
708	708	26	0
708	708	27	0
708	708	28	0
708	708	29	0
708	708	30	4
708	708	31	2
708	708	32	0
708	708	33	1
708	708	34	0
708	708	35	0
708	708	36	0
708	708	37	0
709	709	0	0
709	709	1	2
709	709	2	0
709	709	3	0
709	709	4	2
709	709	5	0
709	709	6	0
709	709	7	2
709	709	8	0
709	709	9	0
709	709	10	0
709	709	11	0
709	709	12	0
709	709	13	0
709	709	14	0
709	709	15	0
709	709	16	0
709	709	17	0
709	709	18	0
709	709	19	0
709	709	20	0
709	709	21	0
709	709	22	0
709	709	23	0
709	709	24	0
709	709	25	0
709	709	26	0
709	709	27	0
709	709	28	0
709	709	29	0
709	709	30	0
709	709	31	0
709	709	32	0
709	709	33	0
709	709	34	0
709	709	35	0
709	709	36	0
709	709	37	0
710	710	0	0
710	710	1	0
710	710	2	0
710	710	3	0
710	710	4	1
710	710	5	0
710	710	6	0
710	710	7	1
710	710	8	0
710	710	9	0
710	710	10	0
710	710	11	1
710	710	12	1
710	710	13	0
710	710	14	1
710	710	15	0
710	710	16	0
710	710	17	0
710	710	18	0
710	710	19	0
710	710	20	0
710	710	21	0
710	710	22	0
710	710	23	0
710	710	24	0
710	710	25	0
710	710	26	0
710	710	27	3
710	710	28	3
710	710	29	0
710	710	30	0
710	710	31	0
710	710	32	4
710	710	33	0
710	710	34	0
710	710	35	0
710	710	36	0
710	710	37	0
711	711	0	0
711	711	1	0
711	711	2	0
711	711	3	0
711	711	4	0
711	711	5	0
711	711	6	0
711	711	7	0
711	711	8	0
711	711	9	0
711	711	10	0
711	711	11	0
711	711	12	0
711	711	13	0
711	711	14	0
711	711	15	0
711	711	16	0
711	711	17	0
711	711	18	0
711	711	19	0
711	711	20	1
711	711	21	0
711	711	22	0
711	711	23	0
711	711	24	0
711	711	25	3
711	711	26	0
711	711	27	0
711	711	28	0
711	711	29	1
711	711	30	0
711	711	31	0
711	711	32	0
711	711	33	0
711	711	34	0
711	711	35	0
711	711	36	0
711	711	37	0
712	712	0	0
712	712	1	0
712	712	2	0
712	712	3	0
712	712	4	1
712	712	5	0
712	712	6	0
712	712	7	0
712	712	8	0
712	712	9	1
712	712	10	0
712	712	11	3
712	712	12	0
712	712	13	0
712	712	14	0
712	712	15	0
712	712	16	1
712	712	17	4
712	712	18	1
712	712	19	0
712	712	20	1
712	712	21	0
712	712	22	3
712	712	23	0
712	712	24	0
712	712	25	0
712	712	26	5
712	712	27	2
712	712	28	0
712	712	29	5
712	712	30	2
712	712	31	4
712	712	32	4
712	712	33	6
712	712	34	2
712	712	35	1
712	712	36	4
712	712	37	6
713	713	0	0
713	713	1	0
713	713	2	1
713	713	3	1
713	713	4	0
713	713	5	1
713	713	6	0
713	713	7	0
713	713	8	0
713	713	9	0
713	713	10	0
713	713	11	1
713	713	12	1
713	713	13	1
713	713	14	0
713	713	15	0
713	713	16	0
713	713	17	0
713	713	18	1
713	713	19	1
713	713	20	1
713	713	21	0
713	713	22	1
713	713	23	0
713	713	24	0
713	713	25	5
713	713	26	0
713	713	27	2
713	713	28	3
713	713	29	0
713	713	30	1
713	713	31	3
713	713	32	1
713	713	33	4
713	713	34	3
713	713	35	0
713	713	36	7
713	713	37	3
714	714	0	0
714	714	1	1
714	714	2	3
714	714	3	4
714	714	4	0
714	714	5	0
714	714	6	0
714	714	7	0
714	714	8	0
714	714	9	0
714	714	10	0
714	714	11	0
714	714	12	0
714	714	13	0
714	714	14	3
714	714	15	0
714	714	16	0
714	714	17	5
714	714	18	0
714	714	19	1
714	714	20	1
714	714	21	1
714	714	22	7
714	714	23	3
714	714	24	1
714	714	25	6
714	714	26	1
714	714	27	1
714	714	28	0
714	714	29	4
714	714	30	3
714	714	31	3
714	714	32	2
714	714	33	1
714	714	34	2
714	714	35	4
714	714	36	0
714	714	37	7
715	715	0	0
715	715	1	0
715	715	2	2
715	715	3	1
715	715	4	0
715	715	5	0
715	715	6	0
715	715	7	0
715	715	8	1
715	715	9	0
715	715	10	0
715	715	11	0
715	715	12	0
715	715	13	0
715	715	14	0
715	715	15	1
715	715	16	0
715	715	17	0
715	715	18	0
715	715	19	0
715	715	20	0
715	715	21	2
715	715	22	0
715	715	23	0
715	715	24	0
715	715	25	0
715	715	26	1
715	715	27	0
715	715	28	0
715	715	29	0
715	715	30	0
715	715	31	4
715	715	32	0
715	715	33	0
715	715	34	4
715	715	35	0
715	715	36	0
715	715	37	0
716	716	0	0
716	716	1	1
716	716	2	0
716	716	3	0
716	716	4	0
716	716	5	0
716	716	6	0
716	716	7	0
716	716	8	0
716	716	9	0
716	716	10	0
716	716	11	0
716	716	12	0
716	716	13	0
716	716	14	0
716	716	15	0
716	716	16	0
716	716	17	0
716	716	18	0
716	716	19	0
716	716	20	0
716	716	21	0
716	716	22	0
716	716	23	0
716	716	24	0
716	716	25	0
716	716	26	0
716	716	27	0
716	716	28	0
716	716	29	0
716	716	30	0
716	716	31	0
716	716	32	0
716	716	33	0
716	716	34	0
716	716	35	0
716	716	36	0
716	716	37	0
717	717	0	0
717	717	1	0
717	717	2	0
717	717	3	2
717	717	4	0
717	717	5	0
717	717	6	0
717	717	7	2
717	717	8	0
717	717	9	0
717	717	10	0
717	717	11	0
717	717	12	0
717	717	13	0
717	717	14	1
717	717	15	0
717	717	16	0
717	717	17	2
717	717	18	0
717	717	19	0
717	717	20	3
717	717	21	2
717	717	22	0
717	717	23	0
717	717	24	0
717	717	25	0
717	717	26	0
717	717	27	0
717	717	28	1
717	717	29	0
717	717	30	0
717	717	31	3
717	717	32	0
717	717	33	0
717	717	34	5
717	717	35	1
717	717	36	2
717	717	37	0
718	718	0	0
718	718	1	0
718	718	2	0
718	718	3	0
718	718	4	0
718	718	5	0
718	718	6	0
718	718	7	0
718	718	8	1
718	718	9	0
718	718	10	1
718	718	11	0
718	718	12	0
718	718	13	0
718	718	14	0
718	718	15	0
718	718	16	0
718	718	17	0
718	718	18	0
718	718	19	0
718	718	20	0
718	718	21	0
718	718	22	1
718	718	23	0
718	718	24	0
718	718	25	0
718	718	26	0
718	718	27	3
718	718	28	0
718	718	29	1
718	718	30	0
718	718	31	0
718	718	32	0
718	718	33	0
718	718	34	0
718	718	35	1
718	718	36	0
718	718	37	0
719	719	0	0
719	719	1	0
719	719	2	0
719	719	3	0
719	719	4	0
719	719	5	0
719	719	6	0
719	719	7	0
719	719	8	0
719	719	9	0
719	719	10	0
719	719	11	0
719	719	12	0
719	719	13	0
719	719	14	0
719	719	15	5
719	719	16	0
719	719	17	1
719	719	18	0
719	719	19	0
719	719	20	1
719	719	21	0
719	719	22	0
719	719	23	0
719	719	24	0
719	719	25	0
719	719	26	0
719	719	27	0
719	719	28	0
719	719	29	0
719	719	30	0
719	719	31	0
719	719	32	0
719	719	33	0
719	719	34	3
719	719	35	0
719	719	36	0
719	719	37	0
720	720	0	0
720	720	1	0
720	720	2	0
720	720	3	0
720	720	4	0
720	720	5	0
720	720	6	0
720	720	7	0
720	720	8	0
720	720	9	0
720	720	10	0
720	720	11	0
720	720	12	0
720	720	13	2
720	720	14	0
720	720	15	0
720	720	16	0
720	720	17	0
720	720	18	0
720	720	19	0
720	720	20	2
720	720	21	0
720	720	22	3
720	720	23	0
720	720	24	0
720	720	25	0
720	720	26	2
720	720	27	0
720	720	28	0
720	720	29	0
720	720	30	0
720	720	31	2
720	720	32	3
720	720	33	0
720	720	34	5
720	720	35	1
720	720	36	0
720	720	37	0
721	721	0	0
721	721	1	0
721	721	2	0
721	721	3	2
721	721	4	0
721	721	5	3
721	721	6	0
721	721	7	0
721	721	8	0
721	721	9	0
721	721	10	0
721	721	11	0
721	721	12	0
721	721	13	0
721	721	14	0
721	721	15	0
721	721	16	0
721	721	17	0
721	721	18	0
721	721	19	0
721	721	20	0
721	721	21	1
721	721	22	0
721	721	23	3
721	721	24	1
721	721	25	1
721	721	26	0
721	721	27	0
721	721	28	0
721	721	29	0
721	721	30	0
721	721	31	0
721	721	32	3
721	721	33	1
721	721	34	1
721	721	35	0
721	721	36	3
721	721	37	0
722	722	0	0
722	722	1	0
722	722	2	2
722	722	3	0
722	722	4	0
722	722	5	2
722	722	6	0
722	722	7	0
722	722	8	0
722	722	9	0
722	722	10	0
722	722	11	0
722	722	12	0
722	722	13	1
722	722	14	0
722	722	15	0
722	722	16	2
722	722	17	0
722	722	18	0
722	722	19	0
722	722	20	0
722	722	21	0
722	722	22	0
722	722	23	0
722	722	24	0
722	722	25	0
722	722	26	0
722	722	27	0
722	722	28	2
722	722	29	0
722	722	30	0
722	722	31	0
722	722	32	0
722	722	33	0
722	722	34	0
722	722	35	0
722	722	36	1
722	722	37	0
723	723	0	0
723	723	1	0
723	723	2	1
723	723	3	0
723	723	4	0
723	723	5	0
723	723	6	0
723	723	7	0
723	723	8	0
723	723	9	0
723	723	10	0
723	723	11	0
723	723	12	0
723	723	13	0
723	723	14	0
723	723	15	0
723	723	16	0
723	723	17	1
723	723	18	0
723	723	19	0
723	723	20	0
723	723	21	0
723	723	22	0
723	723	23	0
723	723	24	0
723	723	25	0
723	723	26	0
723	723	27	0
723	723	28	0
723	723	29	0
723	723	30	0
723	723	31	0
723	723	32	0
723	723	33	0
723	723	34	0
723	723	35	0
723	723	36	0
723	723	37	0
724	724	0	0
724	724	1	3
724	724	2	0
724	724	3	0
724	724	4	0
724	724	5	1
724	724	6	0
724	724	7	0
724	724	8	0
724	724	9	0
724	724	10	0
724	724	11	0
724	724	12	0
724	724	13	0
724	724	14	0
724	724	15	0
724	724	16	0
724	724	17	0
724	724	18	0
724	724	19	0
724	724	20	0
724	724	21	0
724	724	22	0
724	724	23	0
724	724	24	0
724	724	25	0
724	724	26	0
724	724	27	0
724	724	28	0
724	724	29	0
724	724	30	0
724	724	31	0
724	724	32	0
724	724	33	0
724	724	34	0
724	724	35	0
724	724	36	0
724	724	37	0
725	725	0	0
725	725	1	0
725	725	2	0
725	725	3	1
725	725	4	0
725	725	5	0
725	725	6	0
725	725	7	0
725	725	8	0
725	725	9	0
725	725	10	0
725	725	11	0
725	725	12	0
725	725	13	0
725	725	14	0
725	725	15	0
725	725	16	0
725	725	17	0
725	725	18	0
725	725	19	0
725	725	20	0
725	725	21	0
725	725	22	0
725	725	23	0
725	725	24	0
725	725	25	0
725	725	26	0
725	725	27	0
725	725	28	0
725	725	29	0
725	725	30	0
725	725	31	0
725	725	32	0
725	725	33	0
725	725	34	0
725	725	35	0
725	725	36	0
725	725	37	0
726	726	0	0
726	726	1	0
726	726	2	0
726	726	3	0
726	726	4	0
726	726	5	0
726	726	6	0
726	726	7	0
726	726	8	2
726	726	9	0
726	726	10	0
726	726	11	0
726	726	12	0
726	726	13	0
726	726	14	0
726	726	15	0
726	726	16	0
726	726	17	0
726	726	18	0
726	726	19	1
726	726	20	0
726	726	21	0
726	726	22	0
726	726	23	0
726	726	24	0
726	726	25	0
726	726	26	0
726	726	27	0
726	726	28	0
726	726	29	0
726	726	30	0
726	726	31	0
726	726	32	0
726	726	33	0
726	726	34	0
726	726	35	0
726	726	36	0
726	726	37	0
727	727	0	0
727	727	1	0
727	727	2	0
727	727	3	3
727	727	4	2
727	727	5	0
727	727	6	0
727	727	7	0
727	727	8	0
727	727	9	0
727	727	10	0
727	727	11	1
727	727	12	0
727	727	13	0
727	727	14	0
727	727	15	0
727	727	16	0
727	727	17	0
727	727	18	0
727	727	19	0
727	727	20	0
727	727	21	0
727	727	22	2
727	727	23	0
727	727	24	0
727	727	25	0
727	727	26	0
727	727	27	0
727	727	28	0
727	727	29	0
727	727	30	0
727	727	31	0
727	727	32	0
727	727	33	0
727	727	34	0
727	727	35	0
727	727	36	0
727	727	37	0
728	728	0	0
728	728	1	0
728	728	2	0
728	728	3	0
728	728	4	0
728	728	5	0
728	728	6	0
728	728	7	0
728	728	8	0
728	728	9	0
728	728	10	0
728	728	11	0
728	728	12	0
728	728	13	0
728	728	14	0
728	728	15	0
728	728	16	0
728	728	17	0
728	728	18	0
728	728	19	0
728	728	20	0
728	728	21	0
728	728	22	0
728	728	23	0
728	728	24	0
728	728	25	0
728	728	26	0
728	728	27	0
728	728	28	0
728	728	29	1
728	728	30	0
728	728	31	0
728	728	32	0
728	728	33	0
728	728	34	0
728	728	35	0
728	728	36	0
728	728	37	2
729	729	0	0
729	729	1	0
729	729	2	0
729	729	3	0
729	729	4	0
729	729	5	0
729	729	6	0
729	729	7	0
729	729	8	0
729	729	9	0
729	729	10	0
729	729	11	0
729	729	12	0
729	729	13	0
729	729	14	0
729	729	15	0
729	729	16	0
729	729	17	0
729	729	18	0
729	729	19	0
729	729	20	0
729	729	21	0
729	729	22	1
729	729	23	0
729	729	24	0
729	729	25	0
729	729	26	0
729	729	27	0
729	729	28	0
729	729	29	0
729	729	30	0
729	729	31	0
729	729	32	0
729	729	33	0
729	729	34	1
729	729	35	0
729	729	36	0
729	729	37	0
730	730	0	0
730	730	1	0
730	730	2	0
730	730	3	0
730	730	4	2
730	730	5	1
730	730	6	0
730	730	7	0
730	730	8	0
730	730	9	0
730	730	10	2
730	730	11	0
730	730	12	0
730	730	13	0
730	730	14	0
730	730	15	0
730	730	16	0
730	730	17	0
730	730	18	0
730	730	19	0
730	730	20	0
730	730	21	0
730	730	22	1
730	730	23	0
730	730	24	0
730	730	25	0
730	730	26	1
730	730	27	0
730	730	28	3
730	730	29	0
730	730	30	0
730	730	31	0
730	730	32	0
730	730	33	0
730	730	34	0
730	730	35	0
730	730	36	0
730	730	37	0
731	731	0	0
731	731	1	0
731	731	2	0
731	731	3	0
731	731	4	1
731	731	5	0
731	731	6	0
731	731	7	0
731	731	8	0
731	731	9	0
731	731	10	0
731	731	11	0
731	731	12	0
731	731	13	0
731	731	14	0
731	731	15	0
731	731	16	0
731	731	17	0
731	731	18	0
731	731	19	0
731	731	20	0
731	731	21	1
731	731	22	0
731	731	23	0
731	731	24	0
731	731	25	0
731	731	26	0
731	731	27	0
731	731	28	4
731	731	29	0
731	731	30	1
731	731	31	0
731	731	32	0
731	731	33	0
731	731	34	0
731	731	35	0
731	731	36	0
731	731	37	0
732	732	0	0
732	732	1	0
732	732	2	0
732	732	3	0
732	732	4	1
732	732	5	0
732	732	6	0
732	732	7	0
732	732	8	0
732	732	9	0
732	732	10	0
732	732	11	0
732	732	12	0
732	732	13	0
732	732	14	0
732	732	15	0
732	732	16	1
732	732	17	0
732	732	18	0
732	732	19	0
732	732	20	0
732	732	21	0
732	732	22	0
732	732	23	0
732	732	24	0
732	732	25	0
732	732	26	3
732	732	27	0
732	732	28	0
732	732	29	0
732	732	30	0
732	732	31	0
732	732	32	5
732	732	33	0
732	732	34	0
732	732	35	0
732	732	36	0
732	732	37	0
733	733	0	0
733	733	1	0
733	733	2	0
733	733	3	0
733	733	4	0
733	733	5	0
733	733	6	0
733	733	7	0
733	733	8	0
733	733	9	0
733	733	10	0
733	733	11	1
733	733	12	0
733	733	13	0
733	733	14	0
733	733	15	0
733	733	16	0
733	733	17	0
733	733	18	0
733	733	19	4
733	733	20	0
733	733	21	0
733	733	22	0
733	733	23	0
733	733	24	0
733	733	25	0
733	733	26	0
733	733	27	0
733	733	28	0
733	733	29	0
733	733	30	0
733	733	31	0
733	733	32	0
733	733	33	0
733	733	34	0
733	733	35	0
733	733	36	0
733	733	37	0
734	734	0	0
734	734	1	0
734	734	2	0
734	734	3	0
734	734	4	0
734	734	5	0
734	734	6	0
734	734	7	0
734	734	8	0
734	734	9	0
734	734	10	0
734	734	11	0
734	734	12	0
734	734	13	0
734	734	14	0
734	734	15	0
734	734	16	0
734	734	17	0
734	734	18	0
734	734	19	0
734	734	20	0
734	734	21	0
734	734	22	0
734	734	23	0
734	734	24	0
734	734	25	1
734	734	26	0
734	734	27	0
734	734	28	0
734	734	29	0
734	734	30	0
734	734	31	0
734	734	32	1
734	734	33	0
734	734	34	0
734	734	35	0
734	734	36	0
734	734	37	0
735	735	0	0
735	735	1	0
735	735	2	0
735	735	3	0
735	735	4	0
735	735	5	1
735	735	6	0
735	735	7	0
735	735	8	0
735	735	9	0
735	735	10	0
735	735	11	0
735	735	12	0
735	735	13	0
735	735	14	0
735	735	15	0
735	735	16	0
735	735	17	0
735	735	18	0
735	735	19	0
735	735	20	0
735	735	21	0
735	735	22	0
735	735	23	0
735	735	24	0
735	735	25	0
735	735	26	0
735	735	27	0
735	735	28	0
735	735	29	1
735	735	30	0
735	735	31	1
735	735	32	0
735	735	33	0
735	735	34	0
735	735	35	0
735	735	36	0
735	735	37	0
736	736	0	0
736	736	1	0
736	736	2	2
736	736	3	0
736	736	4	0
736	736	5	0
736	736	6	0
736	736	7	1
736	736	8	0
736	736	9	0
736	736	10	0
736	736	11	0
736	736	12	0
736	736	13	0
736	736	14	0
736	736	15	0
736	736	16	2
736	736	17	0
736	736	18	0
736	736	19	0
736	736	20	0
736	736	21	0
736	736	22	0
736	736	23	0
736	736	24	0
736	736	25	0
736	736	26	0
736	736	27	0
736	736	28	0
736	736	29	0
736	736	30	0
736	736	31	0
736	736	32	0
736	736	33	0
736	736	34	0
736	736	35	0
736	736	36	0
736	736	37	0
737	737	0	0
737	737	1	0
737	737	2	0
737	737	3	0
737	737	4	2
737	737	5	0
737	737	6	0
737	737	7	0
737	737	8	0
737	737	9	0
737	737	10	0
737	737	11	1
737	737	12	0
737	737	13	0
737	737	14	0
737	737	15	0
737	737	16	1
737	737	17	1
737	737	18	0
737	737	19	0
737	737	20	0
737	737	21	0
737	737	22	0
737	737	23	0
737	737	24	0
737	737	25	0
737	737	26	0
737	737	27	0
737	737	28	0
737	737	29	0
737	737	30	0
737	737	31	0
737	737	32	0
737	737	33	0
737	737	34	0
737	737	35	0
737	737	36	0
737	737	37	0
738	738	0	0
738	738	1	0
738	738	2	0
738	738	3	0
738	738	4	0
738	738	5	0
738	738	6	0
738	738	7	0
738	738	8	0
738	738	9	0
738	738	10	0
738	738	11	0
738	738	12	0
738	738	13	3
738	738	14	0
738	738	15	0
738	738	16	0
738	738	17	0
738	738	18	0
738	738	19	0
738	738	20	0
738	738	21	0
738	738	22	0
738	738	23	0
738	738	24	0
738	738	25	0
738	738	26	0
738	738	27	0
738	738	28	0
738	738	29	0
738	738	30	0
738	738	31	0
738	738	32	0
738	738	33	0
738	738	34	0
738	738	35	0
738	738	36	0
738	738	37	0
739	739	0	0
739	739	1	0
739	739	2	0
739	739	3	0
739	739	4	0
739	739	5	0
739	739	6	0
739	739	7	1
739	739	8	0
739	739	9	0
739	739	10	0
739	739	11	0
739	739	12	0
739	739	13	0
739	739	14	0
739	739	15	0
739	739	16	0
739	739	17	0
739	739	18	0
739	739	19	0
739	739	20	0
739	739	21	0
739	739	22	0
739	739	23	0
739	739	24	0
739	739	25	0
739	739	26	0
739	739	27	0
739	739	28	0
739	739	29	0
739	739	30	0
739	739	31	0
739	739	32	0
739	739	33	0
739	739	34	0
739	739	35	0
739	739	36	0
739	739	37	0
740	740	0	0
740	740	1	0
740	740	2	0
740	740	3	0
740	740	4	0
740	740	5	0
740	740	6	0
740	740	7	0
740	740	8	0
740	740	9	0
740	740	10	0
740	740	11	0
740	740	12	0
740	740	13	0
740	740	14	0
740	740	15	0
740	740	16	0
740	740	17	0
740	740	18	0
740	740	19	0
740	740	20	1
740	740	21	0
740	740	22	0
740	740	23	0
740	740	24	1
740	740	25	0
740	740	26	0
740	740	27	0
740	740	28	0
740	740	29	1
740	740	30	0
740	740	31	0
740	740	32	4
740	740	33	0
740	740	34	1
740	740	35	0
740	740	36	0
740	740	37	0
741	741	0	0
741	741	1	0
741	741	2	0
741	741	3	0
741	741	4	0
741	741	5	0
741	741	6	0
741	741	7	0
741	741	8	0
741	741	9	0
741	741	10	0
741	741	11	0
741	741	12	1
741	741	13	0
741	741	14	0
741	741	15	0
741	741	16	0
741	741	17	0
741	741	18	0
741	741	19	0
741	741	20	0
741	741	21	0
741	741	22	0
741	741	23	0
741	741	24	0
741	741	25	2
741	741	26	1
741	741	27	1
741	741	28	0
741	741	29	0
741	741	30	0
741	741	31	0
741	741	32	0
741	741	33	0
741	741	34	0
741	741	35	0
741	741	36	0
741	741	37	0
742	742	0	0
742	742	1	1
742	742	2	0
742	742	3	0
742	742	4	0
742	742	5	0
742	742	6	0
742	742	7	0
742	742	8	0
742	742	9	0
742	742	10	0
742	742	11	0
742	742	12	0
742	742	13	0
742	742	14	0
742	742	15	0
742	742	16	0
742	742	17	0
742	742	18	0
742	742	19	1
742	742	20	0
742	742	21	2
742	742	22	0
742	742	23	0
742	742	24	0
742	742	25	0
742	742	26	2
742	742	27	1
742	742	28	1
742	742	29	0
742	742	30	2
742	742	31	0
742	742	32	0
742	742	33	1
742	742	34	1
742	742	35	0
742	742	36	0
742	742	37	0
743	743	0	0
743	743	1	0
743	743	2	0
743	743	3	0
743	743	4	1
743	743	5	0
743	743	6	0
743	743	7	0
743	743	8	0
743	743	9	0
743	743	10	0
743	743	11	0
743	743	12	0
743	743	13	0
743	743	14	0
743	743	15	0
743	743	16	0
743	743	17	0
743	743	18	0
743	743	19	0
743	743	20	0
743	743	21	0
743	743	22	0
743	743	23	0
743	743	24	0
743	743	25	1
743	743	26	0
743	743	27	0
743	743	28	0
743	743	29	0
743	743	30	0
743	743	31	0
743	743	32	0
743	743	33	0
743	743	34	0
743	743	35	0
743	743	36	0
743	743	37	0
744	744	0	0
744	744	1	0
744	744	2	0
744	744	3	0
744	744	4	0
744	744	5	0
744	744	6	0
744	744	7	0
744	744	8	0
744	744	9	0
744	744	10	0
744	744	11	0
744	744	12	0
744	744	13	0
744	744	14	0
744	744	15	0
744	744	16	0
744	744	17	0
744	744	18	0
744	744	19	0
744	744	20	0
744	744	21	0
744	744	22	0
744	744	23	0
744	744	24	0
744	744	25	0
744	744	26	0
744	744	27	0
744	744	28	0
744	744	29	0
744	744	30	0
744	744	31	0
744	744	32	0
744	744	33	0
744	744	34	0
744	744	35	0
744	744	36	0
744	744	37	0
745	745	0	0
745	745	1	0
745	745	2	0
745	745	3	0
745	745	4	0
745	745	5	0
745	745	6	0
745	745	7	0
745	745	8	0
745	745	9	0
745	745	10	0
745	745	11	0
745	745	12	0
745	745	13	0
745	745	14	0
745	745	15	0
745	745	16	0
745	745	17	0
745	745	18	0
745	745	19	0
745	745	20	0
745	745	21	0
745	745	22	0
745	745	23	0
745	745	24	0
745	745	25	0
745	745	26	1
745	745	27	0
745	745	28	0
745	745	29	0
745	745	30	0
745	745	31	0
745	745	32	0
745	745	33	0
745	745	34	0
745	745	35	1
745	745	36	0
745	745	37	0
746	746	0	0
746	746	1	2
746	746	2	0
746	746	3	0
746	746	4	0
746	746	5	0
746	746	6	0
746	746	7	0
746	746	8	0
746	746	9	0
746	746	10	0
746	746	11	0
746	746	12	0
746	746	13	0
746	746	14	0
746	746	15	0
746	746	16	0
746	746	17	0
746	746	18	0
746	746	19	0
746	746	20	0
746	746	21	0
746	746	22	0
746	746	23	0
746	746	24	0
746	746	25	0
746	746	26	0
746	746	27	0
746	746	28	0
746	746	29	1
746	746	30	0
746	746	31	0
746	746	32	0
746	746	33	0
746	746	34	0
746	746	35	0
746	746	36	0
746	746	37	0
747	747	0	0
747	747	1	0
747	747	2	0
747	747	3	0
747	747	4	1
747	747	5	0
747	747	6	0
747	747	7	0
747	747	8	0
747	747	9	0
747	747	10	0
747	747	11	0
747	747	12	0
747	747	13	0
747	747	14	0
747	747	15	0
747	747	16	1
747	747	17	0
747	747	18	0
747	747	19	0
747	747	20	0
747	747	21	0
747	747	22	0
747	747	23	0
747	747	24	0
747	747	25	0
747	747	26	0
747	747	27	1
747	747	28	0
747	747	29	1
747	747	30	0
747	747	31	0
747	747	32	0
747	747	33	0
747	747	34	0
747	747	35	0
747	747	36	0
747	747	37	2
748	748	0	0
748	748	1	2
748	748	2	0
748	748	3	0
748	748	4	0
748	748	5	0
748	748	6	0
748	748	7	0
748	748	8	0
748	748	9	0
748	748	10	0
748	748	11	0
748	748	12	0
748	748	13	0
748	748	14	0
748	748	15	0
748	748	16	0
748	748	17	0
748	748	18	0
748	748	19	0
748	748	20	0
748	748	21	0
748	748	22	0
748	748	23	1
748	748	24	0
748	748	25	2
748	748	26	2
748	748	27	0
748	748	28	0
748	748	29	0
748	748	30	2
748	748	31	0
748	748	32	0
748	748	33	0
748	748	34	0
748	748	35	0
748	748	36	4
748	748	37	0
749	749	0	0
749	749	1	0
749	749	2	0
749	749	3	2
749	749	4	0
749	749	5	0
749	749	6	0
749	749	7	0
749	749	8	0
749	749	9	0
749	749	10	1
749	749	11	0
749	749	12	0
749	749	13	0
749	749	14	0
749	749	15	0
749	749	16	0
749	749	17	0
749	749	18	0
749	749	19	0
749	749	20	0
749	749	21	0
749	749	22	0
749	749	23	0
749	749	24	0
749	749	25	0
749	749	26	0
749	749	27	0
749	749	28	0
749	749	29	0
749	749	30	0
749	749	31	0
749	749	32	0
749	749	33	0
749	749	34	0
749	749	35	0
749	749	36	0
749	749	37	0
750	750	0	0
750	750	1	0
750	750	2	2
750	750	3	0
750	750	4	0
750	750	5	0
750	750	6	1
750	750	7	1
750	750	8	0
750	750	9	0
750	750	10	4
750	750	11	0
750	750	12	0
750	750	13	1
750	750	14	1
750	750	15	0
750	750	16	1
750	750	17	0
750	750	18	1
750	750	19	0
750	750	20	0
750	750	21	1
750	750	22	1
750	750	23	1
750	750	24	1
750	750	25	5
750	750	26	0
750	750	27	0
750	750	28	1
750	750	29	1
750	750	30	0
750	750	31	3
750	750	32	2
750	750	33	0
750	750	34	0
750	750	35	0
750	750	36	3
750	750	37	1
751	751	0	0
751	751	1	0
751	751	2	0
751	751	3	0
751	751	4	0
751	751	5	0
751	751	6	0
751	751	7	0
751	751	8	0
751	751	9	0
751	751	10	0
751	751	11	0
751	751	12	0
751	751	13	0
751	751	14	2
751	751	15	0
751	751	16	0
751	751	17	0
751	751	18	0
751	751	19	0
751	751	20	0
751	751	21	0
751	751	22	0
751	751	23	0
751	751	24	0
751	751	25	0
751	751	26	0
751	751	27	0
751	751	28	0
751	751	29	0
751	751	30	0
751	751	31	0
751	751	32	0
751	751	33	0
751	751	34	0
751	751	35	0
751	751	36	0
751	751	37	0
752	752	0	0
752	752	1	0
752	752	2	0
752	752	3	0
752	752	4	0
752	752	5	0
752	752	6	0
752	752	7	0
752	752	8	0
752	752	9	0
752	752	10	0
752	752	11	0
752	752	12	0
752	752	13	0
752	752	14	4
752	752	15	0
752	752	16	0
752	752	17	0
752	752	18	0
752	752	19	0
752	752	20	0
752	752	21	0
752	752	22	0
752	752	23	0
752	752	24	0
752	752	25	2
752	752	26	0
752	752	27	0
752	752	28	0
752	752	29	0
752	752	30	0
752	752	31	0
752	752	32	0
752	752	33	0
752	752	34	0
752	752	35	0
752	752	36	0
752	752	37	0
753	753	0	0
753	753	1	0
753	753	2	0
753	753	3	0
753	753	4	0
753	753	5	1
753	753	6	0
753	753	7	0
753	753	8	0
753	753	9	0
753	753	10	0
753	753	11	0
753	753	12	0
753	753	13	0
753	753	14	0
753	753	15	0
753	753	16	0
753	753	17	0
753	753	18	0
753	753	19	0
753	753	20	0
753	753	21	0
753	753	22	1
753	753	23	0
753	753	24	0
753	753	25	0
753	753	26	0
753	753	27	0
753	753	28	0
753	753	29	0
753	753	30	0
753	753	31	0
753	753	32	0
753	753	33	0
753	753	34	0
753	753	35	0
753	753	36	0
753	753	37	0
754	754	0	0
754	754	1	0
754	754	2	0
754	754	3	1
754	754	4	0
754	754	5	0
754	754	6	0
754	754	7	0
754	754	8	0
754	754	9	0
754	754	10	0
754	754	11	0
754	754	12	0
754	754	13	0
754	754	14	2
754	754	15	0
754	754	16	3
754	754	17	0
754	754	18	0
754	754	19	0
754	754	20	0
754	754	21	0
754	754	22	0
754	754	23	0
754	754	24	0
754	754	25	0
754	754	26	0
754	754	27	0
754	754	28	0
754	754	29	0
754	754	30	1
754	754	31	0
754	754	32	0
754	754	33	0
754	754	34	0
754	754	35	0
754	754	36	0
754	754	37	2
755	755	0	0
755	755	1	0
755	755	2	2
755	755	3	3
755	755	4	0
755	755	5	0
755	755	6	1
755	755	7	1
755	755	8	0
755	755	9	0
755	755	10	0
755	755	11	0
755	755	12	0
755	755	13	0
755	755	14	4
755	755	15	0
755	755	16	0
755	755	17	4
755	755	18	1
755	755	19	0
755	755	20	0
755	755	21	4
755	755	22	2
755	755	23	1
755	755	24	0
755	755	25	0
755	755	26	0
755	755	27	1
755	755	28	0
755	755	29	0
755	755	30	0
755	755	31	0
755	755	32	4
755	755	33	0
755	755	34	2
755	755	35	0
755	755	36	1
755	755	37	1
756	756	0	0
756	756	1	0
756	756	2	1
756	756	3	1
756	756	4	0
756	756	5	0
756	756	6	0
756	756	7	0
756	756	8	0
756	756	9	0
756	756	10	0
756	756	11	0
756	756	12	0
756	756	13	1
756	756	14	2
756	756	15	0
756	756	16	2
756	756	17	0
756	756	18	0
756	756	19	0
756	756	20	0
756	756	21	0
756	756	22	0
756	756	23	1
756	756	24	0
756	756	25	1
756	756	26	0
756	756	27	2
756	756	28	1
756	756	29	3
756	756	30	0
756	756	31	0
756	756	32	5
756	756	33	3
756	756	34	0
756	756	35	3
756	756	36	1
756	756	37	9
757	757	0	0
757	757	1	2
757	757	2	0
757	757	3	0
757	757	4	0
757	757	5	0
757	757	6	0
757	757	7	0
757	757	8	0
757	757	9	0
757	757	10	0
757	757	11	0
757	757	12	0
757	757	13	0
757	757	14	1
757	757	15	0
757	757	16	1
757	757	17	0
757	757	18	0
757	757	19	0
757	757	20	0
757	757	21	0
757	757	22	0
757	757	23	0
757	757	24	0
757	757	25	0
757	757	26	0
757	757	27	3
757	757	28	0
757	757	29	0
757	757	30	2
757	757	31	0
757	757	32	1
757	757	33	0
757	757	34	0
757	757	35	3
757	757	36	8
757	757	37	0
758	758	0	0
758	758	1	0
758	758	2	1
758	758	3	0
758	758	4	0
758	758	5	0
758	758	6	0
758	758	7	0
758	758	8	1
758	758	9	0
758	758	10	1
758	758	11	0
758	758	12	3
758	758	13	1
758	758	14	2
758	758	15	0
758	758	16	0
758	758	17	0
758	758	18	0
758	758	19	0
758	758	20	1
758	758	21	0
758	758	22	1
758	758	23	0
758	758	24	1
758	758	25	3
758	758	26	0
758	758	27	0
758	758	28	0
758	758	29	2
758	758	30	4
758	758	31	0
758	758	32	0
758	758	33	3
758	758	34	4
758	758	35	0
758	758	36	1
758	758	37	2
759	759	0	0
759	759	1	0
759	759	2	1
759	759	3	0
759	759	4	0
759	759	5	0
759	759	6	0
759	759	7	0
759	759	8	0
759	759	9	0
759	759	10	0
759	759	11	0
759	759	12	0
759	759	13	0
759	759	14	0
759	759	15	0
759	759	16	0
759	759	17	0
759	759	18	0
759	759	19	0
759	759	20	0
759	759	21	0
759	759	22	0
759	759	23	0
759	759	24	0
759	759	25	0
759	759	26	0
759	759	27	1
759	759	28	0
759	759	29	0
759	759	30	0
759	759	31	0
759	759	32	0
759	759	33	1
759	759	34	1
759	759	35	0
759	759	36	0
759	759	37	0
760	760	0	0
760	760	1	0
760	760	2	0
760	760	3	1
760	760	4	0
760	760	5	0
760	760	6	0
760	760	7	0
760	760	8	0
760	760	9	0
760	760	10	2
760	760	11	0
760	760	12	0
760	760	13	1
760	760	14	0
760	760	15	0
760	760	16	0
760	760	17	0
760	760	18	0
760	760	19	2
760	760	20	1
760	760	21	4
760	760	22	0
760	760	23	0
760	760	24	0
760	760	25	0
760	760	26	0
760	760	27	0
760	760	28	0
760	760	29	2
760	760	30	8
760	760	31	0
760	760	32	0
760	760	33	0
760	760	34	0
760	760	35	3
760	760	36	2
760	760	37	0
761	761	0	0
761	761	1	1
761	761	2	0
761	761	3	4
761	761	4	0
761	761	5	0
761	761	6	3
761	761	7	1
761	761	8	0
761	761	9	0
761	761	10	0
761	761	11	2
761	761	12	0
761	761	13	11
761	761	14	0
761	761	15	1
761	761	16	6
761	761	17	5
761	761	18	0
761	761	19	1
761	761	20	3
761	761	21	1
761	761	22	6
761	761	23	3
761	761	24	0
761	761	25	0
761	761	26	1
761	761	27	3
761	761	28	8
761	761	29	6
761	761	30	5
761	761	31	8
761	761	32	4
761	761	33	3
761	761	34	7
761	761	35	10
761	761	36	1
761	761	37	2
762	762	0	0
762	762	1	0
762	762	2	0
762	762	3	2
762	762	4	0
762	762	5	0
762	762	6	4
762	762	7	0
762	762	8	0
762	762	9	0
762	762	10	0
762	762	11	0
762	762	12	0
762	762	13	0
762	762	14	0
762	762	15	0
762	762	16	0
762	762	17	0
762	762	18	2
762	762	19	1
762	762	20	0
762	762	21	0
762	762	22	2
762	762	23	1
762	762	24	0
762	762	25	0
762	762	26	0
762	762	27	0
762	762	28	0
762	762	29	2
762	762	30	1
762	762	31	3
762	762	32	3
762	762	33	5
762	762	34	8
762	762	35	6
762	762	36	2
762	762	37	2
763	763	0	0
763	763	1	0
763	763	2	0
763	763	3	0
763	763	4	0
763	763	5	0
763	763	6	0
763	763	7	0
763	763	8	1
763	763	9	1
763	763	10	0
763	763	11	0
763	763	12	0
763	763	13	0
763	763	14	1
763	763	15	0
763	763	16	2
763	763	17	0
763	763	18	0
763	763	19	0
763	763	20	0
763	763	21	0
763	763	22	0
763	763	23	0
763	763	24	0
763	763	25	0
763	763	26	0
763	763	27	0
763	763	28	0
763	763	29	0
763	763	30	0
763	763	31	0
763	763	32	0
763	763	33	0
763	763	34	0
763	763	35	0
763	763	36	0
763	763	37	0
764	764	0	0
764	764	1	0
764	764	2	0
764	764	3	0
764	764	4	0
764	764	5	0
764	764	6	0
764	764	7	1
764	764	8	0
764	764	9	0
764	764	10	0
764	764	11	0
764	764	12	0
764	764	13	0
764	764	14	0
764	764	15	0
764	764	16	0
764	764	17	0
764	764	18	0
764	764	19	0
764	764	20	0
764	764	21	0
764	764	22	0
764	764	23	0
764	764	24	0
764	764	25	0
764	764	26	0
764	764	27	0
764	764	28	0
764	764	29	0
764	764	30	0
764	764	31	0
764	764	32	0
764	764	33	0
764	764	34	0
764	764	35	0
764	764	36	0
764	764	37	0
765	765	0	0
765	765	1	0
765	765	2	0
765	765	3	0
765	765	4	0
765	765	5	0
765	765	6	0
765	765	7	0
765	765	8	0
765	765	9	0
765	765	10	0
765	765	11	0
765	765	12	0
765	765	13	1
765	765	14	0
765	765	15	0
765	765	16	0
765	765	17	0
765	765	18	0
765	765	19	0
765	765	20	0
765	765	21	0
765	765	22	0
765	765	23	0
765	765	24	0
765	765	25	0
765	765	26	0
765	765	27	0
765	765	28	0
765	765	29	0
765	765	30	0
765	765	31	0
765	765	32	0
765	765	33	0
765	765	34	0
765	765	35	0
765	765	36	0
765	765	37	0
766	766	0	0
766	766	1	0
766	766	2	0
766	766	3	0
766	766	4	0
766	766	5	0
766	766	6	0
766	766	7	0
766	766	8	0
766	766	9	0
766	766	10	0
766	766	11	0
766	766	12	0
766	766	13	0
766	766	14	0
766	766	15	0
766	766	16	0
766	766	17	0
766	766	18	0
766	766	19	2
766	766	20	0
766	766	21	0
766	766	22	0
766	766	23	0
766	766	24	0
766	766	25	0
766	766	26	0
766	766	27	0
766	766	28	0
766	766	29	0
766	766	30	0
766	766	31	0
766	766	32	0
766	766	33	0
766	766	34	0
766	766	35	0
766	766	36	0
766	766	37	0
767	767	0	0
767	767	1	0
767	767	2	0
767	767	3	0
767	767	4	0
767	767	5	0
767	767	6	0
767	767	7	0
767	767	8	0
767	767	9	0
767	767	10	0
767	767	11	0
767	767	12	0
767	767	13	0
767	767	14	0
767	767	15	0
767	767	16	0
767	767	17	0
767	767	18	2
767	767	19	1
767	767	20	2
767	767	21	0
767	767	22	0
767	767	23	1
767	767	24	0
767	767	25	0
767	767	26	0
767	767	27	0
767	767	28	3
767	767	29	0
767	767	30	0
767	767	31	2
767	767	32	0
767	767	33	2
767	767	34	1
767	767	35	0
767	767	36	0
767	767	37	3
768	768	0	0
768	768	1	0
768	768	2	0
768	768	3	0
768	768	4	0
768	768	5	0
768	768	6	0
768	768	7	0
768	768	8	1
768	768	9	0
768	768	10	0
768	768	11	4
768	768	12	0
768	768	13	0
768	768	14	0
768	768	15	0
768	768	16	0
768	768	17	0
768	768	18	0
768	768	19	0
768	768	20	0
768	768	21	0
768	768	22	0
768	768	23	0
768	768	24	0
768	768	25	6
768	768	26	3
768	768	27	0
768	768	28	0
768	768	29	0
768	768	30	0
768	768	31	1
768	768	32	4
768	768	33	0
768	768	34	1
768	768	35	3
768	768	36	0
768	768	37	2
769	769	0	0
769	769	1	0
769	769	2	0
769	769	3	0
769	769	4	0
769	769	5	0
769	769	6	0
769	769	7	2
769	769	8	0
769	769	9	0
769	769	10	0
769	769	11	0
769	769	12	0
769	769	13	0
769	769	14	0
769	769	15	0
769	769	16	0
769	769	17	0
769	769	18	0
769	769	19	1
769	769	20	0
769	769	21	0
769	769	22	0
769	769	23	0
769	769	24	0
769	769	25	0
769	769	26	0
769	769	27	0
769	769	28	0
769	769	29	0
769	769	30	0
769	769	31	3
769	769	32	0
769	769	33	0
769	769	34	0
769	769	35	0
769	769	36	2
769	769	37	2
770	770	0	0
770	770	1	0
770	770	2	0
770	770	3	0
770	770	4	0
770	770	5	0
770	770	6	0
770	770	7	0
770	770	8	0
770	770	9	0
770	770	10	0
770	770	11	0
770	770	12	0
770	770	13	0
770	770	14	0
770	770	15	0
770	770	16	0
770	770	17	0
770	770	18	0
770	770	19	0
770	770	20	0
770	770	21	0
770	770	22	0
770	770	23	0
770	770	24	0
770	770	25	1
770	770	26	0
770	770	27	0
770	770	28	3
770	770	29	0
770	770	30	0
770	770	31	0
770	770	32	0
770	770	33	0
770	770	34	0
770	770	35	0
770	770	36	0
770	770	37	0
771	771	0	0
771	771	1	0
771	771	2	0
771	771	3	0
771	771	4	0
771	771	5	0
771	771	6	0
771	771	7	0
771	771	8	0
771	771	9	1
771	771	10	0
771	771	11	0
771	771	12	2
771	771	13	0
771	771	14	0
771	771	15	0
771	771	16	0
771	771	17	0
771	771	18	0
771	771	19	0
771	771	20	3
771	771	21	1
771	771	22	0
771	771	23	0
771	771	24	0
771	771	25	0
771	771	26	1
771	771	27	0
771	771	28	0
771	771	29	0
771	771	30	0
771	771	31	0
771	771	32	0
771	771	33	0
771	771	34	0
771	771	35	0
771	771	36	0
771	771	37	4
772	772	0	0
772	772	1	1
772	772	2	0
772	772	3	0
772	772	4	0
772	772	5	0
772	772	6	0
772	772	7	1
772	772	8	0
772	772	9	0
772	772	10	0
772	772	11	0
772	772	12	0
772	772	13	0
772	772	14	0
772	772	15	0
772	772	16	0
772	772	17	0
772	772	18	0
772	772	19	0
772	772	20	1
772	772	21	0
772	772	22	0
772	772	23	0
772	772	24	0
772	772	25	0
772	772	26	0
772	772	27	0
772	772	28	0
772	772	29	1
772	772	30	0
772	772	31	0
772	772	32	0
772	772	33	0
772	772	34	0
772	772	35	0
772	772	36	0
772	772	37	0
773	773	0	0
773	773	1	0
773	773	2	0
773	773	3	1
773	773	4	2
773	773	5	0
773	773	6	0
773	773	7	0
773	773	8	0
773	773	9	0
773	773	10	0
773	773	11	0
773	773	12	0
773	773	13	0
773	773	14	0
773	773	15	0
773	773	16	0
773	773	17	0
773	773	18	2
773	773	19	0
773	773	20	0
773	773	21	0
773	773	22	0
773	773	23	1
773	773	24	1
773	773	25	0
773	773	26	0
773	773	27	3
773	773	28	0
773	773	29	0
773	773	30	0
773	773	31	0
773	773	32	0
773	773	33	0
773	773	34	1
773	773	35	0
773	773	36	0
773	773	37	0
774	774	0	0
774	774	1	3
774	774	2	2
774	774	3	0
774	774	4	0
774	774	5	0
774	774	6	0
774	774	7	0
774	774	8	2
774	774	9	0
774	774	10	0
774	774	11	0
774	774	12	0
774	774	13	0
774	774	14	0
774	774	15	0
774	774	16	0
774	774	17	0
774	774	18	0
774	774	19	0
774	774	20	0
774	774	21	0
774	774	22	1
774	774	23	3
774	774	24	0
774	774	25	1
774	774	26	1
774	774	27	0
774	774	28	0
774	774	29	0
774	774	30	0
774	774	31	1
774	774	32	0
774	774	33	0
774	774	34	0
774	774	35	0
774	774	36	0
774	774	37	2
775	775	0	0
775	775	1	0
775	775	2	0
775	775	3	0
775	775	4	0
775	775	5	1
775	775	6	0
775	775	7	1
775	775	8	0
775	775	9	1
775	775	10	3
775	775	11	4
775	775	12	0
775	775	13	0
775	775	14	0
775	775	15	0
775	775	16	0
775	775	17	3
775	775	18	3
775	775	19	0
775	775	20	0
775	775	21	1
775	775	22	0
775	775	23	1
775	775	24	0
775	775	25	0
775	775	26	3
775	775	27	1
775	775	28	0
775	775	29	3
775	775	30	3
775	775	31	1
775	775	32	7
775	775	33	0
775	775	34	0
775	775	35	0
775	775	36	0
775	775	37	4
776	776	0	0
776	776	1	0
776	776	2	0
776	776	3	0
776	776	4	0
776	776	5	0
776	776	6	1
776	776	7	0
776	776	8	0
776	776	9	0
776	776	10	0
776	776	11	0
776	776	12	0
776	776	13	0
776	776	14	0
776	776	15	0
776	776	16	0
776	776	17	0
776	776	18	0
776	776	19	0
776	776	20	0
776	776	21	0
776	776	22	0
776	776	23	0
776	776	24	2
776	776	25	0
776	776	26	0
776	776	27	0
776	776	28	0
776	776	29	0
776	776	30	1
776	776	31	0
776	776	32	1
776	776	33	0
776	776	34	0
776	776	35	0
776	776	36	0
776	776	37	1
777	777	0	0
777	777	1	0
777	777	2	0
777	777	3	0
777	777	4	2
777	777	5	0
777	777	6	2
777	777	7	0
777	777	8	0
777	777	9	4
777	777	10	0
777	777	11	1
777	777	12	0
777	777	13	0
777	777	14	1
777	777	15	0
777	777	16	1
777	777	17	1
777	777	18	0
777	777	19	0
777	777	20	0
777	777	21	1
777	777	22	3
777	777	23	0
777	777	24	0
777	777	25	2
777	777	26	2
777	777	27	4
777	777	28	2
777	777	29	4
777	777	30	3
777	777	31	2
777	777	32	4
777	777	33	0
777	777	34	4
777	777	35	2
777	777	36	3
777	777	37	11
778	778	0	0
778	778	1	0
778	778	2	1
778	778	3	0
778	778	4	0
778	778	5	0
778	778	6	0
778	778	7	0
778	778	8	0
778	778	9	2
778	778	10	0
778	778	11	4
778	778	12	0
778	778	13	5
778	778	14	0
778	778	15	2
778	778	16	0
778	778	17	0
778	778	18	2
778	778	19	0
778	778	20	1
778	778	21	0
778	778	22	2
778	778	23	0
778	778	24	0
778	778	25	0
778	778	26	2
778	778	27	1
778	778	28	0
778	778	29	1
778	778	30	0
778	778	31	5
778	778	32	0
778	778	33	0
778	778	34	0
778	778	35	0
778	778	36	0
778	778	37	2
779	779	0	0
779	779	1	0
779	779	2	3
779	779	3	0
779	779	4	0
779	779	5	0
779	779	6	0
779	779	7	0
779	779	8	0
779	779	9	0
779	779	10	0
779	779	11	0
779	779	12	0
779	779	13	0
779	779	14	0
779	779	15	0
779	779	16	0
779	779	17	0
779	779	18	0
779	779	19	0
779	779	20	0
779	779	21	0
779	779	22	0
779	779	23	0
779	779	24	0
779	779	25	0
779	779	26	0
779	779	27	0
779	779	28	0
779	779	29	0
779	779	30	0
779	779	31	0
779	779	32	0
779	779	33	0
779	779	34	0
779	779	35	0
779	779	36	0
779	779	37	0
780	780	0	0
780	780	1	0
780	780	2	0
780	780	3	0
780	780	4	0
780	780	5	0
780	780	6	0
780	780	7	0
780	780	8	1
780	780	9	0
780	780	10	0
780	780	11	0
780	780	12	0
780	780	13	0
780	780	14	0
780	780	15	0
780	780	16	0
780	780	17	0
780	780	18	0
780	780	19	0
780	780	20	0
780	780	21	0
780	780	22	0
780	780	23	0
780	780	24	0
780	780	25	0
780	780	26	0
780	780	27	0
780	780	28	0
780	780	29	4
780	780	30	0
780	780	31	0
780	780	32	2
780	780	33	0
780	780	34	0
780	780	35	0
780	780	36	0
780	780	37	0
781	781	0	0
781	781	1	0
781	781	2	0
781	781	3	0
781	781	4	0
781	781	5	0
781	781	6	0
781	781	7	0
781	781	8	0
781	781	9	0
781	781	10	0
781	781	11	0
781	781	12	0
781	781	13	0
781	781	14	1
781	781	15	0
781	781	16	0
781	781	17	0
781	781	18	0
781	781	19	0
781	781	20	0
781	781	21	0
781	781	22	0
781	781	23	0
781	781	24	0
781	781	25	0
781	781	26	0
781	781	27	0
781	781	28	0
781	781	29	0
781	781	30	3
781	781	31	0
781	781	32	0
781	781	33	0
781	781	34	0
781	781	35	0
781	781	36	0
781	781	37	0
782	782	0	0
782	782	1	0
782	782	2	0
782	782	3	0
782	782	4	2
782	782	5	0
782	782	6	0
782	782	7	0
782	782	8	0
782	782	9	0
782	782	10	0
782	782	11	0
782	782	12	0
782	782	13	0
782	782	14	0
782	782	15	0
782	782	16	0
782	782	17	0
782	782	18	0
782	782	19	0
782	782	20	0
782	782	21	0
782	782	22	0
782	782	23	1
782	782	24	0
782	782	25	2
782	782	26	0
782	782	27	0
782	782	28	0
782	782	29	0
782	782	30	0
782	782	31	0
782	782	32	2
782	782	33	1
782	782	34	0
782	782	35	0
782	782	36	0
782	782	37	0
783	783	0	0
783	783	1	0
783	783	2	0
783	783	3	0
783	783	4	0
783	783	5	0
783	783	6	1
783	783	7	0
783	783	8	0
783	783	9	0
783	783	10	0
783	783	11	0
783	783	12	0
783	783	13	0
783	783	14	2
783	783	15	0
783	783	16	0
783	783	17	0
783	783	18	1
783	783	19	0
783	783	20	0
783	783	21	0
783	783	22	1
783	783	23	0
783	783	24	0
783	783	25	0
783	783	26	0
783	783	27	0
783	783	28	0
783	783	29	0
783	783	30	0
783	783	31	0
783	783	32	0
783	783	33	0
783	783	34	0
783	783	35	0
783	783	36	0
783	783	37	0
784	784	0	0
784	784	1	0
784	784	2	0
784	784	3	0
784	784	4	3
784	784	5	1
784	784	6	2
784	784	7	0
784	784	8	0
784	784	9	0
784	784	10	0
784	784	11	0
784	784	12	0
784	784	13	0
784	784	14	0
784	784	15	2
784	784	16	1
784	784	17	0
784	784	18	0
784	784	19	1
784	784	20	0
784	784	21	0
784	784	22	1
784	784	23	0
784	784	24	0
784	784	25	2
784	784	26	2
784	784	27	1
784	784	28	0
784	784	29	0
784	784	30	0
784	784	31	0
784	784	32	0
784	784	33	0
784	784	34	0
784	784	35	1
784	784	36	0
784	784	37	0
785	785	0	0
785	785	1	0
785	785	2	0
785	785	3	0
785	785	4	0
785	785	5	0
785	785	6	1
785	785	7	0
785	785	8	0
785	785	9	0
785	785	10	0
785	785	11	0
785	785	12	0
785	785	13	1
785	785	14	0
785	785	15	0
785	785	16	0
785	785	17	0
785	785	18	0
785	785	19	2
785	785	20	0
785	785	21	1
785	785	22	0
785	785	23	0
785	785	24	0
785	785	25	1
785	785	26	0
785	785	27	0
785	785	28	0
785	785	29	1
785	785	30	0
785	785	31	0
785	785	32	0
785	785	33	0
785	785	34	0
785	785	35	0
785	785	36	1
785	785	37	0
786	786	0	0
786	786	1	0
786	786	2	0
786	786	3	0
786	786	4	0
786	786	5	0
786	786	6	0
786	786	7	0
786	786	8	0
786	786	9	0
786	786	10	0
786	786	11	1
786	786	12	0
786	786	13	0
786	786	14	1
786	786	15	0
786	786	16	0
786	786	17	0
786	786	18	0
786	786	19	1
786	786	20	0
786	786	21	0
786	786	22	0
786	786	23	0
786	786	24	2
786	786	25	3
786	786	26	1
786	786	27	0
786	786	28	1
786	786	29	0
786	786	30	0
786	786	31	0
786	786	32	0
786	786	33	1
786	786	34	3
786	786	35	3
786	786	36	3
786	786	37	1
787	787	0	0
787	787	1	1
787	787	2	1
787	787	3	0
787	787	4	0
787	787	5	1
787	787	6	0
787	787	7	0
787	787	8	0
787	787	9	0
787	787	10	0
787	787	11	0
787	787	12	0
787	787	13	2
787	787	14	0
787	787	15	0
787	787	16	0
787	787	17	0
787	787	18	0
787	787	19	4
787	787	20	0
787	787	21	0
787	787	22	0
787	787	23	0
787	787	24	0
787	787	25	0
787	787	26	0
787	787	27	3
787	787	28	1
787	787	29	2
787	787	30	0
787	787	31	0
787	787	32	4
787	787	33	1
787	787	34	4
787	787	35	0
787	787	36	0
787	787	37	1
788	788	0	0
788	788	1	0
788	788	2	1
788	788	3	0
788	788	4	1
788	788	5	0
788	788	6	0
788	788	7	0
788	788	8	0
788	788	9	2
788	788	10	2
788	788	11	0
788	788	12	0
788	788	13	0
788	788	14	0
788	788	15	0
788	788	16	2
788	788	17	2
788	788	18	0
788	788	19	0
788	788	20	0
788	788	21	0
788	788	22	0
788	788	23	0
788	788	24	0
788	788	25	0
788	788	26	0
788	788	27	0
788	788	28	1
788	788	29	2
788	788	30	1
788	788	31	0
788	788	32	0
788	788	33	0
788	788	34	2
788	788	35	0
788	788	36	0
788	788	37	0
789	789	0	0
789	789	1	0
789	789	2	0
789	789	3	0
789	789	4	0
789	789	5	0
789	789	6	0
789	789	7	0
789	789	8	0
789	789	9	0
789	789	10	0
789	789	11	0
789	789	12	2
789	789	13	0
789	789	14	0
789	789	15	0
789	789	16	0
789	789	17	0
789	789	18	0
789	789	19	1
789	789	20	4
789	789	21	1
789	789	22	0
789	789	23	0
789	789	24	0
789	789	25	4
789	789	26	0
789	789	27	1
789	789	28	1
789	789	29	0
789	789	30	1
789	789	31	2
789	789	32	1
789	789	33	0
789	789	34	0
789	789	35	1
789	789	36	2
789	789	37	0
790	790	0	0
790	790	1	0
790	790	2	0
790	790	3	0
790	790	4	0
790	790	5	2
790	790	6	0
790	790	7	0
790	790	8	0
790	790	9	4
790	790	10	0
790	790	11	0
790	790	12	0
790	790	13	1
790	790	14	1
790	790	15	0
790	790	16	0
790	790	17	0
790	790	18	0
790	790	19	0
790	790	20	0
790	790	21	0
790	790	22	2
790	790	23	0
790	790	24	0
790	790	25	0
790	790	26	1
790	790	27	0
790	790	28	0
790	790	29	1
790	790	30	1
790	790	31	1
790	790	32	0
790	790	33	0
790	790	34	0
790	790	35	1
790	790	36	0
790	790	37	2
791	791	0	0
791	791	1	0
791	791	2	1
791	791	3	0
791	791	4	0
791	791	5	0
791	791	6	0
791	791	7	0
791	791	8	0
791	791	9	0
791	791	10	0
791	791	11	0
791	791	12	0
791	791	13	1
791	791	14	0
791	791	15	0
791	791	16	0
791	791	17	0
791	791	18	0
791	791	19	0
791	791	20	1
791	791	21	0
791	791	22	0
791	791	23	0
791	791	24	0
791	791	25	0
791	791	26	1
791	791	27	0
791	791	28	4
791	791	29	0
791	791	30	1
791	791	31	1
791	791	32	2
791	791	33	0
791	791	34	0
791	791	35	3
791	791	36	1
791	791	37	0
792	792	0	0
792	792	1	0
792	792	2	0
792	792	3	1
792	792	4	0
792	792	5	0
792	792	6	1
792	792	7	0
792	792	8	0
792	792	9	0
792	792	10	3
792	792	11	0
792	792	12	0
792	792	13	1
792	792	14	0
792	792	15	0
792	792	16	0
792	792	17	0
792	792	18	0
792	792	19	1
792	792	20	2
792	792	21	2
792	792	22	0
792	792	23	0
792	792	24	0
792	792	25	0
792	792	26	0
792	792	27	0
792	792	28	2
792	792	29	0
792	792	30	0
792	792	31	0
792	792	32	1
792	792	33	0
792	792	34	2
792	792	35	0
792	792	36	1
792	792	37	0
793	793	0	0
793	793	1	0
793	793	2	0
793	793	3	0
793	793	4	0
793	793	5	0
793	793	6	1
793	793	7	0
793	793	8	0
793	793	9	1
793	793	10	0
793	793	11	0
793	793	12	0
793	793	13	0
793	793	14	0
793	793	15	0
793	793	16	0
793	793	17	0
793	793	18	2
793	793	19	1
793	793	20	0
793	793	21	0
793	793	22	0
793	793	23	1
793	793	24	0
793	793	25	0
793	793	26	0
793	793	27	2
793	793	28	0
793	793	29	0
793	793	30	4
793	793	31	0
793	793	32	0
793	793	33	1
793	793	34	3
793	793	35	0
793	793	36	0
793	793	37	0
794	794	0	0
794	794	1	0
794	794	2	0
794	794	3	0
794	794	4	1
794	794	5	0
794	794	6	0
794	794	7	0
794	794	8	0
794	794	9	0
794	794	10	0
794	794	11	0
794	794	12	0
794	794	13	0
794	794	14	0
794	794	15	0
794	794	16	0
794	794	17	0
794	794	18	0
794	794	19	0
794	794	20	1
794	794	21	0
794	794	22	0
794	794	23	2
794	794	24	0
794	794	25	0
794	794	26	0
794	794	27	0
794	794	28	0
794	794	29	0
794	794	30	0
794	794	31	0
794	794	32	0
794	794	33	1
794	794	34	0
794	794	35	0
794	794	36	0
794	794	37	0
795	795	0	0
795	795	1	0
795	795	2	0
795	795	3	0
795	795	4	0
795	795	5	0
795	795	6	1
795	795	7	0
795	795	8	0
795	795	9	0
795	795	10	0
795	795	11	0
795	795	12	0
795	795	13	0
795	795	14	0
795	795	15	0
795	795	16	0
795	795	17	0
795	795	18	0
795	795	19	0
795	795	20	0
795	795	21	0
795	795	22	0
795	795	23	0
795	795	24	0
795	795	25	0
795	795	26	0
795	795	27	0
795	795	28	0
795	795	29	0
795	795	30	0
795	795	31	0
795	795	32	0
795	795	33	0
795	795	34	0
795	795	35	0
795	795	36	0
795	795	37	0
796	796	0	0
796	796	1	0
796	796	2	0
796	796	3	0
796	796	4	0
796	796	5	0
796	796	6	0
796	796	7	0
796	796	8	0
796	796	9	1
796	796	10	0
796	796	11	0
796	796	12	0
796	796	13	0
796	796	14	1
796	796	15	0
796	796	16	0
796	796	17	0
796	796	18	1
796	796	19	0
796	796	20	0
796	796	21	0
796	796	22	0
796	796	23	0
796	796	24	0
796	796	25	0
796	796	26	0
796	796	27	1
796	796	28	0
796	796	29	0
796	796	30	2
796	796	31	0
796	796	32	2
796	796	33	0
796	796	34	0
796	796	35	0
796	796	36	0
796	796	37	0
797	797	0	0
797	797	1	0
797	797	2	0
797	797	3	2
797	797	4	0
797	797	5	0
797	797	6	0
797	797	7	0
797	797	8	0
797	797	9	0
797	797	10	0
797	797	11	0
797	797	12	0
797	797	13	0
797	797	14	0
797	797	15	3
797	797	16	3
797	797	17	0
797	797	18	0
797	797	19	1
797	797	20	2
797	797	21	0
797	797	22	0
797	797	23	2
797	797	24	1
797	797	25	1
797	797	26	0
797	797	27	2
797	797	28	1
797	797	29	1
797	797	30	3
797	797	31	0
797	797	32	1
797	797	33	2
797	797	34	1
797	797	35	1
797	797	36	2
797	797	37	0
798	798	0	0
798	798	1	0
798	798	2	0
798	798	3	2
798	798	4	0
798	798	5	0
798	798	6	0
798	798	7	0
798	798	8	1
798	798	9	0
798	798	10	0
798	798	11	0
798	798	12	1
798	798	13	0
798	798	14	0
798	798	15	2
798	798	16	0
798	798	17	1
798	798	18	0
798	798	19	0
798	798	20	0
798	798	21	0
798	798	22	0
798	798	23	0
798	798	24	2
798	798	25	0
798	798	26	2
798	798	27	1
798	798	28	1
798	798	29	0
798	798	30	0
798	798	31	0
798	798	32	0
798	798	33	0
798	798	34	0
798	798	35	0
798	798	36	0
798	798	37	0
799	799	0	0
799	799	1	0
799	799	2	0
799	799	3	0
799	799	4	0
799	799	5	0
799	799	6	0
799	799	7	0
799	799	8	3
799	799	9	0
799	799	10	0
799	799	11	0
799	799	12	0
799	799	13	0
799	799	14	0
799	799	15	0
799	799	16	0
799	799	17	3
799	799	18	0
799	799	19	2
799	799	20	0
799	799	21	0
799	799	22	0
799	799	23	1
799	799	24	0
799	799	25	0
799	799	26	0
799	799	27	0
799	799	28	0
799	799	29	0
799	799	30	1
799	799	31	0
799	799	32	5
799	799	33	0
799	799	34	1
799	799	35	2
799	799	36	4
799	799	37	5
800	800	0	0
800	800	1	0
800	800	2	2
800	800	3	0
800	800	4	0
800	800	5	2
800	800	6	2
800	800	7	0
800	800	8	0
800	800	9	0
800	800	10	0
800	800	11	0
800	800	12	4
800	800	13	0
800	800	14	0
800	800	15	2
800	800	16	0
800	800	17	1
800	800	18	3
800	800	19	1
800	800	20	0
800	800	21	2
800	800	22	1
800	800	23	0
800	800	24	3
800	800	25	2
800	800	26	3
800	800	27	10
800	800	28	0
800	800	29	2
800	800	30	0
800	800	31	4
800	800	32	8
800	800	33	5
800	800	34	1
800	800	35	4
800	800	36	2
800	800	37	3
801	801	0	0
801	801	1	0
801	801	2	1
801	801	3	0
801	801	4	0
801	801	5	1
801	801	6	0
801	801	7	0
801	801	8	0
801	801	9	0
801	801	10	0
801	801	11	0
801	801	12	0
801	801	13	2
801	801	14	0
801	801	15	0
801	801	16	0
801	801	17	0
801	801	18	0
801	801	19	0
801	801	20	0
801	801	21	0
801	801	22	0
801	801	23	0
801	801	24	0
801	801	25	0
801	801	26	2
801	801	27	0
801	801	28	0
801	801	29	2
801	801	30	0
801	801	31	0
801	801	32	0
801	801	33	0
801	801	34	0
801	801	35	0
801	801	36	0
801	801	37	3
802	802	0	0
802	802	1	3
802	802	2	0
802	802	3	0
802	802	4	1
802	802	5	0
802	802	6	0
802	802	7	0
802	802	8	0
802	802	9	2
802	802	10	0
802	802	11	0
802	802	12	1
802	802	13	0
802	802	14	0
802	802	15	0
802	802	16	0
802	802	17	2
802	802	18	0
802	802	19	0
802	802	20	0
802	802	21	0
802	802	22	0
802	802	23	0
802	802	24	0
802	802	25	0
802	802	26	1
802	802	27	0
802	802	28	0
802	802	29	0
802	802	30	0
802	802	31	0
802	802	32	1
802	802	33	0
802	802	34	0
802	802	35	1
802	802	36	0
802	802	37	1
803	803	0	0
803	803	1	0
803	803	2	0
803	803	3	0
803	803	4	0
803	803	5	3
803	803	6	0
803	803	7	3
803	803	8	0
803	803	9	0
803	803	10	0
803	803	11	0
803	803	12	3
803	803	13	0
803	803	14	0
803	803	15	3
803	803	16	0
803	803	17	0
803	803	18	0
803	803	19	0
803	803	20	0
803	803	21	0
803	803	22	0
803	803	23	0
803	803	24	0
803	803	25	0
803	803	26	0
803	803	27	0
803	803	28	0
803	803	29	0
803	803	30	0
803	803	31	0
803	803	32	0
803	803	33	0
803	803	34	0
803	803	35	0
803	803	36	0
803	803	37	0
804	804	0	0
804	804	1	0
804	804	2	0
804	804	3	0
804	804	4	0
804	804	5	0
804	804	6	0
804	804	7	0
804	804	8	0
804	804	9	1
804	804	10	0
804	804	11	0
804	804	12	0
804	804	13	0
804	804	14	0
804	804	15	0
804	804	16	0
804	804	17	0
804	804	18	4
804	804	19	0
804	804	20	0
804	804	21	0
804	804	22	0
804	804	23	0
804	804	24	0
804	804	25	0
804	804	26	0
804	804	27	1
804	804	28	0
804	804	29	0
804	804	30	0
804	804	31	0
804	804	32	1
804	804	33	0
804	804	34	0
804	804	35	0
804	804	36	0
804	804	37	0
805	805	0	0
805	805	1	1
805	805	2	0
805	805	3	0
805	805	4	0
805	805	5	0
805	805	6	0
805	805	7	0
805	805	8	0
805	805	9	0
805	805	10	0
805	805	11	0
805	805	12	1
805	805	13	0
805	805	14	0
805	805	15	1
805	805	16	0
805	805	17	0
805	805	18	1
805	805	19	0
805	805	20	3
805	805	21	0
805	805	22	0
805	805	23	0
805	805	24	0
805	805	25	0
805	805	26	2
805	805	27	0
805	805	28	0
805	805	29	0
805	805	30	0
805	805	31	0
805	805	32	0
805	805	33	0
805	805	34	0
805	805	35	0
805	805	36	1
805	805	37	0
806	806	0	0
806	806	1	0
806	806	2	0
806	806	3	1
806	806	4	0
806	806	5	0
806	806	6	0
806	806	7	3
806	806	8	0
806	806	9	0
806	806	10	0
806	806	11	0
806	806	12	0
806	806	13	0
806	806	14	0
806	806	15	0
806	806	16	0
806	806	17	0
806	806	18	0
806	806	19	0
806	806	20	0
806	806	21	0
806	806	22	0
806	806	23	0
806	806	24	0
806	806	25	0
806	806	26	0
806	806	27	1
806	806	28	0
806	806	29	0
806	806	30	0
806	806	31	0
806	806	32	1
806	806	33	0
806	806	34	0
806	806	35	1
806	806	36	0
806	806	37	0
807	807	0	0
807	807	1	0
807	807	2	1
807	807	3	0
807	807	4	0
807	807	5	1
807	807	6	0
807	807	7	0
807	807	8	0
807	807	9	0
807	807	10	1
807	807	11	0
807	807	12	0
807	807	13	0
807	807	14	0
807	807	15	0
807	807	16	0
807	807	17	0
807	807	18	1
807	807	19	0
807	807	20	0
807	807	21	0
807	807	22	1
807	807	23	0
807	807	24	0
807	807	25	2
807	807	26	0
807	807	27	0
807	807	28	0
807	807	29	0
807	807	30	0
807	807	31	0
807	807	32	0
807	807	33	0
807	807	34	0
807	807	35	2
807	807	36	0
807	807	37	0
808	808	0	0
808	808	1	0
808	808	2	0
808	808	3	0
808	808	4	2
808	808	5	0
808	808	6	0
808	808	7	0
808	808	8	0
808	808	9	0
808	808	10	0
808	808	11	2
808	808	12	0
808	808	13	0
808	808	14	0
808	808	15	0
808	808	16	0
808	808	17	0
808	808	18	1
808	808	19	0
808	808	20	2
808	808	21	0
808	808	22	0
808	808	23	0
808	808	24	0
808	808	25	0
808	808	26	0
808	808	27	0
808	808	28	0
808	808	29	0
808	808	30	2
808	808	31	2
808	808	32	0
808	808	33	4
808	808	34	1
808	808	35	0
808	808	36	2
808	808	37	3
809	809	0	0
809	809	1	0
809	809	2	0
809	809	3	0
809	809	4	0
809	809	5	0
809	809	6	0
809	809	7	0
809	809	8	0
809	809	9	0
809	809	10	3
809	809	11	0
809	809	12	0
809	809	13	0
809	809	14	0
809	809	15	0
809	809	16	0
809	809	17	0
809	809	18	0
809	809	19	0
809	809	20	0
809	809	21	5
809	809	22	0
809	809	23	0
809	809	24	0
809	809	25	0
809	809	26	0
809	809	27	0
809	809	28	0
809	809	29	0
809	809	30	0
809	809	31	0
809	809	32	0
809	809	33	0
809	809	34	0
809	809	35	0
809	809	36	1
809	809	37	0
810	810	0	0
810	810	1	0
810	810	2	2
810	810	3	0
810	810	4	0
810	810	5	0
810	810	6	0
810	810	7	0
810	810	8	0
810	810	9	0
810	810	10	0
810	810	11	0
810	810	12	0
810	810	13	0
810	810	14	0
810	810	15	0
810	810	16	0
810	810	17	0
810	810	18	0
810	810	19	0
810	810	20	0
810	810	21	0
810	810	22	2
810	810	23	0
810	810	24	0
810	810	25	0
810	810	26	0
810	810	27	0
810	810	28	0
810	810	29	0
810	810	30	0
810	810	31	0
810	810	32	0
810	810	33	0
810	810	34	0
810	810	35	0
810	810	36	0
810	810	37	0
811	811	0	0
811	811	1	1
811	811	2	0
811	811	3	0
811	811	4	0
811	811	5	2
811	811	6	0
811	811	7	0
811	811	8	0
811	811	9	0
811	811	10	2
811	811	11	0
811	811	12	1
811	811	13	0
811	811	14	3
811	811	15	0
811	811	16	3
811	811	17	0
811	811	18	0
811	811	19	0
811	811	20	0
811	811	21	0
811	811	22	1
811	811	23	0
811	811	24	0
811	811	25	0
811	811	26	3
811	811	27	0
811	811	28	0
811	811	29	0
811	811	30	0
811	811	31	0
811	811	32	0
811	811	33	0
811	811	34	3
811	811	35	0
811	811	36	3
811	811	37	0
812	812	0	0
812	812	1	3
812	812	2	1
812	812	3	0
812	812	4	0
812	812	5	0
812	812	6	0
812	812	7	0
812	812	8	1
812	812	9	0
812	812	10	0
812	812	11	0
812	812	12	0
812	812	13	0
812	812	14	0
812	812	15	0
812	812	16	0
812	812	17	0
812	812	18	0
812	812	19	0
812	812	20	0
812	812	21	0
812	812	22	0
812	812	23	2
812	812	24	0
812	812	25	0
812	812	26	1
812	812	27	1
812	812	28	1
812	812	29	3
812	812	30	0
812	812	31	0
812	812	32	0
812	812	33	1
812	812	34	0
812	812	35	0
812	812	36	1
812	812	37	0
813	813	0	0
813	813	1	0
813	813	2	0
813	813	3	0
813	813	4	0
813	813	5	0
813	813	6	0
813	813	7	0
813	813	8	0
813	813	9	0
813	813	10	0
813	813	11	0
813	813	12	0
813	813	13	0
813	813	14	0
813	813	15	0
813	813	16	0
813	813	17	1
813	813	18	0
813	813	19	1
813	813	20	0
813	813	21	0
813	813	22	0
813	813	23	1
813	813	24	0
813	813	25	0
813	813	26	0
813	813	27	0
813	813	28	1
813	813	29	0
813	813	30	0
813	813	31	0
813	813	32	0
813	813	33	0
813	813	34	0
813	813	35	5
813	813	36	1
813	813	37	0
814	814	0	0
814	814	1	1
814	814	2	0
814	814	3	0
814	814	4	0
814	814	5	0
814	814	6	2
814	814	7	0
814	814	8	0
814	814	9	0
814	814	10	0
814	814	11	0
814	814	12	0
814	814	13	0
814	814	14	1
814	814	15	0
814	814	16	0
814	814	17	0
814	814	18	1
814	814	19	1
814	814	20	0
814	814	21	2
814	814	22	4
814	814	23	2
814	814	24	0
814	814	25	5
814	814	26	1
814	814	27	3
814	814	28	3
814	814	29	2
814	814	30	3
814	814	31	11
814	814	32	4
814	814	33	7
814	814	34	0
814	814	35	4
814	814	36	5
814	814	37	9
815	815	0	0
815	815	1	0
815	815	2	0
815	815	3	0
815	815	4	0
815	815	5	0
815	815	6	0
815	815	7	0
815	815	8	0
815	815	9	1
815	815	10	0
815	815	11	0
815	815	12	0
815	815	13	0
815	815	14	0
815	815	15	0
815	815	16	0
815	815	17	0
815	815	18	0
815	815	19	0
815	815	20	0
815	815	21	0
815	815	22	0
815	815	23	0
815	815	24	0
815	815	25	0
815	815	26	0
815	815	27	1
815	815	28	0
815	815	29	0
815	815	30	0
815	815	31	0
815	815	32	0
815	815	33	0
815	815	34	0
815	815	35	0
815	815	36	0
815	815	37	0
816	816	0	0
816	816	1	0
816	816	2	0
816	816	3	0
816	816	4	0
816	816	5	0
816	816	6	0
816	816	7	0
816	816	8	0
816	816	9	2
816	816	10	0
816	816	11	0
816	816	12	0
816	816	13	0
816	816	14	0
816	816	15	0
816	816	16	0
816	816	17	0
816	816	18	0
816	816	19	0
816	816	20	2
816	816	21	0
816	816	22	0
816	816	23	0
816	816	24	0
816	816	25	0
816	816	26	0
816	816	27	0
816	816	28	0
816	816	29	0
816	816	30	0
816	816	31	0
816	816	32	0
816	816	33	0
816	816	34	0
816	816	35	0
816	816	36	0
816	816	37	0
817	817	0	0
817	817	1	0
817	817	2	0
817	817	3	0
817	817	4	0
817	817	5	0
817	817	6	0
817	817	7	1
817	817	8	0
817	817	9	0
817	817	10	0
817	817	11	0
817	817	12	0
817	817	13	0
817	817	14	0
817	817	15	0
817	817	16	0
817	817	17	0
817	817	18	0
817	817	19	1
817	817	20	3
817	817	21	0
817	817	22	0
817	817	23	1
817	817	24	0
817	817	25	1
817	817	26	0
817	817	27	2
817	817	28	1
817	817	29	4
817	817	30	0
817	817	31	3
817	817	32	3
817	817	33	1
817	817	34	3
817	817	35	1
817	817	36	2
817	817	37	0
818	818	0	0
818	818	1	3
818	818	2	0
818	818	3	0
818	818	4	0
818	818	5	0
818	818	6	0
818	818	7	0
818	818	8	0
818	818	9	0
818	818	10	0
818	818	11	0
818	818	12	0
818	818	13	0
818	818	14	0
818	818	15	0
818	818	16	0
818	818	17	0
818	818	18	0
818	818	19	0
818	818	20	0
818	818	21	0
818	818	22	0
818	818	23	0
818	818	24	0
818	818	25	0
818	818	26	0
818	818	27	0
818	818	28	2
818	818	29	0
818	818	30	0
818	818	31	0
818	818	32	0
818	818	33	5
818	818	34	0
818	818	35	0
818	818	36	1
818	818	37	0
819	819	0	0
819	819	1	0
819	819	2	1
819	819	3	0
819	819	4	0
819	819	5	0
819	819	6	0
819	819	7	0
819	819	8	0
819	819	9	0
819	819	10	0
819	819	11	0
819	819	12	0
819	819	13	1
819	819	14	0
819	819	15	0
819	819	16	0
819	819	17	1
819	819	18	0
819	819	19	0
819	819	20	0
819	819	21	0
819	819	22	0
819	819	23	0
819	819	24	0
819	819	25	0
819	819	26	0
819	819	27	0
819	819	28	0
819	819	29	0
819	819	30	0
819	819	31	0
819	819	32	0
819	819	33	0
819	819	34	0
819	819	35	0
819	819	36	1
819	819	37	0
820	820	0	0
820	820	1	0
820	820	2	0
820	820	3	0
820	820	4	0
820	820	5	0
820	820	6	0
820	820	7	0
820	820	8	0
820	820	9	0
820	820	10	0
820	820	11	0
820	820	12	0
820	820	13	0
820	820	14	0
820	820	15	0
820	820	16	0
820	820	17	0
820	820	18	0
820	820	19	0
820	820	20	0
820	820	21	0
820	820	22	0
820	820	23	0
820	820	24	3
820	820	25	2
820	820	26	0
820	820	27	1
820	820	28	0
820	820	29	0
820	820	30	1
820	820	31	0
820	820	32	1
820	820	33	3
820	820	34	3
820	820	35	5
820	820	36	4
820	820	37	3
821	821	0	0
821	821	1	0
821	821	2	0
821	821	3	0
821	821	4	0
821	821	5	1
821	821	6	0
821	821	7	0
821	821	8	0
821	821	9	2
821	821	10	0
821	821	11	0
821	821	12	1
821	821	13	0
821	821	14	1
821	821	15	1
821	821	16	0
821	821	17	0
821	821	18	0
821	821	19	0
821	821	20	4
821	821	21	2
821	821	22	0
821	821	23	0
821	821	24	0
821	821	25	0
821	821	26	1
821	821	27	0
821	821	28	0
821	821	29	5
821	821	30	1
821	821	31	1
821	821	32	2
821	821	33	3
821	821	34	1
821	821	35	1
821	821	36	6
821	821	37	0
822	822	0	0
822	822	1	0
822	822	2	0
822	822	3	0
822	822	4	0
822	822	5	0
822	822	6	0
822	822	7	1
822	822	8	0
822	822	9	0
822	822	10	2
822	822	11	0
822	822	12	0
822	822	13	0
822	822	14	0
822	822	15	2
822	822	16	2
822	822	17	0
822	822	18	0
822	822	19	1
822	822	20	0
822	822	21	0
822	822	22	4
822	822	23	0
822	822	24	1
822	822	25	1
822	822	26	1
822	822	27	0
822	822	28	1
822	822	29	2
822	822	30	4
822	822	31	0
822	822	32	0
822	822	33	2
822	822	34	0
822	822	35	2
822	822	36	0
822	822	37	0
823	823	0	0
823	823	1	0
823	823	2	0
823	823	3	0
823	823	4	0
823	823	5	0
823	823	6	0
823	823	7	0
823	823	8	0
823	823	9	0
823	823	10	3
823	823	11	0
823	823	12	0
823	823	13	0
823	823	14	0
823	823	15	1
823	823	16	0
823	823	17	0
823	823	18	0
823	823	19	0
823	823	20	0
823	823	21	0
823	823	22	0
823	823	23	1
823	823	24	0
823	823	25	0
823	823	26	0
823	823	27	0
823	823	28	0
823	823	29	0
823	823	30	0
823	823	31	0
823	823	32	0
823	823	33	0
823	823	34	0
823	823	35	0
823	823	36	0
823	823	37	0
824	824	0	0
824	824	1	0
824	824	2	0
824	824	3	0
824	824	4	0
824	824	5	0
824	824	6	0
824	824	7	0
824	824	8	2
824	824	9	0
824	824	10	0
824	824	11	0
824	824	12	0
824	824	13	0
824	824	14	0
824	824	15	0
824	824	16	0
824	824	17	0
824	824	18	0
824	824	19	0
824	824	20	0
824	824	21	0
824	824	22	0
824	824	23	2
824	824	24	0
824	824	25	0
824	824	26	0
824	824	27	0
824	824	28	0
824	824	29	2
824	824	30	2
824	824	31	0
824	824	32	0
824	824	33	0
824	824	34	2
824	824	35	0
824	824	36	0
824	824	37	0
825	825	0	0
825	825	1	0
825	825	2	0
825	825	3	0
825	825	4	2
825	825	5	0
825	825	6	0
825	825	7	0
825	825	8	0
825	825	9	0
825	825	10	0
825	825	11	0
825	825	12	0
825	825	13	0
825	825	14	0
825	825	15	0
825	825	16	0
825	825	17	0
825	825	18	0
825	825	19	0
825	825	20	0
825	825	21	0
825	825	22	0
825	825	23	0
825	825	24	0
825	825	25	0
825	825	26	0
825	825	27	0
825	825	28	0
825	825	29	0
825	825	30	0
825	825	31	0
825	825	32	1
825	825	33	0
825	825	34	0
825	825	35	0
825	825	36	0
825	825	37	0
826	826	0	0
826	826	1	0
826	826	2	0
826	826	3	0
826	826	4	0
826	826	5	0
826	826	6	1
826	826	7	0
826	826	8	0
826	826	9	0
826	826	10	0
826	826	11	0
826	826	12	1
826	826	13	0
826	826	14	0
826	826	15	0
826	826	16	0
826	826	17	0
826	826	18	0
826	826	19	0
826	826	20	0
826	826	21	0
826	826	22	4
826	826	23	0
826	826	24	0
826	826	25	0
826	826	26	0
826	826	27	0
826	826	28	2
826	826	29	0
826	826	30	0
826	826	31	2
826	826	32	2
826	826	33	0
826	826	34	0
826	826	35	0
826	826	36	0
826	826	37	0
827	827	0	0
827	827	1	0
827	827	2	2
827	827	3	0
827	827	4	0
827	827	5	0
827	827	6	2
827	827	7	0
827	827	8	0
827	827	9	0
827	827	10	0
827	827	11	0
827	827	12	0
827	827	13	0
827	827	14	1
827	827	15	0
827	827	16	0
827	827	17	0
827	827	18	0
827	827	19	1
827	827	20	0
827	827	21	1
827	827	22	0
827	827	23	3
827	827	24	2
827	827	25	0
827	827	26	0
827	827	27	2
827	827	28	0
827	827	29	0
827	827	30	1
827	827	31	0
827	827	32	2
827	827	33	0
827	827	34	4
827	827	35	8
827	827	36	3
827	827	37	2
828	828	0	0
828	828	1	0
828	828	2	0
828	828	3	0
828	828	4	0
828	828	5	0
828	828	6	0
828	828	7	0
828	828	8	0
828	828	9	1
828	828	10	0
828	828	11	0
828	828	12	0
828	828	13	0
828	828	14	0
828	828	15	0
828	828	16	0
828	828	17	2
828	828	18	0
828	828	19	0
828	828	20	0
828	828	21	2
828	828	22	2
828	828	23	0
828	828	24	0
828	828	25	0
828	828	26	3
828	828	27	0
828	828	28	0
828	828	29	1
828	828	30	1
828	828	31	2
828	828	32	3
828	828	33	4
828	828	34	5
828	828	35	7
828	828	36	2
828	828	37	10
829	829	0	0
829	829	1	0
829	829	2	0
829	829	3	0
829	829	4	0
829	829	5	0
829	829	6	0
829	829	7	0
829	829	8	0
829	829	9	0
829	829	10	0
829	829	11	0
829	829	12	0
829	829	13	0
829	829	14	0
829	829	15	0
829	829	16	0
829	829	17	0
829	829	18	0
829	829	19	0
829	829	20	0
829	829	21	0
829	829	22	0
829	829	23	0
829	829	24	0
829	829	25	0
829	829	26	0
829	829	27	0
829	829	28	0
829	829	29	0
829	829	30	0
829	829	31	0
829	829	32	0
829	829	33	0
829	829	34	0
829	829	35	0
829	829	36	0
829	829	37	0
830	830	0	0
830	830	1	0
830	830	2	0
830	830	3	0
830	830	4	0
830	830	5	0
830	830	6	0
830	830	7	0
830	830	8	0
830	830	9	0
830	830	10	0
830	830	11	0
830	830	12	0
830	830	13	0
830	830	14	0
830	830	15	0
830	830	16	0
830	830	17	0
830	830	18	0
830	830	19	0
830	830	20	0
830	830	21	0
830	830	22	0
830	830	23	0
830	830	24	0
830	830	25	0
830	830	26	0
830	830	27	0
830	830	28	0
830	830	29	0
830	830	30	0
830	830	31	0
830	830	32	0
830	830	33	0
830	830	34	0
830	830	35	0
830	830	36	0
830	830	37	0
831	831	0	0
831	831	1	0
831	831	2	0
831	831	3	0
831	831	4	0
831	831	5	0
831	831	6	0
831	831	7	0
831	831	8	0
831	831	9	0
831	831	10	0
831	831	11	0
831	831	12	0
831	831	13	0
831	831	14	0
831	831	15	0
831	831	16	0
831	831	17	0
831	831	18	0
831	831	19	0
831	831	20	0
831	831	21	0
831	831	22	0
831	831	23	0
831	831	24	0
831	831	25	0
831	831	26	0
831	831	27	2
831	831	28	0
831	831	29	0
831	831	30	0
831	831	31	0
831	831	32	0
831	831	33	0
831	831	34	0
831	831	35	0
831	831	36	0
831	831	37	0
832	832	0	0
832	832	1	0
832	832	2	0
832	832	3	0
832	832	4	0
832	832	5	0
832	832	6	0
832	832	7	0
832	832	8	0
832	832	9	1
832	832	10	0
832	832	11	0
832	832	12	0
832	832	13	0
832	832	14	0
832	832	15	0
832	832	16	0
832	832	17	0
832	832	18	2
832	832	19	0
832	832	20	0
832	832	21	0
832	832	22	0
832	832	23	0
832	832	24	0
832	832	25	0
832	832	26	0
832	832	27	0
832	832	28	0
832	832	29	1
832	832	30	0
832	832	31	0
832	832	32	0
832	832	33	0
832	832	34	0
832	832	35	0
832	832	36	1
832	832	37	1
833	833	0	0
833	833	1	0
833	833	2	0
833	833	3	0
833	833	4	0
833	833	5	0
833	833	6	0
833	833	7	0
833	833	8	0
833	833	9	2
833	833	10	0
833	833	11	0
833	833	12	0
833	833	13	0
833	833	14	3
833	833	15	0
833	833	16	0
833	833	17	0
833	833	18	0
833	833	19	2
833	833	20	3
833	833	21	0
833	833	22	0
833	833	23	0
833	833	24	1
833	833	25	0
833	833	26	2
833	833	27	3
833	833	28	1
833	833	29	2
833	833	30	0
833	833	31	1
833	833	32	1
833	833	33	2
833	833	34	0
833	833	35	1
833	833	36	0
833	833	37	3
834	834	0	0
834	834	1	0
834	834	2	2
834	834	3	0
834	834	4	0
834	834	5	0
834	834	6	1
834	834	7	0
834	834	8	0
834	834	9	0
834	834	10	0
834	834	11	0
834	834	12	0
834	834	13	0
834	834	14	0
834	834	15	1
834	834	16	0
834	834	17	0
834	834	18	0
834	834	19	6
834	834	20	0
834	834	21	1
834	834	22	0
834	834	23	0
834	834	24	2
834	834	25	0
834	834	26	1
834	834	27	0
834	834	28	4
834	834	29	0
834	834	30	0
834	834	31	1
834	834	32	0
834	834	33	0
834	834	34	0
834	834	35	1
834	834	36	0
834	834	37	1
835	835	0	0
835	835	1	0
835	835	2	1
835	835	3	1
835	835	4	0
835	835	5	0
835	835	6	0
835	835	7	0
835	835	8	0
835	835	9	0
835	835	10	0
835	835	11	0
835	835	12	0
835	835	13	0
835	835	14	0
835	835	15	0
835	835	16	0
835	835	17	0
835	835	18	0
835	835	19	0
835	835	20	0
835	835	21	0
835	835	22	0
835	835	23	0
835	835	24	0
835	835	25	2
835	835	26	0
835	835	27	0
835	835	28	1
835	835	29	2
835	835	30	1
835	835	31	1
835	835	32	0
835	835	33	0
835	835	34	2
835	835	35	0
835	835	36	0
835	835	37	0
836	836	0	0
836	836	1	0
836	836	2	0
836	836	3	0
836	836	4	0
836	836	5	0
836	836	6	0
836	836	7	0
836	836	8	0
836	836	9	0
836	836	10	0
836	836	11	0
836	836	12	0
836	836	13	0
836	836	14	0
836	836	15	0
836	836	16	0
836	836	17	0
836	836	18	0
836	836	19	0
836	836	20	0
836	836	21	0
836	836	22	0
836	836	23	0
836	836	24	0
836	836	25	0
836	836	26	0
836	836	27	0
836	836	28	0
836	836	29	0
836	836	30	0
836	836	31	0
836	836	32	0
836	836	33	0
836	836	34	0
836	836	35	0
836	836	36	0
836	836	37	0
837	837	0	0
837	837	1	0
837	837	2	0
837	837	3	0
837	837	4	2
837	837	5	0
837	837	6	0
837	837	7	0
837	837	8	1
837	837	9	3
837	837	10	0
837	837	11	0
837	837	12	0
837	837	13	1
837	837	14	0
837	837	15	0
837	837	16	1
837	837	17	3
837	837	18	0
837	837	19	0
837	837	20	2
837	837	21	2
837	837	22	0
837	837	23	2
837	837	24	0
837	837	25	0
837	837	26	5
837	837	27	1
837	837	28	6
837	837	29	2
837	837	30	0
837	837	31	5
837	837	32	1
837	837	33	0
837	837	34	3
837	837	35	9
837	837	36	3
837	837	37	4
838	838	0	0
838	838	1	0
838	838	2	0
838	838	3	0
838	838	4	0
838	838	5	0
838	838	6	1
838	838	7	0
838	838	8	0
838	838	9	0
838	838	10	0
838	838	11	0
838	838	12	0
838	838	13	0
838	838	14	1
838	838	15	0
838	838	16	0
838	838	17	4
838	838	18	2
838	838	19	1
838	838	20	0
838	838	21	0
838	838	22	0
838	838	23	0
838	838	24	0
838	838	25	1
838	838	26	0
838	838	27	0
838	838	28	0
838	838	29	0
838	838	30	0
838	838	31	0
838	838	32	0
838	838	33	0
838	838	34	0
838	838	35	0
838	838	36	0
838	838	37	2
839	839	0	0
839	839	1	0
839	839	2	0
839	839	3	0
839	839	4	0
839	839	5	0
839	839	6	0
839	839	7	0
839	839	8	0
839	839	9	3
839	839	10	0
839	839	11	0
839	839	12	4
839	839	13	0
839	839	14	0
839	839	15	0
839	839	16	0
839	839	17	0
839	839	18	0
839	839	19	0
839	839	20	0
839	839	21	1
839	839	22	0
839	839	23	0
839	839	24	0
839	839	25	0
839	839	26	2
839	839	27	0
839	839	28	2
839	839	29	2
839	839	30	0
839	839	31	0
839	839	32	0
839	839	33	0
839	839	34	0
839	839	35	0
839	839	36	5
839	839	37	0
840	840	0	0
840	840	1	0
840	840	2	4
840	840	3	0
840	840	4	0
840	840	5	1
840	840	6	0
840	840	7	0
840	840	8	0
840	840	9	0
840	840	10	0
840	840	11	0
840	840	12	0
840	840	13	0
840	840	14	0
840	840	15	0
840	840	16	0
840	840	17	0
840	840	18	0
840	840	19	0
840	840	20	0
840	840	21	0
840	840	22	0
840	840	23	0
840	840	24	0
840	840	25	0
840	840	26	0
840	840	27	0
840	840	28	0
840	840	29	1
840	840	30	0
840	840	31	0
840	840	32	0
840	840	33	0
840	840	34	0
840	840	35	0
840	840	36	0
840	840	37	0
841	841	0	0
841	841	1	0
841	841	2	0
841	841	3	0
841	841	4	1
841	841	5	0
841	841	6	0
841	841	7	0
841	841	8	0
841	841	9	0
841	841	10	0
841	841	11	0
841	841	12	0
841	841	13	0
841	841	14	0
841	841	15	0
841	841	16	0
841	841	17	1
841	841	18	0
841	841	19	0
841	841	20	2
841	841	21	1
841	841	22	0
841	841	23	0
841	841	24	0
841	841	25	0
841	841	26	0
841	841	27	0
841	841	28	0
841	841	29	0
841	841	30	0
841	841	31	0
841	841	32	0
841	841	33	0
841	841	34	0
841	841	35	0
841	841	36	0
841	841	37	0
842	842	0	0
842	842	1	0
842	842	2	1
842	842	3	0
842	842	4	0
842	842	5	0
842	842	6	0
842	842	7	0
842	842	8	0
842	842	9	0
842	842	10	0
842	842	11	0
842	842	12	0
842	842	13	0
842	842	14	0
842	842	15	0
842	842	16	0
842	842	17	0
842	842	18	0
842	842	19	0
842	842	20	0
842	842	21	0
842	842	22	0
842	842	23	0
842	842	24	0
842	842	25	0
842	842	26	0
842	842	27	0
842	842	28	0
842	842	29	0
842	842	30	0
842	842	31	0
842	842	32	0
842	842	33	3
842	842	34	0
842	842	35	2
842	842	36	0
842	842	37	0
843	843	0	0
843	843	1	0
843	843	2	0
843	843	3	0
843	843	4	0
843	843	5	0
843	843	6	0
843	843	7	0
843	843	8	0
843	843	9	0
843	843	10	0
843	843	11	0
843	843	12	0
843	843	13	0
843	843	14	0
843	843	15	0
843	843	16	0
843	843	17	0
843	843	18	0
843	843	19	0
843	843	20	0
843	843	21	0
843	843	22	0
843	843	23	0
843	843	24	0
843	843	25	0
843	843	26	0
843	843	27	0
843	843	28	0
843	843	29	0
843	843	30	0
843	843	31	0
843	843	32	0
843	843	33	0
843	843	34	0
843	843	35	0
843	843	36	0
843	843	37	1
844	844	0	0
844	844	1	0
844	844	2	0
844	844	3	0
844	844	4	0
844	844	5	0
844	844	6	0
844	844	7	0
844	844	8	0
844	844	9	0
844	844	10	0
844	844	11	0
844	844	12	0
844	844	13	0
844	844	14	0
844	844	15	0
844	844	16	1
844	844	17	0
844	844	18	0
844	844	19	0
844	844	20	0
844	844	21	0
844	844	22	0
844	844	23	0
844	844	24	0
844	844	25	3
844	844	26	0
844	844	27	0
844	844	28	0
844	844	29	0
844	844	30	0
844	844	31	0
844	844	32	0
844	844	33	0
844	844	34	0
844	844	35	0
844	844	36	0
844	844	37	0
845	845	0	0
845	845	1	0
845	845	2	0
845	845	3	1
845	845	4	0
845	845	5	0
845	845	6	0
845	845	7	0
845	845	8	0
845	845	9	0
845	845	10	0
845	845	11	0
845	845	12	0
845	845	13	0
845	845	14	0
845	845	15	0
845	845	16	0
845	845	17	0
845	845	18	0
845	845	19	0
845	845	20	0
845	845	21	0
845	845	22	0
845	845	23	0
845	845	24	0
845	845	25	0
845	845	26	0
845	845	27	0
845	845	28	0
845	845	29	0
845	845	30	0
845	845	31	0
845	845	32	0
845	845	33	0
845	845	34	0
845	845	35	0
845	845	36	0
845	845	37	0
846	846	0	0
846	846	1	1
846	846	2	0
846	846	3	0
846	846	4	0
846	846	5	0
846	846	6	0
846	846	7	0
846	846	8	2
846	846	9	0
846	846	10	0
846	846	11	0
846	846	12	0
846	846	13	0
846	846	14	0
846	846	15	1
846	846	16	0
846	846	17	0
846	846	18	0
846	846	19	1
846	846	20	0
846	846	21	0
846	846	22	0
846	846	23	0
846	846	24	0
846	846	25	2
846	846	26	1
846	846	27	0
846	846	28	0
846	846	29	0
846	846	30	0
846	846	31	0
846	846	32	0
846	846	33	2
846	846	34	0
846	846	35	0
846	846	36	2
846	846	37	0
847	847	0	0
847	847	1	3
847	847	2	0
847	847	3	0
847	847	4	0
847	847	5	0
847	847	6	1
847	847	7	0
847	847	8	1
847	847	9	0
847	847	10	0
847	847	11	0
847	847	12	0
847	847	13	0
847	847	14	0
847	847	15	0
847	847	16	2
847	847	17	0
847	847	18	0
847	847	19	1
847	847	20	0
847	847	21	2
847	847	22	0
847	847	23	0
847	847	24	0
847	847	25	0
847	847	26	7
847	847	27	0
847	847	28	0
847	847	29	0
847	847	30	0
847	847	31	0
847	847	32	0
847	847	33	0
847	847	34	0
847	847	35	0
847	847	36	0
847	847	37	0
848	848	0	0
848	848	1	0
848	848	2	0
848	848	3	0
848	848	4	0
848	848	5	0
848	848	6	0
848	848	7	0
848	848	8	0
848	848	9	0
848	848	10	0
848	848	11	1
848	848	12	0
848	848	13	0
848	848	14	0
848	848	15	0
848	848	16	0
848	848	17	0
848	848	18	0
848	848	19	1
848	848	20	0
848	848	21	1
848	848	22	0
848	848	23	0
848	848	24	0
848	848	25	1
848	848	26	1
848	848	27	0
848	848	28	0
848	848	29	0
848	848	30	3
848	848	31	0
848	848	32	0
848	848	33	2
848	848	34	0
848	848	35	4
848	848	36	1
848	848	37	0
849	849	0	0
849	849	1	0
849	849	2	3
849	849	3	0
849	849	4	0
849	849	5	0
849	849	6	0
849	849	7	1
849	849	8	0
849	849	9	0
849	849	10	0
849	849	11	0
849	849	12	0
849	849	13	0
849	849	14	2
849	849	15	3
849	849	16	0
849	849	17	0
849	849	18	0
849	849	19	4
849	849	20	0
849	849	21	0
849	849	22	0
849	849	23	0
849	849	24	0
849	849	25	0
849	849	26	1
849	849	27	0
849	849	28	1
849	849	29	0
849	849	30	0
849	849	31	0
849	849	32	0
849	849	33	0
849	849	34	0
849	849	35	0
849	849	36	1
849	849	37	0
850	850	0	0
850	850	1	0
850	850	2	0
850	850	3	0
850	850	4	0
850	850	5	0
850	850	6	0
850	850	7	0
850	850	8	0
850	850	9	0
850	850	10	0
850	850	11	0
850	850	12	0
850	850	13	0
850	850	14	0
850	850	15	0
850	850	16	0
850	850	17	0
850	850	18	0
850	850	19	1
850	850	20	0
850	850	21	0
850	850	22	0
850	850	23	0
850	850	24	0
850	850	25	0
850	850	26	0
850	850	27	0
850	850	28	0
850	850	29	0
850	850	30	0
850	850	31	0
850	850	32	0
850	850	33	0
850	850	34	0
850	850	35	0
850	850	36	0
850	850	37	0
851	851	0	0
851	851	1	0
851	851	2	0
851	851	3	0
851	851	4	0
851	851	5	1
851	851	6	0
851	851	7	0
851	851	8	0
851	851	9	0
851	851	10	0
851	851	11	0
851	851	12	0
851	851	13	0
851	851	14	0
851	851	15	0
851	851	16	0
851	851	17	0
851	851	18	0
851	851	19	0
851	851	20	0
851	851	21	0
851	851	22	0
851	851	23	0
851	851	24	0
851	851	25	0
851	851	26	0
851	851	27	0
851	851	28	0
851	851	29	0
851	851	30	0
851	851	31	0
851	851	32	0
851	851	33	0
851	851	34	0
851	851	35	0
851	851	36	0
851	851	37	0
852	852	0	0
852	852	1	0
852	852	2	0
852	852	3	0
852	852	4	0
852	852	5	0
852	852	6	0
852	852	7	0
852	852	8	0
852	852	9	0
852	852	10	0
852	852	11	0
852	852	12	0
852	852	13	0
852	852	14	0
852	852	15	0
852	852	16	0
852	852	17	0
852	852	18	0
852	852	19	0
852	852	20	0
852	852	21	0
852	852	22	0
852	852	23	0
852	852	24	0
852	852	25	0
852	852	26	0
852	852	27	0
852	852	28	1
852	852	29	0
852	852	30	0
852	852	31	1
852	852	32	0
852	852	33	0
852	852	34	0
852	852	35	0
852	852	36	0
852	852	37	0
853	853	0	0
853	853	1	0
853	853	2	0
853	853	3	0
853	853	4	0
853	853	5	5
853	853	6	0
853	853	7	0
853	853	8	0
853	853	9	0
853	853	10	0
853	853	11	0
853	853	12	0
853	853	13	0
853	853	14	0
853	853	15	0
853	853	16	0
853	853	17	0
853	853	18	0
853	853	19	0
853	853	20	0
853	853	21	0
853	853	22	0
853	853	23	0
853	853	24	1
853	853	25	0
853	853	26	0
853	853	27	2
853	853	28	3
853	853	29	0
853	853	30	0
853	853	31	0
853	853	32	0
853	853	33	1
853	853	34	0
853	853	35	0
853	853	36	2
853	853	37	3
854	854	0	0
854	854	1	0
854	854	2	0
854	854	3	0
854	854	4	0
854	854	5	0
854	854	6	0
854	854	7	0
854	854	8	4
854	854	9	0
854	854	10	0
854	854	11	1
854	854	12	0
854	854	13	0
854	854	14	0
854	854	15	0
854	854	16	0
854	854	17	0
854	854	18	0
854	854	19	1
854	854	20	0
854	854	21	0
854	854	22	0
854	854	23	2
854	854	24	0
854	854	25	0
854	854	26	0
854	854	27	2
854	854	28	0
854	854	29	0
854	854	30	1
854	854	31	1
854	854	32	0
854	854	33	0
854	854	34	0
854	854	35	0
854	854	36	1
854	854	37	4
855	855	0	0
855	855	1	0
855	855	2	0
855	855	3	0
855	855	4	2
855	855	5	0
855	855	6	0
855	855	7	0
855	855	8	0
855	855	9	0
855	855	10	0
855	855	11	0
855	855	12	0
855	855	13	0
855	855	14	0
855	855	15	0
855	855	16	0
855	855	17	0
855	855	18	0
855	855	19	0
855	855	20	0
855	855	21	0
855	855	22	0
855	855	23	0
855	855	24	0
855	855	25	0
855	855	26	1
855	855	27	0
855	855	28	0
855	855	29	0
855	855	30	0
855	855	31	0
855	855	32	0
855	855	33	0
855	855	34	0
855	855	35	0
855	855	36	0
855	855	37	0
856	856	0	0
856	856	1	0
856	856	2	5
856	856	3	0
856	856	4	1
856	856	5	0
856	856	6	0
856	856	7	1
856	856	8	0
856	856	9	0
856	856	10	0
856	856	11	0
856	856	12	0
856	856	13	0
856	856	14	0
856	856	15	0
856	856	16	0
856	856	17	0
856	856	18	3
856	856	19	0
856	856	20	0
856	856	21	1
856	856	22	0
856	856	23	1
856	856	24	0
856	856	25	0
856	856	26	2
856	856	27	2
856	856	28	1
856	856	29	0
856	856	30	0
856	856	31	0
856	856	32	0
856	856	33	0
856	856	34	2
856	856	35	3
856	856	36	1
856	856	37	2
857	857	0	0
857	857	1	0
857	857	2	1
857	857	3	0
857	857	4	0
857	857	5	0
857	857	6	0
857	857	7	0
857	857	8	0
857	857	9	0
857	857	10	0
857	857	11	0
857	857	12	0
857	857	13	0
857	857	14	0
857	857	15	0
857	857	16	0
857	857	17	0
857	857	18	0
857	857	19	0
857	857	20	0
857	857	21	0
857	857	22	0
857	857	23	0
857	857	24	0
857	857	25	0
857	857	26	0
857	857	27	0
857	857	28	0
857	857	29	0
857	857	30	0
857	857	31	0
857	857	32	0
857	857	33	0
857	857	34	0
857	857	35	0
857	857	36	0
857	857	37	0
858	858	0	0
858	858	1	0
858	858	2	0
858	858	3	2
858	858	4	0
858	858	5	0
858	858	6	0
858	858	7	0
858	858	8	0
858	858	9	0
858	858	10	0
858	858	11	0
858	858	12	0
858	858	13	0
858	858	14	0
858	858	15	0
858	858	16	0
858	858	17	0
858	858	18	0
858	858	19	0
858	858	20	0
858	858	21	0
858	858	22	0
858	858	23	0
858	858	24	0
858	858	25	0
858	858	26	0
858	858	27	0
858	858	28	0
858	858	29	0
858	858	30	0
858	858	31	0
858	858	32	0
858	858	33	0
858	858	34	0
858	858	35	0
858	858	36	0
858	858	37	0
859	859	0	0
859	859	1	0
859	859	2	0
859	859	3	0
859	859	4	0
859	859	5	0
859	859	6	0
859	859	7	0
859	859	8	0
859	859	9	0
859	859	10	0
859	859	11	0
859	859	12	0
859	859	13	0
859	859	14	0
859	859	15	0
859	859	16	0
859	859	17	0
859	859	18	0
859	859	19	0
859	859	20	0
859	859	21	0
859	859	22	0
859	859	23	0
859	859	24	0
859	859	25	0
859	859	26	0
859	859	27	0
859	859	28	0
859	859	29	0
859	859	30	0
859	859	31	0
859	859	32	0
859	859	33	0
859	859	34	0
859	859	35	0
859	859	36	0
859	859	37	0
860	860	0	0
860	860	1	0
860	860	2	0
860	860	3	0
860	860	4	0
860	860	5	0
860	860	6	0
860	860	7	0
860	860	8	0
860	860	9	0
860	860	10	0
860	860	11	0
860	860	12	0
860	860	13	0
860	860	14	0
860	860	15	0
860	860	16	0
860	860	17	0
860	860	18	0
860	860	19	0
860	860	20	0
860	860	21	0
860	860	22	0
860	860	23	0
860	860	24	0
860	860	25	0
860	860	26	0
860	860	27	1
860	860	28	0
860	860	29	0
860	860	30	0
860	860	31	0
860	860	32	0
860	860	33	0
860	860	34	0
860	860	35	0
860	860	36	0
860	860	37	0
861	861	0	0
861	861	1	1
861	861	2	0
861	861	3	0
861	861	4	0
861	861	5	0
861	861	6	0
861	861	7	0
861	861	8	0
861	861	9	0
861	861	10	0
861	861	11	0
861	861	12	0
861	861	13	0
861	861	14	0
861	861	15	0
861	861	16	0
861	861	17	0
861	861	18	0
861	861	19	0
861	861	20	0
861	861	21	0
861	861	22	0
861	861	23	0
861	861	24	0
861	861	25	0
861	861	26	0
861	861	27	0
861	861	28	0
861	861	29	0
861	861	30	0
861	861	31	0
861	861	32	0
861	861	33	0
861	861	34	0
861	861	35	0
861	861	36	0
861	861	37	0
862	862	0	0
862	862	1	0
862	862	2	0
862	862	3	0
862	862	4	1
862	862	5	0
862	862	6	0
862	862	7	0
862	862	8	0
862	862	9	0
862	862	10	0
862	862	11	0
862	862	12	0
862	862	13	0
862	862	14	1
862	862	15	0
862	862	16	0
862	862	17	0
862	862	18	1
862	862	19	0
862	862	20	0
862	862	21	0
862	862	22	0
862	862	23	0
862	862	24	0
862	862	25	0
862	862	26	0
862	862	27	1
862	862	28	0
862	862	29	0
862	862	30	0
862	862	31	0
862	862	32	0
862	862	33	0
862	862	34	0
862	862	35	0
862	862	36	0
862	862	37	0
863	863	0	0
863	863	1	0
863	863	2	0
863	863	3	0
863	863	4	0
863	863	5	0
863	863	6	2
863	863	7	0
863	863	8	5
863	863	9	0
863	863	10	1
863	863	11	1
863	863	12	0
863	863	13	0
863	863	14	3
863	863	15	1
863	863	16	1
863	863	17	0
863	863	18	2
863	863	19	0
863	863	20	0
863	863	21	1
863	863	22	1
863	863	23	0
863	863	24	0
863	863	25	0
863	863	26	0
863	863	27	0
863	863	28	0
863	863	29	1
863	863	30	0
863	863	31	1
863	863	32	0
863	863	33	0
863	863	34	0
863	863	35	1
863	863	36	0
863	863	37	0
864	864	0	0
864	864	1	0
864	864	2	0
864	864	3	0
864	864	4	1
864	864	5	0
864	864	6	0
864	864	7	0
864	864	8	0
864	864	9	0
864	864	10	0
864	864	11	0
864	864	12	3
864	864	13	0
864	864	14	0
864	864	15	0
864	864	16	0
864	864	17	4
864	864	18	0
864	864	19	0
864	864	20	0
864	864	21	0
864	864	22	0
864	864	23	0
864	864	24	0
864	864	25	0
864	864	26	0
864	864	27	0
864	864	28	0
864	864	29	1
864	864	30	3
864	864	31	0
864	864	32	0
864	864	33	0
864	864	34	1
864	864	35	3
864	864	36	0
864	864	37	0
865	865	0	0
865	865	1	0
865	865	2	0
865	865	3	2
865	865	4	0
865	865	5	0
865	865	6	0
865	865	7	0
865	865	8	0
865	865	9	2
865	865	10	0
865	865	11	0
865	865	12	0
865	865	13	0
865	865	14	0
865	865	15	0
865	865	16	1
865	865	17	1
865	865	18	0
865	865	19	0
865	865	20	0
865	865	21	0
865	865	22	5
865	865	23	5
865	865	24	6
865	865	25	1
865	865	26	0
865	865	27	1
865	865	28	2
865	865	29	0
865	865	30	0
865	865	31	4
865	865	32	0
865	865	33	0
865	865	34	2
865	865	35	5
865	865	36	6
865	865	37	7
866	866	0	0
866	866	1	0
866	866	2	0
866	866	3	0
866	866	4	4
866	866	5	0
866	866	6	0
866	866	7	0
866	866	8	0
866	866	9	0
866	866	10	2
866	866	11	0
866	866	12	0
866	866	13	0
866	866	14	0
866	866	15	0
866	866	16	0
866	866	17	1
866	866	18	1
866	866	19	0
866	866	20	1
866	866	21	0
866	866	22	1
866	866	23	0
866	866	24	0
866	866	25	0
866	866	26	0
866	866	27	0
866	866	28	3
866	866	29	0
866	866	30	1
866	866	31	0
866	866	32	0
866	866	33	4
866	866	34	0
866	866	35	1
866	866	36	2
866	866	37	0
867	867	0	0
867	867	1	4
867	867	2	0
867	867	3	0
867	867	4	0
867	867	5	0
867	867	6	0
867	867	7	0
867	867	8	0
867	867	9	0
867	867	10	0
867	867	11	2
867	867	12	0
867	867	13	0
867	867	14	0
867	867	15	0
867	867	16	2
867	867	17	0
867	867	18	1
867	867	19	0
867	867	20	4
867	867	21	0
867	867	22	0
867	867	23	0
867	867	24	0
867	867	25	0
867	867	26	1
867	867	27	0
867	867	28	1
867	867	29	2
867	867	30	0
867	867	31	0
867	867	32	1
867	867	33	0
867	867	34	3
867	867	35	4
867	867	36	2
867	867	37	6
868	868	0	0
868	868	1	1
868	868	2	0
868	868	3	0
868	868	4	0
868	868	5	0
868	868	6	0
868	868	7	0
868	868	8	0
868	868	9	0
868	868	10	0
868	868	11	0
868	868	12	0
868	868	13	0
868	868	14	0
868	868	15	0
868	868	16	2
868	868	17	2
868	868	18	1
868	868	19	0
868	868	20	0
868	868	21	0
868	868	22	0
868	868	23	0
868	868	24	2
868	868	25	2
868	868	26	1
868	868	27	0
868	868	28	1
868	868	29	0
868	868	30	0
868	868	31	2
868	868	32	0
868	868	33	4
868	868	34	0
868	868	35	2
868	868	36	0
868	868	37	1
869	869	0	0
869	869	1	0
869	869	2	0
869	869	3	0
869	869	4	0
869	869	5	0
869	869	6	1
869	869	7	1
869	869	8	2
869	869	9	0
869	869	10	0
869	869	11	0
869	869	12	0
869	869	13	0
869	869	14	0
869	869	15	0
869	869	16	0
869	869	17	0
869	869	18	1
869	869	19	0
869	869	20	0
869	869	21	0
869	869	22	0
869	869	23	1
869	869	24	0
869	869	25	0
869	869	26	0
869	869	27	1
869	869	28	0
869	869	29	3
869	869	30	1
869	869	31	0
869	869	32	2
869	869	33	2
869	869	34	1
869	869	35	0
869	869	36	0
869	869	37	3
870	870	0	0
870	870	1	1
870	870	2	0
870	870	3	3
870	870	4	0
870	870	5	0
870	870	6	0
870	870	7	0
870	870	8	0
870	870	9	0
870	870	10	0
870	870	11	0
870	870	12	0
870	870	13	0
870	870	14	0
870	870	15	0
870	870	16	0
870	870	17	0
870	870	18	0
870	870	19	0
870	870	20	0
870	870	21	2
870	870	22	1
870	870	23	0
870	870	24	0
870	870	25	0
870	870	26	0
870	870	27	0
870	870	28	0
870	870	29	1
870	870	30	0
870	870	31	1
870	870	32	0
870	870	33	0
870	870	34	0
870	870	35	0
870	870	36	1
870	870	37	0
871	871	0	0
871	871	1	0
871	871	2	0
871	871	3	0
871	871	4	0
871	871	5	0
871	871	6	0
871	871	7	0
871	871	8	0
871	871	9	1
871	871	10	0
871	871	11	1
871	871	12	0
871	871	13	0
871	871	14	0
871	871	15	0
871	871	16	0
871	871	17	0
871	871	18	0
871	871	19	1
871	871	20	7
871	871	21	0
871	871	22	2
871	871	23	0
871	871	24	0
871	871	25	0
871	871	26	1
871	871	27	2
871	871	28	3
871	871	29	4
871	871	30	3
871	871	31	0
871	871	32	1
871	871	33	0
871	871	34	4
871	871	35	0
871	871	36	0
871	871	37	0
872	872	0	0
872	872	1	0
872	872	2	0
872	872	3	1
872	872	4	0
872	872	5	1
872	872	6	0
872	872	7	0
872	872	8	0
872	872	9	1
872	872	10	0
872	872	11	0
872	872	12	0
872	872	13	1
872	872	14	0
872	872	15	0
872	872	16	0
872	872	17	0
872	872	18	1
872	872	19	0
872	872	20	0
872	872	21	1
872	872	22	0
872	872	23	0
872	872	24	1
872	872	25	0
872	872	26	0
872	872	27	1
872	872	28	0
872	872	29	0
872	872	30	0
872	872	31	0
872	872	32	0
872	872	33	1
872	872	34	1
872	872	35	0
872	872	36	1
872	872	37	0
873	873	0	0
873	873	1	3
873	873	2	0
873	873	3	0
873	873	4	0
873	873	5	0
873	873	6	1
873	873	7	0
873	873	8	0
873	873	9	0
873	873	10	3
873	873	11	0
873	873	12	0
873	873	13	0
873	873	14	0
873	873	15	0
873	873	16	0
873	873	17	0
873	873	18	0
873	873	19	0
873	873	20	0
873	873	21	0
873	873	22	0
873	873	23	0
873	873	24	0
873	873	25	0
873	873	26	0
873	873	27	0
873	873	28	0
873	873	29	2
873	873	30	0
873	873	31	0
873	873	32	0
873	873	33	0
873	873	34	0
873	873	35	0
873	873	36	0
873	873	37	0
874	874	0	0
874	874	1	0
874	874	2	0
874	874	3	1
874	874	4	0
874	874	5	0
874	874	6	1
874	874	7	0
874	874	8	2
874	874	9	0
874	874	10	0
874	874	11	0
874	874	12	1
874	874	13	0
874	874	14	0
874	874	15	5
874	874	16	0
874	874	17	0
874	874	18	1
874	874	19	0
874	874	20	2
874	874	21	0
874	874	22	0
874	874	23	0
874	874	24	0
874	874	25	1
874	874	26	7
874	874	27	2
874	874	28	0
874	874	29	0
874	874	30	4
874	874	31	0
874	874	32	0
874	874	33	1
874	874	34	0
874	874	35	1
874	874	36	1
874	874	37	0
875	875	0	0
875	875	1	1
875	875	2	0
875	875	3	0
875	875	4	0
875	875	5	1
875	875	6	0
875	875	7	0
875	875	8	0
875	875	9	0
875	875	10	2
875	875	11	1
875	875	12	0
875	875	13	0
875	875	14	0
875	875	15	0
875	875	16	0
875	875	17	0
875	875	18	1
875	875	19	0
875	875	20	0
875	875	21	3
875	875	22	3
875	875	23	0
875	875	24	3
875	875	25	2
875	875	26	0
875	875	27	3
875	875	28	0
875	875	29	6
875	875	30	0
875	875	31	1
875	875	32	2
875	875	33	0
875	875	34	3
875	875	35	5
875	875	36	2
875	875	37	5
876	876	0	0
876	876	1	0
876	876	2	1
876	876	3	0
876	876	4	1
876	876	5	0
876	876	6	0
876	876	7	1
876	876	8	0
876	876	9	0
876	876	10	0
876	876	11	0
876	876	12	0
876	876	13	0
876	876	14	1
876	876	15	0
876	876	16	0
876	876	17	0
876	876	18	0
876	876	19	1
876	876	20	0
876	876	21	0
876	876	22	4
876	876	23	3
876	876	24	0
876	876	25	0
876	876	26	1
876	876	27	0
876	876	28	0
876	876	29	0
876	876	30	1
876	876	31	0
876	876	32	0
876	876	33	0
876	876	34	2
876	876	35	0
876	876	36	0
876	876	37	1
877	877	0	0
877	877	1	0
877	877	2	0
877	877	3	0
877	877	4	0
877	877	5	0
877	877	6	0
877	877	7	0
877	877	8	1
877	877	9	0
877	877	10	0
877	877	11	0
877	877	12	0
877	877	13	5
877	877	14	0
877	877	15	0
877	877	16	3
877	877	17	0
877	877	18	0
877	877	19	2
877	877	20	3
877	877	21	2
877	877	22	0
877	877	23	1
877	877	24	2
877	877	25	5
877	877	26	1
877	877	27	0
877	877	28	4
877	877	29	7
877	877	30	5
877	877	31	2
877	877	32	3
877	877	33	8
877	877	34	2
877	877	35	5
877	877	36	6
877	877	37	2
878	878	0	0
878	878	1	0
878	878	2	0
878	878	3	0
878	878	4	0
878	878	5	0
878	878	6	0
878	878	7	0
878	878	8	6
878	878	9	0
878	878	10	1
878	878	11	0
878	878	12	0
878	878	13	0
878	878	14	6
878	878	15	2
878	878	16	1
878	878	17	0
878	878	18	0
878	878	19	0
878	878	20	0
878	878	21	5
878	878	22	3
878	878	23	1
878	878	24	0
878	878	25	1
878	878	26	1
878	878	27	5
878	878	28	1
878	878	29	3
878	878	30	4
878	878	31	5
878	878	32	1
878	878	33	8
878	878	34	0
878	878	35	3
878	878	36	1
878	878	37	5
879	879	0	0
879	879	1	0
879	879	2	0
879	879	3	0
879	879	4	1
879	879	5	0
879	879	6	2
879	879	7	0
879	879	8	0
879	879	9	0
879	879	10	0
879	879	11	0
879	879	12	0
879	879	13	2
879	879	14	0
879	879	15	0
879	879	16	0
879	879	17	2
879	879	18	0
879	879	19	0
879	879	20	0
879	879	21	0
879	879	22	0
879	879	23	0
879	879	24	0
879	879	25	0
879	879	26	0
879	879	27	1
879	879	28	0
879	879	29	0
879	879	30	1
879	879	31	2
879	879	32	3
879	879	33	0
879	879	34	1
879	879	35	0
879	879	36	2
879	879	37	0
880	880	0	0
880	880	1	0
880	880	2	0
880	880	3	0
880	880	4	0
880	880	5	0
880	880	6	0
880	880	7	0
880	880	8	0
880	880	9	0
880	880	10	0
880	880	11	0
880	880	12	0
880	880	13	0
880	880	14	0
880	880	15	0
880	880	16	0
880	880	17	0
880	880	18	0
880	880	19	0
880	880	20	0
880	880	21	0
880	880	22	0
880	880	23	0
880	880	24	0
880	880	25	0
880	880	26	0
880	880	27	0
880	880	28	0
880	880	29	0
880	880	30	0
880	880	31	0
880	880	32	0
880	880	33	0
880	880	34	0
880	880	35	0
880	880	36	0
880	880	37	0
881	881	0	0
881	881	1	0
881	881	2	0
881	881	3	3
881	881	4	0
881	881	5	0
881	881	6	0
881	881	7	0
881	881	8	0
881	881	9	4
881	881	10	0
881	881	11	0
881	881	12	0
881	881	13	0
881	881	14	0
881	881	15	0
881	881	16	0
881	881	17	0
881	881	18	0
881	881	19	0
881	881	20	0
881	881	21	0
881	881	22	0
881	881	23	0
881	881	24	0
881	881	25	0
881	881	26	1
881	881	27	0
881	881	28	0
881	881	29	2
881	881	30	1
881	881	31	3
881	881	32	0
881	881	33	0
881	881	34	0
881	881	35	1
881	881	36	0
881	881	37	0
882	882	0	0
882	882	1	1
882	882	2	0
882	882	3	0
882	882	4	0
882	882	5	0
882	882	6	3
882	882	7	0
882	882	8	0
882	882	9	0
882	882	10	1
882	882	11	0
882	882	12	0
882	882	13	0
882	882	14	1
882	882	15	0
882	882	16	0
882	882	17	0
882	882	18	0
882	882	19	2
882	882	20	0
882	882	21	5
882	882	22	1
882	882	23	0
882	882	24	0
882	882	25	0
882	882	26	0
882	882	27	0
882	882	28	0
882	882	29	2
882	882	30	1
882	882	31	0
882	882	32	3
882	882	33	1
882	882	34	1
882	882	35	0
882	882	36	1
882	882	37	0
883	883	0	0
883	883	1	0
883	883	2	0
883	883	3	0
883	883	4	2
883	883	5	0
883	883	6	0
883	883	7	0
883	883	8	0
883	883	9	0
883	883	10	0
883	883	11	0
883	883	12	0
883	883	13	0
883	883	14	0
883	883	15	0
883	883	16	0
883	883	17	0
883	883	18	0
883	883	19	0
883	883	20	0
883	883	21	0
883	883	22	0
883	883	23	0
883	883	24	0
883	883	25	0
883	883	26	0
883	883	27	0
883	883	28	0
883	883	29	0
883	883	30	0
883	883	31	0
883	883	32	0
883	883	33	0
883	883	34	0
883	883	35	0
883	883	36	0
883	883	37	0
884	884	0	0
884	884	1	1
884	884	2	0
884	884	3	0
884	884	4	0
884	884	5	0
884	884	6	0
884	884	7	0
884	884	8	0
884	884	9	0
884	884	10	0
884	884	11	0
884	884	12	0
884	884	13	0
884	884	14	1
884	884	15	0
884	884	16	0
884	884	17	0
884	884	18	0
884	884	19	1
884	884	20	0
884	884	21	0
884	884	22	0
884	884	23	0
884	884	24	3
884	884	25	0
884	884	26	0
884	884	27	0
884	884	28	0
884	884	29	0
884	884	30	0
884	884	31	0
884	884	32	0
884	884	33	0
884	884	34	1
884	884	35	0
884	884	36	0
884	884	37	0
885	885	0	0
885	885	1	0
885	885	2	0
885	885	3	0
885	885	4	0
885	885	5	1
885	885	6	0
885	885	7	0
885	885	8	0
885	885	9	0
885	885	10	0
885	885	11	0
885	885	12	0
885	885	13	0
885	885	14	0
885	885	15	0
885	885	16	0
885	885	17	0
885	885	18	2
885	885	19	0
885	885	20	0
885	885	21	0
885	885	22	0
885	885	23	0
885	885	24	0
885	885	25	0
885	885	26	0
885	885	27	0
885	885	28	1
885	885	29	0
885	885	30	0
885	885	31	0
885	885	32	0
885	885	33	0
885	885	34	4
885	885	35	0
885	885	36	1
885	885	37	0
886	886	0	0
886	886	1	0
886	886	2	0
886	886	3	0
886	886	4	0
886	886	5	0
886	886	6	0
886	886	7	0
886	886	8	0
886	886	9	0
886	886	10	0
886	886	11	0
886	886	12	0
886	886	13	0
886	886	14	0
886	886	15	0
886	886	16	0
886	886	17	1
886	886	18	0
886	886	19	2
886	886	20	2
886	886	21	0
886	886	22	0
886	886	23	0
886	886	24	0
886	886	25	0
886	886	26	1
886	886	27	0
886	886	28	0
886	886	29	3
886	886	30	0
886	886	31	2
886	886	32	0
886	886	33	0
886	886	34	0
886	886	35	0
886	886	36	0
886	886	37	0
887	887	0	0
887	887	1	0
887	887	2	1
887	887	3	0
887	887	4	0
887	887	5	0
887	887	6	0
887	887	7	0
887	887	8	0
887	887	9	0
887	887	10	0
887	887	11	0
887	887	12	0
887	887	13	0
887	887	14	0
887	887	15	0
887	887	16	0
887	887	17	0
887	887	18	0
887	887	19	0
887	887	20	0
887	887	21	0
887	887	22	0
887	887	23	0
887	887	24	0
887	887	25	0
887	887	26	0
887	887	27	0
887	887	28	0
887	887	29	0
887	887	30	0
887	887	31	0
887	887	32	1
887	887	33	0
887	887	34	0
887	887	35	0
887	887	36	0
887	887	37	0
888	888	0	0
888	888	1	0
888	888	2	0
888	888	3	0
888	888	4	0
888	888	5	0
888	888	6	0
888	888	7	0
888	888	8	0
888	888	9	0
888	888	10	0
888	888	11	0
888	888	12	0
888	888	13	0
888	888	14	0
888	888	15	0
888	888	16	0
888	888	17	0
888	888	18	0
888	888	19	0
888	888	20	0
888	888	21	0
888	888	22	0
888	888	23	0
888	888	24	0
888	888	25	0
888	888	26	0
888	888	27	0
888	888	28	0
888	888	29	0
888	888	30	0
888	888	31	0
888	888	32	0
888	888	33	0
888	888	34	0
888	888	35	0
888	888	36	0
888	888	37	0
889	889	0	0
889	889	1	0
889	889	2	0
889	889	3	0
889	889	4	0
889	889	5	0
889	889	6	1
889	889	7	0
889	889	8	0
889	889	9	0
889	889	10	0
889	889	11	0
889	889	12	0
889	889	13	3
889	889	14	0
889	889	15	1
889	889	16	0
889	889	17	1
889	889	18	0
889	889	19	0
889	889	20	1
889	889	21	0
889	889	22	0
889	889	23	0
889	889	24	0
889	889	25	0
889	889	26	0
889	889	27	2
889	889	28	0
889	889	29	0
889	889	30	0
889	889	31	0
889	889	32	0
889	889	33	0
889	889	34	0
889	889	35	0
889	889	36	0
889	889	37	0
890	890	0	0
890	890	1	0
890	890	2	0
890	890	3	0
890	890	4	0
890	890	5	0
890	890	6	0
890	890	7	0
890	890	8	0
890	890	9	1
890	890	10	0
890	890	11	0
890	890	12	0
890	890	13	0
890	890	14	0
890	890	15	0
890	890	16	0
890	890	17	0
890	890	18	0
890	890	19	0
890	890	20	0
890	890	21	0
890	890	22	0
890	890	23	1
890	890	24	0
890	890	25	0
890	890	26	0
890	890	27	0
890	890	28	0
890	890	29	0
890	890	30	0
890	890	31	1
890	890	32	0
890	890	33	2
890	890	34	0
890	890	35	0
890	890	36	0
890	890	37	0
891	891	0	0
891	891	1	0
891	891	2	0
891	891	3	0
891	891	4	0
891	891	5	0
891	891	6	0
891	891	7	2
891	891	8	1
891	891	9	0
891	891	10	0
891	891	11	0
891	891	12	0
891	891	13	0
891	891	14	0
891	891	15	0
891	891	16	0
891	891	17	0
891	891	18	0
891	891	19	0
891	891	20	1
891	891	21	0
891	891	22	0
891	891	23	0
891	891	24	0
891	891	25	2
891	891	26	0
891	891	27	0
891	891	28	0
891	891	29	0
891	891	30	0
891	891	31	0
891	891	32	0
891	891	33	0
891	891	34	0
891	891	35	0
891	891	36	0
891	891	37	0
892	892	0	0
892	892	1	2
892	892	2	0
892	892	3	2
892	892	4	0
892	892	5	0
892	892	6	0
892	892	7	0
892	892	8	1
892	892	9	0
892	892	10	0
892	892	11	0
892	892	12	0
892	892	13	0
892	892	14	0
892	892	15	2
892	892	16	0
892	892	17	0
892	892	18	0
892	892	19	0
892	892	20	0
892	892	21	0
892	892	22	0
892	892	23	0
892	892	24	0
892	892	25	3
892	892	26	0
892	892	27	2
892	892	28	2
892	892	29	0
892	892	30	2
892	892	31	0
892	892	32	0
892	892	33	1
892	892	34	0
892	892	35	2
892	892	36	5
892	892	37	2
893	893	0	0
893	893	1	0
893	893	2	0
893	893	3	0
893	893	4	0
893	893	5	2
893	893	6	0
893	893	7	0
893	893	8	1
893	893	9	0
893	893	10	0
893	893	11	1
893	893	12	0
893	893	13	0
893	893	14	0
893	893	15	0
893	893	16	0
893	893	17	1
893	893	18	1
893	893	19	0
893	893	20	0
893	893	21	1
893	893	22	2
893	893	23	1
893	893	24	2
893	893	25	0
893	893	26	1
893	893	27	1
893	893	28	6
893	893	29	0
893	893	30	1
893	893	31	1
893	893	32	2
893	893	33	0
893	893	34	1
893	893	35	0
893	893	36	0
893	893	37	2
894	894	0	0
894	894	1	0
894	894	2	0
894	894	3	0
894	894	4	0
894	894	5	0
894	894	6	0
894	894	7	0
894	894	8	0
894	894	9	0
894	894	10	0
894	894	11	0
894	894	12	0
894	894	13	0
894	894	14	0
894	894	15	0
894	894	16	0
894	894	17	0
894	894	18	0
894	894	19	0
894	894	20	0
894	894	21	0
894	894	22	0
894	894	23	0
894	894	24	0
894	894	25	0
894	894	26	0
894	894	27	0
894	894	28	0
894	894	29	0
894	894	30	0
894	894	31	0
894	894	32	0
894	894	33	0
894	894	34	0
894	894	35	1
894	894	36	0
894	894	37	0
895	895	0	0
895	895	1	0
895	895	2	1
895	895	3	0
895	895	4	0
895	895	5	0
895	895	6	0
895	895	7	0
895	895	8	0
895	895	9	0
895	895	10	0
895	895	11	3
895	895	12	0
895	895	13	0
895	895	14	0
895	895	15	2
895	895	16	1
895	895	17	2
895	895	18	0
895	895	19	0
895	895	20	2
895	895	21	1
895	895	22	0
895	895	23	0
895	895	24	4
895	895	25	1
895	895	26	0
895	895	27	4
895	895	28	0
895	895	29	4
895	895	30	1
895	895	31	2
895	895	32	1
895	895	33	3
895	895	34	1
895	895	35	0
895	895	36	0
895	895	37	0
896	896	0	0
896	896	1	0
896	896	2	0
896	896	3	2
896	896	4	0
896	896	5	0
896	896	6	1
896	896	7	0
896	896	8	2
896	896	9	0
896	896	10	0
896	896	11	0
896	896	12	0
896	896	13	0
896	896	14	0
896	896	15	0
896	896	16	3
896	896	17	0
896	896	18	0
896	896	19	3
896	896	20	0
896	896	21	0
896	896	22	0
896	896	23	2
896	896	24	0
896	896	25	0
896	896	26	2
896	896	27	0
896	896	28	1
896	896	29	2
896	896	30	0
896	896	31	0
896	896	32	0
896	896	33	0
896	896	34	0
896	896	35	1
896	896	36	0
896	896	37	2
897	897	0	0
897	897	1	0
897	897	2	3
897	897	3	0
897	897	4	0
897	897	5	0
897	897	6	0
897	897	7	0
897	897	8	0
897	897	9	0
897	897	10	5
897	897	11	5
897	897	12	0
897	897	13	0
897	897	14	0
897	897	15	0
897	897	16	0
897	897	17	2
897	897	18	1
897	897	19	0
897	897	20	1
897	897	21	0
897	897	22	0
897	897	23	0
897	897	24	0
897	897	25	0
897	897	26	1
897	897	27	1
897	897	28	0
897	897	29	0
897	897	30	4
897	897	31	0
897	897	32	3
897	897	33	0
897	897	34	1
897	897	35	0
897	897	36	0
897	897	37	0
898	898	0	0
898	898	1	0
898	898	2	0
898	898	3	4
898	898	4	0
898	898	5	2
898	898	6	0
898	898	7	1
898	898	8	0
898	898	9	0
898	898	10	0
898	898	11	2
898	898	12	0
898	898	13	0
898	898	14	0
898	898	15	0
898	898	16	2
898	898	17	0
898	898	18	0
898	898	19	0
898	898	20	0
898	898	21	0
898	898	22	0
898	898	23	0
898	898	24	0
898	898	25	0
898	898	26	0
898	898	27	0
898	898	28	1
898	898	29	2
898	898	30	0
898	898	31	0
898	898	32	0
898	898	33	3
898	898	34	1
898	898	35	0
898	898	36	1
898	898	37	2
899	899	0	0
899	899	1	0
899	899	2	0
899	899	3	0
899	899	4	1
899	899	5	0
899	899	6	0
899	899	7	0
899	899	8	0
899	899	9	0
899	899	10	0
899	899	11	0
899	899	12	0
899	899	13	0
899	899	14	0
899	899	15	3
899	899	16	0
899	899	17	0
899	899	18	0
899	899	19	1
899	899	20	1
899	899	21	0
899	899	22	0
899	899	23	0
899	899	24	0
899	899	25	1
899	899	26	0
899	899	27	3
899	899	28	0
899	899	29	0
899	899	30	3
899	899	31	0
899	899	32	0
899	899	33	0
899	899	34	0
899	899	35	0
899	899	36	0
899	899	37	0
900	900	0	0
900	900	1	0
900	900	2	0
900	900	3	0
900	900	4	2
900	900	5	0
900	900	6	0
900	900	7	0
900	900	8	0
900	900	9	0
900	900	10	0
900	900	11	0
900	900	12	0
900	900	13	0
900	900	14	0
900	900	15	0
900	900	16	0
900	900	17	0
900	900	18	0
900	900	19	0
900	900	20	0
900	900	21	0
900	900	22	0
900	900	23	0
900	900	24	0
900	900	25	0
900	900	26	0
900	900	27	1
900	900	28	0
900	900	29	0
900	900	30	0
900	900	31	0
900	900	32	2
900	900	33	0
900	900	34	0
900	900	35	0
900	900	36	0
900	900	37	0
901	901	0	0
901	901	1	0
901	901	2	1
901	901	3	0
901	901	4	0
901	901	5	0
901	901	6	0
901	901	7	0
901	901	8	0
901	901	9	5
901	901	10	0
901	901	11	0
901	901	12	0
901	901	13	1
901	901	14	0
901	901	15	1
901	901	16	0
901	901	17	1
901	901	18	1
901	901	19	0
901	901	20	1
901	901	21	0
901	901	22	0
901	901	23	2
901	901	24	0
901	901	25	0
901	901	26	0
901	901	27	0
901	901	28	0
901	901	29	0
901	901	30	0
901	901	31	0
901	901	32	3
901	901	33	0
901	901	34	0
901	901	35	0
901	901	36	0
901	901	37	1
902	902	0	0
902	902	1	0
902	902	2	0
902	902	3	1
902	902	4	1
902	902	5	0
902	902	6	0
902	902	7	0
902	902	8	2
902	902	9	0
902	902	10	0
902	902	11	0
902	902	12	0
902	902	13	0
902	902	14	0
902	902	15	0
902	902	16	0
902	902	17	0
902	902	18	0
902	902	19	0
902	902	20	0
902	902	21	0
902	902	22	0
902	902	23	1
902	902	24	0
902	902	25	0
902	902	26	0
902	902	27	2
902	902	28	0
902	902	29	0
902	902	30	2
902	902	31	0
902	902	32	0
902	902	33	0
902	902	34	0
902	902	35	0
902	902	36	4
902	902	37	1
903	903	0	0
903	903	1	0
903	903	2	0
903	903	3	0
903	903	4	0
903	903	5	0
903	903	6	0
903	903	7	0
903	903	8	0
903	903	9	0
903	903	10	0
903	903	11	0
903	903	12	0
903	903	13	0
903	903	14	0
903	903	15	0
903	903	16	2
903	903	17	0
903	903	18	0
903	903	19	0
903	903	20	0
903	903	21	0
903	903	22	0
903	903	23	0
903	903	24	0
903	903	25	0
903	903	26	0
903	903	27	0
903	903	28	0
903	903	29	0
903	903	30	2
903	903	31	0
903	903	32	0
903	903	33	0
903	903	34	0
903	903	35	0
903	903	36	0
903	903	37	0
904	904	0	0
904	904	1	0
904	904	2	0
904	904	3	2
904	904	4	0
904	904	5	0
904	904	6	0
904	904	7	0
904	904	8	0
904	904	9	0
904	904	10	0
904	904	11	0
904	904	12	0
904	904	13	0
904	904	14	0
904	904	15	0
904	904	16	0
904	904	17	0
904	904	18	0
904	904	19	0
904	904	20	0
904	904	21	0
904	904	22	0
904	904	23	0
904	904	24	0
904	904	25	0
904	904	26	0
904	904	27	0
904	904	28	3
904	904	29	0
904	904	30	0
904	904	31	0
904	904	32	0
904	904	33	0
904	904	34	0
904	904	35	0
904	904	36	0
904	904	37	0
905	905	0	0
905	905	1	0
905	905	2	0
905	905	3	0
905	905	4	0
905	905	5	0
905	905	6	0
905	905	7	0
905	905	8	0
905	905	9	2
905	905	10	0
905	905	11	0
905	905	12	0
905	905	13	1
905	905	14	0
905	905	15	0
905	905	16	0
905	905	17	0
905	905	18	0
905	905	19	0
905	905	20	0
905	905	21	0
905	905	22	0
905	905	23	1
905	905	24	0
905	905	25	0
905	905	26	0
905	905	27	0
905	905	28	0
905	905	29	0
905	905	30	0
905	905	31	0
905	905	32	0
905	905	33	0
905	905	34	0
905	905	35	0
905	905	36	0
905	905	37	0
906	906	0	0
906	906	1	0
906	906	2	0
906	906	3	0
906	906	4	0
906	906	5	0
906	906	6	0
906	906	7	0
906	906	8	0
906	906	9	0
906	906	10	0
906	906	11	0
906	906	12	0
906	906	13	0
906	906	14	0
906	906	15	0
906	906	16	0
906	906	17	0
906	906	18	0
906	906	19	0
906	906	20	0
906	906	21	0
906	906	22	0
906	906	23	0
906	906	24	0
906	906	25	0
906	906	26	0
906	906	27	0
906	906	28	0
906	906	29	0
906	906	30	0
906	906	31	0
906	906	32	0
906	906	33	0
906	906	34	0
906	906	35	0
906	906	36	0
906	906	37	0
907	907	0	0
907	907	1	0
907	907	2	0
907	907	3	0
907	907	4	0
907	907	5	0
907	907	6	0
907	907	7	0
907	907	8	0
907	907	9	0
907	907	10	0
907	907	11	0
907	907	12	0
907	907	13	0
907	907	14	0
907	907	15	0
907	907	16	0
907	907	17	0
907	907	18	1
907	907	19	0
907	907	20	0
907	907	21	0
907	907	22	0
907	907	23	0
907	907	24	0
907	907	25	0
907	907	26	1
907	907	27	0
907	907	28	2
907	907	29	2
907	907	30	0
907	907	31	0
907	907	32	2
907	907	33	0
907	907	34	0
907	907	35	0
907	907	36	0
907	907	37	0
908	908	0	0
908	908	1	0
908	908	2	0
908	908	3	0
908	908	4	0
908	908	5	2
908	908	6	0
908	908	7	0
908	908	8	1
908	908	9	0
908	908	10	0
908	908	11	0
908	908	12	0
908	908	13	1
908	908	14	0
908	908	15	0
908	908	16	0
908	908	17	0
908	908	18	0
908	908	19	0
908	908	20	0
908	908	21	0
908	908	22	0
908	908	23	0
908	908	24	0
908	908	25	1
908	908	26	0
908	908	27	0
908	908	28	0
908	908	29	0
908	908	30	2
908	908	31	0
908	908	32	0
908	908	33	0
908	908	34	0
908	908	35	0
908	908	36	0
908	908	37	1
909	909	0	0
909	909	1	0
909	909	2	0
909	909	3	1
909	909	4	0
909	909	5	0
909	909	6	0
909	909	7	0
909	909	8	0
909	909	9	0
909	909	10	0
909	909	11	0
909	909	12	0
909	909	13	0
909	909	14	0
909	909	15	0
909	909	16	0
909	909	17	0
909	909	18	0
909	909	19	0
909	909	20	0
909	909	21	0
909	909	22	0
909	909	23	0
909	909	24	0
909	909	25	0
909	909	26	0
909	909	27	0
909	909	28	0
909	909	29	0
909	909	30	0
909	909	31	0
909	909	32	0
909	909	33	0
909	909	34	0
909	909	35	0
909	909	36	0
909	909	37	0
910	910	0	0
910	910	1	2
910	910	2	0
910	910	3	0
910	910	4	0
910	910	5	0
910	910	6	0
910	910	7	0
910	910	8	0
910	910	9	0
910	910	10	0
910	910	11	0
910	910	12	0
910	910	13	0
910	910	14	0
910	910	15	0
910	910	16	0
910	910	17	0
910	910	18	0
910	910	19	0
910	910	20	0
910	910	21	0
910	910	22	0
910	910	23	0
910	910	24	0
910	910	25	0
910	910	26	0
910	910	27	0
910	910	28	0
910	910	29	0
910	910	30	0
910	910	31	2
910	910	32	0
910	910	33	0
910	910	34	0
910	910	35	0
910	910	36	0
910	910	37	0
911	911	0	0
911	911	1	0
911	911	2	0
911	911	3	0
911	911	4	0
911	911	5	0
911	911	6	0
911	911	7	0
911	911	8	1
911	911	9	0
911	911	10	0
911	911	11	0
911	911	12	0
911	911	13	0
911	911	14	0
911	911	15	0
911	911	16	0
911	911	17	0
911	911	18	0
911	911	19	0
911	911	20	1
911	911	21	1
911	911	22	0
911	911	23	0
911	911	24	0
911	911	25	1
911	911	26	0
911	911	27	0
911	911	28	0
911	911	29	0
911	911	30	0
911	911	31	0
911	911	32	0
911	911	33	0
911	911	34	0
911	911	35	0
911	911	36	2
911	911	37	1
912	912	0	0
912	912	1	0
912	912	2	0
912	912	3	0
912	912	4	0
912	912	5	0
912	912	6	0
912	912	7	0
912	912	8	0
912	912	9	1
912	912	10	0
912	912	11	0
912	912	12	2
912	912	13	1
912	912	14	0
912	912	15	0
912	912	16	0
912	912	17	0
912	912	18	0
912	912	19	0
912	912	20	0
912	912	21	0
912	912	22	0
912	912	23	3
912	912	24	0
912	912	25	0
912	912	26	0
912	912	27	0
912	912	28	3
912	912	29	0
912	912	30	0
912	912	31	0
912	912	32	2
912	912	33	0
912	912	34	0
912	912	35	0
912	912	36	0
912	912	37	0
913	913	0	0
913	913	1	0
913	913	2	0
913	913	3	0
913	913	4	0
913	913	5	0
913	913	6	0
913	913	7	0
913	913	8	0
913	913	9	0
913	913	10	0
913	913	11	0
913	913	12	0
913	913	13	0
913	913	14	0
913	913	15	0
913	913	16	0
913	913	17	0
913	913	18	0
913	913	19	0
913	913	20	0
913	913	21	0
913	913	22	2
913	913	23	0
913	913	24	0
913	913	25	0
913	913	26	0
913	913	27	1
913	913	28	0
913	913	29	0
913	913	30	0
913	913	31	0
913	913	32	0
913	913	33	0
913	913	34	0
913	913	35	2
913	913	36	0
913	913	37	3
914	914	0	0
914	914	1	0
914	914	2	0
914	914	3	1
914	914	4	1
914	914	5	2
914	914	6	0
914	914	7	0
914	914	8	0
914	914	9	0
914	914	10	0
914	914	11	0
914	914	12	0
914	914	13	0
914	914	14	0
914	914	15	0
914	914	16	0
914	914	17	0
914	914	18	3
914	914	19	0
914	914	20	0
914	914	21	0
914	914	22	2
914	914	23	0
914	914	24	0
914	914	25	0
914	914	26	0
914	914	27	0
914	914	28	0
914	914	29	0
914	914	30	0
914	914	31	0
914	914	32	0
914	914	33	0
914	914	34	0
914	914	35	0
914	914	36	0
914	914	37	0
915	915	0	0
915	915	1	0
915	915	2	0
915	915	3	0
915	915	4	0
915	915	5	0
915	915	6	1
915	915	7	0
915	915	8	0
915	915	9	0
915	915	10	0
915	915	11	0
915	915	12	0
915	915	13	0
915	915	14	0
915	915	15	4
915	915	16	2
915	915	17	0
915	915	18	0
915	915	19	3
915	915	20	2
915	915	21	0
915	915	22	0
915	915	23	0
915	915	24	0
915	915	25	0
915	915	26	7
915	915	27	0
915	915	28	2
915	915	29	1
915	915	30	0
915	915	31	0
915	915	32	1
915	915	33	0
915	915	34	1
915	915	35	0
915	915	36	0
915	915	37	0
916	916	0	0
916	916	1	0
916	916	2	0
916	916	3	0
916	916	4	0
916	916	5	1
916	916	6	0
916	916	7	0
916	916	8	0
916	916	9	0
916	916	10	0
916	916	11	0
916	916	12	1
916	916	13	0
916	916	14	0
916	916	15	0
916	916	16	0
916	916	17	2
916	916	18	0
916	916	19	0
916	916	20	0
916	916	21	1
916	916	22	0
916	916	23	3
916	916	24	0
916	916	25	0
916	916	26	2
916	916	27	0
916	916	28	2
916	916	29	0
916	916	30	0
916	916	31	0
916	916	32	3
916	916	33	0
916	916	34	0
916	916	35	2
916	916	36	0
916	916	37	2
917	917	0	0
917	917	1	0
917	917	2	0
917	917	3	0
917	917	4	0
917	917	5	0
917	917	6	0
917	917	7	0
917	917	8	0
917	917	9	0
917	917	10	0
917	917	11	0
917	917	12	0
917	917	13	0
917	917	14	0
917	917	15	0
917	917	16	0
917	917	17	0
917	917	18	0
917	917	19	0
917	917	20	2
917	917	21	0
917	917	22	0
917	917	23	0
917	917	24	0
917	917	25	2
917	917	26	0
917	917	27	0
917	917	28	3
917	917	29	0
917	917	30	1
917	917	31	0
917	917	32	3
917	917	33	0
917	917	34	0
917	917	35	1
917	917	36	0
917	917	37	0
918	918	0	0
918	918	1	0
918	918	2	0
918	918	3	0
918	918	4	0
918	918	5	0
918	918	6	1
918	918	7	0
918	918	8	0
918	918	9	0
918	918	10	0
918	918	11	1
918	918	12	0
918	918	13	0
918	918	14	0
918	918	15	0
918	918	16	0
918	918	17	0
918	918	18	0
918	918	19	0
918	918	20	0
918	918	21	0
918	918	22	0
918	918	23	0
918	918	24	0
918	918	25	0
918	918	26	0
918	918	27	0
918	918	28	0
918	918	29	0
918	918	30	0
918	918	31	0
918	918	32	0
918	918	33	0
918	918	34	0
918	918	35	0
918	918	36	0
918	918	37	0
919	919	0	0
919	919	1	0
919	919	2	0
919	919	3	0
919	919	4	0
919	919	5	0
919	919	6	0
919	919	7	4
919	919	8	0
919	919	9	2
919	919	10	0
919	919	11	0
919	919	12	0
919	919	13	0
919	919	14	1
919	919	15	1
919	919	16	0
919	919	17	0
919	919	18	2
919	919	19	0
919	919	20	0
919	919	21	0
919	919	22	1
919	919	23	1
919	919	24	0
919	919	25	0
919	919	26	0
919	919	27	0
919	919	28	0
919	919	29	0
919	919	30	0
919	919	31	0
919	919	32	0
919	919	33	0
919	919	34	0
919	919	35	0
919	919	36	0
919	919	37	0
920	920	0	0
920	920	1	0
920	920	2	0
920	920	3	0
920	920	4	0
920	920	5	0
920	920	6	0
920	920	7	0
920	920	8	0
920	920	9	0
920	920	10	0
920	920	11	0
920	920	12	0
920	920	13	0
920	920	14	0
920	920	15	2
920	920	16	0
920	920	17	0
920	920	18	4
920	920	19	0
920	920	20	0
920	920	21	0
920	920	22	0
920	920	23	0
920	920	24	0
920	920	25	0
920	920	26	0
920	920	27	2
920	920	28	0
920	920	29	0
920	920	30	1
920	920	31	0
920	920	32	1
920	920	33	0
920	920	34	0
920	920	35	0
920	920	36	0
920	920	37	0
921	921	0	0
921	921	1	0
921	921	2	0
921	921	3	0
921	921	4	2
921	921	5	0
921	921	6	2
921	921	7	0
921	921	8	0
921	921	9	0
921	921	10	0
921	921	11	0
921	921	12	0
921	921	13	3
921	921	14	1
921	921	15	0
921	921	16	0
921	921	17	0
921	921	18	0
921	921	19	3
921	921	20	2
921	921	21	1
921	921	22	0
921	921	23	0
921	921	24	1
921	921	25	0
921	921	26	2
921	921	27	0
921	921	28	0
921	921	29	0
921	921	30	4
921	921	31	0
921	921	32	3
921	921	33	1
921	921	34	0
921	921	35	0
921	921	36	0
921	921	37	0
922	922	0	0
922	922	1	0
922	922	2	0
922	922	3	1
922	922	4	0
922	922	5	0
922	922	6	0
922	922	7	1
922	922	8	0
922	922	9	0
922	922	10	0
922	922	11	2
922	922	12	0
922	922	13	0
922	922	14	0
922	922	15	0
922	922	16	0
922	922	17	1
922	922	18	0
922	922	19	0
922	922	20	0
922	922	21	0
922	922	22	0
922	922	23	1
922	922	24	0
922	922	25	1
922	922	26	3
922	922	27	0
922	922	28	0
922	922	29	0
922	922	30	0
922	922	31	0
922	922	32	0
922	922	33	1
922	922	34	0
922	922	35	0
922	922	36	0
922	922	37	0
923	923	0	0
923	923	1	3
923	923	2	0
923	923	3	1
923	923	4	0
923	923	5	0
923	923	6	0
923	923	7	0
923	923	8	0
923	923	9	0
923	923	10	1
923	923	11	0
923	923	12	0
923	923	13	0
923	923	14	0
923	923	15	2
923	923	16	0
923	923	17	0
923	923	18	0
923	923	19	0
923	923	20	0
923	923	21	0
923	923	22	4
923	923	23	0
923	923	24	0
923	923	25	0
923	923	26	3
923	923	27	0
923	923	28	0
923	923	29	1
923	923	30	2
923	923	31	1
923	923	32	2
923	923	33	0
923	923	34	0
923	923	35	0
923	923	36	1
923	923	37	2
924	924	0	0
924	924	1	2
924	924	2	0
924	924	3	0
924	924	4	1
924	924	5	0
924	924	6	1
924	924	7	1
924	924	8	0
924	924	9	0
924	924	10	0
924	924	11	0
924	924	12	0
924	924	13	0
924	924	14	0
924	924	15	0
924	924	16	3
924	924	17	1
924	924	18	2
924	924	19	0
924	924	20	0
924	924	21	0
924	924	22	0
924	924	23	0
924	924	24	1
924	924	25	3
924	924	26	0
924	924	27	0
924	924	28	2
924	924	29	0
924	924	30	0
924	924	31	0
924	924	32	5
924	924	33	0
924	924	34	1
924	924	35	0
924	924	36	1
924	924	37	2
925	925	0	0
925	925	1	1
925	925	2	0
925	925	3	0
925	925	4	0
925	925	5	0
925	925	6	0
925	925	7	0
925	925	8	0
925	925	9	0
925	925	10	0
925	925	11	0
925	925	12	0
925	925	13	0
925	925	14	0
925	925	15	0
925	925	16	0
925	925	17	0
925	925	18	0
925	925	19	0
925	925	20	0
925	925	21	0
925	925	22	0
925	925	23	0
925	925	24	0
925	925	25	0
925	925	26	0
925	925	27	0
925	925	28	0
925	925	29	0
925	925	30	0
925	925	31	0
925	925	32	0
925	925	33	0
925	925	34	0
925	925	35	0
925	925	36	0
925	925	37	0
926	926	0	0
926	926	1	0
926	926	2	0
926	926	3	0
926	926	4	0
926	926	5	0
926	926	6	0
926	926	7	0
926	926	8	0
926	926	9	3
926	926	10	0
926	926	11	0
926	926	12	0
926	926	13	1
926	926	14	0
926	926	15	0
926	926	16	0
926	926	17	0
926	926	18	0
926	926	19	0
926	926	20	0
926	926	21	3
926	926	22	0
926	926	23	0
926	926	24	0
926	926	25	0
926	926	26	0
926	926	27	0
926	926	28	0
926	926	29	0
926	926	30	0
926	926	31	0
926	926	32	0
926	926	33	2
926	926	34	0
926	926	35	0
926	926	36	2
926	926	37	1
927	927	0	0
927	927	1	0
927	927	2	0
927	927	3	0
927	927	4	0
927	927	5	0
927	927	6	0
927	927	7	0
927	927	8	0
927	927	9	0
927	927	10	0
927	927	11	0
927	927	12	0
927	927	13	0
927	927	14	0
927	927	15	0
927	927	16	0
927	927	17	0
927	927	18	0
927	927	19	0
927	927	20	0
927	927	21	0
927	927	22	0
927	927	23	0
927	927	24	0
927	927	25	0
927	927	26	0
927	927	27	0
927	927	28	0
927	927	29	0
927	927	30	1
927	927	31	0
927	927	32	0
927	927	33	0
927	927	34	0
927	927	35	0
927	927	36	0
927	927	37	0
928	928	0	0
928	928	1	0
928	928	2	0
928	928	3	0
928	928	4	0
928	928	5	0
928	928	6	0
928	928	7	0
928	928	8	0
928	928	9	0
928	928	10	0
928	928	11	0
928	928	12	0
928	928	13	4
928	928	14	0
928	928	15	0
928	928	16	0
928	928	17	0
928	928	18	2
928	928	19	0
928	928	20	0
928	928	21	0
928	928	22	0
928	928	23	0
928	928	24	0
928	928	25	0
928	928	26	0
928	928	27	3
928	928	28	0
928	928	29	0
928	928	30	3
928	928	31	0
928	928	32	0
928	928	33	0
928	928	34	0
928	928	35	0
928	928	36	1
928	928	37	0
929	929	0	0
929	929	1	0
929	929	2	0
929	929	3	1
929	929	4	0
929	929	5	0
929	929	6	0
929	929	7	0
929	929	8	0
929	929	9	0
929	929	10	5
929	929	11	0
929	929	12	0
929	929	13	0
929	929	14	0
929	929	15	0
929	929	16	0
929	929	17	0
929	929	18	0
929	929	19	0
929	929	20	0
929	929	21	0
929	929	22	0
929	929	23	0
929	929	24	0
929	929	25	0
929	929	26	0
929	929	27	0
929	929	28	0
929	929	29	0
929	929	30	1
929	929	31	0
929	929	32	0
929	929	33	0
929	929	34	0
929	929	35	0
929	929	36	0
929	929	37	0
930	930	0	0
930	930	1	0
930	930	2	0
930	930	3	0
930	930	4	0
930	930	5	1
930	930	6	0
930	930	7	0
930	930	8	0
930	930	9	0
930	930	10	0
930	930	11	0
930	930	12	0
930	930	13	0
930	930	14	0
930	930	15	0
930	930	16	0
930	930	17	0
930	930	18	0
930	930	19	0
930	930	20	0
930	930	21	0
930	930	22	0
930	930	23	0
930	930	24	0
930	930	25	0
930	930	26	0
930	930	27	0
930	930	28	0
930	930	29	0
930	930	30	0
930	930	31	0
930	930	32	0
930	930	33	0
930	930	34	0
930	930	35	0
930	930	36	0
930	930	37	0
931	931	0	0
931	931	1	0
931	931	2	0
931	931	3	0
931	931	4	0
931	931	5	0
931	931	6	0
931	931	7	0
931	931	8	0
931	931	9	0
931	931	10	0
931	931	11	0
931	931	12	0
931	931	13	0
931	931	14	0
931	931	15	0
931	931	16	0
931	931	17	0
931	931	18	0
931	931	19	0
931	931	20	0
931	931	21	0
931	931	22	0
931	931	23	0
931	931	24	0
931	931	25	0
931	931	26	0
931	931	27	0
931	931	28	0
931	931	29	0
931	931	30	0
931	931	31	0
931	931	32	1
931	931	33	0
931	931	34	0
931	931	35	0
931	931	36	0
931	931	37	0
932	932	0	0
932	932	1	0
932	932	2	0
932	932	3	0
932	932	4	0
932	932	5	0
932	932	6	0
932	932	7	0
932	932	8	0
932	932	9	0
932	932	10	0
932	932	11	0
932	932	12	0
932	932	13	0
932	932	14	0
932	932	15	0
932	932	16	0
932	932	17	0
932	932	18	0
932	932	19	0
932	932	20	0
932	932	21	0
932	932	22	0
932	932	23	0
932	932	24	0
932	932	25	0
932	932	26	0
932	932	27	0
932	932	28	0
932	932	29	0
932	932	30	0
932	932	31	0
932	932	32	0
932	932	33	0
932	932	34	0
932	932	35	0
932	932	36	0
932	932	37	0
933	933	0	0
933	933	1	0
933	933	2	0
933	933	3	0
933	933	4	0
933	933	5	0
933	933	6	0
933	933	7	0
933	933	8	0
933	933	9	0
933	933	10	0
933	933	11	0
933	933	12	0
933	933	13	0
933	933	14	0
933	933	15	0
933	933	16	0
933	933	17	0
933	933	18	0
933	933	19	0
933	933	20	0
933	933	21	0
933	933	22	0
933	933	23	0
933	933	24	0
933	933	25	0
933	933	26	0
933	933	27	0
933	933	28	0
933	933	29	0
933	933	30	0
933	933	31	0
933	933	32	0
933	933	33	0
933	933	34	0
933	933	35	0
933	933	36	0
933	933	37	0
934	934	0	0
934	934	1	0
934	934	2	1
934	934	3	0
934	934	4	0
934	934	5	0
934	934	6	0
934	934	7	0
934	934	8	0
934	934	9	0
934	934	10	0
934	934	11	0
934	934	12	0
934	934	13	0
934	934	14	0
934	934	15	0
934	934	16	0
934	934	17	0
934	934	18	0
934	934	19	0
934	934	20	0
934	934	21	0
934	934	22	0
934	934	23	0
934	934	24	0
934	934	25	0
934	934	26	1
934	934	27	0
934	934	28	0
934	934	29	0
934	934	30	0
934	934	31	0
934	934	32	0
934	934	33	0
934	934	34	0
934	934	35	1
934	934	36	0
934	934	37	0
935	935	0	0
935	935	1	0
935	935	2	0
935	935	3	0
935	935	4	0
935	935	5	0
935	935	6	0
935	935	7	0
935	935	8	0
935	935	9	0
935	935	10	0
935	935	11	0
935	935	12	0
935	935	13	0
935	935	14	0
935	935	15	0
935	935	16	0
935	935	17	0
935	935	18	0
935	935	19	0
935	935	20	0
935	935	21	0
935	935	22	0
935	935	23	0
935	935	24	0
935	935	25	0
935	935	26	0
935	935	27	0
935	935	28	0
935	935	29	0
935	935	30	0
935	935	31	0
935	935	32	0
935	935	33	0
935	935	34	0
935	935	35	0
935	935	36	0
935	935	37	0
936	936	0	0
936	936	1	0
936	936	2	0
936	936	3	0
936	936	4	0
936	936	5	0
936	936	6	0
936	936	7	0
936	936	8	0
936	936	9	0
936	936	10	0
936	936	11	0
936	936	12	0
936	936	13	0
936	936	14	0
936	936	15	1
936	936	16	0
936	936	17	0
936	936	18	0
936	936	19	1
936	936	20	0
936	936	21	0
936	936	22	0
936	936	23	0
936	936	24	0
936	936	25	0
936	936	26	0
936	936	27	0
936	936	28	0
936	936	29	0
936	936	30	0
936	936	31	0
936	936	32	0
936	936	33	0
936	936	34	0
936	936	35	0
936	936	36	0
936	936	37	0
937	937	0	0
937	937	1	0
937	937	2	0
937	937	3	0
937	937	4	0
937	937	5	0
937	937	6	0
937	937	7	0
937	937	8	0
937	937	9	0
937	937	10	0
937	937	11	0
937	937	12	0
937	937	13	0
937	937	14	0
937	937	15	0
937	937	16	0
937	937	17	0
937	937	18	0
937	937	19	0
937	937	20	0
937	937	21	0
937	937	22	0
937	937	23	0
937	937	24	0
937	937	25	0
937	937	26	0
937	937	27	3
937	937	28	0
937	937	29	0
937	937	30	0
937	937	31	0
937	937	32	0
937	937	33	0
937	937	34	0
937	937	35	0
937	937	36	0
937	937	37	2
938	938	0	0
938	938	1	0
938	938	2	0
938	938	3	0
938	938	4	0
938	938	5	0
938	938	6	0
938	938	7	0
938	938	8	0
938	938	9	0
938	938	10	0
938	938	11	1
938	938	12	2
938	938	13	0
938	938	14	1
938	938	15	0
938	938	16	0
938	938	17	0
938	938	18	0
938	938	19	1
938	938	20	3
938	938	21	0
938	938	22	0
938	938	23	1
938	938	24	0
938	938	25	2
938	938	26	3
938	938	27	0
938	938	28	0
938	938	29	0
938	938	30	0
938	938	31	2
938	938	32	0
938	938	33	1
938	938	34	0
938	938	35	0
938	938	36	0
938	938	37	0
939	939	0	0
939	939	1	1
939	939	2	0
939	939	3	0
939	939	4	0
939	939	5	0
939	939	6	0
939	939	7	0
939	939	8	0
939	939	9	0
939	939	10	0
939	939	11	2
939	939	12	0
939	939	13	1
939	939	14	0
939	939	15	2
939	939	16	0
939	939	17	0
939	939	18	2
939	939	19	0
939	939	20	0
939	939	21	0
939	939	22	5
939	939	23	0
939	939	24	1
939	939	25	0
939	939	26	2
939	939	27	0
939	939	28	0
939	939	29	0
939	939	30	1
939	939	31	1
939	939	32	0
939	939	33	0
939	939	34	3
939	939	35	1
939	939	36	1
939	939	37	0
940	940	0	0
940	940	1	2
940	940	2	0
940	940	3	0
940	940	4	0
940	940	5	0
940	940	6	0
940	940	7	0
940	940	8	4
940	940	9	0
940	940	10	4
940	940	11	0
940	940	12	0
940	940	13	0
940	940	14	0
940	940	15	3
940	940	16	0
940	940	17	0
940	940	18	2
940	940	19	0
940	940	20	0
940	940	21	0
940	940	22	2
940	940	23	0
940	940	24	2
940	940	25	0
940	940	26	2
940	940	27	3
940	940	28	1
940	940	29	1
940	940	30	2
940	940	31	1
940	940	32	0
940	940	33	2
940	940	34	2
940	940	35	3
940	940	36	0
940	940	37	0
941	941	0	0
941	941	1	0
941	941	2	0
941	941	3	0
941	941	4	0
941	941	5	0
941	941	6	2
941	941	7	0
941	941	8	0
941	941	9	0
941	941	10	0
941	941	11	0
941	941	12	2
941	941	13	0
941	941	14	0
941	941	15	1
941	941	16	0
941	941	17	0
941	941	18	2
941	941	19	1
941	941	20	0
941	941	21	0
941	941	22	0
941	941	23	1
941	941	24	0
941	941	25	2
941	941	26	0
941	941	27	0
941	941	28	0
941	941	29	0
941	941	30	0
941	941	31	0
941	941	32	1
941	941	33	0
941	941	34	3
941	941	35	0
941	941	36	3
941	941	37	2
942	942	0	0
942	942	1	0
942	942	2	0
942	942	3	0
942	942	4	0
942	942	5	0
942	942	6	0
942	942	7	0
942	942	8	6
942	942	9	0
942	942	10	0
942	942	11	0
942	942	12	0
942	942	13	1
942	942	14	0
942	942	15	0
942	942	16	0
942	942	17	0
942	942	18	0
942	942	19	0
942	942	20	0
942	942	21	0
942	942	22	0
942	942	23	0
942	942	24	0
942	942	25	1
942	942	26	0
942	942	27	0
942	942	28	1
942	942	29	0
942	942	30	0
942	942	31	0
942	942	32	0
942	942	33	0
942	942	34	1
942	942	35	1
942	942	36	0
942	942	37	1
943	943	0	0
943	943	1	0
943	943	2	0
943	943	3	0
943	943	4	0
943	943	5	2
943	943	6	0
943	943	7	0
943	943	8	0
943	943	9	0
943	943	10	0
943	943	11	0
943	943	12	0
943	943	13	0
943	943	14	0
943	943	15	0
943	943	16	0
943	943	17	1
943	943	18	0
943	943	19	0
943	943	20	2
943	943	21	0
943	943	22	0
943	943	23	0
943	943	24	0
943	943	25	0
943	943	26	0
943	943	27	0
943	943	28	0
943	943	29	0
943	943	30	3
943	943	31	0
943	943	32	0
943	943	33	0
943	943	34	2
943	943	35	0
943	943	36	0
943	943	37	0
944	944	0	0
944	944	1	0
944	944	2	0
944	944	3	0
944	944	4	0
944	944	5	0
944	944	6	0
944	944	7	1
944	944	8	0
944	944	9	0
944	944	10	0
944	944	11	0
944	944	12	0
944	944	13	1
944	944	14	1
944	944	15	0
944	944	16	0
944	944	17	0
944	944	18	0
944	944	19	0
944	944	20	0
944	944	21	0
944	944	22	2
944	944	23	0
944	944	24	0
944	944	25	0
944	944	26	1
944	944	27	0
944	944	28	0
944	944	29	0
944	944	30	0
944	944	31	1
944	944	32	0
944	944	33	1
944	944	34	0
944	944	35	1
944	944	36	0
944	944	37	2
945	945	0	0
945	945	1	0
945	945	2	0
945	945	3	1
945	945	4	0
945	945	5	0
945	945	6	0
945	945	7	0
945	945	8	0
945	945	9	0
945	945	10	0
945	945	11	0
945	945	12	0
945	945	13	1
945	945	14	2
945	945	15	0
945	945	16	0
945	945	17	1
945	945	18	0
945	945	19	0
945	945	20	2
945	945	21	1
945	945	22	0
945	945	23	2
945	945	24	1
945	945	25	2
945	945	26	0
945	945	27	4
945	945	28	0
945	945	29	1
945	945	30	1
945	945	31	3
945	945	32	0
945	945	33	1
945	945	34	2
945	945	35	2
945	945	36	0
945	945	37	0
946	946	0	0
946	946	1	0
946	946	2	0
946	946	3	0
946	946	4	0
946	946	5	0
946	946	6	0
946	946	7	3
946	946	8	0
946	946	9	0
946	946	10	0
946	946	11	0
946	946	12	0
946	946	13	0
946	946	14	0
946	946	15	0
946	946	16	0
946	946	17	0
946	946	18	0
946	946	19	0
946	946	20	0
946	946	21	0
946	946	22	0
946	946	23	0
946	946	24	0
946	946	25	0
946	946	26	0
946	946	27	2
946	946	28	0
946	946	29	1
946	946	30	0
946	946	31	0
946	946	32	2
946	946	33	0
946	946	34	0
946	946	35	0
946	946	36	2
946	946	37	1
947	947	0	0
947	947	1	0
947	947	2	0
947	947	3	0
947	947	4	0
947	947	5	1
947	947	6	0
947	947	7	0
947	947	8	2
947	947	9	2
947	947	10	0
947	947	11	4
947	947	12	3
947	947	13	2
947	947	14	2
947	947	15	3
947	947	16	3
947	947	17	0
947	947	18	2
947	947	19	0
947	947	20	0
947	947	21	0
947	947	22	2
947	947	23	0
947	947	24	0
947	947	25	0
947	947	26	0
947	947	27	1
947	947	28	2
947	947	29	4
947	947	30	3
947	947	31	2
947	947	32	0
947	947	33	2
947	947	34	3
947	947	35	0
947	947	36	3
947	947	37	3
948	948	0	0
948	948	1	0
948	948	2	1
948	948	3	0
948	948	4	0
948	948	5	0
948	948	6	2
948	948	7	1
948	948	8	2
948	948	9	0
948	948	10	0
948	948	11	0
948	948	12	0
948	948	13	0
948	948	14	0
948	948	15	0
948	948	16	0
948	948	17	0
948	948	18	0
948	948	19	0
948	948	20	1
948	948	21	0
948	948	22	0
948	948	23	1
948	948	24	1
948	948	25	1
948	948	26	0
948	948	27	0
948	948	28	0
948	948	29	3
948	948	30	0
948	948	31	3
948	948	32	0
948	948	33	2
948	948	34	8
948	948	35	4
948	948	36	0
948	948	37	0
949	949	0	0
949	949	1	0
949	949	2	2
949	949	3	0
949	949	4	0
949	949	5	1
949	949	6	1
949	949	7	0
949	949	8	0
949	949	9	0
949	949	10	0
949	949	11	0
949	949	12	0
949	949	13	0
949	949	14	3
949	949	15	0
949	949	16	0
949	949	17	3
949	949	18	8
949	949	19	0
949	949	20	0
949	949	21	5
949	949	22	2
949	949	23	1
949	949	24	7
949	949	25	0
949	949	26	3
949	949	27	2
949	949	28	2
949	949	29	0
949	949	30	2
949	949	31	6
949	949	32	1
949	949	33	2
949	949	34	5
949	949	35	0
949	949	36	0
949	949	37	0
950	950	0	0
950	950	1	1
950	950	2	0
950	950	3	0
950	950	4	0
950	950	5	0
950	950	6	0
950	950	7	0
950	950	8	0
950	950	9	0
950	950	10	0
950	950	11	0
950	950	12	1
950	950	13	0
950	950	14	3
950	950	15	0
950	950	16	0
950	950	17	0
950	950	18	0
950	950	19	0
950	950	20	0
950	950	21	2
950	950	22	1
950	950	23	0
950	950	24	0
950	950	25	0
950	950	26	0
950	950	27	0
950	950	28	2
950	950	29	0
950	950	30	1
950	950	31	0
950	950	32	0
950	950	33	0
950	950	34	1
950	950	35	0
950	950	36	3
950	950	37	4
951	951	0	0
951	951	1	0
951	951	2	0
951	951	3	0
951	951	4	0
951	951	5	1
951	951	6	0
951	951	7	0
951	951	8	0
951	951	9	0
951	951	10	0
951	951	11	0
951	951	12	0
951	951	13	0
951	951	14	0
951	951	15	0
951	951	16	0
951	951	17	0
951	951	18	0
951	951	19	0
951	951	20	0
951	951	21	0
951	951	22	0
951	951	23	0
951	951	24	0
951	951	25	0
951	951	26	0
951	951	27	2
951	951	28	0
951	951	29	0
951	951	30	0
951	951	31	2
951	951	32	0
951	951	33	0
951	951	34	0
951	951	35	0
951	951	36	1
951	951	37	1
952	952	0	0
952	952	1	0
952	952	2	0
952	952	3	0
952	952	4	0
952	952	5	0
952	952	6	0
952	952	7	0
952	952	8	0
952	952	9	0
952	952	10	2
952	952	11	0
952	952	12	1
952	952	13	0
952	952	14	0
952	952	15	0
952	952	16	0
952	952	17	0
952	952	18	0
952	952	19	0
952	952	20	0
952	952	21	0
952	952	22	0
952	952	23	0
952	952	24	0
952	952	25	1
952	952	26	0
952	952	27	0
952	952	28	0
952	952	29	0
952	952	30	0
952	952	31	0
952	952	32	3
952	952	33	0
952	952	34	1
952	952	35	0
952	952	36	0
952	952	37	0
953	953	0	0
953	953	1	0
953	953	2	0
953	953	3	1
953	953	4	0
953	953	5	0
953	953	6	0
953	953	7	0
953	953	8	0
953	953	9	0
953	953	10	0
953	953	11	0
953	953	12	0
953	953	13	2
953	953	14	0
953	953	15	0
953	953	16	0
953	953	17	0
953	953	18	0
953	953	19	0
953	953	20	1
953	953	21	0
953	953	22	0
953	953	23	0
953	953	24	0
953	953	25	0
953	953	26	0
953	953	27	0
953	953	28	0
953	953	29	1
953	953	30	1
953	953	31	3
953	953	32	0
953	953	33	1
953	953	34	0
953	953	35	2
953	953	36	0
953	953	37	0
954	954	0	0
954	954	1	0
954	954	2	0
954	954	3	0
954	954	4	0
954	954	5	0
954	954	6	0
954	954	7	0
954	954	8	0
954	954	9	0
954	954	10	0
954	954	11	0
954	954	12	0
954	954	13	0
954	954	14	0
954	954	15	0
954	954	16	0
954	954	17	0
954	954	18	0
954	954	19	0
954	954	20	0
954	954	21	0
954	954	22	0
954	954	23	0
954	954	24	0
954	954	25	0
954	954	26	0
954	954	27	0
954	954	28	0
954	954	29	0
954	954	30	0
954	954	31	2
954	954	32	0
954	954	33	0
954	954	34	0
954	954	35	0
954	954	36	0
954	954	37	0
955	955	0	0
955	955	1	0
955	955	2	0
955	955	3	0
955	955	4	0
955	955	5	0
955	955	6	0
955	955	7	3
955	955	8	0
955	955	9	0
955	955	10	0
955	955	11	0
955	955	12	0
955	955	13	0
955	955	14	3
955	955	15	0
955	955	16	0
955	955	17	0
955	955	18	0
955	955	19	3
955	955	20	0
955	955	21	0
955	955	22	0
955	955	23	0
955	955	24	0
955	955	25	0
955	955	26	0
955	955	27	0
955	955	28	1
955	955	29	0
955	955	30	0
955	955	31	0
955	955	32	1
955	955	33	0
955	955	34	0
955	955	35	0
955	955	36	0
955	955	37	3
956	956	0	0
956	956	1	0
956	956	2	0
956	956	3	1
956	956	4	0
956	956	5	0
956	956	6	0
956	956	7	0
956	956	8	0
956	956	9	0
956	956	10	0
956	956	11	0
956	956	12	0
956	956	13	0
956	956	14	0
956	956	15	0
956	956	16	0
956	956	17	0
956	956	18	0
956	956	19	0
956	956	20	0
956	956	21	0
956	956	22	0
956	956	23	0
956	956	24	1
956	956	25	0
956	956	26	0
956	956	27	1
956	956	28	0
956	956	29	0
956	956	30	0
956	956	31	0
956	956	32	0
956	956	33	0
956	956	34	0
956	956	35	0
956	956	36	0
956	956	37	0
957	957	0	0
957	957	1	0
957	957	2	0
957	957	3	0
957	957	4	0
957	957	5	0
957	957	6	0
957	957	7	0
957	957	8	0
957	957	9	0
957	957	10	0
957	957	11	0
957	957	12	0
957	957	13	0
957	957	14	0
957	957	15	0
957	957	16	0
957	957	17	0
957	957	18	0
957	957	19	0
957	957	20	0
957	957	21	0
957	957	22	0
957	957	23	0
957	957	24	0
957	957	25	0
957	957	26	0
957	957	27	0
957	957	28	0
957	957	29	0
957	957	30	0
957	957	31	0
957	957	32	0
957	957	33	0
957	957	34	0
957	957	35	0
957	957	36	0
957	957	37	0
958	958	0	0
958	958	1	0
958	958	2	0
958	958	3	0
958	958	4	0
958	958	5	1
958	958	6	0
958	958	7	0
958	958	8	0
958	958	9	0
958	958	10	0
958	958	11	0
958	958	12	0
958	958	13	0
958	958	14	0
958	958	15	3
958	958	16	0
958	958	17	0
958	958	18	0
958	958	19	0
958	958	20	0
958	958	21	2
958	958	22	0
958	958	23	1
958	958	24	0
958	958	25	0
958	958	26	0
958	958	27	0
958	958	28	0
958	958	29	0
958	958	30	1
958	958	31	1
958	958	32	0
958	958	33	0
958	958	34	3
958	958	35	2
958	958	36	3
958	958	37	2
959	959	0	0
959	959	1	0
959	959	2	2
959	959	3	0
959	959	4	0
959	959	5	0
959	959	6	0
959	959	7	0
959	959	8	0
959	959	9	0
959	959	10	0
959	959	11	0
959	959	12	0
959	959	13	0
959	959	14	0
959	959	15	0
959	959	16	1
959	959	17	0
959	959	18	0
959	959	19	0
959	959	20	0
959	959	21	0
959	959	22	0
959	959	23	0
959	959	24	0
959	959	25	0
959	959	26	4
959	959	27	0
959	959	28	0
959	959	29	3
959	959	30	0
959	959	31	3
959	959	32	0
959	959	33	0
959	959	34	1
959	959	35	0
959	959	36	0
959	959	37	0
960	960	0	0
960	960	1	3
960	960	2	0
960	960	3	0
960	960	4	1
960	960	5	0
960	960	6	0
960	960	7	2
960	960	8	0
960	960	9	0
960	960	10	0
960	960	11	0
960	960	12	0
960	960	13	0
960	960	14	0
960	960	15	0
960	960	16	0
960	960	17	0
960	960	18	0
960	960	19	0
960	960	20	0
960	960	21	3
960	960	22	0
960	960	23	2
960	960	24	0
960	960	25	0
960	960	26	1
960	960	27	0
960	960	28	1
960	960	29	0
960	960	30	0
960	960	31	1
960	960	32	0
960	960	33	1
960	960	34	1
960	960	35	0
960	960	36	6
960	960	37	0
961	961	0	0
961	961	1	0
961	961	2	0
961	961	3	0
961	961	4	0
961	961	5	0
961	961	6	0
961	961	7	1
961	961	8	0
961	961	9	0
961	961	10	0
961	961	11	0
961	961	12	0
961	961	13	0
961	961	14	0
961	961	15	0
961	961	16	0
961	961	17	1
961	961	18	0
961	961	19	0
961	961	20	0
961	961	21	0
961	961	22	0
961	961	23	2
961	961	24	0
961	961	25	0
961	961	26	0
961	961	27	0
961	961	28	0
961	961	29	0
961	961	30	2
961	961	31	0
961	961	32	0
961	961	33	0
961	961	34	0
961	961	35	0
961	961	36	1
961	961	37	0
962	962	0	0
962	962	1	0
962	962	2	1
962	962	3	0
962	962	4	0
962	962	5	2
962	962	6	0
962	962	7	0
962	962	8	0
962	962	9	0
962	962	10	0
962	962	11	0
962	962	12	3
962	962	13	0
962	962	14	3
962	962	15	0
962	962	16	0
962	962	17	0
962	962	18	0
962	962	19	0
962	962	20	0
962	962	21	0
962	962	22	1
962	962	23	0
962	962	24	0
962	962	25	4
962	962	26	3
962	962	27	0
962	962	28	1
962	962	29	4
962	962	30	3
962	962	31	3
962	962	32	2
962	962	33	0
962	962	34	1
962	962	35	3
962	962	36	1
962	962	37	3
963	963	0	0
963	963	1	0
963	963	2	1
963	963	3	0
963	963	4	0
963	963	5	0
963	963	6	0
963	963	7	0
963	963	8	1
963	963	9	0
963	963	10	1
963	963	11	0
963	963	12	0
963	963	13	0
963	963	14	1
963	963	15	0
963	963	16	1
963	963	17	0
963	963	18	0
963	963	19	0
963	963	20	0
963	963	21	0
963	963	22	2
963	963	23	0
963	963	24	1
963	963	25	1
963	963	26	0
963	963	27	2
963	963	28	0
963	963	29	0
963	963	30	0
963	963	31	0
963	963	32	1
963	963	33	0
963	963	34	0
963	963	35	1
963	963	36	0
963	963	37	2
964	964	0	0
964	964	1	0
964	964	2	0
964	964	3	0
964	964	4	0
964	964	5	1
964	964	6	0
964	964	7	1
964	964	8	0
964	964	9	0
964	964	10	0
964	964	11	1
964	964	12	0
964	964	13	3
964	964	14	0
964	964	15	0
964	964	16	0
964	964	17	0
964	964	18	0
964	964	19	0
964	964	20	0
964	964	21	0
964	964	22	0
964	964	23	3
964	964	24	0
964	964	25	1
964	964	26	1
964	964	27	0
964	964	28	0
964	964	29	0
964	964	30	1
964	964	31	3
964	964	32	2
964	964	33	3
964	964	34	1
964	964	35	0
964	964	36	1
964	964	37	6
965	965	0	0
965	965	1	0
965	965	2	0
965	965	3	0
965	965	4	0
965	965	5	1
965	965	6	0
965	965	7	0
965	965	8	0
965	965	9	2
965	965	10	0
965	965	11	0
965	965	12	0
965	965	13	1
965	965	14	0
965	965	15	2
965	965	16	0
965	965	17	0
965	965	18	0
965	965	19	0
965	965	20	0
965	965	21	0
965	965	22	0
965	965	23	0
965	965	24	0
965	965	25	1
965	965	26	0
965	965	27	2
965	965	28	3
965	965	29	0
965	965	30	0
965	965	31	0
965	965	32	2
965	965	33	0
965	965	34	0
965	965	35	0
965	965	36	0
965	965	37	0
966	966	0	0
966	966	1	0
966	966	2	1
966	966	3	0
966	966	4	0
966	966	5	0
966	966	6	0
966	966	7	0
966	966	8	0
966	966	9	0
966	966	10	0
966	966	11	0
966	966	12	0
966	966	13	0
966	966	14	0
966	966	15	0
966	966	16	4
966	966	17	1
966	966	18	0
966	966	19	0
966	966	20	0
966	966	21	0
966	966	22	0
966	966	23	0
966	966	24	0
966	966	25	0
966	966	26	0
966	966	27	0
966	966	28	1
966	966	29	0
966	966	30	0
966	966	31	2
966	966	32	0
966	966	33	0
966	966	34	0
966	966	35	1
966	966	36	0
966	966	37	0
967	967	0	0
967	967	1	0
967	967	2	0
967	967	3	1
967	967	4	0
967	967	5	0
967	967	6	0
967	967	7	0
967	967	8	0
967	967	9	0
967	967	10	0
967	967	11	0
967	967	12	0
967	967	13	0
967	967	14	0
967	967	15	0
967	967	16	0
967	967	17	0
967	967	18	0
967	967	19	0
967	967	20	0
967	967	21	0
967	967	22	0
967	967	23	0
967	967	24	0
967	967	25	0
967	967	26	1
967	967	27	0
967	967	28	0
967	967	29	0
967	967	30	0
967	967	31	0
967	967	32	0
967	967	33	1
967	967	34	0
967	967	35	4
967	967	36	0
967	967	37	9
968	968	0	0
968	968	1	0
968	968	2	0
968	968	3	1
968	968	4	0
968	968	5	0
968	968	6	1
968	968	7	0
968	968	8	0
968	968	9	0
968	968	10	0
968	968	11	0
968	968	12	2
968	968	13	0
968	968	14	0
968	968	15	0
968	968	16	0
968	968	17	0
968	968	18	0
968	968	19	0
968	968	20	0
968	968	21	0
968	968	22	0
968	968	23	0
968	968	24	0
968	968	25	0
968	968	26	0
968	968	27	1
968	968	28	0
968	968	29	0
968	968	30	0
968	968	31	0
968	968	32	0
968	968	33	2
968	968	34	0
968	968	35	0
968	968	36	3
968	968	37	0
969	969	0	0
969	969	1	0
969	969	2	1
969	969	3	1
969	969	4	1
969	969	5	0
969	969	6	0
969	969	7	0
969	969	8	0
969	969	9	0
969	969	10	2
969	969	11	0
969	969	12	4
969	969	13	1
969	969	14	0
969	969	15	4
969	969	16	2
969	969	17	0
969	969	18	1
969	969	19	0
969	969	20	1
969	969	21	4
969	969	22	3
969	969	23	2
969	969	24	0
969	969	25	5
969	969	26	6
969	969	27	1
969	969	28	6
969	969	29	1
969	969	30	5
969	969	31	10
969	969	32	1
969	969	33	13
969	969	34	0
969	969	35	10
969	969	36	15
969	969	37	5
970	970	0	0
970	970	1	0
970	970	2	0
970	970	3	1
970	970	4	0
970	970	5	0
970	970	6	0
970	970	7	0
970	970	8	0
970	970	9	0
970	970	10	3
970	970	11	0
970	970	12	0
970	970	13	0
970	970	14	0
970	970	15	2
970	970	16	1
970	970	17	0
970	970	18	0
970	970	19	3
970	970	20	1
970	970	21	0
970	970	22	1
970	970	23	3
970	970	24	2
970	970	25	6
970	970	26	7
970	970	27	1
970	970	28	2
970	970	29	3
970	970	30	6
970	970	31	4
970	970	32	1
970	970	33	0
970	970	34	6
970	970	35	7
970	970	36	3
970	970	37	4
971	971	0	0
971	971	1	0
971	971	2	1
971	971	3	0
971	971	4	0
971	971	5	0
971	971	6	0
971	971	7	2
971	971	8	0
971	971	9	0
971	971	10	0
971	971	11	0
971	971	12	0
971	971	13	0
971	971	14	1
971	971	15	0
971	971	16	0
971	971	17	3
971	971	18	0
971	971	19	1
971	971	20	2
971	971	21	0
971	971	22	0
971	971	23	4
971	971	24	0
971	971	25	2
971	971	26	0
971	971	27	0
971	971	28	2
971	971	29	3
971	971	30	2
971	971	31	0
971	971	32	5
971	971	33	2
971	971	34	1
971	971	35	4
971	971	36	0
971	971	37	4
972	972	0	0
972	972	1	1
972	972	2	0
972	972	3	0
972	972	4	0
972	972	5	0
972	972	6	0
972	972	7	0
972	972	8	0
972	972	9	0
972	972	10	0
972	972	11	0
972	972	12	2
972	972	13	0
972	972	14	0
972	972	15	0
972	972	16	0
972	972	17	0
972	972	18	0
972	972	19	0
972	972	20	0
972	972	21	0
972	972	22	0
972	972	23	0
972	972	24	0
972	972	25	3
972	972	26	0
972	972	27	0
972	972	28	0
972	972	29	0
972	972	30	0
972	972	31	0
972	972	32	0
972	972	33	0
972	972	34	0
972	972	35	0
972	972	36	0
972	972	37	0
973	973	0	0
973	973	1	1
973	973	2	1
973	973	3	1
973	973	4	2
973	973	5	0
973	973	6	0
973	973	7	0
973	973	8	0
973	973	9	0
973	973	10	3
973	973	11	0
973	973	12	3
973	973	13	0
973	973	14	0
973	973	15	1
973	973	16	0
973	973	17	0
973	973	18	1
973	973	19	4
973	973	20	0
973	973	21	3
973	973	22	3
973	973	23	0
973	973	24	0
973	973	25	3
973	973	26	4
973	973	27	0
973	973	28	3
973	973	29	0
973	973	30	3
973	973	31	3
973	973	32	2
973	973	33	2
973	973	34	0
973	973	35	3
973	973	36	2
973	973	37	0
974	974	0	0
974	974	1	0
974	974	2	0
974	974	3	0
974	974	4	1
974	974	5	2
974	974	6	1
974	974	7	0
974	974	8	0
974	974	9	1
974	974	10	0
974	974	11	0
974	974	12	1
974	974	13	0
974	974	14	3
974	974	15	1
974	974	16	0
974	974	17	0
974	974	18	2
974	974	19	0
974	974	20	1
974	974	21	0
974	974	22	1
974	974	23	2
974	974	24	0
974	974	25	0
974	974	26	1
974	974	27	0
974	974	28	1
974	974	29	0
974	974	30	2
974	974	31	0
974	974	32	0
974	974	33	2
974	974	34	0
974	974	35	2
974	974	36	0
974	974	37	3
975	975	0	0
975	975	1	0
975	975	2	2
975	975	3	0
975	975	4	0
975	975	5	0
975	975	6	1
975	975	7	3
975	975	8	0
975	975	9	2
975	975	10	0
975	975	11	0
975	975	12	0
975	975	13	0
975	975	14	0
975	975	15	0
975	975	16	0
975	975	17	0
975	975	18	2
975	975	19	0
975	975	20	0
975	975	21	1
975	975	22	0
975	975	23	1
975	975	24	0
975	975	25	0
975	975	26	0
975	975	27	0
975	975	28	1
975	975	29	0
975	975	30	0
975	975	31	0
975	975	32	0
975	975	33	0
975	975	34	0
975	975	35	0
975	975	36	0
975	975	37	0
976	976	0	0
976	976	1	0
976	976	2	0
976	976	3	0
976	976	4	0
976	976	5	0
976	976	6	0
976	976	7	0
976	976	8	0
976	976	9	0
976	976	10	0
976	976	11	0
976	976	12	1
976	976	13	0
976	976	14	0
976	976	15	1
976	976	16	0
976	976	17	0
976	976	18	0
976	976	19	0
976	976	20	0
976	976	21	0
976	976	22	0
976	976	23	1
976	976	24	0
976	976	25	1
976	976	26	2
976	976	27	0
976	976	28	2
976	976	29	0
976	976	30	5
976	976	31	2
976	976	32	1
976	976	33	0
976	976	34	3
976	976	35	2
976	976	36	0
976	976	37	0
977	977	0	0
977	977	1	0
977	977	2	1
977	977	3	0
977	977	4	0
977	977	5	0
977	977	6	2
977	977	7	0
977	977	8	0
977	977	9	0
977	977	10	0
977	977	11	0
977	977	12	0
977	977	13	0
977	977	14	3
977	977	15	0
977	977	16	0
977	977	17	1
977	977	18	1
977	977	19	0
977	977	20	2
977	977	21	0
977	977	22	0
977	977	23	0
977	977	24	0
977	977	25	0
977	977	26	0
977	977	27	0
977	977	28	1
977	977	29	0
977	977	30	0
977	977	31	0
977	977	32	0
977	977	33	0
977	977	34	2
977	977	35	1
977	977	36	2
977	977	37	1
978	978	0	0
978	978	1	0
978	978	2	1
978	978	3	0
978	978	4	0
978	978	5	3
978	978	6	0
978	978	7	0
978	978	8	3
978	978	9	0
978	978	10	0
978	978	11	3
978	978	12	0
978	978	13	0
978	978	14	0
978	978	15	0
978	978	16	2
978	978	17	0
978	978	18	3
978	978	19	0
978	978	20	2
978	978	21	0
978	978	22	1
978	978	23	0
978	978	24	2
978	978	25	5
978	978	26	2
978	978	27	0
978	978	28	3
978	978	29	0
978	978	30	3
978	978	31	1
978	978	32	1
978	978	33	3
978	978	34	0
978	978	35	0
978	978	36	2
978	978	37	1
979	979	0	0
979	979	1	0
979	979	2	0
979	979	3	0
979	979	4	0
979	979	5	0
979	979	6	0
979	979	7	0
979	979	8	0
979	979	9	0
979	979	10	0
979	979	11	0
979	979	12	1
979	979	13	0
979	979	14	1
979	979	15	0
979	979	16	0
979	979	17	0
979	979	18	0
979	979	19	1
979	979	20	0
979	979	21	2
979	979	22	0
979	979	23	0
979	979	24	0
979	979	25	1
979	979	26	2
979	979	27	1
979	979	28	1
979	979	29	0
979	979	30	0
979	979	31	3
979	979	32	0
979	979	33	2
979	979	34	0
979	979	35	0
979	979	36	0
979	979	37	3
980	980	0	0
980	980	1	1
980	980	2	0
980	980	3	1
980	980	4	0
980	980	5	0
980	980	6	0
980	980	7	0
980	980	8	0
980	980	9	6
980	980	10	0
980	980	11	2
980	980	12	3
980	980	13	0
980	980	14	0
980	980	15	0
980	980	16	0
980	980	17	0
980	980	18	1
980	980	19	0
980	980	20	0
980	980	21	0
980	980	22	2
980	980	23	0
980	980	24	1
980	980	25	0
980	980	26	1
980	980	27	0
980	980	28	0
980	980	29	0
980	980	30	1
980	980	31	0
980	980	32	2
980	980	33	0
980	980	34	1
980	980	35	0
980	980	36	1
980	980	37	0
981	981	0	0
981	981	1	0
981	981	2	0
981	981	3	1
981	981	4	0
981	981	5	0
981	981	6	0
981	981	7	1
981	981	8	0
981	981	9	0
981	981	10	0
981	981	11	0
981	981	12	0
981	981	13	0
981	981	14	0
981	981	15	2
981	981	16	2
981	981	17	0
981	981	18	0
981	981	19	1
981	981	20	0
981	981	21	1
981	981	22	0
981	981	23	0
981	981	24	0
981	981	25	0
981	981	26	0
981	981	27	2
981	981	28	1
981	981	29	0
981	981	30	6
981	981	31	0
981	981	32	2
981	981	33	2
981	981	34	0
981	981	35	0
981	981	36	6
981	981	37	1
982	982	0	0
982	982	1	0
982	982	2	0
982	982	3	0
982	982	4	2
982	982	5	0
982	982	6	0
982	982	7	0
982	982	8	0
982	982	9	0
982	982	10	5
982	982	11	1
982	982	12	0
982	982	13	3
982	982	14	0
982	982	15	0
982	982	16	3
982	982	17	0
982	982	18	1
982	982	19	1
982	982	20	0
982	982	21	0
982	982	22	0
982	982	23	4
982	982	24	3
982	982	25	4
982	982	26	1
982	982	27	5
982	982	28	0
982	982	29	2
982	982	30	2
982	982	31	1
982	982	32	0
982	982	33	1
982	982	34	0
982	982	35	2
982	982	36	2
982	982	37	7
983	983	0	0
983	983	1	2
983	983	2	0
983	983	3	0
983	983	4	0
983	983	5	0
983	983	6	0
983	983	7	0
983	983	8	0
983	983	9	0
983	983	10	0
983	983	11	0
983	983	12	0
983	983	13	0
983	983	14	0
983	983	15	0
983	983	16	4
983	983	17	2
983	983	18	0
983	983	19	2
983	983	20	0
983	983	21	0
983	983	22	0
983	983	23	0
983	983	24	0
983	983	25	1
983	983	26	0
983	983	27	0
983	983	28	2
983	983	29	0
983	983	30	0
983	983	31	0
983	983	32	0
983	983	33	1
983	983	34	5
983	983	35	9
983	983	36	3
983	983	37	3
984	984	0	0
984	984	1	0
984	984	2	0
984	984	3	0
984	984	4	0
984	984	5	0
984	984	6	0
984	984	7	0
984	984	8	0
984	984	9	0
984	984	10	0
984	984	11	0
984	984	12	0
984	984	13	0
984	984	14	0
984	984	15	0
984	984	16	1
984	984	17	0
984	984	18	0
984	984	19	4
984	984	20	1
984	984	21	2
984	984	22	0
984	984	23	3
984	984	24	0
984	984	25	1
984	984	26	0
984	984	27	0
984	984	28	0
984	984	29	1
984	984	30	0
984	984	31	3
984	984	32	2
984	984	33	0
984	984	34	1
984	984	35	0
984	984	36	2
984	984	37	0
985	985	0	0
985	985	1	0
985	985	2	0
985	985	3	0
985	985	4	0
985	985	5	0
985	985	6	0
985	985	7	0
985	985	8	0
985	985	9	0
985	985	10	0
985	985	11	0
985	985	12	0
985	985	13	0
985	985	14	0
985	985	15	0
985	985	16	0
985	985	17	0
985	985	18	0
985	985	19	4
985	985	20	0
985	985	21	0
985	985	22	0
985	985	23	1
985	985	24	1
985	985	25	0
985	985	26	0
985	985	27	1
985	985	28	1
985	985	29	0
985	985	30	1
985	985	31	0
985	985	32	0
985	985	33	0
985	985	34	2
985	985	35	2
985	985	36	0
985	985	37	1
986	986	0	0
986	986	1	2
986	986	2	0
986	986	3	0
986	986	4	0
986	986	5	0
986	986	6	0
986	986	7	0
986	986	8	0
986	986	9	0
986	986	10	4
986	986	11	0
986	986	12	0
986	986	13	0
986	986	14	0
986	986	15	0
986	986	16	0
986	986	17	2
986	986	18	3
986	986	19	1
986	986	20	1
986	986	21	0
986	986	22	0
986	986	23	0
986	986	24	4
986	986	25	1
986	986	26	5
986	986	27	3
986	986	28	1
986	986	29	3
986	986	30	3
986	986	31	1
986	986	32	5
986	986	33	4
986	986	34	4
986	986	35	2
986	986	36	1
986	986	37	3
987	987	0	0
987	987	1	2
987	987	2	0
987	987	3	0
987	987	4	0
987	987	5	0
987	987	6	0
987	987	7	1
987	987	8	0
987	987	9	0
987	987	10	0
987	987	11	0
987	987	12	0
987	987	13	0
987	987	14	0
987	987	15	0
987	987	16	2
987	987	17	0
987	987	18	0
987	987	19	0
987	987	20	0
987	987	21	0
987	987	22	0
987	987	23	0
987	987	24	0
987	987	25	0
987	987	26	2
987	987	27	0
987	987	28	0
987	987	29	3
987	987	30	0
987	987	31	3
987	987	32	0
987	987	33	0
987	987	34	2
987	987	35	1
987	987	36	2
987	987	37	0
988	988	0	0
988	988	1	0
988	988	2	0
988	988	3	0
988	988	4	0
988	988	5	0
988	988	6	0
988	988	7	0
988	988	8	0
988	988	9	0
988	988	10	0
988	988	11	0
988	988	12	0
988	988	13	0
988	988	14	2
988	988	15	0
988	988	16	0
988	988	17	0
988	988	18	0
988	988	19	0
988	988	20	0
988	988	21	0
988	988	22	2
988	988	23	0
988	988	24	0
988	988	25	0
988	988	26	0
988	988	27	0
988	988	28	0
988	988	29	0
988	988	30	0
988	988	31	0
988	988	32	0
988	988	33	0
988	988	34	0
988	988	35	0
988	988	36	0
988	988	37	0
989	989	0	0
989	989	1	0
989	989	2	1
989	989	3	0
989	989	4	0
989	989	5	0
989	989	6	0
989	989	7	0
989	989	8	0
989	989	9	1
989	989	10	0
989	989	11	0
989	989	12	0
989	989	13	0
989	989	14	0
989	989	15	0
989	989	16	0
989	989	17	0
989	989	18	0
989	989	19	1
989	989	20	0
989	989	21	0
989	989	22	0
989	989	23	0
989	989	24	0
989	989	25	0
989	989	26	1
989	989	27	0
989	989	28	0
989	989	29	0
989	989	30	0
989	989	31	0
989	989	32	0
989	989	33	0
989	989	34	0
989	989	35	0
989	989	36	0
989	989	37	0
990	990	0	0
990	990	1	0
990	990	2	0
990	990	3	0
990	990	4	0
990	990	5	0
990	990	6	0
990	990	7	0
990	990	8	0
990	990	9	1
990	990	10	0
990	990	11	0
990	990	12	0
990	990	13	0
990	990	14	0
990	990	15	0
990	990	16	0
990	990	17	0
990	990	18	0
990	990	19	0
990	990	20	3
990	990	21	0
990	990	22	0
990	990	23	0
990	990	24	0
990	990	25	0
990	990	26	0
990	990	27	0
990	990	28	0
990	990	29	1
990	990	30	0
990	990	31	0
990	990	32	1
990	990	33	0
990	990	34	0
990	990	35	0
990	990	36	0
990	990	37	0
991	991	0	0
991	991	1	2
991	991	2	0
991	991	3	0
991	991	4	0
991	991	5	0
991	991	6	0
991	991	7	3
991	991	8	0
991	991	9	0
991	991	10	0
991	991	11	0
991	991	12	2
991	991	13	2
991	991	14	0
991	991	15	0
991	991	16	2
991	991	17	2
991	991	18	1
991	991	19	5
991	991	20	1
991	991	21	1
991	991	22	2
991	991	23	0
991	991	24	0
991	991	25	0
991	991	26	0
991	991	27	0
991	991	28	2
991	991	29	0
991	991	30	2
991	991	31	1
991	991	32	5
991	991	33	0
991	991	34	2
991	991	35	0
991	991	36	0
991	991	37	5
992	992	0	0
992	992	1	0
992	992	2	0
992	992	3	0
992	992	4	0
992	992	5	0
992	992	6	0
992	992	7	0
992	992	8	0
992	992	9	0
992	992	10	0
992	992	11	0
992	992	12	0
992	992	13	1
992	992	14	0
992	992	15	1
992	992	16	0
992	992	17	0
992	992	18	0
992	992	19	0
992	992	20	0
992	992	21	0
992	992	22	0
992	992	23	1
992	992	24	0
992	992	25	0
992	992	26	0
992	992	27	0
992	992	28	0
992	992	29	0
992	992	30	0
992	992	31	0
992	992	32	0
992	992	33	0
992	992	34	0
992	992	35	0
992	992	36	1
992	992	37	0
993	993	0	0
993	993	1	0
993	993	2	1
993	993	3	0
993	993	4	0
993	993	5	0
993	993	6	0
993	993	7	0
993	993	8	0
993	993	9	0
993	993	10	0
993	993	11	0
993	993	12	0
993	993	13	0
993	993	14	0
993	993	15	0
993	993	16	0
993	993	17	0
993	993	18	0
993	993	19	0
993	993	20	0
993	993	21	0
993	993	22	0
993	993	23	0
993	993	24	0
993	993	25	0
993	993	26	0
993	993	27	0
993	993	28	0
993	993	29	0
993	993	30	0
993	993	31	0
993	993	32	0
993	993	33	0
993	993	34	0
993	993	35	0
993	993	36	0
993	993	37	0
994	994	0	0
994	994	1	0
994	994	2	0
994	994	3	0
994	994	4	0
994	994	5	0
994	994	6	0
994	994	7	0
994	994	8	0
994	994	9	0
994	994	10	0
994	994	11	0
994	994	12	0
994	994	13	0
994	994	14	0
994	994	15	0
994	994	16	1
994	994	17	0
994	994	18	0
994	994	19	0
994	994	20	0
994	994	21	0
994	994	22	0
994	994	23	0
994	994	24	0
994	994	25	0
994	994	26	0
994	994	27	0
994	994	28	0
994	994	29	0
994	994	30	0
994	994	31	0
994	994	32	0
994	994	33	0
994	994	34	0
994	994	35	0
994	994	36	0
994	994	37	0
995	995	0	0
995	995	1	0
995	995	2	0
995	995	3	0
995	995	4	0
995	995	5	0
995	995	6	0
995	995	7	0
995	995	8	0
995	995	9	0
995	995	10	0
995	995	11	1
995	995	12	3
995	995	13	0
995	995	14	0
995	995	15	0
995	995	16	0
995	995	17	0
995	995	18	1
995	995	19	0
995	995	20	3
995	995	21	0
995	995	22	0
995	995	23	0
995	995	24	0
995	995	25	0
995	995	26	0
995	995	27	0
995	995	28	0
995	995	29	0
995	995	30	0
995	995	31	0
995	995	32	0
995	995	33	0
995	995	34	0
995	995	35	0
995	995	36	0
995	995	37	0
996	996	0	0
996	996	1	3
996	996	2	0
996	996	3	0
996	996	4	0
996	996	5	0
996	996	6	0
996	996	7	0
996	996	8	2
996	996	9	0
996	996	10	0
996	996	11	0
996	996	12	0
996	996	13	0
996	996	14	0
996	996	15	0
996	996	16	0
996	996	17	0
996	996	18	0
996	996	19	0
996	996	20	0
996	996	21	1
996	996	22	0
996	996	23	0
996	996	24	0
996	996	25	0
996	996	26	0
996	996	27	2
996	996	28	0
996	996	29	0
996	996	30	0
996	996	31	0
996	996	32	0
996	996	33	0
996	996	34	0
996	996	35	0
996	996	36	0
996	996	37	0
997	997	0	0
997	997	1	0
997	997	2	0
997	997	3	0
997	997	4	0
997	997	5	2
997	997	6	0
997	997	7	0
997	997	8	0
997	997	9	0
997	997	10	0
997	997	11	0
997	997	12	0
997	997	13	1
997	997	14	0
997	997	15	0
997	997	16	0
997	997	17	0
997	997	18	0
997	997	19	0
997	997	20	0
997	997	21	0
997	997	22	0
997	997	23	0
997	997	24	0
997	997	25	0
997	997	26	0
997	997	27	0
997	997	28	3
997	997	29	0
997	997	30	2
997	997	31	0
997	997	32	1
997	997	33	0
997	997	34	0
997	997	35	0
997	997	36	0
997	997	37	0
998	998	0	0
998	998	1	0
998	998	2	1
998	998	3	0
998	998	4	0
998	998	5	0
998	998	6	0
998	998	7	0
998	998	8	0
998	998	9	0
998	998	10	0
998	998	11	0
998	998	12	0
998	998	13	1
998	998	14	0
998	998	15	0
998	998	16	0
998	998	17	0
998	998	18	2
998	998	19	2
998	998	20	0
998	998	21	0
998	998	22	0
998	998	23	0
998	998	24	1
998	998	25	0
998	998	26	0
998	998	27	0
998	998	28	0
998	998	29	0
998	998	30	0
998	998	31	3
998	998	32	0
998	998	33	0
998	998	34	0
998	998	35	1
998	998	36	1
998	998	37	0
999	999	0	0
999	999	1	0
999	999	2	1
999	999	3	0
999	999	4	1
999	999	5	2
999	999	6	0
999	999	7	0
999	999	8	0
999	999	9	1
999	999	10	0
999	999	11	0
999	999	12	0
999	999	13	0
999	999	14	2
999	999	15	0
999	999	16	0
999	999	17	0
999	999	18	0
999	999	19	0
999	999	20	0
999	999	21	0
999	999	22	0
999	999	23	0
999	999	24	1
999	999	25	0
999	999	26	0
999	999	27	0
999	999	28	0
999	999	29	0
999	999	30	0
999	999	31	0
999	999	32	0
999	999	33	0
999	999	34	0
999	999	35	0
999	999	36	0
999	999	37	0
1000	1000	0	0
1000	1000	1	2
1000	1000	2	0
1000	1000	3	0
1000	1000	4	0
1000	1000	5	0
1000	1000	6	0
1000	1000	7	0
1000	1000	8	0
1000	1000	9	0
1000	1000	10	0
1000	1000	11	0
1000	1000	12	0
1000	1000	13	0
1000	1000	14	0
1000	1000	15	0
1000	1000	16	0
1000	1000	17	0
1000	1000	18	0
1000	1000	19	0
1000	1000	20	0
1000	1000	21	0
1000	1000	22	0
1000	1000	23	0
1000	1000	24	0
1000	1000	25	0
1000	1000	26	0
1000	1000	27	0
1000	1000	28	0
1000	1000	29	0
1000	1000	30	0
1000	1000	31	0
1000	1000	32	0
1000	1000	33	0
1000	1000	34	0
1000	1000	35	0
1000	1000	36	0
1000	1000	37	0
1001	1001	0	0
1001	1001	1	0
1001	1001	2	0
1001	1001	3	0
1001	1001	4	0
1001	1001	5	0
1001	1001	6	0
1001	1001	7	0
1001	1001	8	0
1001	1001	9	0
1001	1001	10	0
1001	1001	11	0
1001	1001	12	0
1001	1001	13	2
1001	1001	14	0
1001	1001	15	0
1001	1001	16	0
1001	1001	17	0
1001	1001	18	3
1001	1001	19	0
1001	1001	20	0
1001	1001	21	0
1001	1001	22	0
1001	1001	23	0
1001	1001	24	0
1001	1001	25	0
1001	1001	26	0
1001	1001	27	0
1001	1001	28	0
1001	1001	29	0
1001	1001	30	1
1001	1001	31	0
1001	1001	32	0
1001	1001	33	1
1001	1001	34	0
1001	1001	35	0
1001	1001	36	0
1001	1001	37	0
1002	1002	0	0
1002	1002	1	0
1002	1002	2	0
1002	1002	3	0
1002	1002	4	0
1002	1002	5	0
1002	1002	6	0
1002	1002	7	0
1002	1002	8	0
1002	1002	9	0
1002	1002	10	0
1002	1002	11	0
1002	1002	12	0
1002	1002	13	0
1002	1002	14	2
1002	1002	15	0
1002	1002	16	0
1002	1002	17	0
1002	1002	18	0
1002	1002	19	0
1002	1002	20	0
1002	1002	21	0
1002	1002	22	0
1002	1002	23	0
1002	1002	24	2
1002	1002	25	0
1002	1002	26	0
1002	1002	27	0
1002	1002	28	0
1002	1002	29	0
1002	1002	30	0
1002	1002	31	1
1002	1002	32	0
1002	1002	33	0
1002	1002	34	0
1002	1002	35	0
1002	1002	36	2
1002	1002	37	0
1003	1003	0	0
1003	1003	1	3
1003	1003	2	0
1003	1003	3	1
1003	1003	4	0
1003	1003	5	0
1003	1003	6	0
1003	1003	7	0
1003	1003	8	1
1003	1003	9	5
1003	1003	10	0
1003	1003	11	2
1003	1003	12	0
1003	1003	13	3
1003	1003	14	1
1003	1003	15	0
1003	1003	16	0
1003	1003	17	5
1003	1003	18	0
1003	1003	19	1
1003	1003	20	0
1003	1003	21	2
1003	1003	22	0
1003	1003	23	0
1003	1003	24	2
1003	1003	25	0
1003	1003	26	1
1003	1003	27	1
1003	1003	28	2
1003	1003	29	0
1003	1003	30	2
1003	1003	31	1
1003	1003	32	0
1003	1003	33	0
1003	1003	34	3
1003	1003	35	4
1003	1003	36	0
1003	1003	37	0
1004	1004	0	0
1004	1004	1	0
1004	1004	2	0
1004	1004	3	0
1004	1004	4	0
1004	1004	5	0
1004	1004	6	0
1004	1004	7	0
1004	1004	8	0
1004	1004	9	0
1004	1004	10	0
1004	1004	11	0
1004	1004	12	0
1004	1004	13	0
1004	1004	14	0
1004	1004	15	0
1004	1004	16	1
1004	1004	17	0
1004	1004	18	1
1004	1004	19	0
1004	1004	20	0
1004	1004	21	1
1004	1004	22	0
1004	1004	23	0
1004	1004	24	0
1004	1004	25	1
1004	1004	26	1
1004	1004	27	0
1004	1004	28	0
1004	1004	29	0
1004	1004	30	3
1004	1004	31	2
1004	1004	32	2
1004	1004	33	1
1004	1004	34	3
1004	1004	35	5
1004	1004	36	1
1004	1004	37	1
1005	1005	0	0
1005	1005	1	2
1005	1005	2	0
1005	1005	3	0
1005	1005	4	0
1005	1005	5	0
1005	1005	6	0
1005	1005	7	0
1005	1005	8	3
1005	1005	9	0
1005	1005	10	0
1005	1005	11	0
1005	1005	12	0
1005	1005	13	1
1005	1005	14	1
1005	1005	15	0
1005	1005	16	1
1005	1005	17	0
1005	1005	18	0
1005	1005	19	0
1005	1005	20	4
1005	1005	21	0
1005	1005	22	2
1005	1005	23	1
1005	1005	24	2
1005	1005	25	1
1005	1005	26	5
1005	1005	27	3
1005	1005	28	0
1005	1005	29	4
1005	1005	30	3
1005	1005	31	0
1005	1005	32	0
1005	1005	33	0
1005	1005	34	3
1005	1005	35	6
1005	1005	36	6
1005	1005	37	6
1006	1006	0	0
1006	1006	1	0
1006	1006	2	2
1006	1006	3	0
1006	1006	4	0
1006	1006	5	0
1006	1006	6	0
1006	1006	7	0
1006	1006	8	0
1006	1006	9	0
1006	1006	10	0
1006	1006	11	1
1006	1006	12	0
1006	1006	13	0
1006	1006	14	0
1006	1006	15	0
1006	1006	16	1
1006	1006	17	0
1006	1006	18	0
1006	1006	19	0
1006	1006	20	0
1006	1006	21	0
1006	1006	22	0
1006	1006	23	1
1006	1006	24	0
1006	1006	25	0
1006	1006	26	0
1006	1006	27	2
1006	1006	28	0
1006	1006	29	2
1006	1006	30	1
1006	1006	31	0
1006	1006	32	0
1006	1006	33	2
1006	1006	34	4
1006	1006	35	0
1006	1006	36	1
1006	1006	37	0
1007	1007	0	0
1007	1007	1	1
1007	1007	2	0
1007	1007	3	0
1007	1007	4	0
1007	1007	5	0
1007	1007	6	0
1007	1007	7	0
1007	1007	8	2
1007	1007	9	4
1007	1007	10	0
1007	1007	11	1
1007	1007	12	1
1007	1007	13	1
1007	1007	14	1
1007	1007	15	1
1007	1007	16	0
1007	1007	17	2
1007	1007	18	0
1007	1007	19	0
1007	1007	20	0
1007	1007	21	4
1007	1007	22	8
1007	1007	23	1
1007	1007	24	5
1007	1007	25	0
1007	1007	26	0
1007	1007	27	3
1007	1007	28	2
1007	1007	29	3
1007	1007	30	1
1007	1007	31	0
1007	1007	32	3
1007	1007	33	2
1007	1007	34	5
1007	1007	35	4
1007	1007	36	3
1007	1007	37	5
1008	1008	0	0
1008	1008	1	0
1008	1008	2	0
1008	1008	3	1
1008	1008	4	2
1008	1008	5	0
1008	1008	6	2
1008	1008	7	0
1008	1008	8	0
1008	1008	9	2
1008	1008	10	0
1008	1008	11	0
1008	1008	12	1
1008	1008	13	1
1008	1008	14	1
1008	1008	15	0
1008	1008	16	0
1008	1008	17	0
1008	1008	18	1
1008	1008	19	0
1008	1008	20	1
1008	1008	21	1
1008	1008	22	0
1008	1008	23	0
1008	1008	24	0
1008	1008	25	0
1008	1008	26	0
1008	1008	27	2
1008	1008	28	2
1008	1008	29	0
1008	1008	30	0
1008	1008	31	0
1008	1008	32	0
1008	1008	33	2
1008	1008	34	0
1008	1008	35	0
1008	1008	36	0
1008	1008	37	0
1009	1009	0	0
1009	1009	1	0
1009	1009	2	0
1009	1009	3	0
1009	1009	4	0
1009	1009	5	0
1009	1009	6	0
1009	1009	7	0
1009	1009	8	0
1009	1009	9	0
1009	1009	10	2
1009	1009	11	0
1009	1009	12	2
1009	1009	13	0
1009	1009	14	0
1009	1009	15	0
1009	1009	16	0
1009	1009	17	0
1009	1009	18	0
1009	1009	19	0
1009	1009	20	0
1009	1009	21	0
1009	1009	22	0
1009	1009	23	3
1009	1009	24	0
1009	1009	25	3
1009	1009	26	0
1009	1009	27	0
1009	1009	28	0
1009	1009	29	0
1009	1009	30	0
1009	1009	31	0
1009	1009	32	0
1009	1009	33	2
1009	1009	34	0
1009	1009	35	0
1009	1009	36	0
1009	1009	37	0
1010	1010	0	0
1010	1010	1	0
1010	1010	2	0
1010	1010	3	2
1010	1010	4	0
1010	1010	5	0
1010	1010	6	0
1010	1010	7	0
1010	1010	8	0
1010	1010	9	0
1010	1010	10	1
1010	1010	11	0
1010	1010	12	0
1010	1010	13	1
1010	1010	14	0
1010	1010	15	0
1010	1010	16	3
1010	1010	17	1
1010	1010	18	0
1010	1010	19	3
1010	1010	20	1
1010	1010	21	0
1010	1010	22	5
1010	1010	23	3
1010	1010	24	2
1010	1010	25	2
1010	1010	26	1
1010	1010	27	6
1010	1010	28	1
1010	1010	29	2
1010	1010	30	6
1010	1010	31	1
1010	1010	32	0
1010	1010	33	2
1010	1010	34	12
1010	1010	35	4
1010	1010	36	3
1010	1010	37	0
1011	1011	0	0
1011	1011	1	1
1011	1011	2	0
1011	1011	3	0
1011	1011	4	0
1011	1011	5	0
1011	1011	6	0
1011	1011	7	1
1011	1011	8	0
1011	1011	9	0
1011	1011	10	2
1011	1011	11	1
1011	1011	12	0
1011	1011	13	0
1011	1011	14	0
1011	1011	15	0
1011	1011	16	1
1011	1011	17	2
1011	1011	18	0
1011	1011	19	1
1011	1011	20	0
1011	1011	21	1
1011	1011	22	1
1011	1011	23	3
1011	1011	24	3
1011	1011	25	1
1011	1011	26	0
1011	1011	27	0
1011	1011	28	6
1011	1011	29	0
1011	1011	30	1
1011	1011	31	0
1011	1011	32	5
1011	1011	33	3
1011	1011	34	0
1011	1011	35	2
1011	1011	36	0
1011	1011	37	3
1012	1012	0	0
1012	1012	1	0
1012	1012	2	0
1012	1012	3	0
1012	1012	4	1
1012	1012	5	0
1012	1012	6	0
1012	1012	7	0
1012	1012	8	0
1012	1012	9	0
1012	1012	10	1
1012	1012	11	0
1012	1012	12	0
1012	1012	13	0
1012	1012	14	0
1012	1012	15	0
1012	1012	16	0
1012	1012	17	0
1012	1012	18	2
1012	1012	19	0
1012	1012	20	2
1012	1012	21	0
1012	1012	22	0
1012	1012	23	3
1012	1012	24	0
1012	1012	25	4
1012	1012	26	6
1012	1012	27	0
1012	1012	28	2
1012	1012	29	3
1012	1012	30	0
1012	1012	31	0
1012	1012	32	0
1012	1012	33	2
1012	1012	34	1
1012	1012	35	0
1012	1012	36	1
1012	1012	37	0
1013	1013	0	0
1013	1013	1	0
1013	1013	2	0
1013	1013	3	0
1013	1013	4	1
1013	1013	5	0
1013	1013	6	0
1013	1013	7	0
1013	1013	8	0
1013	1013	9	0
1013	1013	10	0
1013	1013	11	0
1013	1013	12	0
1013	1013	13	1
1013	1013	14	0
1013	1013	15	0
1013	1013	16	1
1013	1013	17	2
1013	1013	18	2
1013	1013	19	3
1013	1013	20	0
1013	1013	21	0
1013	1013	22	0
1013	1013	23	0
1013	1013	24	3
1013	1013	25	1
1013	1013	26	2
1013	1013	27	1
1013	1013	28	0
1013	1013	29	3
1013	1013	30	0
1013	1013	31	1
1013	1013	32	2
1013	1013	33	1
1013	1013	34	0
1013	1013	35	0
1013	1013	36	0
1013	1013	37	0
1014	1014	0	0
1014	1014	1	2
1014	1014	2	0
1014	1014	3	0
1014	1014	4	0
1014	1014	5	1
1014	1014	6	0
1014	1014	7	0
1014	1014	8	0
1014	1014	9	0
1014	1014	10	0
1014	1014	11	4
1014	1014	12	0
1014	1014	13	1
1014	1014	14	0
1014	1014	15	0
1014	1014	16	0
1014	1014	17	1
1014	1014	18	1
1014	1014	19	0
1014	1014	20	1
1014	1014	21	2
1014	1014	22	1
1014	1014	23	1
1014	1014	24	0
1014	1014	25	0
1014	1014	26	5
1014	1014	27	0
1014	1014	28	1
1014	1014	29	2
1014	1014	30	0
1014	1014	31	4
1014	1014	32	2
1014	1014	33	3
1014	1014	34	2
1014	1014	35	1
1014	1014	36	0
1014	1014	37	0
1015	1015	0	0
1015	1015	1	1
1015	1015	2	0
1015	1015	3	2
1015	1015	4	0
1015	1015	5	0
1015	1015	6	0
1015	1015	7	0
1015	1015	8	0
1015	1015	9	1
1015	1015	10	0
1015	1015	11	0
1015	1015	12	0
1015	1015	13	1
1015	1015	14	0
1015	1015	15	0
1015	1015	16	0
1015	1015	17	1
1015	1015	18	0
1015	1015	19	0
1015	1015	20	0
1015	1015	21	0
1015	1015	22	4
1015	1015	23	1
1015	1015	24	1
1015	1015	25	0
1015	1015	26	2
1015	1015	27	0
1015	1015	28	0
1015	1015	29	5
1015	1015	30	0
1015	1015	31	0
1015	1015	32	6
1015	1015	33	0
1015	1015	34	1
1015	1015	35	1
1015	1015	36	4
1015	1015	37	0
1016	1016	0	0
1016	1016	1	0
1016	1016	2	0
1016	1016	3	2
1016	1016	4	0
1016	1016	5	0
1016	1016	6	0
1016	1016	7	0
1016	1016	8	0
1016	1016	9	0
1016	1016	10	0
1016	1016	11	0
1016	1016	12	0
1016	1016	13	0
1016	1016	14	0
1016	1016	15	1
1016	1016	16	0
1016	1016	17	2
1016	1016	18	0
1016	1016	19	0
1016	1016	20	0
1016	1016	21	0
1016	1016	22	2
1016	1016	23	0
1016	1016	24	0
1016	1016	25	0
1016	1016	26	0
1016	1016	27	0
1016	1016	28	4
1016	1016	29	1
1016	1016	30	0
1016	1016	31	3
1016	1016	32	0
1016	1016	33	0
1016	1016	34	0
1016	1016	35	0
1016	1016	36	0
1016	1016	37	0
1017	1017	0	0
1017	1017	1	2
1017	1017	2	0
1017	1017	3	2
1017	1017	4	0
1017	1017	5	0
1017	1017	6	0
1017	1017	7	0
1017	1017	8	0
1017	1017	9	0
1017	1017	10	4
1017	1017	11	0
1017	1017	12	1
1017	1017	13	0
1017	1017	14	1
1017	1017	15	0
1017	1017	16	0
1017	1017	17	1
1017	1017	18	0
1017	1017	19	0
1017	1017	20	0
1017	1017	21	2
1017	1017	22	0
1017	1017	23	0
1017	1017	24	1
1017	1017	25	1
1017	1017	26	0
1017	1017	27	0
1017	1017	28	0
1017	1017	29	0
1017	1017	30	0
1017	1017	31	2
1017	1017	32	2
1017	1017	33	1
1017	1017	34	2
1017	1017	35	0
1017	1017	36	0
1017	1017	37	0
1018	1018	0	0
1018	1018	1	2
1018	1018	2	0
1018	1018	3	2
1018	1018	4	0
1018	1018	5	0
1018	1018	6	1
1018	1018	7	0
1018	1018	8	0
1018	1018	9	0
1018	1018	10	0
1018	1018	11	0
1018	1018	12	0
1018	1018	13	0
1018	1018	14	0
1018	1018	15	0
1018	1018	16	2
1018	1018	17	0
1018	1018	18	2
1018	1018	19	1
1018	1018	20	0
1018	1018	21	0
1018	1018	22	0
1018	1018	23	0
1018	1018	24	0
1018	1018	25	0
1018	1018	26	0
1018	1018	27	0
1018	1018	28	1
1018	1018	29	0
1018	1018	30	0
1018	1018	31	0
1018	1018	32	0
1018	1018	33	0
1018	1018	34	0
1018	1018	35	0
1018	1018	36	0
1018	1018	37	0
1019	1019	0	0
1019	1019	1	0
1019	1019	2	0
1019	1019	3	0
1019	1019	4	0
1019	1019	5	0
1019	1019	6	0
1019	1019	7	0
1019	1019	8	0
1019	1019	9	0
1019	1019	10	0
1019	1019	11	0
1019	1019	12	0
1019	1019	13	0
1019	1019	14	0
1019	1019	15	0
1019	1019	16	0
1019	1019	17	1
1019	1019	18	0
1019	1019	19	0
1019	1019	20	0
1019	1019	21	1
1019	1019	22	0
1019	1019	23	0
1019	1019	24	0
1019	1019	25	0
1019	1019	26	0
1019	1019	27	0
1019	1019	28	0
1019	1019	29	0
1019	1019	30	0
1019	1019	31	0
1019	1019	32	0
1019	1019	33	0
1019	1019	34	1
1019	1019	35	0
1019	1019	36	0
1019	1019	37	0
1020	1020	0	0
1020	1020	1	0
1020	1020	2	0
1020	1020	3	0
1020	1020	4	0
1020	1020	5	2
1020	1020	6	0
1020	1020	7	0
1020	1020	8	0
1020	1020	9	0
1020	1020	10	0
1020	1020	11	1
1020	1020	12	1
1020	1020	13	0
1020	1020	14	0
1020	1020	15	0
1020	1020	16	0
1020	1020	17	0
1020	1020	18	0
1020	1020	19	2
1020	1020	20	0
1020	1020	21	1
1020	1020	22	0
1020	1020	23	0
1020	1020	24	1
1020	1020	25	0
1020	1020	26	1
1020	1020	27	4
1020	1020	28	0
1020	1020	29	0
1020	1020	30	0
1020	1020	31	7
1020	1020	32	1
1020	1020	33	0
1020	1020	34	5
1020	1020	35	0
1020	1020	36	2
1020	1020	37	4
1021	1021	0	0
1021	1021	1	0
1021	1021	2	0
1021	1021	3	0
1021	1021	4	0
1021	1021	5	0
1021	1021	6	0
1021	1021	7	0
1021	1021	8	0
1021	1021	9	0
1021	1021	10	0
1021	1021	11	0
1021	1021	12	0
1021	1021	13	0
1021	1021	14	0
1021	1021	15	0
1021	1021	16	1
1021	1021	17	0
1021	1021	18	0
1021	1021	19	0
1021	1021	20	0
1021	1021	21	0
1021	1021	22	0
1021	1021	23	2
1021	1021	24	0
1021	1021	25	3
1021	1021	26	0
1021	1021	27	1
1021	1021	28	0
1021	1021	29	0
1021	1021	30	2
1021	1021	31	0
1021	1021	32	1
1021	1021	33	1
1021	1021	34	0
1021	1021	35	0
1021	1021	36	0
1021	1021	37	0
1022	1022	0	0
1022	1022	1	0
1022	1022	2	0
1022	1022	3	0
1022	1022	4	0
1022	1022	5	0
1022	1022	6	1
1022	1022	7	0
1022	1022	8	3
1022	1022	9	0
1022	1022	10	0
1022	1022	11	0
1022	1022	12	0
1022	1022	13	0
1022	1022	14	0
1022	1022	15	0
1022	1022	16	0
1022	1022	17	0
1022	1022	18	0
1022	1022	19	0
1022	1022	20	0
1022	1022	21	0
1022	1022	22	0
1022	1022	23	0
1022	1022	24	1
1022	1022	25	0
1022	1022	26	0
1022	1022	27	0
1022	1022	28	0
1022	1022	29	0
1022	1022	30	0
1022	1022	31	0
1022	1022	32	0
1022	1022	33	0
1022	1022	34	0
1022	1022	35	0
1022	1022	36	0
1022	1022	37	0
1023	1023	0	0
1023	1023	1	0
1023	1023	2	0
1023	1023	3	0
1023	1023	4	0
1023	1023	5	0
1023	1023	6	0
1023	1023	7	0
1023	1023	8	0
1023	1023	9	0
1023	1023	10	0
1023	1023	11	0
1023	1023	12	2
1023	1023	13	0
1023	1023	14	0
1023	1023	15	0
1023	1023	16	0
1023	1023	17	0
1023	1023	18	0
1023	1023	19	0
1023	1023	20	0
1023	1023	21	0
1023	1023	22	0
1023	1023	23	0
1023	1023	24	0
1023	1023	25	0
1023	1023	26	0
1023	1023	27	0
1023	1023	28	0
1023	1023	29	0
1023	1023	30	0
1023	1023	31	0
1023	1023	32	0
1023	1023	33	0
1023	1023	34	0
1023	1023	35	0
1023	1023	36	0
1023	1023	37	0
1024	1024	0	0
1024	1024	1	0
1024	1024	2	0
1024	1024	3	0
1024	1024	4	0
1024	1024	5	0
1024	1024	6	0
1024	1024	7	2
1024	1024	8	0
1024	1024	9	0
1024	1024	10	0
1024	1024	11	0
1024	1024	12	0
1024	1024	13	0
1024	1024	14	0
1024	1024	15	0
1024	1024	16	0
1024	1024	17	0
1024	1024	18	0
1024	1024	19	2
1024	1024	20	0
1024	1024	21	0
1024	1024	22	0
1024	1024	23	0
1024	1024	24	0
1024	1024	25	0
1024	1024	26	1
1024	1024	27	0
1024	1024	28	0
1024	1024	29	0
1024	1024	30	0
1024	1024	31	0
1024	1024	32	0
1024	1024	33	2
1024	1024	34	0
1024	1024	35	0
1024	1024	36	0
1024	1024	37	2
1025	1025	0	0
1025	1025	1	0
1025	1025	2	0
1025	1025	3	0
1025	1025	4	0
1025	1025	5	0
1025	1025	6	0
1025	1025	7	0
1025	1025	8	0
1025	1025	9	0
1025	1025	10	0
1025	1025	11	0
1025	1025	12	0
1025	1025	13	0
1025	1025	14	0
1025	1025	15	0
1025	1025	16	0
1025	1025	17	0
1025	1025	18	0
1025	1025	19	0
1025	1025	20	0
1025	1025	21	0
1025	1025	22	0
1025	1025	23	0
1025	1025	24	0
1025	1025	25	0
1025	1025	26	0
1025	1025	27	0
1025	1025	28	0
1025	1025	29	0
1025	1025	30	0
1025	1025	31	0
1025	1025	32	0
1025	1025	33	0
1025	1025	34	0
1025	1025	35	0
1025	1025	36	0
1025	1025	37	0
1026	1026	0	0
1026	1026	1	0
1026	1026	2	1
1026	1026	3	0
1026	1026	4	0
1026	1026	5	0
1026	1026	6	0
1026	1026	7	0
1026	1026	8	0
1026	1026	9	1
1026	1026	10	0
1026	1026	11	0
1026	1026	12	0
1026	1026	13	0
1026	1026	14	0
1026	1026	15	0
1026	1026	16	0
1026	1026	17	0
1026	1026	18	0
1026	1026	19	0
1026	1026	20	0
1026	1026	21	0
1026	1026	22	0
1026	1026	23	0
1026	1026	24	0
1026	1026	25	0
1026	1026	26	0
1026	1026	27	0
1026	1026	28	0
1026	1026	29	0
1026	1026	30	0
1026	1026	31	0
1026	1026	32	0
1026	1026	33	0
1026	1026	34	0
1026	1026	35	0
1026	1026	36	0
1026	1026	37	0
1027	1027	0	0
1027	1027	1	0
1027	1027	2	0
1027	1027	3	0
1027	1027	4	0
1027	1027	5	0
1027	1027	6	0
1027	1027	7	2
1027	1027	8	0
1027	1027	9	0
1027	1027	10	5
1027	1027	11	1
1027	1027	12	0
1027	1027	13	0
1027	1027	14	0
1027	1027	15	0
1027	1027	16	0
1027	1027	17	0
1027	1027	18	0
1027	1027	19	2
1027	1027	20	0
1027	1027	21	2
1027	1027	22	0
1027	1027	23	0
1027	1027	24	0
1027	1027	25	0
1027	1027	26	0
1027	1027	27	0
1027	1027	28	0
1027	1027	29	4
1027	1027	30	0
1027	1027	31	0
1027	1027	32	0
1027	1027	33	1
1027	1027	34	0
1027	1027	35	0
1027	1027	36	2
1027	1027	37	0
1028	1028	0	0
1028	1028	1	0
1028	1028	2	0
1028	1028	3	0
1028	1028	4	0
1028	1028	5	0
1028	1028	6	1
1028	1028	7	2
1028	1028	8	0
1028	1028	9	0
1028	1028	10	0
1028	1028	11	0
1028	1028	12	0
1028	1028	13	0
1028	1028	14	0
1028	1028	15	0
1028	1028	16	0
1028	1028	17	2
1028	1028	18	0
1028	1028	19	0
1028	1028	20	0
1028	1028	21	0
1028	1028	22	0
1028	1028	23	0
1028	1028	24	0
1028	1028	25	0
1028	1028	26	0
1028	1028	27	0
1028	1028	28	0
1028	1028	29	0
1028	1028	30	0
1028	1028	31	0
1028	1028	32	0
1028	1028	33	0
1028	1028	34	0
1028	1028	35	0
1028	1028	36	0
1028	1028	37	0
1029	1029	0	0
1029	1029	1	0
1029	1029	2	0
1029	1029	3	0
1029	1029	4	0
1029	1029	5	0
1029	1029	6	3
1029	1029	7	0
1029	1029	8	0
1029	1029	9	0
1029	1029	10	0
1029	1029	11	0
1029	1029	12	0
1029	1029	13	0
1029	1029	14	0
1029	1029	15	0
1029	1029	16	0
1029	1029	17	3
1029	1029	18	0
1029	1029	19	0
1029	1029	20	1
1029	1029	21	0
1029	1029	22	0
1029	1029	23	0
1029	1029	24	1
1029	1029	25	0
1029	1029	26	0
1029	1029	27	0
1029	1029	28	1
1029	1029	29	0
1029	1029	30	0
1029	1029	31	5
1029	1029	32	0
1029	1029	33	0
1029	1029	34	5
1029	1029	35	0
1029	1029	36	0
1029	1029	37	0
1030	1030	0	0
1030	1030	1	0
1030	1030	2	0
1030	1030	3	0
1030	1030	4	0
1030	1030	5	1
1030	1030	6	0
1030	1030	7	1
1030	1030	8	0
1030	1030	9	0
1030	1030	10	1
1030	1030	11	0
1030	1030	12	1
1030	1030	13	0
1030	1030	14	0
1030	1030	15	0
1030	1030	16	0
1030	1030	17	0
1030	1030	18	0
1030	1030	19	0
1030	1030	20	0
1030	1030	21	0
1030	1030	22	0
1030	1030	23	0
1030	1030	24	0
1030	1030	25	0
1030	1030	26	0
1030	1030	27	0
1030	1030	28	0
1030	1030	29	4
1030	1030	30	1
1030	1030	31	0
1030	1030	32	0
1030	1030	33	0
1030	1030	34	0
1030	1030	35	0
1030	1030	36	0
1030	1030	37	0
1031	1031	0	0
1031	1031	1	0
1031	1031	2	2
1031	1031	3	2
1031	1031	4	0
1031	1031	5	0
1031	1031	6	0
1031	1031	7	0
1031	1031	8	0
1031	1031	9	0
1031	1031	10	0
1031	1031	11	0
1031	1031	12	0
1031	1031	13	0
1031	1031	14	2
1031	1031	15	0
1031	1031	16	0
1031	1031	17	0
1031	1031	18	1
1031	1031	19	0
1031	1031	20	0
1031	1031	21	0
1031	1031	22	1
1031	1031	23	0
1031	1031	24	0
1031	1031	25	0
1031	1031	26	2
1031	1031	27	0
1031	1031	28	0
1031	1031	29	1
1031	1031	30	0
1031	1031	31	0
1031	1031	32	0
1031	1031	33	0
1031	1031	34	0
1031	1031	35	1
1031	1031	36	0
1031	1031	37	1
1032	1032	0	0
1032	1032	1	0
1032	1032	2	0
1032	1032	3	0
1032	1032	4	0
1032	1032	5	0
1032	1032	6	0
1032	1032	7	0
1032	1032	8	3
1032	1032	9	0
1032	1032	10	0
1032	1032	11	0
1032	1032	12	0
1032	1032	13	0
1032	1032	14	0
1032	1032	15	0
1032	1032	16	2
1032	1032	17	0
1032	1032	18	0
1032	1032	19	0
1032	1032	20	1
1032	1032	21	1
1032	1032	22	0
1032	1032	23	0
1032	1032	24	0
1032	1032	25	0
1032	1032	26	0
1032	1032	27	0
1032	1032	28	0
1032	1032	29	1
1032	1032	30	0
1032	1032	31	0
1032	1032	32	0
1032	1032	33	0
1032	1032	34	0
1032	1032	35	1
1032	1032	36	0
1032	1032	37	0
1033	1033	0	0
1033	1033	1	0
1033	1033	2	0
1033	1033	3	1
1033	1033	4	0
1033	1033	5	0
1033	1033	6	0
1033	1033	7	0
1033	1033	8	0
1033	1033	9	1
1033	1033	10	0
1033	1033	11	0
1033	1033	12	0
1033	1033	13	0
1033	1033	14	0
1033	1033	15	0
1033	1033	16	0
1033	1033	17	0
1033	1033	18	0
1033	1033	19	5
1033	1033	20	0
1033	1033	21	0
1033	1033	22	0
1033	1033	23	0
1033	1033	24	0
1033	1033	25	0
1033	1033	26	0
1033	1033	27	1
1033	1033	28	1
1033	1033	29	0
1033	1033	30	0
1033	1033	31	0
1033	1033	32	2
1033	1033	33	0
1033	1033	34	0
1033	1033	35	2
1033	1033	36	0
1033	1033	37	0
1034	1034	0	0
1034	1034	1	0
1034	1034	2	0
1034	1034	3	0
1034	1034	4	0
1034	1034	5	0
1034	1034	6	0
1034	1034	7	0
1034	1034	8	0
1034	1034	9	0
1034	1034	10	0
1034	1034	11	0
1034	1034	12	0
1034	1034	13	0
1034	1034	14	0
1034	1034	15	0
1034	1034	16	0
1034	1034	17	0
1034	1034	18	0
1034	1034	19	0
1034	1034	20	0
1034	1034	21	0
1034	1034	22	0
1034	1034	23	3
1034	1034	24	0
1034	1034	25	0
1034	1034	26	0
1034	1034	27	2
1034	1034	28	0
1034	1034	29	0
1034	1034	30	0
1034	1034	31	0
1034	1034	32	1
1034	1034	33	0
1034	1034	34	0
1034	1034	35	0
1034	1034	36	0
1034	1034	37	2
1035	1035	0	0
1035	1035	1	0
1035	1035	2	0
1035	1035	3	0
1035	1035	4	0
1035	1035	5	1
1035	1035	6	0
1035	1035	7	0
1035	1035	8	0
1035	1035	9	0
1035	1035	10	0
1035	1035	11	0
1035	1035	12	0
1035	1035	13	0
1035	1035	14	0
1035	1035	15	0
1035	1035	16	0
1035	1035	17	0
1035	1035	18	0
1035	1035	19	0
1035	1035	20	0
1035	1035	21	0
1035	1035	22	0
1035	1035	23	0
1035	1035	24	0
1035	1035	25	0
1035	1035	26	0
1035	1035	27	0
1035	1035	28	0
1035	1035	29	0
1035	1035	30	0
1035	1035	31	0
1035	1035	32	0
1035	1035	33	0
1035	1035	34	0
1035	1035	35	0
1035	1035	36	0
1035	1035	37	0
1036	1036	0	0
1036	1036	1	0
1036	1036	2	0
1036	1036	3	0
1036	1036	4	0
1036	1036	5	0
1036	1036	6	0
1036	1036	7	0
1036	1036	8	0
1036	1036	9	0
1036	1036	10	0
1036	1036	11	0
1036	1036	12	0
1036	1036	13	0
1036	1036	14	0
1036	1036	15	0
1036	1036	16	0
1036	1036	17	0
1036	1036	18	0
1036	1036	19	0
1036	1036	20	0
1036	1036	21	0
1036	1036	22	0
1036	1036	23	0
1036	1036	24	0
1036	1036	25	0
1036	1036	26	0
1036	1036	27	0
1036	1036	28	0
1036	1036	29	0
1036	1036	30	0
1036	1036	31	0
1036	1036	32	0
1036	1036	33	0
1036	1036	34	0
1036	1036	35	0
1036	1036	36	0
1036	1036	37	0
1037	1037	0	0
1037	1037	1	0
1037	1037	2	0
1037	1037	3	1
1037	1037	4	0
1037	1037	5	0
1037	1037	6	1
1037	1037	7	0
1037	1037	8	0
1037	1037	9	0
1037	1037	10	2
1037	1037	11	0
1037	1037	12	0
1037	1037	13	0
1037	1037	14	2
1037	1037	15	0
1037	1037	16	0
1037	1037	17	0
1037	1037	18	0
1037	1037	19	0
1037	1037	20	0
1037	1037	21	0
1037	1037	22	0
1037	1037	23	1
1037	1037	24	0
1037	1037	25	0
1037	1037	26	0
1037	1037	27	0
1037	1037	28	0
1037	1037	29	0
1037	1037	30	0
1037	1037	31	0
1037	1037	32	0
1037	1037	33	0
1037	1037	34	0
1037	1037	35	0
1037	1037	36	0
1037	1037	37	0
1038	1038	0	0
1038	1038	1	0
1038	1038	2	0
1038	1038	3	3
1038	1038	4	0
1038	1038	5	0
1038	1038	6	0
1038	1038	7	0
1038	1038	8	0
1038	1038	9	0
1038	1038	10	0
1038	1038	11	0
1038	1038	12	1
1038	1038	13	0
1038	1038	14	0
1038	1038	15	0
1038	1038	16	0
1038	1038	17	1
1038	1038	18	0
1038	1038	19	0
1038	1038	20	0
1038	1038	21	3
1038	1038	22	0
1038	1038	23	0
1038	1038	24	0
1038	1038	25	9
1038	1038	26	0
1038	1038	27	0
1038	1038	28	0
1038	1038	29	0
1038	1038	30	0
1038	1038	31	0
1038	1038	32	1
1038	1038	33	0
1038	1038	34	0
1038	1038	35	0
1038	1038	36	0
1038	1038	37	0
1039	1039	0	0
1039	1039	1	1
1039	1039	2	0
1039	1039	3	4
1039	1039	4	0
1039	1039	5	0
1039	1039	6	0
1039	1039	7	0
1039	1039	8	0
1039	1039	9	1
1039	1039	10	0
1039	1039	11	0
1039	1039	12	0
1039	1039	13	0
1039	1039	14	0
1039	1039	15	0
1039	1039	16	0
1039	1039	17	0
1039	1039	18	0
1039	1039	19	0
1039	1039	20	0
1039	1039	21	0
1039	1039	22	0
1039	1039	23	0
1039	1039	24	0
1039	1039	25	0
1039	1039	26	0
1039	1039	27	0
1039	1039	28	0
1039	1039	29	0
1039	1039	30	0
1039	1039	31	0
1039	1039	32	0
1039	1039	33	6
1039	1039	34	0
1039	1039	35	0
1039	1039	36	0
1039	1039	37	0
1040	1040	0	0
1040	1040	1	1
1040	1040	2	0
1040	1040	3	0
1040	1040	4	0
1040	1040	5	0
1040	1040	6	0
1040	1040	7	0
1040	1040	8	0
1040	1040	9	0
1040	1040	10	3
1040	1040	11	0
1040	1040	12	0
1040	1040	13	0
1040	1040	14	0
1040	1040	15	0
1040	1040	16	0
1040	1040	17	0
1040	1040	18	0
1040	1040	19	0
1040	1040	20	1
1040	1040	21	0
1040	1040	22	0
1040	1040	23	0
1040	1040	24	0
1040	1040	25	0
1040	1040	26	1
1040	1040	27	0
1040	1040	28	1
1040	1040	29	0
1040	1040	30	0
1040	1040	31	0
1040	1040	32	0
1040	1040	33	0
1040	1040	34	2
1040	1040	35	0
1040	1040	36	0
1040	1040	37	2
1041	1041	0	0
1041	1041	1	0
1041	1041	2	1
1041	1041	3	1
1041	1041	4	0
1041	1041	5	0
1041	1041	6	0
1041	1041	7	0
1041	1041	8	0
1041	1041	9	0
1041	1041	10	0
1041	1041	11	0
1041	1041	12	0
1041	1041	13	0
1041	1041	14	0
1041	1041	15	2
1041	1041	16	0
1041	1041	17	0
1041	1041	18	0
1041	1041	19	0
1041	1041	20	0
1041	1041	21	0
1041	1041	22	4
1041	1041	23	0
1041	1041	24	0
1041	1041	25	5
1041	1041	26	0
1041	1041	27	0
1041	1041	28	0
1041	1041	29	1
1041	1041	30	1
1041	1041	31	0
1041	1041	32	0
1041	1041	33	1
1041	1041	34	1
1041	1041	35	0
1041	1041	36	1
1041	1041	37	1
1042	1042	0	0
1042	1042	1	0
1042	1042	2	0
1042	1042	3	0
1042	1042	4	0
1042	1042	5	0
1042	1042	6	0
1042	1042	7	0
1042	1042	8	2
1042	1042	9	0
1042	1042	10	0
1042	1042	11	0
1042	1042	12	0
1042	1042	13	0
1042	1042	14	0
1042	1042	15	0
1042	1042	16	0
1042	1042	17	0
1042	1042	18	0
1042	1042	19	0
1042	1042	20	0
1042	1042	21	0
1042	1042	22	0
1042	1042	23	0
1042	1042	24	0
1042	1042	25	0
1042	1042	26	0
1042	1042	27	0
1042	1042	28	0
1042	1042	29	0
1042	1042	30	0
1042	1042	31	0
1042	1042	32	0
1042	1042	33	0
1042	1042	34	0
1042	1042	35	0
1042	1042	36	0
1042	1042	37	0
1043	1043	0	0
1043	1043	1	0
1043	1043	2	1
1043	1043	3	0
1043	1043	4	0
1043	1043	5	0
1043	1043	6	0
1043	1043	7	1
1043	1043	8	0
1043	1043	9	0
1043	1043	10	0
1043	1043	11	0
1043	1043	12	0
1043	1043	13	0
1043	1043	14	0
1043	1043	15	0
1043	1043	16	0
1043	1043	17	0
1043	1043	18	1
1043	1043	19	0
1043	1043	20	0
1043	1043	21	2
1043	1043	22	0
1043	1043	23	0
1043	1043	24	3
1043	1043	25	1
1043	1043	26	0
1043	1043	27	3
1043	1043	28	1
1043	1043	29	0
1043	1043	30	4
1043	1043	31	0
1043	1043	32	2
1043	1043	33	0
1043	1043	34	0
1043	1043	35	2
1043	1043	36	3
1043	1043	37	1
1044	1044	0	0
1044	1044	1	0
1044	1044	2	2
1044	1044	3	0
1044	1044	4	0
1044	1044	5	0
1044	1044	6	0
1044	1044	7	0
1044	1044	8	0
1044	1044	9	0
1044	1044	10	0
1044	1044	11	0
1044	1044	12	0
1044	1044	13	0
1044	1044	14	0
1044	1044	15	0
1044	1044	16	0
1044	1044	17	0
1044	1044	18	0
1044	1044	19	0
1044	1044	20	0
1044	1044	21	0
1044	1044	22	0
1044	1044	23	0
1044	1044	24	0
1044	1044	25	0
1044	1044	26	0
1044	1044	27	0
1044	1044	28	0
1044	1044	29	0
1044	1044	30	0
1044	1044	31	0
1044	1044	32	0
1044	1044	33	0
1044	1044	34	0
1044	1044	35	0
1044	1044	36	0
1044	1044	37	0
1045	1045	0	0
1045	1045	1	0
1045	1045	2	0
1045	1045	3	0
1045	1045	4	0
1045	1045	5	0
1045	1045	6	1
1045	1045	7	0
1045	1045	8	0
1045	1045	9	0
1045	1045	10	0
1045	1045	11	0
1045	1045	12	0
1045	1045	13	0
1045	1045	14	0
1045	1045	15	0
1045	1045	16	0
1045	1045	17	0
1045	1045	18	0
1045	1045	19	0
1045	1045	20	2
1045	1045	21	0
1045	1045	22	0
1045	1045	23	1
1045	1045	24	2
1045	1045	25	1
1045	1045	26	0
1045	1045	27	3
1045	1045	28	0
1045	1045	29	0
1045	1045	30	0
1045	1045	31	4
1045	1045	32	0
1045	1045	33	0
1045	1045	34	1
1045	1045	35	0
1045	1045	36	2
1045	1045	37	1
1046	1046	0	0
1046	1046	1	2
1046	1046	2	0
1046	1046	3	1
1046	1046	4	0
1046	1046	5	0
1046	1046	6	0
1046	1046	7	0
1046	1046	8	0
1046	1046	9	0
1046	1046	10	0
1046	1046	11	0
1046	1046	12	0
1046	1046	13	0
1046	1046	14	0
1046	1046	15	3
1046	1046	16	0
1046	1046	17	0
1046	1046	18	0
1046	1046	19	1
1046	1046	20	0
1046	1046	21	1
1046	1046	22	0
1046	1046	23	0
1046	1046	24	0
1046	1046	25	1
1046	1046	26	0
1046	1046	27	0
1046	1046	28	0
1046	1046	29	0
1046	1046	30	0
1046	1046	31	0
1046	1046	32	0
1046	1046	33	0
1046	1046	34	1
1046	1046	35	2
1046	1046	36	0
1046	1046	37	0
1047	1047	0	0
1047	1047	1	0
1047	1047	2	3
1047	1047	3	0
1047	1047	4	0
1047	1047	5	0
1047	1047	6	0
1047	1047	7	0
1047	1047	8	0
1047	1047	9	0
1047	1047	10	0
1047	1047	11	1
1047	1047	12	0
1047	1047	13	0
1047	1047	14	0
1047	1047	15	0
1047	1047	16	2
1047	1047	17	0
1047	1047	18	0
1047	1047	19	5
1047	1047	20	0
1047	1047	21	3
1047	1047	22	0
1047	1047	23	0
1047	1047	24	0
1047	1047	25	1
1047	1047	26	2
1047	1047	27	1
1047	1047	28	3
1047	1047	29	0
1047	1047	30	2
1047	1047	31	1
1047	1047	32	0
1047	1047	33	2
1047	1047	34	1
1047	1047	35	3
1047	1047	36	1
1047	1047	37	0
1048	1048	0	0
1048	1048	1	0
1048	1048	2	0
1048	1048	3	1
1048	1048	4	0
1048	1048	5	0
1048	1048	6	0
1048	1048	7	0
1048	1048	8	0
1048	1048	9	0
1048	1048	10	0
1048	1048	11	0
1048	1048	12	0
1048	1048	13	1
1048	1048	14	0
1048	1048	15	0
1048	1048	16	0
1048	1048	17	0
1048	1048	18	0
1048	1048	19	0
1048	1048	20	0
1048	1048	21	1
1048	1048	22	0
1048	1048	23	0
1048	1048	24	0
1048	1048	25	0
1048	1048	26	0
1048	1048	27	3
1048	1048	28	0
1048	1048	29	0
1048	1048	30	0
1048	1048	31	0
1048	1048	32	0
1048	1048	33	0
1048	1048	34	1
1048	1048	35	0
1048	1048	36	1
1048	1048	37	0
1049	1049	0	0
1049	1049	1	0
1049	1049	2	0
1049	1049	3	0
1049	1049	4	0
1049	1049	5	0
1049	1049	6	0
1049	1049	7	0
1049	1049	8	4
1049	1049	9	0
1049	1049	10	0
1049	1049	11	0
1049	1049	12	0
1049	1049	13	0
1049	1049	14	0
1049	1049	15	0
1049	1049	16	0
1049	1049	17	0
1049	1049	18	1
1049	1049	19	0
1049	1049	20	0
1049	1049	21	2
1049	1049	22	0
1049	1049	23	0
1049	1049	24	0
1049	1049	25	5
1049	1049	26	0
1049	1049	27	0
1049	1049	28	1
1049	1049	29	0
1049	1049	30	0
1049	1049	31	0
1049	1049	32	3
1049	1049	33	0
1049	1049	34	4
1049	1049	35	1
1049	1049	36	3
1049	1049	37	0
1050	1050	0	0
1050	1050	1	0
1050	1050	2	0
1050	1050	3	0
1050	1050	4	0
1050	1050	5	0
1050	1050	6	0
1050	1050	7	0
1050	1050	8	0
1050	1050	9	0
1050	1050	10	0
1050	1050	11	0
1050	1050	12	0
1050	1050	13	0
1050	1050	14	0
1050	1050	15	0
1050	1050	16	0
1050	1050	17	1
1050	1050	18	0
1050	1050	19	0
1050	1050	20	0
1050	1050	21	0
1050	1050	22	0
1050	1050	23	0
1050	1050	24	0
1050	1050	25	0
1050	1050	26	0
1050	1050	27	0
1050	1050	28	0
1050	1050	29	0
1050	1050	30	0
1050	1050	31	0
1050	1050	32	0
1050	1050	33	0
1050	1050	34	2
1050	1050	35	1
1050	1050	36	0
1050	1050	37	0
1051	1051	0	0
1051	1051	1	0
1051	1051	2	0
1051	1051	3	0
1051	1051	4	0
1051	1051	5	0
1051	1051	6	0
1051	1051	7	0
1051	1051	8	0
1051	1051	9	0
1051	1051	10	0
1051	1051	11	0
1051	1051	12	0
1051	1051	13	0
1051	1051	14	0
1051	1051	15	2
1051	1051	16	0
1051	1051	17	0
1051	1051	18	0
1051	1051	19	0
1051	1051	20	0
1051	1051	21	0
1051	1051	22	0
1051	1051	23	0
1051	1051	24	0
1051	1051	25	2
1051	1051	26	0
1051	1051	27	0
1051	1051	28	0
1051	1051	29	2
1051	1051	30	2
1051	1051	31	0
1051	1051	32	0
1051	1051	33	0
1051	1051	34	0
1051	1051	35	0
1051	1051	36	0
1051	1051	37	1
1052	1052	0	0
1052	1052	1	0
1052	1052	2	0
1052	1052	3	0
1052	1052	4	0
1052	1052	5	0
1052	1052	6	0
1052	1052	7	0
1052	1052	8	0
1052	1052	9	0
1052	1052	10	0
1052	1052	11	0
1052	1052	12	0
1052	1052	13	0
1052	1052	14	0
1052	1052	15	0
1052	1052	16	0
1052	1052	17	0
1052	1052	18	0
1052	1052	19	0
1052	1052	20	0
1052	1052	21	0
1052	1052	22	0
1052	1052	23	0
1052	1052	24	0
1052	1052	25	0
1052	1052	26	0
1052	1052	27	0
1052	1052	28	0
1052	1052	29	0
1052	1052	30	0
1052	1052	31	0
1052	1052	32	0
1052	1052	33	0
1052	1052	34	0
1052	1052	35	0
1052	1052	36	0
1052	1052	37	0
1053	1053	0	0
1053	1053	1	0
1053	1053	2	0
1053	1053	3	2
1053	1053	4	0
1053	1053	5	0
1053	1053	6	0
1053	1053	7	0
1053	1053	8	0
1053	1053	9	1
1053	1053	10	0
1053	1053	11	2
1053	1053	12	0
1053	1053	13	0
1053	1053	14	0
1053	1053	15	0
1053	1053	16	0
1053	1053	17	1
1053	1053	18	0
1053	1053	19	0
1053	1053	20	0
1053	1053	21	0
1053	1053	22	0
1053	1053	23	0
1053	1053	24	0
1053	1053	25	1
1053	1053	26	0
1053	1053	27	0
1053	1053	28	0
1053	1053	29	2
1053	1053	30	0
1053	1053	31	0
1053	1053	32	1
1053	1053	33	0
1053	1053	34	0
1053	1053	35	0
1053	1053	36	0
1053	1053	37	0
1054	1054	0	0
1054	1054	1	0
1054	1054	2	0
1054	1054	3	0
1054	1054	4	0
1054	1054	5	0
1054	1054	6	0
1054	1054	7	0
1054	1054	8	0
1054	1054	9	0
1054	1054	10	0
1054	1054	11	0
1054	1054	12	0
1054	1054	13	0
1054	1054	14	1
1054	1054	15	0
1054	1054	16	0
1054	1054	17	0
1054	1054	18	0
1054	1054	19	0
1054	1054	20	0
1054	1054	21	0
1054	1054	22	0
1054	1054	23	0
1054	1054	24	0
1054	1054	25	1
1054	1054	26	0
1054	1054	27	0
1054	1054	28	0
1054	1054	29	0
1054	1054	30	0
1054	1054	31	0
1054	1054	32	0
1054	1054	33	0
1054	1054	34	0
1054	1054	35	0
1054	1054	36	0
1054	1054	37	0
1055	1055	0	0
1055	1055	1	0
1055	1055	2	1
1055	1055	3	0
1055	1055	4	0
1055	1055	5	2
1055	1055	6	0
1055	1055	7	2
1055	1055	8	0
1055	1055	9	1
1055	1055	10	0
1055	1055	11	0
1055	1055	12	0
1055	1055	13	0
1055	1055	14	0
1055	1055	15	0
1055	1055	16	0
1055	1055	17	0
1055	1055	18	1
1055	1055	19	2
1055	1055	20	0
1055	1055	21	0
1055	1055	22	0
1055	1055	23	0
1055	1055	24	1
1055	1055	25	0
1055	1055	26	0
1055	1055	27	2
1055	1055	28	0
1055	1055	29	0
1055	1055	30	3
1055	1055	31	2
1055	1055	32	0
1055	1055	33	3
1055	1055	34	0
1055	1055	35	0
1055	1055	36	0
1055	1055	37	0
1056	1056	0	0
1056	1056	1	0
1056	1056	2	0
1056	1056	3	0
1056	1056	4	0
1056	1056	5	0
1056	1056	6	0
1056	1056	7	0
1056	1056	8	0
1056	1056	9	0
1056	1056	10	0
1056	1056	11	0
1056	1056	12	0
1056	1056	13	0
1056	1056	14	3
1056	1056	15	0
1056	1056	16	0
1056	1056	17	0
1056	1056	18	1
1056	1056	19	1
1056	1056	20	0
1056	1056	21	1
1056	1056	22	0
1056	1056	23	0
1056	1056	24	0
1056	1056	25	0
1056	1056	26	2
1056	1056	27	2
1056	1056	28	0
1056	1056	29	3
1056	1056	30	0
1056	1056	31	0
1056	1056	32	0
1056	1056	33	1
1056	1056	34	0
1056	1056	35	0
1056	1056	36	0
1056	1056	37	5
1057	1057	0	0
1057	1057	1	1
1057	1057	2	0
1057	1057	3	0
1057	1057	4	0
1057	1057	5	0
1057	1057	6	0
1057	1057	7	0
1057	1057	8	0
1057	1057	9	0
1057	1057	10	0
1057	1057	11	0
1057	1057	12	0
1057	1057	13	0
1057	1057	14	0
1057	1057	15	1
1057	1057	16	0
1057	1057	17	0
1057	1057	18	0
1057	1057	19	0
1057	1057	20	0
1057	1057	21	0
1057	1057	22	0
1057	1057	23	0
1057	1057	24	0
1057	1057	25	0
1057	1057	26	0
1057	1057	27	0
1057	1057	28	1
1057	1057	29	0
1057	1057	30	0
1057	1057	31	0
1057	1057	32	0
1057	1057	33	0
1057	1057	34	0
1057	1057	35	0
1057	1057	36	0
1057	1057	37	0
1058	1058	0	0
1058	1058	1	0
1058	1058	2	0
1058	1058	3	0
1058	1058	4	0
1058	1058	5	0
1058	1058	6	0
1058	1058	7	0
1058	1058	8	0
1058	1058	9	0
1058	1058	10	2
1058	1058	11	0
1058	1058	12	0
1058	1058	13	0
1058	1058	14	0
1058	1058	15	2
1058	1058	16	0
1058	1058	17	0
1058	1058	18	0
1058	1058	19	0
1058	1058	20	1
1058	1058	21	0
1058	1058	22	0
1058	1058	23	0
1058	1058	24	0
1058	1058	25	0
1058	1058	26	0
1058	1058	27	0
1058	1058	28	0
1058	1058	29	0
1058	1058	30	0
1058	1058	31	2
1058	1058	32	0
1058	1058	33	0
1058	1058	34	0
1058	1058	35	0
1058	1058	36	0
1058	1058	37	0
1059	1059	0	0
1059	1059	1	0
1059	1059	2	0
1059	1059	3	0
1059	1059	4	0
1059	1059	5	0
1059	1059	6	0
1059	1059	7	0
1059	1059	8	0
1059	1059	9	0
1059	1059	10	0
1059	1059	11	0
1059	1059	12	0
1059	1059	13	0
1059	1059	14	0
1059	1059	15	0
1059	1059	16	0
1059	1059	17	0
1059	1059	18	0
1059	1059	19	0
1059	1059	20	0
1059	1059	21	0
1059	1059	22	0
1059	1059	23	0
1059	1059	24	0
1059	1059	25	0
1059	1059	26	0
1059	1059	27	0
1059	1059	28	0
1059	1059	29	0
1059	1059	30	0
1059	1059	31	0
1059	1059	32	0
1059	1059	33	0
1059	1059	34	0
1059	1059	35	0
1059	1059	36	0
1059	1059	37	0
1060	1060	0	0
1060	1060	1	0
1060	1060	2	0
1060	1060	3	4
1060	1060	4	0
1060	1060	5	0
1060	1060	6	0
1060	1060	7	0
1060	1060	8	0
1060	1060	9	0
1060	1060	10	0
1060	1060	11	0
1060	1060	12	0
1060	1060	13	0
1060	1060	14	1
1060	1060	15	0
1060	1060	16	1
1060	1060	17	0
1060	1060	18	0
1060	1060	19	0
1060	1060	20	3
1060	1060	21	0
1060	1060	22	0
1060	1060	23	0
1060	1060	24	0
1060	1060	25	0
1060	1060	26	0
1060	1060	27	0
1060	1060	28	0
1060	1060	29	2
1060	1060	30	0
1060	1060	31	0
1060	1060	32	0
1060	1060	33	0
1060	1060	34	3
1060	1060	35	1
1060	1060	36	0
1060	1060	37	2
1061	1061	0	0
1061	1061	1	0
1061	1061	2	0
1061	1061	3	0
1061	1061	4	0
1061	1061	5	0
1061	1061	6	0
1061	1061	7	0
1061	1061	8	0
1061	1061	9	0
1061	1061	10	2
1061	1061	11	4
1061	1061	12	0
1061	1061	13	0
1061	1061	14	0
1061	1061	15	0
1061	1061	16	0
1061	1061	17	0
1061	1061	18	0
1061	1061	19	0
1061	1061	20	0
1061	1061	21	0
1061	1061	22	0
1061	1061	23	0
1061	1061	24	0
1061	1061	25	1
1061	1061	26	0
1061	1061	27	0
1061	1061	28	1
1061	1061	29	0
1061	1061	30	3
1061	1061	31	0
1061	1061	32	0
1061	1061	33	2
1061	1061	34	0
1061	1061	35	0
1061	1061	36	3
1061	1061	37	0
1062	1062	0	0
1062	1062	1	0
1062	1062	2	0
1062	1062	3	0
1062	1062	4	1
1062	1062	5	0
1062	1062	6	1
1062	1062	7	0
1062	1062	8	0
1062	1062	9	0
1062	1062	10	3
1062	1062	11	0
1062	1062	12	0
1062	1062	13	0
1062	1062	14	0
1062	1062	15	0
1062	1062	16	0
1062	1062	17	0
1062	1062	18	0
1062	1062	19	2
1062	1062	20	2
1062	1062	21	1
1062	1062	22	0
1062	1062	23	3
1062	1062	24	1
1062	1062	25	2
1062	1062	26	0
1062	1062	27	2
1062	1062	28	0
1062	1062	29	0
1062	1062	30	0
1062	1062	31	0
1062	1062	32	0
1062	1062	33	1
1062	1062	34	0
1062	1062	35	0
1062	1062	36	0
1062	1062	37	6
1063	1063	0	0
1063	1063	1	0
1063	1063	2	0
1063	1063	3	0
1063	1063	4	0
1063	1063	5	0
1063	1063	6	3
1063	1063	7	0
1063	1063	8	0
1063	1063	9	0
1063	1063	10	0
1063	1063	11	0
1063	1063	12	1
1063	1063	13	0
1063	1063	14	0
1063	1063	15	0
1063	1063	16	0
1063	1063	17	0
1063	1063	18	2
1063	1063	19	0
1063	1063	20	1
1063	1063	21	0
1063	1063	22	0
1063	1063	23	0
1063	1063	24	0
1063	1063	25	0
1063	1063	26	0
1063	1063	27	0
1063	1063	28	2
1063	1063	29	0
1063	1063	30	3
1063	1063	31	0
1063	1063	32	0
1063	1063	33	3
1063	1063	34	0
1063	1063	35	4
1063	1063	36	2
1063	1063	37	0
1064	1064	0	0
1064	1064	1	0
1064	1064	2	0
1064	1064	3	0
1064	1064	4	2
1064	1064	5	0
1064	1064	6	2
1064	1064	7	1
1064	1064	8	2
1064	1064	9	0
1064	1064	10	0
1064	1064	11	0
1064	1064	12	0
1064	1064	13	0
1064	1064	14	0
1064	1064	15	0
1064	1064	16	1
1064	1064	17	0
1064	1064	18	0
1064	1064	19	2
1064	1064	20	1
1064	1064	21	0
1064	1064	22	0
1064	1064	23	0
1064	1064	24	0
1064	1064	25	0
1064	1064	26	0
1064	1064	27	1
1064	1064	28	0
1064	1064	29	0
1064	1064	30	0
1064	1064	31	0
1064	1064	32	0
1064	1064	33	0
1064	1064	34	1
1064	1064	35	3
1064	1064	36	0
1064	1064	37	0
1065	1065	0	0
1065	1065	1	0
1065	1065	2	0
1065	1065	3	0
1065	1065	4	0
1065	1065	5	0
1065	1065	6	1
1065	1065	7	1
1065	1065	8	0
1065	1065	9	0
1065	1065	10	0
1065	1065	11	1
1065	1065	12	0
1065	1065	13	0
1065	1065	14	2
1065	1065	15	0
1065	1065	16	0
1065	1065	17	0
1065	1065	18	0
1065	1065	19	0
1065	1065	20	2
1065	1065	21	1
1065	1065	22	2
1065	1065	23	0
1065	1065	24	5
1065	1065	25	3
1065	1065	26	0
1065	1065	27	2
1065	1065	28	1
1065	1065	29	2
1065	1065	30	3
1065	1065	31	1
1065	1065	32	0
1065	1065	33	0
1065	1065	34	6
1065	1065	35	0
1065	1065	36	3
1065	1065	37	0
1066	1066	0	0
1066	1066	1	0
1066	1066	2	0
1066	1066	3	0
1066	1066	4	0
1066	1066	5	0
1066	1066	6	0
1066	1066	7	0
1066	1066	8	0
1066	1066	9	0
1066	1066	10	0
1066	1066	11	0
1066	1066	12	0
1066	1066	13	0
1066	1066	14	0
1066	1066	15	0
1066	1066	16	0
1066	1066	17	0
1066	1066	18	0
1066	1066	19	1
1066	1066	20	0
1066	1066	21	0
1066	1066	22	0
1066	1066	23	0
1066	1066	24	0
1066	1066	25	0
1066	1066	26	0
1066	1066	27	0
1066	1066	28	0
1066	1066	29	0
1066	1066	30	0
1066	1066	31	1
1066	1066	32	0
1066	1066	33	0
1066	1066	34	0
1066	1066	35	0
1066	1066	36	0
1066	1066	37	0
1067	1067	0	0
1067	1067	1	0
1067	1067	2	0
1067	1067	3	0
1067	1067	4	0
1067	1067	5	0
1067	1067	6	0
1067	1067	7	0
1067	1067	8	0
1067	1067	9	0
1067	1067	10	0
1067	1067	11	0
1067	1067	12	0
1067	1067	13	0
1067	1067	14	2
1067	1067	15	0
1067	1067	16	0
1067	1067	17	2
1067	1067	18	2
1067	1067	19	0
1067	1067	20	0
1067	1067	21	0
1067	1067	22	0
1067	1067	23	0
1067	1067	24	0
1067	1067	25	0
1067	1067	26	0
1067	1067	27	0
1067	1067	28	0
1067	1067	29	0
1067	1067	30	0
1067	1067	31	0
1067	1067	32	0
1067	1067	33	0
1067	1067	34	0
1067	1067	35	0
1067	1067	36	0
1067	1067	37	0
1068	1068	0	0
1068	1068	1	0
1068	1068	2	0
1068	1068	3	0
1068	1068	4	0
1068	1068	5	0
1068	1068	6	0
1068	1068	7	0
1068	1068	8	0
1068	1068	9	0
1068	1068	10	0
1068	1068	11	0
1068	1068	12	0
1068	1068	13	0
1068	1068	14	1
1068	1068	15	0
1068	1068	16	0
1068	1068	17	0
1068	1068	18	0
1068	1068	19	0
1068	1068	20	0
1068	1068	21	0
1068	1068	22	0
1068	1068	23	0
1068	1068	24	0
1068	1068	25	1
1068	1068	26	4
1068	1068	27	0
1068	1068	28	1
1068	1068	29	0
1068	1068	30	0
1068	1068	31	0
1068	1068	32	0
1068	1068	33	1
1068	1068	34	0
1068	1068	35	0
1068	1068	36	1
1068	1068	37	0
1069	1069	0	0
1069	1069	1	0
1069	1069	2	2
1069	1069	3	0
1069	1069	4	1
1069	1069	5	0
1069	1069	6	0
1069	1069	7	0
1069	1069	8	0
1069	1069	9	0
1069	1069	10	0
1069	1069	11	0
1069	1069	12	0
1069	1069	13	0
1069	1069	14	0
1069	1069	15	0
1069	1069	16	0
1069	1069	17	0
1069	1069	18	0
1069	1069	19	0
1069	1069	20	0
1069	1069	21	0
1069	1069	22	0
1069	1069	23	0
1069	1069	24	0
1069	1069	25	0
1069	1069	26	0
1069	1069	27	0
1069	1069	28	0
1069	1069	29	0
1069	1069	30	0
1069	1069	31	0
1069	1069	32	0
1069	1069	33	0
1069	1069	34	0
1069	1069	35	0
1069	1069	36	0
1069	1069	37	0
1070	1070	0	0
1070	1070	1	0
1070	1070	2	0
1070	1070	3	0
1070	1070	4	0
1070	1070	5	0
1070	1070	6	0
1070	1070	7	0
1070	1070	8	0
1070	1070	9	2
1070	1070	10	0
1070	1070	11	2
1070	1070	12	0
1070	1070	13	0
1070	1070	14	3
1070	1070	15	2
1070	1070	16	3
1070	1070	17	0
1070	1070	18	2
1070	1070	19	0
1070	1070	20	2
1070	1070	21	0
1070	1070	22	1
1070	1070	23	6
1070	1070	24	0
1070	1070	25	2
1070	1070	26	3
1070	1070	27	3
1070	1070	28	1
1070	1070	29	0
1070	1070	30	3
1070	1070	31	1
1070	1070	32	1
1070	1070	33	1
1070	1070	34	11
1070	1070	35	4
1070	1070	36	4
1070	1070	37	7
1071	1071	0	0
1071	1071	1	0
1071	1071	2	0
1071	1071	3	0
1071	1071	4	0
1071	1071	5	0
1071	1071	6	0
1071	1071	7	0
1071	1071	8	0
1071	1071	9	0
1071	1071	10	2
1071	1071	11	0
1071	1071	12	0
1071	1071	13	0
1071	1071	14	0
1071	1071	15	1
1071	1071	16	0
1071	1071	17	0
1071	1071	18	1
1071	1071	19	0
1071	1071	20	1
1071	1071	21	4
1071	1071	22	2
1071	1071	23	0
1071	1071	24	3
1071	1071	25	0
1071	1071	26	2
1071	1071	27	6
1071	1071	28	5
1071	1071	29	1
1071	1071	30	3
1071	1071	31	1
1071	1071	32	3
1071	1071	33	0
1071	1071	34	0
1071	1071	35	0
1071	1071	36	3
1071	1071	37	3
1072	1072	0	0
1072	1072	1	0
1072	1072	2	1
1072	1072	3	0
1072	1072	4	0
1072	1072	5	4
1072	1072	6	0
1072	1072	7	0
1072	1072	8	3
1072	1072	9	0
1072	1072	10	0
1072	1072	11	0
1072	1072	12	0
1072	1072	13	0
1072	1072	14	0
1072	1072	15	0
1072	1072	16	0
1072	1072	17	2
1072	1072	18	3
1072	1072	19	0
1072	1072	20	2
1072	1072	21	0
1072	1072	22	5
1072	1072	23	1
1072	1072	24	0
1072	1072	25	0
1072	1072	26	0
1072	1072	27	0
1072	1072	28	2
1072	1072	29	2
1072	1072	30	2
1072	1072	31	4
1072	1072	32	0
1072	1072	33	3
1072	1072	34	0
1072	1072	35	2
1072	1072	36	0
1072	1072	37	1
1073	1073	0	0
1073	1073	1	0
1073	1073	2	1
1073	1073	3	0
1073	1073	4	0
1073	1073	5	1
1073	1073	6	0
1073	1073	7	0
1073	1073	8	0
1073	1073	9	2
1073	1073	10	0
1073	1073	11	0
1073	1073	12	0
1073	1073	13	0
1073	1073	14	0
1073	1073	15	0
1073	1073	16	0
1073	1073	17	0
1073	1073	18	0
1073	1073	19	0
1073	1073	20	0
1073	1073	21	0
1073	1073	22	0
1073	1073	23	0
1073	1073	24	1
1073	1073	25	0
1073	1073	26	0
1073	1073	27	0
1073	1073	28	0
1073	1073	29	0
1073	1073	30	0
1073	1073	31	0
1073	1073	32	0
1073	1073	33	3
1073	1073	34	1
1073	1073	35	3
1073	1073	36	0
1073	1073	37	2
1074	1074	0	0
1074	1074	1	0
1074	1074	2	0
1074	1074	3	0
1074	1074	4	0
1074	1074	5	0
1074	1074	6	0
1074	1074	7	4
1074	1074	8	0
1074	1074	9	0
1074	1074	10	0
1074	1074	11	2
1074	1074	12	0
1074	1074	13	0
1074	1074	14	1
1074	1074	15	0
1074	1074	16	0
1074	1074	17	0
1074	1074	18	0
1074	1074	19	0
1074	1074	20	0
1074	1074	21	2
1074	1074	22	0
1074	1074	23	2
1074	1074	24	0
1074	1074	25	3
1074	1074	26	0
1074	1074	27	2
1074	1074	28	1
1074	1074	29	0
1074	1074	30	0
1074	1074	31	2
1074	1074	32	1
1074	1074	33	3
1074	1074	34	0
1074	1074	35	2
1074	1074	36	0
1074	1074	37	0
1075	1075	0	0
1075	1075	1	0
1075	1075	2	0
1075	1075	3	1
1075	1075	4	0
1075	1075	5	1
1075	1075	6	1
1075	1075	7	1
1075	1075	8	1
1075	1075	9	0
1075	1075	10	0
1075	1075	11	0
1075	1075	12	0
1075	1075	13	0
1075	1075	14	0
1075	1075	15	0
1075	1075	16	0
1075	1075	17	1
1075	1075	18	0
1075	1075	19	0
1075	1075	20	0
1075	1075	21	0
1075	1075	22	1
1075	1075	23	3
1075	1075	24	0
1075	1075	25	0
1075	1075	26	2
1075	1075	27	1
1075	1075	28	0
1075	1075	29	5
1075	1075	30	3
1075	1075	31	1
1075	1075	32	5
1075	1075	33	0
1075	1075	34	2
1075	1075	35	0
1075	1075	36	2
1075	1075	37	1
1076	1076	0	0
1076	1076	1	0
1076	1076	2	0
1076	1076	3	0
1076	1076	4	0
1076	1076	5	0
1076	1076	6	3
1076	1076	7	0
1076	1076	8	0
1076	1076	9	0
1076	1076	10	0
1076	1076	11	1
1076	1076	12	1
1076	1076	13	0
1076	1076	14	0
1076	1076	15	0
1076	1076	16	0
1076	1076	17	0
1076	1076	18	0
1076	1076	19	0
1076	1076	20	2
1076	1076	21	0
1076	1076	22	1
1076	1076	23	0
1076	1076	24	0
1076	1076	25	0
1076	1076	26	0
1076	1076	27	0
1076	1076	28	1
1076	1076	29	0
1076	1076	30	0
1076	1076	31	1
1076	1076	32	0
1076	1076	33	0
1076	1076	34	0
1076	1076	35	0
1076	1076	36	3
1076	1076	37	0
1077	1077	0	0
1077	1077	1	4
1077	1077	2	2
1077	1077	3	0
1077	1077	4	0
1077	1077	5	0
1077	1077	6	0
1077	1077	7	0
1077	1077	8	0
1077	1077	9	0
1077	1077	10	1
1077	1077	11	0
1077	1077	12	1
1077	1077	13	0
1077	1077	14	1
1077	1077	15	0
1077	1077	16	0
1077	1077	17	0
1077	1077	18	0
1077	1077	19	1
1077	1077	20	0
1077	1077	21	1
1077	1077	22	1
1077	1077	23	0
1077	1077	24	3
1077	1077	25	3
1077	1077	26	3
1077	1077	27	1
1077	1077	28	5
1077	1077	29	0
1077	1077	30	3
1077	1077	31	2
1077	1077	32	5
1077	1077	33	4
1077	1077	34	1
1077	1077	35	0
1077	1077	36	2
1077	1077	37	5
1078	1078	0	0
1078	1078	1	0
1078	1078	2	0
1078	1078	3	0
1078	1078	4	0
1078	1078	5	0
1078	1078	6	0
1078	1078	7	0
1078	1078	8	1
1078	1078	9	2
1078	1078	10	1
1078	1078	11	2
1078	1078	12	1
1078	1078	13	0
1078	1078	14	3
1078	1078	15	0
1078	1078	16	0
1078	1078	17	0
1078	1078	18	1
1078	1078	19	3
1078	1078	20	3
1078	1078	21	1
1078	1078	22	1
1078	1078	23	1
1078	1078	24	1
1078	1078	25	0
1078	1078	26	3
1078	1078	27	3
1078	1078	28	1
1078	1078	29	0
1078	1078	30	1
1078	1078	31	1
1078	1078	32	0
1078	1078	33	3
1078	1078	34	4
1078	1078	35	4
1078	1078	36	0
1078	1078	37	0
1079	1079	0	0
1079	1079	1	0
1079	1079	2	0
1079	1079	3	2
1079	1079	4	0
1079	1079	5	0
1079	1079	6	0
1079	1079	7	0
1079	1079	8	1
1079	1079	9	0
1079	1079	10	0
1079	1079	11	2
1079	1079	12	0
1079	1079	13	0
1079	1079	14	0
1079	1079	15	0
1079	1079	16	0
1079	1079	17	0
1079	1079	18	0
1079	1079	19	0
1079	1079	20	1
1079	1079	21	0
1079	1079	22	0
1079	1079	23	0
1079	1079	24	0
1079	1079	25	2
1079	1079	26	0
1079	1079	27	1
1079	1079	28	0
1079	1079	29	3
1079	1079	30	0
1079	1079	31	2
1079	1079	32	2
1079	1079	33	0
1079	1079	34	1
1079	1079	35	1
1079	1079	36	2
1079	1079	37	0
1080	1080	0	0
1080	1080	1	0
1080	1080	2	0
1080	1080	3	0
1080	1080	4	0
1080	1080	5	1
1080	1080	6	0
1080	1080	7	0
1080	1080	8	0
1080	1080	9	0
1080	1080	10	0
1080	1080	11	1
1080	1080	12	0
1080	1080	13	0
1080	1080	14	0
1080	1080	15	0
1080	1080	16	0
1080	1080	17	0
1080	1080	18	0
1080	1080	19	0
1080	1080	20	0
1080	1080	21	0
1080	1080	22	0
1080	1080	23	0
1080	1080	24	0
1080	1080	25	0
1080	1080	26	0
1080	1080	27	1
1080	1080	28	0
1080	1080	29	0
1080	1080	30	0
1080	1080	31	2
1080	1080	32	0
1080	1080	33	0
1080	1080	34	0
1080	1080	35	0
1080	1080	36	0
1080	1080	37	0
1081	1081	0	0
1081	1081	1	0
1081	1081	2	0
1081	1081	3	0
1081	1081	4	0
1081	1081	5	0
1081	1081	6	0
1081	1081	7	0
1081	1081	8	0
1081	1081	9	0
1081	1081	10	0
1081	1081	11	0
1081	1081	12	1
1081	1081	13	0
1081	1081	14	0
1081	1081	15	0
1081	1081	16	0
1081	1081	17	0
1081	1081	18	0
1081	1081	19	0
1081	1081	20	0
1081	1081	21	2
1081	1081	22	0
1081	1081	23	0
1081	1081	24	0
1081	1081	25	0
1081	1081	26	0
1081	1081	27	0
1081	1081	28	3
1081	1081	29	4
1081	1081	30	0
1081	1081	31	0
1081	1081	32	0
1081	1081	33	0
1081	1081	34	0
1081	1081	35	0
1081	1081	36	0
1081	1081	37	2
1082	1082	0	0
1082	1082	1	0
1082	1082	2	0
1082	1082	3	0
1082	1082	4	0
1082	1082	5	2
1082	1082	6	0
1082	1082	7	0
1082	1082	8	0
1082	1082	9	0
1082	1082	10	1
1082	1082	11	0
1082	1082	12	0
1082	1082	13	0
1082	1082	14	0
1082	1082	15	0
1082	1082	16	0
1082	1082	17	0
1082	1082	18	2
1082	1082	19	0
1082	1082	20	0
1082	1082	21	0
1082	1082	22	0
1082	1082	23	0
1082	1082	24	0
1082	1082	25	0
1082	1082	26	0
1082	1082	27	2
1082	1082	28	0
1082	1082	29	0
1082	1082	30	0
1082	1082	31	0
1082	1082	32	1
1082	1082	33	0
1082	1082	34	0
1082	1082	35	0
1082	1082	36	1
1082	1082	37	0
1083	1083	0	0
1083	1083	1	0
1083	1083	2	0
1083	1083	3	0
1083	1083	4	0
1083	1083	5	0
1083	1083	6	0
1083	1083	7	0
1083	1083	8	0
1083	1083	9	1
1083	1083	10	2
1083	1083	11	0
1083	1083	12	0
1083	1083	13	0
1083	1083	14	0
1083	1083	15	0
1083	1083	16	4
1083	1083	17	0
1083	1083	18	0
1083	1083	19	0
1083	1083	20	0
1083	1083	21	7
1083	1083	22	1
1083	1083	23	1
1083	1083	24	1
1083	1083	25	0
1083	1083	26	0
1083	1083	27	0
1083	1083	28	4
1083	1083	29	0
1083	1083	30	3
1083	1083	31	0
1083	1083	32	2
1083	1083	33	1
1083	1083	34	0
1083	1083	35	3
1083	1083	36	1
1083	1083	37	2
1084	1084	0	0
1084	1084	1	0
1084	1084	2	0
1084	1084	3	0
1084	1084	4	0
1084	1084	5	2
1084	1084	6	3
1084	1084	7	0
1084	1084	8	0
1084	1084	9	1
1084	1084	10	2
1084	1084	11	0
1084	1084	12	0
1084	1084	13	0
1084	1084	14	0
1084	1084	15	0
1084	1084	16	0
1084	1084	17	0
1084	1084	18	2
1084	1084	19	1
1084	1084	20	1
1084	1084	21	0
1084	1084	22	2
1084	1084	23	2
1084	1084	24	0
1084	1084	25	0
1084	1084	26	0
1084	1084	27	0
1084	1084	28	0
1084	1084	29	0
1084	1084	30	4
1084	1084	31	0
1084	1084	32	0
1084	1084	33	1
1084	1084	34	0
1084	1084	35	3
1084	1084	36	0
1084	1084	37	1
1085	1085	0	0
1085	1085	1	0
1085	1085	2	0
1085	1085	3	0
1085	1085	4	0
1085	1085	5	0
1085	1085	6	0
1085	1085	7	0
1085	1085	8	1
1085	1085	9	0
1085	1085	10	0
1085	1085	11	0
1085	1085	12	1
1085	1085	13	0
1085	1085	14	0
1085	1085	15	0
1085	1085	16	1
1085	1085	17	0
1085	1085	18	0
1085	1085	19	0
1085	1085	20	0
1085	1085	21	3
1085	1085	22	3
1085	1085	23	0
1085	1085	24	0
1085	1085	25	0
1085	1085	26	1
1085	1085	27	1
1085	1085	28	0
1085	1085	29	0
1085	1085	30	0
1085	1085	31	0
1085	1085	32	2
1085	1085	33	0
1085	1085	34	0
1085	1085	35	0
1085	1085	36	0
1085	1085	37	1
1086	1086	0	0
1086	1086	1	0
1086	1086	2	0
1086	1086	3	0
1086	1086	4	0
1086	1086	5	0
1086	1086	6	0
1086	1086	7	2
1086	1086	8	0
1086	1086	9	0
1086	1086	10	0
1086	1086	11	0
1086	1086	12	0
1086	1086	13	0
1086	1086	14	1
1086	1086	15	1
1086	1086	16	0
1086	1086	17	0
1086	1086	18	0
1086	1086	19	0
1086	1086	20	0
1086	1086	21	0
1086	1086	22	1
1086	1086	23	1
1086	1086	24	0
1086	1086	25	3
1086	1086	26	0
1086	1086	27	2
1086	1086	28	0
1086	1086	29	1
1086	1086	30	3
1086	1086	31	2
1086	1086	32	0
1086	1086	33	1
1086	1086	34	4
1086	1086	35	1
1086	1086	36	0
1086	1086	37	2
1087	1087	0	0
1087	1087	1	0
1087	1087	2	1
1087	1087	3	0
1087	1087	4	0
1087	1087	5	0
1087	1087	6	0
1087	1087	7	0
1087	1087	8	0
1087	1087	9	0
1087	1087	10	0
1087	1087	11	0
1087	1087	12	0
1087	1087	13	0
1087	1087	14	0
1087	1087	15	0
1087	1087	16	1
1087	1087	17	0
1087	1087	18	0
1087	1087	19	0
1087	1087	20	0
1087	1087	21	0
1087	1087	22	0
1087	1087	23	0
1087	1087	24	0
1087	1087	25	0
1087	1087	26	2
1087	1087	27	0
1087	1087	28	0
1087	1087	29	1
1087	1087	30	0
1087	1087	31	3
1087	1087	32	1
1087	1087	33	0
1087	1087	34	0
1087	1087	35	3
1087	1087	36	0
1087	1087	37	0
1088	1088	0	0
1088	1088	1	0
1088	1088	2	2
1088	1088	3	0
1088	1088	4	0
1088	1088	5	0
1088	1088	6	0
1088	1088	7	0
1088	1088	8	0
1088	1088	9	4
1088	1088	10	0
1088	1088	11	0
1088	1088	12	0
1088	1088	13	0
1088	1088	14	0
1088	1088	15	0
1088	1088	16	0
1088	1088	17	3
1088	1088	18	0
1088	1088	19	0
1088	1088	20	0
1088	1088	21	0
1088	1088	22	0
1088	1088	23	0
1088	1088	24	1
1088	1088	25	0
1088	1088	26	0
1088	1088	27	0
1088	1088	28	0
1088	1088	29	0
1088	1088	30	0
1088	1088	31	0
1088	1088	32	0
1088	1088	33	3
1088	1088	34	0
1088	1088	35	1
1088	1088	36	0
1088	1088	37	3
1089	1089	0	0
1089	1089	1	1
1089	1089	2	0
1089	1089	3	0
1089	1089	4	0
1089	1089	5	0
1089	1089	6	0
1089	1089	7	0
1089	1089	8	1
1089	1089	9	0
1089	1089	10	0
1089	1089	11	0
1089	1089	12	0
1089	1089	13	0
1089	1089	14	0
1089	1089	15	0
1089	1089	16	0
1089	1089	17	0
1089	1089	18	0
1089	1089	19	0
1089	1089	20	0
1089	1089	21	0
1089	1089	22	0
1089	1089	23	0
1089	1089	24	0
1089	1089	25	0
1089	1089	26	0
1089	1089	27	0
1089	1089	28	0
1089	1089	29	0
1089	1089	30	0
1089	1089	31	0
1089	1089	32	0
1089	1089	33	0
1089	1089	34	0
1089	1089	35	0
1089	1089	36	0
1089	1089	37	0
1090	1090	0	0
1090	1090	1	0
1090	1090	2	0
1090	1090	3	1
1090	1090	4	0
1090	1090	5	0
1090	1090	6	0
1090	1090	7	2
1090	1090	8	0
1090	1090	9	0
1090	1090	10	0
1090	1090	11	1
1090	1090	12	0
1090	1090	13	0
1090	1090	14	0
1090	1090	15	0
1090	1090	16	0
1090	1090	17	2
1090	1090	18	0
1090	1090	19	0
1090	1090	20	2
1090	1090	21	4
1090	1090	22	0
1090	1090	23	0
1090	1090	24	1
1090	1090	25	0
1090	1090	26	3
1090	1090	27	1
1090	1090	28	0
1090	1090	29	0
1090	1090	30	0
1090	1090	31	2
1090	1090	32	0
1090	1090	33	3
1090	1090	34	0
1090	1090	35	1
1090	1090	36	4
1090	1090	37	0
1091	1091	0	0
1091	1091	1	0
1091	1091	2	0
1091	1091	3	0
1091	1091	4	0
1091	1091	5	2
1091	1091	6	0
1091	1091	7	0
1091	1091	8	0
1091	1091	9	0
1091	1091	10	0
1091	1091	11	2
1091	1091	12	0
1091	1091	13	0
1091	1091	14	0
1091	1091	15	0
1091	1091	16	0
1091	1091	17	0
1091	1091	18	0
1091	1091	19	0
1091	1091	20	0
1091	1091	21	0
1091	1091	22	0
1091	1091	23	0
1091	1091	24	0
1091	1091	25	0
1091	1091	26	2
1091	1091	27	4
1091	1091	28	0
1091	1091	29	0
1091	1091	30	0
1091	1091	31	1
1091	1091	32	0
1091	1091	33	1
1091	1091	34	0
1091	1091	35	2
1091	1091	36	0
1091	1091	37	0
1092	1092	0	0
1092	1092	1	1
1092	1092	2	0
1092	1092	3	0
1092	1092	4	0
1092	1092	5	0
1092	1092	6	0
1092	1092	7	0
1092	1092	8	0
1092	1092	9	0
1092	1092	10	0
1092	1092	11	0
1092	1092	12	0
1092	1092	13	0
1092	1092	14	0
1092	1092	15	0
1092	1092	16	0
1092	1092	17	1
1092	1092	18	0
1092	1092	19	0
1092	1092	20	1
1092	1092	21	0
1092	1092	22	0
1092	1092	23	0
1092	1092	24	0
1092	1092	25	0
1092	1092	26	0
1092	1092	27	0
1092	1092	28	0
1092	1092	29	1
1092	1092	30	0
1092	1092	31	0
1092	1092	32	2
1092	1092	33	0
1092	1092	34	0
1092	1092	35	0
1092	1092	36	0
1092	1092	37	0
1093	1093	0	0
1093	1093	1	0
1093	1093	2	0
1093	1093	3	0
1093	1093	4	3
1093	1093	5	0
1093	1093	6	0
1093	1093	7	0
1093	1093	8	0
1093	1093	9	0
1093	1093	10	0
1093	1093	11	1
1093	1093	12	0
1093	1093	13	0
1093	1093	14	0
1093	1093	15	0
1093	1093	16	1
1093	1093	17	0
1093	1093	18	1
1093	1093	19	0
1093	1093	20	1
1093	1093	21	2
1093	1093	22	0
1093	1093	23	0
1093	1093	24	2
1093	1093	25	0
1093	1093	26	1
1093	1093	27	6
1093	1093	28	0
1093	1093	29	0
1093	1093	30	0
1093	1093	31	1
1093	1093	32	2
1093	1093	33	1
1093	1093	34	2
1093	1093	35	0
1093	1093	36	0
1093	1093	37	0
1094	1094	0	0
1094	1094	1	0
1094	1094	2	2
1094	1094	3	0
1094	1094	4	0
1094	1094	5	0
1094	1094	6	0
1094	1094	7	0
1094	1094	8	0
1094	1094	9	3
1094	1094	10	0
1094	1094	11	0
1094	1094	12	6
1094	1094	13	0
1094	1094	14	0
1094	1094	15	0
1094	1094	16	0
1094	1094	17	0
1094	1094	18	0
1094	1094	19	0
1094	1094	20	2
1094	1094	21	0
1094	1094	22	0
1094	1094	23	1
1094	1094	24	0
1094	1094	25	0
1094	1094	26	0
1094	1094	27	0
1094	1094	28	1
1094	1094	29	0
1094	1094	30	1
1094	1094	31	0
1094	1094	32	3
1094	1094	33	0
1094	1094	34	0
1094	1094	35	1
1094	1094	36	2
1094	1094	37	0
1095	1095	0	0
1095	1095	1	0
1095	1095	2	0
1095	1095	3	0
1095	1095	4	3
1095	1095	5	0
1095	1095	6	0
1095	1095	7	0
1095	1095	8	3
1095	1095	9	0
1095	1095	10	0
1095	1095	11	0
1095	1095	12	0
1095	1095	13	0
1095	1095	14	0
1095	1095	15	0
1095	1095	16	0
1095	1095	17	0
1095	1095	18	0
1095	1095	19	0
1095	1095	20	1
1095	1095	21	0
1095	1095	22	0
1095	1095	23	0
1095	1095	24	0
1095	1095	25	0
1095	1095	26	0
1095	1095	27	0
1095	1095	28	2
1095	1095	29	0
1095	1095	30	0
1095	1095	31	1
1095	1095	32	0
1095	1095	33	0
1095	1095	34	0
1095	1095	35	0
1095	1095	36	2
1095	1095	37	0
1096	1096	0	0
1096	1096	1	0
1096	1096	2	0
1096	1096	3	0
1096	1096	4	0
1096	1096	5	0
1096	1096	6	0
1096	1096	7	0
1096	1096	8	0
1096	1096	9	0
1096	1096	10	0
1096	1096	11	0
1096	1096	12	0
1096	1096	13	0
1096	1096	14	0
1096	1096	15	0
1096	1096	16	0
1096	1096	17	0
1096	1096	18	0
1096	1096	19	0
1096	1096	20	0
1096	1096	21	0
1096	1096	22	0
1096	1096	23	0
1096	1096	24	0
1096	1096	25	2
1096	1096	26	1
1096	1096	27	0
1096	1096	28	3
1096	1096	29	0
1096	1096	30	0
1096	1096	31	0
1096	1096	32	0
1096	1096	33	0
1096	1096	34	0
1096	1096	35	0
1096	1096	36	1
1096	1096	37	2
1097	1097	0	0
1097	1097	1	0
1097	1097	2	0
1097	1097	3	0
1097	1097	4	0
1097	1097	5	0
1097	1097	6	0
1097	1097	7	0
1097	1097	8	0
1097	1097	9	0
1097	1097	10	0
1097	1097	11	1
1097	1097	12	0
1097	1097	13	0
1097	1097	14	0
1097	1097	15	0
1097	1097	16	0
1097	1097	17	1
1097	1097	18	0
1097	1097	19	0
1097	1097	20	0
1097	1097	21	0
1097	1097	22	0
1097	1097	23	1
1097	1097	24	0
1097	1097	25	0
1097	1097	26	0
1097	1097	27	2
1097	1097	28	0
1097	1097	29	0
1097	1097	30	0
1097	1097	31	0
1097	1097	32	0
1097	1097	33	0
1097	1097	34	0
1097	1097	35	0
1097	1097	36	1
1097	1097	37	0
1098	1098	0	0
1098	1098	1	0
1098	1098	2	0
1098	1098	3	0
1098	1098	4	0
1098	1098	5	0
1098	1098	6	0
1098	1098	7	0
1098	1098	8	0
1098	1098	9	0
1098	1098	10	0
1098	1098	11	0
1098	1098	12	0
1098	1098	13	0
1098	1098	14	0
1098	1098	15	3
1098	1098	16	2
1098	1098	17	0
1098	1098	18	0
1098	1098	19	1
1098	1098	20	1
1098	1098	21	0
1098	1098	22	1
1098	1098	23	5
1098	1098	24	3
1098	1098	25	2
1098	1098	26	1
1098	1098	27	1
1098	1098	28	1
1098	1098	29	2
1098	1098	30	1
1098	1098	31	6
1098	1098	32	1
1098	1098	33	2
1098	1098	34	0
1098	1098	35	1
1098	1098	36	1
1098	1098	37	2
1099	1099	0	0
1099	1099	1	0
1099	1099	2	0
1099	1099	3	0
1099	1099	4	1
1099	1099	5	1
1099	1099	6	0
1099	1099	7	0
1099	1099	8	0
1099	1099	9	3
1099	1099	10	0
1099	1099	11	0
1099	1099	12	2
1099	1099	13	0
1099	1099	14	7
1099	1099	15	0
1099	1099	16	0
1099	1099	17	0
1099	1099	18	2
1099	1099	19	0
1099	1099	20	3
1099	1099	21	2
1099	1099	22	1
1099	1099	23	5
1099	1099	24	3
1099	1099	25	1
1099	1099	26	2
1099	1099	27	0
1099	1099	28	1
1099	1099	29	2
1099	1099	30	4
1099	1099	31	2
1099	1099	32	0
1099	1099	33	5
1099	1099	34	3
1099	1099	35	3
1099	1099	36	2
1099	1099	37	1
1100	1100	0	0
1100	1100	1	0
1100	1100	2	1
1100	1100	3	0
1100	1100	4	1
1100	1100	5	0
1100	1100	6	0
1100	1100	7	0
1100	1100	8	0
1100	1100	9	0
1100	1100	10	0
1100	1100	11	0
1100	1100	12	4
1100	1100	13	0
1100	1100	14	0
1100	1100	15	0
1100	1100	16	0
1100	1100	17	0
1100	1100	18	0
1100	1100	19	1
1100	1100	20	3
1100	1100	21	0
1100	1100	22	0
1100	1100	23	5
1100	1100	24	4
1100	1100	25	1
1100	1100	26	0
1100	1100	27	1
1100	1100	28	3
1100	1100	29	0
1100	1100	30	2
1100	1100	31	0
1100	1100	32	0
1100	1100	33	0
1100	1100	34	2
1100	1100	35	1
1100	1100	36	1
1100	1100	37	3
1101	1101	0	0
1101	1101	1	0
1101	1101	2	0
1101	1101	3	1
1101	1101	4	2
1101	1101	5	3
1101	1101	6	0
1101	1101	7	0
1101	1101	8	0
1101	1101	9	0
1101	1101	10	0
1101	1101	11	3
1101	1101	12	0
1101	1101	13	1
1101	1101	14	1
1101	1101	15	0
1101	1101	16	2
1101	1101	17	0
1101	1101	18	2
1101	1101	19	2
1101	1101	20	0
1101	1101	21	0
1101	1101	22	0
1101	1101	23	0
1101	1101	24	1
1101	1101	25	0
1101	1101	26	0
1101	1101	27	2
1101	1101	28	2
1101	1101	29	0
1101	1101	30	0
1101	1101	31	0
1101	1101	32	0
1101	1101	33	3
1101	1101	34	7
1101	1101	35	0
1101	1101	36	0
1101	1101	37	1
1102	1102	0	0
1102	1102	1	3
1102	1102	2	0
1102	1102	3	0
1102	1102	4	0
1102	1102	5	0
1102	1102	6	0
1102	1102	7	0
1102	1102	8	1
1102	1102	9	0
1102	1102	10	0
1102	1102	11	2
1102	1102	12	0
1102	1102	13	0
1102	1102	14	0
1102	1102	15	2
1102	1102	16	1
1102	1102	17	0
1102	1102	18	1
1102	1102	19	1
1102	1102	20	0
1102	1102	21	4
1102	1102	22	1
1102	1102	23	1
1102	1102	24	0
1102	1102	25	3
1102	1102	26	0
1102	1102	27	1
1102	1102	28	2
1102	1102	29	0
1102	1102	30	6
1102	1102	31	0
1102	1102	32	0
1102	1102	33	2
1102	1102	34	8
1102	1102	35	2
1102	1102	36	3
1102	1102	37	5
1103	1103	0	0
1103	1103	1	0
1103	1103	2	0
1103	1103	3	2
1103	1103	4	2
1103	1103	5	0
1103	1103	6	1
1103	1103	7	0
1103	1103	8	0
1103	1103	9	0
1103	1103	10	0
1103	1103	11	0
1103	1103	12	0
1103	1103	13	0
1103	1103	14	0
1103	1103	15	0
1103	1103	16	0
1103	1103	17	2
1103	1103	18	0
1103	1103	19	3
1103	1103	20	2
1103	1103	21	0
1103	1103	22	0
1103	1103	23	7
1103	1103	24	0
1103	1103	25	2
1103	1103	26	2
1103	1103	27	0
1103	1103	28	1
1103	1103	29	0
1103	1103	30	2
1103	1103	31	3
1103	1103	32	0
1103	1103	33	2
1103	1103	34	5
1103	1103	35	3
1103	1103	36	5
1103	1103	37	0
1104	1104	0	0
1104	1104	1	0
1104	1104	2	0
1104	1104	3	0
1104	1104	4	0
1104	1104	5	0
1104	1104	6	0
1104	1104	7	0
1104	1104	8	0
1104	1104	9	0
1104	1104	10	0
1104	1104	11	2
1104	1104	12	0
1104	1104	13	0
1104	1104	14	0
1104	1104	15	0
1104	1104	16	0
1104	1104	17	0
1104	1104	18	0
1104	1104	19	0
1104	1104	20	2
1104	1104	21	1
1104	1104	22	0
1104	1104	23	0
1104	1104	24	1
1104	1104	25	2
1104	1104	26	1
1104	1104	27	2
1104	1104	28	0
1104	1104	29	3
1104	1104	30	3
1104	1104	31	1
1104	1104	32	4
1104	1104	33	4
1104	1104	34	4
1104	1104	35	5
1104	1104	36	6
1104	1104	37	6
1105	1105	0	0
1105	1105	1	0
1105	1105	2	0
1105	1105	3	0
1105	1105	4	0
1105	1105	5	0
1105	1105	6	0
1105	1105	7	0
1105	1105	8	0
1105	1105	9	1
1105	1105	10	0
1105	1105	11	0
1105	1105	12	0
1105	1105	13	0
1105	1105	14	1
1105	1105	15	2
1105	1105	16	0
1105	1105	17	2
1105	1105	18	6
1105	1105	19	0
1105	1105	20	0
1105	1105	21	3
1105	1105	22	0
1105	1105	23	0
1105	1105	24	2
1105	1105	25	0
1105	1105	26	2
1105	1105	27	3
1105	1105	28	1
1105	1105	29	0
1105	1105	30	5
1105	1105	31	3
1105	1105	32	0
1105	1105	33	1
1105	1105	34	1
1105	1105	35	0
1105	1105	36	2
1105	1105	37	3
1106	1106	0	0
1106	1106	1	0
1106	1106	2	0
1106	1106	3	1
1106	1106	4	0
1106	1106	5	0
1106	1106	6	0
1106	1106	7	0
1106	1106	8	2
1106	1106	9	0
1106	1106	10	0
1106	1106	11	0
1106	1106	12	2
1106	1106	13	0
1106	1106	14	2
1106	1106	15	4
1106	1106	16	0
1106	1106	17	0
1106	1106	18	0
1106	1106	19	0
1106	1106	20	3
1106	1106	21	0
1106	1106	22	0
1106	1106	23	0
1106	1106	24	5
1106	1106	25	1
1106	1106	26	1
1106	1106	27	0
1106	1106	28	0
1106	1106	29	0
1106	1106	30	0
1106	1106	31	1
1106	1106	32	0
1106	1106	33	0
1106	1106	34	3
1106	1106	35	1
1106	1106	36	2
1106	1106	37	2
1107	1107	0	0
1107	1107	1	0
1107	1107	2	0
1107	1107	3	0
1107	1107	4	0
1107	1107	5	0
1107	1107	6	0
1107	1107	7	3
1107	1107	8	0
1107	1107	9	0
1107	1107	10	0
1107	1107	11	0
1107	1107	12	0
1107	1107	13	0
1107	1107	14	0
1107	1107	15	0
1107	1107	16	2
1107	1107	17	0
1107	1107	18	0
1107	1107	19	0
1107	1107	20	0
1107	1107	21	1
1107	1107	22	1
1107	1107	23	1
1107	1107	24	0
1107	1107	25	0
1107	1107	26	0
1107	1107	27	0
1107	1107	28	0
1107	1107	29	2
1107	1107	30	3
1107	1107	31	2
1107	1107	32	2
1107	1107	33	0
1107	1107	34	2
1107	1107	35	0
1107	1107	36	4
1107	1107	37	5
1108	1108	0	0
1108	1108	1	0
1108	1108	2	0
1108	1108	3	0
1108	1108	4	0
1108	1108	5	0
1108	1108	6	0
1108	1108	7	1
1108	1108	8	0
1108	1108	9	0
1108	1108	10	0
1108	1108	11	0
1108	1108	12	0
1108	1108	13	0
1108	1108	14	0
1108	1108	15	1
1108	1108	16	0
1108	1108	17	1
1108	1108	18	0
1108	1108	19	0
1108	1108	20	0
1108	1108	21	0
1108	1108	22	0
1108	1108	23	1
1108	1108	24	0
1108	1108	25	0
1108	1108	26	1
1108	1108	27	0
1108	1108	28	0
1108	1108	29	0
1108	1108	30	1
1108	1108	31	0
1108	1108	32	0
1108	1108	33	0
1108	1108	34	0
1108	1108	35	4
1108	1108	36	0
1108	1108	37	2
1109	1109	0	0
1109	1109	1	1
1109	1109	2	0
1109	1109	3	0
1109	1109	4	0
1109	1109	5	0
1109	1109	6	0
1109	1109	7	2
1109	1109	8	0
1109	1109	9	0
1109	1109	10	1
1109	1109	11	0
1109	1109	12	0
1109	1109	13	4
1109	1109	14	0
1109	1109	15	2
1109	1109	16	3
1109	1109	17	0
1109	1109	18	3
1109	1109	19	2
1109	1109	20	1
1109	1109	21	0
1109	1109	22	1
1109	1109	23	2
1109	1109	24	0
1109	1109	25	4
1109	1109	26	1
1109	1109	27	3
1109	1109	28	0
1109	1109	29	3
1109	1109	30	5
1109	1109	31	4
1109	1109	32	11
1109	1109	33	6
1109	1109	34	5
1109	1109	35	6
1109	1109	36	10
1109	1109	37	0
1110	1110	0	0
1110	1110	1	0
1110	1110	2	0
1110	1110	3	0
1110	1110	4	0
1110	1110	5	0
1110	1110	6	0
1110	1110	7	0
1110	1110	8	0
1110	1110	9	0
1110	1110	10	0
1110	1110	11	0
1110	1110	12	0
1110	1110	13	0
1110	1110	14	0
1110	1110	15	0
1110	1110	16	0
1110	1110	17	0
1110	1110	18	0
1110	1110	19	3
1110	1110	20	0
1110	1110	21	0
1110	1110	22	0
1110	1110	23	0
1110	1110	24	0
1110	1110	25	0
1110	1110	26	0
1110	1110	27	0
1110	1110	28	0
1110	1110	29	0
1110	1110	30	0
1110	1110	31	0
1110	1110	32	0
1110	1110	33	0
1110	1110	34	0
1110	1110	35	0
1110	1110	36	0
1110	1110	37	0
1111	1111	0	0
1111	1111	1	0
1111	1111	2	0
1111	1111	3	0
1111	1111	4	0
1111	1111	5	0
1111	1111	6	0
1111	1111	7	2
1111	1111	8	0
1111	1111	9	0
1111	1111	10	0
1111	1111	11	0
1111	1111	12	0
1111	1111	13	0
1111	1111	14	0
1111	1111	15	0
1111	1111	16	0
1111	1111	17	0
1111	1111	18	0
1111	1111	19	0
1111	1111	20	0
1111	1111	21	0
1111	1111	22	0
1111	1111	23	0
1111	1111	24	0
1111	1111	25	0
1111	1111	26	0
1111	1111	27	0
1111	1111	28	0
1111	1111	29	1
1111	1111	30	0
1111	1111	31	0
1111	1111	32	0
1111	1111	33	0
1111	1111	34	0
1111	1111	35	2
1111	1111	36	0
1111	1111	37	0
1112	1112	0	0
1112	1112	1	0
1112	1112	2	0
1112	1112	3	0
1112	1112	4	0
1112	1112	5	0
1112	1112	6	0
1112	1112	7	0
1112	1112	8	0
1112	1112	9	0
1112	1112	10	0
1112	1112	11	0
1112	1112	12	0
1112	1112	13	0
1112	1112	14	0
1112	1112	15	0
1112	1112	16	0
1112	1112	17	0
1112	1112	18	0
1112	1112	19	0
1112	1112	20	0
1112	1112	21	0
1112	1112	22	0
1112	1112	23	0
1112	1112	24	0
1112	1112	25	0
1112	1112	26	0
1112	1112	27	0
1112	1112	28	0
1112	1112	29	0
1112	1112	30	0
1112	1112	31	0
1112	1112	32	0
1112	1112	33	0
1112	1112	34	0
1112	1112	35	0
1112	1112	36	0
1112	1112	37	0
1113	1113	0	0
1113	1113	1	2
1113	1113	2	0
1113	1113	3	0
1113	1113	4	0
1113	1113	5	0
1113	1113	6	0
1113	1113	7	0
1113	1113	8	0
1113	1113	9	0
1113	1113	10	1
1113	1113	11	0
1113	1113	12	0
1113	1113	13	0
1113	1113	14	1
1113	1113	15	0
1113	1113	16	0
1113	1113	17	0
1113	1113	18	0
1113	1113	19	0
1113	1113	20	0
1113	1113	21	0
1113	1113	22	0
1113	1113	23	0
1113	1113	24	0
1113	1113	25	0
1113	1113	26	0
1113	1113	27	0
1113	1113	28	0
1113	1113	29	0
1113	1113	30	0
1113	1113	31	0
1113	1113	32	0
1113	1113	33	0
1113	1113	34	0
1113	1113	35	0
1113	1113	36	0
1113	1113	37	0
1114	1114	0	0
1114	1114	1	0
1114	1114	2	0
1114	1114	3	3
1114	1114	4	2
1114	1114	5	0
1114	1114	6	0
1114	1114	7	1
1114	1114	8	0
1114	1114	9	0
1114	1114	10	2
1114	1114	11	0
1114	1114	12	0
1114	1114	13	0
1114	1114	14	0
1114	1114	15	2
1114	1114	16	0
1114	1114	17	0
1114	1114	18	0
1114	1114	19	0
1114	1114	20	0
1114	1114	21	0
1114	1114	22	0
1114	1114	23	0
1114	1114	24	0
1114	1114	25	0
1114	1114	26	0
1114	1114	27	0
1114	1114	28	0
1114	1114	29	0
1114	1114	30	2
1114	1114	31	2
1114	1114	32	3
1114	1114	33	0
1114	1114	34	0
1114	1114	35	0
1114	1114	36	0
1114	1114	37	1
1115	1115	0	0
1115	1115	1	1
1115	1115	2	0
1115	1115	3	3
1115	1115	4	0
1115	1115	5	0
1115	1115	6	0
1115	1115	7	0
1115	1115	8	0
1115	1115	9	3
1115	1115	10	1
1115	1115	11	0
1115	1115	12	0
1115	1115	13	0
1115	1115	14	0
1115	1115	15	1
1115	1115	16	0
1115	1115	17	1
1115	1115	18	2
1115	1115	19	0
1115	1115	20	1
1115	1115	21	0
1115	1115	22	0
1115	1115	23	1
1115	1115	24	0
1115	1115	25	0
1115	1115	26	0
1115	1115	27	0
1115	1115	28	1
1115	1115	29	0
1115	1115	30	0
1115	1115	31	1
1115	1115	32	0
1115	1115	33	0
1115	1115	34	0
1115	1115	35	0
1115	1115	36	0
1115	1115	37	6
1116	1116	0	0
1116	1116	1	0
1116	1116	2	1
1116	1116	3	0
1116	1116	4	0
1116	1116	5	0
1116	1116	6	0
1116	1116	7	0
1116	1116	8	5
1116	1116	9	0
1116	1116	10	2
1116	1116	11	0
1116	1116	12	0
1116	1116	13	3
1116	1116	14	0
1116	1116	15	0
1116	1116	16	1
1116	1116	17	3
1116	1116	18	0
1116	1116	19	1
1116	1116	20	0
1116	1116	21	1
1116	1116	22	1
1116	1116	23	0
1116	1116	24	4
1116	1116	25	3
1116	1116	26	0
1116	1116	27	0
1116	1116	28	2
1116	1116	29	0
1116	1116	30	2
1116	1116	31	0
1116	1116	32	0
1116	1116	33	1
1116	1116	34	0
1116	1116	35	0
1116	1116	36	0
1116	1116	37	0
1117	1117	0	0
1117	1117	1	0
1117	1117	2	0
1117	1117	3	0
1117	1117	4	0
1117	1117	5	1
1117	1117	6	0
1117	1117	7	1
1117	1117	8	0
1117	1117	9	0
1117	1117	10	0
1117	1117	11	0
1117	1117	12	0
1117	1117	13	0
1117	1117	14	2
1117	1117	15	4
1117	1117	16	0
1117	1117	17	0
1117	1117	18	0
1117	1117	19	0
1117	1117	20	0
1117	1117	21	0
1117	1117	22	0
1117	1117	23	0
1117	1117	24	0
1117	1117	25	1
1117	1117	26	0
1117	1117	27	0
1117	1117	28	0
1117	1117	29	2
1117	1117	30	1
1117	1117	31	0
1117	1117	32	0
1117	1117	33	2
1117	1117	34	0
1117	1117	35	0
1117	1117	36	0
1117	1117	37	0
1118	1118	0	0
1118	1118	1	0
1118	1118	2	1
1118	1118	3	1
1118	1118	4	0
1118	1118	5	0
1118	1118	6	0
1118	1118	7	0
1118	1118	8	1
1118	1118	9	0
1118	1118	10	0
1118	1118	11	0
1118	1118	12	1
1118	1118	13	0
1118	1118	14	0
1118	1118	15	0
1118	1118	16	0
1118	1118	17	1
1118	1118	18	0
1118	1118	19	0
1118	1118	20	0
1118	1118	21	0
1118	1118	22	0
1118	1118	23	0
1118	1118	24	1
1118	1118	25	0
1118	1118	26	0
1118	1118	27	0
1118	1118	28	0
1118	1118	29	0
1118	1118	30	0
1118	1118	31	0
1118	1118	32	0
1118	1118	33	0
1118	1118	34	0
1118	1118	35	4
1118	1118	36	0
1118	1118	37	0
1119	1119	0	0
1119	1119	1	0
1119	1119	2	0
1119	1119	3	0
1119	1119	4	3
1119	1119	5	0
1119	1119	6	0
1119	1119	7	0
1119	1119	8	0
1119	1119	9	0
1119	1119	10	0
1119	1119	11	0
1119	1119	12	0
1119	1119	13	0
1119	1119	14	0
1119	1119	15	0
1119	1119	16	0
1119	1119	17	0
1119	1119	18	0
1119	1119	19	0
1119	1119	20	1
1119	1119	21	1
1119	1119	22	0
1119	1119	23	0
1119	1119	24	0
1119	1119	25	0
1119	1119	26	0
1119	1119	27	0
1119	1119	28	1
1119	1119	29	0
1119	1119	30	0
1119	1119	31	0
1119	1119	32	0
1119	1119	33	0
1119	1119	34	0
1119	1119	35	1
1119	1119	36	0
1119	1119	37	0
1120	1120	0	0
1120	1120	1	2
1120	1120	2	0
1120	1120	3	0
1120	1120	4	0
1120	1120	5	0
1120	1120	6	0
1120	1120	7	0
1120	1120	8	0
1120	1120	9	0
1120	1120	10	0
1120	1120	11	0
1120	1120	12	0
1120	1120	13	0
1120	1120	14	0
1120	1120	15	0
1120	1120	16	0
1120	1120	17	0
1120	1120	18	0
1120	1120	19	0
1120	1120	20	0
1120	1120	21	0
1120	1120	22	0
1120	1120	23	2
1120	1120	24	0
1120	1120	25	1
1120	1120	26	1
1120	1120	27	0
1120	1120	28	0
1120	1120	29	0
1120	1120	30	0
1120	1120	31	0
1120	1120	32	0
1120	1120	33	0
1120	1120	34	0
1120	1120	35	0
1120	1120	36	0
1120	1120	37	0
1121	1121	0	0
1121	1121	1	3
1121	1121	2	0
1121	1121	3	0
1121	1121	4	0
1121	1121	5	0
1121	1121	6	0
1121	1121	7	0
1121	1121	8	1
1121	1121	9	1
1121	1121	10	0
1121	1121	11	0
1121	1121	12	1
1121	1121	13	0
1121	1121	14	0
1121	1121	15	0
1121	1121	16	0
1121	1121	17	0
1121	1121	18	3
1121	1121	19	0
1121	1121	20	0
1121	1121	21	0
1121	1121	22	0
1121	1121	23	0
1121	1121	24	1
1121	1121	25	0
1121	1121	26	0
1121	1121	27	0
1121	1121	28	2
1121	1121	29	3
1121	1121	30	2
1121	1121	31	1
1121	1121	32	0
1121	1121	33	2
1121	1121	34	0
1121	1121	35	1
1121	1121	36	0
1121	1121	37	0
1122	1122	0	0
1122	1122	1	0
1122	1122	2	0
1122	1122	3	0
1122	1122	4	1
1122	1122	5	0
1122	1122	6	0
1122	1122	7	0
1122	1122	8	0
1122	1122	9	2
1122	1122	10	1
1122	1122	11	0
1122	1122	12	0
1122	1122	13	1
1122	1122	14	0
1122	1122	15	0
1122	1122	16	0
1122	1122	17	0
1122	1122	18	0
1122	1122	19	0
1122	1122	20	0
1122	1122	21	0
1122	1122	22	0
1122	1122	23	0
1122	1122	24	0
1122	1122	25	0
1122	1122	26	0
1122	1122	27	0
1122	1122	28	1
1122	1122	29	0
1122	1122	30	0
1122	1122	31	0
1122	1122	32	0
1122	1122	33	0
1122	1122	34	0
1122	1122	35	0
1122	1122	36	0
1122	1122	37	0
1123	1123	0	0
1123	1123	1	0
1123	1123	2	1
1123	1123	3	0
1123	1123	4	0
1123	1123	5	1
1123	1123	6	0
1123	1123	7	0
1123	1123	8	0
1123	1123	9	1
1123	1123	10	0
1123	1123	11	0
1123	1123	12	1
1123	1123	13	1
1123	1123	14	0
1123	1123	15	1
1123	1123	16	0
1123	1123	17	0
1123	1123	18	0
1123	1123	19	0
1123	1123	20	0
1123	1123	21	0
1123	1123	22	0
1123	1123	23	0
1123	1123	24	0
1123	1123	25	0
1123	1123	26	0
1123	1123	27	1
1123	1123	28	0
1123	1123	29	0
1123	1123	30	0
1123	1123	31	0
1123	1123	32	1
1123	1123	33	0
1123	1123	34	0
1123	1123	35	1
1123	1123	36	0
1123	1123	37	0
1124	1124	0	0
1124	1124	1	0
1124	1124	2	0
1124	1124	3	0
1124	1124	4	0
1124	1124	5	0
1124	1124	6	0
1124	1124	7	0
1124	1124	8	0
1124	1124	9	0
1124	1124	10	0
1124	1124	11	1
1124	1124	12	0
1124	1124	13	0
1124	1124	14	0
1124	1124	15	0
1124	1124	16	0
1124	1124	17	1
1124	1124	18	0
1124	1124	19	0
1124	1124	20	0
1124	1124	21	0
1124	1124	22	0
1124	1124	23	0
1124	1124	24	0
1124	1124	25	0
1124	1124	26	0
1124	1124	27	0
1124	1124	28	0
1124	1124	29	0
1124	1124	30	0
1124	1124	31	0
1124	1124	32	0
1124	1124	33	0
1124	1124	34	0
1124	1124	35	0
1124	1124	36	0
1124	1124	37	0
1125	1125	0	0
1125	1125	1	0
1125	1125	2	0
1125	1125	3	0
1125	1125	4	0
1125	1125	5	0
1125	1125	6	0
1125	1125	7	0
1125	1125	8	0
1125	1125	9	0
1125	1125	10	1
1125	1125	11	0
1125	1125	12	0
1125	1125	13	0
1125	1125	14	0
1125	1125	15	0
1125	1125	16	0
1125	1125	17	1
1125	1125	18	0
1125	1125	19	0
1125	1125	20	0
1125	1125	21	1
1125	1125	22	0
1125	1125	23	0
1125	1125	24	0
1125	1125	25	0
1125	1125	26	0
1125	1125	27	2
1125	1125	28	1
1125	1125	29	0
1125	1125	30	0
1125	1125	31	2
1125	1125	32	0
1125	1125	33	0
1125	1125	34	0
1125	1125	35	0
1125	1125	36	0
1125	1125	37	1
1126	1126	0	0
1126	1126	1	1
1126	1126	2	2
1126	1126	3	0
1126	1126	4	0
1126	1126	5	0
1126	1126	6	1
1126	1126	7	0
1126	1126	8	0
1126	1126	9	0
1126	1126	10	0
1126	1126	11	1
1126	1126	12	2
1126	1126	13	0
1126	1126	14	0
1126	1126	15	1
1126	1126	16	0
1126	1126	17	0
1126	1126	18	0
1126	1126	19	2
1126	1126	20	1
1126	1126	21	0
1126	1126	22	3
1126	1126	23	1
1126	1126	24	0
1126	1126	25	0
1126	1126	26	0
1126	1126	27	0
1126	1126	28	0
1126	1126	29	1
1126	1126	30	0
1126	1126	31	0
1126	1126	32	0
1126	1126	33	1
1126	1126	34	0
1126	1126	35	1
1126	1126	36	0
1126	1126	37	3
1127	1127	0	0
1127	1127	1	0
1127	1127	2	0
1127	1127	3	1
1127	1127	4	0
1127	1127	5	1
1127	1127	6	0
1127	1127	7	0
1127	1127	8	0
1127	1127	9	0
1127	1127	10	0
1127	1127	11	0
1127	1127	12	2
1127	1127	13	0
1127	1127	14	0
1127	1127	15	0
1127	1127	16	0
1127	1127	17	0
1127	1127	18	2
1127	1127	19	0
1127	1127	20	0
1127	1127	21	0
1127	1127	22	0
1127	1127	23	0
1127	1127	24	0
1127	1127	25	0
1127	1127	26	0
1127	1127	27	0
1127	1127	28	0
1127	1127	29	0
1127	1127	30	0
1127	1127	31	0
1127	1127	32	0
1127	1127	33	0
1127	1127	34	0
1127	1127	35	0
1127	1127	36	0
1127	1127	37	0
1128	1128	0	0
1128	1128	1	0
1128	1128	2	0
1128	1128	3	0
1128	1128	4	2
1128	1128	5	0
1128	1128	6	0
1128	1128	7	0
1128	1128	8	0
1128	1128	9	0
1128	1128	10	0
1128	1128	11	0
1128	1128	12	0
1128	1128	13	0
1128	1128	14	0
1128	1128	15	0
1128	1128	16	0
1128	1128	17	0
1128	1128	18	0
1128	1128	19	0
1128	1128	20	0
1128	1128	21	0
1128	1128	22	0
1128	1128	23	0
1128	1128	24	0
1128	1128	25	0
1128	1128	26	0
1128	1128	27	0
1128	1128	28	0
1128	1128	29	0
1128	1128	30	0
1128	1128	31	0
1128	1128	32	0
1128	1128	33	0
1128	1128	34	0
1128	1128	35	0
1128	1128	36	0
1128	1128	37	0
1129	1129	0	0
1129	1129	1	0
1129	1129	2	0
1129	1129	3	0
1129	1129	4	1
1129	1129	5	2
1129	1129	6	0
1129	1129	7	0
1129	1129	8	1
1129	1129	9	0
1129	1129	10	1
1129	1129	11	0
1129	1129	12	1
1129	1129	13	1
1129	1129	14	0
1129	1129	15	0
1129	1129	16	0
1129	1129	17	0
1129	1129	18	0
1129	1129	19	0
1129	1129	20	0
1129	1129	21	1
1129	1129	22	0
1129	1129	23	0
1129	1129	24	0
1129	1129	25	0
1129	1129	26	0
1129	1129	27	0
1129	1129	28	0
1129	1129	29	0
1129	1129	30	0
1129	1129	31	0
1129	1129	32	0
1129	1129	33	0
1129	1129	34	0
1129	1129	35	0
1129	1129	36	0
1129	1129	37	0
1130	1130	0	0
1130	1130	1	1
1130	1130	2	0
1130	1130	3	0
1130	1130	4	0
1130	1130	5	0
1130	1130	6	0
1130	1130	7	0
1130	1130	8	0
1130	1130	9	0
1130	1130	10	0
1130	1130	11	0
1130	1130	12	0
1130	1130	13	0
1130	1130	14	0
1130	1130	15	0
1130	1130	16	0
1130	1130	17	0
1130	1130	18	0
1130	1130	19	0
1130	1130	20	0
1130	1130	21	0
1130	1130	22	0
1130	1130	23	0
1130	1130	24	0
1130	1130	25	0
1130	1130	26	0
1130	1130	27	0
1130	1130	28	0
1130	1130	29	0
1130	1130	30	0
1130	1130	31	0
1130	1130	32	0
1130	1130	33	0
1130	1130	34	0
1130	1130	35	0
1130	1130	36	0
1130	1130	37	0
1131	1131	0	0
1131	1131	1	0
1131	1131	2	0
1131	1131	3	0
1131	1131	4	0
1131	1131	5	0
1131	1131	6	2
1131	1131	7	0
1131	1131	8	0
1131	1131	9	0
1131	1131	10	0
1131	1131	11	1
1131	1131	12	0
1131	1131	13	3
1131	1131	14	1
1131	1131	15	0
1131	1131	16	1
1131	1131	17	1
1131	1131	18	0
1131	1131	19	0
1131	1131	20	0
1131	1131	21	3
1131	1131	22	2
1131	1131	23	1
1131	1131	24	0
1131	1131	25	0
1131	1131	26	0
1131	1131	27	0
1131	1131	28	0
1131	1131	29	0
1131	1131	30	0
1131	1131	31	0
1131	1131	32	2
1131	1131	33	2
1131	1131	34	6
1131	1131	35	4
1131	1131	36	0
1131	1131	37	1
1132	1132	0	0
1132	1132	1	0
1132	1132	2	2
1132	1132	3	0
1132	1132	4	0
1132	1132	5	0
1132	1132	6	0
1132	1132	7	0
1132	1132	8	0
1132	1132	9	0
1132	1132	10	0
1132	1132	11	0
1132	1132	12	0
1132	1132	13	0
1132	1132	14	0
1132	1132	15	0
1132	1132	16	2
1132	1132	17	0
1132	1132	18	0
1132	1132	19	2
1132	1132	20	0
1132	1132	21	0
1132	1132	22	0
1132	1132	23	0
1132	1132	24	1
1132	1132	25	0
1132	1132	26	0
1132	1132	27	2
1132	1132	28	0
1132	1132	29	1
1132	1132	30	0
1132	1132	31	0
1132	1132	32	0
1132	1132	33	0
1132	1132	34	2
1132	1132	35	0
1132	1132	36	0
1132	1132	37	0
1133	1133	0	0
1133	1133	1	0
1133	1133	2	0
1133	1133	3	0
1133	1133	4	0
1133	1133	5	0
1133	1133	6	0
1133	1133	7	0
1133	1133	8	1
1133	1133	9	1
1133	1133	10	0
1133	1133	11	0
1133	1133	12	0
1133	1133	13	0
1133	1133	14	0
1133	1133	15	0
1133	1133	16	0
1133	1133	17	0
1133	1133	18	0
1133	1133	19	0
1133	1133	20	0
1133	1133	21	0
1133	1133	22	0
1133	1133	23	0
1133	1133	24	0
1133	1133	25	0
1133	1133	26	0
1133	1133	27	0
1133	1133	28	0
1133	1133	29	1
1133	1133	30	0
1133	1133	31	0
1133	1133	32	1
1133	1133	33	0
1133	1133	34	1
1133	1133	35	0
1133	1133	36	0
1133	1133	37	0
1134	1134	0	0
1134	1134	1	2
1134	1134	2	0
1134	1134	3	0
1134	1134	4	0
1134	1134	5	0
1134	1134	6	0
1134	1134	7	0
1134	1134	8	0
1134	1134	9	0
1134	1134	10	0
1134	1134	11	2
1134	1134	12	0
1134	1134	13	0
1134	1134	14	1
1134	1134	15	0
1134	1134	16	0
1134	1134	17	0
1134	1134	18	0
1134	1134	19	0
1134	1134	20	0
1134	1134	21	0
1134	1134	22	0
1134	1134	23	0
1134	1134	24	1
1134	1134	25	0
1134	1134	26	0
1134	1134	27	2
1134	1134	28	0
1134	1134	29	5
1134	1134	30	0
1134	1134	31	0
1134	1134	32	0
1134	1134	33	2
1134	1134	34	0
1134	1134	35	0
1134	1134	36	0
1134	1134	37	0
1135	1135	0	0
1135	1135	1	1
1135	1135	2	0
1135	1135	3	0
1135	1135	4	0
1135	1135	5	0
1135	1135	6	0
1135	1135	7	0
1135	1135	8	0
1135	1135	9	0
1135	1135	10	1
1135	1135	11	0
1135	1135	12	0
1135	1135	13	0
1135	1135	14	1
1135	1135	15	0
1135	1135	16	0
1135	1135	17	0
1135	1135	18	0
1135	1135	19	0
1135	1135	20	0
1135	1135	21	0
1135	1135	22	0
1135	1135	23	0
1135	1135	24	0
1135	1135	25	0
1135	1135	26	0
1135	1135	27	0
1135	1135	28	1
1135	1135	29	0
1135	1135	30	0
1135	1135	31	0
1135	1135	32	0
1135	1135	33	0
1135	1135	34	0
1135	1135	35	0
1135	1135	36	0
1135	1135	37	0
1136	1136	0	0
1136	1136	1	3
1136	1136	2	0
1136	1136	3	0
1136	1136	4	2
1136	1136	5	0
1136	1136	6	0
1136	1136	7	0
1136	1136	8	0
1136	1136	9	0
1136	1136	10	0
1136	1136	11	0
1136	1136	12	0
1136	1136	13	1
1136	1136	14	0
1136	1136	15	0
1136	1136	16	0
1136	1136	17	0
1136	1136	18	0
1136	1136	19	0
1136	1136	20	0
1136	1136	21	0
1136	1136	22	0
1136	1136	23	0
1136	1136	24	0
1136	1136	25	0
1136	1136	26	0
1136	1136	27	0
1136	1136	28	0
1136	1136	29	0
1136	1136	30	0
1136	1136	31	0
1136	1136	32	0
1136	1136	33	0
1136	1136	34	0
1136	1136	35	0
1136	1136	36	0
1136	1136	37	0
1137	1137	0	0
1137	1137	1	0
1137	1137	2	0
1137	1137	3	0
1137	1137	4	0
1137	1137	5	0
1137	1137	6	0
1137	1137	7	0
1137	1137	8	0
1137	1137	9	0
1137	1137	10	0
1137	1137	11	0
1137	1137	12	0
1137	1137	13	2
1137	1137	14	0
1137	1137	15	0
1137	1137	16	0
1137	1137	17	0
1137	1137	18	1
1137	1137	19	0
1137	1137	20	0
1137	1137	21	0
1137	1137	22	0
1137	1137	23	0
1137	1137	24	0
1137	1137	25	1
1137	1137	26	3
1137	1137	27	0
1137	1137	28	5
1137	1137	29	0
1137	1137	30	0
1137	1137	31	0
1137	1137	32	0
1137	1137	33	0
1137	1137	34	0
1137	1137	35	0
1137	1137	36	0
1137	1137	37	0
1138	1138	0	0
1138	1138	1	2
1138	1138	2	0
1138	1138	3	0
1138	1138	4	0
1138	1138	5	0
1138	1138	6	0
1138	1138	7	0
1138	1138	8	0
1138	1138	9	1
1138	1138	10	0
1138	1138	11	2
1138	1138	12	0
1138	1138	13	3
1138	1138	14	0
1138	1138	15	0
1138	1138	16	3
1138	1138	17	0
1138	1138	18	0
1138	1138	19	2
1138	1138	20	0
1138	1138	21	1
1138	1138	22	0
1138	1138	23	0
1138	1138	24	0
1138	1138	25	0
1138	1138	26	0
1138	1138	27	0
1138	1138	28	0
1138	1138	29	0
1138	1138	30	0
1138	1138	31	2
1138	1138	32	2
1138	1138	33	0
1138	1138	34	0
1138	1138	35	0
1138	1138	36	0
1138	1138	37	0
1139	1139	0	0
1139	1139	1	1
1139	1139	2	1
1139	1139	3	0
1139	1139	4	0
1139	1139	5	0
1139	1139	6	0
1139	1139	7	0
1139	1139	8	0
1139	1139	9	0
1139	1139	10	0
1139	1139	11	1
1139	1139	12	0
1139	1139	13	0
1139	1139	14	0
1139	1139	15	0
1139	1139	16	0
1139	1139	17	0
1139	1139	18	1
1139	1139	19	0
1139	1139	20	0
1139	1139	21	0
1139	1139	22	0
1139	1139	23	0
1139	1139	24	0
1139	1139	25	2
1139	1139	26	0
1139	1139	27	0
1139	1139	28	0
1139	1139	29	0
1139	1139	30	0
1139	1139	31	0
1139	1139	32	0
1139	1139	33	0
1139	1139	34	0
1139	1139	35	0
1139	1139	36	0
1139	1139	37	0
1140	1140	0	0
1140	1140	1	0
1140	1140	2	2
1140	1140	3	0
1140	1140	4	1
1140	1140	5	0
1140	1140	6	0
1140	1140	7	0
1140	1140	8	0
1140	1140	9	0
1140	1140	10	1
1140	1140	11	0
1140	1140	12	0
1140	1140	13	0
1140	1140	14	0
1140	1140	15	0
1140	1140	16	0
1140	1140	17	0
1140	1140	18	0
1140	1140	19	0
1140	1140	20	0
1140	1140	21	0
1140	1140	22	0
1140	1140	23	1
1140	1140	24	0
1140	1140	25	0
1140	1140	26	0
1140	1140	27	0
1140	1140	28	3
1140	1140	29	0
1140	1140	30	0
1140	1140	31	0
1140	1140	32	0
1140	1140	33	0
1140	1140	34	0
1140	1140	35	0
1140	1140	36	0
1140	1140	37	0
1141	1141	0	0
1141	1141	1	0
1141	1141	2	1
1141	1141	3	0
1141	1141	4	0
1141	1141	5	0
1141	1141	6	2
1141	1141	7	1
1141	1141	8	1
1141	1141	9	0
1141	1141	10	4
1141	1141	11	0
1141	1141	12	1
1141	1141	13	1
1141	1141	14	3
1141	1141	15	0
1141	1141	16	0
1141	1141	17	1
1141	1141	18	1
1141	1141	19	1
1141	1141	20	0
1141	1141	21	0
1141	1141	22	0
1141	1141	23	2
1141	1141	24	0
1141	1141	25	4
1141	1141	26	0
1141	1141	27	0
1141	1141	28	1
1141	1141	29	0
1141	1141	30	1
1141	1141	31	2
1141	1141	32	0
1141	1141	33	1
1141	1141	34	0
1141	1141	35	2
1141	1141	36	3
1141	1141	37	0
1142	1142	0	0
1142	1142	1	0
1142	1142	2	0
1142	1142	3	0
1142	1142	4	0
1142	1142	5	0
1142	1142	6	0
1142	1142	7	0
1142	1142	8	0
1142	1142	9	0
1142	1142	10	1
1142	1142	11	3
1142	1142	12	0
1142	1142	13	0
1142	1142	14	0
1142	1142	15	0
1142	1142	16	0
1142	1142	17	0
1142	1142	18	0
1142	1142	19	0
1142	1142	20	0
1142	1142	21	0
1142	1142	22	0
1142	1142	23	0
1142	1142	24	0
1142	1142	25	0
1142	1142	26	1
1142	1142	27	0
1142	1142	28	0
1142	1142	29	0
1142	1142	30	0
1142	1142	31	0
1142	1142	32	0
1142	1142	33	0
1142	1142	34	0
1142	1142	35	0
1142	1142	36	0
1142	1142	37	0
1143	1143	0	0
1143	1143	1	0
1143	1143	2	0
1143	1143	3	0
1143	1143	4	0
1143	1143	5	0
1143	1143	6	0
1143	1143	7	0
1143	1143	8	0
1143	1143	9	0
1143	1143	10	0
1143	1143	11	0
1143	1143	12	0
1143	1143	13	0
1143	1143	14	0
1143	1143	15	0
1143	1143	16	0
1143	1143	17	0
1143	1143	18	0
1143	1143	19	0
1143	1143	20	0
1143	1143	21	3
1143	1143	22	0
1143	1143	23	0
1143	1143	24	0
1143	1143	25	1
1143	1143	26	0
1143	1143	27	0
1143	1143	28	0
1143	1143	29	0
1143	1143	30	0
1143	1143	31	4
1143	1143	32	0
1143	1143	33	0
1143	1143	34	0
1143	1143	35	0
1143	1143	36	0
1143	1143	37	0
1144	1144	0	0
1144	1144	1	0
1144	1144	2	0
1144	1144	3	0
1144	1144	4	2
1144	1144	5	0
1144	1144	6	0
1144	1144	7	0
1144	1144	8	0
1144	1144	9	0
1144	1144	10	0
1144	1144	11	0
1144	1144	12	0
1144	1144	13	0
1144	1144	14	0
1144	1144	15	0
1144	1144	16	0
1144	1144	17	0
1144	1144	18	0
1144	1144	19	0
1144	1144	20	0
1144	1144	21	0
1144	1144	22	0
1144	1144	23	0
1144	1144	24	0
1144	1144	25	0
1144	1144	26	0
1144	1144	27	0
1144	1144	28	0
1144	1144	29	0
1144	1144	30	0
1144	1144	31	0
1144	1144	32	0
1144	1144	33	0
1144	1144	34	0
1144	1144	35	0
1144	1144	36	0
1144	1144	37	0
1145	1145	0	0
1145	1145	1	0
1145	1145	2	0
1145	1145	3	0
1145	1145	4	0
1145	1145	5	0
1145	1145	6	0
1145	1145	7	1
1145	1145	8	0
1145	1145	9	0
1145	1145	10	0
1145	1145	11	1
1145	1145	12	0
1145	1145	13	0
1145	1145	14	0
1145	1145	15	0
1145	1145	16	0
1145	1145	17	0
1145	1145	18	0
1145	1145	19	0
1145	1145	20	0
1145	1145	21	0
1145	1145	22	3
1145	1145	23	2
1145	1145	24	0
1145	1145	25	1
1145	1145	26	0
1145	1145	27	0
1145	1145	28	0
1145	1145	29	0
1145	1145	30	0
1145	1145	31	0
1145	1145	32	3
1145	1145	33	0
1145	1145	34	0
1145	1145	35	0
1145	1145	36	0
1145	1145	37	0
1146	1146	0	0
1146	1146	1	0
1146	1146	2	0
1146	1146	3	0
1146	1146	4	0
1146	1146	5	0
1146	1146	6	2
1146	1146	7	0
1146	1146	8	0
1146	1146	9	0
1146	1146	10	0
1146	1146	11	0
1146	1146	12	0
1146	1146	13	0
1146	1146	14	0
1146	1146	15	0
1146	1146	16	0
1146	1146	17	0
1146	1146	18	0
1146	1146	19	0
1146	1146	20	0
1146	1146	21	0
1146	1146	22	0
1146	1146	23	0
1146	1146	24	0
1146	1146	25	0
1146	1146	26	0
1146	1146	27	0
1146	1146	28	0
1146	1146	29	0
1146	1146	30	0
1146	1146	31	0
1146	1146	32	0
1146	1146	33	0
1146	1146	34	0
1146	1146	35	0
1146	1146	36	0
1146	1146	37	0
1147	1147	0	0
1147	1147	1	0
1147	1147	2	0
1147	1147	3	0
1147	1147	4	0
1147	1147	5	0
1147	1147	6	0
1147	1147	7	0
1147	1147	8	0
1147	1147	9	0
1147	1147	10	0
1147	1147	11	0
1147	1147	12	0
1147	1147	13	3
1147	1147	14	0
1147	1147	15	0
1147	1147	16	0
1147	1147	17	0
1147	1147	18	0
1147	1147	19	0
1147	1147	20	0
1147	1147	21	0
1147	1147	22	0
1147	1147	23	0
1147	1147	24	0
1147	1147	25	1
1147	1147	26	1
1147	1147	27	0
1147	1147	28	0
1147	1147	29	0
1147	1147	30	0
1147	1147	31	0
1147	1147	32	0
1147	1147	33	0
1147	1147	34	0
1147	1147	35	0
1147	1147	36	0
1147	1147	37	0
1148	1148	0	0
1148	1148	1	0
1148	1148	2	0
1148	1148	3	0
1148	1148	4	2
1148	1148	5	0
1148	1148	6	0
1148	1148	7	0
1148	1148	8	0
1148	1148	9	0
1148	1148	10	0
1148	1148	11	0
1148	1148	12	0
1148	1148	13	0
1148	1148	14	0
1148	1148	15	0
1148	1148	16	0
1148	1148	17	0
1148	1148	18	0
1148	1148	19	0
1148	1148	20	0
1148	1148	21	0
1148	1148	22	0
1148	1148	23	0
1148	1148	24	0
1148	1148	25	0
1148	1148	26	0
1148	1148	27	0
1148	1148	28	0
1148	1148	29	0
1148	1148	30	0
1148	1148	31	0
1148	1148	32	0
1148	1148	33	0
1148	1148	34	0
1148	1148	35	0
1148	1148	36	0
1148	1148	37	0
1149	1149	0	0
1149	1149	1	2
1149	1149	2	0
1149	1149	3	0
1149	1149	4	0
1149	1149	5	0
1149	1149	6	3
1149	1149	7	0
1149	1149	8	0
1149	1149	9	0
1149	1149	10	0
1149	1149	11	1
1149	1149	12	0
1149	1149	13	0
1149	1149	14	0
1149	1149	15	0
1149	1149	16	0
1149	1149	17	0
1149	1149	18	0
1149	1149	19	2
1149	1149	20	0
1149	1149	21	0
1149	1149	22	0
1149	1149	23	1
1149	1149	24	0
1149	1149	25	0
1149	1149	26	0
1149	1149	27	2
1149	1149	28	0
1149	1149	29	0
1149	1149	30	1
1149	1149	31	0
1149	1149	32	1
1149	1149	33	3
1149	1149	34	1
1149	1149	35	0
1149	1149	36	3
1149	1149	37	2
1150	1150	0	0
1150	1150	1	0
1150	1150	2	0
1150	1150	3	0
1150	1150	4	0
1150	1150	5	0
1150	1150	6	0
1150	1150	7	0
1150	1150	8	0
1150	1150	9	0
1150	1150	10	0
1150	1150	11	0
1150	1150	12	0
1150	1150	13	0
1150	1150	14	0
1150	1150	15	0
1150	1150	16	0
1150	1150	17	0
1150	1150	18	0
1150	1150	19	0
1150	1150	20	0
1150	1150	21	0
1150	1150	22	0
1150	1150	23	0
1150	1150	24	0
1150	1150	25	0
1150	1150	26	0
1150	1150	27	0
1150	1150	28	0
1150	1150	29	0
1150	1150	30	0
1150	1150	31	0
1150	1150	32	0
1150	1150	33	0
1150	1150	34	0
1150	1150	35	0
1150	1150	36	0
1150	1150	37	0
1151	1151	0	0
1151	1151	1	0
1151	1151	2	0
1151	1151	3	0
1151	1151	4	0
1151	1151	5	0
1151	1151	6	0
1151	1151	7	0
1151	1151	8	0
1151	1151	9	0
1151	1151	10	0
1151	1151	11	0
1151	1151	12	0
1151	1151	13	0
1151	1151	14	0
1151	1151	15	0
1151	1151	16	0
1151	1151	17	0
1151	1151	18	0
1151	1151	19	0
1151	1151	20	0
1151	1151	21	0
1151	1151	22	0
1151	1151	23	0
1151	1151	24	2
1151	1151	25	0
1151	1151	26	0
1151	1151	27	0
1151	1151	28	0
1151	1151	29	2
1151	1151	30	0
1151	1151	31	0
1151	1151	32	0
1151	1151	33	0
1151	1151	34	0
1151	1151	35	0
1151	1151	36	0
1151	1151	37	0
1152	1152	0	0
1152	1152	1	0
1152	1152	2	0
1152	1152	3	0
1152	1152	4	0
1152	1152	5	0
1152	1152	6	0
1152	1152	7	0
1152	1152	8	0
1152	1152	9	0
1152	1152	10	0
1152	1152	11	0
1152	1152	12	0
1152	1152	13	0
1152	1152	14	0
1152	1152	15	0
1152	1152	16	0
1152	1152	17	0
1152	1152	18	0
1152	1152	19	0
1152	1152	20	0
1152	1152	21	0
1152	1152	22	0
1152	1152	23	0
1152	1152	24	0
1152	1152	25	0
1152	1152	26	0
1152	1152	27	0
1152	1152	28	0
1152	1152	29	0
1152	1152	30	0
1152	1152	31	0
1152	1152	32	1
1152	1152	33	0
1152	1152	34	0
1152	1152	35	0
1152	1152	36	0
1152	1152	37	0
1153	1153	0	0
1153	1153	1	0
1153	1153	2	0
1153	1153	3	0
1153	1153	4	0
1153	1153	5	0
1153	1153	6	0
1153	1153	7	0
1153	1153	8	0
1153	1153	9	0
1153	1153	10	0
1153	1153	11	0
1153	1153	12	0
1153	1153	13	0
1153	1153	14	1
1153	1153	15	0
1153	1153	16	0
1153	1153	17	0
1153	1153	18	0
1153	1153	19	0
1153	1153	20	0
1153	1153	21	0
1153	1153	22	2
1153	1153	23	0
1153	1153	24	0
1153	1153	25	0
1153	1153	26	0
1153	1153	27	1
1153	1153	28	0
1153	1153	29	0
1153	1153	30	0
1153	1153	31	0
1153	1153	32	0
1153	1153	33	0
1153	1153	34	3
1153	1153	35	0
1153	1153	36	0
1153	1153	37	0
1154	1154	0	0
1154	1154	1	0
1154	1154	2	0
1154	1154	3	0
1154	1154	4	0
1154	1154	5	0
1154	1154	6	0
1154	1154	7	0
1154	1154	8	1
1154	1154	9	0
1154	1154	10	0
1154	1154	11	4
1154	1154	12	1
1154	1154	13	0
1154	1154	14	0
1154	1154	15	0
1154	1154	16	0
1154	1154	17	0
1154	1154	18	1
1154	1154	19	0
1154	1154	20	4
1154	1154	21	0
1154	1154	22	0
1154	1154	23	0
1154	1154	24	0
1154	1154	25	0
1154	1154	26	0
1154	1154	27	0
1154	1154	28	0
1154	1154	29	0
1154	1154	30	0
1154	1154	31	0
1154	1154	32	0
1154	1154	33	2
1154	1154	34	0
1154	1154	35	2
1154	1154	36	1
1154	1154	37	0
1155	1155	0	0
1155	1155	1	0
1155	1155	2	0
1155	1155	3	0
1155	1155	4	0
1155	1155	5	0
1155	1155	6	0
1155	1155	7	0
1155	1155	8	0
1155	1155	9	0
1155	1155	10	0
1155	1155	11	0
1155	1155	12	0
1155	1155	13	0
1155	1155	14	0
1155	1155	15	0
1155	1155	16	0
1155	1155	17	0
1155	1155	18	0
1155	1155	19	0
1155	1155	20	0
1155	1155	21	0
1155	1155	22	0
1155	1155	23	0
1155	1155	24	0
1155	1155	25	0
1155	1155	26	0
1155	1155	27	0
1155	1155	28	0
1155	1155	29	1
1155	1155	30	0
1155	1155	31	0
1155	1155	32	0
1155	1155	33	0
1155	1155	34	0
1155	1155	35	0
1155	1155	36	0
1155	1155	37	0
1156	1156	0	0
1156	1156	1	0
1156	1156	2	0
1156	1156	3	0
1156	1156	4	0
1156	1156	5	0
1156	1156	6	0
1156	1156	7	0
1156	1156	8	2
1156	1156	9	1
1156	1156	10	0
1156	1156	11	0
1156	1156	12	0
1156	1156	13	0
1156	1156	14	0
1156	1156	15	0
1156	1156	16	0
1156	1156	17	0
1156	1156	18	0
1156	1156	19	0
1156	1156	20	1
1156	1156	21	0
1156	1156	22	0
1156	1156	23	1
1156	1156	24	0
1156	1156	25	0
1156	1156	26	0
1156	1156	27	6
1156	1156	28	0
1156	1156	29	0
1156	1156	30	0
1156	1156	31	0
1156	1156	32	3
1156	1156	33	0
1156	1156	34	2
1156	1156	35	2
1156	1156	36	0
1156	1156	37	0
1157	1157	0	0
1157	1157	1	0
1157	1157	2	1
1157	1157	3	0
1157	1157	4	0
1157	1157	5	0
1157	1157	6	0
1157	1157	7	0
1157	1157	8	0
1157	1157	9	0
1157	1157	10	1
1157	1157	11	0
1157	1157	12	1
1157	1157	13	0
1157	1157	14	0
1157	1157	15	0
1157	1157	16	0
1157	1157	17	0
1157	1157	18	1
1157	1157	19	2
1157	1157	20	0
1157	1157	21	0
1157	1157	22	1
1157	1157	23	2
1157	1157	24	0
1157	1157	25	0
1157	1157	26	1
1157	1157	27	0
1157	1157	28	0
1157	1157	29	3
1157	1157	30	0
1157	1157	31	0
1157	1157	32	0
1157	1157	33	0
1157	1157	34	0
1157	1157	35	0
1157	1157	36	0
1157	1157	37	3
1158	1158	0	0
1158	1158	1	0
1158	1158	2	0
1158	1158	3	0
1158	1158	4	0
1158	1158	5	0
1158	1158	6	0
1158	1158	7	0
1158	1158	8	0
1158	1158	9	2
1158	1158	10	0
1158	1158	11	0
1158	1158	12	0
1158	1158	13	0
1158	1158	14	0
1158	1158	15	0
1158	1158	16	0
1158	1158	17	0
1158	1158	18	0
1158	1158	19	0
1158	1158	20	0
1158	1158	21	0
1158	1158	22	0
1158	1158	23	0
1158	1158	24	0
1158	1158	25	0
1158	1158	26	0
1158	1158	27	0
1158	1158	28	0
1158	1158	29	0
1158	1158	30	0
1158	1158	31	0
1158	1158	32	0
1158	1158	33	0
1158	1158	34	0
1158	1158	35	0
1158	1158	36	0
1158	1158	37	0
1159	1159	0	0
1159	1159	1	1
1159	1159	2	0
1159	1159	3	0
1159	1159	4	0
1159	1159	5	0
1159	1159	6	0
1159	1159	7	0
1159	1159	8	0
1159	1159	9	0
1159	1159	10	0
1159	1159	11	0
1159	1159	12	0
1159	1159	13	0
1159	1159	14	0
1159	1159	15	0
1159	1159	16	0
1159	1159	17	0
1159	1159	18	0
1159	1159	19	0
1159	1159	20	0
1159	1159	21	0
1159	1159	22	0
1159	1159	23	1
1159	1159	24	2
1159	1159	25	0
1159	1159	26	0
1159	1159	27	0
1159	1159	28	0
1159	1159	29	0
1159	1159	30	0
1159	1159	31	2
1159	1159	32	0
1159	1159	33	0
1159	1159	34	0
1159	1159	35	0
1159	1159	36	0
1159	1159	37	0
1160	1160	0	0
1160	1160	1	0
1160	1160	2	0
1160	1160	3	0
1160	1160	4	0
1160	1160	5	0
1160	1160	6	0
1160	1160	7	0
1160	1160	8	0
1160	1160	9	0
1160	1160	10	0
1160	1160	11	0
1160	1160	12	0
1160	1160	13	0
1160	1160	14	0
1160	1160	15	0
1160	1160	16	0
1160	1160	17	0
1160	1160	18	2
1160	1160	19	0
1160	1160	20	0
1160	1160	21	0
1160	1160	22	0
1160	1160	23	1
1160	1160	24	0
1160	1160	25	0
1160	1160	26	2
1160	1160	27	1
1160	1160	28	0
1160	1160	29	0
1160	1160	30	0
1160	1160	31	0
1160	1160	32	0
1160	1160	33	0
1160	1160	34	0
1160	1160	35	0
1160	1160	36	0
1160	1160	37	1
1161	1161	0	0
1161	1161	1	0
1161	1161	2	0
1161	1161	3	0
1161	1161	4	0
1161	1161	5	0
1161	1161	6	0
1161	1161	7	0
1161	1161	8	3
1161	1161	9	0
1161	1161	10	0
1161	1161	11	0
1161	1161	12	0
1161	1161	13	0
1161	1161	14	0
1161	1161	15	0
1161	1161	16	0
1161	1161	17	0
1161	1161	18	0
1161	1161	19	0
1161	1161	20	0
1161	1161	21	0
1161	1161	22	0
1161	1161	23	0
1161	1161	24	0
1161	1161	25	0
1161	1161	26	0
1161	1161	27	0
1161	1161	28	0
1161	1161	29	0
1161	1161	30	0
1161	1161	31	0
1161	1161	32	0
1161	1161	33	0
1161	1161	34	0
1161	1161	35	0
1161	1161	36	3
1161	1161	37	0
1162	1162	0	0
1162	1162	1	0
1162	1162	2	0
1162	1162	3	0
1162	1162	4	0
1162	1162	5	0
1162	1162	6	0
1162	1162	7	0
1162	1162	8	0
1162	1162	9	0
1162	1162	10	0
1162	1162	11	0
1162	1162	12	0
1162	1162	13	0
1162	1162	14	0
1162	1162	15	0
1162	1162	16	0
1162	1162	17	0
1162	1162	18	0
1162	1162	19	0
1162	1162	20	0
1162	1162	21	0
1162	1162	22	0
1162	1162	23	0
1162	1162	24	0
1162	1162	25	0
1162	1162	26	0
1162	1162	27	0
1162	1162	28	0
1162	1162	29	0
1162	1162	30	0
1162	1162	31	0
1162	1162	32	0
1162	1162	33	0
1162	1162	34	0
1162	1162	35	0
1162	1162	36	0
1162	1162	37	0
1163	1163	0	0
1163	1163	1	1
1163	1163	2	0
1163	1163	3	0
1163	1163	4	0
1163	1163	5	3
1163	1163	6	0
1163	1163	7	0
1163	1163	8	2
1163	1163	9	0
1163	1163	10	0
1163	1163	11	3
1163	1163	12	0
1163	1163	13	0
1163	1163	14	0
1163	1163	15	1
1163	1163	16	0
1163	1163	17	0
1163	1163	18	1
1163	1163	19	0
1163	1163	20	0
1163	1163	21	0
1163	1163	22	0
1163	1163	23	0
1163	1163	24	0
1163	1163	25	0
1163	1163	26	1
1163	1163	27	0
1163	1163	28	0
1163	1163	29	0
1163	1163	30	0
1163	1163	31	0
1163	1163	32	0
1163	1163	33	0
1163	1163	34	0
1163	1163	35	0
1163	1163	36	0
1163	1163	37	0
1164	1164	0	0
1164	1164	1	0
1164	1164	2	0
1164	1164	3	0
1164	1164	4	0
1164	1164	5	0
1164	1164	6	0
1164	1164	7	0
1164	1164	8	0
1164	1164	9	0
1164	1164	10	0
1164	1164	11	0
1164	1164	12	0
1164	1164	13	0
1164	1164	14	1
1164	1164	15	0
1164	1164	16	0
1164	1164	17	0
1164	1164	18	3
1164	1164	19	0
1164	1164	20	0
1164	1164	21	0
1164	1164	22	0
1164	1164	23	0
1164	1164	24	0
1164	1164	25	0
1164	1164	26	0
1164	1164	27	1
1164	1164	28	0
1164	1164	29	0
1164	1164	30	0
1164	1164	31	0
1164	1164	32	0
1164	1164	33	0
1164	1164	34	0
1164	1164	35	0
1164	1164	36	0
1164	1164	37	0
1165	1165	0	0
1165	1165	1	0
1165	1165	2	0
1165	1165	3	2
1165	1165	4	0
1165	1165	5	0
1165	1165	6	0
1165	1165	7	0
1165	1165	8	0
1165	1165	9	0
1165	1165	10	0
1165	1165	11	0
1165	1165	12	0
1165	1165	13	0
1165	1165	14	0
1165	1165	15	0
1165	1165	16	0
1165	1165	17	0
1165	1165	18	0
1165	1165	19	0
1165	1165	20	0
1165	1165	21	0
1165	1165	22	0
1165	1165	23	0
1165	1165	24	0
1165	1165	25	0
1165	1165	26	0
1165	1165	27	2
1165	1165	28	0
1165	1165	29	0
1165	1165	30	0
1165	1165	31	0
1165	1165	32	0
1165	1165	33	0
1165	1165	34	0
1165	1165	35	0
1165	1165	36	0
1165	1165	37	0
1166	1166	0	0
1166	1166	1	0
1166	1166	2	0
1166	1166	3	1
1166	1166	4	0
1166	1166	5	1
1166	1166	6	0
1166	1166	7	0
1166	1166	8	0
1166	1166	9	0
1166	1166	10	0
1166	1166	11	0
1166	1166	12	0
1166	1166	13	0
1166	1166	14	0
1166	1166	15	0
1166	1166	16	1
1166	1166	17	0
1166	1166	18	1
1166	1166	19	0
1166	1166	20	0
1166	1166	21	0
1166	1166	22	4
1166	1166	23	0
1166	1166	24	0
1166	1166	25	2
1166	1166	26	0
1166	1166	27	1
1166	1166	28	2
1166	1166	29	0
1166	1166	30	2
1166	1166	31	0
1166	1166	32	0
1166	1166	33	0
1166	1166	34	0
1166	1166	35	0
1166	1166	36	0
1166	1166	37	0
1167	1167	0	0
1167	1167	1	0
1167	1167	2	1
1167	1167	3	0
1167	1167	4	0
1167	1167	5	0
1167	1167	6	0
1167	1167	7	0
1167	1167	8	0
1167	1167	9	0
1167	1167	10	1
1167	1167	11	0
1167	1167	12	0
1167	1167	13	0
1167	1167	14	0
1167	1167	15	0
1167	1167	16	0
1167	1167	17	1
1167	1167	18	0
1167	1167	19	0
1167	1167	20	0
1167	1167	21	0
1167	1167	22	1
1167	1167	23	0
1167	1167	24	0
1167	1167	25	3
1167	1167	26	3
1167	1167	27	0
1167	1167	28	2
1167	1167	29	2
1167	1167	30	4
1167	1167	31	0
1167	1167	32	5
1167	1167	33	0
1167	1167	34	0
1167	1167	35	0
1167	1167	36	0
1167	1167	37	3
1168	1168	0	0
1168	1168	1	2
1168	1168	2	0
1168	1168	3	0
1168	1168	4	0
1168	1168	5	0
1168	1168	6	0
1168	1168	7	0
1168	1168	8	0
1168	1168	9	0
1168	1168	10	0
1168	1168	11	0
1168	1168	12	0
1168	1168	13	0
1168	1168	14	0
1168	1168	15	0
1168	1168	16	0
1168	1168	17	0
1168	1168	18	0
1168	1168	19	0
1168	1168	20	0
1168	1168	21	0
1168	1168	22	0
1168	1168	23	1
1168	1168	24	0
1168	1168	25	0
1168	1168	26	1
1168	1168	27	1
1168	1168	28	1
1168	1168	29	0
1168	1168	30	0
1168	1168	31	1
1168	1168	32	0
1168	1168	33	0
1168	1168	34	0
1168	1168	35	0
1168	1168	36	0
1168	1168	37	0
1169	1169	0	0
1169	1169	1	0
1169	1169	2	0
1169	1169	3	1
1169	1169	4	0
1169	1169	5	0
1169	1169	6	0
1169	1169	7	0
1169	1169	8	0
1169	1169	9	0
1169	1169	10	0
1169	1169	11	0
1169	1169	12	0
1169	1169	13	0
1169	1169	14	0
1169	1169	15	0
1169	1169	16	0
1169	1169	17	0
1169	1169	18	0
1169	1169	19	0
1169	1169	20	0
1169	1169	21	2
1169	1169	22	0
1169	1169	23	0
1169	1169	24	0
1169	1169	25	0
1169	1169	26	0
1169	1169	27	0
1169	1169	28	0
1169	1169	29	0
1169	1169	30	0
1169	1169	31	0
1169	1169	32	0
1169	1169	33	0
1169	1169	34	0
1169	1169	35	0
1169	1169	36	0
1169	1169	37	0
1170	1170	0	0
1170	1170	1	0
1170	1170	2	0
1170	1170	3	0
1170	1170	4	0
1170	1170	5	0
1170	1170	6	0
1170	1170	7	0
1170	1170	8	0
1170	1170	9	0
1170	1170	10	0
1170	1170	11	0
1170	1170	12	0
1170	1170	13	0
1170	1170	14	0
1170	1170	15	0
1170	1170	16	0
1170	1170	17	0
1170	1170	18	0
1170	1170	19	0
1170	1170	20	0
1170	1170	21	0
1170	1170	22	0
1170	1170	23	0
1170	1170	24	2
1170	1170	25	0
1170	1170	26	0
1170	1170	27	0
1170	1170	28	0
1170	1170	29	0
1170	1170	30	0
1170	1170	31	0
1170	1170	32	0
1170	1170	33	0
1170	1170	34	0
1170	1170	35	0
1170	1170	36	0
1170	1170	37	0
1171	1171	0	0
1171	1171	1	0
1171	1171	2	0
1171	1171	3	0
1171	1171	4	0
1171	1171	5	0
1171	1171	6	0
1171	1171	7	0
1171	1171	8	0
1171	1171	9	0
1171	1171	10	0
1171	1171	11	0
1171	1171	12	0
1171	1171	13	0
1171	1171	14	0
1171	1171	15	0
1171	1171	16	0
1171	1171	17	0
1171	1171	18	0
1171	1171	19	0
1171	1171	20	0
1171	1171	21	2
1171	1171	22	0
1171	1171	23	0
1171	1171	24	0
1171	1171	25	0
1171	1171	26	0
1171	1171	27	0
1171	1171	28	0
1171	1171	29	0
1171	1171	30	0
1171	1171	31	0
1171	1171	32	0
1171	1171	33	0
1171	1171	34	0
1171	1171	35	0
1171	1171	36	0
1171	1171	37	0
1172	1172	0	0
1172	1172	1	0
1172	1172	2	0
1172	1172	3	0
1172	1172	4	0
1172	1172	5	0
1172	1172	6	0
1172	1172	7	0
1172	1172	8	0
1172	1172	9	0
1172	1172	10	0
1172	1172	11	1
1172	1172	12	0
1172	1172	13	0
1172	1172	14	0
1172	1172	15	0
1172	1172	16	0
1172	1172	17	0
1172	1172	18	0
1172	1172	19	0
1172	1172	20	0
1172	1172	21	0
1172	1172	22	0
1172	1172	23	0
1172	1172	24	0
1172	1172	25	0
1172	1172	26	0
1172	1172	27	0
1172	1172	28	0
1172	1172	29	0
1172	1172	30	0
1172	1172	31	0
1172	1172	32	0
1172	1172	33	0
1172	1172	34	0
1172	1172	35	1
1172	1172	36	0
1172	1172	37	0
1173	1173	0	0
1173	1173	1	0
1173	1173	2	0
1173	1173	3	0
1173	1173	4	0
1173	1173	5	0
1173	1173	6	0
1173	1173	7	0
1173	1173	8	0
1173	1173	9	0
1173	1173	10	0
1173	1173	11	0
1173	1173	12	0
1173	1173	13	0
1173	1173	14	0
1173	1173	15	0
1173	1173	16	0
1173	1173	17	0
1173	1173	18	0
1173	1173	19	0
1173	1173	20	0
1173	1173	21	0
1173	1173	22	0
1173	1173	23	0
1173	1173	24	0
1173	1173	25	0
1173	1173	26	0
1173	1173	27	0
1173	1173	28	0
1173	1173	29	0
1173	1173	30	0
1173	1173	31	0
1173	1173	32	0
1173	1173	33	0
1173	1173	34	0
1173	1173	35	0
1173	1173	36	0
1173	1173	37	0
1174	1174	0	0
1174	1174	1	0
1174	1174	2	0
1174	1174	3	0
1174	1174	4	0
1174	1174	5	0
1174	1174	6	0
1174	1174	7	0
1174	1174	8	0
1174	1174	9	0
1174	1174	10	0
1174	1174	11	0
1174	1174	12	0
1174	1174	13	0
1174	1174	14	0
1174	1174	15	0
1174	1174	16	0
1174	1174	17	0
1174	1174	18	0
1174	1174	19	0
1174	1174	20	0
1174	1174	21	1
1174	1174	22	0
1174	1174	23	0
1174	1174	24	0
1174	1174	25	0
1174	1174	26	0
1174	1174	27	0
1174	1174	28	0
1174	1174	29	0
1174	1174	30	0
1174	1174	31	0
1174	1174	32	0
1174	1174	33	0
1174	1174	34	0
1174	1174	35	0
1174	1174	36	0
1174	1174	37	0
1175	1175	0	0
1175	1175	1	0
1175	1175	2	1
1175	1175	3	0
1175	1175	4	0
1175	1175	5	0
1175	1175	6	0
1175	1175	7	0
1175	1175	8	0
1175	1175	9	0
1175	1175	10	0
1175	1175	11	0
1175	1175	12	0
1175	1175	13	0
1175	1175	14	0
1175	1175	15	0
1175	1175	16	0
1175	1175	17	0
1175	1175	18	0
1175	1175	19	1
1175	1175	20	0
1175	1175	21	0
1175	1175	22	0
1175	1175	23	1
1175	1175	24	0
1175	1175	25	0
1175	1175	26	0
1175	1175	27	0
1175	1175	28	2
1175	1175	29	0
1175	1175	30	0
1175	1175	31	0
1175	1175	32	2
1175	1175	33	0
1175	1175	34	0
1175	1175	35	0
1175	1175	36	0
1175	1175	37	5
1176	1176	0	0
1176	1176	1	0
1176	1176	2	0
1176	1176	3	0
1176	1176	4	0
1176	1176	5	0
1176	1176	6	0
1176	1176	7	0
1176	1176	8	0
1176	1176	9	0
1176	1176	10	0
1176	1176	11	0
1176	1176	12	0
1176	1176	13	0
1176	1176	14	0
1176	1176	15	0
1176	1176	16	0
1176	1176	17	0
1176	1176	18	0
1176	1176	19	0
1176	1176	20	0
1176	1176	21	0
1176	1176	22	3
1176	1176	23	0
1176	1176	24	2
1176	1176	25	0
1176	1176	26	0
1176	1176	27	1
1176	1176	28	0
1176	1176	29	0
1176	1176	30	0
1176	1176	31	0
1176	1176	32	0
1176	1176	33	0
1176	1176	34	1
1176	1176	35	1
1176	1176	36	0
1176	1176	37	4
1177	1177	0	0
1177	1177	1	0
1177	1177	2	1
1177	1177	3	0
1177	1177	4	0
1177	1177	5	0
1177	1177	6	0
1177	1177	7	0
1177	1177	8	0
1177	1177	9	0
1177	1177	10	0
1177	1177	11	0
1177	1177	12	0
1177	1177	13	0
1177	1177	14	0
1177	1177	15	0
1177	1177	16	0
1177	1177	17	0
1177	1177	18	0
1177	1177	19	0
1177	1177	20	0
1177	1177	21	0
1177	1177	22	0
1177	1177	23	0
1177	1177	24	0
1177	1177	25	0
1177	1177	26	0
1177	1177	27	0
1177	1177	28	0
1177	1177	29	0
1177	1177	30	0
1177	1177	31	0
1177	1177	32	0
1177	1177	33	0
1177	1177	34	0
1177	1177	35	0
1177	1177	36	0
1177	1177	37	0
1178	1178	0	0
1178	1178	1	0
1178	1178	2	0
1178	1178	3	2
1178	1178	4	0
1178	1178	5	2
1178	1178	6	2
1178	1178	7	0
1178	1178	8	0
1178	1178	9	0
1178	1178	10	0
1178	1178	11	0
1178	1178	12	0
1178	1178	13	1
1178	1178	14	0
1178	1178	15	0
1178	1178	16	0
1178	1178	17	1
1178	1178	18	0
1178	1178	19	0
1178	1178	20	0
1178	1178	21	0
1178	1178	22	0
1178	1178	23	2
1178	1178	24	1
1178	1178	25	0
1178	1178	26	0
1178	1178	27	0
1178	1178	28	0
1178	1178	29	0
1178	1178	30	1
1178	1178	31	0
1178	1178	32	0
1178	1178	33	2
1178	1178	34	0
1178	1178	35	0
1178	1178	36	0
1178	1178	37	2
1179	1179	0	0
1179	1179	1	0
1179	1179	2	0
1179	1179	3	3
1179	1179	4	0
1179	1179	5	0
1179	1179	6	0
1179	1179	7	0
1179	1179	8	0
1179	1179	9	0
1179	1179	10	0
1179	1179	11	0
1179	1179	12	0
1179	1179	13	0
1179	1179	14	0
1179	1179	15	0
1179	1179	16	0
1179	1179	17	2
1179	1179	18	0
1179	1179	19	3
1179	1179	20	0
1179	1179	21	0
1179	1179	22	0
1179	1179	23	1
1179	1179	24	0
1179	1179	25	0
1179	1179	26	1
1179	1179	27	0
1179	1179	28	1
1179	1179	29	0
1179	1179	30	1
1179	1179	31	1
1179	1179	32	0
1179	1179	33	0
1179	1179	34	1
1179	1179	35	0
1179	1179	36	5
1179	1179	37	0
1180	1180	0	0
1180	1180	1	0
1180	1180	2	0
1180	1180	3	2
1180	1180	4	0
1180	1180	5	0
1180	1180	6	3
1180	1180	7	0
1180	1180	8	0
1180	1180	9	0
1180	1180	10	0
1180	1180	11	0
1180	1180	12	2
1180	1180	13	0
1180	1180	14	0
1180	1180	15	3
1180	1180	16	0
1180	1180	17	1
1180	1180	18	0
1180	1180	19	0
1180	1180	20	0
1180	1180	21	0
1180	1180	22	0
1180	1180	23	1
1180	1180	24	0
1180	1180	25	0
1180	1180	26	0
1180	1180	27	0
1180	1180	28	1
1180	1180	29	5
1180	1180	30	2
1180	1180	31	0
1180	1180	32	0
1180	1180	33	0
1180	1180	34	0
1180	1180	35	0
1180	1180	36	0
1180	1180	37	0
1181	1181	0	0
1181	1181	1	0
1181	1181	2	0
1181	1181	3	0
1181	1181	4	0
1181	1181	5	0
1181	1181	6	0
1181	1181	7	0
1181	1181	8	1
1181	1181	9	0
1181	1181	10	0
1181	1181	11	0
1181	1181	12	0
1181	1181	13	0
1181	1181	14	0
1181	1181	15	0
1181	1181	16	0
1181	1181	17	2
1181	1181	18	0
1181	1181	19	0
1181	1181	20	1
1181	1181	21	0
1181	1181	22	0
1181	1181	23	0
1181	1181	24	3
1181	1181	25	0
1181	1181	26	2
1181	1181	27	0
1181	1181	28	0
1181	1181	29	0
1181	1181	30	1
1181	1181	31	4
1181	1181	32	1
1181	1181	33	5
1181	1181	34	0
1181	1181	35	4
1181	1181	36	0
1181	1181	37	3
1182	1182	0	0
1182	1182	1	0
1182	1182	2	0
1182	1182	3	0
1182	1182	4	0
1182	1182	5	0
1182	1182	6	0
1182	1182	7	0
1182	1182	8	0
1182	1182	9	0
1182	1182	10	0
1182	1182	11	0
1182	1182	12	0
1182	1182	13	0
1182	1182	14	0
1182	1182	15	0
1182	1182	16	0
1182	1182	17	0
1182	1182	18	1
1182	1182	19	0
1182	1182	20	0
1182	1182	21	0
1182	1182	22	0
1182	1182	23	0
1182	1182	24	0
1182	1182	25	0
1182	1182	26	1
1182	1182	27	1
1182	1182	28	0
1182	1182	29	3
1182	1182	30	0
1182	1182	31	2
1182	1182	32	0
1182	1182	33	2
1182	1182	34	0
1182	1182	35	2
1182	1182	36	1
1182	1182	37	2
1183	1183	0	0
1183	1183	1	1
1183	1183	2	0
1183	1183	3	0
1183	1183	4	0
1183	1183	5	0
1183	1183	6	1
1183	1183	7	0
1183	1183	8	0
1183	1183	9	0
1183	1183	10	1
1183	1183	11	0
1183	1183	12	0
1183	1183	13	0
1183	1183	14	0
1183	1183	15	1
1183	1183	16	0
1183	1183	17	0
1183	1183	18	0
1183	1183	19	3
1183	1183	20	0
1183	1183	21	0
1183	1183	22	4
1183	1183	23	0
1183	1183	24	1
1183	1183	25	0
1183	1183	26	0
1183	1183	27	0
1183	1183	28	1
1183	1183	29	2
1183	1183	30	2
1183	1183	31	3
1183	1183	32	0
1183	1183	33	5
1183	1183	34	0
1183	1183	35	3
1183	1183	36	3
1183	1183	37	1
1184	1184	0	0
1184	1184	1	0
1184	1184	2	0
1184	1184	3	0
1184	1184	4	0
1184	1184	5	0
1184	1184	6	5
1184	1184	7	1
1184	1184	8	0
1184	1184	9	0
1184	1184	10	0
1184	1184	11	0
1184	1184	12	0
1184	1184	13	0
1184	1184	14	0
1184	1184	15	0
1184	1184	16	0
1184	1184	17	0
1184	1184	18	0
1184	1184	19	1
1184	1184	20	0
1184	1184	21	0
1184	1184	22	0
1184	1184	23	0
1184	1184	24	1
1184	1184	25	0
1184	1184	26	0
1184	1184	27	1
1184	1184	28	0
1184	1184	29	0
1184	1184	30	0
1184	1184	31	0
1184	1184	32	2
1184	1184	33	2
1184	1184	34	0
1184	1184	35	0
1184	1184	36	2
1184	1184	37	0
1185	1185	0	0
1185	1185	1	0
1185	1185	2	0
1185	1185	3	0
1185	1185	4	2
1185	1185	5	1
1185	1185	6	0
1185	1185	7	0
1185	1185	8	0
1185	1185	9	1
1185	1185	10	1
1185	1185	11	0
1185	1185	12	5
1185	1185	13	0
1185	1185	14	2
1185	1185	15	0
1185	1185	16	0
1185	1185	17	0
1185	1185	18	0
1185	1185	19	0
1185	1185	20	0
1185	1185	21	0
1185	1185	22	0
1185	1185	23	2
1185	1185	24	1
1185	1185	25	0
1185	1185	26	5
1185	1185	27	0
1185	1185	28	0
1185	1185	29	0
1185	1185	30	1
1185	1185	31	1
1185	1185	32	3
1185	1185	33	0
1185	1185	34	0
1185	1185	35	2
1185	1185	36	2
1185	1185	37	2
1186	1186	0	0
1186	1186	1	4
1186	1186	2	2
1186	1186	3	0
1186	1186	4	0
1186	1186	5	0
1186	1186	6	1
1186	1186	7	0
1186	1186	8	1
1186	1186	9	0
1186	1186	10	0
1186	1186	11	0
1186	1186	12	0
1186	1186	13	1
1186	1186	14	0
1186	1186	15	2
1186	1186	16	2
1186	1186	17	0
1186	1186	18	0
1186	1186	19	0
1186	1186	20	0
1186	1186	21	2
1186	1186	22	4
1186	1186	23	6
1186	1186	24	3
1186	1186	25	5
1186	1186	26	1
1186	1186	27	4
1186	1186	28	1
1186	1186	29	6
1186	1186	30	3
1186	1186	31	2
1186	1186	32	2
1186	1186	33	5
1186	1186	34	10
1186	1186	35	1
1186	1186	36	7
1186	1186	37	1
1187	1187	0	0
1187	1187	1	6
1187	1187	2	0
1187	1187	3	0
1187	1187	4	1
1187	1187	5	0
1187	1187	6	2
1187	1187	7	0
1187	1187	8	0
1187	1187	9	0
1187	1187	10	1
1187	1187	11	0
1187	1187	12	0
1187	1187	13	3
1187	1187	14	0
1187	1187	15	0
1187	1187	16	2
1187	1187	17	1
1187	1187	18	3
1187	1187	19	0
1187	1187	20	1
1187	1187	21	3
1187	1187	22	0
1187	1187	23	0
1187	1187	24	0
1187	1187	25	3
1187	1187	26	6
1187	1187	27	1
1187	1187	28	0
1187	1187	29	4
1187	1187	30	1
1187	1187	31	4
1187	1187	32	1
1187	1187	33	1
1187	1187	34	4
1187	1187	35	3
1187	1187	36	3
1187	1187	37	3
1188	1188	0	0
1188	1188	1	1
1188	1188	2	0
1188	1188	3	0
1188	1188	4	0
1188	1188	5	0
1188	1188	6	0
1188	1188	7	0
1188	1188	8	0
1188	1188	9	0
1188	1188	10	0
1188	1188	11	0
1188	1188	12	1
1188	1188	13	2
1188	1188	14	0
1188	1188	15	1
1188	1188	16	0
1188	1188	17	0
1188	1188	18	0
1188	1188	19	1
1188	1188	20	2
1188	1188	21	1
1188	1188	22	0
1188	1188	23	0
1188	1188	24	1
1188	1188	25	1
1188	1188	26	0
1188	1188	27	3
1188	1188	28	2
1188	1188	29	2
1188	1188	30	0
1188	1188	31	3
1188	1188	32	3
1188	1188	33	0
1188	1188	34	1
1188	1188	35	0
1188	1188	36	0
1188	1188	37	2
1189	1189	0	0
1189	1189	1	0
1189	1189	2	0
1189	1189	3	0
1189	1189	4	0
1189	1189	5	1
1189	1189	6	0
1189	1189	7	0
1189	1189	8	0
1189	1189	9	0
1189	1189	10	0
1189	1189	11	0
1189	1189	12	0
1189	1189	13	0
1189	1189	14	0
1189	1189	15	0
1189	1189	16	0
1189	1189	17	0
1189	1189	18	2
1189	1189	19	1
1189	1189	20	2
1189	1189	21	0
1189	1189	22	2
1189	1189	23	6
1189	1189	24	1
1189	1189	25	1
1189	1189	26	4
1189	1189	27	0
1189	1189	28	2
1189	1189	29	2
1189	1189	30	0
1189	1189	31	2
1189	1189	32	1
1189	1189	33	1
1189	1189	34	2
1189	1189	35	8
1189	1189	36	0
1189	1189	37	1
1190	1190	0	0
1190	1190	1	1
1190	1190	2	0
1190	1190	3	0
1190	1190	4	0
1190	1190	5	0
1190	1190	6	0
1190	1190	7	0
1190	1190	8	0
1190	1190	9	0
1190	1190	10	0
1190	1190	11	0
1190	1190	12	2
1190	1190	13	0
1190	1190	14	0
1190	1190	15	1
1190	1190	16	0
1190	1190	17	0
1190	1190	18	0
1190	1190	19	0
1190	1190	20	0
1190	1190	21	0
1190	1190	22	2
1190	1190	23	0
1190	1190	24	1
1190	1190	25	0
1190	1190	26	0
1190	1190	27	2
1190	1190	28	0
1190	1190	29	0
1190	1190	30	1
1190	1190	31	1
1190	1190	32	3
1190	1190	33	3
1190	1190	34	0
1190	1190	35	1
1190	1190	36	3
1190	1190	37	1
1191	1191	0	0
1191	1191	1	0
1191	1191	2	0
1191	1191	3	0
1191	1191	4	0
1191	1191	5	0
1191	1191	6	0
1191	1191	7	0
1191	1191	8	0
1191	1191	9	0
1191	1191	10	0
1191	1191	11	0
1191	1191	12	0
1191	1191	13	0
1191	1191	14	0
1191	1191	15	0
1191	1191	16	0
1191	1191	17	0
1191	1191	18	0
1191	1191	19	0
1191	1191	20	0
1191	1191	21	0
1191	1191	22	0
1191	1191	23	0
1191	1191	24	0
1191	1191	25	0
1191	1191	26	0
1191	1191	27	0
1191	1191	28	0
1191	1191	29	0
1191	1191	30	0
1191	1191	31	0
1191	1191	32	0
1191	1191	33	0
1191	1191	34	0
1191	1191	35	0
1191	1191	36	0
1191	1191	37	0
1192	1192	0	0
1192	1192	1	0
1192	1192	2	0
1192	1192	3	2
1192	1192	4	4
1192	1192	5	0
1192	1192	6	0
1192	1192	7	0
1192	1192	8	0
1192	1192	9	0
1192	1192	10	4
1192	1192	11	0
1192	1192	12	1
1192	1192	13	1
1192	1192	14	0
1192	1192	15	0
1192	1192	16	0
1192	1192	17	3
1192	1192	18	0
1192	1192	19	0
1192	1192	20	1
1192	1192	21	1
1192	1192	22	0
1192	1192	23	0
1192	1192	24	0
1192	1192	25	6
1192	1192	26	0
1192	1192	27	0
1192	1192	28	3
1192	1192	29	0
1192	1192	30	2
1192	1192	31	0
1192	1192	32	0
1192	1192	33	3
1192	1192	34	2
1192	1192	35	1
1192	1192	36	2
1192	1192	37	4
1193	1193	0	0
1193	1193	1	0
1193	1193	2	0
1193	1193	3	0
1193	1193	4	0
1193	1193	5	0
1193	1193	6	0
1193	1193	7	0
1193	1193	8	0
1193	1193	9	0
1193	1193	10	0
1193	1193	11	0
1193	1193	12	0
1193	1193	13	0
1193	1193	14	0
1193	1193	15	0
1193	1193	16	0
1193	1193	17	2
1193	1193	18	0
1193	1193	19	0
1193	1193	20	0
1193	1193	21	3
1193	1193	22	0
1193	1193	23	4
1193	1193	24	4
1193	1193	25	0
1193	1193	26	4
1193	1193	27	3
1193	1193	28	4
1193	1193	29	1
1193	1193	30	3
1193	1193	31	0
1193	1193	32	4
1193	1193	33	2
1193	1193	34	3
1193	1193	35	3
1193	1193	36	2
1193	1193	37	5
1194	1194	0	0
1194	1194	1	0
1194	1194	2	4
1194	1194	3	0
1194	1194	4	0
1194	1194	5	0
1194	1194	6	0
1194	1194	7	0
1194	1194	8	0
1194	1194	9	0
1194	1194	10	0
1194	1194	11	0
1194	1194	12	0
1194	1194	13	0
1194	1194	14	0
1194	1194	15	0
1194	1194	16	0
1194	1194	17	0
1194	1194	18	0
1194	1194	19	0
1194	1194	20	0
1194	1194	21	0
1194	1194	22	0
1194	1194	23	0
1194	1194	24	0
1194	1194	25	0
1194	1194	26	0
1194	1194	27	0
1194	1194	28	0
1194	1194	29	0
1194	1194	30	0
1194	1194	31	0
1194	1194	32	0
1194	1194	33	0
1194	1194	34	0
1194	1194	35	0
1194	1194	36	0
1194	1194	37	0
1195	1195	0	0
1195	1195	1	0
1195	1195	2	0
1195	1195	3	0
1195	1195	4	0
1195	1195	5	0
1195	1195	6	0
1195	1195	7	0
1195	1195	8	0
1195	1195	9	0
1195	1195	10	0
1195	1195	11	0
1195	1195	12	1
1195	1195	13	0
1195	1195	14	0
1195	1195	15	0
1195	1195	16	0
1195	1195	17	0
1195	1195	18	0
1195	1195	19	1
1195	1195	20	0
1195	1195	21	0
1195	1195	22	0
1195	1195	23	0
1195	1195	24	0
1195	1195	25	0
1195	1195	26	0
1195	1195	27	0
1195	1195	28	0
1195	1195	29	0
1195	1195	30	0
1195	1195	31	0
1195	1195	32	0
1195	1195	33	0
1195	1195	34	0
1195	1195	35	0
1195	1195	36	0
1195	1195	37	0
1196	1196	0	0
1196	1196	1	0
1196	1196	2	0
1196	1196	3	0
1196	1196	4	0
1196	1196	5	0
1196	1196	6	0
1196	1196	7	0
1196	1196	8	0
1196	1196	9	0
1196	1196	10	0
1196	1196	11	1
1196	1196	12	0
1196	1196	13	0
1196	1196	14	0
1196	1196	15	0
1196	1196	16	0
1196	1196	17	0
1196	1196	18	0
1196	1196	19	0
1196	1196	20	1
1196	1196	21	0
1196	1196	22	0
1196	1196	23	0
1196	1196	24	1
1196	1196	25	0
1196	1196	26	0
1196	1196	27	0
1196	1196	28	0
1196	1196	29	0
1196	1196	30	0
1196	1196	31	0
1196	1196	32	0
1196	1196	33	0
1196	1196	34	1
1196	1196	35	0
1196	1196	36	0
1196	1196	37	0
1197	1197	0	0
1197	1197	1	0
1197	1197	2	0
1197	1197	3	3
1197	1197	4	0
1197	1197	5	1
1197	1197	6	0
1197	1197	7	0
1197	1197	8	0
1197	1197	9	0
1197	1197	10	0
1197	1197	11	0
1197	1197	12	0
1197	1197	13	0
1197	1197	14	1
1197	1197	15	1
1197	1197	16	0
1197	1197	17	0
1197	1197	18	0
1197	1197	19	0
1197	1197	20	1
1197	1197	21	2
1197	1197	22	0
1197	1197	23	0
1197	1197	24	1
1197	1197	25	0
1197	1197	26	0
1197	1197	27	4
1197	1197	28	6
1197	1197	29	0
1197	1197	30	1
1197	1197	31	0
1197	1197	32	1
1197	1197	33	0
1197	1197	34	0
1197	1197	35	0
1197	1197	36	1
1197	1197	37	2
1198	1198	0	0
1198	1198	1	0
1198	1198	2	0
1198	1198	3	0
1198	1198	4	0
1198	1198	5	1
1198	1198	6	0
1198	1198	7	0
1198	1198	8	0
1198	1198	9	0
1198	1198	10	0
1198	1198	11	0
1198	1198	12	3
1198	1198	13	0
1198	1198	14	0
1198	1198	15	0
1198	1198	16	0
1198	1198	17	1
1198	1198	18	0
1198	1198	19	0
1198	1198	20	0
1198	1198	21	1
1198	1198	22	0
1198	1198	23	0
1198	1198	24	0
1198	1198	25	0
1198	1198	26	0
1198	1198	27	0
1198	1198	28	0
1198	1198	29	2
1198	1198	30	0
1198	1198	31	0
1198	1198	32	0
1198	1198	33	0
1198	1198	34	0
1198	1198	35	0
1198	1198	36	0
1198	1198	37	0
1199	1199	0	0
1199	1199	1	0
1199	1199	2	0
1199	1199	3	0
1199	1199	4	1
1199	1199	5	0
1199	1199	6	0
1199	1199	7	0
1199	1199	8	0
1199	1199	9	0
1199	1199	10	0
1199	1199	11	0
1199	1199	12	0
1199	1199	13	0
1199	1199	14	0
1199	1199	15	0
1199	1199	16	0
1199	1199	17	0
1199	1199	18	0
1199	1199	19	0
1199	1199	20	0
1199	1199	21	0
1199	1199	22	0
1199	1199	23	0
1199	1199	24	0
1199	1199	25	0
1199	1199	26	0
1199	1199	27	0
1199	1199	28	0
1199	1199	29	0
1199	1199	30	0
1199	1199	31	0
1199	1199	32	0
1199	1199	33	0
1199	1199	34	0
1199	1199	35	0
1199	1199	36	0
1199	1199	37	0
1200	1200	0	0
1200	1200	1	0
1200	1200	2	0
1200	1200	3	0
1200	1200	4	0
1200	1200	5	0
1200	1200	6	0
1200	1200	7	0
1200	1200	8	0
1200	1200	9	0
1200	1200	10	0
1200	1200	11	0
1200	1200	12	0
1200	1200	13	0
1200	1200	14	0
1200	1200	15	0
1200	1200	16	0
1200	1200	17	0
1200	1200	18	0
1200	1200	19	0
1200	1200	20	0
1200	1200	21	0
1200	1200	22	0
1200	1200	23	0
1200	1200	24	0
1200	1200	25	0
1200	1200	26	0
1200	1200	27	0
1200	1200	28	1
1200	1200	29	0
1200	1200	30	1
1200	1200	31	0
1200	1200	32	0
1200	1200	33	0
1200	1200	34	0
1200	1200	35	0
1200	1200	36	0
1200	1200	37	0
1201	1201	0	0
1201	1201	1	0
1201	1201	2	1
1201	1201	3	0
1201	1201	4	0
1201	1201	5	0
1201	1201	6	0
1201	1201	7	0
1201	1201	8	0
1201	1201	9	2
1201	1201	10	0
1201	1201	11	0
1201	1201	12	1
1201	1201	13	0
1201	1201	14	0
1201	1201	15	2
1201	1201	16	2
1201	1201	17	2
1201	1201	18	0
1201	1201	19	0
1201	1201	20	0
1201	1201	21	1
1201	1201	22	2
1201	1201	23	0
1201	1201	24	4
1201	1201	25	2
1201	1201	26	4
1201	1201	27	3
1201	1201	28	0
1201	1201	29	3
1201	1201	30	6
1201	1201	31	4
1201	1201	32	2
1201	1201	33	5
1201	1201	34	2
1201	1201	35	4
1201	1201	36	6
1201	1201	37	5
1202	1202	0	0
1202	1202	1	0
1202	1202	2	0
1202	1202	3	0
1202	1202	4	0
1202	1202	5	0
1202	1202	6	0
1202	1202	7	0
1202	1202	8	0
1202	1202	9	0
1202	1202	10	0
1202	1202	11	0
1202	1202	12	0
1202	1202	13	0
1202	1202	14	0
1202	1202	15	0
1202	1202	16	0
1202	1202	17	0
1202	1202	18	0
1202	1202	19	0
1202	1202	20	0
1202	1202	21	0
1202	1202	22	0
1202	1202	23	0
1202	1202	24	0
1202	1202	25	0
1202	1202	26	0
1202	1202	27	0
1202	1202	28	0
1202	1202	29	2
1202	1202	30	0
1202	1202	31	0
1202	1202	32	0
1202	1202	33	0
1202	1202	34	0
1202	1202	35	0
1202	1202	36	1
1202	1202	37	0
1203	1203	0	0
1203	1203	1	0
1203	1203	2	0
1203	1203	3	0
1203	1203	4	0
1203	1203	5	1
1203	1203	6	0
1203	1203	7	0
1203	1203	8	0
1203	1203	9	0
1203	1203	10	0
1203	1203	11	1
1203	1203	12	0
1203	1203	13	0
1203	1203	14	0
1203	1203	15	1
1203	1203	16	0
1203	1203	17	0
1203	1203	18	0
1203	1203	19	0
1203	1203	20	1
1203	1203	21	0
1203	1203	22	1
1203	1203	23	0
1203	1203	24	0
1203	1203	25	0
1203	1203	26	0
1203	1203	27	1
1203	1203	28	0
1203	1203	29	0
1203	1203	30	2
1203	1203	31	1
1203	1203	32	2
1203	1203	33	2
1203	1203	34	1
1203	1203	35	1
1203	1203	36	1
1203	1203	37	0
1204	1204	0	0
1204	1204	1	0
1204	1204	2	0
1204	1204	3	0
1204	1204	4	0
1204	1204	5	0
1204	1204	6	0
1204	1204	7	0
1204	1204	8	0
1204	1204	9	0
1204	1204	10	0
1204	1204	11	0
1204	1204	12	0
1204	1204	13	0
1204	1204	14	0
1204	1204	15	0
1204	1204	16	1
1204	1204	17	0
1204	1204	18	0
1204	1204	19	0
1204	1204	20	0
1204	1204	21	0
1204	1204	22	4
1204	1204	23	0
1204	1204	24	0
1204	1204	25	0
1204	1204	26	0
1204	1204	27	0
1204	1204	28	0
1204	1204	29	0
1204	1204	30	0
1204	1204	31	0
1204	1204	32	0
1204	1204	33	0
1204	1204	34	0
1204	1204	35	0
1204	1204	36	0
1204	1204	37	0
1205	1205	0	0
1205	1205	1	0
1205	1205	2	0
1205	1205	3	0
1205	1205	4	0
1205	1205	5	0
1205	1205	6	0
1205	1205	7	0
1205	1205	8	0
1205	1205	9	0
1205	1205	10	0
1205	1205	11	0
1205	1205	12	0
1205	1205	13	0
1205	1205	14	0
1205	1205	15	0
1205	1205	16	0
1205	1205	17	0
1205	1205	18	0
1205	1205	19	0
1205	1205	20	0
1205	1205	21	0
1205	1205	22	0
1205	1205	23	0
1205	1205	24	0
1205	1205	25	0
1205	1205	26	0
1205	1205	27	0
1205	1205	28	0
1205	1205	29	0
1205	1205	30	0
1205	1205	31	0
1205	1205	32	0
1205	1205	33	0
1205	1205	34	3
1205	1205	35	0
1205	1205	36	0
1205	1205	37	0
1206	1206	0	0
1206	1206	1	0
1206	1206	2	0
1206	1206	3	0
1206	1206	4	0
1206	1206	5	0
1206	1206	6	2
1206	1206	7	0
1206	1206	8	0
1206	1206	9	0
1206	1206	10	0
1206	1206	11	0
1206	1206	12	0
1206	1206	13	0
1206	1206	14	0
1206	1206	15	0
1206	1206	16	0
1206	1206	17	0
1206	1206	18	0
1206	1206	19	0
1206	1206	20	0
1206	1206	21	0
1206	1206	22	0
1206	1206	23	0
1206	1206	24	0
1206	1206	25	0
1206	1206	26	0
1206	1206	27	0
1206	1206	28	0
1206	1206	29	0
1206	1206	30	0
1206	1206	31	0
1206	1206	32	0
1206	1206	33	0
1206	1206	34	0
1206	1206	35	0
1206	1206	36	0
1206	1206	37	0
1207	1207	0	0
1207	1207	1	5
1207	1207	2	1
1207	1207	3	2
1207	1207	4	0
1207	1207	5	0
1207	1207	6	0
1207	1207	7	0
1207	1207	8	0
1207	1207	9	0
1207	1207	10	0
1207	1207	11	0
1207	1207	12	2
1207	1207	13	0
1207	1207	14	0
1207	1207	15	0
1207	1207	16	0
1207	1207	17	0
1207	1207	18	0
1207	1207	19	0
1207	1207	20	0
1207	1207	21	0
1207	1207	22	0
1207	1207	23	0
1207	1207	24	0
1207	1207	25	0
1207	1207	26	0
1207	1207	27	0
1207	1207	28	0
1207	1207	29	0
1207	1207	30	0
1207	1207	31	0
1207	1207	32	0
1207	1207	33	0
1207	1207	34	0
1207	1207	35	0
1207	1207	36	0
1207	1207	37	0
1208	1208	0	0
1208	1208	1	0
1208	1208	2	0
1208	1208	3	0
1208	1208	4	0
1208	1208	5	0
1208	1208	6	0
1208	1208	7	0
1208	1208	8	0
1208	1208	9	0
1208	1208	10	0
1208	1208	11	0
1208	1208	12	0
1208	1208	13	0
1208	1208	14	0
1208	1208	15	0
1208	1208	16	0
1208	1208	17	0
1208	1208	18	0
1208	1208	19	0
1208	1208	20	0
1208	1208	21	0
1208	1208	22	0
1208	1208	23	0
1208	1208	24	0
1208	1208	25	0
1208	1208	26	0
1208	1208	27	0
1208	1208	28	0
1208	1208	29	0
1208	1208	30	0
1208	1208	31	0
1208	1208	32	0
1208	1208	33	0
1208	1208	34	0
1208	1208	35	0
1208	1208	36	0
1208	1208	37	0
1209	1209	0	0
1209	1209	1	0
1209	1209	2	0
1209	1209	3	5
1209	1209	4	0
1209	1209	5	0
1209	1209	6	0
1209	1209	7	0
1209	1209	8	0
1209	1209	9	0
1209	1209	10	0
1209	1209	11	1
1209	1209	12	0
1209	1209	13	0
1209	1209	14	3
1209	1209	15	3
1209	1209	16	0
1209	1209	17	0
1209	1209	18	0
1209	1209	19	0
1209	1209	20	0
1209	1209	21	0
1209	1209	22	0
1209	1209	23	2
1209	1209	24	4
1209	1209	25	0
1209	1209	26	0
1209	1209	27	0
1209	1209	28	0
1209	1209	29	1
1209	1209	30	0
1209	1209	31	0
1209	1209	32	0
1209	1209	33	0
1209	1209	34	2
1209	1209	35	2
1209	1209	36	1
1209	1209	37	0
1210	1210	0	0
1210	1210	1	0
1210	1210	2	0
1210	1210	3	0
1210	1210	4	0
1210	1210	5	0
1210	1210	6	0
1210	1210	7	0
1210	1210	8	0
1210	1210	9	0
1210	1210	10	0
1210	1210	11	0
1210	1210	12	0
1210	1210	13	0
1210	1210	14	2
1210	1210	15	0
1210	1210	16	0
1210	1210	17	0
1210	1210	18	0
1210	1210	19	0
1210	1210	20	2
1210	1210	21	1
1210	1210	22	0
1210	1210	23	1
1210	1210	24	0
1210	1210	25	0
1210	1210	26	0
1210	1210	27	0
1210	1210	28	0
1210	1210	29	0
1210	1210	30	0
1210	1210	31	0
1210	1210	32	0
1210	1210	33	5
1210	1210	34	0
1210	1210	35	0
1210	1210	36	0
1210	1210	37	0
1211	1211	0	0
1211	1211	1	0
1211	1211	2	0
1211	1211	3	0
1211	1211	4	2
1211	1211	5	1
1211	1211	6	0
1211	1211	7	0
1211	1211	8	0
1211	1211	9	0
1211	1211	10	0
1211	1211	11	0
1211	1211	12	0
1211	1211	13	0
1211	1211	14	0
1211	1211	15	1
1211	1211	16	0
1211	1211	17	0
1211	1211	18	0
1211	1211	19	0
1211	1211	20	0
1211	1211	21	4
1211	1211	22	0
1211	1211	23	0
1211	1211	24	2
1211	1211	25	0
1211	1211	26	2
1211	1211	27	0
1211	1211	28	1
1211	1211	29	0
1211	1211	30	0
1211	1211	31	0
1211	1211	32	0
1211	1211	33	0
1211	1211	34	1
1211	1211	35	0
1211	1211	36	0
1211	1211	37	0
1212	1212	0	0
1212	1212	1	0
1212	1212	2	0
1212	1212	3	0
1212	1212	4	2
1212	1212	5	0
1212	1212	6	0
1212	1212	7	0
1212	1212	8	0
1212	1212	9	0
1212	1212	10	0
1212	1212	11	0
1212	1212	12	0
1212	1212	13	0
1212	1212	14	0
1212	1212	15	0
1212	1212	16	0
1212	1212	17	0
1212	1212	18	0
1212	1212	19	0
1212	1212	20	0
1212	1212	21	0
1212	1212	22	0
1212	1212	23	0
1212	1212	24	0
1212	1212	25	0
1212	1212	26	0
1212	1212	27	0
1212	1212	28	0
1212	1212	29	0
1212	1212	30	0
1212	1212	31	0
1212	1212	32	0
1212	1212	33	0
1212	1212	34	2
1212	1212	35	0
1212	1212	36	0
1212	1212	37	0
1213	1213	0	0
1213	1213	1	0
1213	1213	2	0
1213	1213	3	0
1213	1213	4	0
1213	1213	5	0
1213	1213	6	0
1213	1213	7	0
1213	1213	8	0
1213	1213	9	0
1213	1213	10	0
1213	1213	11	0
1213	1213	12	0
1213	1213	13	0
1213	1213	14	2
1213	1213	15	0
1213	1213	16	0
1213	1213	17	0
1213	1213	18	0
1213	1213	19	0
1213	1213	20	0
1213	1213	21	0
1213	1213	22	0
1213	1213	23	0
1213	1213	24	0
1213	1213	25	0
1213	1213	26	0
1213	1213	27	0
1213	1213	28	0
1213	1213	29	0
1213	1213	30	0
1213	1213	31	0
1213	1213	32	0
1213	1213	33	0
1213	1213	34	0
1213	1213	35	0
1213	1213	36	0
1213	1213	37	0
1214	1214	0	0
1214	1214	1	0
1214	1214	2	0
1214	1214	3	0
1214	1214	4	0
1214	1214	5	1
1214	1214	6	0
1214	1214	7	0
1214	1214	8	0
1214	1214	9	0
1214	1214	10	0
1214	1214	11	0
1214	1214	12	0
1214	1214	13	0
1214	1214	14	0
1214	1214	15	0
1214	1214	16	0
1214	1214	17	0
1214	1214	18	0
1214	1214	19	0
1214	1214	20	0
1214	1214	21	0
1214	1214	22	0
1214	1214	23	0
1214	1214	24	0
1214	1214	25	0
1214	1214	26	0
1214	1214	27	0
1214	1214	28	0
1214	1214	29	0
1214	1214	30	0
1214	1214	31	0
1214	1214	32	0
1214	1214	33	0
1214	1214	34	0
1214	1214	35	1
1214	1214	36	2
1214	1214	37	1
1215	1215	0	0
1215	1215	1	0
1215	1215	2	0
1215	1215	3	0
1215	1215	4	0
1215	1215	5	0
1215	1215	6	0
1215	1215	7	0
1215	1215	8	0
1215	1215	9	0
1215	1215	10	0
1215	1215	11	0
1215	1215	12	0
1215	1215	13	0
1215	1215	14	0
1215	1215	15	0
1215	1215	16	0
1215	1215	17	0
1215	1215	18	0
1215	1215	19	0
1215	1215	20	0
1215	1215	21	0
1215	1215	22	0
1215	1215	23	0
1215	1215	24	0
1215	1215	25	1
1215	1215	26	0
1215	1215	27	0
1215	1215	28	0
1215	1215	29	1
1215	1215	30	0
1215	1215	31	0
1215	1215	32	0
1215	1215	33	0
1215	1215	34	0
1215	1215	35	0
1215	1215	36	0
1215	1215	37	0
1216	1216	0	0
1216	1216	1	0
1216	1216	2	0
1216	1216	3	0
1216	1216	4	0
1216	1216	5	0
1216	1216	6	3
1216	1216	7	0
1216	1216	8	0
1216	1216	9	0
1216	1216	10	0
1216	1216	11	1
1216	1216	12	0
1216	1216	13	0
1216	1216	14	0
1216	1216	15	0
1216	1216	16	0
1216	1216	17	0
1216	1216	18	0
1216	1216	19	0
1216	1216	20	0
1216	1216	21	0
1216	1216	22	0
1216	1216	23	0
1216	1216	24	0
1216	1216	25	0
1216	1216	26	0
1216	1216	27	0
1216	1216	28	0
1216	1216	29	0
1216	1216	30	0
1216	1216	31	0
1216	1216	32	0
1216	1216	33	0
1216	1216	34	0
1216	1216	35	0
1216	1216	36	0
1216	1216	37	0
1217	1217	0	0
1217	1217	1	0
1217	1217	2	0
1217	1217	3	0
1217	1217	4	0
1217	1217	5	1
1217	1217	6	0
1217	1217	7	0
1217	1217	8	0
1217	1217	9	0
1217	1217	10	0
1217	1217	11	0
1217	1217	12	0
1217	1217	13	0
1217	1217	14	0
1217	1217	15	0
1217	1217	16	1
1217	1217	17	2
1217	1217	18	3
1217	1217	19	0
1217	1217	20	0
1217	1217	21	0
1217	1217	22	0
1217	1217	23	0
1217	1217	24	0
1217	1217	25	0
1217	1217	26	0
1217	1217	27	2
1217	1217	28	0
1217	1217	29	0
1217	1217	30	1
1217	1217	31	5
1217	1217	32	0
1217	1217	33	4
1217	1217	34	1
1217	1217	35	0
1217	1217	36	0
1217	1217	37	0
1218	1218	0	0
1218	1218	1	1
1218	1218	2	0
1218	1218	3	0
1218	1218	4	0
1218	1218	5	0
1218	1218	6	0
1218	1218	7	0
1218	1218	8	0
1218	1218	9	0
1218	1218	10	0
1218	1218	11	0
1218	1218	12	0
1218	1218	13	0
1218	1218	14	1
1218	1218	15	0
1218	1218	16	0
1218	1218	17	0
1218	1218	18	0
1218	1218	19	0
1218	1218	20	0
1218	1218	21	0
1218	1218	22	0
1218	1218	23	0
1218	1218	24	0
1218	1218	25	2
1218	1218	26	0
1218	1218	27	0
1218	1218	28	0
1218	1218	29	0
1218	1218	30	0
1218	1218	31	0
1218	1218	32	0
1218	1218	33	0
1218	1218	34	0
1218	1218	35	0
1218	1218	36	1
1218	1218	37	3
1219	1219	0	0
1219	1219	1	0
1219	1219	2	0
1219	1219	3	0
1219	1219	4	0
1219	1219	5	0
1219	1219	6	0
1219	1219	7	0
1219	1219	8	0
1219	1219	9	0
1219	1219	10	0
1219	1219	11	0
1219	1219	12	0
1219	1219	13	1
1219	1219	14	0
1219	1219	15	0
1219	1219	16	0
1219	1219	17	0
1219	1219	18	0
1219	1219	19	1
1219	1219	20	0
1219	1219	21	1
1219	1219	22	0
1219	1219	23	0
1219	1219	24	0
1219	1219	25	0
1219	1219	26	0
1219	1219	27	0
1219	1219	28	0
1219	1219	29	0
1219	1219	30	0
1219	1219	31	0
1219	1219	32	0
1219	1219	33	0
1219	1219	34	0
1219	1219	35	0
1219	1219	36	0
1219	1219	37	0
1220	1220	0	0
1220	1220	1	0
1220	1220	2	0
1220	1220	3	1
1220	1220	4	1
1220	1220	5	0
1220	1220	6	0
1220	1220	7	0
1220	1220	8	0
1220	1220	9	0
1220	1220	10	0
1220	1220	11	3
1220	1220	12	0
1220	1220	13	0
1220	1220	14	0
1220	1220	15	1
1220	1220	16	0
1220	1220	17	2
1220	1220	18	1
1220	1220	19	0
1220	1220	20	0
1220	1220	21	0
1220	1220	22	1
1220	1220	23	0
1220	1220	24	1
1220	1220	25	0
1220	1220	26	4
1220	1220	27	0
1220	1220	28	0
1220	1220	29	1
1220	1220	30	1
1220	1220	31	2
1220	1220	32	2
1220	1220	33	0
1220	1220	34	0
1220	1220	35	2
1220	1220	36	1
1220	1220	37	3
1221	1221	0	0
1221	1221	1	1
1221	1221	2	5
1221	1221	3	0
1221	1221	4	0
1221	1221	5	2
1221	1221	6	0
1221	1221	7	0
1221	1221	8	0
1221	1221	9	0
1221	1221	10	0
1221	1221	11	0
1221	1221	12	0
1221	1221	13	2
1221	1221	14	0
1221	1221	15	1
1221	1221	16	0
1221	1221	17	1
1221	1221	18	2
1221	1221	19	0
1221	1221	20	0
1221	1221	21	0
1221	1221	22	5
1221	1221	23	0
1221	1221	24	2
1221	1221	25	2
1221	1221	26	3
1221	1221	27	0
1221	1221	28	0
1221	1221	29	2
1221	1221	30	5
1221	1221	31	0
1221	1221	32	0
1221	1221	33	0
1221	1221	34	1
1221	1221	35	1
1221	1221	36	2
1221	1221	37	7
1222	1222	0	0
1222	1222	1	0
1222	1222	2	0
1222	1222	3	2
1222	1222	4	0
1222	1222	5	2
1222	1222	6	0
1222	1222	7	0
1222	1222	8	0
1222	1222	9	0
1222	1222	10	0
1222	1222	11	1
1222	1222	12	0
1222	1222	13	0
1222	1222	14	0
1222	1222	15	0
1222	1222	16	0
1222	1222	17	0
1222	1222	18	0
1222	1222	19	0
1222	1222	20	0
1222	1222	21	0
1222	1222	22	0
1222	1222	23	0
1222	1222	24	0
1222	1222	25	0
1222	1222	26	0
1222	1222	27	0
1222	1222	28	0
1222	1222	29	0
1222	1222	30	0
1222	1222	31	0
1222	1222	32	0
1222	1222	33	0
1222	1222	34	0
1222	1222	35	0
1222	1222	36	0
1222	1222	37	0
1223	1223	0	0
1223	1223	1	0
1223	1223	2	0
1223	1223	3	0
1223	1223	4	0
1223	1223	5	0
1223	1223	6	0
1223	1223	7	0
1223	1223	8	0
1223	1223	9	2
1223	1223	10	0
1223	1223	11	0
1223	1223	12	0
1223	1223	13	0
1223	1223	14	0
1223	1223	15	0
1223	1223	16	0
1223	1223	17	0
1223	1223	18	0
1223	1223	19	0
1223	1223	20	0
1223	1223	21	0
1223	1223	22	2
1223	1223	23	0
1223	1223	24	0
1223	1223	25	0
1223	1223	26	0
1223	1223	27	0
1223	1223	28	0
1223	1223	29	1
1223	1223	30	0
1223	1223	31	3
1223	1223	32	0
1223	1223	33	0
1223	1223	34	0
1223	1223	35	1
1223	1223	36	3
1223	1223	37	0
1224	1224	0	0
1224	1224	1	1
1224	1224	2	0
1224	1224	3	0
1224	1224	4	0
1224	1224	5	0
1224	1224	6	0
1224	1224	7	0
1224	1224	8	0
1224	1224	9	0
1224	1224	10	0
1224	1224	11	0
1224	1224	12	0
1224	1224	13	0
1224	1224	14	0
1224	1224	15	0
1224	1224	16	0
1224	1224	17	0
1224	1224	18	0
1224	1224	19	0
1224	1224	20	0
1224	1224	21	0
1224	1224	22	0
1224	1224	23	0
1224	1224	24	0
1224	1224	25	0
1224	1224	26	0
1224	1224	27	0
1224	1224	28	0
1224	1224	29	0
1224	1224	30	0
1224	1224	31	0
1224	1224	32	0
1224	1224	33	0
1224	1224	34	0
1224	1224	35	0
1224	1224	36	0
1224	1224	37	0
1225	1225	0	0
1225	1225	1	0
1225	1225	2	0
1225	1225	3	0
1225	1225	4	0
1225	1225	5	0
1225	1225	6	0
1225	1225	7	0
1225	1225	8	0
1225	1225	9	0
1225	1225	10	0
1225	1225	11	0
1225	1225	12	0
1225	1225	13	0
1225	1225	14	0
1225	1225	15	0
1225	1225	16	1
1225	1225	17	0
1225	1225	18	0
1225	1225	19	0
1225	1225	20	0
1225	1225	21	0
1225	1225	22	0
1225	1225	23	0
1225	1225	24	2
1225	1225	25	0
1225	1225	26	0
1225	1225	27	0
1225	1225	28	0
1225	1225	29	0
1225	1225	30	0
1225	1225	31	0
1225	1225	32	0
1225	1225	33	0
1225	1225	34	2
1225	1225	35	0
1225	1225	36	0
1225	1225	37	1
1226	1226	0	0
1226	1226	1	0
1226	1226	2	0
1226	1226	3	0
1226	1226	4	0
1226	1226	5	0
1226	1226	6	0
1226	1226	7	0
1226	1226	8	0
1226	1226	9	0
1226	1226	10	0
1226	1226	11	0
1226	1226	12	0
1226	1226	13	0
1226	1226	14	0
1226	1226	15	0
1226	1226	16	0
1226	1226	17	0
1226	1226	18	0
1226	1226	19	0
1226	1226	20	0
1226	1226	21	0
1226	1226	22	0
1226	1226	23	0
1226	1226	24	0
1226	1226	25	0
1226	1226	26	0
1226	1226	27	0
1226	1226	28	0
1226	1226	29	0
1226	1226	30	0
1226	1226	31	0
1226	1226	32	0
1226	1226	33	0
1226	1226	34	1
1226	1226	35	0
1226	1226	36	0
1226	1226	37	2
1227	1227	0	0
1227	1227	1	0
1227	1227	2	0
1227	1227	3	0
1227	1227	4	1
1227	1227	5	0
1227	1227	6	0
1227	1227	7	0
1227	1227	8	0
1227	1227	9	0
1227	1227	10	0
1227	1227	11	0
1227	1227	12	2
1227	1227	13	0
1227	1227	14	0
1227	1227	15	0
1227	1227	16	0
1227	1227	17	0
1227	1227	18	0
1227	1227	19	0
1227	1227	20	0
1227	1227	21	0
1227	1227	22	0
1227	1227	23	0
1227	1227	24	0
1227	1227	25	0
1227	1227	26	0
1227	1227	27	0
1227	1227	28	0
1227	1227	29	0
1227	1227	30	0
1227	1227	31	0
1227	1227	32	0
1227	1227	33	0
1227	1227	34	0
1227	1227	35	0
1227	1227	36	0
1227	1227	37	0
1228	1228	0	0
1228	1228	1	0
1228	1228	2	1
1228	1228	3	0
1228	1228	4	0
1228	1228	5	0
1228	1228	6	0
1228	1228	7	0
1228	1228	8	0
1228	1228	9	0
1228	1228	10	0
1228	1228	11	0
1228	1228	12	0
1228	1228	13	0
1228	1228	14	0
1228	1228	15	0
1228	1228	16	0
1228	1228	17	0
1228	1228	18	0
1228	1228	19	0
1228	1228	20	0
1228	1228	21	1
1228	1228	22	0
1228	1228	23	0
1228	1228	24	0
1228	1228	25	0
1228	1228	26	0
1228	1228	27	0
1228	1228	28	0
1228	1228	29	0
1228	1228	30	0
1228	1228	31	0
1228	1228	32	0
1228	1228	33	0
1228	1228	34	0
1228	1228	35	0
1228	1228	36	0
1228	1228	37	0
1229	1229	0	0
1229	1229	1	0
1229	1229	2	0
1229	1229	3	0
1229	1229	4	0
1229	1229	5	0
1229	1229	6	0
1229	1229	7	0
1229	1229	8	0
1229	1229	9	0
1229	1229	10	0
1229	1229	11	0
1229	1229	12	0
1229	1229	13	0
1229	1229	14	0
1229	1229	15	0
1229	1229	16	0
1229	1229	17	1
1229	1229	18	0
1229	1229	19	0
1229	1229	20	0
1229	1229	21	0
1229	1229	22	0
1229	1229	23	0
1229	1229	24	0
1229	1229	25	0
1229	1229	26	0
1229	1229	27	0
1229	1229	28	0
1229	1229	29	0
1229	1229	30	0
1229	1229	31	0
1229	1229	32	0
1229	1229	33	0
1229	1229	34	0
1229	1229	35	3
1229	1229	36	2
1229	1229	37	0
1230	1230	0	0
1230	1230	1	0
1230	1230	2	0
1230	1230	3	0
1230	1230	4	0
1230	1230	5	0
1230	1230	6	0
1230	1230	7	0
1230	1230	8	0
1230	1230	9	0
1230	1230	10	0
1230	1230	11	0
1230	1230	12	0
1230	1230	13	0
1230	1230	14	0
1230	1230	15	0
1230	1230	16	0
1230	1230	17	0
1230	1230	18	0
1230	1230	19	0
1230	1230	20	0
1230	1230	21	0
1230	1230	22	0
1230	1230	23	0
1230	1230	24	0
1230	1230	25	0
1230	1230	26	0
1230	1230	27	0
1230	1230	28	0
1230	1230	29	0
1230	1230	30	0
1230	1230	31	0
1230	1230	32	0
1230	1230	33	0
1230	1230	34	0
1230	1230	35	0
1230	1230	36	0
1230	1230	37	0
1231	1231	0	0
1231	1231	1	0
1231	1231	2	0
1231	1231	3	0
1231	1231	4	0
1231	1231	5	0
1231	1231	6	0
1231	1231	7	0
1231	1231	8	0
1231	1231	9	0
1231	1231	10	0
1231	1231	11	0
1231	1231	12	0
1231	1231	13	0
1231	1231	14	0
1231	1231	15	0
1231	1231	16	0
1231	1231	17	0
1231	1231	18	0
1231	1231	19	0
1231	1231	20	0
1231	1231	21	0
1231	1231	22	0
1231	1231	23	0
1231	1231	24	0
1231	1231	25	0
1231	1231	26	0
1231	1231	27	0
1231	1231	28	0
1231	1231	29	0
1231	1231	30	0
1231	1231	31	0
1231	1231	32	0
1231	1231	33	0
1231	1231	34	0
1231	1231	35	0
1231	1231	36	0
1231	1231	37	0
1232	1232	0	0
1232	1232	1	1
1232	1232	2	0
1232	1232	3	0
1232	1232	4	0
1232	1232	5	0
1232	1232	6	0
1232	1232	7	0
1232	1232	8	0
1232	1232	9	0
1232	1232	10	0
1232	1232	11	0
1232	1232	12	0
1232	1232	13	0
1232	1232	14	0
1232	1232	15	0
1232	1232	16	0
1232	1232	17	0
1232	1232	18	0
1232	1232	19	0
1232	1232	20	0
1232	1232	21	0
1232	1232	22	0
1232	1232	23	0
1232	1232	24	0
1232	1232	25	0
1232	1232	26	0
1232	1232	27	0
1232	1232	28	0
1232	1232	29	0
1232	1232	30	0
1232	1232	31	0
1232	1232	32	0
1232	1232	33	0
1232	1232	34	2
1232	1232	35	2
1232	1232	36	0
1232	1232	37	0
1233	1233	0	0
1233	1233	1	0
1233	1233	2	0
1233	1233	3	3
1233	1233	4	0
1233	1233	5	0
1233	1233	6	0
1233	1233	7	0
1233	1233	8	0
1233	1233	9	0
1233	1233	10	0
1233	1233	11	0
1233	1233	12	0
1233	1233	13	0
1233	1233	14	0
1233	1233	15	0
1233	1233	16	0
1233	1233	17	0
1233	1233	18	0
1233	1233	19	0
1233	1233	20	0
1233	1233	21	0
1233	1233	22	0
1233	1233	23	2
1233	1233	24	0
1233	1233	25	0
1233	1233	26	0
1233	1233	27	0
1233	1233	28	0
1233	1233	29	0
1233	1233	30	0
1233	1233	31	0
1233	1233	32	0
1233	1233	33	0
1233	1233	34	0
1233	1233	35	0
1233	1233	36	0
1233	1233	37	0
1234	1234	0	0
1234	1234	1	0
1234	1234	2	0
1234	1234	3	0
1234	1234	4	0
1234	1234	5	0
1234	1234	6	0
1234	1234	7	0
1234	1234	8	0
1234	1234	9	0
1234	1234	10	0
1234	1234	11	0
1234	1234	12	0
1234	1234	13	0
1234	1234	14	0
1234	1234	15	0
1234	1234	16	0
1234	1234	17	0
1234	1234	18	0
1234	1234	19	0
1234	1234	20	0
1234	1234	21	0
1234	1234	22	0
1234	1234	23	0
1234	1234	24	0
1234	1234	25	0
1234	1234	26	0
1234	1234	27	0
1234	1234	28	0
1234	1234	29	0
1234	1234	30	0
1234	1234	31	0
1234	1234	32	0
1234	1234	33	0
1234	1234	34	0
1234	1234	35	0
1234	1234	36	0
1234	1234	37	0
1235	1235	0	0
1235	1235	1	1
1235	1235	2	0
1235	1235	3	0
1235	1235	4	0
1235	1235	5	0
1235	1235	6	0
1235	1235	7	0
1235	1235	8	0
1235	1235	9	0
1235	1235	10	0
1235	1235	11	0
1235	1235	12	0
1235	1235	13	0
1235	1235	14	0
1235	1235	15	0
1235	1235	16	0
1235	1235	17	0
1235	1235	18	0
1235	1235	19	0
1235	1235	20	0
1235	1235	21	0
1235	1235	22	0
1235	1235	23	0
1235	1235	24	0
1235	1235	25	0
1235	1235	26	0
1235	1235	27	0
1235	1235	28	0
1235	1235	29	0
1235	1235	30	0
1235	1235	31	0
1235	1235	32	0
1235	1235	33	0
1235	1235	34	0
1235	1235	35	1
1235	1235	36	0
1235	1235	37	0
1236	1236	0	0
1236	1236	1	1
1236	1236	2	0
1236	1236	3	0
1236	1236	4	0
1236	1236	5	0
1236	1236	6	0
1236	1236	7	0
1236	1236	8	0
1236	1236	9	0
1236	1236	10	0
1236	1236	11	0
1236	1236	12	0
1236	1236	13	0
1236	1236	14	0
1236	1236	15	0
1236	1236	16	0
1236	1236	17	0
1236	1236	18	0
1236	1236	19	0
1236	1236	20	0
1236	1236	21	0
1236	1236	22	0
1236	1236	23	0
1236	1236	24	0
1236	1236	25	0
1236	1236	26	0
1236	1236	27	0
1236	1236	28	0
1236	1236	29	0
1236	1236	30	0
1236	1236	31	0
1236	1236	32	0
1236	1236	33	0
1236	1236	34	0
1236	1236	35	0
1236	1236	36	0
1236	1236	37	0
1237	1237	0	0
1237	1237	1	0
1237	1237	2	0
1237	1237	3	0
1237	1237	4	0
1237	1237	5	0
1237	1237	6	0
1237	1237	7	0
1237	1237	8	0
1237	1237	9	0
1237	1237	10	0
1237	1237	11	0
1237	1237	12	0
1237	1237	13	0
1237	1237	14	0
1237	1237	15	0
1237	1237	16	0
1237	1237	17	0
1237	1237	18	1
1237	1237	19	1
1237	1237	20	0
1237	1237	21	0
1237	1237	22	1
1237	1237	23	0
1237	1237	24	0
1237	1237	25	0
1237	1237	26	0
1237	1237	27	0
1237	1237	28	0
1237	1237	29	0
1237	1237	30	0
1237	1237	31	0
1237	1237	32	0
1237	1237	33	0
1237	1237	34	0
1237	1237	35	1
1237	1237	36	0
1237	1237	37	0
1238	1238	0	0
1238	1238	1	0
1238	1238	2	0
1238	1238	3	0
1238	1238	4	0
1238	1238	5	0
1238	1238	6	0
1238	1238	7	0
1238	1238	8	1
1238	1238	9	0
1238	1238	10	0
1238	1238	11	0
1238	1238	12	0
1238	1238	13	0
1238	1238	14	0
1238	1238	15	0
1238	1238	16	4
1238	1238	17	2
1238	1238	18	0
1238	1238	19	2
1238	1238	20	0
1238	1238	21	2
1238	1238	22	0
1238	1238	23	0
1238	1238	24	0
1238	1238	25	0
1238	1238	26	2
1238	1238	27	0
1238	1238	28	1
1238	1238	29	0
1238	1238	30	1
1238	1238	31	0
1238	1238	32	2
1238	1238	33	0
1238	1238	34	1
1238	1238	35	1
1238	1238	36	1
1238	1238	37	1
1239	1239	0	0
1239	1239	1	0
1239	1239	2	1
1239	1239	3	0
1239	1239	4	0
1239	1239	5	0
1239	1239	6	0
1239	1239	7	0
1239	1239	8	0
1239	1239	9	0
1239	1239	10	0
1239	1239	11	0
1239	1239	12	0
1239	1239	13	0
1239	1239	14	0
1239	1239	15	0
1239	1239	16	0
1239	1239	17	0
1239	1239	18	0
1239	1239	19	0
1239	1239	20	0
1239	1239	21	0
1239	1239	22	0
1239	1239	23	0
1239	1239	24	0
1239	1239	25	0
1239	1239	26	2
1239	1239	27	2
1239	1239	28	0
1239	1239	29	0
1239	1239	30	0
1239	1239	31	0
1239	1239	32	0
1239	1239	33	0
1239	1239	34	0
1239	1239	35	0
1239	1239	36	0
1239	1239	37	0
1240	1240	0	0
1240	1240	1	0
1240	1240	2	0
1240	1240	3	0
1240	1240	4	0
1240	1240	5	0
1240	1240	6	0
1240	1240	7	0
1240	1240	8	0
1240	1240	9	0
1240	1240	10	0
1240	1240	11	0
1240	1240	12	0
1240	1240	13	0
1240	1240	14	0
1240	1240	15	0
1240	1240	16	0
1240	1240	17	0
1240	1240	18	0
1240	1240	19	0
1240	1240	20	0
1240	1240	21	0
1240	1240	22	0
1240	1240	23	0
1240	1240	24	0
1240	1240	25	0
1240	1240	26	0
1240	1240	27	0
1240	1240	28	0
1240	1240	29	0
1240	1240	30	0
1240	1240	31	0
1240	1240	32	0
1240	1240	33	0
1240	1240	34	0
1240	1240	35	0
1240	1240	36	0
1240	1240	37	0
1241	1241	0	0
1241	1241	1	0
1241	1241	2	0
1241	1241	3	0
1241	1241	4	0
1241	1241	5	0
1241	1241	6	0
1241	1241	7	0
1241	1241	8	0
1241	1241	9	1
1241	1241	10	0
1241	1241	11	0
1241	1241	12	0
1241	1241	13	1
1241	1241	14	0
1241	1241	15	0
1241	1241	16	0
1241	1241	17	0
1241	1241	18	0
1241	1241	19	0
1241	1241	20	0
1241	1241	21	0
1241	1241	22	0
1241	1241	23	0
1241	1241	24	0
1241	1241	25	0
1241	1241	26	1
1241	1241	27	0
1241	1241	28	0
1241	1241	29	0
1241	1241	30	0
1241	1241	31	3
1241	1241	32	1
1241	1241	33	0
1241	1241	34	0
1241	1241	35	0
1241	1241	36	0
1241	1241	37	0
1242	1242	0	0
1242	1242	1	0
1242	1242	2	0
1242	1242	3	0
1242	1242	4	0
1242	1242	5	1
1242	1242	6	0
1242	1242	7	2
1242	1242	8	1
1242	1242	9	1
1242	1242	10	0
1242	1242	11	1
1242	1242	12	0
1242	1242	13	0
1242	1242	14	0
1242	1242	15	0
1242	1242	16	0
1242	1242	17	2
1242	1242	18	0
1242	1242	19	0
1242	1242	20	0
1242	1242	21	0
1242	1242	22	1
1242	1242	23	1
1242	1242	24	0
1242	1242	25	1
1242	1242	26	0
1242	1242	27	1
1242	1242	28	0
1242	1242	29	1
1242	1242	30	2
1242	1242	31	0
1242	1242	32	0
1242	1242	33	0
1242	1242	34	3
1242	1242	35	0
1242	1242	36	0
1242	1242	37	1
1243	1243	0	0
1243	1243	1	0
1243	1243	2	0
1243	1243	3	1
1243	1243	4	0
1243	1243	5	0
1243	1243	6	0
1243	1243	7	0
1243	1243	8	0
1243	1243	9	3
1243	1243	10	0
1243	1243	11	1
1243	1243	12	0
1243	1243	13	0
1243	1243	14	0
1243	1243	15	0
1243	1243	16	1
1243	1243	17	2
1243	1243	18	0
1243	1243	19	0
1243	1243	20	0
1243	1243	21	0
1243	1243	22	0
1243	1243	23	0
1243	1243	24	0
1243	1243	25	0
1243	1243	26	0
1243	1243	27	0
1243	1243	28	0
1243	1243	29	0
1243	1243	30	0
1243	1243	31	0
1243	1243	32	2
1243	1243	33	0
1243	1243	34	0
1243	1243	35	0
1243	1243	36	0
1243	1243	37	0
1244	1244	0	0
1244	1244	1	0
1244	1244	2	0
1244	1244	3	0
1244	1244	4	0
1244	1244	5	0
1244	1244	6	4
1244	1244	7	0
1244	1244	8	1
1244	1244	9	1
1244	1244	10	0
1244	1244	11	0
1244	1244	12	0
1244	1244	13	0
1244	1244	14	0
1244	1244	15	0
1244	1244	16	0
1244	1244	17	0
1244	1244	18	0
1244	1244	19	0
1244	1244	20	0
1244	1244	21	0
1244	1244	22	0
1244	1244	23	0
1244	1244	24	0
1244	1244	25	0
1244	1244	26	0
1244	1244	27	0
1244	1244	28	0
1244	1244	29	0
1244	1244	30	0
1244	1244	31	0
1244	1244	32	0
1244	1244	33	0
1244	1244	34	0
1244	1244	35	0
1244	1244	36	0
1244	1244	37	0
1245	1245	0	0
1245	1245	1	1
1245	1245	2	0
1245	1245	3	0
1245	1245	4	0
1245	1245	5	1
1245	1245	6	0
1245	1245	7	0
1245	1245	8	0
1245	1245	9	0
1245	1245	10	0
1245	1245	11	0
1245	1245	12	0
1245	1245	13	0
1245	1245	14	0
1245	1245	15	0
1245	1245	16	2
1245	1245	17	0
1245	1245	18	0
1245	1245	19	2
1245	1245	20	0
1245	1245	21	0
1245	1245	22	0
1245	1245	23	0
1245	1245	24	0
1245	1245	25	2
1245	1245	26	3
1245	1245	27	0
1245	1245	28	0
1245	1245	29	0
1245	1245	30	0
1245	1245	31	0
1245	1245	32	1
1245	1245	33	0
1245	1245	34	0
1245	1245	35	0
1245	1245	36	1
1245	1245	37	1
1246	1246	0	0
1246	1246	1	0
1246	1246	2	0
1246	1246	3	0
1246	1246	4	0
1246	1246	5	1
1246	1246	6	1
1246	1246	7	0
1246	1246	8	0
1246	1246	9	1
1246	1246	10	0
1246	1246	11	0
1246	1246	12	2
1246	1246	13	0
1246	1246	14	1
1246	1246	15	0
1246	1246	16	0
1246	1246	17	0
1246	1246	18	2
1246	1246	19	0
1246	1246	20	0
1246	1246	21	0
1246	1246	22	0
1246	1246	23	1
1246	1246	24	0
1246	1246	25	0
1246	1246	26	0
1246	1246	27	0
1246	1246	28	0
1246	1246	29	0
1246	1246	30	0
1246	1246	31	0
1246	1246	32	0
1246	1246	33	2
1246	1246	34	0
1246	1246	35	0
1246	1246	36	0
1246	1246	37	0
1247	1247	0	0
1247	1247	1	0
1247	1247	2	0
1247	1247	3	0
1247	1247	4	0
1247	1247	5	0
1247	1247	6	0
1247	1247	7	0
1247	1247	8	0
1247	1247	9	0
1247	1247	10	0
1247	1247	11	3
1247	1247	12	0
1247	1247	13	0
1247	1247	14	0
1247	1247	15	1
1247	1247	16	0
1247	1247	17	0
1247	1247	18	0
1247	1247	19	0
1247	1247	20	0
1247	1247	21	2
1247	1247	22	0
1247	1247	23	0
1247	1247	24	0
1247	1247	25	0
1247	1247	26	0
1247	1247	27	1
1247	1247	28	0
1247	1247	29	1
1247	1247	30	2
1247	1247	31	1
1247	1247	32	0
1247	1247	33	0
1247	1247	34	1
1247	1247	35	2
1247	1247	36	1
1247	1247	37	1
1248	1248	0	0
1248	1248	1	0
1248	1248	2	0
1248	1248	3	0
1248	1248	4	0
1248	1248	5	0
1248	1248	6	0
1248	1248	7	0
1248	1248	8	0
1248	1248	9	0
1248	1248	10	0
1248	1248	11	0
1248	1248	12	0
1248	1248	13	0
1248	1248	14	0
1248	1248	15	0
1248	1248	16	0
1248	1248	17	0
1248	1248	18	0
1248	1248	19	0
1248	1248	20	0
1248	1248	21	0
1248	1248	22	0
1248	1248	23	0
1248	1248	24	0
1248	1248	25	0
1248	1248	26	0
1248	1248	27	0
1248	1248	28	0
1248	1248	29	0
1248	1248	30	0
1248	1248	31	0
1248	1248	32	0
1248	1248	33	0
1248	1248	34	0
1248	1248	35	0
1248	1248	36	0
1248	1248	37	0
1249	1249	0	0
1249	1249	1	0
1249	1249	2	0
1249	1249	3	0
1249	1249	4	0
1249	1249	5	0
1249	1249	6	0
1249	1249	7	0
1249	1249	8	0
1249	1249	9	0
1249	1249	10	0
1249	1249	11	0
1249	1249	12	0
1249	1249	13	0
1249	1249	14	0
1249	1249	15	0
1249	1249	16	0
1249	1249	17	0
1249	1249	18	0
1249	1249	19	0
1249	1249	20	0
1249	1249	21	0
1249	1249	22	0
1249	1249	23	0
1249	1249	24	0
1249	1249	25	0
1249	1249	26	0
1249	1249	27	0
1249	1249	28	0
1249	1249	29	0
1249	1249	30	0
1249	1249	31	0
1249	1249	32	0
1249	1249	33	0
1249	1249	34	0
1249	1249	35	0
1249	1249	36	0
1249	1249	37	0
1250	1250	0	0
1250	1250	1	0
1250	1250	2	0
1250	1250	3	0
1250	1250	4	0
1250	1250	5	2
1250	1250	6	0
1250	1250	7	0
1250	1250	8	0
1250	1250	9	0
1250	1250	10	0
1250	1250	11	0
1250	1250	12	6
1250	1250	13	0
1250	1250	14	1
1250	1250	15	0
1250	1250	16	0
1250	1250	17	0
1250	1250	18	0
1250	1250	19	4
1250	1250	20	0
1250	1250	21	1
1250	1250	22	0
1250	1250	23	0
1250	1250	24	0
1250	1250	25	0
1250	1250	26	0
1250	1250	27	0
1250	1250	28	1
1250	1250	29	0
1250	1250	30	0
1250	1250	31	0
1250	1250	32	3
1250	1250	33	0
1250	1250	34	0
1250	1250	35	0
1250	1250	36	1
1250	1250	37	0
1251	1251	0	0
1251	1251	1	0
1251	1251	2	0
1251	1251	3	0
1251	1251	4	0
1251	1251	5	0
1251	1251	6	0
1251	1251	7	0
1251	1251	8	0
1251	1251	9	0
1251	1251	10	0
1251	1251	11	0
1251	1251	12	0
1251	1251	13	0
1251	1251	14	0
1251	1251	15	0
1251	1251	16	0
1251	1251	17	0
1251	1251	18	0
1251	1251	19	0
1251	1251	20	0
1251	1251	21	1
1251	1251	22	0
1251	1251	23	0
1251	1251	24	0
1251	1251	25	0
1251	1251	26	0
1251	1251	27	0
1251	1251	28	0
1251	1251	29	0
1251	1251	30	0
1251	1251	31	1
1251	1251	32	0
1251	1251	33	0
1251	1251	34	0
1251	1251	35	0
1251	1251	36	0
1251	1251	37	0
1252	1252	0	0
1252	1252	1	0
1252	1252	2	0
1252	1252	3	1
1252	1252	4	2
1252	1252	5	0
1252	1252	6	0
1252	1252	7	0
1252	1252	8	0
1252	1252	9	1
1252	1252	10	0
1252	1252	11	0
1252	1252	12	0
1252	1252	13	0
1252	1252	14	1
1252	1252	15	0
1252	1252	16	1
1252	1252	17	1
1252	1252	18	0
1252	1252	19	0
1252	1252	20	2
1252	1252	21	0
1252	1252	22	1
1252	1252	23	0
1252	1252	24	3
1252	1252	25	1
1252	1252	26	0
1252	1252	27	1
1252	1252	28	0
1252	1252	29	4
1252	1252	30	2
1252	1252	31	4
1252	1252	32	0
1252	1252	33	3
1252	1252	34	5
1252	1252	35	0
1252	1252	36	4
1252	1252	37	0
1253	1253	0	0
1253	1253	1	0
1253	1253	2	0
1253	1253	3	0
1253	1253	4	0
1253	1253	5	0
1253	1253	6	0
1253	1253	7	0
1253	1253	8	1
1253	1253	9	0
1253	1253	10	0
1253	1253	11	0
1253	1253	12	0
1253	1253	13	0
1253	1253	14	0
1253	1253	15	0
1253	1253	16	0
1253	1253	17	0
1253	1253	18	0
1253	1253	19	1
1253	1253	20	0
1253	1253	21	0
1253	1253	22	0
1253	1253	23	1
1253	1253	24	2
1253	1253	25	0
1253	1253	26	0
1253	1253	27	0
1253	1253	28	2
1253	1253	29	0
1253	1253	30	0
1253	1253	31	1
1253	1253	32	0
1253	1253	33	0
1253	1253	34	0
1253	1253	35	0
1253	1253	36	0
1253	1253	37	0
1254	1254	0	0
1254	1254	1	0
1254	1254	2	2
1254	1254	3	0
1254	1254	4	0
1254	1254	5	0
1254	1254	6	0
1254	1254	7	0
1254	1254	8	1
1254	1254	9	0
1254	1254	10	0
1254	1254	11	0
1254	1254	12	0
1254	1254	13	0
1254	1254	14	0
1254	1254	15	0
1254	1254	16	2
1254	1254	17	3
1254	1254	18	0
1254	1254	19	1
1254	1254	20	0
1254	1254	21	0
1254	1254	22	0
1254	1254	23	2
1254	1254	24	0
1254	1254	25	0
1254	1254	26	0
1254	1254	27	0
1254	1254	28	0
1254	1254	29	0
1254	1254	30	1
1254	1254	31	0
1254	1254	32	0
1254	1254	33	0
1254	1254	34	2
1254	1254	35	0
1254	1254	36	3
1254	1254	37	0
1255	1255	0	0
1255	1255	1	2
1255	1255	2	0
1255	1255	3	0
1255	1255	4	0
1255	1255	5	0
1255	1255	6	0
1255	1255	7	0
1255	1255	8	0
1255	1255	9	0
1255	1255	10	0
1255	1255	11	0
1255	1255	12	0
1255	1255	13	0
1255	1255	14	0
1255	1255	15	0
1255	1255	16	0
1255	1255	17	0
1255	1255	18	0
1255	1255	19	0
1255	1255	20	0
1255	1255	21	0
1255	1255	22	0
1255	1255	23	0
1255	1255	24	0
1255	1255	25	0
1255	1255	26	0
1255	1255	27	0
1255	1255	28	0
1255	1255	29	0
1255	1255	30	0
1255	1255	31	0
1255	1255	32	0
1255	1255	33	0
1255	1255	34	0
1255	1255	35	0
1255	1255	36	0
1255	1255	37	0
1256	1256	0	0
1256	1256	1	0
1256	1256	2	0
1256	1256	3	0
1256	1256	4	0
1256	1256	5	0
1256	1256	6	0
1256	1256	7	0
1256	1256	8	0
1256	1256	9	2
1256	1256	10	0
1256	1256	11	3
1256	1256	12	0
1256	1256	13	0
1256	1256	14	0
1256	1256	15	0
1256	1256	16	1
1256	1256	17	1
1256	1256	18	0
1256	1256	19	0
1256	1256	20	3
1256	1256	21	0
1256	1256	22	0
1256	1256	23	1
1256	1256	24	2
1256	1256	25	0
1256	1256	26	1
1256	1256	27	0
1256	1256	28	1
1256	1256	29	0
1256	1256	30	0
1256	1256	31	1
1256	1256	32	3
1256	1256	33	1
1256	1256	34	2
1256	1256	35	0
1256	1256	36	2
1256	1256	37	2
1257	1257	0	0
1257	1257	1	0
1257	1257	2	0
1257	1257	3	0
1257	1257	4	0
1257	1257	5	0
1257	1257	6	0
1257	1257	7	1
1257	1257	8	0
1257	1257	9	0
1257	1257	10	0
1257	1257	11	0
1257	1257	12	0
1257	1257	13	0
1257	1257	14	0
1257	1257	15	0
1257	1257	16	0
1257	1257	17	0
1257	1257	18	0
1257	1257	19	1
1257	1257	20	3
1257	1257	21	0
1257	1257	22	0
1257	1257	23	3
1257	1257	24	2
1257	1257	25	0
1257	1257	26	0
1257	1257	27	1
1257	1257	28	3
1257	1257	29	2
1257	1257	30	1
1257	1257	31	0
1257	1257	32	1
1257	1257	33	4
1257	1257	34	2
1257	1257	35	1
1257	1257	36	1
1257	1257	37	0
1258	1258	0	0
1258	1258	1	0
1258	1258	2	3
1258	1258	3	0
1258	1258	4	0
1258	1258	5	0
1258	1258	6	0
1258	1258	7	0
1258	1258	8	0
1258	1258	9	0
1258	1258	10	0
1258	1258	11	0
1258	1258	12	0
1258	1258	13	0
1258	1258	14	0
1258	1258	15	0
1258	1258	16	0
1258	1258	17	0
1258	1258	18	0
1258	1258	19	0
1258	1258	20	0
1258	1258	21	0
1258	1258	22	0
1258	1258	23	0
1258	1258	24	0
1258	1258	25	0
1258	1258	26	0
1258	1258	27	0
1258	1258	28	0
1258	1258	29	0
1258	1258	30	0
1258	1258	31	0
1258	1258	32	0
1258	1258	33	0
1258	1258	34	0
1258	1258	35	0
1258	1258	36	0
1258	1258	37	0
1259	1259	0	0
1259	1259	1	0
1259	1259	2	0
1259	1259	3	0
1259	1259	4	0
1259	1259	5	0
1259	1259	6	0
1259	1259	7	0
1259	1259	8	0
1259	1259	9	0
1259	1259	10	0
1259	1259	11	0
1259	1259	12	0
1259	1259	13	0
1259	1259	14	0
1259	1259	15	0
1259	1259	16	0
1259	1259	17	0
1259	1259	18	0
1259	1259	19	0
1259	1259	20	0
1259	1259	21	0
1259	1259	22	0
1259	1259	23	0
1259	1259	24	0
1259	1259	25	0
1259	1259	26	0
1259	1259	27	0
1259	1259	28	0
1259	1259	29	0
1259	1259	30	0
1259	1259	31	0
1259	1259	32	0
1259	1259	33	0
1259	1259	34	0
1259	1259	35	0
1259	1259	36	0
1259	1259	37	0
1260	1260	0	0
1260	1260	1	0
1260	1260	2	0
1260	1260	3	0
1260	1260	4	0
1260	1260	5	0
1260	1260	6	0
1260	1260	7	0
1260	1260	8	0
1260	1260	9	2
1260	1260	10	0
1260	1260	11	0
1260	1260	12	0
1260	1260	13	0
1260	1260	14	0
1260	1260	15	0
1260	1260	16	0
1260	1260	17	0
1260	1260	18	0
1260	1260	19	0
1260	1260	20	0
1260	1260	21	0
1260	1260	22	0
1260	1260	23	0
1260	1260	24	0
1260	1260	25	1
1260	1260	26	0
1260	1260	27	0
1260	1260	28	0
1260	1260	29	0
1260	1260	30	0
1260	1260	31	0
1260	1260	32	0
1260	1260	33	0
1260	1260	34	0
1260	1260	35	0
1260	1260	36	0
1260	1260	37	0
1261	1261	0	0
1261	1261	1	0
1261	1261	2	1
1261	1261	3	0
1261	1261	4	0
1261	1261	5	0
1261	1261	6	0
1261	1261	7	0
1261	1261	8	0
1261	1261	9	0
1261	1261	10	0
1261	1261	11	0
1261	1261	12	0
1261	1261	13	0
1261	1261	14	0
1261	1261	15	0
1261	1261	16	0
1261	1261	17	0
1261	1261	18	0
1261	1261	19	0
1261	1261	20	0
1261	1261	21	2
1261	1261	22	0
1261	1261	23	0
1261	1261	24	0
1261	1261	25	1
1261	1261	26	0
1261	1261	27	0
1261	1261	28	0
1261	1261	29	0
1261	1261	30	0
1261	1261	31	3
1261	1261	32	0
1261	1261	33	0
1261	1261	34	0
1261	1261	35	0
1261	1261	36	0
1261	1261	37	0
1262	1262	0	0
1262	1262	1	1
1262	1262	2	0
1262	1262	3	0
1262	1262	4	0
1262	1262	5	0
1262	1262	6	0
1262	1262	7	0
1262	1262	8	0
1262	1262	9	0
1262	1262	10	0
1262	1262	11	0
1262	1262	12	0
1262	1262	13	0
1262	1262	14	0
1262	1262	15	0
1262	1262	16	0
1262	1262	17	0
1262	1262	18	1
1262	1262	19	0
1262	1262	20	0
1262	1262	21	0
1262	1262	22	2
1262	1262	23	0
1262	1262	24	0
1262	1262	25	0
1262	1262	26	0
1262	1262	27	0
1262	1262	28	0
1262	1262	29	1
1262	1262	30	2
1262	1262	31	0
1262	1262	32	0
1262	1262	33	2
1262	1262	34	0
1262	1262	35	0
1262	1262	36	0
1262	1262	37	0
1263	1263	0	0
1263	1263	1	0
1263	1263	2	0
1263	1263	3	1
1263	1263	4	0
1263	1263	5	2
1263	1263	6	0
1263	1263	7	0
1263	1263	8	0
1263	1263	9	0
1263	1263	10	4
1263	1263	11	1
1263	1263	12	0
1263	1263	13	2
1263	1263	14	0
1263	1263	15	0
1263	1263	16	1
1263	1263	17	0
1263	1263	18	0
1263	1263	19	2
1263	1263	20	0
1263	1263	21	0
1263	1263	22	0
1263	1263	23	0
1263	1263	24	0
1263	1263	25	0
1263	1263	26	3
1263	1263	27	0
1263	1263	28	1
1263	1263	29	0
1263	1263	30	2
1263	1263	31	1
1263	1263	32	0
1263	1263	33	0
1263	1263	34	0
1263	1263	35	0
1263	1263	36	2
1263	1263	37	0
1264	1264	0	0
1264	1264	1	0
1264	1264	2	0
1264	1264	3	0
1264	1264	4	0
1264	1264	5	0
1264	1264	6	0
1264	1264	7	4
1264	1264	8	0
1264	1264	9	0
1264	1264	10	0
1264	1264	11	2
1264	1264	12	0
1264	1264	13	0
1264	1264	14	0
1264	1264	15	0
1264	1264	16	0
1264	1264	17	0
1264	1264	18	1
1264	1264	19	0
1264	1264	20	1
1264	1264	21	0
1264	1264	22	0
1264	1264	23	1
1264	1264	24	0
1264	1264	25	0
1264	1264	26	0
1264	1264	27	0
1264	1264	28	0
1264	1264	29	3
1264	1264	30	0
1264	1264	31	0
1264	1264	32	0
1264	1264	33	1
1264	1264	34	0
1264	1264	35	1
1264	1264	36	1
1264	1264	37	4
1265	1265	0	0
1265	1265	1	3
1265	1265	2	0
1265	1265	3	0
1265	1265	4	0
1265	1265	5	0
1265	1265	6	0
1265	1265	7	0
1265	1265	8	0
1265	1265	9	0
1265	1265	10	0
1265	1265	11	0
1265	1265	12	0
1265	1265	13	0
1265	1265	14	1
1265	1265	15	0
1265	1265	16	2
1265	1265	17	0
1265	1265	18	0
1265	1265	19	1
1265	1265	20	2
1265	1265	21	0
1265	1265	22	0
1265	1265	23	0
1265	1265	24	1
1265	1265	25	0
1265	1265	26	0
1265	1265	27	0
1265	1265	28	0
1265	1265	29	3
1265	1265	30	2
1265	1265	31	0
1265	1265	32	0
1265	1265	33	0
1265	1265	34	1
1265	1265	35	0
1265	1265	36	1
1265	1265	37	0
1266	1266	0	0
1266	1266	1	1
1266	1266	2	0
1266	1266	3	0
1266	1266	4	0
1266	1266	5	0
1266	1266	6	0
1266	1266	7	0
1266	1266	8	0
1266	1266	9	3
1266	1266	10	0
1266	1266	11	0
1266	1266	12	0
1266	1266	13	0
1266	1266	14	0
1266	1266	15	0
1266	1266	16	0
1266	1266	17	0
1266	1266	18	0
1266	1266	19	0
1266	1266	20	0
1266	1266	21	0
1266	1266	22	0
1266	1266	23	0
1266	1266	24	0
1266	1266	25	0
1266	1266	26	0
1266	1266	27	1
1266	1266	28	0
1266	1266	29	0
1266	1266	30	0
1266	1266	31	0
1266	1266	32	0
1266	1266	33	2
1266	1266	34	0
1266	1266	35	0
1266	1266	36	0
1266	1266	37	0
1267	1267	0	0
1267	1267	1	0
1267	1267	2	0
1267	1267	3	0
1267	1267	4	0
1267	1267	5	0
1267	1267	6	0
1267	1267	7	0
1267	1267	8	0
1267	1267	9	0
1267	1267	10	2
1267	1267	11	0
1267	1267	12	0
1267	1267	13	0
1267	1267	14	0
1267	1267	15	0
1267	1267	16	0
1267	1267	17	0
1267	1267	18	0
1267	1267	19	0
1267	1267	20	0
1267	1267	21	0
1267	1267	22	0
1267	1267	23	0
1267	1267	24	0
1267	1267	25	0
1267	1267	26	0
1267	1267	27	0
1267	1267	28	0
1267	1267	29	0
1267	1267	30	0
1267	1267	31	0
1267	1267	32	0
1267	1267	33	0
1267	1267	34	0
1267	1267	35	0
1267	1267	36	0
1267	1267	37	0
1268	1268	0	0
1268	1268	1	0
1268	1268	2	0
1268	1268	3	0
1268	1268	4	1
1268	1268	5	0
1268	1268	6	0
1268	1268	7	0
1268	1268	8	0
1268	1268	9	0
1268	1268	10	0
1268	1268	11	0
1268	1268	12	0
1268	1268	13	0
1268	1268	14	0
1268	1268	15	0
1268	1268	16	0
1268	1268	17	0
1268	1268	18	0
1268	1268	19	0
1268	1268	20	0
1268	1268	21	0
1268	1268	22	0
1268	1268	23	0
1268	1268	24	3
1268	1268	25	0
1268	1268	26	0
1268	1268	27	0
1268	1268	28	0
1268	1268	29	0
1268	1268	30	0
1268	1268	31	0
1268	1268	32	0
1268	1268	33	0
1268	1268	34	0
1268	1268	35	0
1268	1268	36	0
1268	1268	37	0
1269	1269	0	0
1269	1269	1	0
1269	1269	2	2
1269	1269	3	0
1269	1269	4	0
1269	1269	5	0
1269	1269	6	0
1269	1269	7	0
1269	1269	8	0
1269	1269	9	0
1269	1269	10	0
1269	1269	11	0
1269	1269	12	0
1269	1269	13	0
1269	1269	14	0
1269	1269	15	0
1269	1269	16	2
1269	1269	17	0
1269	1269	18	0
1269	1269	19	0
1269	1269	20	0
1269	1269	21	2
1269	1269	22	0
1269	1269	23	0
1269	1269	24	0
1269	1269	25	0
1269	1269	26	2
1269	1269	27	0
1269	1269	28	0
1269	1269	29	0
1269	1269	30	0
1269	1269	31	0
1269	1269	32	0
1269	1269	33	1
1269	1269	34	0
1269	1269	35	0
1269	1269	36	0
1269	1269	37	0
1270	1270	0	0
1270	1270	1	0
1270	1270	2	0
1270	1270	3	1
1270	1270	4	0
1270	1270	5	0
1270	1270	6	0
1270	1270	7	0
1270	1270	8	0
1270	1270	9	0
1270	1270	10	0
1270	1270	11	0
1270	1270	12	0
1270	1270	13	0
1270	1270	14	0
1270	1270	15	0
1270	1270	16	0
1270	1270	17	0
1270	1270	18	0
1270	1270	19	0
1270	1270	20	0
1270	1270	21	0
1270	1270	22	0
1270	1270	23	0
1270	1270	24	0
1270	1270	25	0
1270	1270	26	0
1270	1270	27	0
1270	1270	28	0
1270	1270	29	1
1270	1270	30	0
1270	1270	31	0
1270	1270	32	0
1270	1270	33	0
1270	1270	34	0
1270	1270	35	0
1270	1270	36	0
1270	1270	37	0
1271	1271	0	0
1271	1271	1	0
1271	1271	2	0
1271	1271	3	0
1271	1271	4	0
1271	1271	5	0
1271	1271	6	0
1271	1271	7	0
1271	1271	8	0
1271	1271	9	0
1271	1271	10	0
1271	1271	11	0
1271	1271	12	0
1271	1271	13	0
1271	1271	14	0
1271	1271	15	0
1271	1271	16	0
1271	1271	17	0
1271	1271	18	0
1271	1271	19	0
1271	1271	20	0
1271	1271	21	0
1271	1271	22	1
1271	1271	23	0
1271	1271	24	0
1271	1271	25	0
1271	1271	26	0
1271	1271	27	0
1271	1271	28	0
1271	1271	29	0
1271	1271	30	0
1271	1271	31	0
1271	1271	32	1
1271	1271	33	0
1271	1271	34	0
1271	1271	35	0
1271	1271	36	0
1271	1271	37	0
1272	1272	0	0
1272	1272	1	0
1272	1272	2	1
1272	1272	3	0
1272	1272	4	0
1272	1272	5	0
1272	1272	6	0
1272	1272	7	0
1272	1272	8	0
1272	1272	9	0
1272	1272	10	1
1272	1272	11	0
1272	1272	12	2
1272	1272	13	3
1272	1272	14	0
1272	1272	15	3
1272	1272	16	0
1272	1272	17	1
1272	1272	18	0
1272	1272	19	2
1272	1272	20	2
1272	1272	21	0
1272	1272	22	1
1272	1272	23	1
1272	1272	24	0
1272	1272	25	0
1272	1272	26	0
1272	1272	27	0
1272	1272	28	0
1272	1272	29	0
1272	1272	30	2
1272	1272	31	1
1272	1272	32	1
1272	1272	33	2
1272	1272	34	2
1272	1272	35	1
1272	1272	36	2
1272	1272	37	0
1273	1273	0	0
1273	1273	1	0
1273	1273	2	0
1273	1273	3	0
1273	1273	4	0
1273	1273	5	0
1273	1273	6	0
1273	1273	7	0
1273	1273	8	0
1273	1273	9	2
1273	1273	10	0
1273	1273	11	0
1273	1273	12	0
1273	1273	13	0
1273	1273	14	0
1273	1273	15	2
1273	1273	16	0
1273	1273	17	0
1273	1273	18	0
1273	1273	19	0
1273	1273	20	0
1273	1273	21	0
1273	1273	22	0
1273	1273	23	0
1273	1273	24	0
1273	1273	25	0
1273	1273	26	0
1273	1273	27	0
1273	1273	28	0
1273	1273	29	0
1273	1273	30	0
1273	1273	31	1
1273	1273	32	1
1273	1273	33	0
1273	1273	34	0
1273	1273	35	0
1273	1273	36	1
1273	1273	37	2
1274	1274	0	0
1274	1274	1	0
1274	1274	2	0
1274	1274	3	4
1274	1274	4	0
1274	1274	5	2
1274	1274	6	0
1274	1274	7	0
1274	1274	8	0
1274	1274	9	4
1274	1274	10	0
1274	1274	11	0
1274	1274	12	1
1274	1274	13	0
1274	1274	14	2
1274	1274	15	0
1274	1274	16	0
1274	1274	17	0
1274	1274	18	0
1274	1274	19	0
1274	1274	20	0
1274	1274	21	3
1274	1274	22	3
1274	1274	23	2
1274	1274	24	0
1274	1274	25	0
1274	1274	26	0
1274	1274	27	2
1274	1274	28	0
1274	1274	29	0
1274	1274	30	1
1274	1274	31	0
1274	1274	32	0
1274	1274	33	1
1274	1274	34	1
1274	1274	35	1
1274	1274	36	0
1274	1274	37	4
1275	1275	0	0
1275	1275	1	0
1275	1275	2	0
1275	1275	3	0
1275	1275	4	0
1275	1275	5	0
1275	1275	6	0
1275	1275	7	1
1275	1275	8	0
1275	1275	9	0
1275	1275	10	0
1275	1275	11	0
1275	1275	12	0
1275	1275	13	0
1275	1275	14	0
1275	1275	15	0
1275	1275	16	0
1275	1275	17	0
1275	1275	18	0
1275	1275	19	0
1275	1275	20	0
1275	1275	21	0
1275	1275	22	0
1275	1275	23	0
1275	1275	24	1
1275	1275	25	0
1275	1275	26	0
1275	1275	27	0
1275	1275	28	0
1275	1275	29	0
1275	1275	30	0
1275	1275	31	0
1275	1275	32	0
1275	1275	33	0
1275	1275	34	2
1275	1275	35	3
1275	1275	36	0
1275	1275	37	1
1276	1276	0	0
1276	1276	1	0
1276	1276	2	0
1276	1276	3	0
1276	1276	4	0
1276	1276	5	0
1276	1276	6	0
1276	1276	7	0
1276	1276	8	0
1276	1276	9	1
1276	1276	10	0
1276	1276	11	0
1276	1276	12	0
1276	1276	13	0
1276	1276	14	0
1276	1276	15	0
1276	1276	16	0
1276	1276	17	0
1276	1276	18	0
1276	1276	19	0
1276	1276	20	0
1276	1276	21	0
1276	1276	22	0
1276	1276	23	0
1276	1276	24	0
1276	1276	25	1
1276	1276	26	4
1276	1276	27	0
1276	1276	28	0
1276	1276	29	0
1276	1276	30	0
1276	1276	31	0
1276	1276	32	2
1276	1276	33	0
1276	1276	34	0
1276	1276	35	1
1276	1276	36	0
1276	1276	37	0
1277	1277	0	0
1277	1277	1	0
1277	1277	2	0
1277	1277	3	0
1277	1277	4	0
1277	1277	5	0
1277	1277	6	3
1277	1277	7	0
1277	1277	8	2
1277	1277	9	0
1277	1277	10	1
1277	1277	11	0
1277	1277	12	1
1277	1277	13	1
1277	1277	14	0
1277	1277	15	2
1277	1277	16	0
1277	1277	17	0
1277	1277	18	0
1277	1277	19	0
1277	1277	20	1
1277	1277	21	1
1277	1277	22	0
1277	1277	23	0
1277	1277	24	1
1277	1277	25	0
1277	1277	26	0
1277	1277	27	0
1277	1277	28	0
1277	1277	29	2
1277	1277	30	0
1277	1277	31	0
1277	1277	32	3
1277	1277	33	0
1277	1277	34	0
1277	1277	35	0
1277	1277	36	1
1277	1277	37	0
1278	1278	0	0
1278	1278	1	0
1278	1278	2	0
1278	1278	3	0
1278	1278	4	0
1278	1278	5	0
1278	1278	6	1
1278	1278	7	0
1278	1278	8	0
1278	1278	9	0
1278	1278	10	0
1278	1278	11	0
1278	1278	12	0
1278	1278	13	0
1278	1278	14	0
1278	1278	15	0
1278	1278	16	0
1278	1278	17	0
1278	1278	18	0
1278	1278	19	0
1278	1278	20	0
1278	1278	21	0
1278	1278	22	2
1278	1278	23	0
1278	1278	24	0
1278	1278	25	0
1278	1278	26	0
1278	1278	27	0
1278	1278	28	0
1278	1278	29	0
1278	1278	30	0
1278	1278	31	0
1278	1278	32	0
1278	1278	33	2
1278	1278	34	2
1278	1278	35	0
1278	1278	36	2
1278	1278	37	0
1279	1279	0	0
1279	1279	1	0
1279	1279	2	0
1279	1279	3	0
1279	1279	4	0
1279	1279	5	0
1279	1279	6	0
1279	1279	7	0
1279	1279	8	1
1279	1279	9	1
1279	1279	10	0
1279	1279	11	0
1279	1279	12	0
1279	1279	13	0
1279	1279	14	0
1279	1279	15	0
1279	1279	16	2
1279	1279	17	2
1279	1279	18	0
1279	1279	19	1
1279	1279	20	0
1279	1279	21	0
1279	1279	22	0
1279	1279	23	0
1279	1279	24	0
1279	1279	25	0
1279	1279	26	0
1279	1279	27	0
1279	1279	28	0
1279	1279	29	1
1279	1279	30	0
1279	1279	31	0
1279	1279	32	4
1279	1279	33	0
1279	1279	34	0
1279	1279	35	4
1279	1279	36	0
1279	1279	37	0
1280	1280	0	0
1280	1280	1	0
1280	1280	2	0
1280	1280	3	0
1280	1280	4	0
1280	1280	5	0
1280	1280	6	0
1280	1280	7	0
1280	1280	8	1
1280	1280	9	0
1280	1280	10	2
1280	1280	11	0
1280	1280	12	0
1280	1280	13	0
1280	1280	14	1
1280	1280	15	0
1280	1280	16	1
1280	1280	17	0
1280	1280	18	0
1280	1280	19	0
1280	1280	20	1
1280	1280	21	0
1280	1280	22	0
1280	1280	23	0
1280	1280	24	0
1280	1280	25	3
1280	1280	26	2
1280	1280	27	2
1280	1280	28	2
1280	1280	29	0
1280	1280	30	2
1280	1280	31	1
1280	1280	32	3
1280	1280	33	0
1280	1280	34	0
1280	1280	35	4
1280	1280	36	1
1280	1280	37	0
1281	1281	0	0
1281	1281	1	0
1281	1281	2	0
1281	1281	3	0
1281	1281	4	0
1281	1281	5	0
1281	1281	6	0
1281	1281	7	0
1281	1281	8	0
1281	1281	9	0
1281	1281	10	0
1281	1281	11	0
1281	1281	12	0
1281	1281	13	0
1281	1281	14	0
1281	1281	15	0
1281	1281	16	0
1281	1281	17	0
1281	1281	18	0
1281	1281	19	0
1281	1281	20	2
1281	1281	21	0
1281	1281	22	0
1281	1281	23	0
1281	1281	24	0
1281	1281	25	0
1281	1281	26	0
1281	1281	27	2
1281	1281	28	0
1281	1281	29	0
1281	1281	30	0
1281	1281	31	0
1281	1281	32	0
1281	1281	33	0
1281	1281	34	0
1281	1281	35	2
1281	1281	36	0
1281	1281	37	0
1282	1282	0	0
1282	1282	1	1
1282	1282	2	0
1282	1282	3	0
1282	1282	4	0
1282	1282	5	0
1282	1282	6	2
1282	1282	7	0
1282	1282	8	0
1282	1282	9	0
1282	1282	10	3
1282	1282	11	0
1282	1282	12	0
1282	1282	13	0
1282	1282	14	2
1282	1282	15	0
1282	1282	16	1
1282	1282	17	0
1282	1282	18	1
1282	1282	19	0
1282	1282	20	3
1282	1282	21	0
1282	1282	22	3
1282	1282	23	2
1282	1282	24	0
1282	1282	25	1
1282	1282	26	4
1282	1282	27	2
1282	1282	28	0
1282	1282	29	2
1282	1282	30	4
1282	1282	31	3
1282	1282	32	3
1282	1282	33	3
1282	1282	34	0
1282	1282	35	2
1282	1282	36	0
1282	1282	37	1
1283	1283	0	0
1283	1283	1	1
1283	1283	2	1
1283	1283	3	0
1283	1283	4	0
1283	1283	5	0
1283	1283	6	1
1283	1283	7	0
1283	1283	8	0
1283	1283	9	0
1283	1283	10	2
1283	1283	11	0
1283	1283	12	1
1283	1283	13	0
1283	1283	14	0
1283	1283	15	0
1283	1283	16	2
1283	1283	17	3
1283	1283	18	2
1283	1283	19	0
1283	1283	20	0
1283	1283	21	0
1283	1283	22	0
1283	1283	23	0
1283	1283	24	1
1283	1283	25	0
1283	1283	26	0
1283	1283	27	0
1283	1283	28	0
1283	1283	29	0
1283	1283	30	0
1283	1283	31	0
1283	1283	32	0
1283	1283	33	0
1283	1283	34	0
1283	1283	35	0
1283	1283	36	2
1283	1283	37	0
1284	1284	0	0
1284	1284	1	0
1284	1284	2	0
1284	1284	3	0
1284	1284	4	0
1284	1284	5	0
1284	1284	6	0
1284	1284	7	0
1284	1284	8	1
1284	1284	9	0
1284	1284	10	0
1284	1284	11	4
1284	1284	12	0
1284	1284	13	1
1284	1284	14	0
1284	1284	15	0
1284	1284	16	0
1284	1284	17	0
1284	1284	18	0
1284	1284	19	0
1284	1284	20	1
1284	1284	21	0
1284	1284	22	2
1284	1284	23	1
1284	1284	24	2
1284	1284	25	2
1284	1284	26	0
1284	1284	27	0
1284	1284	28	0
1284	1284	29	1
1284	1284	30	1
1284	1284	31	0
1284	1284	32	0
1284	1284	33	0
1284	1284	34	5
1284	1284	35	2
1284	1284	36	0
1284	1284	37	1
1285	1285	0	0
1285	1285	1	0
1285	1285	2	0
1285	1285	3	0
1285	1285	4	0
1285	1285	5	2
1285	1285	6	1
1285	1285	7	0
1285	1285	8	2
1285	1285	9	2
1285	1285	10	0
1285	1285	11	0
1285	1285	12	0
1285	1285	13	0
1285	1285	14	0
1285	1285	15	0
1285	1285	16	0
1285	1285	17	0
1285	1285	18	0
1285	1285	19	1
1285	1285	20	2
1285	1285	21	0
1285	1285	22	0
1285	1285	23	0
1285	1285	24	0
1285	1285	25	0
1285	1285	26	4
1285	1285	27	4
1285	1285	28	1
1285	1285	29	3
1285	1285	30	0
1285	1285	31	1
1285	1285	32	1
1285	1285	33	1
1285	1285	34	1
1285	1285	35	0
1285	1285	36	5
1285	1285	37	6
1286	1286	0	0
1286	1286	1	0
1286	1286	2	2
1286	1286	3	0
1286	1286	4	1
1286	1286	5	0
1286	1286	6	0
1286	1286	7	0
1286	1286	8	0
1286	1286	9	0
1286	1286	10	0
1286	1286	11	0
1286	1286	12	0
1286	1286	13	4
1286	1286	14	0
1286	1286	15	0
1286	1286	16	3
1286	1286	17	0
1286	1286	18	0
1286	1286	19	0
1286	1286	20	0
1286	1286	21	0
1286	1286	22	3
1286	1286	23	2
1286	1286	24	0
1286	1286	25	0
1286	1286	26	0
1286	1286	27	1
1286	1286	28	2
1286	1286	29	0
1286	1286	30	1
1286	1286	31	3
1286	1286	32	4
1286	1286	33	0
1286	1286	34	0
1286	1286	35	0
1286	1286	36	1
1286	1286	37	0
1287	1287	0	0
1287	1287	1	3
1287	1287	2	0
1287	1287	3	0
1287	1287	4	0
1287	1287	5	2
1287	1287	6	0
1287	1287	7	0
1287	1287	8	0
1287	1287	9	0
1287	1287	10	0
1287	1287	11	0
1287	1287	12	0
1287	1287	13	1
1287	1287	14	2
1287	1287	15	0
1287	1287	16	0
1287	1287	17	0
1287	1287	18	1
1287	1287	19	0
1287	1287	20	2
1287	1287	21	0
1287	1287	22	0
1287	1287	23	3
1287	1287	24	0
1287	1287	25	0
1287	1287	26	1
1287	1287	27	0
1287	1287	28	0
1287	1287	29	1
1287	1287	30	2
1287	1287	31	1
1287	1287	32	1
1287	1287	33	0
1287	1287	34	0
1287	1287	35	0
1287	1287	36	2
1287	1287	37	1
1288	1288	0	0
1288	1288	1	1
1288	1288	2	0
1288	1288	3	0
1288	1288	4	0
1288	1288	5	0
1288	1288	6	0
1288	1288	7	0
1288	1288	8	0
1288	1288	9	0
1288	1288	10	0
1288	1288	11	0
1288	1288	12	0
1288	1288	13	0
1288	1288	14	0
1288	1288	15	0
1288	1288	16	0
1288	1288	17	0
1288	1288	18	0
1288	1288	19	0
1288	1288	20	0
1288	1288	21	0
1288	1288	22	0
1288	1288	23	0
1288	1288	24	4
1288	1288	25	0
1288	1288	26	0
1288	1288	27	0
1288	1288	28	0
1288	1288	29	0
1288	1288	30	0
1288	1288	31	0
1288	1288	32	0
1288	1288	33	1
1288	1288	34	1
1288	1288	35	0
1288	1288	36	0
1288	1288	37	3
1289	1289	0	0
1289	1289	1	0
1289	1289	2	0
1289	1289	3	0
1289	1289	4	0
1289	1289	5	2
1289	1289	6	0
1289	1289	7	0
1289	1289	8	0
1289	1289	9	0
1289	1289	10	0
1289	1289	11	0
1289	1289	12	0
1289	1289	13	0
1289	1289	14	0
1289	1289	15	2
1289	1289	16	3
1289	1289	17	1
1289	1289	18	0
1289	1289	19	0
1289	1289	20	0
1289	1289	21	0
1289	1289	22	0
1289	1289	23	4
1289	1289	24	2
1289	1289	25	5
1289	1289	26	0
1289	1289	27	3
1289	1289	28	3
1289	1289	29	0
1289	1289	30	2
1289	1289	31	0
1289	1289	32	0
1289	1289	33	0
1289	1289	34	6
1289	1289	35	1
1289	1289	36	0
1289	1289	37	0
1290	1290	0	0
1290	1290	1	0
1290	1290	2	3
1290	1290	3	0
1290	1290	4	0
1290	1290	5	1
1290	1290	6	0
1290	1290	7	0
1290	1290	8	0
1290	1290	9	1
1290	1290	10	0
1290	1290	11	0
1290	1290	12	3
1290	1290	13	0
1290	1290	14	4
1290	1290	15	0
1290	1290	16	0
1290	1290	17	0
1290	1290	18	0
1290	1290	19	0
1290	1290	20	1
1290	1290	21	0
1290	1290	22	0
1290	1290	23	0
1290	1290	24	4
1290	1290	25	0
1290	1290	26	1
1290	1290	27	1
1290	1290	28	1
1290	1290	29	1
1290	1290	30	6
1290	1290	31	3
1290	1290	32	0
1290	1290	33	3
1290	1290	34	3
1290	1290	35	2
1290	1290	36	3
1290	1290	37	1
1291	1291	0	0
1291	1291	1	0
1291	1291	2	0
1291	1291	3	0
1291	1291	4	0
1291	1291	5	0
1291	1291	6	0
1291	1291	7	0
1291	1291	8	3
1291	1291	9	0
1291	1291	10	0
1291	1291	11	0
1291	1291	12	0
1291	1291	13	0
1291	1291	14	0
1291	1291	15	0
1291	1291	16	0
1291	1291	17	0
1291	1291	18	0
1291	1291	19	0
1291	1291	20	0
1291	1291	21	0
1291	1291	22	2
1291	1291	23	0
1291	1291	24	0
1291	1291	25	0
1291	1291	26	0
1291	1291	27	0
1291	1291	28	0
1291	1291	29	0
1291	1291	30	0
1291	1291	31	0
1291	1291	32	0
1291	1291	33	0
1291	1291	34	1
1291	1291	35	0
1291	1291	36	0
1291	1291	37	0
1292	1292	0	0
1292	1292	1	0
1292	1292	2	0
1292	1292	3	0
1292	1292	4	0
1292	1292	5	0
1292	1292	6	0
1292	1292	7	0
1292	1292	8	0
1292	1292	9	0
1292	1292	10	0
1292	1292	11	0
1292	1292	12	0
1292	1292	13	0
1292	1292	14	1
1292	1292	15	0
1292	1292	16	0
1292	1292	17	0
1292	1292	18	0
1292	1292	19	0
1292	1292	20	0
1292	1292	21	1
1292	1292	22	0
1292	1292	23	0
1292	1292	24	0
1292	1292	25	0
1292	1292	26	0
1292	1292	27	0
1292	1292	28	0
1292	1292	29	2
1292	1292	30	0
1292	1292	31	1
1292	1292	32	0
1292	1292	33	0
1292	1292	34	0
1292	1292	35	0
1292	1292	36	0
1292	1292	37	0
1293	1293	0	0
1293	1293	1	0
1293	1293	2	1
1293	1293	3	0
1293	1293	4	0
1293	1293	5	0
1293	1293	6	0
1293	1293	7	0
1293	1293	8	0
1293	1293	9	0
1293	1293	10	0
1293	1293	11	3
1293	1293	12	0
1293	1293	13	0
1293	1293	14	0
1293	1293	15	0
1293	1293	16	0
1293	1293	17	0
1293	1293	18	1
1293	1293	19	0
1293	1293	20	0
1293	1293	21	0
1293	1293	22	0
1293	1293	23	0
1293	1293	24	0
1293	1293	25	0
1293	1293	26	0
1293	1293	27	0
1293	1293	28	0
1293	1293	29	0
1293	1293	30	0
1293	1293	31	5
1293	1293	32	0
1293	1293	33	0
1293	1293	34	0
1293	1293	35	0
1293	1293	36	1
1293	1293	37	0
1294	1294	0	0
1294	1294	1	0
1294	1294	2	0
1294	1294	3	1
1294	1294	4	0
1294	1294	5	0
1294	1294	6	0
1294	1294	7	0
1294	1294	8	0
1294	1294	9	3
1294	1294	10	0
1294	1294	11	1
1294	1294	12	1
1294	1294	13	0
1294	1294	14	0
1294	1294	15	0
1294	1294	16	0
1294	1294	17	0
1294	1294	18	0
1294	1294	19	0
1294	1294	20	0
1294	1294	21	0
1294	1294	22	0
1294	1294	23	0
1294	1294	24	2
1294	1294	25	0
1294	1294	26	0
1294	1294	27	2
1294	1294	28	0
1294	1294	29	0
1294	1294	30	0
1294	1294	31	0
1294	1294	32	0
1294	1294	33	0
1294	1294	34	0
1294	1294	35	0
1294	1294	36	0
1294	1294	37	0
1295	1295	0	0
1295	1295	1	0
1295	1295	2	0
1295	1295	3	0
1295	1295	4	0
1295	1295	5	0
1295	1295	6	0
1295	1295	7	0
1295	1295	8	0
1295	1295	9	0
1295	1295	10	0
1295	1295	11	0
1295	1295	12	0
1295	1295	13	0
1295	1295	14	0
1295	1295	15	0
1295	1295	16	1
1295	1295	17	0
1295	1295	18	0
1295	1295	19	0
1295	1295	20	0
1295	1295	21	1
1295	1295	22	1
1295	1295	23	0
1295	1295	24	0
1295	1295	25	0
1295	1295	26	0
1295	1295	27	0
1295	1295	28	0
1295	1295	29	0
1295	1295	30	0
1295	1295	31	0
1295	1295	32	0
1295	1295	33	0
1295	1295	34	3
1295	1295	35	2
1295	1295	36	0
1295	1295	37	0
1296	1296	0	1
1296	1296	1	0
1296	1296	2	3
1296	1296	3	0
1296	1296	4	3
1296	1296	5	0
1296	1296	6	0
1296	1296	7	1
1296	1296	8	0
1296	1296	9	0
1296	1296	10	0
1296	1296	11	0
1296	1296	12	0
1296	1296	13	0
1296	1296	14	0
1296	1296	15	1
1296	1296	16	0
1296	1296	17	0
1296	1296	18	0
1296	1296	19	0
1296	1296	20	0
1296	1296	21	3
1296	1296	22	0
1296	1296	23	0
1296	1296	24	1
1296	1296	25	0
1296	1296	26	0
1296	1296	27	0
1296	1296	28	0
1296	1296	29	0
1296	1296	30	1
1296	1296	31	0
1296	1296	32	0
1296	1296	33	0
1296	1296	34	0
1296	1296	35	0
1296	1296	36	0
1296	1296	37	0
1297	1297	0	0
1297	1297	1	0
1297	1297	2	0
1297	1297	3	0
1297	1297	4	0
1297	1297	5	0
1297	1297	6	2
1297	1297	7	0
1297	1297	8	0
1297	1297	9	0
1297	1297	10	0
1297	1297	11	0
1297	1297	12	0
1297	1297	13	0
1297	1297	14	0
1297	1297	15	2
1297	1297	16	0
1297	1297	17	0
1297	1297	18	0
1297	1297	19	0
1297	1297	20	0
1297	1297	21	0
1297	1297	22	1
1297	1297	23	0
1297	1297	24	0
1297	1297	25	0
1297	1297	26	0
1297	1297	27	0
1297	1297	28	0
1297	1297	29	0
1297	1297	30	1
1297	1297	31	0
1297	1297	32	0
1297	1297	33	0
1297	1297	34	0
1297	1297	35	0
1297	1297	36	0
1297	1297	37	0
1298	1298	0	0
1298	1298	1	1
1298	1298	2	0
1298	1298	3	0
1298	1298	4	4
1298	1298	5	0
1298	1298	6	0
1298	1298	7	0
1298	1298	8	0
1298	1298	9	0
1298	1298	10	0
1298	1298	11	0
1298	1298	12	0
1298	1298	13	2
1298	1298	14	0
1298	1298	15	0
1298	1298	16	0
1298	1298	17	0
1298	1298	18	3
1298	1298	19	0
1298	1298	20	0
1298	1298	21	0
1298	1298	22	0
1298	1298	23	0
1298	1298	24	0
1298	1298	25	0
1298	1298	26	0
1298	1298	27	1
1298	1298	28	0
1298	1298	29	0
1298	1298	30	0
1298	1298	31	0
1298	1298	32	0
1298	1298	33	0
1298	1298	34	0
1298	1298	35	0
1298	1298	36	0
1298	1298	37	0
1299	1299	0	0
1299	1299	1	0
1299	1299	2	0
1299	1299	3	0
1299	1299	4	2
1299	1299	5	0
1299	1299	6	0
1299	1299	7	0
1299	1299	8	0
1299	1299	9	0
1299	1299	10	0
1299	1299	11	0
1299	1299	12	0
1299	1299	13	0
1299	1299	14	0
1299	1299	15	0
1299	1299	16	0
1299	1299	17	1
1299	1299	18	0
1299	1299	19	1
1299	1299	20	0
1299	1299	21	9
1299	1299	22	3
1299	1299	23	0
1299	1299	24	1
1299	1299	25	0
1299	1299	26	0
1299	1299	27	0
1299	1299	28	1
1299	1299	29	0
1299	1299	30	1
1299	1299	31	1
1299	1299	32	0
1299	1299	33	2
1299	1299	34	0
1299	1299	35	2
1299	1299	36	3
1299	1299	37	2
1300	1300	0	0
1300	1300	1	0
1300	1300	2	0
1300	1300	3	0
1300	1300	4	0
1300	1300	5	0
1300	1300	6	0
1300	1300	7	0
1300	1300	8	0
1300	1300	9	0
1300	1300	10	1
1300	1300	11	0
1300	1300	12	2
1300	1300	13	0
1300	1300	14	0
1300	1300	15	0
1300	1300	16	1
1300	1300	17	0
1300	1300	18	0
1300	1300	19	0
1300	1300	20	0
1300	1300	21	0
1300	1300	22	0
1300	1300	23	0
1300	1300	24	2
1300	1300	25	0
1300	1300	26	1
1300	1300	27	1
1300	1300	28	0
1300	1300	29	2
1300	1300	30	0
1300	1300	31	4
1300	1300	32	0
1300	1300	33	3
1300	1300	34	1
1300	1300	35	3
1300	1300	36	8
1300	1300	37	0
1301	1301	0	0
1301	1301	1	1
1301	1301	2	0
1301	1301	3	0
1301	1301	4	0
1301	1301	5	0
1301	1301	6	0
1301	1301	7	0
1301	1301	8	2
1301	1301	9	0
1301	1301	10	1
1301	1301	11	2
1301	1301	12	0
1301	1301	13	0
1301	1301	14	0
1301	1301	15	3
1301	1301	16	0
1301	1301	17	0
1301	1301	18	0
1301	1301	19	0
1301	1301	20	0
1301	1301	21	0
1301	1301	22	0
1301	1301	23	0
1301	1301	24	0
1301	1301	25	0
1301	1301	26	0
1301	1301	27	0
1301	1301	28	0
1301	1301	29	0
1301	1301	30	0
1301	1301	31	0
1301	1301	32	0
1301	1301	33	0
1301	1301	34	0
1301	1301	35	0
1301	1301	36	0
1301	1301	37	0
1302	1302	0	0
1302	1302	1	0
1302	1302	2	0
1302	1302	3	0
1302	1302	4	1
1302	1302	5	0
1302	1302	6	0
1302	1302	7	0
1302	1302	8	0
1302	1302	9	0
1302	1302	10	0
1302	1302	11	0
1302	1302	12	0
1302	1302	13	0
1302	1302	14	0
1302	1302	15	0
1302	1302	16	1
1302	1302	17	0
1302	1302	18	0
1302	1302	19	0
1302	1302	20	0
1302	1302	21	0
1302	1302	22	0
1302	1302	23	2
1302	1302	24	2
1302	1302	25	0
1302	1302	26	0
1302	1302	27	1
1302	1302	28	2
1302	1302	29	0
1302	1302	30	3
1302	1302	31	0
1302	1302	32	2
1302	1302	33	4
1302	1302	34	0
1302	1302	35	0
1302	1302	36	9
1302	1302	37	2
1303	1303	0	0
1303	1303	1	0
1303	1303	2	0
1303	1303	3	1
1303	1303	4	0
1303	1303	5	0
1303	1303	6	0
1303	1303	7	6
1303	1303	8	0
1303	1303	9	0
1303	1303	10	0
1303	1303	11	0
1303	1303	12	0
1303	1303	13	0
1303	1303	14	0
1303	1303	15	0
1303	1303	16	0
1303	1303	17	0
1303	1303	18	0
1303	1303	19	4
1303	1303	20	0
1303	1303	21	0
1303	1303	22	0
1303	1303	23	0
1303	1303	24	0
1303	1303	25	1
1303	1303	26	0
1303	1303	27	0
1303	1303	28	0
1303	1303	29	0
1303	1303	30	1
1303	1303	31	0
1303	1303	32	0
1303	1303	33	0
1303	1303	34	0
1303	1303	35	3
1303	1303	36	0
1303	1303	37	0
1304	1304	0	0
1304	1304	1	0
1304	1304	2	0
1304	1304	3	0
1304	1304	4	1
1304	1304	5	0
1304	1304	6	2
1304	1304	7	0
1304	1304	8	0
1304	1304	9	0
1304	1304	10	0
1304	1304	11	0
1304	1304	12	0
1304	1304	13	0
1304	1304	14	0
1304	1304	15	0
1304	1304	16	0
1304	1304	17	0
1304	1304	18	2
1304	1304	19	0
1304	1304	20	0
1304	1304	21	0
1304	1304	22	0
1304	1304	23	0
1304	1304	24	0
1304	1304	25	3
1304	1304	26	0
1304	1304	27	0
1304	1304	28	0
1304	1304	29	0
1304	1304	30	0
1304	1304	31	0
1304	1304	32	0
1304	1304	33	2
1304	1304	34	0
1304	1304	35	0
1304	1304	36	0
1304	1304	37	3
1305	1305	0	1
1305	1305	1	0
1305	1305	2	0
1305	1305	3	0
1305	1305	4	0
1305	1305	5	0
1305	1305	6	0
1305	1305	7	0
1305	1305	8	0
1305	1305	9	0
1305	1305	10	0
1305	1305	11	1
1305	1305	12	0
1305	1305	13	0
1305	1305	14	0
1305	1305	15	3
1305	1305	16	0
1305	1305	17	0
1305	1305	18	0
1305	1305	19	0
1305	1305	20	0
1305	1305	21	0
1305	1305	22	0
1305	1305	23	0
1305	1305	24	3
1305	1305	25	0
1305	1305	26	0
1305	1305	27	3
1305	1305	28	0
1305	1305	29	0
1305	1305	30	0
1305	1305	31	1
1305	1305	32	0
1305	1305	33	1
1305	1305	34	0
1305	1305	35	1
1305	1305	36	0
1305	1305	37	0
1306	1306	0	0
1306	1306	1	0
1306	1306	2	0
1306	1306	3	0
1306	1306	4	0
1306	1306	5	0
1306	1306	6	0
1306	1306	7	4
1306	1306	8	0
1306	1306	9	0
1306	1306	10	0
1306	1306	11	2
1306	1306	12	0
1306	1306	13	0
1306	1306	14	0
1306	1306	15	0
1306	1306	16	0
1306	1306	17	2
1306	1306	18	0
1306	1306	19	0
1306	1306	20	0
1306	1306	21	0
1306	1306	22	0
1306	1306	23	0
1306	1306	24	0
1306	1306	25	0
1306	1306	26	0
1306	1306	27	0
1306	1306	28	0
1306	1306	29	0
1306	1306	30	0
1306	1306	31	0
1306	1306	32	1
1306	1306	33	0
1306	1306	34	0
1306	1306	35	3
1306	1306	36	0
1306	1306	37	0
1307	1307	0	0
1307	1307	1	0
1307	1307	2	0
1307	1307	3	0
1307	1307	4	3
1307	1307	5	0
1307	1307	6	0
1307	1307	7	0
1307	1307	8	0
1307	1307	9	0
1307	1307	10	1
1307	1307	11	0
1307	1307	12	0
1307	1307	13	0
1307	1307	14	0
1307	1307	15	0
1307	1307	16	0
1307	1307	17	2
1307	1307	18	1
1307	1307	19	0
1307	1307	20	0
1307	1307	21	0
1307	1307	22	0
1307	1307	23	0
1307	1307	24	1
1307	1307	25	0
1307	1307	26	2
1307	1307	27	0
1307	1307	28	1
1307	1307	29	1
1307	1307	30	2
1307	1307	31	3
1307	1307	32	0
1307	1307	33	4
1307	1307	34	0
1307	1307	35	3
1307	1307	36	5
1307	1307	37	0
1308	1308	0	0
1308	1308	1	1
1308	1308	2	0
1308	1308	3	0
1308	1308	4	1
1308	1308	5	0
1308	1308	6	0
1308	1308	7	1
1308	1308	8	0
1308	1308	9	1
1308	1308	10	0
1308	1308	11	0
1308	1308	12	0
1308	1308	13	0
1308	1308	14	2
1308	1308	15	0
1308	1308	16	0
1308	1308	17	0
1308	1308	18	0
1308	1308	19	0
1308	1308	20	2
1308	1308	21	1
1308	1308	22	1
1308	1308	23	0
1308	1308	24	2
1308	1308	25	4
1308	1308	26	0
1308	1308	27	0
1308	1308	28	2
1308	1308	29	3
1308	1308	30	0
1308	1308	31	0
1308	1308	32	5
1308	1308	33	1
1308	1308	34	6
1308	1308	35	5
1308	1308	36	0
1308	1308	37	1
1309	1309	0	0
1309	1309	1	1
1309	1309	2	0
1309	1309	3	0
1309	1309	4	0
1309	1309	5	0
1309	1309	6	0
1309	1309	7	0
1309	1309	8	0
1309	1309	9	0
1309	1309	10	0
1309	1309	11	0
1309	1309	12	0
1309	1309	13	0
1309	1309	14	0
1309	1309	15	0
1309	1309	16	0
1309	1309	17	0
1309	1309	18	0
1309	1309	19	0
1309	1309	20	0
1309	1309	21	0
1309	1309	22	0
1309	1309	23	1
1309	1309	24	0
1309	1309	25	0
1309	1309	26	0
1309	1309	27	0
1309	1309	28	0
1309	1309	29	0
1309	1309	30	0
1309	1309	31	2
1309	1309	32	0
1309	1309	33	0
1309	1309	34	3
1309	1309	35	1
1309	1309	36	2
1309	1309	37	0
1310	1310	0	0
1310	1310	1	2
1310	1310	2	0
1310	1310	3	0
1310	1310	4	0
1310	1310	5	2
1310	1310	6	0
1310	1310	7	0
1310	1310	8	0
1310	1310	9	0
1310	1310	10	0
1310	1310	11	0
1310	1310	12	0
1310	1310	13	0
1310	1310	14	0
1310	1310	15	0
1310	1310	16	1
1310	1310	17	0
1310	1310	18	2
1310	1310	19	1
1310	1310	20	0
1310	1310	21	0
1310	1310	22	2
1310	1310	23	0
1310	1310	24	0
1310	1310	25	0
1310	1310	26	0
1310	1310	27	0
1310	1310	28	0
1310	1310	29	0
1310	1310	30	0
1310	1310	31	0
1310	1310	32	0
1310	1310	33	0
1310	1310	34	0
1310	1310	35	0
1310	1310	36	0
1310	1310	37	0
1311	1311	0	0
1311	1311	1	0
1311	1311	2	0
1311	1311	3	0
1311	1311	4	0
1311	1311	5	0
1311	1311	6	0
1311	1311	7	0
1311	1311	8	0
1311	1311	9	0
1311	1311	10	0
1311	1311	11	1
1311	1311	12	1
1311	1311	13	0
1311	1311	14	0
1311	1311	15	0
1311	1311	16	0
1311	1311	17	0
1311	1311	18	1
1311	1311	19	0
1311	1311	20	0
1311	1311	21	0
1311	1311	22	0
1311	1311	23	0
1311	1311	24	0
1311	1311	25	0
1311	1311	26	0
1311	1311	27	0
1311	1311	28	1
1311	1311	29	0
1311	1311	30	0
1311	1311	31	0
1311	1311	32	0
1311	1311	33	1
1311	1311	34	0
1311	1311	35	1
1311	1311	36	0
1311	1311	37	0
1312	1312	0	0
1312	1312	1	3
1312	1312	2	0
1312	1312	3	0
1312	1312	4	0
1312	1312	5	0
1312	1312	6	0
1312	1312	7	0
1312	1312	8	0
1312	1312	9	0
1312	1312	10	0
1312	1312	11	0
1312	1312	12	0
1312	1312	13	0
1312	1312	14	0
1312	1312	15	0
1312	1312	16	0
1312	1312	17	0
1312	1312	18	0
1312	1312	19	0
1312	1312	20	0
1312	1312	21	0
1312	1312	22	0
1312	1312	23	0
1312	1312	24	1
1312	1312	25	3
1312	1312	26	1
1312	1312	27	1
1312	1312	28	0
1312	1312	29	0
1312	1312	30	0
1312	1312	31	3
1312	1312	32	0
1312	1312	33	0
1312	1312	34	2
1312	1312	35	0
1312	1312	36	0
1312	1312	37	0
1313	1313	0	0
1313	1313	1	3
1313	1313	2	0
1313	1313	3	4
1313	1313	4	1
1313	1313	5	0
1313	1313	6	0
1313	1313	7	0
1313	1313	8	0
1313	1313	9	0
1313	1313	10	0
1313	1313	11	0
1313	1313	12	0
1313	1313	13	1
1313	1313	14	0
1313	1313	15	0
1313	1313	16	0
1313	1313	17	0
1313	1313	18	2
1313	1313	19	0
1313	1313	20	0
1313	1313	21	0
1313	1313	22	0
1313	1313	23	1
1313	1313	24	0
1313	1313	25	0
1313	1313	26	0
1313	1313	27	1
1313	1313	28	0
1313	1313	29	2
1313	1313	30	0
1313	1313	31	0
1313	1313	32	2
1313	1313	33	0
1313	1313	34	0
1313	1313	35	2
1313	1313	36	0
1313	1313	37	0
1314	1314	0	0
1314	1314	1	0
1314	1314	2	1
1314	1314	3	0
1314	1314	4	0
1314	1314	5	0
1314	1314	6	0
1314	1314	7	0
1314	1314	8	0
1314	1314	9	0
1314	1314	10	0
1314	1314	11	0
1314	1314	12	0
1314	1314	13	0
1314	1314	14	1
1314	1314	15	0
1314	1314	16	0
1314	1314	17	0
1314	1314	18	0
1314	1314	19	1
1314	1314	20	0
1314	1314	21	1
1314	1314	22	0
1314	1314	23	0
1314	1314	24	0
1314	1314	25	0
1314	1314	26	2
1314	1314	27	3
1314	1314	28	0
1314	1314	29	0
1314	1314	30	0
1314	1314	31	0
1314	1314	32	2
1314	1314	33	0
1314	1314	34	0
1314	1314	35	0
1314	1314	36	2
1314	1314	37	0
1315	1315	0	0
1315	1315	1	0
1315	1315	2	0
1315	1315	3	1
1315	1315	4	1
1315	1315	5	0
1315	1315	6	1
1315	1315	7	0
1315	1315	8	0
1315	1315	9	0
1315	1315	10	0
1315	1315	11	0
1315	1315	12	0
1315	1315	13	0
1315	1315	14	3
1315	1315	15	0
1315	1315	16	3
1315	1315	17	0
1315	1315	18	0
1315	1315	19	0
1315	1315	20	0
1315	1315	21	0
1315	1315	22	0
1315	1315	23	0
1315	1315	24	0
1315	1315	25	0
1315	1315	26	0
1315	1315	27	1
1315	1315	28	1
1315	1315	29	0
1315	1315	30	0
1315	1315	31	1
1315	1315	32	0
1315	1315	33	0
1315	1315	34	0
1315	1315	35	0
1315	1315	36	0
1315	1315	37	2
1316	1316	0	0
1316	1316	1	0
1316	1316	2	0
1316	1316	3	0
1316	1316	4	0
1316	1316	5	0
1316	1316	6	1
1316	1316	7	0
1316	1316	8	0
1316	1316	9	1
1316	1316	10	0
1316	1316	11	0
1316	1316	12	0
1316	1316	13	0
1316	1316	14	0
1316	1316	15	2
1316	1316	16	0
1316	1316	17	0
1316	1316	18	1
1316	1316	19	2
1316	1316	20	0
1316	1316	21	0
1316	1316	22	0
1316	1316	23	0
1316	1316	24	1
1316	1316	25	0
1316	1316	26	0
1316	1316	27	0
1316	1316	28	1
1316	1316	29	0
1316	1316	30	0
1316	1316	31	1
1316	1316	32	0
1316	1316	33	0
1316	1316	34	0
1316	1316	35	1
1316	1316	36	0
1316	1316	37	0
1317	1317	0	0
1317	1317	1	0
1317	1317	2	0
1317	1317	3	0
1317	1317	4	0
1317	1317	5	0
1317	1317	6	2
1317	1317	7	0
1317	1317	8	0
1317	1317	9	0
1317	1317	10	0
1317	1317	11	0
1317	1317	12	0
1317	1317	13	0
1317	1317	14	0
1317	1317	15	0
1317	1317	16	0
1317	1317	17	0
1317	1317	18	0
1317	1317	19	0
1317	1317	20	0
1317	1317	21	2
1317	1317	22	1
1317	1317	23	0
1317	1317	24	0
1317	1317	25	0
1317	1317	26	0
1317	1317	27	0
1317	1317	28	4
1317	1317	29	0
1317	1317	30	0
1317	1317	31	0
1317	1317	32	0
1317	1317	33	2
1317	1317	34	0
1317	1317	35	1
1317	1317	36	1
1317	1317	37	1
1318	1318	0	0
1318	1318	1	0
1318	1318	2	2
1318	1318	3	0
1318	1318	4	0
1318	1318	5	0
1318	1318	6	0
1318	1318	7	0
1318	1318	8	0
1318	1318	9	3
1318	1318	10	0
1318	1318	11	0
1318	1318	12	0
1318	1318	13	0
1318	1318	14	0
1318	1318	15	0
1318	1318	16	0
1318	1318	17	0
1318	1318	18	0
1318	1318	19	0
1318	1318	20	0
1318	1318	21	0
1318	1318	22	4
1318	1318	23	0
1318	1318	24	0
1318	1318	25	3
1318	1318	26	4
1318	1318	27	5
1318	1318	28	3
1318	1318	29	0
1318	1318	30	0
1318	1318	31	4
1318	1318	32	0
1318	1318	33	1
1318	1318	34	4
1318	1318	35	0
1318	1318	36	0
1318	1318	37	0
1319	1319	0	0
1319	1319	1	5
1319	1319	2	0
1319	1319	3	0
1319	1319	4	0
1319	1319	5	0
1319	1319	6	0
1319	1319	7	1
1319	1319	8	0
1319	1319	9	0
1319	1319	10	1
1319	1319	11	0
1319	1319	12	0
1319	1319	13	0
1319	1319	14	0
1319	1319	15	0
1319	1319	16	0
1319	1319	17	0
1319	1319	18	0
1319	1319	19	0
1319	1319	20	0
1319	1319	21	0
1319	1319	22	0
1319	1319	23	0
1319	1319	24	0
1319	1319	25	0
1319	1319	26	0
1319	1319	27	0
1319	1319	28	0
1319	1319	29	0
1319	1319	30	0
1319	1319	31	0
1319	1319	32	0
1319	1319	33	0
1319	1319	34	0
1319	1319	35	0
1319	1319	36	0
1319	1319	37	0
1320	1320	0	0
1320	1320	1	0
1320	1320	2	0
1320	1320	3	0
1320	1320	4	0
1320	1320	5	5
1320	1320	6	0
1320	1320	7	1
1320	1320	8	0
1320	1320	9	0
1320	1320	10	0
1320	1320	11	0
1320	1320	12	0
1320	1320	13	0
1320	1320	14	1
1320	1320	15	1
1320	1320	16	0
1320	1320	17	0
1320	1320	18	0
1320	1320	19	0
1320	1320	20	0
1320	1320	21	0
1320	1320	22	0
1320	1320	23	1
1320	1320	24	0
1320	1320	25	0
1320	1320	26	0
1320	1320	27	0
1320	1320	28	0
1320	1320	29	0
1320	1320	30	0
1320	1320	31	0
1320	1320	32	0
1320	1320	33	0
1320	1320	34	0
1320	1320	35	0
1320	1320	36	0
1320	1320	37	0
1321	1321	0	0
1321	1321	1	0
1321	1321	2	0
1321	1321	3	0
1321	1321	4	0
1321	1321	5	4
1321	1321	6	2
1321	1321	7	1
1321	1321	8	0
1321	1321	9	0
1321	1321	10	0
1321	1321	11	0
1321	1321	12	0
1321	1321	13	0
1321	1321	14	0
1321	1321	15	1
1321	1321	16	0
1321	1321	17	1
1321	1321	18	0
1321	1321	19	1
1321	1321	20	0
1321	1321	21	0
1321	1321	22	0
1321	1321	23	1
1321	1321	24	0
1321	1321	25	0
1321	1321	26	0
1321	1321	27	0
1321	1321	28	0
1321	1321	29	0
1321	1321	30	0
1321	1321	31	1
1321	1321	32	1
1321	1321	33	0
1321	1321	34	0
1321	1321	35	1
1321	1321	36	2
1321	1321	37	4
1322	1322	0	0
1322	1322	1	0
1322	1322	2	0
1322	1322	3	0
1322	1322	4	0
1322	1322	5	0
1322	1322	6	0
1322	1322	7	0
1322	1322	8	0
1322	1322	9	0
1322	1322	10	0
1322	1322	11	0
1322	1322	12	0
1322	1322	13	0
1322	1322	14	0
1322	1322	15	0
1322	1322	16	0
1322	1322	17	0
1322	1322	18	0
1322	1322	19	0
1322	1322	20	0
1322	1322	21	0
1322	1322	22	0
1322	1322	23	0
1322	1322	24	0
1322	1322	25	0
1322	1322	26	0
1322	1322	27	0
1322	1322	28	0
1322	1322	29	0
1322	1322	30	0
1322	1322	31	0
1322	1322	32	0
1322	1322	33	0
1322	1322	34	0
1322	1322	35	0
1322	1322	36	3
1322	1322	37	0
1323	1323	0	0
1323	1323	1	0
1323	1323	2	0
1323	1323	3	0
1323	1323	4	0
1323	1323	5	0
1323	1323	6	0
1323	1323	7	0
1323	1323	8	0
1323	1323	9	0
1323	1323	10	1
1323	1323	11	0
1323	1323	12	0
1323	1323	13	0
1323	1323	14	0
1323	1323	15	0
1323	1323	16	0
1323	1323	17	0
1323	1323	18	0
1323	1323	19	0
1323	1323	20	0
1323	1323	21	0
1323	1323	22	0
1323	1323	23	0
1323	1323	24	0
1323	1323	25	0
1323	1323	26	0
1323	1323	27	0
1323	1323	28	0
1323	1323	29	0
1323	1323	30	0
1323	1323	31	0
1323	1323	32	0
1323	1323	33	0
1323	1323	34	0
1323	1323	35	0
1323	1323	36	0
1323	1323	37	0
1324	1324	0	0
1324	1324	1	0
1324	1324	2	0
1324	1324	3	0
1324	1324	4	0
1324	1324	5	0
1324	1324	6	0
1324	1324	7	0
1324	1324	8	0
1324	1324	9	0
1324	1324	10	0
1324	1324	11	0
1324	1324	12	0
1324	1324	13	0
1324	1324	14	0
1324	1324	15	0
1324	1324	16	0
1324	1324	17	0
1324	1324	18	0
1324	1324	19	0
1324	1324	20	0
1324	1324	21	0
1324	1324	22	0
1324	1324	23	0
1324	1324	24	0
1324	1324	25	0
1324	1324	26	0
1324	1324	27	0
1324	1324	28	0
1324	1324	29	0
1324	1324	30	0
1324	1324	31	0
1324	1324	32	0
1324	1324	33	0
1324	1324	34	0
1324	1324	35	1
1324	1324	36	0
1324	1324	37	0
1325	1325	0	0
1325	1325	1	0
1325	1325	2	0
1325	1325	3	0
1325	1325	4	0
1325	1325	5	0
1325	1325	6	0
1325	1325	7	0
1325	1325	8	0
1325	1325	9	0
1325	1325	10	0
1325	1325	11	0
1325	1325	12	0
1325	1325	13	0
1325	1325	14	0
1325	1325	15	0
1325	1325	16	0
1325	1325	17	0
1325	1325	18	0
1325	1325	19	0
1325	1325	20	0
1325	1325	21	0
1325	1325	22	0
1325	1325	23	0
1325	1325	24	0
1325	1325	25	0
1325	1325	26	0
1325	1325	27	0
1325	1325	28	1
1325	1325	29	0
1325	1325	30	0
1325	1325	31	0
1325	1325	32	0
1325	1325	33	0
1325	1325	34	0
1325	1325	35	0
1325	1325	36	0
1325	1325	37	0
1326	1326	0	0
1326	1326	1	0
1326	1326	2	1
1326	1326	3	0
1326	1326	4	0
1326	1326	5	0
1326	1326	6	0
1326	1326	7	0
1326	1326	8	0
1326	1326	9	0
1326	1326	10	0
1326	1326	11	1
1326	1326	12	0
1326	1326	13	1
1326	1326	14	0
1326	1326	15	2
1326	1326	16	0
1326	1326	17	0
1326	1326	18	2
1326	1326	19	0
1326	1326	20	0
1326	1326	21	0
1326	1326	22	0
1326	1326	23	2
1326	1326	24	0
1326	1326	25	0
1326	1326	26	0
1326	1326	27	0
1326	1326	28	1
1326	1326	29	0
1326	1326	30	2
1326	1326	31	0
1326	1326	32	2
1326	1326	33	0
1326	1326	34	1
1326	1326	35	0
1326	1326	36	1
1326	1326	37	0
1327	1327	0	0
1327	1327	1	0
1327	1327	2	0
1327	1327	3	0
1327	1327	4	0
1327	1327	5	0
1327	1327	6	0
1327	1327	7	0
1327	1327	8	0
1327	1327	9	0
1327	1327	10	0
1327	1327	11	0
1327	1327	12	0
1327	1327	13	0
1327	1327	14	0
1327	1327	15	0
1327	1327	16	1
1327	1327	17	0
1327	1327	18	3
1327	1327	19	0
1327	1327	20	0
1327	1327	21	0
1327	1327	22	0
1327	1327	23	0
1327	1327	24	2
1327	1327	25	0
1327	1327	26	0
1327	1327	27	0
1327	1327	28	0
1327	1327	29	0
1327	1327	30	0
1327	1327	31	0
1327	1327	32	1
1327	1327	33	0
1327	1327	34	0
1327	1327	35	1
1327	1327	36	0
1327	1327	37	0
1328	1328	0	0
1328	1328	1	0
1328	1328	2	0
1328	1328	3	0
1328	1328	4	0
1328	1328	5	0
1328	1328	6	1
1328	1328	7	0
1328	1328	8	0
1328	1328	9	0
1328	1328	10	0
1328	1328	11	0
1328	1328	12	0
1328	1328	13	0
1328	1328	14	0
1328	1328	15	0
1328	1328	16	0
1328	1328	17	0
1328	1328	18	0
1328	1328	19	3
1328	1328	20	0
1328	1328	21	0
1328	1328	22	0
1328	1328	23	0
1328	1328	24	0
1328	1328	25	0
1328	1328	26	0
1328	1328	27	0
1328	1328	28	0
1328	1328	29	0
1328	1328	30	0
1328	1328	31	0
1328	1328	32	0
1328	1328	33	0
1328	1328	34	1
1328	1328	35	0
1328	1328	36	0
1328	1328	37	0
1329	1329	0	0
1329	1329	1	0
1329	1329	2	6
1329	1329	3	1
1329	1329	4	0
1329	1329	5	0
1329	1329	6	3
1329	1329	7	0
1329	1329	8	3
1329	1329	9	0
1329	1329	10	1
1329	1329	11	0
1329	1329	12	5
1329	1329	13	1
1329	1329	14	0
1329	1329	15	0
1329	1329	16	0
1329	1329	17	0
1329	1329	18	0
1329	1329	19	0
1329	1329	20	0
1329	1329	21	0
1329	1329	22	6
1329	1329	23	0
1329	1329	24	4
1329	1329	25	0
1329	1329	26	0
1329	1329	27	1
1329	1329	28	0
1329	1329	29	1
1329	1329	30	0
1329	1329	31	1
1329	1329	32	0
1329	1329	33	0
1329	1329	34	0
1329	1329	35	2
1329	1329	36	1
1329	1329	37	0
1330	1330	0	0
1330	1330	1	0
1330	1330	2	0
1330	1330	3	1
1330	1330	4	0
1330	1330	5	0
1330	1330	6	0
1330	1330	7	0
1330	1330	8	0
1330	1330	9	0
1330	1330	10	3
1330	1330	11	0
1330	1330	12	0
1330	1330	13	0
1330	1330	14	0
1330	1330	15	0
1330	1330	16	0
1330	1330	17	0
1330	1330	18	0
1330	1330	19	0
1330	1330	20	0
1330	1330	21	0
1330	1330	22	0
1330	1330	23	0
1330	1330	24	0
1330	1330	25	2
1330	1330	26	0
1330	1330	27	2
1330	1330	28	2
1330	1330	29	2
1330	1330	30	0
1330	1330	31	2
1330	1330	32	0
1330	1330	33	0
1330	1330	34	3
1330	1330	35	0
1330	1330	36	0
1330	1330	37	0
1331	1331	0	0
1331	1331	1	0
1331	1331	2	2
1331	1331	3	0
1331	1331	4	0
1331	1331	5	0
1331	1331	6	1
1331	1331	7	2
1331	1331	8	0
1331	1331	9	0
1331	1331	10	1
1331	1331	11	0
1331	1331	12	0
1331	1331	13	0
1331	1331	14	0
1331	1331	15	1
1331	1331	16	0
1331	1331	17	0
1331	1331	18	2
1331	1331	19	0
1331	1331	20	0
1331	1331	21	1
1331	1331	22	0
1331	1331	23	0
1331	1331	24	1
1331	1331	25	2
1331	1331	26	2
1331	1331	27	1
1331	1331	28	5
1331	1331	29	0
1331	1331	30	3
1331	1331	31	1
1331	1331	32	3
1331	1331	33	1
1331	1331	34	0
1331	1331	35	2
1331	1331	36	1
1331	1331	37	0
1332	1332	0	0
1332	1332	1	0
1332	1332	2	1
1332	1332	3	0
1332	1332	4	0
1332	1332	5	0
1332	1332	6	0
1332	1332	7	0
1332	1332	8	0
1332	1332	9	0
1332	1332	10	0
1332	1332	11	0
1332	1332	12	2
1332	1332	13	0
1332	1332	14	0
1332	1332	15	0
1332	1332	16	0
1332	1332	17	0
1332	1332	18	0
1332	1332	19	0
1332	1332	20	0
1332	1332	21	0
1332	1332	22	0
1332	1332	23	0
1332	1332	24	0
1332	1332	25	1
1332	1332	26	0
1332	1332	27	0
1332	1332	28	0
1332	1332	29	0
1332	1332	30	0
1332	1332	31	1
1332	1332	32	0
1332	1332	33	0
1332	1332	34	0
1332	1332	35	0
1332	1332	36	1
1332	1332	37	0
1333	1333	0	0
1333	1333	1	3
1333	1333	2	3
1333	1333	3	0
1333	1333	4	0
1333	1333	5	0
1333	1333	6	0
1333	1333	7	0
1333	1333	8	0
1333	1333	9	0
1333	1333	10	0
1333	1333	11	0
1333	1333	12	0
1333	1333	13	0
1333	1333	14	0
1333	1333	15	0
1333	1333	16	0
1333	1333	17	1
1333	1333	18	0
1333	1333	19	0
1333	1333	20	0
1333	1333	21	0
1333	1333	22	0
1333	1333	23	1
1333	1333	24	1
1333	1333	25	1
1333	1333	26	0
1333	1333	27	0
1333	1333	28	0
1333	1333	29	0
1333	1333	30	4
1333	1333	31	0
1333	1333	32	0
1333	1333	33	2
1333	1333	34	0
1333	1333	35	0
1333	1333	36	0
1333	1333	37	0
1334	1334	0	0
1334	1334	1	1
1334	1334	2	0
1334	1334	3	0
1334	1334	4	0
1334	1334	5	1
1334	1334	6	0
1334	1334	7	1
1334	1334	8	0
1334	1334	9	0
1334	1334	10	2
1334	1334	11	3
1334	1334	12	0
1334	1334	13	0
1334	1334	14	0
1334	1334	15	0
1334	1334	16	1
1334	1334	17	0
1334	1334	18	0
1334	1334	19	0
1334	1334	20	0
1334	1334	21	0
1334	1334	22	4
1334	1334	23	0
1334	1334	24	0
1334	1334	25	0
1334	1334	26	0
1334	1334	27	0
1334	1334	28	3
1334	1334	29	1
1334	1334	30	1
1334	1334	31	0
1334	1334	32	0
1334	1334	33	0
1334	1334	34	0
1334	1334	35	3
1334	1334	36	0
1334	1334	37	0
1335	1335	0	0
1335	1335	1	0
1335	1335	2	0
1335	1335	3	0
1335	1335	4	1
1335	1335	5	0
1335	1335	6	0
1335	1335	7	0
1335	1335	8	0
1335	1335	9	0
1335	1335	10	0
1335	1335	11	0
1335	1335	12	0
1335	1335	13	0
1335	1335	14	3
1335	1335	15	0
1335	1335	16	0
1335	1335	17	1
1335	1335	18	1
1335	1335	19	0
1335	1335	20	0
1335	1335	21	0
1335	1335	22	0
1335	1335	23	0
1335	1335	24	3
1335	1335	25	0
1335	1335	26	3
1335	1335	27	0
1335	1335	28	0
1335	1335	29	0
1335	1335	30	0
1335	1335	31	0
1335	1335	32	0
1335	1335	33	4
1335	1335	34	0
1335	1335	35	0
1335	1335	36	0
1335	1335	37	2
1336	1336	0	0
1336	1336	1	0
1336	1336	2	1
1336	1336	3	0
1336	1336	4	0
1336	1336	5	0
1336	1336	6	0
1336	1336	7	0
1336	1336	8	0
1336	1336	9	0
1336	1336	10	0
1336	1336	11	0
1336	1336	12	0
1336	1336	13	2
1336	1336	14	0
1336	1336	15	0
1336	1336	16	0
1336	1336	17	0
1336	1336	18	0
1336	1336	19	0
1336	1336	20	0
1336	1336	21	3
1336	1336	22	0
1336	1336	23	0
1336	1336	24	1
1336	1336	25	0
1336	1336	26	0
1336	1336	27	0
1336	1336	28	4
1336	1336	29	2
1336	1336	30	0
1336	1336	31	0
1336	1336	32	0
1336	1336	33	0
1336	1336	34	0
1336	1336	35	0
1336	1336	36	0
1336	1336	37	1
1337	1337	0	0
1337	1337	1	0
1337	1337	2	0
1337	1337	3	0
1337	1337	4	1
1337	1337	5	0
1337	1337	6	0
1337	1337	7	1
1337	1337	8	0
1337	1337	9	0
1337	1337	10	0
1337	1337	11	2
1337	1337	12	0
1337	1337	13	0
1337	1337	14	5
1337	1337	15	0
1337	1337	16	4
1337	1337	17	8
1337	1337	18	0
1337	1337	19	0
1337	1337	20	3
1337	1337	21	0
1337	1337	22	0
1337	1337	23	0
1337	1337	24	2
1337	1337	25	0
1337	1337	26	2
1337	1337	27	0
1337	1337	28	0
1337	1337	29	2
1337	1337	30	0
1337	1337	31	0
1337	1337	32	4
1337	1337	33	0
1337	1337	34	2
1337	1337	35	0
1337	1337	36	1
1337	1337	37	2
1338	1338	0	0
1338	1338	1	0
1338	1338	2	1
1338	1338	3	0
1338	1338	4	0
1338	1338	5	0
1338	1338	6	0
1338	1338	7	0
1338	1338	8	0
1338	1338	9	3
1338	1338	10	0
1338	1338	11	0
1338	1338	12	0
1338	1338	13	0
1338	1338	14	0
1338	1338	15	0
1338	1338	16	0
1338	1338	17	0
1338	1338	18	0
1338	1338	19	0
1338	1338	20	0
1338	1338	21	0
1338	1338	22	1
1338	1338	23	2
1338	1338	24	1
1338	1338	25	0
1338	1338	26	0
1338	1338	27	0
1338	1338	28	0
1338	1338	29	3
1338	1338	30	0
1338	1338	31	1
1338	1338	32	5
1338	1338	33	0
1338	1338	34	2
1338	1338	35	4
1338	1338	36	0
1338	1338	37	5
1339	1339	0	0
1339	1339	1	0
1339	1339	2	3
1339	1339	3	0
1339	1339	4	0
1339	1339	5	0
1339	1339	6	0
1339	1339	7	0
1339	1339	8	0
1339	1339	9	0
1339	1339	10	0
1339	1339	11	1
1339	1339	12	0
1339	1339	13	4
1339	1339	14	0
1339	1339	15	0
1339	1339	16	0
1339	1339	17	0
1339	1339	18	4
1339	1339	19	0
1339	1339	20	2
1339	1339	21	3
1339	1339	22	0
1339	1339	23	0
1339	1339	24	0
1339	1339	25	5
1339	1339	26	0
1339	1339	27	0
1339	1339	28	4
1339	1339	29	0
1339	1339	30	3
1339	1339	31	6
1339	1339	32	1
1339	1339	33	3
1339	1339	34	0
1339	1339	35	0
1339	1339	36	2
1339	1339	37	0
1340	1340	0	0
1340	1340	1	1
1340	1340	2	0
1340	1340	3	0
1340	1340	4	0
1340	1340	5	0
1340	1340	6	0
1340	1340	7	0
1340	1340	8	0
1340	1340	9	0
1340	1340	10	0
1340	1340	11	0
1340	1340	12	0
1340	1340	13	0
1340	1340	14	0
1340	1340	15	0
1340	1340	16	0
1340	1340	17	0
1340	1340	18	0
1340	1340	19	0
1340	1340	20	0
1340	1340	21	3
1340	1340	22	0
1340	1340	23	0
1340	1340	24	0
1340	1340	25	0
1340	1340	26	0
1340	1340	27	0
1340	1340	28	0
1340	1340	29	0
1340	1340	30	0
1340	1340	31	0
1340	1340	32	0
1340	1340	33	0
1340	1340	34	0
1340	1340	35	0
1340	1340	36	0
1340	1340	37	0
1341	1341	0	0
1341	1341	1	0
1341	1341	2	1
1341	1341	3	0
1341	1341	4	1
1341	1341	5	0
1341	1341	6	0
1341	1341	7	0
1341	1341	8	0
1341	1341	9	0
1341	1341	10	0
1341	1341	11	0
1341	1341	12	0
1341	1341	13	0
1341	1341	14	0
1341	1341	15	0
1341	1341	16	1
1341	1341	17	0
1341	1341	18	0
1341	1341	19	0
1341	1341	20	0
1341	1341	21	0
1341	1341	22	0
1341	1341	23	2
1341	1341	24	1
1341	1341	25	1
1341	1341	26	1
1341	1341	27	3
1341	1341	28	3
1341	1341	29	0
1341	1341	30	0
1341	1341	31	1
1341	1341	32	0
1341	1341	33	0
1341	1341	34	1
1341	1341	35	1
1341	1341	36	0
1341	1341	37	0
1342	1342	0	0
1342	1342	1	0
1342	1342	2	0
1342	1342	3	0
1342	1342	4	0
1342	1342	5	2
1342	1342	6	0
1342	1342	7	0
1342	1342	8	0
1342	1342	9	0
1342	1342	10	0
1342	1342	11	0
1342	1342	12	0
1342	1342	13	3
1342	1342	14	0
1342	1342	15	0
1342	1342	16	0
1342	1342	17	0
1342	1342	18	0
1342	1342	19	0
1342	1342	20	3
1342	1342	21	0
1342	1342	22	1
1342	1342	23	0
1342	1342	24	0
1342	1342	25	3
1342	1342	26	0
1342	1342	27	0
1342	1342	28	3
1342	1342	29	1
1342	1342	30	10
1342	1342	31	2
1342	1342	32	0
1342	1342	33	0
1342	1342	34	1
1342	1342	35	0
1342	1342	36	6
1342	1342	37	1
1343	1343	0	0
1343	1343	1	0
1343	1343	2	0
1343	1343	3	0
1343	1343	4	0
1343	1343	5	0
1343	1343	6	0
1343	1343	7	0
1343	1343	8	0
1343	1343	9	3
1343	1343	10	0
1343	1343	11	0
1343	1343	12	0
1343	1343	13	0
1343	1343	14	0
1343	1343	15	0
1343	1343	16	0
1343	1343	17	0
1343	1343	18	0
1343	1343	19	0
1343	1343	20	0
1343	1343	21	0
1343	1343	22	0
1343	1343	23	3
1343	1343	24	0
1343	1343	25	0
1343	1343	26	0
1343	1343	27	0
1343	1343	28	0
1343	1343	29	0
1343	1343	30	0
1343	1343	31	0
1343	1343	32	0
1343	1343	33	0
1343	1343	34	0
1343	1343	35	0
1343	1343	36	0
1343	1343	37	2
1344	1344	0	0
1344	1344	1	1
1344	1344	2	0
1344	1344	3	0
1344	1344	4	0
1344	1344	5	1
1344	1344	6	0
1344	1344	7	0
1344	1344	8	0
1344	1344	9	0
1344	1344	10	0
1344	1344	11	0
1344	1344	12	0
1344	1344	13	0
1344	1344	14	0
1344	1344	15	0
1344	1344	16	0
1344	1344	17	0
1344	1344	18	1
1344	1344	19	0
1344	1344	20	0
1344	1344	21	0
1344	1344	22	0
1344	1344	23	0
1344	1344	24	0
1344	1344	25	1
1344	1344	26	0
1344	1344	27	0
1344	1344	28	1
1344	1344	29	0
1344	1344	30	0
1344	1344	31	0
1344	1344	32	0
1344	1344	33	0
1344	1344	34	0
1344	1344	35	0
1344	1344	36	0
1344	1344	37	1
1345	1345	0	0
1345	1345	1	0
1345	1345	2	0
1345	1345	3	0
1345	1345	4	0
1345	1345	5	0
1345	1345	6	0
1345	1345	7	0
1345	1345	8	0
1345	1345	9	0
1345	1345	10	0
1345	1345	11	0
1345	1345	12	0
1345	1345	13	0
1345	1345	14	0
1345	1345	15	0
1345	1345	16	0
1345	1345	17	0
1345	1345	18	0
1345	1345	19	0
1345	1345	20	0
1345	1345	21	0
1345	1345	22	0
1345	1345	23	0
1345	1345	24	0
1345	1345	25	0
1345	1345	26	0
1345	1345	27	0
1345	1345	28	0
1345	1345	29	0
1345	1345	30	0
1345	1345	31	0
1345	1345	32	0
1345	1345	33	0
1345	1345	34	0
1345	1345	35	0
1345	1345	36	0
1345	1345	37	0
1346	1346	0	0
1346	1346	1	2
1346	1346	2	0
1346	1346	3	0
1346	1346	4	1
1346	1346	5	0
1346	1346	6	0
1346	1346	7	0
1346	1346	8	0
1346	1346	9	0
1346	1346	10	0
1346	1346	11	0
1346	1346	12	0
1346	1346	13	0
1346	1346	14	0
1346	1346	15	0
1346	1346	16	0
1346	1346	17	0
1346	1346	18	0
1346	1346	19	0
1346	1346	20	0
1346	1346	21	0
1346	1346	22	0
1346	1346	23	0
1346	1346	24	0
1346	1346	25	0
1346	1346	26	0
1346	1346	27	0
1346	1346	28	0
1346	1346	29	0
1346	1346	30	0
1346	1346	31	0
1346	1346	32	0
1346	1346	33	0
1346	1346	34	0
1346	1346	35	0
1346	1346	36	0
1346	1346	37	0
1347	1347	0	0
1347	1347	1	0
1347	1347	2	0
1347	1347	3	0
1347	1347	4	0
1347	1347	5	0
1347	1347	6	0
1347	1347	7	0
1347	1347	8	0
1347	1347	9	2
1347	1347	10	0
1347	1347	11	0
1347	1347	12	0
1347	1347	13	0
1347	1347	14	0
1347	1347	15	0
1347	1347	16	0
1347	1347	17	1
1347	1347	18	0
1347	1347	19	0
1347	1347	20	1
1347	1347	21	0
1347	1347	22	0
1347	1347	23	0
1347	1347	24	0
1347	1347	25	0
1347	1347	26	0
1347	1347	27	0
1347	1347	28	0
1347	1347	29	0
1347	1347	30	0
1347	1347	31	5
1347	1347	32	1
1347	1347	33	1
1347	1347	34	0
1347	1347	35	0
1347	1347	36	2
1347	1347	37	0
1348	1348	0	0
1348	1348	1	0
1348	1348	2	0
1348	1348	3	0
1348	1348	4	0
1348	1348	5	2
1348	1348	6	0
1348	1348	7	0
1348	1348	8	0
1348	1348	9	0
1348	1348	10	0
1348	1348	11	0
1348	1348	12	0
1348	1348	13	0
1348	1348	14	1
1348	1348	15	0
1348	1348	16	0
1348	1348	17	0
1348	1348	18	0
1348	1348	19	0
1348	1348	20	1
1348	1348	21	0
1348	1348	22	0
1348	1348	23	1
1348	1348	24	0
1348	1348	25	2
1348	1348	26	0
1348	1348	27	0
1348	1348	28	0
1348	1348	29	0
1348	1348	30	0
1348	1348	31	1
1348	1348	32	1
1348	1348	33	0
1348	1348	34	1
1348	1348	35	0
1348	1348	36	0
1348	1348	37	0
1349	1349	0	0
1349	1349	1	0
1349	1349	2	1
1349	1349	3	1
1349	1349	4	0
1349	1349	5	0
1349	1349	6	1
1349	1349	7	0
1349	1349	8	0
1349	1349	9	0
1349	1349	10	0
1349	1349	11	1
1349	1349	12	7
1349	1349	13	0
1349	1349	14	0
1349	1349	15	0
1349	1349	16	0
1349	1349	17	0
1349	1349	18	1
1349	1349	19	1
1349	1349	20	0
1349	1349	21	0
1349	1349	22	2
1349	1349	23	4
1349	1349	24	0
1349	1349	25	0
1349	1349	26	2
1349	1349	27	0
1349	1349	28	0
1349	1349	29	0
1349	1349	30	0
1349	1349	31	0
1349	1349	32	0
1349	1349	33	2
1349	1349	34	0
1349	1349	35	1
1349	1349	36	2
1349	1349	37	0
1350	1350	0	0
1350	1350	1	0
1350	1350	2	0
1350	1350	3	3
1350	1350	4	0
1350	1350	5	1
1350	1350	6	0
1350	1350	7	0
1350	1350	8	0
1350	1350	9	0
1350	1350	10	0
1350	1350	11	2
1350	1350	12	0
1350	1350	13	0
1350	1350	14	0
1350	1350	15	0
1350	1350	16	0
1350	1350	17	1
1350	1350	18	0
1350	1350	19	0
1350	1350	20	2
1350	1350	21	1
1350	1350	22	2
1350	1350	23	0
1350	1350	24	0
1350	1350	25	2
1350	1350	26	0
1350	1350	27	0
1350	1350	28	0
1350	1350	29	1
1350	1350	30	1
1350	1350	31	1
1350	1350	32	1
1350	1350	33	0
1350	1350	34	0
1350	1350	35	3
1350	1350	36	2
1350	1350	37	0
1351	1351	0	0
1351	1351	1	0
1351	1351	2	0
1351	1351	3	0
1351	1351	4	0
1351	1351	5	0
1351	1351	6	0
1351	1351	7	0
1351	1351	8	0
1351	1351	9	1
1351	1351	10	0
1351	1351	11	0
1351	1351	12	0
1351	1351	13	0
1351	1351	14	0
1351	1351	15	0
1351	1351	16	0
1351	1351	17	0
1351	1351	18	2
1351	1351	19	2
1351	1351	20	1
1351	1351	21	0
1351	1351	22	0
1351	1351	23	0
1351	1351	24	0
1351	1351	25	0
1351	1351	26	0
1351	1351	27	1
1351	1351	28	0
1351	1351	29	1
1351	1351	30	0
1351	1351	31	0
1351	1351	32	3
1351	1351	33	0
1351	1351	34	3
1351	1351	35	0
1351	1351	36	0
1351	1351	37	0
1352	1352	0	0
1352	1352	1	0
1352	1352	2	0
1352	1352	3	1
1352	1352	4	0
1352	1352	5	0
1352	1352	6	8
1352	1352	7	0
1352	1352	8	0
1352	1352	9	4
1352	1352	10	0
1352	1352	11	0
1352	1352	12	1
1352	1352	13	0
1352	1352	14	0
1352	1352	15	2
1352	1352	16	0
1352	1352	17	1
1352	1352	18	0
1352	1352	19	1
1352	1352	20	0
1352	1352	21	1
1352	1352	22	2
1352	1352	23	1
1352	1352	24	0
1352	1352	25	0
1352	1352	26	2
1352	1352	27	1
1352	1352	28	1
1352	1352	29	5
1352	1352	30	1
1352	1352	31	3
1352	1352	32	3
1352	1352	33	3
1352	1352	34	6
1352	1352	35	6
1352	1352	36	4
1352	1352	37	0
1353	1353	0	0
1353	1353	1	0
1353	1353	2	0
1353	1353	3	0
1353	1353	4	0
1353	1353	5	0
1353	1353	6	0
1353	1353	7	0
1353	1353	8	0
1353	1353	9	2
1353	1353	10	0
1353	1353	11	0
1353	1353	12	0
1353	1353	13	0
1353	1353	14	1
1353	1353	15	1
1353	1353	16	4
1353	1353	17	0
1353	1353	18	0
1353	1353	19	2
1353	1353	20	0
1353	1353	21	0
1353	1353	22	1
1353	1353	23	0
1353	1353	24	1
1353	1353	25	0
1353	1353	26	0
1353	1353	27	3
1353	1353	28	3
1353	1353	29	1
1353	1353	30	2
1353	1353	31	8
1353	1353	32	0
1353	1353	33	0
1353	1353	34	6
1353	1353	35	4
1353	1353	36	1
1353	1353	37	6
1354	1354	0	0
1354	1354	1	0
1354	1354	2	0
1354	1354	3	0
1354	1354	4	0
1354	1354	5	0
1354	1354	6	0
1354	1354	7	0
1354	1354	8	0
1354	1354	9	0
1354	1354	10	0
1354	1354	11	1
1354	1354	12	0
1354	1354	13	0
1354	1354	14	0
1354	1354	15	0
1354	1354	16	1
1354	1354	17	0
1354	1354	18	0
1354	1354	19	2
1354	1354	20	0
1354	1354	21	0
1354	1354	22	0
1354	1354	23	0
1354	1354	24	0
1354	1354	25	0
1354	1354	26	1
1354	1354	27	0
1354	1354	28	0
1354	1354	29	0
1354	1354	30	0
1354	1354	31	4
1354	1354	32	4
1354	1354	33	0
1354	1354	34	0
1354	1354	35	0
1354	1354	36	0
1354	1354	37	0
1355	1355	0	0
1355	1355	1	0
1355	1355	2	0
1355	1355	3	0
1355	1355	4	0
1355	1355	5	0
1355	1355	6	0
1355	1355	7	0
1355	1355	8	0
1355	1355	9	2
1355	1355	10	0
1355	1355	11	3
1355	1355	12	0
1355	1355	13	0
1355	1355	14	1
1355	1355	15	3
1355	1355	16	1
1355	1355	17	1
1355	1355	18	1
1355	1355	19	1
1355	1355	20	0
1355	1355	21	0
1355	1355	22	0
1355	1355	23	0
1355	1355	24	0
1355	1355	25	4
1355	1355	26	0
1355	1355	27	0
1355	1355	28	0
1355	1355	29	0
1355	1355	30	0
1355	1355	31	0
1355	1355	32	7
1355	1355	33	1
1355	1355	34	0
1355	1355	35	0
1355	1355	36	5
1355	1355	37	2
1356	1356	0	0
1356	1356	1	0
1356	1356	2	3
1356	1356	3	0
1356	1356	4	0
1356	1356	5	0
1356	1356	6	0
1356	1356	7	0
1356	1356	8	0
1356	1356	9	0
1356	1356	10	1
1356	1356	11	2
1356	1356	12	0
1356	1356	13	0
1356	1356	14	0
1356	1356	15	0
1356	1356	16	2
1356	1356	17	0
1356	1356	18	1
1356	1356	19	0
1356	1356	20	0
1356	1356	21	1
1356	1356	22	4
1356	1356	23	1
1356	1356	24	0
1356	1356	25	2
1356	1356	26	0
1356	1356	27	0
1356	1356	28	2
1356	1356	29	2
1356	1356	30	6
1356	1356	31	3
1356	1356	32	1
1356	1356	33	2
1356	1356	34	0
1356	1356	35	2
1356	1356	36	3
1356	1356	37	3
1357	1357	0	0
1357	1357	1	3
1357	1357	2	0
1357	1357	3	0
1357	1357	4	0
1357	1357	5	2
1357	1357	6	0
1357	1357	7	0
1357	1357	8	1
1357	1357	9	1
1357	1357	10	0
1357	1357	11	0
1357	1357	12	1
1357	1357	13	0
1357	1357	14	2
1357	1357	15	0
1357	1357	16	3
1357	1357	17	0
1357	1357	18	0
1357	1357	19	0
1357	1357	20	0
1357	1357	21	0
1357	1357	22	1
1357	1357	23	0
1357	1357	24	0
1357	1357	25	0
1357	1357	26	0
1357	1357	27	3
1357	1357	28	0
1357	1357	29	0
1357	1357	30	0
1357	1357	31	2
1357	1357	32	1
1357	1357	33	0
1357	1357	34	0
1357	1357	35	0
1357	1357	36	1
1357	1357	37	0
1358	1358	0	0
1358	1358	1	0
1358	1358	2	0
1358	1358	3	0
1358	1358	4	0
1358	1358	5	0
1358	1358	6	0
1358	1358	7	0
1358	1358	8	0
1358	1358	9	0
1358	1358	10	0
1358	1358	11	1
1358	1358	12	0
1358	1358	13	0
1358	1358	14	0
1358	1358	15	0
1358	1358	16	2
1358	1358	17	2
1358	1358	18	0
1358	1358	19	1
1358	1358	20	0
1358	1358	21	0
1358	1358	22	2
1358	1358	23	0
1358	1358	24	0
1358	1358	25	2
1358	1358	26	0
1358	1358	27	0
1358	1358	28	0
1358	1358	29	0
1358	1358	30	1
1358	1358	31	1
1358	1358	32	0
1358	1358	33	0
1358	1358	34	0
1358	1358	35	2
1358	1358	36	2
1358	1358	37	6
1359	1359	0	0
1359	1359	1	0
1359	1359	2	0
1359	1359	3	0
1359	1359	4	0
1359	1359	5	0
1359	1359	6	0
1359	1359	7	1
1359	1359	8	0
1359	1359	9	0
1359	1359	10	0
1359	1359	11	5
1359	1359	12	0
1359	1359	13	0
1359	1359	14	1
1359	1359	15	0
1359	1359	16	0
1359	1359	17	0
1359	1359	18	0
1359	1359	19	0
1359	1359	20	0
1359	1359	21	0
1359	1359	22	2
1359	1359	23	3
1359	1359	24	0
1359	1359	25	7
1359	1359	26	0
1359	1359	27	0
1359	1359	28	1
1359	1359	29	0
1359	1359	30	3
1359	1359	31	1
1359	1359	32	2
1359	1359	33	0
1359	1359	34	4
1359	1359	35	2
1359	1359	36	0
1359	1359	37	4
1360	1360	0	0
1360	1360	1	0
1360	1360	2	0
1360	1360	3	0
1360	1360	4	0
1360	1360	5	0
1360	1360	6	0
1360	1360	7	0
1360	1360	8	0
1360	1360	9	0
1360	1360	10	0
1360	1360	11	0
1360	1360	12	0
1360	1360	13	0
1360	1360	14	0
1360	1360	15	0
1360	1360	16	0
1360	1360	17	1
1360	1360	18	0
1360	1360	19	1
1360	1360	20	0
1360	1360	21	0
1360	1360	22	0
1360	1360	23	1
1360	1360	24	0
1360	1360	25	0
1360	1360	26	0
1360	1360	27	2
1360	1360	28	0
1360	1360	29	0
1360	1360	30	0
1360	1360	31	3
1360	1360	32	1
1360	1360	33	1
1360	1360	34	5
1360	1360	35	0
1360	1360	36	0
1360	1360	37	0
1361	1361	0	0
1361	1361	1	0
1361	1361	2	0
1361	1361	3	0
1361	1361	4	0
1361	1361	5	0
1361	1361	6	0
1361	1361	7	0
1361	1361	8	0
1361	1361	9	0
1361	1361	10	0
1361	1361	11	0
1361	1361	12	0
1361	1361	13	0
1361	1361	14	0
1361	1361	15	0
1361	1361	16	1
1361	1361	17	0
1361	1361	18	1
1361	1361	19	0
1361	1361	20	3
1361	1361	21	2
1361	1361	22	1
1361	1361	23	1
1361	1361	24	0
1361	1361	25	0
1361	1361	26	0
1361	1361	27	0
1361	1361	28	1
1361	1361	29	0
1361	1361	30	3
1361	1361	31	3
1361	1361	32	0
1361	1361	33	0
1361	1361	34	4
1361	1361	35	0
1361	1361	36	1
1361	1361	37	2
1362	1362	0	0
1362	1362	1	0
1362	1362	2	0
1362	1362	3	0
1362	1362	4	0
1362	1362	5	0
1362	1362	6	0
1362	1362	7	0
1362	1362	8	0
1362	1362	9	0
1362	1362	10	0
1362	1362	11	1
1362	1362	12	0
1362	1362	13	3
1362	1362	14	0
1362	1362	15	4
1362	1362	16	0
1362	1362	17	0
1362	1362	18	0
1362	1362	19	0
1362	1362	20	0
1362	1362	21	0
1362	1362	22	1
1362	1362	23	0
1362	1362	24	1
1362	1362	25	0
1362	1362	26	0
1362	1362	27	1
1362	1362	28	0
1362	1362	29	0
1362	1362	30	0
1362	1362	31	0
1362	1362	32	1
1362	1362	33	1
1362	1362	34	0
1362	1362	35	0
1362	1362	36	0
1362	1362	37	1
1363	1363	0	0
1363	1363	1	0
1363	1363	2	0
1363	1363	3	0
1363	1363	4	0
1363	1363	5	0
1363	1363	6	0
1363	1363	7	0
1363	1363	8	0
1363	1363	9	0
1363	1363	10	0
1363	1363	11	0
1363	1363	12	0
1363	1363	13	0
1363	1363	14	0
1363	1363	15	0
1363	1363	16	0
1363	1363	17	0
1363	1363	18	0
1363	1363	19	0
1363	1363	20	0
1363	1363	21	0
1363	1363	22	0
1363	1363	23	0
1363	1363	24	0
1363	1363	25	1
1363	1363	26	2
1363	1363	27	0
1363	1363	28	0
1363	1363	29	2
1363	1363	30	1
1363	1363	31	0
1363	1363	32	0
1363	1363	33	0
1363	1363	34	0
1363	1363	35	0
1363	1363	36	2
1363	1363	37	3
1364	1364	0	0
1364	1364	1	0
1364	1364	2	0
1364	1364	3	0
1364	1364	4	0
1364	1364	5	0
1364	1364	6	0
1364	1364	7	0
1364	1364	8	0
1364	1364	9	0
1364	1364	10	0
1364	1364	11	0
1364	1364	12	0
1364	1364	13	0
1364	1364	14	0
1364	1364	15	0
1364	1364	16	0
1364	1364	17	0
1364	1364	18	0
1364	1364	19	0
1364	1364	20	0
1364	1364	21	0
1364	1364	22	0
1364	1364	23	0
1364	1364	24	0
1364	1364	25	0
1364	1364	26	0
1364	1364	27	0
1364	1364	28	0
1364	1364	29	3
1364	1364	30	0
1364	1364	31	0
1364	1364	32	0
1364	1364	33	2
1364	1364	34	0
1364	1364	35	0
1364	1364	36	0
1364	1364	37	0
1365	1365	0	0
1365	1365	1	0
1365	1365	2	0
1365	1365	3	0
1365	1365	4	0
1365	1365	5	0
1365	1365	6	0
1365	1365	7	0
1365	1365	8	0
1365	1365	9	0
1365	1365	10	0
1365	1365	11	0
1365	1365	12	0
1365	1365	13	0
1365	1365	14	0
1365	1365	15	0
1365	1365	16	4
1365	1365	17	0
1365	1365	18	0
1365	1365	19	0
1365	1365	20	0
1365	1365	21	0
1365	1365	22	0
1365	1365	23	4
1365	1365	24	0
1365	1365	25	0
1365	1365	26	0
1365	1365	27	0
1365	1365	28	1
1365	1365	29	1
1365	1365	30	0
1365	1365	31	2
1365	1365	32	0
1365	1365	33	0
1365	1365	34	2
1365	1365	35	0
1365	1365	36	1
1365	1365	37	1
1366	1366	0	0
1366	1366	1	0
1366	1366	2	0
1366	1366	3	0
1366	1366	4	0
1366	1366	5	0
1366	1366	6	0
1366	1366	7	0
1366	1366	8	1
1366	1366	9	0
1366	1366	10	0
1366	1366	11	3
1366	1366	12	0
1366	1366	13	0
1366	1366	14	0
1366	1366	15	0
1366	1366	16	0
1366	1366	17	0
1366	1366	18	2
1366	1366	19	0
1366	1366	20	0
1366	1366	21	0
1366	1366	22	0
1366	1366	23	0
1366	1366	24	0
1366	1366	25	0
1366	1366	26	0
1366	1366	27	1
1366	1366	28	2
1366	1366	29	1
1366	1366	30	4
1366	1366	31	0
1366	1366	32	1
1366	1366	33	0
1366	1366	34	2
1366	1366	35	0
1366	1366	36	1
1366	1366	37	1
1367	1367	0	0
1367	1367	1	0
1367	1367	2	0
1367	1367	3	0
1367	1367	4	0
1367	1367	5	0
1367	1367	6	0
1367	1367	7	0
1367	1367	8	0
1367	1367	9	0
1367	1367	10	0
1367	1367	11	0
1367	1367	12	0
1367	1367	13	0
1367	1367	14	0
1367	1367	15	0
1367	1367	16	0
1367	1367	17	0
1367	1367	18	0
1367	1367	19	0
1367	1367	20	0
1367	1367	21	1
1367	1367	22	0
1367	1367	23	0
1367	1367	24	0
1367	1367	25	0
1367	1367	26	0
1367	1367	27	2
1367	1367	28	0
1367	1367	29	0
1367	1367	30	0
1367	1367	31	0
1367	1367	32	0
1367	1367	33	0
1367	1367	34	0
1367	1367	35	0
1367	1367	36	1
1367	1367	37	0
1368	1368	0	0
1368	1368	1	0
1368	1368	2	1
1368	1368	3	0
1368	1368	4	0
1368	1368	5	0
1368	1368	6	0
1368	1368	7	0
1368	1368	8	0
1368	1368	9	0
1368	1368	10	0
1368	1368	11	0
1368	1368	12	0
1368	1368	13	0
1368	1368	14	0
1368	1368	15	0
1368	1368	16	0
1368	1368	17	0
1368	1368	18	0
1368	1368	19	0
1368	1368	20	0
1368	1368	21	0
1368	1368	22	1
1368	1368	23	1
1368	1368	24	0
1368	1368	25	0
1368	1368	26	0
1368	1368	27	0
1368	1368	28	0
1368	1368	29	1
1368	1368	30	0
1368	1368	31	0
1368	1368	32	2
1368	1368	33	0
1368	1368	34	0
1368	1368	35	0
1368	1368	36	0
1368	1368	37	0
1369	1369	0	0
1369	1369	1	0
1369	1369	2	0
1369	1369	3	0
1369	1369	4	0
1369	1369	5	0
1369	1369	6	0
1369	1369	7	0
1369	1369	8	2
1369	1369	9	0
1369	1369	10	0
1369	1369	11	0
1369	1369	12	0
1369	1369	13	0
1369	1369	14	0
1369	1369	15	0
1369	1369	16	0
1369	1369	17	0
1369	1369	18	0
1369	1369	19	0
1369	1369	20	0
1369	1369	21	0
1369	1369	22	0
1369	1369	23	0
1369	1369	24	0
1369	1369	25	0
1369	1369	26	0
1369	1369	27	0
1369	1369	28	0
1369	1369	29	0
1369	1369	30	0
1369	1369	31	0
1369	1369	32	0
1369	1369	33	0
1369	1369	34	0
1369	1369	35	0
1369	1369	36	0
1369	1369	37	0
1370	1370	0	0
1370	1370	1	0
1370	1370	2	0
1370	1370	3	0
1370	1370	4	0
1370	1370	5	0
1370	1370	6	0
1370	1370	7	0
1370	1370	8	0
1370	1370	9	0
1370	1370	10	2
1370	1370	11	0
1370	1370	12	0
1370	1370	13	0
1370	1370	14	0
1370	1370	15	0
1370	1370	16	0
1370	1370	17	0
1370	1370	18	0
1370	1370	19	0
1370	1370	20	0
1370	1370	21	0
1370	1370	22	0
1370	1370	23	0
1370	1370	24	0
1370	1370	25	0
1370	1370	26	0
1370	1370	27	0
1370	1370	28	0
1370	1370	29	0
1370	1370	30	0
1370	1370	31	0
1370	1370	32	0
1370	1370	33	0
1370	1370	34	0
1370	1370	35	0
1370	1370	36	0
1370	1370	37	0
1371	1371	0	0
1371	1371	1	0
1371	1371	2	0
1371	1371	3	0
1371	1371	4	0
1371	1371	5	0
1371	1371	6	0
1371	1371	7	0
1371	1371	8	0
1371	1371	9	0
1371	1371	10	0
1371	1371	11	0
1371	1371	12	0
1371	1371	13	0
1371	1371	14	0
1371	1371	15	0
1371	1371	16	0
1371	1371	17	0
1371	1371	18	0
1371	1371	19	0
1371	1371	20	0
1371	1371	21	0
1371	1371	22	0
1371	1371	23	0
1371	1371	24	0
1371	1371	25	0
1371	1371	26	0
1371	1371	27	0
1371	1371	28	0
1371	1371	29	1
1371	1371	30	0
1371	1371	31	0
1371	1371	32	0
1371	1371	33	0
1371	1371	34	0
1371	1371	35	0
1371	1371	36	0
1371	1371	37	0
1372	1372	0	0
1372	1372	1	0
1372	1372	2	3
1372	1372	3	0
1372	1372	4	0
1372	1372	5	0
1372	1372	6	0
1372	1372	7	0
1372	1372	8	0
1372	1372	9	0
1372	1372	10	1
1372	1372	11	0
1372	1372	12	0
1372	1372	13	0
1372	1372	14	0
1372	1372	15	0
1372	1372	16	1
1372	1372	17	1
1372	1372	18	1
1372	1372	19	0
1372	1372	20	3
1372	1372	21	3
1372	1372	22	0
1372	1372	23	0
1372	1372	24	0
1372	1372	25	1
1372	1372	26	0
1372	1372	27	0
1372	1372	28	0
1372	1372	29	2
1372	1372	30	0
1372	1372	31	1
1372	1372	32	0
1372	1372	33	1
1372	1372	34	3
1372	1372	35	0
1372	1372	36	0
1372	1372	37	0
1373	1373	0	0
1373	1373	1	0
1373	1373	2	0
1373	1373	3	0
1373	1373	4	0
1373	1373	5	0
1373	1373	6	0
1373	1373	7	0
1373	1373	8	0
1373	1373	9	0
1373	1373	10	0
1373	1373	11	0
1373	1373	12	0
1373	1373	13	0
1373	1373	14	1
1373	1373	15	0
1373	1373	16	0
1373	1373	17	0
1373	1373	18	0
1373	1373	19	0
1373	1373	20	1
1373	1373	21	0
1373	1373	22	0
1373	1373	23	0
1373	1373	24	0
1373	1373	25	1
1373	1373	26	0
1373	1373	27	0
1373	1373	28	0
1373	1373	29	0
1373	1373	30	0
1373	1373	31	0
1373	1373	32	0
1373	1373	33	5
1373	1373	34	0
1373	1373	35	0
1373	1373	36	0
1373	1373	37	0
1374	1374	0	0
1374	1374	1	0
1374	1374	2	0
1374	1374	3	0
1374	1374	4	0
1374	1374	5	0
1374	1374	6	0
1374	1374	7	0
1374	1374	8	0
1374	1374	9	0
1374	1374	10	3
1374	1374	11	0
1374	1374	12	0
1374	1374	13	0
1374	1374	14	0
1374	1374	15	0
1374	1374	16	0
1374	1374	17	1
1374	1374	18	0
1374	1374	19	0
1374	1374	20	0
1374	1374	21	0
1374	1374	22	0
1374	1374	23	0
1374	1374	24	0
1374	1374	25	0
1374	1374	26	0
1374	1374	27	0
1374	1374	28	0
1374	1374	29	0
1374	1374	30	2
1374	1374	31	0
1374	1374	32	0
1374	1374	33	0
1374	1374	34	0
1374	1374	35	4
1374	1374	36	2
1374	1374	37	0
1375	1375	0	0
1375	1375	1	0
1375	1375	2	1
1375	1375	3	0
1375	1375	4	0
1375	1375	5	0
1375	1375	6	0
1375	1375	7	0
1375	1375	8	1
1375	1375	9	0
1375	1375	10	0
1375	1375	11	0
1375	1375	12	0
1375	1375	13	2
1375	1375	14	0
1375	1375	15	1
1375	1375	16	0
1375	1375	17	0
1375	1375	18	0
1375	1375	19	2
1375	1375	20	1
1375	1375	21	4
1375	1375	22	0
1375	1375	23	1
1375	1375	24	1
1375	1375	25	0
1375	1375	26	0
1375	1375	27	1
1375	1375	28	0
1375	1375	29	3
1375	1375	30	1
1375	1375	31	0
1375	1375	32	0
1375	1375	33	0
1375	1375	34	4
1375	1375	35	1
1375	1375	36	1
1375	1375	37	1
1376	1376	0	0
1376	1376	1	0
1376	1376	2	0
1376	1376	3	0
1376	1376	4	0
1376	1376	5	2
1376	1376	6	0
1376	1376	7	0
1376	1376	8	0
1376	1376	9	0
1376	1376	10	0
1376	1376	11	0
1376	1376	12	0
1376	1376	13	0
1376	1376	14	0
1376	1376	15	5
1376	1376	16	0
1376	1376	17	0
1376	1376	18	0
1376	1376	19	0
1376	1376	20	0
1376	1376	21	0
1376	1376	22	0
1376	1376	23	0
1376	1376	24	0
1376	1376	25	0
1376	1376	26	0
1376	1376	27	0
1376	1376	28	0
1376	1376	29	0
1376	1376	30	0
1376	1376	31	0
1376	1376	32	0
1376	1376	33	0
1376	1376	34	0
1376	1376	35	1
1376	1376	36	0
1376	1376	37	0
1377	1377	0	0
1377	1377	1	0
1377	1377	2	0
1377	1377	3	0
1377	1377	4	1
1377	1377	5	0
1377	1377	6	1
1377	1377	7	0
1377	1377	8	0
1377	1377	9	0
1377	1377	10	0
1377	1377	11	0
1377	1377	12	0
1377	1377	13	0
1377	1377	14	0
1377	1377	15	0
1377	1377	16	0
1377	1377	17	2
1377	1377	18	0
1377	1377	19	0
1377	1377	20	0
1377	1377	21	0
1377	1377	22	4
1377	1377	23	0
1377	1377	24	0
1377	1377	25	0
1377	1377	26	0
1377	1377	27	0
1377	1377	28	0
1377	1377	29	0
1377	1377	30	0
1377	1377	31	0
1377	1377	32	0
1377	1377	33	0
1377	1377	34	1
1377	1377	35	0
1377	1377	36	0
1377	1377	37	0
1378	1378	0	0
1378	1378	1	0
1378	1378	2	0
1378	1378	3	0
1378	1378	4	1
1378	1378	5	0
1378	1378	6	0
1378	1378	7	0
1378	1378	8	0
1378	1378	9	1
1378	1378	10	2
1378	1378	11	0
1378	1378	12	0
1378	1378	13	0
1378	1378	14	2
1378	1378	15	2
1378	1378	16	0
1378	1378	17	0
1378	1378	18	0
1378	1378	19	0
1378	1378	20	0
1378	1378	21	0
1378	1378	22	1
1378	1378	23	1
1378	1378	24	0
1378	1378	25	0
1378	1378	26	0
1378	1378	27	0
1378	1378	28	0
1378	1378	29	1
1378	1378	30	0
1378	1378	31	0
1378	1378	32	0
1378	1378	33	0
1378	1378	34	0
1378	1378	35	0
1378	1378	36	0
1378	1378	37	0
1379	1379	0	0
1379	1379	1	0
1379	1379	2	0
1379	1379	3	0
1379	1379	4	0
1379	1379	5	0
1379	1379	6	0
1379	1379	7	0
1379	1379	8	0
1379	1379	9	0
1379	1379	10	0
1379	1379	11	0
1379	1379	12	0
1379	1379	13	0
1379	1379	14	0
1379	1379	15	1
1379	1379	16	0
1379	1379	17	0
1379	1379	18	1
1379	1379	19	0
1379	1379	20	0
1379	1379	21	0
1379	1379	22	0
1379	1379	23	1
1379	1379	24	0
1379	1379	25	0
1379	1379	26	0
1379	1379	27	0
1379	1379	28	0
1379	1379	29	0
1379	1379	30	0
1379	1379	31	2
1379	1379	32	0
1379	1379	33	1
1379	1379	34	1
1379	1379	35	0
1379	1379	36	0
1379	1379	37	0
1380	1380	0	0
1380	1380	1	0
1380	1380	2	0
1380	1380	3	0
1380	1380	4	0
1380	1380	5	3
1380	1380	6	0
1380	1380	7	0
1380	1380	8	3
1380	1380	9	0
1380	1380	10	2
1380	1380	11	0
1380	1380	12	1
1380	1380	13	0
1380	1380	14	0
1380	1380	15	1
1380	1380	16	0
1380	1380	17	1
1380	1380	18	0
1380	1380	19	0
1380	1380	20	0
1380	1380	21	0
1380	1380	22	0
1380	1380	23	1
1380	1380	24	0
1380	1380	25	0
1380	1380	26	0
1380	1380	27	1
1380	1380	28	2
1380	1380	29	1
1380	1380	30	0
1380	1380	31	0
1380	1380	32	2
1380	1380	33	2
1380	1380	34	0
1380	1380	35	2
1380	1380	36	1
1380	1380	37	0
1381	1381	0	0
1381	1381	1	0
1381	1381	2	0
1381	1381	3	0
1381	1381	4	0
1381	1381	5	0
1381	1381	6	0
1381	1381	7	0
1381	1381	8	0
1381	1381	9	0
1381	1381	10	3
1381	1381	11	0
1381	1381	12	0
1381	1381	13	0
1381	1381	14	0
1381	1381	15	0
1381	1381	16	0
1381	1381	17	0
1381	1381	18	0
1381	1381	19	0
1381	1381	20	0
1381	1381	21	0
1381	1381	22	0
1381	1381	23	0
1381	1381	24	0
1381	1381	25	0
1381	1381	26	0
1381	1381	27	0
1381	1381	28	0
1381	1381	29	0
1381	1381	30	0
1381	1381	31	0
1381	1381	32	0
1381	1381	33	0
1381	1381	34	0
1381	1381	35	0
1381	1381	36	0
1381	1381	37	0
1382	1382	0	0
1382	1382	1	0
1382	1382	2	0
1382	1382	3	0
1382	1382	4	0
1382	1382	5	0
1382	1382	6	0
1382	1382	7	0
1382	1382	8	0
1382	1382	9	0
1382	1382	10	0
1382	1382	11	0
1382	1382	12	0
1382	1382	13	0
1382	1382	14	0
1382	1382	15	0
1382	1382	16	0
1382	1382	17	0
1382	1382	18	0
1382	1382	19	0
1382	1382	20	0
1382	1382	21	0
1382	1382	22	0
1382	1382	23	0
1382	1382	24	0
1382	1382	25	0
1382	1382	26	0
1382	1382	27	0
1382	1382	28	0
1382	1382	29	0
1382	1382	30	0
1382	1382	31	0
1382	1382	32	0
1382	1382	33	0
1382	1382	34	0
1382	1382	35	0
1382	1382	36	0
1382	1382	37	0
1383	1383	0	0
1383	1383	1	0
1383	1383	2	0
1383	1383	3	0
1383	1383	4	0
1383	1383	5	0
1383	1383	6	0
1383	1383	7	0
1383	1383	8	0
1383	1383	9	0
1383	1383	10	0
1383	1383	11	0
1383	1383	12	0
1383	1383	13	0
1383	1383	14	0
1383	1383	15	0
1383	1383	16	0
1383	1383	17	0
1383	1383	18	0
1383	1383	19	0
1383	1383	20	0
1383	1383	21	0
1383	1383	22	0
1383	1383	23	0
1383	1383	24	0
1383	1383	25	0
1383	1383	26	0
1383	1383	27	0
1383	1383	28	0
1383	1383	29	0
1383	1383	30	0
1383	1383	31	0
1383	1383	32	0
1383	1383	33	0
1383	1383	34	0
1383	1383	35	0
1383	1383	36	0
1383	1383	37	0
1384	1384	0	0
1384	1384	1	1
1384	1384	2	0
1384	1384	3	0
1384	1384	4	0
1384	1384	5	0
1384	1384	6	0
1384	1384	7	1
1384	1384	8	0
1384	1384	9	0
1384	1384	10	0
1384	1384	11	0
1384	1384	12	0
1384	1384	13	0
1384	1384	14	0
1384	1384	15	0
1384	1384	16	0
1384	1384	17	0
1384	1384	18	0
1384	1384	19	0
1384	1384	20	0
1384	1384	21	0
1384	1384	22	0
1384	1384	23	0
1384	1384	24	0
1384	1384	25	0
1384	1384	26	0
1384	1384	27	0
1384	1384	28	0
1384	1384	29	0
1384	1384	30	0
1384	1384	31	0
1384	1384	32	0
1384	1384	33	0
1384	1384	34	0
1384	1384	35	0
1384	1384	36	0
1384	1384	37	0
1385	1385	0	0
1385	1385	1	1
1385	1385	2	0
1385	1385	3	0
1385	1385	4	0
1385	1385	5	0
1385	1385	6	0
1385	1385	7	0
1385	1385	8	0
1385	1385	9	0
1385	1385	10	0
1385	1385	11	0
1385	1385	12	0
1385	1385	13	0
1385	1385	14	0
1385	1385	15	0
1385	1385	16	0
1385	1385	17	0
1385	1385	18	0
1385	1385	19	0
1385	1385	20	0
1385	1385	21	0
1385	1385	22	0
1385	1385	23	0
1385	1385	24	0
1385	1385	25	0
1385	1385	26	0
1385	1385	27	0
1385	1385	28	0
1385	1385	29	0
1385	1385	30	0
1385	1385	31	0
1385	1385	32	0
1385	1385	33	0
1385	1385	34	4
1385	1385	35	2
1385	1385	36	0
1385	1385	37	0
1386	1386	0	0
1386	1386	1	1
1386	1386	2	1
1386	1386	3	0
1386	1386	4	0
1386	1386	5	0
1386	1386	6	0
1386	1386	7	1
1386	1386	8	1
1386	1386	9	0
1386	1386	10	0
1386	1386	11	0
1386	1386	12	0
1386	1386	13	0
1386	1386	14	1
1386	1386	15	2
1386	1386	16	0
1386	1386	17	0
1386	1386	18	2
1386	1386	19	0
1386	1386	20	1
1386	1386	21	0
1386	1386	22	0
1386	1386	23	0
1386	1386	24	2
1386	1386	25	1
1386	1386	26	0
1386	1386	27	0
1386	1386	28	0
1386	1386	29	0
1386	1386	30	0
1386	1386	31	0
1386	1386	32	1
1386	1386	33	0
1386	1386	34	0
1386	1386	35	0
1386	1386	36	1
1386	1386	37	3
1387	1387	0	0
1387	1387	1	1
1387	1387	2	0
1387	1387	3	0
1387	1387	4	0
1387	1387	5	0
1387	1387	6	0
1387	1387	7	0
1387	1387	8	0
1387	1387	9	0
1387	1387	10	0
1387	1387	11	0
1387	1387	12	0
1387	1387	13	0
1387	1387	14	0
1387	1387	15	0
1387	1387	16	0
1387	1387	17	0
1387	1387	18	3
1387	1387	19	0
1387	1387	20	0
1387	1387	21	1
1387	1387	22	0
1387	1387	23	0
1387	1387	24	0
1387	1387	25	0
1387	1387	26	0
1387	1387	27	1
1387	1387	28	0
1387	1387	29	0
1387	1387	30	0
1387	1387	31	0
1387	1387	32	2
1387	1387	33	0
1387	1387	34	0
1387	1387	35	0
1387	1387	36	2
1387	1387	37	0
1388	1388	0	0
1388	1388	1	0
1388	1388	2	0
1388	1388	3	0
1388	1388	4	0
1388	1388	5	0
1388	1388	6	0
1388	1388	7	0
1388	1388	8	0
1388	1388	9	0
1388	1388	10	0
1388	1388	11	2
1388	1388	12	0
1388	1388	13	0
1388	1388	14	0
1388	1388	15	0
1388	1388	16	0
1388	1388	17	0
1388	1388	18	0
1388	1388	19	0
1388	1388	20	0
1388	1388	21	0
1388	1388	22	0
1388	1388	23	0
1388	1388	24	0
1388	1388	25	0
1388	1388	26	0
1388	1388	27	0
1388	1388	28	0
1388	1388	29	0
1388	1388	30	2
1388	1388	31	0
1388	1388	32	0
1388	1388	33	0
1388	1388	34	0
1388	1388	35	0
1388	1388	36	0
1388	1388	37	0
1389	1389	0	0
1389	1389	1	0
1389	1389	2	0
1389	1389	3	0
1389	1389	4	0
1389	1389	5	0
1389	1389	6	0
1389	1389	7	0
1389	1389	8	0
1389	1389	9	0
1389	1389	10	0
1389	1389	11	0
1389	1389	12	0
1389	1389	13	0
1389	1389	14	3
1389	1389	15	0
1389	1389	16	0
1389	1389	17	0
1389	1389	18	0
1389	1389	19	0
1389	1389	20	0
1389	1389	21	0
1389	1389	22	0
1389	1389	23	0
1389	1389	24	0
1389	1389	25	0
1389	1389	26	0
1389	1389	27	0
1389	1389	28	0
1389	1389	29	0
1389	1389	30	0
1389	1389	31	0
1389	1389	32	0
1389	1389	33	0
1389	1389	34	0
1389	1389	35	0
1389	1389	36	2
1389	1389	37	0
1390	1390	0	0
1390	1390	1	0
1390	1390	2	0
1390	1390	3	0
1390	1390	4	0
1390	1390	5	0
1390	1390	6	1
1390	1390	7	0
1390	1390	8	0
1390	1390	9	0
1390	1390	10	0
1390	1390	11	0
1390	1390	12	0
1390	1390	13	0
1390	1390	14	0
1390	1390	15	0
1390	1390	16	0
1390	1390	17	0
1390	1390	18	0
1390	1390	19	0
1390	1390	20	0
1390	1390	21	0
1390	1390	22	0
1390	1390	23	0
1390	1390	24	0
1390	1390	25	0
1390	1390	26	0
1390	1390	27	0
1390	1390	28	0
1390	1390	29	0
1390	1390	30	0
1390	1390	31	0
1390	1390	32	0
1390	1390	33	0
1390	1390	34	0
1390	1390	35	0
1390	1390	36	0
1390	1390	37	0
1391	1391	0	0
1391	1391	1	0
1391	1391	2	0
1391	1391	3	0
1391	1391	4	0
1391	1391	5	0
1391	1391	6	0
1391	1391	7	0
1391	1391	8	0
1391	1391	9	2
1391	1391	10	0
1391	1391	11	0
1391	1391	12	0
1391	1391	13	0
1391	1391	14	0
1391	1391	15	0
1391	1391	16	0
1391	1391	17	0
1391	1391	18	0
1391	1391	19	0
1391	1391	20	0
1391	1391	21	0
1391	1391	22	0
1391	1391	23	0
1391	1391	24	0
1391	1391	25	0
1391	1391	26	0
1391	1391	27	0
1391	1391	28	0
1391	1391	29	0
1391	1391	30	0
1391	1391	31	0
1391	1391	32	0
1391	1391	33	0
1391	1391	34	0
1391	1391	35	0
1391	1391	36	0
1391	1391	37	0
1392	1392	0	0
1392	1392	1	0
1392	1392	2	0
1392	1392	3	0
1392	1392	4	0
1392	1392	5	0
1392	1392	6	0
1392	1392	7	0
1392	1392	8	0
1392	1392	9	0
1392	1392	10	0
1392	1392	11	1
1392	1392	12	0
1392	1392	13	0
1392	1392	14	0
1392	1392	15	0
1392	1392	16	0
1392	1392	17	0
1392	1392	18	0
1392	1392	19	0
1392	1392	20	0
1392	1392	21	0
1392	1392	22	0
1392	1392	23	0
1392	1392	24	0
1392	1392	25	0
1392	1392	26	3
1392	1392	27	0
1392	1392	28	0
1392	1392	29	0
1392	1392	30	0
1392	1392	31	0
1392	1392	32	0
1392	1392	33	0
1392	1392	34	0
1392	1392	35	0
1392	1392	36	0
1392	1392	37	0
1393	1393	0	0
1393	1393	1	0
1393	1393	2	1
1393	1393	3	0
1393	1393	4	0
1393	1393	5	0
1393	1393	6	0
1393	1393	7	0
1393	1393	8	0
1393	1393	9	0
1393	1393	10	0
1393	1393	11	0
1393	1393	12	0
1393	1393	13	0
1393	1393	14	0
1393	1393	15	0
1393	1393	16	0
1393	1393	17	0
1393	1393	18	0
1393	1393	19	0
1393	1393	20	0
1393	1393	21	0
1393	1393	22	0
1393	1393	23	0
1393	1393	24	0
1393	1393	25	0
1393	1393	26	0
1393	1393	27	0
1393	1393	28	0
1393	1393	29	0
1393	1393	30	0
1393	1393	31	0
1393	1393	32	0
1393	1393	33	0
1393	1393	34	0
1393	1393	35	0
1393	1393	36	0
1393	1393	37	0
1394	1394	0	0
1394	1394	1	0
1394	1394	2	0
1394	1394	3	0
1394	1394	4	0
1394	1394	5	0
1394	1394	6	0
1394	1394	7	0
1394	1394	8	0
1394	1394	9	0
1394	1394	10	0
1394	1394	11	0
1394	1394	12	0
1394	1394	13	0
1394	1394	14	0
1394	1394	15	0
1394	1394	16	0
1394	1394	17	0
1394	1394	18	0
1394	1394	19	0
1394	1394	20	0
1394	1394	21	0
1394	1394	22	0
1394	1394	23	0
1394	1394	24	0
1394	1394	25	0
1394	1394	26	0
1394	1394	27	0
1394	1394	28	0
1394	1394	29	0
1394	1394	30	0
1394	1394	31	0
1394	1394	32	0
1394	1394	33	0
1394	1394	34	0
1394	1394	35	0
1394	1394	36	0
1394	1394	37	0
1395	1395	0	0
1395	1395	1	0
1395	1395	2	0
1395	1395	3	0
1395	1395	4	0
1395	1395	5	0
1395	1395	6	0
1395	1395	7	0
1395	1395	8	0
1395	1395	9	0
1395	1395	10	0
1395	1395	11	0
1395	1395	12	0
1395	1395	13	0
1395	1395	14	0
1395	1395	15	0
1395	1395	16	0
1395	1395	17	0
1395	1395	18	0
1395	1395	19	0
1395	1395	20	0
1395	1395	21	0
1395	1395	22	0
1395	1395	23	0
1395	1395	24	0
1395	1395	25	0
1395	1395	26	0
1395	1395	27	0
1395	1395	28	0
1395	1395	29	0
1395	1395	30	0
1395	1395	31	0
1395	1395	32	0
1395	1395	33	0
1395	1395	34	0
1395	1395	35	0
1395	1395	36	0
1395	1395	37	0
1396	1396	0	0
1396	1396	1	0
1396	1396	2	0
1396	1396	3	0
1396	1396	4	0
1396	1396	5	0
1396	1396	6	0
1396	1396	7	0
1396	1396	8	0
1396	1396	9	2
1396	1396	10	2
1396	1396	11	0
1396	1396	12	0
1396	1396	13	0
1396	1396	14	0
1396	1396	15	0
1396	1396	16	0
1396	1396	17	0
1396	1396	18	0
1396	1396	19	0
1396	1396	20	0
1396	1396	21	0
1396	1396	22	0
1396	1396	23	0
1396	1396	24	0
1396	1396	25	0
1396	1396	26	0
1396	1396	27	0
1396	1396	28	0
1396	1396	29	0
1396	1396	30	0
1396	1396	31	0
1396	1396	32	0
1396	1396	33	0
1396	1396	34	0
1396	1396	35	0
1396	1396	36	0
1396	1396	37	0
1397	1397	0	0
1397	1397	1	1
1397	1397	2	0
1397	1397	3	0
1397	1397	4	0
1397	1397	5	0
1397	1397	6	0
1397	1397	7	0
1397	1397	8	0
1397	1397	9	1
1397	1397	10	0
1397	1397	11	0
1397	1397	12	2
1397	1397	13	0
1397	1397	14	0
1397	1397	15	0
1397	1397	16	0
1397	1397	17	0
1397	1397	18	0
1397	1397	19	0
1397	1397	20	0
1397	1397	21	0
1397	1397	22	0
1397	1397	23	0
1397	1397	24	0
1397	1397	25	0
1397	1397	26	0
1397	1397	27	0
1397	1397	28	0
1397	1397	29	8
1397	1397	30	2
1397	1397	31	0
1397	1397	32	0
1397	1397	33	2
1397	1397	34	2
1397	1397	35	0
1397	1397	36	3
1397	1397	37	3
1398	1398	0	0
1398	1398	1	1
1398	1398	2	0
1398	1398	3	2
1398	1398	4	0
1398	1398	5	0
1398	1398	6	0
1398	1398	7	0
1398	1398	8	0
1398	1398	9	0
1398	1398	10	0
1398	1398	11	0
1398	1398	12	0
1398	1398	13	1
1398	1398	14	0
1398	1398	15	1
1398	1398	16	2
1398	1398	17	0
1398	1398	18	2
1398	1398	19	0
1398	1398	20	0
1398	1398	21	2
1398	1398	22	0
1398	1398	23	0
1398	1398	24	0
1398	1398	25	0
1398	1398	26	0
1398	1398	27	0
1398	1398	28	0
1398	1398	29	4
1398	1398	30	0
1398	1398	31	0
1398	1398	32	1
1398	1398	33	0
1398	1398	34	0
1398	1398	35	8
1398	1398	36	2
1398	1398	37	1
1399	1399	0	0
1399	1399	1	0
1399	1399	2	0
1399	1399	3	0
1399	1399	4	0
1399	1399	5	0
1399	1399	6	0
1399	1399	7	0
1399	1399	8	0
1399	1399	9	0
1399	1399	10	0
1399	1399	11	0
1399	1399	12	0
1399	1399	13	0
1399	1399	14	0
1399	1399	15	0
1399	1399	16	0
1399	1399	17	0
1399	1399	18	2
1399	1399	19	0
1399	1399	20	0
1399	1399	21	0
1399	1399	22	1
1399	1399	23	0
1399	1399	24	0
1399	1399	25	0
1399	1399	26	0
1399	1399	27	0
1399	1399	28	1
1399	1399	29	0
1399	1399	30	0
1399	1399	31	0
1399	1399	32	0
1399	1399	33	0
1399	1399	34	0
1399	1399	35	0
1399	1399	36	0
1399	1399	37	0
1400	1400	0	0
1400	1400	1	2
1400	1400	2	0
1400	1400	3	0
1400	1400	4	2
1400	1400	5	0
1400	1400	6	0
1400	1400	7	0
1400	1400	8	0
1400	1400	9	0
1400	1400	10	0
1400	1400	11	0
1400	1400	12	0
1400	1400	13	2
1400	1400	14	0
1400	1400	15	0
1400	1400	16	0
1400	1400	17	0
1400	1400	18	0
1400	1400	19	0
1400	1400	20	0
1400	1400	21	0
1400	1400	22	0
1400	1400	23	0
1400	1400	24	0
1400	1400	25	0
1400	1400	26	0
1400	1400	27	0
1400	1400	28	0
1400	1400	29	0
1400	1400	30	0
1400	1400	31	0
1400	1400	32	0
1400	1400	33	0
1400	1400	34	0
1400	1400	35	0
1400	1400	36	0
1400	1400	37	0
1401	1401	0	0
1401	1401	1	0
1401	1401	2	0
1401	1401	3	0
1401	1401	4	0
1401	1401	5	0
1401	1401	6	0
1401	1401	7	0
1401	1401	8	3
1401	1401	9	0
1401	1401	10	0
1401	1401	11	0
1401	1401	12	0
1401	1401	13	1
1401	1401	14	2
1401	1401	15	0
1401	1401	16	0
1401	1401	17	0
1401	1401	18	0
1401	1401	19	0
1401	1401	20	0
1401	1401	21	0
1401	1401	22	0
1401	1401	23	0
1401	1401	24	0
1401	1401	25	0
1401	1401	26	0
1401	1401	27	0
1401	1401	28	0
1401	1401	29	0
1401	1401	30	0
1401	1401	31	0
1401	1401	32	0
1401	1401	33	0
1401	1401	34	0
1401	1401	35	0
1401	1401	36	0
1401	1401	37	0
1402	1402	0	0
1402	1402	1	0
1402	1402	2	0
1402	1402	3	0
1402	1402	4	0
1402	1402	5	0
1402	1402	6	2
1402	1402	7	0
1402	1402	8	0
1402	1402	9	0
1402	1402	10	0
1402	1402	11	1
1402	1402	12	0
1402	1402	13	0
1402	1402	14	0
1402	1402	15	0
1402	1402	16	0
1402	1402	17	0
1402	1402	18	0
1402	1402	19	1
1402	1402	20	1
1402	1402	21	0
1402	1402	22	0
1402	1402	23	0
1402	1402	24	3
1402	1402	25	0
1402	1402	26	0
1402	1402	27	0
1402	1402	28	2
1402	1402	29	0
1402	1402	30	1
1402	1402	31	0
1402	1402	32	0
1402	1402	33	1
1402	1402	34	0
1402	1402	35	0
1402	1402	36	2
1402	1402	37	4
1403	1403	0	0
1403	1403	1	0
1403	1403	2	0
1403	1403	3	0
1403	1403	4	0
1403	1403	5	2
1403	1403	6	0
1403	1403	7	0
1403	1403	8	0
1403	1403	9	1
1403	1403	10	0
1403	1403	11	0
1403	1403	12	0
1403	1403	13	0
1403	1403	14	0
1403	1403	15	0
1403	1403	16	2
1403	1403	17	0
1403	1403	18	0
1403	1403	19	0
1403	1403	20	2
1403	1403	21	6
1403	1403	22	7
1403	1403	23	1
1403	1403	24	0
1403	1403	25	5
1403	1403	26	2
1403	1403	27	8
1403	1403	28	3
1403	1403	29	2
1403	1403	30	2
1403	1403	31	6
1403	1403	32	4
1403	1403	33	6
1403	1403	34	6
1403	1403	35	8
1403	1403	36	7
1403	1403	37	7
1404	1404	0	0
1404	1404	1	0
1404	1404	2	2
1404	1404	3	1
1404	1404	4	0
1404	1404	5	0
1404	1404	6	0
1404	1404	7	0
1404	1404	8	0
1404	1404	9	0
1404	1404	10	1
1404	1404	11	0
1404	1404	12	1
1404	1404	13	0
1404	1404	14	0
1404	1404	15	2
1404	1404	16	0
1404	1404	17	1
1404	1404	18	0
1404	1404	19	0
1404	1404	20	1
1404	1404	21	0
1404	1404	22	0
1404	1404	23	3
1404	1404	24	0
1404	1404	25	0
1404	1404	26	3
1404	1404	27	0
1404	1404	28	0
1404	1404	29	0
1404	1404	30	0
1404	1404	31	2
1404	1404	32	3
1404	1404	33	4
1404	1404	34	1
1404	1404	35	0
1404	1404	36	2
1404	1404	37	3
1405	1405	0	0
1405	1405	1	0
1405	1405	2	0
1405	1405	3	0
1405	1405	4	2
1405	1405	5	0
1405	1405	6	0
1405	1405	7	0
1405	1405	8	1
1405	1405	9	0
1405	1405	10	4
1405	1405	11	0
1405	1405	12	0
1405	1405	13	0
1405	1405	14	0
1405	1405	15	0
1405	1405	16	0
1405	1405	17	0
1405	1405	18	0
1405	1405	19	1
1405	1405	20	2
1405	1405	21	0
1405	1405	22	0
1405	1405	23	4
1405	1405	24	0
1405	1405	25	1
1405	1405	26	0
1405	1405	27	2
1405	1405	28	0
1405	1405	29	1
1405	1405	30	2
1405	1405	31	1
1405	1405	32	0
1405	1405	33	3
1405	1405	34	0
1405	1405	35	0
1405	1405	36	0
1405	1405	37	0
1406	1406	0	0
1406	1406	1	0
1406	1406	2	0
1406	1406	3	0
1406	1406	4	1
1406	1406	5	2
1406	1406	6	0
1406	1406	7	0
1406	1406	8	0
1406	1406	9	0
1406	1406	10	0
1406	1406	11	0
1406	1406	12	0
1406	1406	13	0
1406	1406	14	1
1406	1406	15	0
1406	1406	16	0
1406	1406	17	0
1406	1406	18	1
1406	1406	19	0
1406	1406	20	0
1406	1406	21	0
1406	1406	22	0
1406	1406	23	0
1406	1406	24	3
1406	1406	25	3
1406	1406	26	0
1406	1406	27	0
1406	1406	28	2
1406	1406	29	0
1406	1406	30	0
1406	1406	31	1
1406	1406	32	0
1406	1406	33	0
1406	1406	34	4
1406	1406	35	4
1406	1406	36	1
1406	1406	37	0
1407	1407	0	0
1407	1407	1	0
1407	1407	2	0
1407	1407	3	0
1407	1407	4	0
1407	1407	5	0
1407	1407	6	0
1407	1407	7	0
1407	1407	8	0
1407	1407	9	0
1407	1407	10	0
1407	1407	11	0
1407	1407	12	0
1407	1407	13	0
1407	1407	14	0
1407	1407	15	0
1407	1407	16	0
1407	1407	17	2
1407	1407	18	0
1407	1407	19	0
1407	1407	20	0
1407	1407	21	0
1407	1407	22	2
1407	1407	23	0
1407	1407	24	0
1407	1407	25	0
1407	1407	26	2
1407	1407	27	0
1407	1407	28	0
1407	1407	29	1
1407	1407	30	0
1407	1407	31	0
1407	1407	32	2
1407	1407	33	0
1407	1407	34	0
1407	1407	35	0
1407	1407	36	0
1407	1407	37	0
1408	1408	0	0
1408	1408	1	0
1408	1408	2	0
1408	1408	3	0
1408	1408	4	0
1408	1408	5	0
1408	1408	6	0
1408	1408	7	0
1408	1408	8	0
1408	1408	9	0
1408	1408	10	2
1408	1408	11	0
1408	1408	12	0
1408	1408	13	0
1408	1408	14	0
1408	1408	15	0
1408	1408	16	0
1408	1408	17	0
1408	1408	18	0
1408	1408	19	0
1408	1408	20	0
1408	1408	21	1
1408	1408	22	0
1408	1408	23	0
1408	1408	24	0
1408	1408	25	1
1408	1408	26	0
1408	1408	27	0
1408	1408	28	0
1408	1408	29	0
1408	1408	30	0
1408	1408	31	0
1408	1408	32	0
1408	1408	33	2
1408	1408	34	0
1408	1408	35	0
1408	1408	36	0
1408	1408	37	0
1409	1409	0	0
1409	1409	1	0
1409	1409	2	0
1409	1409	3	1
1409	1409	4	0
1409	1409	5	0
1409	1409	6	0
1409	1409	7	0
1409	1409	8	0
1409	1409	9	0
1409	1409	10	0
1409	1409	11	1
1409	1409	12	3
1409	1409	13	0
1409	1409	14	0
1409	1409	15	0
1409	1409	16	0
1409	1409	17	0
1409	1409	18	0
1409	1409	19	0
1409	1409	20	0
1409	1409	21	0
1409	1409	22	0
1409	1409	23	0
1409	1409	24	0
1409	1409	25	0
1409	1409	26	0
1409	1409	27	0
1409	1409	28	0
1409	1409	29	0
1409	1409	30	0
1409	1409	31	0
1409	1409	32	0
1409	1409	33	0
1409	1409	34	0
1409	1409	35	0
1409	1409	36	0
1409	1409	37	0
1410	1410	0	0
1410	1410	1	2
1410	1410	2	3
1410	1410	3	0
1410	1410	4	0
1410	1410	5	1
1410	1410	6	1
1410	1410	7	0
1410	1410	8	0
1410	1410	9	0
1410	1410	10	1
1410	1410	11	0
1410	1410	12	0
1410	1410	13	0
1410	1410	14	0
1410	1410	15	1
1410	1410	16	0
1410	1410	17	0
1410	1410	18	0
1410	1410	19	0
1410	1410	20	0
1410	1410	21	2
1410	1410	22	0
1410	1410	23	0
1410	1410	24	1
1410	1410	25	1
1410	1410	26	1
1410	1410	27	2
1410	1410	28	0
1410	1410	29	1
1410	1410	30	0
1410	1410	31	3
1410	1410	32	0
1410	1410	33	0
1410	1410	34	1
1410	1410	35	1
1410	1410	36	5
1410	1410	37	2
1411	1411	0	0
1411	1411	1	0
1411	1411	2	0
1411	1411	3	0
1411	1411	4	0
1411	1411	5	0
1411	1411	6	0
1411	1411	7	0
1411	1411	8	0
1411	1411	9	0
1411	1411	10	0
1411	1411	11	0
1411	1411	12	0
1411	1411	13	0
1411	1411	14	3
1411	1411	15	0
1411	1411	16	0
1411	1411	17	3
1411	1411	18	0
1411	1411	19	0
1411	1411	20	0
1411	1411	21	2
1411	1411	22	0
1411	1411	23	0
1411	1411	24	1
1411	1411	25	4
1411	1411	26	0
1411	1411	27	0
1411	1411	28	0
1411	1411	29	0
1411	1411	30	0
1411	1411	31	0
1411	1411	32	2
1411	1411	33	0
1411	1411	34	0
1411	1411	35	0
1411	1411	36	3
1411	1411	37	2
1412	1412	0	0
1412	1412	1	0
1412	1412	2	5
1412	1412	3	0
1412	1412	4	0
1412	1412	5	0
1412	1412	6	2
1412	1412	7	0
1412	1412	8	0
1412	1412	9	0
1412	1412	10	0
1412	1412	11	0
1412	1412	12	0
1412	1412	13	2
1412	1412	14	0
1412	1412	15	0
1412	1412	16	5
1412	1412	17	3
1412	1412	18	0
1412	1412	19	6
1412	1412	20	3
1412	1412	21	1
1412	1412	22	2
1412	1412	23	1
1412	1412	24	5
1412	1412	25	0
1412	1412	26	2
1412	1412	27	4
1412	1412	28	9
1412	1412	29	4
1412	1412	30	8
1412	1412	31	4
1412	1412	32	2
1412	1412	33	1
1412	1412	34	1
1412	1412	35	7
1412	1412	36	2
1412	1412	37	0
1413	1413	0	0
1413	1413	1	0
1413	1413	2	0
1413	1413	3	0
1413	1413	4	0
1413	1413	5	1
1413	1413	6	0
1413	1413	7	0
1413	1413	8	1
1413	1413	9	1
1413	1413	10	1
1413	1413	11	2
1413	1413	12	0
1413	1413	13	0
1413	1413	14	1
1413	1413	15	0
1413	1413	16	0
1413	1413	17	0
1413	1413	18	3
1413	1413	19	4
1413	1413	20	0
1413	1413	21	0
1413	1413	22	0
1413	1413	23	2
1413	1413	24	3
1413	1413	25	1
1413	1413	26	2
1413	1413	27	5
1413	1413	28	4
1413	1413	29	3
1413	1413	30	2
1413	1413	31	3
1413	1413	32	6
1413	1413	33	3
1413	1413	34	6
1413	1413	35	10
1413	1413	36	7
1413	1413	37	5
1414	1414	0	0
1414	1414	1	0
1414	1414	2	0
1414	1414	3	0
1414	1414	4	0
1414	1414	5	5
1414	1414	6	0
1414	1414	7	0
1414	1414	8	0
1414	1414	9	0
1414	1414	10	0
1414	1414	11	0
1414	1414	12	0
1414	1414	13	2
1414	1414	14	0
1414	1414	15	0
1414	1414	16	0
1414	1414	17	0
1414	1414	18	1
1414	1414	19	2
1414	1414	20	0
1414	1414	21	1
1414	1414	22	0
1414	1414	23	2
1414	1414	24	0
1414	1414	25	0
1414	1414	26	0
1414	1414	27	0
1414	1414	28	1
1414	1414	29	1
1414	1414	30	0
1414	1414	31	0
1414	1414	32	0
1414	1414	33	4
1414	1414	34	0
1414	1414	35	0
1414	1414	36	0
1414	1414	37	2
1415	1415	0	0
1415	1415	1	0
1415	1415	2	1
1415	1415	3	0
1415	1415	4	0
1415	1415	5	0
1415	1415	6	0
1415	1415	7	0
1415	1415	8	1
1415	1415	9	1
1415	1415	10	1
1415	1415	11	0
1415	1415	12	0
1415	1415	13	0
1415	1415	14	0
1415	1415	15	0
1415	1415	16	0
1415	1415	17	0
1415	1415	18	1
1415	1415	19	0
1415	1415	20	0
1415	1415	21	0
1415	1415	22	3
1415	1415	23	0
1415	1415	24	4
1415	1415	25	1
1415	1415	26	0
1415	1415	27	0
1415	1415	28	0
1415	1415	29	0
1415	1415	30	2
1415	1415	31	1
1415	1415	32	3
1415	1415	33	5
1415	1415	34	0
1415	1415	35	1
1415	1415	36	4
1415	1415	37	2
1416	1416	0	0
1416	1416	1	0
1416	1416	2	0
1416	1416	3	0
1416	1416	4	2
1416	1416	5	1
1416	1416	6	0
1416	1416	7	1
1416	1416	8	0
1416	1416	9	0
1416	1416	10	0
1416	1416	11	0
1416	1416	12	4
1416	1416	13	0
1416	1416	14	2
1416	1416	15	0
1416	1416	16	0
1416	1416	17	0
1416	1416	18	2
1416	1416	19	0
1416	1416	20	0
1416	1416	21	2
1416	1416	22	0
1416	1416	23	6
1416	1416	24	3
1416	1416	25	2
1416	1416	26	7
1416	1416	27	2
1416	1416	28	0
1416	1416	29	0
1416	1416	30	0
1416	1416	31	2
1416	1416	32	3
1416	1416	33	1
1416	1416	34	1
1416	1416	35	1
1416	1416	36	1
1416	1416	37	7
1417	1417	0	0
1417	1417	1	0
1417	1417	2	1
1417	1417	3	1
1417	1417	4	0
1417	1417	5	0
1417	1417	6	0
1417	1417	7	0
1417	1417	8	0
1417	1417	9	1
1417	1417	10	0
1417	1417	11	1
1417	1417	12	3
1417	1417	13	0
1417	1417	14	1
1417	1417	15	1
1417	1417	16	5
1417	1417	17	2
1417	1417	18	2
1417	1417	19	2
1417	1417	20	2
1417	1417	21	0
1417	1417	22	0
1417	1417	23	0
1417	1417	24	4
1417	1417	25	7
1417	1417	26	4
1417	1417	27	7
1417	1417	28	2
1417	1417	29	5
1417	1417	30	4
1417	1417	31	5
1417	1417	32	5
1417	1417	33	1
1417	1417	34	4
1417	1417	35	3
1417	1417	36	2
1417	1417	37	4
1418	1418	0	0
1418	1418	1	0
1418	1418	2	0
1418	1418	3	0
1418	1418	4	1
1418	1418	5	0
1418	1418	6	0
1418	1418	7	0
1418	1418	8	2
1418	1418	9	0
1418	1418	10	0
1418	1418	11	1
1418	1418	12	0
1418	1418	13	0
1418	1418	14	0
1418	1418	15	0
1418	1418	16	6
1418	1418	17	0
1418	1418	18	0
1418	1418	19	0
1418	1418	20	0
1418	1418	21	0
1418	1418	22	1
1418	1418	23	0
1418	1418	24	3
1418	1418	25	0
1418	1418	26	0
1418	1418	27	0
1418	1418	28	0
1418	1418	29	1
1418	1418	30	0
1418	1418	31	0
1418	1418	32	0
1418	1418	33	0
1418	1418	34	0
1418	1418	35	1
1418	1418	36	3
1418	1418	37	0
1419	1419	0	0
1419	1419	1	0
1419	1419	2	0
1419	1419	3	0
1419	1419	4	0
1419	1419	5	0
1419	1419	6	0
1419	1419	7	0
1419	1419	8	0
1419	1419	9	0
1419	1419	10	0
1419	1419	11	0
1419	1419	12	1
1419	1419	13	0
1419	1419	14	0
1419	1419	15	0
1419	1419	16	4
1419	1419	17	0
1419	1419	18	1
1419	1419	19	0
1419	1419	20	0
1419	1419	21	0
1419	1419	22	0
1419	1419	23	0
1419	1419	24	2
1419	1419	25	0
1419	1419	26	1
1419	1419	27	0
1419	1419	28	0
1419	1419	29	0
1419	1419	30	1
1419	1419	31	0
1419	1419	32	0
1419	1419	33	1
1419	1419	34	0
1419	1419	35	1
1419	1419	36	2
1419	1419	37	0
1420	1420	0	0
1420	1420	1	0
1420	1420	2	0
1420	1420	3	0
1420	1420	4	0
1420	1420	5	2
1420	1420	6	0
1420	1420	7	0
1420	1420	8	2
1420	1420	9	0
1420	1420	10	1
1420	1420	11	0
1420	1420	12	0
1420	1420	13	0
1420	1420	14	3
1420	1420	15	3
1420	1420	16	0
1420	1420	17	0
1420	1420	18	0
1420	1420	19	2
1420	1420	20	0
1420	1420	21	4
1420	1420	22	4
1420	1420	23	0
1420	1420	24	2
1420	1420	25	0
1420	1420	26	2
1420	1420	27	0
1420	1420	28	0
1420	1420	29	0
1420	1420	30	2
1420	1420	31	7
1420	1420	32	0
1420	1420	33	0
1420	1420	34	5
1420	1420	35	4
1420	1420	36	1
1420	1420	37	7
1421	1421	0	0
1421	1421	1	0
1421	1421	2	1
1421	1421	3	0
1421	1421	4	0
1421	1421	5	0
1421	1421	6	0
1421	1421	7	6
1421	1421	8	0
1421	1421	9	0
1421	1421	10	0
1421	1421	11	3
1421	1421	12	0
1421	1421	13	1
1421	1421	14	0
1421	1421	15	1
1421	1421	16	0
1421	1421	17	3
1421	1421	18	0
1421	1421	19	1
1421	1421	20	0
1421	1421	21	1
1421	1421	22	0
1421	1421	23	0
1421	1421	24	3
1421	1421	25	0
1421	1421	26	0
1421	1421	27	1
1421	1421	28	3
1421	1421	29	1
1421	1421	30	0
1421	1421	31	1
1421	1421	32	4
1421	1421	33	0
1421	1421	34	0
1421	1421	35	2
1421	1421	36	1
1421	1421	37	3
1422	1422	0	0
1422	1422	1	2
1422	1422	2	0
1422	1422	3	1
1422	1422	4	0
1422	1422	5	0
1422	1422	6	0
1422	1422	7	0
1422	1422	8	0
1422	1422	9	0
1422	1422	10	0
1422	1422	11	1
1422	1422	12	0
1422	1422	13	0
1422	1422	14	0
1422	1422	15	0
1422	1422	16	0
1422	1422	17	0
1422	1422	18	0
1422	1422	19	0
1422	1422	20	0
1422	1422	21	3
1422	1422	22	0
1422	1422	23	0
1422	1422	24	0
1422	1422	25	3
1422	1422	26	0
1422	1422	27	0
1422	1422	28	3
1422	1422	29	0
1422	1422	30	0
1422	1422	31	0
1422	1422	32	2
1422	1422	33	1
1422	1422	34	0
1422	1422	35	5
1422	1422	36	1
1422	1422	37	1
1423	1423	0	0
1423	1423	1	3
1423	1423	2	0
1423	1423	3	0
1423	1423	4	0
1423	1423	5	0
1423	1423	6	2
1423	1423	7	0
1423	1423	8	0
1423	1423	9	0
1423	1423	10	1
1423	1423	11	0
1423	1423	12	0
1423	1423	13	0
1423	1423	14	0
1423	1423	15	0
1423	1423	16	0
1423	1423	17	0
1423	1423	18	0
1423	1423	19	0
1423	1423	20	1
1423	1423	21	3
1423	1423	22	0
1423	1423	23	0
1423	1423	24	0
1423	1423	25	0
1423	1423	26	0
1423	1423	27	3
1423	1423	28	0
1423	1423	29	0
1423	1423	30	1
1423	1423	31	0
1423	1423	32	0
1423	1423	33	0
1423	1423	34	0
1423	1423	35	0
1423	1423	36	0
1423	1423	37	0
1424	1424	0	0
1424	1424	1	2
1424	1424	2	0
1424	1424	3	0
1424	1424	4	0
1424	1424	5	0
1424	1424	6	0
1424	1424	7	0
1424	1424	8	0
1424	1424	9	0
1424	1424	10	0
1424	1424	11	0
1424	1424	12	0
1424	1424	13	0
1424	1424	14	0
1424	1424	15	0
1424	1424	16	0
1424	1424	17	0
1424	1424	18	1
1424	1424	19	0
1424	1424	20	0
1424	1424	21	0
1424	1424	22	0
1424	1424	23	1
1424	1424	24	0
1424	1424	25	0
1424	1424	26	0
1424	1424	27	0
1424	1424	28	1
1424	1424	29	1
1424	1424	30	0
1424	1424	31	0
1424	1424	32	0
1424	1424	33	2
1424	1424	34	0
1424	1424	35	0
1424	1424	36	1
1424	1424	37	0
1425	1425	0	0
1425	1425	1	0
1425	1425	2	2
1425	1425	3	2
1425	1425	4	0
1425	1425	5	0
1425	1425	6	3
1425	1425	7	0
1425	1425	8	0
1425	1425	9	0
1425	1425	10	0
1425	1425	11	0
1425	1425	12	0
1425	1425	13	0
1425	1425	14	0
1425	1425	15	0
1425	1425	16	0
1425	1425	17	0
1425	1425	18	0
1425	1425	19	0
1425	1425	20	0
1425	1425	21	0
1425	1425	22	0
1425	1425	23	0
1425	1425	24	0
1425	1425	25	0
1425	1425	26	0
1425	1425	27	0
1425	1425	28	0
1425	1425	29	0
1425	1425	30	0
1425	1425	31	0
1425	1425	32	0
1425	1425	33	0
1425	1425	34	0
1425	1425	35	0
1425	1425	36	0
1425	1425	37	0
1426	1426	0	0
1426	1426	1	0
1426	1426	2	0
1426	1426	3	0
1426	1426	4	0
1426	1426	5	0
1426	1426	6	0
1426	1426	7	0
1426	1426	8	0
1426	1426	9	0
1426	1426	10	0
1426	1426	11	0
1426	1426	12	0
1426	1426	13	0
1426	1426	14	0
1426	1426	15	0
1426	1426	16	0
1426	1426	17	0
1426	1426	18	0
1426	1426	19	2
1426	1426	20	1
1426	1426	21	0
1426	1426	22	0
1426	1426	23	0
1426	1426	24	0
1426	1426	25	0
1426	1426	26	0
1426	1426	27	0
1426	1426	28	0
1426	1426	29	0
1426	1426	30	0
1426	1426	31	0
1426	1426	32	0
1426	1426	33	0
1426	1426	34	0
1426	1426	35	0
1426	1426	36	0
1426	1426	37	0
1427	1427	0	0
1427	1427	1	0
1427	1427	2	0
1427	1427	3	0
1427	1427	4	0
1427	1427	5	2
1427	1427	6	0
1427	1427	7	0
1427	1427	8	0
1427	1427	9	0
1427	1427	10	0
1427	1427	11	0
1427	1427	12	0
1427	1427	13	0
1427	1427	14	0
1427	1427	15	0
1427	1427	16	0
1427	1427	17	0
1427	1427	18	0
1427	1427	19	2
1427	1427	20	0
1427	1427	21	0
1427	1427	22	0
1427	1427	23	0
1427	1427	24	0
1427	1427	25	0
1427	1427	26	0
1427	1427	27	0
1427	1427	28	0
1427	1427	29	0
1427	1427	30	2
1427	1427	31	0
1427	1427	32	0
1427	1427	33	3
1427	1427	34	0
1427	1427	35	0
1427	1427	36	0
1427	1427	37	0
1428	1428	0	0
1428	1428	1	0
1428	1428	2	0
1428	1428	3	0
1428	1428	4	0
1428	1428	5	0
1428	1428	6	0
1428	1428	7	0
1428	1428	8	0
1428	1428	9	0
1428	1428	10	0
1428	1428	11	0
1428	1428	12	0
1428	1428	13	0
1428	1428	14	0
1428	1428	15	0
1428	1428	16	0
1428	1428	17	0
1428	1428	18	0
1428	1428	19	0
1428	1428	20	0
1428	1428	21	0
1428	1428	22	0
1428	1428	23	0
1428	1428	24	0
1428	1428	25	0
1428	1428	26	0
1428	1428	27	0
1428	1428	28	0
1428	1428	29	0
1428	1428	30	0
1428	1428	31	0
1428	1428	32	0
1428	1428	33	0
1428	1428	34	0
1428	1428	35	1
1428	1428	36	0
1428	1428	37	0
1429	1429	0	0
1429	1429	1	0
1429	1429	2	2
1429	1429	3	0
1429	1429	4	0
1429	1429	5	0
1429	1429	6	0
1429	1429	7	0
1429	1429	8	0
1429	1429	9	0
1429	1429	10	0
1429	1429	11	0
1429	1429	12	0
1429	1429	13	0
1429	1429	14	0
1429	1429	15	0
1429	1429	16	0
1429	1429	17	0
1429	1429	18	0
1429	1429	19	2
1429	1429	20	2
1429	1429	21	0
1429	1429	22	0
1429	1429	23	0
1429	1429	24	0
1429	1429	25	0
1429	1429	26	0
1429	1429	27	0
1429	1429	28	0
1429	1429	29	0
1429	1429	30	0
1429	1429	31	3
1429	1429	32	0
1429	1429	33	0
1429	1429	34	0
1429	1429	35	0
1429	1429	36	0
1429	1429	37	0
1430	1430	0	0
1430	1430	1	0
1430	1430	2	0
1430	1430	3	0
1430	1430	4	2
1430	1430	5	0
1430	1430	6	0
1430	1430	7	0
1430	1430	8	0
1430	1430	9	0
1430	1430	10	0
1430	1430	11	0
1430	1430	12	0
1430	1430	13	0
1430	1430	14	0
1430	1430	15	0
1430	1430	16	0
1430	1430	17	0
1430	1430	18	0
1430	1430	19	0
1430	1430	20	0
1430	1430	21	0
1430	1430	22	0
1430	1430	23	0
1430	1430	24	0
1430	1430	25	0
1430	1430	26	0
1430	1430	27	0
1430	1430	28	0
1430	1430	29	0
1430	1430	30	0
1430	1430	31	0
1430	1430	32	0
1430	1430	33	0
1430	1430	34	0
1430	1430	35	2
1430	1430	36	0
1430	1430	37	0
1431	1431	0	0
1431	1431	1	0
1431	1431	2	0
1431	1431	3	0
1431	1431	4	0
1431	1431	5	0
1431	1431	6	0
1431	1431	7	0
1431	1431	8	0
1431	1431	9	0
1431	1431	10	1
1431	1431	11	3
1431	1431	12	0
1431	1431	13	0
1431	1431	14	1
1431	1431	15	0
1431	1431	16	2
1431	1431	17	0
1431	1431	18	0
1431	1431	19	0
1431	1431	20	0
1431	1431	21	0
1431	1431	22	0
1431	1431	23	0
1431	1431	24	1
1431	1431	25	0
1431	1431	26	0
1431	1431	27	0
1431	1431	28	0
1431	1431	29	0
1431	1431	30	0
1431	1431	31	0
1431	1431	32	0
1431	1431	33	0
1431	1431	34	1
1431	1431	35	2
1431	1431	36	0
1431	1431	37	0
1432	1432	0	1
1432	1432	1	0
1432	1432	2	1
1432	1432	3	0
1432	1432	4	0
1432	1432	5	0
1432	1432	6	0
1432	1432	7	0
1432	1432	8	0
1432	1432	9	0
1432	1432	10	0
1432	1432	11	0
1432	1432	12	0
1432	1432	13	0
1432	1432	14	0
1432	1432	15	0
1432	1432	16	0
1432	1432	17	0
1432	1432	18	0
1432	1432	19	0
1432	1432	20	0
1432	1432	21	0
1432	1432	22	0
1432	1432	23	0
1432	1432	24	0
1432	1432	25	0
1432	1432	26	0
1432	1432	27	0
1432	1432	28	2
1432	1432	29	0
1432	1432	30	2
1432	1432	31	0
1432	1432	32	0
1432	1432	33	0
1432	1432	34	2
1432	1432	35	0
1432	1432	36	0
1432	1432	37	0
1433	1433	0	0
1433	1433	1	0
1433	1433	2	0
1433	1433	3	0
1433	1433	4	0
1433	1433	5	0
1433	1433	6	0
1433	1433	7	1
1433	1433	8	0
1433	1433	9	0
1433	1433	10	0
1433	1433	11	0
1433	1433	12	0
1433	1433	13	0
1433	1433	14	0
1433	1433	15	0
1433	1433	16	1
1433	1433	17	0
1433	1433	18	0
1433	1433	19	0
1433	1433	20	0
1433	1433	21	0
1433	1433	22	2
1433	1433	23	0
1433	1433	24	0
1433	1433	25	0
1433	1433	26	0
1433	1433	27	2
1433	1433	28	0
1433	1433	29	0
1433	1433	30	0
1433	1433	31	0
1433	1433	32	0
1433	1433	33	0
1433	1433	34	0
1433	1433	35	0
1433	1433	36	0
1433	1433	37	0
1434	1434	0	0
1434	1434	1	0
1434	1434	2	0
1434	1434	3	0
1434	1434	4	0
1434	1434	5	0
1434	1434	6	0
1434	1434	7	0
1434	1434	8	0
1434	1434	9	0
1434	1434	10	0
1434	1434	11	0
1434	1434	12	0
1434	1434	13	0
1434	1434	14	0
1434	1434	15	0
1434	1434	16	0
1434	1434	17	0
1434	1434	18	0
1434	1434	19	0
1434	1434	20	0
1434	1434	21	0
1434	1434	22	0
1434	1434	23	0
1434	1434	24	0
1434	1434	25	0
1434	1434	26	0
1434	1434	27	0
1434	1434	28	0
1434	1434	29	0
1434	1434	30	0
1434	1434	31	0
1434	1434	32	0
1434	1434	33	1
1434	1434	34	0
1434	1434	35	0
1434	1434	36	0
1434	1434	37	0
1435	1435	0	0
1435	1435	1	0
1435	1435	2	0
1435	1435	3	0
1435	1435	4	0
1435	1435	5	0
1435	1435	6	0
1435	1435	7	0
1435	1435	8	0
1435	1435	9	0
1435	1435	10	0
1435	1435	11	0
1435	1435	12	0
1435	1435	13	0
1435	1435	14	0
1435	1435	15	0
1435	1435	16	0
1435	1435	17	0
1435	1435	18	0
1435	1435	19	0
1435	1435	20	3
1435	1435	21	0
1435	1435	22	0
1435	1435	23	0
1435	1435	24	0
1435	1435	25	0
1435	1435	26	0
1435	1435	27	2
1435	1435	28	0
1435	1435	29	0
1435	1435	30	0
1435	1435	31	0
1435	1435	32	0
1435	1435	33	0
1435	1435	34	0
1435	1435	35	0
1435	1435	36	0
1435	1435	37	0
1436	1436	0	0
1436	1436	1	0
1436	1436	2	0
1436	1436	3	0
1436	1436	4	0
1436	1436	5	0
1436	1436	6	0
1436	1436	7	0
1436	1436	8	0
1436	1436	9	0
1436	1436	10	0
1436	1436	11	0
1436	1436	12	0
1436	1436	13	0
1436	1436	14	0
1436	1436	15	0
1436	1436	16	0
1436	1436	17	0
1436	1436	18	0
1436	1436	19	3
1436	1436	20	0
1436	1436	21	0
1436	1436	22	0
1436	1436	23	0
1436	1436	24	0
1436	1436	25	0
1436	1436	26	0
1436	1436	27	0
1436	1436	28	0
1436	1436	29	1
1436	1436	30	0
1436	1436	31	0
1436	1436	32	3
1436	1436	33	2
1436	1436	34	0
1436	1436	35	1
1436	1436	36	0
1436	1436	37	0
1437	1437	0	0
1437	1437	1	0
1437	1437	2	0
1437	1437	3	0
1437	1437	4	0
1437	1437	5	2
1437	1437	6	0
1437	1437	7	0
1437	1437	8	0
1437	1437	9	0
1437	1437	10	0
1437	1437	11	0
1437	1437	12	0
1437	1437	13	0
1437	1437	14	0
1437	1437	15	0
1437	1437	16	0
1437	1437	17	0
1437	1437	18	1
1437	1437	19	2
1437	1437	20	0
1437	1437	21	0
1437	1437	22	2
1437	1437	23	0
1437	1437	24	0
1437	1437	25	0
1437	1437	26	1
1437	1437	27	0
1437	1437	28	0
1437	1437	29	0
1437	1437	30	1
1437	1437	31	2
1437	1437	32	0
1437	1437	33	0
1437	1437	34	0
1437	1437	35	2
1437	1437	36	0
1437	1437	37	1
1438	1438	0	0
1438	1438	1	0
1438	1438	2	0
1438	1438	3	0
1438	1438	4	0
1438	1438	5	0
1438	1438	6	0
1438	1438	7	0
1438	1438	8	0
1438	1438	9	0
1438	1438	10	0
1438	1438	11	0
1438	1438	12	0
1438	1438	13	0
1438	1438	14	0
1438	1438	15	0
1438	1438	16	3
1438	1438	17	0
1438	1438	18	0
1438	1438	19	0
1438	1438	20	0
1438	1438	21	0
1438	1438	22	0
1438	1438	23	0
1438	1438	24	0
1438	1438	25	1
1438	1438	26	0
1438	1438	27	0
1438	1438	28	0
1438	1438	29	0
1438	1438	30	0
1438	1438	31	0
1438	1438	32	0
1438	1438	33	0
1438	1438	34	0
1438	1438	35	0
1438	1438	36	0
1438	1438	37	0
1439	1439	0	0
1439	1439	1	0
1439	1439	2	0
1439	1439	3	0
1439	1439	4	0
1439	1439	5	0
1439	1439	6	0
1439	1439	7	0
1439	1439	8	0
1439	1439	9	0
1439	1439	10	0
1439	1439	11	0
1439	1439	12	0
1439	1439	13	0
1439	1439	14	0
1439	1439	15	0
1439	1439	16	0
1439	1439	17	0
1439	1439	18	0
1439	1439	19	0
1439	1439	20	0
1439	1439	21	0
1439	1439	22	0
1439	1439	23	0
1439	1439	24	0
1439	1439	25	0
1439	1439	26	0
1439	1439	27	0
1439	1439	28	0
1439	1439	29	0
1439	1439	30	0
1439	1439	31	0
1439	1439	32	0
1439	1439	33	0
1439	1439	34	0
1439	1439	35	0
1439	1439	36	0
1439	1439	37	0
1440	1440	0	0
1440	1440	1	1
1440	1440	2	0
1440	1440	3	0
1440	1440	4	1
1440	1440	5	0
1440	1440	6	0
1440	1440	7	0
1440	1440	8	0
1440	1440	9	0
1440	1440	10	0
1440	1440	11	0
1440	1440	12	0
1440	1440	13	0
1440	1440	14	0
1440	1440	15	0
1440	1440	16	0
1440	1440	17	0
1440	1440	18	0
1440	1440	19	0
1440	1440	20	0
1440	1440	21	0
1440	1440	22	0
1440	1440	23	0
1440	1440	24	0
1440	1440	25	0
1440	1440	26	0
1440	1440	27	2
1440	1440	28	0
1440	1440	29	0
1440	1440	30	0
1440	1440	31	0
1440	1440	32	0
1440	1440	33	0
1440	1440	34	0
1440	1440	35	0
1440	1440	36	0
1440	1440	37	0
1441	1441	0	0
1441	1441	1	0
1441	1441	2	0
1441	1441	3	0
1441	1441	4	0
1441	1441	5	0
1441	1441	6	2
1441	1441	7	0
1441	1441	8	4
1441	1441	9	0
1441	1441	10	0
1441	1441	11	0
1441	1441	12	0
1441	1441	13	0
1441	1441	14	0
1441	1441	15	0
1441	1441	16	0
1441	1441	17	0
1441	1441	18	0
1441	1441	19	0
1441	1441	20	0
1441	1441	21	2
1441	1441	22	0
1441	1441	23	1
1441	1441	24	0
1441	1441	25	0
1441	1441	26	0
1441	1441	27	0
1441	1441	28	0
1441	1441	29	1
1441	1441	30	1
1441	1441	31	0
1441	1441	32	0
1441	1441	33	0
1441	1441	34	1
1441	1441	35	0
1441	1441	36	0
1441	1441	37	0
1442	1442	0	0
1442	1442	1	0
1442	1442	2	0
1442	1442	3	0
1442	1442	4	0
1442	1442	5	0
1442	1442	6	0
1442	1442	7	0
1442	1442	8	0
1442	1442	9	1
1442	1442	10	0
1442	1442	11	0
1442	1442	12	0
1442	1442	13	0
1442	1442	14	0
1442	1442	15	0
1442	1442	16	0
1442	1442	17	0
1442	1442	18	0
1442	1442	19	0
1442	1442	20	0
1442	1442	21	0
1442	1442	22	0
1442	1442	23	0
1442	1442	24	1
1442	1442	25	0
1442	1442	26	0
1442	1442	27	0
1442	1442	28	0
1442	1442	29	3
1442	1442	30	0
1442	1442	31	0
1442	1442	32	0
1442	1442	33	0
1442	1442	34	0
1442	1442	35	0
1442	1442	36	0
1442	1442	37	0
1443	1443	0	0
1443	1443	1	0
1443	1443	2	0
1443	1443	3	0
1443	1443	4	0
1443	1443	5	0
1443	1443	6	0
1443	1443	7	0
1443	1443	8	0
1443	1443	9	0
1443	1443	10	0
1443	1443	11	0
1443	1443	12	2
1443	1443	13	0
1443	1443	14	0
1443	1443	15	0
1443	1443	16	0
1443	1443	17	0
1443	1443	18	0
1443	1443	19	0
1443	1443	20	0
1443	1443	21	0
1443	1443	22	0
1443	1443	23	2
1443	1443	24	0
1443	1443	25	0
1443	1443	26	0
1443	1443	27	0
1443	1443	28	0
1443	1443	29	1
1443	1443	30	0
1443	1443	31	0
1443	1443	32	0
1443	1443	33	0
1443	1443	34	0
1443	1443	35	0
1443	1443	36	0
1443	1443	37	0
1444	1444	0	0
1444	1444	1	0
1444	1444	2	0
1444	1444	3	0
1444	1444	4	0
1444	1444	5	0
1444	1444	6	0
1444	1444	7	0
1444	1444	8	0
1444	1444	9	0
1444	1444	10	0
1444	1444	11	0
1444	1444	12	0
1444	1444	13	0
1444	1444	14	0
1444	1444	15	0
1444	1444	16	0
1444	1444	17	0
1444	1444	18	0
1444	1444	19	0
1444	1444	20	0
1444	1444	21	0
1444	1444	22	0
1444	1444	23	0
1444	1444	24	0
1444	1444	25	0
1444	1444	26	0
1444	1444	27	0
1444	1444	28	0
1444	1444	29	0
1444	1444	30	0
1444	1444	31	0
1444	1444	32	0
1444	1444	33	0
1444	1444	34	0
1444	1444	35	0
1444	1444	36	0
1444	1444	37	0
1445	1445	0	0
1445	1445	1	2
1445	1445	2	0
1445	1445	3	0
1445	1445	4	0
1445	1445	5	0
1445	1445	6	0
1445	1445	7	0
1445	1445	8	0
1445	1445	9	0
1445	1445	10	0
1445	1445	11	0
1445	1445	12	0
1445	1445	13	0
1445	1445	14	0
1445	1445	15	0
1445	1445	16	1
1445	1445	17	0
1445	1445	18	0
1445	1445	19	0
1445	1445	20	0
1445	1445	21	0
1445	1445	22	0
1445	1445	23	0
1445	1445	24	0
1445	1445	25	0
1445	1445	26	0
1445	1445	27	0
1445	1445	28	0
1445	1445	29	0
1445	1445	30	1
1445	1445	31	0
1445	1445	32	1
1445	1445	33	0
1445	1445	34	1
1445	1445	35	0
1445	1445	36	1
1445	1445	37	0
1446	1446	0	0
1446	1446	1	0
1446	1446	2	0
1446	1446	3	0
1446	1446	4	0
1446	1446	5	0
1446	1446	6	4
1446	1446	7	0
1446	1446	8	2
1446	1446	9	0
1446	1446	10	0
1446	1446	11	0
1446	1446	12	0
1446	1446	13	0
1446	1446	14	0
1446	1446	15	2
1446	1446	16	0
1446	1446	17	0
1446	1446	18	0
1446	1446	19	1
1446	1446	20	0
1446	1446	21	0
1446	1446	22	0
1446	1446	23	0
1446	1446	24	0
1446	1446	25	0
1446	1446	26	0
1446	1446	27	0
1446	1446	28	0
1446	1446	29	0
1446	1446	30	0
1446	1446	31	0
1446	1446	32	0
1446	1446	33	0
1446	1446	34	0
1446	1446	35	0
1446	1446	36	0
1446	1446	37	0
1447	1447	0	0
1447	1447	1	0
1447	1447	2	0
1447	1447	3	0
1447	1447	4	0
1447	1447	5	0
1447	1447	6	0
1447	1447	7	0
1447	1447	8	0
1447	1447	9	0
1447	1447	10	0
1447	1447	11	0
1447	1447	12	0
1447	1447	13	0
1447	1447	14	1
1447	1447	15	1
1447	1447	16	0
1447	1447	17	0
1447	1447	18	0
1447	1447	19	0
1447	1447	20	0
1447	1447	21	0
1447	1447	22	0
1447	1447	23	0
1447	1447	24	0
1447	1447	25	0
1447	1447	26	0
1447	1447	27	0
1447	1447	28	0
1447	1447	29	0
1447	1447	30	0
1447	1447	31	0
1447	1447	32	0
1447	1447	33	0
1447	1447	34	0
1447	1447	35	0
1447	1447	36	0
1447	1447	37	0
1448	1448	0	0
1448	1448	1	0
1448	1448	2	0
1448	1448	3	0
1448	1448	4	0
1448	1448	5	0
1448	1448	6	0
1448	1448	7	0
1448	1448	8	0
1448	1448	9	0
1448	1448	10	0
1448	1448	11	0
1448	1448	12	0
1448	1448	13	0
1448	1448	14	0
1448	1448	15	0
1448	1448	16	0
1448	1448	17	0
1448	1448	18	0
1448	1448	19	0
1448	1448	20	0
1448	1448	21	0
1448	1448	22	0
1448	1448	23	0
1448	1448	24	0
1448	1448	25	0
1448	1448	26	0
1448	1448	27	0
1448	1448	28	0
1448	1448	29	0
1448	1448	30	0
1448	1448	31	0
1448	1448	32	0
1448	1448	33	0
1448	1448	34	0
1448	1448	35	0
1448	1448	36	0
1448	1448	37	0
1449	1449	0	0
1449	1449	1	0
1449	1449	2	0
1449	1449	3	0
1449	1449	4	0
1449	1449	5	0
1449	1449	6	0
1449	1449	7	0
1449	1449	8	0
1449	1449	9	0
1449	1449	10	0
1449	1449	11	0
1449	1449	12	1
1449	1449	13	0
1449	1449	14	0
1449	1449	15	0
1449	1449	16	0
1449	1449	17	0
1449	1449	18	0
1449	1449	19	0
1449	1449	20	0
1449	1449	21	0
1449	1449	22	1
1449	1449	23	0
1449	1449	24	0
1449	1449	25	2
1449	1449	26	1
1449	1449	27	1
1449	1449	28	0
1449	1449	29	0
1449	1449	30	0
1449	1449	31	0
1449	1449	32	0
1449	1449	33	1
1449	1449	34	2
1449	1449	35	0
1449	1449	36	0
1449	1449	37	0
1450	1450	0	0
1450	1450	1	0
1450	1450	2	0
1450	1450	3	0
1450	1450	4	0
1450	1450	5	0
1450	1450	6	0
1450	1450	7	0
1450	1450	8	0
1450	1450	9	0
1450	1450	10	0
1450	1450	11	2
1450	1450	12	0
1450	1450	13	0
1450	1450	14	0
1450	1450	15	0
1450	1450	16	1
1450	1450	17	0
1450	1450	18	0
1450	1450	19	2
1450	1450	20	0
1450	1450	21	3
1450	1450	22	0
1450	1450	23	2
1450	1450	24	0
1450	1450	25	0
1450	1450	26	2
1450	1450	27	0
1450	1450	28	1
1450	1450	29	1
1450	1450	30	1
1450	1450	31	0
1450	1450	32	0
1450	1450	33	2
1450	1450	34	1
1450	1450	35	4
1450	1450	36	5
1450	1450	37	3
1451	1451	0	0
1451	1451	1	0
1451	1451	2	0
1451	1451	3	1
1451	1451	4	0
1451	1451	5	0
1451	1451	6	0
1451	1451	7	0
1451	1451	8	0
1451	1451	9	0
1451	1451	10	0
1451	1451	11	0
1451	1451	12	0
1451	1451	13	0
1451	1451	14	0
1451	1451	15	0
1451	1451	16	0
1451	1451	17	0
1451	1451	18	0
1451	1451	19	0
1451	1451	20	0
1451	1451	21	0
1451	1451	22	0
1451	1451	23	0
1451	1451	24	0
1451	1451	25	1
1451	1451	26	0
1451	1451	27	0
1451	1451	28	0
1451	1451	29	0
1451	1451	30	2
1451	1451	31	0
1451	1451	32	0
1451	1451	33	0
1451	1451	34	0
1451	1451	35	0
1451	1451	36	0
1451	1451	37	1
1452	1452	0	0
1452	1452	1	0
1452	1452	2	0
1452	1452	3	0
1452	1452	4	3
1452	1452	5	0
1452	1452	6	0
1452	1452	7	0
1452	1452	8	0
1452	1452	9	0
1452	1452	10	0
1452	1452	11	0
1452	1452	12	0
1452	1452	13	0
1452	1452	14	0
1452	1452	15	0
1452	1452	16	0
1452	1452	17	0
1452	1452	18	0
1452	1452	19	2
1452	1452	20	0
1452	1452	21	0
1452	1452	22	0
1452	1452	23	0
1452	1452	24	0
1452	1452	25	0
1452	1452	26	0
1452	1452	27	0
1452	1452	28	0
1452	1452	29	0
1452	1452	30	0
1452	1452	31	0
1452	1452	32	0
1452	1452	33	0
1452	1452	34	0
1452	1452	35	0
1452	1452	36	0
1452	1452	37	0
1453	1453	0	0
1453	1453	1	0
1453	1453	2	0
1453	1453	3	0
1453	1453	4	0
1453	1453	5	1
1453	1453	6	0
1453	1453	7	0
1453	1453	8	0
1453	1453	9	0
1453	1453	10	1
1453	1453	11	0
1453	1453	12	0
1453	1453	13	0
1453	1453	14	0
1453	1453	15	0
1453	1453	16	0
1453	1453	17	0
1453	1453	18	0
1453	1453	19	0
1453	1453	20	1
1453	1453	21	0
1453	1453	22	0
1453	1453	23	0
1453	1453	24	0
1453	1453	25	0
1453	1453	26	0
1453	1453	27	0
1453	1453	28	0
1453	1453	29	0
1453	1453	30	0
1453	1453	31	0
1453	1453	32	0
1453	1453	33	0
1453	1453	34	1
1453	1453	35	0
1453	1453	36	0
1453	1453	37	0
1454	1454	0	0
1454	1454	1	0
1454	1454	2	3
1454	1454	3	0
1454	1454	4	0
1454	1454	5	0
1454	1454	6	0
1454	1454	7	0
1454	1454	8	0
1454	1454	9	0
1454	1454	10	0
1454	1454	11	0
1454	1454	12	0
1454	1454	13	3
1454	1454	14	0
1454	1454	15	0
1454	1454	16	0
1454	1454	17	0
1454	1454	18	0
1454	1454	19	0
1454	1454	20	0
1454	1454	21	0
1454	1454	22	0
1454	1454	23	0
1454	1454	24	0
1454	1454	25	0
1454	1454	26	0
1454	1454	27	0
1454	1454	28	0
1454	1454	29	0
1454	1454	30	0
1454	1454	31	0
1454	1454	32	0
1454	1454	33	0
1454	1454	34	0
1454	1454	35	0
1454	1454	36	0
1454	1454	37	0
1455	1455	0	0
1455	1455	1	0
1455	1455	2	0
1455	1455	3	0
1455	1455	4	0
1455	1455	5	0
1455	1455	6	0
1455	1455	7	1
1455	1455	8	1
1455	1455	9	0
1455	1455	10	0
1455	1455	11	0
1455	1455	12	0
1455	1455	13	2
1455	1455	14	0
1455	1455	15	1
1455	1455	16	0
1455	1455	17	0
1455	1455	18	3
1455	1455	19	0
1455	1455	20	0
1455	1455	21	0
1455	1455	22	0
1455	1455	23	0
1455	1455	24	3
1455	1455	25	0
1455	1455	26	1
1455	1455	27	2
1455	1455	28	0
1455	1455	29	0
1455	1455	30	0
1455	1455	31	0
1455	1455	32	3
1455	1455	33	0
1455	1455	34	0
1455	1455	35	0
1455	1455	36	0
1455	1455	37	4
1456	1456	0	0
1456	1456	1	0
1456	1456	2	0
1456	1456	3	0
1456	1456	4	0
1456	1456	5	0
1456	1456	6	0
1456	1456	7	0
1456	1456	8	0
1456	1456	9	2
1456	1456	10	0
1456	1456	11	1
1456	1456	12	0
1456	1456	13	0
1456	1456	14	0
1456	1456	15	0
1456	1456	16	0
1456	1456	17	0
1456	1456	18	0
1456	1456	19	0
1456	1456	20	0
1456	1456	21	0
1456	1456	22	0
1456	1456	23	0
1456	1456	24	0
1456	1456	25	0
1456	1456	26	0
1456	1456	27	2
1456	1456	28	0
1456	1456	29	0
1456	1456	30	0
1456	1456	31	0
1456	1456	32	0
1456	1456	33	0
1456	1456	34	0
1456	1456	35	0
1456	1456	36	0
1456	1456	37	0
1457	1457	0	0
1457	1457	1	0
1457	1457	2	0
1457	1457	3	2
1457	1457	4	0
1457	1457	5	1
1457	1457	6	0
1457	1457	7	0
1457	1457	8	0
1457	1457	9	0
1457	1457	10	1
1457	1457	11	0
1457	1457	12	0
1457	1457	13	0
1457	1457	14	6
1457	1457	15	0
1457	1457	16	0
1457	1457	17	0
1457	1457	18	2
1457	1457	19	2
1457	1457	20	1
1457	1457	21	0
1457	1457	22	0
1457	1457	23	0
1457	1457	24	3
1457	1457	25	0
1457	1457	26	0
1457	1457	27	2
1457	1457	28	2
1457	1457	29	1
1457	1457	30	2
1457	1457	31	6
1457	1457	32	0
1457	1457	33	2
1457	1457	34	2
1457	1457	35	1
1457	1457	36	2
1457	1457	37	0
1458	1458	0	0
1458	1458	1	0
1458	1458	2	0
1458	1458	3	0
1458	1458	4	0
1458	1458	5	0
1458	1458	6	0
1458	1458	7	0
1458	1458	8	1
1458	1458	9	0
1458	1458	10	0
1458	1458	11	0
1458	1458	12	0
1458	1458	13	0
1458	1458	14	0
1458	1458	15	0
1458	1458	16	0
1458	1458	17	2
1458	1458	18	0
1458	1458	19	0
1458	1458	20	0
1458	1458	21	0
1458	1458	22	0
1458	1458	23	0
1458	1458	24	0
1458	1458	25	0
1458	1458	26	2
1458	1458	27	0
1458	1458	28	0
1458	1458	29	1
1458	1458	30	0
1458	1458	31	1
1458	1458	32	0
1458	1458	33	0
1458	1458	34	0
1458	1458	35	1
1458	1458	36	0
1458	1458	37	0
1459	1459	0	0
1459	1459	1	0
1459	1459	2	3
1459	1459	3	0
1459	1459	4	0
1459	1459	5	0
1459	1459	6	0
1459	1459	7	1
1459	1459	8	0
1459	1459	9	0
1459	1459	10	2
1459	1459	11	0
1459	1459	12	2
1459	1459	13	2
1459	1459	14	0
1459	1459	15	0
1459	1459	16	0
1459	1459	17	0
1459	1459	18	1
1459	1459	19	0
1459	1459	20	1
1459	1459	21	0
1459	1459	22	0
1459	1459	23	0
1459	1459	24	0
1459	1459	25	0
1459	1459	26	0
1459	1459	27	0
1459	1459	28	0
1459	1459	29	0
1459	1459	30	0
1459	1459	31	0
1459	1459	32	0
1459	1459	33	0
1459	1459	34	0
1459	1459	35	0
1459	1459	36	0
1459	1459	37	0
1460	1460	0	0
1460	1460	1	2
1460	1460	2	0
1460	1460	3	2
1460	1460	4	1
1460	1460	5	0
1460	1460	6	0
1460	1460	7	1
1460	1460	8	0
1460	1460	9	0
1460	1460	10	0
1460	1460	11	4
1460	1460	12	0
1460	1460	13	0
1460	1460	14	2
1460	1460	15	0
1460	1460	16	0
1460	1460	17	6
1460	1460	18	6
1460	1460	19	0
1460	1460	20	1
1460	1460	21	4
1460	1460	22	3
1460	1460	23	0
1460	1460	24	3
1460	1460	25	1
1460	1460	26	3
1460	1460	27	2
1460	1460	28	7
1460	1460	29	2
1460	1460	30	1
1460	1460	31	2
1460	1460	32	2
1460	1460	33	16
1460	1460	34	0
1460	1460	35	2
1460	1460	36	10
1460	1460	37	4
1461	1461	0	0
1461	1461	1	1
1461	1461	2	0
1461	1461	3	0
1461	1461	4	0
1461	1461	5	0
1461	1461	6	0
1461	1461	7	0
1461	1461	8	0
1461	1461	9	0
1461	1461	10	1
1461	1461	11	6
1461	1461	12	0
1461	1461	13	2
1461	1461	14	1
1461	1461	15	0
1461	1461	16	1
1461	1461	17	1
1461	1461	18	9
1461	1461	19	0
1461	1461	20	4
1461	1461	21	1
1461	1461	22	0
1461	1461	23	6
1461	1461	24	11
1461	1461	25	0
1461	1461	26	8
1461	1461	27	2
1461	1461	28	7
1461	1461	29	2
1461	1461	30	6
1461	1461	31	7
1461	1461	32	7
1461	1461	33	0
1461	1461	34	3
1461	1461	35	4
1461	1461	36	15
1461	1461	37	4
1462	1462	0	0
1462	1462	1	0
1462	1462	2	3
1462	1462	3	0
1462	1462	4	0
1462	1462	5	0
1462	1462	6	2
1462	1462	7	0
1462	1462	8	1
1462	1462	9	0
1462	1462	10	0
1462	1462	11	1
1462	1462	12	0
1462	1462	13	7
1462	1462	14	0
1462	1462	15	0
1462	1462	16	1
1462	1462	17	3
1462	1462	18	0
1462	1462	19	1
1462	1462	20	3
1462	1462	21	2
1462	1462	22	0
1462	1462	23	2
1462	1462	24	1
1462	1462	25	2
1462	1462	26	4
1462	1462	27	1
1462	1462	28	5
1462	1462	29	7
1462	1462	30	8
1462	1462	31	1
1462	1462	32	7
1462	1462	33	4
1462	1462	34	2
1462	1462	35	1
1462	1462	36	1
1462	1462	37	9
1463	1463	0	0
1463	1463	1	0
1463	1463	2	1
1463	1463	3	1
1463	1463	4	0
1463	1463	5	0
1463	1463	6	2
1463	1463	7	0
1463	1463	8	0
1463	1463	9	0
1463	1463	10	0
1463	1463	11	2
1463	1463	12	0
1463	1463	13	2
1463	1463	14	7
1463	1463	15	3
1463	1463	16	1
1463	1463	17	0
1463	1463	18	1
1463	1463	19	4
1463	1463	20	0
1463	1463	21	7
1463	1463	22	2
1463	1463	23	0
1463	1463	24	6
1463	1463	25	2
1463	1463	26	2
1463	1463	27	1
1463	1463	28	6
1463	1463	29	2
1463	1463	30	2
1463	1463	31	11
1463	1463	32	6
1463	1463	33	7
1463	1463	34	1
1463	1463	35	2
1463	1463	36	6
1463	1463	37	2
1464	1464	0	0
1464	1464	1	0
1464	1464	2	0
1464	1464	3	0
1464	1464	4	0
1464	1464	5	0
1464	1464	6	1
1464	1464	7	1
1464	1464	8	0
1464	1464	9	0
1464	1464	10	1
1464	1464	11	0
1464	1464	12	0
1464	1464	13	0
1464	1464	14	0
1464	1464	15	1
1464	1464	16	0
1464	1464	17	0
1464	1464	18	0
1464	1464	19	1
1464	1464	20	1
1464	1464	21	2
1464	1464	22	0
1464	1464	23	2
1464	1464	24	0
1464	1464	25	0
1464	1464	26	3
1464	1464	27	0
1464	1464	28	4
1464	1464	29	1
1464	1464	30	1
1464	1464	31	0
1464	1464	32	1
1464	1464	33	0
1464	1464	34	1
1464	1464	35	2
1464	1464	36	1
1464	1464	37	0
1465	1465	0	0
1465	1465	1	0
1465	1465	2	0
1465	1465	3	0
1465	1465	4	0
1465	1465	5	0
1465	1465	6	0
1465	1465	7	0
1465	1465	8	0
1465	1465	9	0
1465	1465	10	0
1465	1465	11	0
1465	1465	12	0
1465	1465	13	0
1465	1465	14	0
1465	1465	15	1
1465	1465	16	0
1465	1465	17	0
1465	1465	18	0
1465	1465	19	0
1465	1465	20	3
1465	1465	21	0
1465	1465	22	1
1465	1465	23	0
1465	1465	24	3
1465	1465	25	2
1465	1465	26	0
1465	1465	27	1
1465	1465	28	0
1465	1465	29	5
1465	1465	30	0
1465	1465	31	0
1465	1465	32	0
1465	1465	33	3
1465	1465	34	2
1465	1465	35	0
1465	1465	36	1
1465	1465	37	2
1466	1466	0	0
1466	1466	1	0
1466	1466	2	0
1466	1466	3	0
1466	1466	4	0
1466	1466	5	1
1466	1466	6	0
1466	1466	7	0
1466	1466	8	0
1466	1466	9	0
1466	1466	10	0
1466	1466	11	0
1466	1466	12	0
1466	1466	13	0
1466	1466	14	2
1466	1466	15	0
1466	1466	16	0
1466	1466	17	0
1466	1466	18	0
1466	1466	19	0
1466	1466	20	0
1466	1466	21	0
1466	1466	22	0
1466	1466	23	0
1466	1466	24	0
1466	1466	25	0
1466	1466	26	0
1466	1466	27	0
1466	1466	28	0
1466	1466	29	0
1466	1466	30	0
1466	1466	31	0
1466	1466	32	0
1466	1466	33	0
1466	1466	34	0
1466	1466	35	1
1466	1466	36	0
1466	1466	37	0
1467	1467	0	0
1467	1467	1	0
1467	1467	2	0
1467	1467	3	0
1467	1467	4	0
1467	1467	5	0
1467	1467	6	1
1467	1467	7	0
1467	1467	8	0
1467	1467	9	0
1467	1467	10	0
1467	1467	11	0
1467	1467	12	0
1467	1467	13	0
1467	1467	14	0
1467	1467	15	0
1467	1467	16	0
1467	1467	17	0
1467	1467	18	0
1467	1467	19	0
1467	1467	20	0
1467	1467	21	0
1467	1467	22	0
1467	1467	23	0
1467	1467	24	0
1467	1467	25	0
1467	1467	26	0
1467	1467	27	0
1467	1467	28	0
1467	1467	29	0
1467	1467	30	0
1467	1467	31	0
1467	1467	32	0
1467	1467	33	0
1467	1467	34	0
1467	1467	35	0
1467	1467	36	0
1467	1467	37	0
1468	1468	0	0
1468	1468	1	0
1468	1468	2	0
1468	1468	3	0
1468	1468	4	0
1468	1468	5	0
1468	1468	6	1
1468	1468	7	0
1468	1468	8	0
1468	1468	9	0
1468	1468	10	0
1468	1468	11	0
1468	1468	12	0
1468	1468	13	0
1468	1468	14	0
1468	1468	15	0
1468	1468	16	0
1468	1468	17	0
1468	1468	18	0
1468	1468	19	0
1468	1468	20	0
1468	1468	21	0
1468	1468	22	0
1468	1468	23	0
1468	1468	24	0
1468	1468	25	0
1468	1468	26	0
1468	1468	27	0
1468	1468	28	0
1468	1468	29	0
1468	1468	30	0
1468	1468	31	0
1468	1468	32	0
1468	1468	33	0
1468	1468	34	0
1468	1468	35	0
1468	1468	36	0
1468	1468	37	0
1469	1469	0	0
1469	1469	1	0
1469	1469	2	0
1469	1469	3	0
1469	1469	4	0
1469	1469	5	0
1469	1469	6	0
1469	1469	7	0
1469	1469	8	0
1469	1469	9	0
1469	1469	10	0
1469	1469	11	0
1469	1469	12	1
1469	1469	13	0
1469	1469	14	0
1469	1469	15	0
1469	1469	16	0
1469	1469	17	0
1469	1469	18	0
1469	1469	19	0
1469	1469	20	0
1469	1469	21	0
1469	1469	22	0
1469	1469	23	0
1469	1469	24	0
1469	1469	25	1
1469	1469	26	0
1469	1469	27	0
1469	1469	28	0
1469	1469	29	0
1469	1469	30	2
1469	1469	31	0
1469	1469	32	0
1469	1469	33	2
1469	1469	34	0
1469	1469	35	3
1469	1469	36	1
1469	1469	37	0
1470	1470	0	0
1470	1470	1	0
1470	1470	2	0
1470	1470	3	0
1470	1470	4	1
1470	1470	5	2
1470	1470	6	0
1470	1470	7	0
1470	1470	8	0
1470	1470	9	0
1470	1470	10	0
1470	1470	11	0
1470	1470	12	0
1470	1470	13	0
1470	1470	14	2
1470	1470	15	0
1470	1470	16	0
1470	1470	17	0
1470	1470	18	0
1470	1470	19	0
1470	1470	20	0
1470	1470	21	0
1470	1470	22	0
1470	1470	23	3
1470	1470	24	0
1470	1470	25	0
1470	1470	26	0
1470	1470	27	0
1470	1470	28	0
1470	1470	29	0
1470	1470	30	0
1470	1470	31	0
1470	1470	32	0
1470	1470	33	0
1470	1470	34	0
1470	1470	35	0
1470	1470	36	1
1470	1470	37	0
1471	1471	0	0
1471	1471	1	0
1471	1471	2	0
1471	1471	3	0
1471	1471	4	1
1471	1471	5	0
1471	1471	6	0
1471	1471	7	0
1471	1471	8	0
1471	1471	9	0
1471	1471	10	0
1471	1471	11	2
1471	1471	12	2
1471	1471	13	0
1471	1471	14	0
1471	1471	15	0
1471	1471	16	0
1471	1471	17	0
1471	1471	18	0
1471	1471	19	0
1471	1471	20	0
1471	1471	21	0
1471	1471	22	0
1471	1471	23	0
1471	1471	24	0
1471	1471	25	0
1471	1471	26	0
1471	1471	27	0
1471	1471	28	0
1471	1471	29	1
1471	1471	30	0
1471	1471	31	0
1471	1471	32	0
1471	1471	33	0
1471	1471	34	0
1471	1471	35	1
1471	1471	36	0
1471	1471	37	0
1472	1472	0	0
1472	1472	1	0
1472	1472	2	0
1472	1472	3	0
1472	1472	4	0
1472	1472	5	0
1472	1472	6	1
1472	1472	7	0
1472	1472	8	0
1472	1472	9	0
1472	1472	10	2
1472	1472	11	0
1472	1472	12	0
1472	1472	13	0
1472	1472	14	0
1472	1472	15	0
1472	1472	16	0
1472	1472	17	0
1472	1472	18	0
1472	1472	19	0
1472	1472	20	0
1472	1472	21	0
1472	1472	22	0
1472	1472	23	0
1472	1472	24	3
1472	1472	25	1
1472	1472	26	0
1472	1472	27	0
1472	1472	28	0
1472	1472	29	0
1472	1472	30	0
1472	1472	31	0
1472	1472	32	0
1472	1472	33	0
1472	1472	34	0
1472	1472	35	2
1472	1472	36	0
1472	1472	37	0
1473	1473	0	0
1473	1473	1	0
1473	1473	2	0
1473	1473	3	0
1473	1473	4	6
1473	1473	5	0
1473	1473	6	0
1473	1473	7	0
1473	1473	8	0
1473	1473	9	0
1473	1473	10	0
1473	1473	11	0
1473	1473	12	0
1473	1473	13	0
1473	1473	14	0
1473	1473	15	0
1473	1473	16	0
1473	1473	17	1
1473	1473	18	0
1473	1473	19	0
1473	1473	20	0
1473	1473	21	0
1473	1473	22	0
1473	1473	23	1
1473	1473	24	1
1473	1473	25	0
1473	1473	26	0
1473	1473	27	0
1473	1473	28	0
1473	1473	29	0
1473	1473	30	0
1473	1473	31	1
1473	1473	32	0
1473	1473	33	2
1473	1473	34	0
1473	1473	35	3
1473	1473	36	0
1473	1473	37	0
1474	1474	0	0
1474	1474	1	0
1474	1474	2	0
1474	1474	3	0
1474	1474	4	0
1474	1474	5	0
1474	1474	6	2
1474	1474	7	0
1474	1474	8	0
1474	1474	9	0
1474	1474	10	0
1474	1474	11	0
1474	1474	12	0
1474	1474	13	0
1474	1474	14	0
1474	1474	15	0
1474	1474	16	0
1474	1474	17	0
1474	1474	18	0
1474	1474	19	0
1474	1474	20	0
1474	1474	21	0
1474	1474	22	0
1474	1474	23	0
1474	1474	24	0
1474	1474	25	0
1474	1474	26	0
1474	1474	27	0
1474	1474	28	0
1474	1474	29	0
1474	1474	30	0
1474	1474	31	0
1474	1474	32	0
1474	1474	33	0
1474	1474	34	0
1474	1474	35	0
1474	1474	36	0
1474	1474	37	0
1475	1475	0	0
1475	1475	1	0
1475	1475	2	0
1475	1475	3	0
1475	1475	4	0
1475	1475	5	0
1475	1475	6	0
1475	1475	7	0
1475	1475	8	0
1475	1475	9	0
1475	1475	10	2
1475	1475	11	1
1475	1475	12	0
1475	1475	13	0
1475	1475	14	0
1475	1475	15	0
1475	1475	16	0
1475	1475	17	1
1475	1475	18	1
1475	1475	19	0
1475	1475	20	0
1475	1475	21	2
1475	1475	22	0
1475	1475	23	0
1475	1475	24	0
1475	1475	25	1
1475	1475	26	0
1475	1475	27	0
1475	1475	28	0
1475	1475	29	0
1475	1475	30	1
1475	1475	31	1
1475	1475	32	0
1475	1475	33	0
1475	1475	34	1
1475	1475	35	0
1475	1475	36	2
1475	1475	37	0
1476	1476	0	0
1476	1476	1	0
1476	1476	2	0
1476	1476	3	0
1476	1476	4	0
1476	1476	5	0
1476	1476	6	0
1476	1476	7	0
1476	1476	8	0
1476	1476	9	0
1476	1476	10	0
1476	1476	11	0
1476	1476	12	0
1476	1476	13	0
1476	1476	14	0
1476	1476	15	0
1476	1476	16	0
1476	1476	17	0
1476	1476	18	0
1476	1476	19	0
1476	1476	20	0
1476	1476	21	0
1476	1476	22	0
1476	1476	23	0
1476	1476	24	0
1476	1476	25	0
1476	1476	26	1
1476	1476	27	0
1476	1476	28	0
1476	1476	29	0
1476	1476	30	0
1476	1476	31	1
1476	1476	32	0
1476	1476	33	0
1476	1476	34	0
1476	1476	35	0
1476	1476	36	0
1476	1476	37	0
1477	1477	0	0
1477	1477	1	0
1477	1477	2	0
1477	1477	3	0
1477	1477	4	1
1477	1477	5	0
1477	1477	6	0
1477	1477	7	0
1477	1477	8	0
1477	1477	9	0
1477	1477	10	0
1477	1477	11	0
1477	1477	12	0
1477	1477	13	0
1477	1477	14	0
1477	1477	15	0
1477	1477	16	0
1477	1477	17	0
1477	1477	18	0
1477	1477	19	0
1477	1477	20	0
1477	1477	21	0
1477	1477	22	0
1477	1477	23	0
1477	1477	24	0
1477	1477	25	0
1477	1477	26	0
1477	1477	27	0
1477	1477	28	0
1477	1477	29	0
1477	1477	30	0
1477	1477	31	0
1477	1477	32	0
1477	1477	33	0
1477	1477	34	0
1477	1477	35	0
1477	1477	36	0
1477	1477	37	0
1478	1478	0	0
1478	1478	1	0
1478	1478	2	0
1478	1478	3	0
1478	1478	4	0
1478	1478	5	0
1478	1478	6	0
1478	1478	7	0
1478	1478	8	0
1478	1478	9	0
1478	1478	10	0
1478	1478	11	0
1478	1478	12	1
1478	1478	13	0
1478	1478	14	0
1478	1478	15	0
1478	1478	16	0
1478	1478	17	2
1478	1478	18	0
1478	1478	19	0
1478	1478	20	0
1478	1478	21	0
1478	1478	22	0
1478	1478	23	1
1478	1478	24	0
1478	1478	25	0
1478	1478	26	0
1478	1478	27	1
1478	1478	28	0
1478	1478	29	5
1478	1478	30	2
1478	1478	31	0
1478	1478	32	0
1478	1478	33	0
1478	1478	34	2
1478	1478	35	2
1478	1478	36	1
1478	1478	37	6
1479	1479	0	0
1479	1479	1	0
1479	1479	2	3
1479	1479	3	0
1479	1479	4	0
1479	1479	5	0
1479	1479	6	1
1479	1479	7	0
1479	1479	8	0
1479	1479	9	1
1479	1479	10	0
1479	1479	11	0
1479	1479	12	0
1479	1479	13	1
1479	1479	14	0
1479	1479	15	2
1479	1479	16	0
1479	1479	17	0
1479	1479	18	0
1479	1479	19	0
1479	1479	20	0
1479	1479	21	1
1479	1479	22	2
1479	1479	23	1
1479	1479	24	0
1479	1479	25	1
1479	1479	26	1
1479	1479	27	1
1479	1479	28	0
1479	1479	29	0
1479	1479	30	1
1479	1479	31	0
1479	1479	32	7
1479	1479	33	2
1479	1479	34	2
1479	1479	35	0
1479	1479	36	1
1479	1479	37	2
1480	1480	0	0
1480	1480	1	0
1480	1480	2	0
1480	1480	3	0
1480	1480	4	0
1480	1480	5	0
1480	1480	6	0
1480	1480	7	0
1480	1480	8	0
1480	1480	9	0
1480	1480	10	0
1480	1480	11	0
1480	1480	12	0
1480	1480	13	0
1480	1480	14	0
1480	1480	15	0
1480	1480	16	0
1480	1480	17	3
1480	1480	18	0
1480	1480	19	0
1480	1480	20	0
1480	1480	21	0
1480	1480	22	0
1480	1480	23	2
1480	1480	24	1
1480	1480	25	0
1480	1480	26	0
1480	1480	27	0
1480	1480	28	1
1480	1480	29	0
1480	1480	30	0
1480	1480	31	0
1480	1480	32	2
1480	1480	33	1
1480	1480	34	0
1480	1480	35	4
1480	1480	36	5
1480	1480	37	0
1481	1481	0	0
1481	1481	1	0
1481	1481	2	0
1481	1481	3	0
1481	1481	4	0
1481	1481	5	0
1481	1481	6	0
1481	1481	7	0
1481	1481	8	0
1481	1481	9	0
1481	1481	10	0
1481	1481	11	0
1481	1481	12	0
1481	1481	13	0
1481	1481	14	0
1481	1481	15	0
1481	1481	16	0
1481	1481	17	0
1481	1481	18	0
1481	1481	19	0
1481	1481	20	0
1481	1481	21	0
1481	1481	22	0
1481	1481	23	0
1481	1481	24	0
1481	1481	25	0
1481	1481	26	0
1481	1481	27	0
1481	1481	28	0
1481	1481	29	0
1481	1481	30	0
1481	1481	31	0
1481	1481	32	0
1481	1481	33	0
1481	1481	34	0
1481	1481	35	0
1481	1481	36	0
1481	1481	37	0
1482	1482	0	0
1482	1482	1	0
1482	1482	2	0
1482	1482	3	0
1482	1482	4	0
1482	1482	5	0
1482	1482	6	0
1482	1482	7	0
1482	1482	8	0
1482	1482	9	0
1482	1482	10	0
1482	1482	11	0
1482	1482	12	0
1482	1482	13	0
1482	1482	14	0
1482	1482	15	0
1482	1482	16	0
1482	1482	17	0
1482	1482	18	0
1482	1482	19	0
1482	1482	20	0
1482	1482	21	0
1482	1482	22	0
1482	1482	23	0
1482	1482	24	0
1482	1482	25	0
1482	1482	26	0
1482	1482	27	0
1482	1482	28	0
1482	1482	29	0
1482	1482	30	0
1482	1482	31	0
1482	1482	32	0
1482	1482	33	0
1482	1482	34	0
1482	1482	35	0
1482	1482	36	0
1482	1482	37	0
1483	1483	0	0
1483	1483	1	0
1483	1483	2	0
1483	1483	3	0
1483	1483	4	0
1483	1483	5	0
1483	1483	6	0
1483	1483	7	0
1483	1483	8	0
1483	1483	9	0
1483	1483	10	0
1483	1483	11	0
1483	1483	12	0
1483	1483	13	0
1483	1483	14	0
1483	1483	15	0
1483	1483	16	0
1483	1483	17	0
1483	1483	18	0
1483	1483	19	0
1483	1483	20	0
1483	1483	21	0
1483	1483	22	0
1483	1483	23	0
1483	1483	24	0
1483	1483	25	0
1483	1483	26	2
1483	1483	27	0
1483	1483	28	0
1483	1483	29	0
1483	1483	30	0
1483	1483	31	0
1483	1483	32	0
1483	1483	33	0
1483	1483	34	0
1483	1483	35	6
1483	1483	36	0
1483	1483	37	0
1484	1484	0	0
1484	1484	1	2
1484	1484	2	0
1484	1484	3	0
1484	1484	4	0
1484	1484	5	0
1484	1484	6	0
1484	1484	7	0
1484	1484	8	0
1484	1484	9	0
1484	1484	10	0
1484	1484	11	0
1484	1484	12	0
1484	1484	13	0
1484	1484	14	0
1484	1484	15	0
1484	1484	16	0
1484	1484	17	0
1484	1484	18	0
1484	1484	19	0
1484	1484	20	0
1484	1484	21	0
1484	1484	22	0
1484	1484	23	0
1484	1484	24	0
1484	1484	25	0
1484	1484	26	0
1484	1484	27	0
1484	1484	28	0
1484	1484	29	0
1484	1484	30	0
1484	1484	31	1
1484	1484	32	0
1484	1484	33	0
1484	1484	34	0
1484	1484	35	0
1484	1484	36	0
1484	1484	37	0
1485	1485	0	0
1485	1485	1	0
1485	1485	2	1
1485	1485	3	0
1485	1485	4	0
1485	1485	5	0
1485	1485	6	0
1485	1485	7	0
1485	1485	8	2
1485	1485	9	0
1485	1485	10	1
1485	1485	11	0
1485	1485	12	1
1485	1485	13	0
1485	1485	14	0
1485	1485	15	2
1485	1485	16	0
1485	1485	17	0
1485	1485	18	0
1485	1485	19	0
1485	1485	20	1
1485	1485	21	3
1485	1485	22	0
1485	1485	23	2
1485	1485	24	0
1485	1485	25	0
1485	1485	26	0
1485	1485	27	0
1485	1485	28	0
1485	1485	29	1
1485	1485	30	1
1485	1485	31	1
1485	1485	32	1
1485	1485	33	0
1485	1485	34	0
1485	1485	35	0
1485	1485	36	0
1485	1485	37	1
1486	1486	0	0
1486	1486	1	0
1486	1486	2	4
1486	1486	3	1
1486	1486	4	0
1486	1486	5	0
1486	1486	6	0
1486	1486	7	0
1486	1486	8	0
1486	1486	9	0
1486	1486	10	0
1486	1486	11	0
1486	1486	12	0
1486	1486	13	0
1486	1486	14	0
1486	1486	15	0
1486	1486	16	0
1486	1486	17	0
1486	1486	18	0
1486	1486	19	0
1486	1486	20	0
1486	1486	21	0
1486	1486	22	0
1486	1486	23	0
1486	1486	24	0
1486	1486	25	0
1486	1486	26	0
1486	1486	27	0
1486	1486	28	0
1486	1486	29	0
1486	1486	30	0
1486	1486	31	0
1486	1486	32	0
1486	1486	33	0
1486	1486	34	0
1486	1486	35	0
1486	1486	36	1
1486	1486	37	0
1487	1487	0	0
1487	1487	1	0
1487	1487	2	0
1487	1487	3	0
1487	1487	4	0
1487	1487	5	0
1487	1487	6	0
1487	1487	7	0
1487	1487	8	0
1487	1487	9	0
1487	1487	10	0
1487	1487	11	0
1487	1487	12	0
1487	1487	13	0
1487	1487	14	0
1487	1487	15	0
1487	1487	16	0
1487	1487	17	4
1487	1487	18	0
1487	1487	19	0
1487	1487	20	1
1487	1487	21	0
1487	1487	22	0
1487	1487	23	0
1487	1487	24	0
1487	1487	25	0
1487	1487	26	0
1487	1487	27	0
1487	1487	28	1
1487	1487	29	0
1487	1487	30	0
1487	1487	31	0
1487	1487	32	0
1487	1487	33	0
1487	1487	34	0
1487	1487	35	0
1487	1487	36	0
1487	1487	37	0
1488	1488	0	0
1488	1488	1	0
1488	1488	2	0
1488	1488	3	0
1488	1488	4	0
1488	1488	5	0
1488	1488	6	0
1488	1488	7	0
1488	1488	8	0
1488	1488	9	0
1488	1488	10	0
1488	1488	11	0
1488	1488	12	0
1488	1488	13	0
1488	1488	14	0
1488	1488	15	0
1488	1488	16	0
1488	1488	17	0
1488	1488	18	0
1488	1488	19	0
1488	1488	20	0
1488	1488	21	0
1488	1488	22	3
1488	1488	23	0
1488	1488	24	0
1488	1488	25	0
1488	1488	26	0
1488	1488	27	0
1488	1488	28	0
1488	1488	29	0
1488	1488	30	0
1488	1488	31	0
1488	1488	32	0
1488	1488	33	0
1488	1488	34	0
1488	1488	35	0
1488	1488	36	0
1488	1488	37	0
1489	1489	0	0
1489	1489	1	0
1489	1489	2	0
1489	1489	3	0
1489	1489	4	0
1489	1489	5	0
1489	1489	6	0
1489	1489	7	0
1489	1489	8	0
1489	1489	9	0
1489	1489	10	0
1489	1489	11	3
1489	1489	12	0
1489	1489	13	2
1489	1489	14	0
1489	1489	15	0
1489	1489	16	0
1489	1489	17	0
1489	1489	18	0
1489	1489	19	0
1489	1489	20	0
1489	1489	21	0
1489	1489	22	0
1489	1489	23	0
1489	1489	24	0
1489	1489	25	0
1489	1489	26	0
1489	1489	27	0
1489	1489	28	0
1489	1489	29	0
1489	1489	30	0
1489	1489	31	0
1489	1489	32	0
1489	1489	33	0
1489	1489	34	0
1489	1489	35	0
1489	1489	36	0
1489	1489	37	0
1490	1490	0	0
1490	1490	1	0
1490	1490	2	0
1490	1490	3	0
1490	1490	4	0
1490	1490	5	0
1490	1490	6	1
1490	1490	7	0
1490	1490	8	0
1490	1490	9	0
1490	1490	10	0
1490	1490	11	0
1490	1490	12	0
1490	1490	13	0
1490	1490	14	0
1490	1490	15	0
1490	1490	16	0
1490	1490	17	0
1490	1490	18	0
1490	1490	19	0
1490	1490	20	0
1490	1490	21	0
1490	1490	22	0
1490	1490	23	0
1490	1490	24	0
1490	1490	25	0
1490	1490	26	0
1490	1490	27	0
1490	1490	28	0
1490	1490	29	0
1490	1490	30	0
1490	1490	31	0
1490	1490	32	1
1490	1490	33	0
1490	1490	34	0
1490	1490	35	0
1490	1490	36	0
1490	1490	37	0
1491	1491	0	0
1491	1491	1	0
1491	1491	2	0
1491	1491	3	0
1491	1491	4	0
1491	1491	5	0
1491	1491	6	0
1491	1491	7	0
1491	1491	8	0
1491	1491	9	0
1491	1491	10	0
1491	1491	11	0
1491	1491	12	0
1491	1491	13	0
1491	1491	14	0
1491	1491	15	0
1491	1491	16	0
1491	1491	17	1
1491	1491	18	0
1491	1491	19	0
1491	1491	20	0
1491	1491	21	0
1491	1491	22	0
1491	1491	23	0
1491	1491	24	0
1491	1491	25	0
1491	1491	26	0
1491	1491	27	0
1491	1491	28	0
1491	1491	29	0
1491	1491	30	0
1491	1491	31	0
1491	1491	32	0
1491	1491	33	0
1491	1491	34	0
1491	1491	35	0
1491	1491	36	0
1491	1491	37	0
1492	1492	0	0
1492	1492	1	0
1492	1492	2	0
1492	1492	3	0
1492	1492	4	0
1492	1492	5	2
1492	1492	6	0
1492	1492	7	0
1492	1492	8	1
1492	1492	9	0
1492	1492	10	0
1492	1492	11	0
1492	1492	12	0
1492	1492	13	0
1492	1492	14	0
1492	1492	15	0
1492	1492	16	0
1492	1492	17	0
1492	1492	18	0
1492	1492	19	0
1492	1492	20	0
1492	1492	21	0
1492	1492	22	0
1492	1492	23	1
1492	1492	24	0
1492	1492	25	0
1492	1492	26	0
1492	1492	27	0
1492	1492	28	0
1492	1492	29	0
1492	1492	30	0
1492	1492	31	0
1492	1492	32	0
1492	1492	33	0
1492	1492	34	0
1492	1492	35	0
1492	1492	36	0
1492	1492	37	0
1493	1493	0	0
1493	1493	1	3
1493	1493	2	0
1493	1493	3	0
1493	1493	4	0
1493	1493	5	0
1493	1493	6	0
1493	1493	7	0
1493	1493	8	0
1493	1493	9	0
1493	1493	10	0
1493	1493	11	0
1493	1493	12	0
1493	1493	13	0
1493	1493	14	0
1493	1493	15	0
1493	1493	16	0
1493	1493	17	0
1493	1493	18	2
1493	1493	19	0
1493	1493	20	0
1493	1493	21	0
1493	1493	22	0
1493	1493	23	0
1493	1493	24	0
1493	1493	25	0
1493	1493	26	0
1493	1493	27	0
1493	1493	28	0
1493	1493	29	0
1493	1493	30	0
1493	1493	31	0
1493	1493	32	0
1493	1493	33	0
1493	1493	34	0
1493	1493	35	0
1493	1493	36	0
1493	1493	37	0
1494	1494	0	0
1494	1494	1	0
1494	1494	2	2
1494	1494	3	0
1494	1494	4	0
1494	1494	5	0
1494	1494	6	0
1494	1494	7	0
1494	1494	8	0
1494	1494	9	0
1494	1494	10	0
1494	1494	11	0
1494	1494	12	0
1494	1494	13	0
1494	1494	14	0
1494	1494	15	0
1494	1494	16	0
1494	1494	17	0
1494	1494	18	0
1494	1494	19	0
1494	1494	20	0
1494	1494	21	0
1494	1494	22	0
1494	1494	23	0
1494	1494	24	0
1494	1494	25	0
1494	1494	26	0
1494	1494	27	0
1494	1494	28	0
1494	1494	29	0
1494	1494	30	0
1494	1494	31	0
1494	1494	32	0
1494	1494	33	0
1494	1494	34	0
1494	1494	35	0
1494	1494	36	0
1494	1494	37	0
1495	1495	0	0
1495	1495	1	0
1495	1495	2	0
1495	1495	3	0
1495	1495	4	0
1495	1495	5	0
1495	1495	6	0
1495	1495	7	0
1495	1495	8	0
1495	1495	9	0
1495	1495	10	0
1495	1495	11	0
1495	1495	12	0
1495	1495	13	0
1495	1495	14	0
1495	1495	15	0
1495	1495	16	0
1495	1495	17	0
1495	1495	18	0
1495	1495	19	0
1495	1495	20	1
1495	1495	21	0
1495	1495	22	0
1495	1495	23	0
1495	1495	24	0
1495	1495	25	0
1495	1495	26	0
1495	1495	27	0
1495	1495	28	0
1495	1495	29	0
1495	1495	30	0
1495	1495	31	0
1495	1495	32	0
1495	1495	33	0
1495	1495	34	0
1495	1495	35	0
1495	1495	36	0
1495	1495	37	0
1496	1496	0	0
1496	1496	1	0
1496	1496	2	0
1496	1496	3	0
1496	1496	4	0
1496	1496	5	0
1496	1496	6	0
1496	1496	7	0
1496	1496	8	0
1496	1496	9	0
1496	1496	10	0
1496	1496	11	0
1496	1496	12	0
1496	1496	13	0
1496	1496	14	1
1496	1496	15	1
1496	1496	16	1
1496	1496	17	0
1496	1496	18	0
1496	1496	19	0
1496	1496	20	0
1496	1496	21	0
1496	1496	22	0
1496	1496	23	0
1496	1496	24	0
1496	1496	25	0
1496	1496	26	0
1496	1496	27	0
1496	1496	28	0
1496	1496	29	0
1496	1496	30	2
1496	1496	31	0
1496	1496	32	0
1496	1496	33	1
1496	1496	34	0
1496	1496	35	0
1496	1496	36	0
1496	1496	37	0
1497	1497	0	0
1497	1497	1	0
1497	1497	2	0
1497	1497	3	0
1497	1497	4	0
1497	1497	5	0
1497	1497	6	0
1497	1497	7	0
1497	1497	8	0
1497	1497	9	0
1497	1497	10	1
1497	1497	11	0
1497	1497	12	0
1497	1497	13	0
1497	1497	14	0
1497	1497	15	0
1497	1497	16	0
1497	1497	17	0
1497	1497	18	0
1497	1497	19	0
1497	1497	20	0
1497	1497	21	0
1497	1497	22	0
1497	1497	23	0
1497	1497	24	0
1497	1497	25	0
1497	1497	26	2
1497	1497	27	0
1497	1497	28	0
1497	1497	29	0
1497	1497	30	0
1497	1497	31	0
1497	1497	32	0
1497	1497	33	0
1497	1497	34	0
1497	1497	35	0
1497	1497	36	0
1497	1497	37	0
1498	1498	0	0
1498	1498	1	1
1498	1498	2	0
1498	1498	3	0
1498	1498	4	0
1498	1498	5	0
1498	1498	6	1
1498	1498	7	0
1498	1498	8	0
1498	1498	9	0
1498	1498	10	0
1498	1498	11	0
1498	1498	12	0
1498	1498	13	0
1498	1498	14	0
1498	1498	15	0
1498	1498	16	0
1498	1498	17	0
1498	1498	18	0
1498	1498	19	0
1498	1498	20	0
1498	1498	21	0
1498	1498	22	0
1498	1498	23	0
1498	1498	24	0
1498	1498	25	0
1498	1498	26	0
1498	1498	27	0
1498	1498	28	0
1498	1498	29	0
1498	1498	30	0
1498	1498	31	0
1498	1498	32	0
1498	1498	33	0
1498	1498	34	0
1498	1498	35	1
1498	1498	36	1
1498	1498	37	1
1499	1499	0	0
1499	1499	1	0
1499	1499	2	0
1499	1499	3	0
1499	1499	4	0
1499	1499	5	0
1499	1499	6	0
1499	1499	7	0
1499	1499	8	1
1499	1499	9	0
1499	1499	10	0
1499	1499	11	0
1499	1499	12	0
1499	1499	13	0
1499	1499	14	0
1499	1499	15	0
1499	1499	16	0
1499	1499	17	0
1499	1499	18	0
1499	1499	19	0
1499	1499	20	0
1499	1499	21	0
1499	1499	22	0
1499	1499	23	0
1499	1499	24	0
1499	1499	25	0
1499	1499	26	0
1499	1499	27	0
1499	1499	28	0
1499	1499	29	0
1499	1499	30	0
1499	1499	31	0
1499	1499	32	0
1499	1499	33	0
1499	1499	34	1
1499	1499	35	0
1499	1499	36	0
1499	1499	37	0
1500	1500	0	0
1500	1500	1	0
1500	1500	2	0
1500	1500	3	0
1500	1500	4	5
1500	1500	5	0
1500	1500	6	0
1500	1500	7	0
1500	1500	8	0
1500	1500	9	0
1500	1500	10	0
1500	1500	11	0
1500	1500	12	0
1500	1500	13	0
1500	1500	14	0
1500	1500	15	0
1500	1500	16	0
1500	1500	17	0
1500	1500	18	0
1500	1500	19	0
1500	1500	20	0
1500	1500	21	0
1500	1500	22	0
1500	1500	23	0
1500	1500	24	0
1500	1500	25	0
1500	1500	26	0
1500	1500	27	0
1500	1500	28	0
1500	1500	29	0
1500	1500	30	0
1500	1500	31	0
1500	1500	32	0
1500	1500	33	3
1500	1500	34	0
1500	1500	35	0
1500	1500	36	0
1500	1500	37	0
1501	1501	0	0
1501	1501	1	1
1501	1501	2	2
1501	1501	3	0
1501	1501	4	0
1501	1501	5	0
1501	1501	6	0
1501	1501	7	0
1501	1501	8	0
1501	1501	9	0
1501	1501	10	0
1501	1501	11	0
1501	1501	12	0
1501	1501	13	0
1501	1501	14	0
1501	1501	15	0
1501	1501	16	0
1501	1501	17	0
1501	1501	18	0
1501	1501	19	0
1501	1501	20	0
1501	1501	21	0
1501	1501	22	2
1501	1501	23	0
1501	1501	24	0
1501	1501	25	0
1501	1501	26	0
1501	1501	27	0
1501	1501	28	0
1501	1501	29	0
1501	1501	30	0
1501	1501	31	0
1501	1501	32	0
1501	1501	33	0
1501	1501	34	0
1501	1501	35	0
1501	1501	36	0
1501	1501	37	0
1502	1502	0	0
1502	1502	1	1
1502	1502	2	0
1502	1502	3	0
1502	1502	4	0
1502	1502	5	1
1502	1502	6	1
1502	1502	7	0
1502	1502	8	0
1502	1502	9	0
1502	1502	10	0
1502	1502	11	0
1502	1502	12	1
1502	1502	13	0
1502	1502	14	0
1502	1502	15	0
1502	1502	16	0
1502	1502	17	0
1502	1502	18	4
1502	1502	19	0
1502	1502	20	1
1502	1502	21	0
1502	1502	22	0
1502	1502	23	0
1502	1502	24	0
1502	1502	25	1
1502	1502	26	0
1502	1502	27	0
1502	1502	28	0
1502	1502	29	5
1502	1502	30	0
1502	1502	31	0
1502	1502	32	0
1502	1502	33	0
1502	1502	34	0
1502	1502	35	0
1502	1502	36	0
1502	1502	37	0
1503	1503	0	0
1503	1503	1	0
1503	1503	2	1
1503	1503	3	0
1503	1503	4	1
1503	1503	5	0
1503	1503	6	0
1503	1503	7	0
1503	1503	8	0
1503	1503	9	0
1503	1503	10	0
1503	1503	11	0
1503	1503	12	0
1503	1503	13	0
1503	1503	14	0
1503	1503	15	0
1503	1503	16	1
1503	1503	17	0
1503	1503	18	0
1503	1503	19	0
1503	1503	20	0
1503	1503	21	0
1503	1503	22	1
1503	1503	23	0
1503	1503	24	0
1503	1503	25	0
1503	1503	26	2
1503	1503	27	0
1503	1503	28	0
1503	1503	29	0
1503	1503	30	0
1503	1503	31	0
1503	1503	32	2
1503	1503	33	5
1503	1503	34	0
1503	1503	35	0
1503	1503	36	1
1503	1503	37	1
1504	1504	0	0
1504	1504	1	0
1504	1504	2	0
1504	1504	3	0
1504	1504	4	0
1504	1504	5	0
1504	1504	6	0
1504	1504	7	0
1504	1504	8	0
1504	1504	9	0
1504	1504	10	0
1504	1504	11	0
1504	1504	12	0
1504	1504	13	0
1504	1504	14	0
1504	1504	15	1
1504	1504	16	0
1504	1504	17	0
1504	1504	18	2
1504	1504	19	0
1504	1504	20	0
1504	1504	21	0
1504	1504	22	0
1504	1504	23	0
1504	1504	24	0
1504	1504	25	0
1504	1504	26	0
1504	1504	27	0
1504	1504	28	0
1504	1504	29	1
1504	1504	30	0
1504	1504	31	0
1504	1504	32	0
1504	1504	33	0
1504	1504	34	0
1504	1504	35	0
1504	1504	36	0
1504	1504	37	0
1505	1505	0	0
1505	1505	1	1
1505	1505	2	0
1505	1505	3	0
1505	1505	4	1
1505	1505	5	2
1505	1505	6	0
1505	1505	7	0
1505	1505	8	0
1505	1505	9	0
1505	1505	10	0
1505	1505	11	2
1505	1505	12	0
1505	1505	13	0
1505	1505	14	0
1505	1505	15	1
1505	1505	16	0
1505	1505	17	0
1505	1505	18	0
1505	1505	19	0
1505	1505	20	2
1505	1505	21	4
1505	1505	22	2
1505	1505	23	1
1505	1505	24	0
1505	1505	25	0
1505	1505	26	0
1505	1505	27	0
1505	1505	28	0
1505	1505	29	0
1505	1505	30	3
1505	1505	31	1
1505	1505	32	1
1505	1505	33	0
1505	1505	34	0
1505	1505	35	0
1505	1505	36	0
1505	1505	37	1
1506	1506	0	0
1506	1506	1	0
1506	1506	2	0
1506	1506	3	0
1506	1506	4	0
1506	1506	5	0
1506	1506	6	0
1506	1506	7	0
1506	1506	8	0
1506	1506	9	1
1506	1506	10	0
1506	1506	11	0
1506	1506	12	0
1506	1506	13	0
1506	1506	14	1
1506	1506	15	1
1506	1506	16	0
1506	1506	17	0
1506	1506	18	0
1506	1506	19	0
1506	1506	20	0
1506	1506	21	1
1506	1506	22	1
1506	1506	23	0
1506	1506	24	0
1506	1506	25	2
1506	1506	26	0
1506	1506	27	0
1506	1506	28	2
1506	1506	29	2
1506	1506	30	1
1506	1506	31	0
1506	1506	32	4
1506	1506	33	3
1506	1506	34	0
1506	1506	35	3
1506	1506	36	1
1506	1506	37	2
1507	1507	0	0
1507	1507	1	0
1507	1507	2	0
1507	1507	3	0
1507	1507	4	0
1507	1507	5	1
1507	1507	6	0
1507	1507	7	0
1507	1507	8	0
1507	1507	9	1
1507	1507	10	0
1507	1507	11	0
1507	1507	12	0
1507	1507	13	0
1507	1507	14	0
1507	1507	15	0
1507	1507	16	0
1507	1507	17	0
1507	1507	18	0
1507	1507	19	0
1507	1507	20	1
1507	1507	21	0
1507	1507	22	0
1507	1507	23	0
1507	1507	24	0
1507	1507	25	0
1507	1507	26	0
1507	1507	27	0
1507	1507	28	0
1507	1507	29	0
1507	1507	30	0
1507	1507	31	0
1507	1507	32	0
1507	1507	33	0
1507	1507	34	0
1507	1507	35	0
1507	1507	36	0
1507	1507	37	0
1508	1508	0	0
1508	1508	1	0
1508	1508	2	0
1508	1508	3	0
1508	1508	4	0
1508	1508	5	0
1508	1508	6	0
1508	1508	7	2
1508	1508	8	0
1508	1508	9	0
1508	1508	10	0
1508	1508	11	0
1508	1508	12	0
1508	1508	13	0
1508	1508	14	0
1508	1508	15	0
1508	1508	16	0
1508	1508	17	0
1508	1508	18	0
1508	1508	19	1
1508	1508	20	0
1508	1508	21	0
1508	1508	22	0
1508	1508	23	0
1508	1508	24	0
1508	1508	25	0
1508	1508	26	3
1508	1508	27	0
1508	1508	28	0
1508	1508	29	0
1508	1508	30	0
1508	1508	31	1
1508	1508	32	2
1508	1508	33	0
1508	1508	34	0
1508	1508	35	0
1508	1508	36	0
1508	1508	37	0
1509	1509	0	0
1509	1509	1	1
1509	1509	2	0
1509	1509	3	0
1509	1509	4	0
1509	1509	5	1
1509	1509	6	0
1509	1509	7	0
1509	1509	8	0
1509	1509	9	1
1509	1509	10	0
1509	1509	11	0
1509	1509	12	0
1509	1509	13	1
1509	1509	14	0
1509	1509	15	1
1509	1509	16	1
1509	1509	17	0
1509	1509	18	3
1509	1509	19	0
1509	1509	20	1
1509	1509	21	0
1509	1509	22	1
1509	1509	23	5
1509	1509	24	2
1509	1509	25	0
1509	1509	26	1
1509	1509	27	0
1509	1509	28	0
1509	1509	29	6
1509	1509	30	2
1509	1509	31	0
1509	1509	32	0
1509	1509	33	3
1509	1509	34	1
1509	1509	35	4
1509	1509	36	0
1509	1509	37	0
1510	1510	0	0
1510	1510	1	0
1510	1510	2	0
1510	1510	3	0
1510	1510	4	0
1510	1510	5	0
1510	1510	6	0
1510	1510	7	0
1510	1510	8	0
1510	1510	9	0
1510	1510	10	0
1510	1510	11	0
1510	1510	12	0
1510	1510	13	0
1510	1510	14	0
1510	1510	15	0
1510	1510	16	0
1510	1510	17	0
1510	1510	18	0
1510	1510	19	0
1510	1510	20	0
1510	1510	21	0
1510	1510	22	0
1510	1510	23	0
1510	1510	24	0
1510	1510	25	0
1510	1510	26	0
1510	1510	27	0
1510	1510	28	0
1510	1510	29	0
1510	1510	30	0
1510	1510	31	0
1510	1510	32	0
1510	1510	33	0
1510	1510	34	0
1510	1510	35	0
1510	1510	36	0
1510	1510	37	2
1511	1511	0	0
1511	1511	1	0
1511	1511	2	0
1511	1511	3	2
1511	1511	4	0
1511	1511	5	0
1511	1511	6	0
1511	1511	7	0
1511	1511	8	2
1511	1511	9	0
1511	1511	10	0
1511	1511	11	0
1511	1511	12	0
1511	1511	13	0
1511	1511	14	0
1511	1511	15	0
1511	1511	16	0
1511	1511	17	0
1511	1511	18	0
1511	1511	19	0
1511	1511	20	0
1511	1511	21	0
1511	1511	22	0
1511	1511	23	1
1511	1511	24	0
1511	1511	25	0
1511	1511	26	0
1511	1511	27	0
1511	1511	28	0
1511	1511	29	0
1511	1511	30	0
1511	1511	31	0
1511	1511	32	0
1511	1511	33	0
1511	1511	34	0
1511	1511	35	0
1511	1511	36	0
1511	1511	37	0
1512	1512	0	0
1512	1512	1	0
1512	1512	2	0
1512	1512	3	6
1512	1512	4	2
1512	1512	5	0
1512	1512	6	0
1512	1512	7	0
1512	1512	8	0
1512	1512	9	1
1512	1512	10	0
1512	1512	11	0
1512	1512	12	0
1512	1512	13	0
1512	1512	14	0
1512	1512	15	0
1512	1512	16	0
1512	1512	17	0
1512	1512	18	0
1512	1512	19	0
1512	1512	20	0
1512	1512	21	0
1512	1512	22	0
1512	1512	23	0
1512	1512	24	0
1512	1512	25	0
1512	1512	26	0
1512	1512	27	0
1512	1512	28	0
1512	1512	29	0
1512	1512	30	0
1512	1512	31	0
1512	1512	32	0
1512	1512	33	0
1512	1512	34	0
1512	1512	35	0
1512	1512	36	0
1512	1512	37	0
1513	1513	0	0
1513	1513	1	0
1513	1513	2	0
1513	1513	3	1
1513	1513	4	0
1513	1513	5	0
1513	1513	6	0
1513	1513	7	0
1513	1513	8	0
1513	1513	9	0
1513	1513	10	0
1513	1513	11	0
1513	1513	12	1
1513	1513	13	0
1513	1513	14	0
1513	1513	15	0
1513	1513	16	0
1513	1513	17	0
1513	1513	18	4
1513	1513	19	1
1513	1513	20	0
1513	1513	21	2
1513	1513	22	0
1513	1513	23	0
1513	1513	24	1
1513	1513	25	3
1513	1513	26	1
1513	1513	27	0
1513	1513	28	0
1513	1513	29	0
1513	1513	30	0
1513	1513	31	2
1513	1513	32	3
1513	1513	33	0
1513	1513	34	0
1513	1513	35	4
1513	1513	36	0
1513	1513	37	0
1514	1514	0	0
1514	1514	1	1
1514	1514	2	0
1514	1514	3	0
1514	1514	4	0
1514	1514	5	0
1514	1514	6	0
1514	1514	7	0
1514	1514	8	0
1514	1514	9	1
1514	1514	10	0
1514	1514	11	0
1514	1514	12	0
1514	1514	13	0
1514	1514	14	0
1514	1514	15	0
1514	1514	16	0
1514	1514	17	0
1514	1514	18	0
1514	1514	19	0
1514	1514	20	0
1514	1514	21	0
1514	1514	22	0
1514	1514	23	0
1514	1514	24	0
1514	1514	25	1
1514	1514	26	0
1514	1514	27	0
1514	1514	28	0
1514	1514	29	0
1514	1514	30	0
1514	1514	31	0
1514	1514	32	0
1514	1514	33	0
1514	1514	34	0
1514	1514	35	0
1514	1514	36	0
1514	1514	37	0
1515	1515	0	0
1515	1515	1	0
1515	1515	2	1
1515	1515	3	0
1515	1515	4	0
1515	1515	5	0
1515	1515	6	0
1515	1515	7	0
1515	1515	8	0
1515	1515	9	2
1515	1515	10	0
1515	1515	11	0
1515	1515	12	0
1515	1515	13	0
1515	1515	14	4
1515	1515	15	1
1515	1515	16	0
1515	1515	17	0
1515	1515	18	0
1515	1515	19	0
1515	1515	20	0
1515	1515	21	0
1515	1515	22	0
1515	1515	23	2
1515	1515	24	1
1515	1515	25	0
1515	1515	26	0
1515	1515	27	0
1515	1515	28	0
1515	1515	29	0
1515	1515	30	0
1515	1515	31	0
1515	1515	32	0
1515	1515	33	1
1515	1515	34	0
1515	1515	35	0
1515	1515	36	2
1515	1515	37	0
1516	1516	0	0
1516	1516	1	0
1516	1516	2	0
1516	1516	3	0
1516	1516	4	0
1516	1516	5	0
1516	1516	6	0
1516	1516	7	0
1516	1516	8	0
1516	1516	9	0
1516	1516	10	0
1516	1516	11	0
1516	1516	12	0
1516	1516	13	0
1516	1516	14	0
1516	1516	15	0
1516	1516	16	0
1516	1516	17	0
1516	1516	18	0
1516	1516	19	0
1516	1516	20	0
1516	1516	21	0
1516	1516	22	0
1516	1516	23	0
1516	1516	24	2
1516	1516	25	0
1516	1516	26	0
1516	1516	27	0
1516	1516	28	0
1516	1516	29	0
1516	1516	30	0
1516	1516	31	0
1516	1516	32	0
1516	1516	33	2
1516	1516	34	0
1516	1516	35	0
1516	1516	36	0
1516	1516	37	0
1517	1517	0	0
1517	1517	1	0
1517	1517	2	0
1517	1517	3	0
1517	1517	4	0
1517	1517	5	0
1517	1517	6	0
1517	1517	7	0
1517	1517	8	0
1517	1517	9	0
1517	1517	10	1
1517	1517	11	0
1517	1517	12	0
1517	1517	13	0
1517	1517	14	0
1517	1517	15	1
1517	1517	16	0
1517	1517	17	0
1517	1517	18	0
1517	1517	19	0
1517	1517	20	0
1517	1517	21	0
1517	1517	22	0
1517	1517	23	0
1517	1517	24	0
1517	1517	25	0
1517	1517	26	0
1517	1517	27	0
1517	1517	28	0
1517	1517	29	0
1517	1517	30	0
1517	1517	31	0
1517	1517	32	0
1517	1517	33	0
1517	1517	34	0
1517	1517	35	0
1517	1517	36	0
1517	1517	37	0
1518	1518	0	0
1518	1518	1	0
1518	1518	2	0
1518	1518	3	0
1518	1518	4	0
1518	1518	5	0
1518	1518	6	0
1518	1518	7	0
1518	1518	8	0
1518	1518	9	0
1518	1518	10	0
1518	1518	11	0
1518	1518	12	0
1518	1518	13	0
1518	1518	14	0
1518	1518	15	3
1518	1518	16	0
1518	1518	17	0
1518	1518	18	0
1518	1518	19	1
1518	1518	20	0
1518	1518	21	0
1518	1518	22	0
1518	1518	23	0
1518	1518	24	0
1518	1518	25	0
1518	1518	26	0
1518	1518	27	0
1518	1518	28	0
1518	1518	29	0
1518	1518	30	0
1518	1518	31	0
1518	1518	32	0
1518	1518	33	0
1518	1518	34	0
1518	1518	35	0
1518	1518	36	0
1518	1518	37	0
1519	1519	0	0
1519	1519	1	0
1519	1519	2	0
1519	1519	3	0
1519	1519	4	0
1519	1519	5	0
1519	1519	6	0
1519	1519	7	0
1519	1519	8	0
1519	1519	9	0
1519	1519	10	0
1519	1519	11	0
1519	1519	12	0
1519	1519	13	0
1519	1519	14	0
1519	1519	15	0
1519	1519	16	0
1519	1519	17	0
1519	1519	18	0
1519	1519	19	0
1519	1519	20	0
1519	1519	21	0
1519	1519	22	0
1519	1519	23	0
1519	1519	24	0
1519	1519	25	0
1519	1519	26	0
1519	1519	27	0
1519	1519	28	0
1519	1519	29	0
1519	1519	30	0
1519	1519	31	0
1519	1519	32	0
1519	1519	33	0
1519	1519	34	0
1519	1519	35	0
1519	1519	36	0
1519	1519	37	0
1520	1520	0	0
1520	1520	1	0
1520	1520	2	0
1520	1520	3	0
1520	1520	4	0
1520	1520	5	0
1520	1520	6	0
1520	1520	7	0
1520	1520	8	0
1520	1520	9	0
1520	1520	10	0
1520	1520	11	0
1520	1520	12	0
1520	1520	13	0
1520	1520	14	2
1520	1520	15	0
1520	1520	16	0
1520	1520	17	0
1520	1520	18	0
1520	1520	19	0
1520	1520	20	0
1520	1520	21	0
1520	1520	22	1
1520	1520	23	0
1520	1520	24	0
1520	1520	25	0
1520	1520	26	1
1520	1520	27	7
1520	1520	28	0
1520	1520	29	0
1520	1520	30	0
1520	1520	31	0
1520	1520	32	0
1520	1520	33	0
1520	1520	34	1
1520	1520	35	0
1520	1520	36	0
1520	1520	37	0
1521	1521	0	0
1521	1521	1	0
1521	1521	2	0
1521	1521	3	0
1521	1521	4	0
1521	1521	5	0
1521	1521	6	0
1521	1521	7	0
1521	1521	8	0
1521	1521	9	0
1521	1521	10	0
1521	1521	11	0
1521	1521	12	0
1521	1521	13	0
1521	1521	14	0
1521	1521	15	0
1521	1521	16	0
1521	1521	17	0
1521	1521	18	0
1521	1521	19	0
1521	1521	20	0
1521	1521	21	0
1521	1521	22	0
1521	1521	23	0
1521	1521	24	0
1521	1521	25	0
1521	1521	26	0
1521	1521	27	0
1521	1521	28	0
1521	1521	29	0
1521	1521	30	0
1521	1521	31	0
1521	1521	32	0
1521	1521	33	0
1521	1521	34	0
1521	1521	35	0
1521	1521	36	0
1521	1521	37	0
1522	1522	0	0
1522	1522	1	0
1522	1522	2	0
1522	1522	3	0
1522	1522	4	0
1522	1522	5	0
1522	1522	6	0
1522	1522	7	0
1522	1522	8	0
1522	1522	9	0
1522	1522	10	0
1522	1522	11	0
1522	1522	12	0
1522	1522	13	0
1522	1522	14	0
1522	1522	15	0
1522	1522	16	0
1522	1522	17	0
1522	1522	18	0
1522	1522	19	0
1522	1522	20	0
1522	1522	21	0
1522	1522	22	0
1522	1522	23	0
1522	1522	24	1
1522	1522	25	0
1522	1522	26	0
1522	1522	27	0
1522	1522	28	0
1522	1522	29	0
1522	1522	30	0
1522	1522	31	0
1522	1522	32	0
1522	1522	33	0
1522	1522	34	0
1522	1522	35	0
1522	1522	36	0
1522	1522	37	0
1523	1523	0	0
1523	1523	1	0
1523	1523	2	2
1523	1523	3	0
1523	1523	4	0
1523	1523	5	0
1523	1523	6	0
1523	1523	7	0
1523	1523	8	0
1523	1523	9	0
1523	1523	10	0
1523	1523	11	0
1523	1523	12	0
1523	1523	13	0
1523	1523	14	0
1523	1523	15	0
1523	1523	16	0
1523	1523	17	0
1523	1523	18	0
1523	1523	19	1
1523	1523	20	2
1523	1523	21	0
1523	1523	22	0
1523	1523	23	2
1523	1523	24	0
1523	1523	25	0
1523	1523	26	2
1523	1523	27	1
1523	1523	28	1
1523	1523	29	0
1523	1523	30	0
1523	1523	31	0
1523	1523	32	1
1523	1523	33	3
1523	1523	34	0
1523	1523	35	0
1523	1523	36	0
1523	1523	37	0
1524	1524	0	0
1524	1524	1	0
1524	1524	2	1
1524	1524	3	0
1524	1524	4	0
1524	1524	5	0
1524	1524	6	0
1524	1524	7	0
1524	1524	8	2
1524	1524	9	0
1524	1524	10	0
1524	1524	11	1
1524	1524	12	0
1524	1524	13	4
1524	1524	14	0
1524	1524	15	0
1524	1524	16	0
1524	1524	17	0
1524	1524	18	0
1524	1524	19	0
1524	1524	20	4
1524	1524	21	1
1524	1524	22	1
1524	1524	23	0
1524	1524	24	0
1524	1524	25	3
1524	1524	26	2
1524	1524	27	0
1524	1524	28	0
1524	1524	29	2
1524	1524	30	5
1524	1524	31	0
1524	1524	32	0
1524	1524	33	0
1524	1524	34	0
1524	1524	35	2
1524	1524	36	1
1524	1524	37	0
1525	1525	0	0
1525	1525	1	0
1525	1525	2	0
1525	1525	3	1
1525	1525	4	0
1525	1525	5	0
1525	1525	6	0
1525	1525	7	0
1525	1525	8	0
1525	1525	9	0
1525	1525	10	0
1525	1525	11	0
1525	1525	12	0
1525	1525	13	0
1525	1525	14	2
1525	1525	15	0
1525	1525	16	0
1525	1525	17	0
1525	1525	18	0
1525	1525	19	0
1525	1525	20	0
1525	1525	21	0
1525	1525	22	0
1525	1525	23	0
1525	1525	24	0
1525	1525	25	0
1525	1525	26	1
1525	1525	27	0
1525	1525	28	0
1525	1525	29	0
1525	1525	30	0
1525	1525	31	1
1525	1525	32	1
1525	1525	33	0
1525	1525	34	0
1525	1525	35	0
1525	1525	36	0
1525	1525	37	0
1526	1526	0	0
1526	1526	1	0
1526	1526	2	1
1526	1526	3	0
1526	1526	4	0
1526	1526	5	0
1526	1526	6	0
1526	1526	7	0
1526	1526	8	0
1526	1526	9	0
1526	1526	10	0
1526	1526	11	0
1526	1526	12	0
1526	1526	13	1
1526	1526	14	0
1526	1526	15	0
1526	1526	16	0
1526	1526	17	0
1526	1526	18	0
1526	1526	19	0
1526	1526	20	0
1526	1526	21	0
1526	1526	22	0
1526	1526	23	0
1526	1526	24	0
1526	1526	25	0
1526	1526	26	1
1526	1526	27	0
1526	1526	28	0
1526	1526	29	0
1526	1526	30	0
1526	1526	31	0
1526	1526	32	0
1526	1526	33	0
1526	1526	34	0
1526	1526	35	0
1526	1526	36	2
1526	1526	37	0
1527	1527	0	0
1527	1527	1	0
1527	1527	2	3
1527	1527	3	0
1527	1527	4	2
1527	1527	5	0
1527	1527	6	0
1527	1527	7	0
1527	1527	8	0
1527	1527	9	0
1527	1527	10	0
1527	1527	11	1
1527	1527	12	1
1527	1527	13	0
1527	1527	14	0
1527	1527	15	0
1527	1527	16	0
1527	1527	17	0
1527	1527	18	0
1527	1527	19	0
1527	1527	20	0
1527	1527	21	0
1527	1527	22	0
1527	1527	23	0
1527	1527	24	0
1527	1527	25	0
1527	1527	26	2
1527	1527	27	2
1527	1527	28	1
1527	1527	29	0
1527	1527	30	0
1527	1527	31	0
1527	1527	32	0
1527	1527	33	0
1527	1527	34	2
1527	1527	35	0
1527	1527	36	2
1527	1527	37	1
1528	1528	0	0
1528	1528	1	0
1528	1528	2	0
1528	1528	3	2
1528	1528	4	0
1528	1528	5	1
1528	1528	6	0
1528	1528	7	0
1528	1528	8	0
1528	1528	9	0
1528	1528	10	2
1528	1528	11	1
1528	1528	12	0
1528	1528	13	0
1528	1528	14	0
1528	1528	15	0
1528	1528	16	2
1528	1528	17	0
1528	1528	18	0
1528	1528	19	1
1528	1528	20	2
1528	1528	21	4
1528	1528	22	0
1528	1528	23	0
1528	1528	24	0
1528	1528	25	1
1528	1528	26	0
1528	1528	27	0
1528	1528	28	0
1528	1528	29	0
1528	1528	30	0
1528	1528	31	0
1528	1528	32	3
1528	1528	33	0
1528	1528	34	0
1528	1528	35	0
1528	1528	36	0
1528	1528	37	0
1529	1529	0	0
1529	1529	1	0
1529	1529	2	0
1529	1529	3	0
1529	1529	4	0
1529	1529	5	0
1529	1529	6	0
1529	1529	7	0
1529	1529	8	0
1529	1529	9	0
1529	1529	10	0
1529	1529	11	0
1529	1529	12	0
1529	1529	13	0
1529	1529	14	0
1529	1529	15	0
1529	1529	16	0
1529	1529	17	2
1529	1529	18	0
1529	1529	19	0
1529	1529	20	0
1529	1529	21	0
1529	1529	22	0
1529	1529	23	0
1529	1529	24	0
1529	1529	25	0
1529	1529	26	0
1529	1529	27	0
1529	1529	28	0
1529	1529	29	0
1529	1529	30	0
1529	1529	31	0
1529	1529	32	0
1529	1529	33	0
1529	1529	34	0
1529	1529	35	0
1529	1529	36	0
1529	1529	37	0
1530	1530	0	0
1530	1530	1	1
1530	1530	2	0
1530	1530	3	0
1530	1530	4	0
1530	1530	5	0
1530	1530	6	0
1530	1530	7	0
1530	1530	8	0
1530	1530	9	0
1530	1530	10	0
1530	1530	11	0
1530	1530	12	0
1530	1530	13	0
1530	1530	14	0
1530	1530	15	0
1530	1530	16	0
1530	1530	17	0
1530	1530	18	0
1530	1530	19	0
1530	1530	20	0
1530	1530	21	0
1530	1530	22	0
1530	1530	23	0
1530	1530	24	4
1530	1530	25	0
1530	1530	26	0
1530	1530	27	0
1530	1530	28	1
1530	1530	29	0
1530	1530	30	0
1530	1530	31	0
1530	1530	32	0
1530	1530	33	0
1530	1530	34	0
1530	1530	35	4
1530	1530	36	0
1530	1530	37	0
1531	1531	0	0
1531	1531	1	2
1531	1531	2	0
1531	1531	3	0
1531	1531	4	0
1531	1531	5	1
1531	1531	6	0
1531	1531	7	0
1531	1531	8	0
1531	1531	9	0
1531	1531	10	0
1531	1531	11	0
1531	1531	12	0
1531	1531	13	0
1531	1531	14	2
1531	1531	15	1
1531	1531	16	0
1531	1531	17	1
1531	1531	18	0
1531	1531	19	0
1531	1531	20	2
1531	1531	21	1
1531	1531	22	0
1531	1531	23	0
1531	1531	24	0
1531	1531	25	0
1531	1531	26	0
1531	1531	27	0
1531	1531	28	0
1531	1531	29	0
1531	1531	30	3
1531	1531	31	0
1531	1531	32	0
1531	1531	33	3
1531	1531	34	0
1531	1531	35	0
1531	1531	36	0
1531	1531	37	0
1532	1532	0	0
1532	1532	1	0
1532	1532	2	0
1532	1532	3	0
1532	1532	4	0
1532	1532	5	0
1532	1532	6	0
1532	1532	7	0
1532	1532	8	0
1532	1532	9	0
1532	1532	10	0
1532	1532	11	0
1532	1532	12	0
1532	1532	13	0
1532	1532	14	0
1532	1532	15	0
1532	1532	16	0
1532	1532	17	0
1532	1532	18	0
1532	1532	19	0
1532	1532	20	0
1532	1532	21	0
1532	1532	22	0
1532	1532	23	0
1532	1532	24	0
1532	1532	25	0
1532	1532	26	0
1532	1532	27	0
1532	1532	28	0
1532	1532	29	0
1532	1532	30	0
1532	1532	31	0
1532	1532	32	0
1532	1532	33	0
1532	1532	34	0
1532	1532	35	0
1532	1532	36	0
1532	1532	37	0
1533	1533	0	0
1533	1533	1	0
1533	1533	2	0
1533	1533	3	0
1533	1533	4	0
1533	1533	5	0
1533	1533	6	0
1533	1533	7	0
1533	1533	8	0
1533	1533	9	0
1533	1533	10	0
1533	1533	11	0
1533	1533	12	0
1533	1533	13	0
1533	1533	14	0
1533	1533	15	1
1533	1533	16	0
1533	1533	17	0
1533	1533	18	0
1533	1533	19	0
1533	1533	20	0
1533	1533	21	0
1533	1533	22	0
1533	1533	23	0
1533	1533	24	0
1533	1533	25	0
1533	1533	26	0
1533	1533	27	0
1533	1533	28	0
1533	1533	29	0
1533	1533	30	0
1533	1533	31	0
1533	1533	32	0
1533	1533	33	0
1533	1533	34	0
1533	1533	35	0
1533	1533	36	0
1533	1533	37	0
1534	1534	0	0
1534	1534	1	0
1534	1534	2	0
1534	1534	3	0
1534	1534	4	0
1534	1534	5	0
1534	1534	6	0
1534	1534	7	0
1534	1534	8	0
1534	1534	9	0
1534	1534	10	0
1534	1534	11	0
1534	1534	12	0
1534	1534	13	0
1534	1534	14	0
1534	1534	15	0
1534	1534	16	0
1534	1534	17	1
1534	1534	18	0
1534	1534	19	0
1534	1534	20	0
1534	1534	21	0
1534	1534	22	0
1534	1534	23	0
1534	1534	24	0
1534	1534	25	0
1534	1534	26	0
1534	1534	27	0
1534	1534	28	0
1534	1534	29	0
1534	1534	30	0
1534	1534	31	0
1534	1534	32	0
1534	1534	33	0
1534	1534	34	0
1534	1534	35	0
1534	1534	36	0
1534	1534	37	0
1535	1535	0	0
1535	1535	1	0
1535	1535	2	0
1535	1535	3	0
1535	1535	4	0
1535	1535	5	0
1535	1535	6	0
1535	1535	7	0
1535	1535	8	0
1535	1535	9	0
1535	1535	10	2
1535	1535	11	1
1535	1535	12	0
1535	1535	13	0
1535	1535	14	0
1535	1535	15	0
1535	1535	16	0
1535	1535	17	1
1535	1535	18	0
1535	1535	19	1
1535	1535	20	0
1535	1535	21	0
1535	1535	22	0
1535	1535	23	1
1535	1535	24	0
1535	1535	25	0
1535	1535	26	1
1535	1535	27	0
1535	1535	28	3
1535	1535	29	0
1535	1535	30	0
1535	1535	31	1
1535	1535	32	0
1535	1535	33	0
1535	1535	34	0
1535	1535	35	1
1535	1535	36	0
1535	1535	37	2
1536	1536	0	0
1536	1536	1	0
1536	1536	2	0
1536	1536	3	0
1536	1536	4	2
1536	1536	5	0
1536	1536	6	0
1536	1536	7	0
1536	1536	8	0
1536	1536	9	1
1536	1536	10	0
1536	1536	11	3
1536	1536	12	0
1536	1536	13	0
1536	1536	14	0
1536	1536	15	1
1536	1536	16	0
1536	1536	17	0
1536	1536	18	0
1536	1536	19	0
1536	1536	20	1
1536	1536	21	2
1536	1536	22	0
1536	1536	23	0
1536	1536	24	0
1536	1536	25	0
1536	1536	26	0
1536	1536	27	0
1536	1536	28	1
1536	1536	29	0
1536	1536	30	0
1536	1536	31	0
1536	1536	32	0
1536	1536	33	0
1536	1536	34	0
1536	1536	35	0
1536	1536	36	3
1536	1536	37	0
1537	1537	0	0
1537	1537	1	0
1537	1537	2	0
1537	1537	3	0
1537	1537	4	0
1537	1537	5	0
1537	1537	6	1
1537	1537	7	0
1537	1537	8	0
1537	1537	9	0
1537	1537	10	0
1537	1537	11	0
1537	1537	12	0
1537	1537	13	0
1537	1537	14	3
1537	1537	15	0
1537	1537	16	0
1537	1537	17	0
1537	1537	18	0
1537	1537	19	1
1537	1537	20	1
1537	1537	21	0
1537	1537	22	0
1537	1537	23	3
1537	1537	24	0
1537	1537	25	2
1537	1537	26	0
1537	1537	27	0
1537	1537	28	3
1537	1537	29	0
1537	1537	30	0
1537	1537	31	2
1537	1537	32	2
1537	1537	33	0
1537	1537	34	0
1537	1537	35	2
1537	1537	36	0
1537	1537	37	2
1538	1538	0	0
1538	1538	1	0
1538	1538	2	0
1538	1538	3	1
1538	1538	4	0
1538	1538	5	0
1538	1538	6	0
1538	1538	7	0
1538	1538	8	0
1538	1538	9	0
1538	1538	10	0
1538	1538	11	1
1538	1538	12	0
1538	1538	13	0
1538	1538	14	0
1538	1538	15	0
1538	1538	16	0
1538	1538	17	1
1538	1538	18	0
1538	1538	19	0
1538	1538	20	0
1538	1538	21	1
1538	1538	22	0
1538	1538	23	0
1538	1538	24	7
1538	1538	25	0
1538	1538	26	0
1538	1538	27	0
1538	1538	28	1
1538	1538	29	5
1538	1538	30	0
1538	1538	31	0
1538	1538	32	0
1538	1538	33	0
1538	1538	34	0
1538	1538	35	1
1538	1538	36	0
1538	1538	37	1
1539	1539	0	0
1539	1539	1	0
1539	1539	2	5
1539	1539	3	0
1539	1539	4	0
1539	1539	5	0
1539	1539	6	1
1539	1539	7	0
1539	1539	8	0
1539	1539	9	0
1539	1539	10	0
1539	1539	11	1
1539	1539	12	0
1539	1539	13	1
1539	1539	14	2
1539	1539	15	2
1539	1539	16	0
1539	1539	17	0
1539	1539	18	2
1539	1539	19	2
1539	1539	20	0
1539	1539	21	0
1539	1539	22	1
1539	1539	23	1
1539	1539	24	2
1539	1539	25	3
1539	1539	26	2
1539	1539	27	3
1539	1539	28	0
1539	1539	29	1
1539	1539	30	3
1539	1539	31	0
1539	1539	32	3
1539	1539	33	2
1539	1539	34	1
1539	1539	35	1
1539	1539	36	0
1539	1539	37	4
1540	1540	0	0
1540	1540	1	0
1540	1540	2	1
1540	1540	3	0
1540	1540	4	0
1540	1540	5	0
1540	1540	6	2
1540	1540	7	3
1540	1540	8	2
1540	1540	9	0
1540	1540	10	0
1540	1540	11	2
1540	1540	12	2
1540	1540	13	1
1540	1540	14	0
1540	1540	15	0
1540	1540	16	2
1540	1540	17	0
1540	1540	18	0
1540	1540	19	3
1540	1540	20	1
1540	1540	21	0
1540	1540	22	2
1540	1540	23	4
1540	1540	24	2
1540	1540	25	4
1540	1540	26	3
1540	1540	27	3
1540	1540	28	3
1540	1540	29	1
1540	1540	30	2
1540	1540	31	0
1540	1540	32	1
1540	1540	33	2
1540	1540	34	3
1540	1540	35	4
1540	1540	36	1
1540	1540	37	2
1541	1541	0	0
1541	1541	1	0
1541	1541	2	0
1541	1541	3	0
1541	1541	4	0
1541	1541	5	0
1541	1541	6	0
1541	1541	7	0
1541	1541	8	0
1541	1541	9	0
1541	1541	10	0
1541	1541	11	0
1541	1541	12	0
1541	1541	13	0
1541	1541	14	0
1541	1541	15	2
1541	1541	16	2
1541	1541	17	0
1541	1541	18	0
1541	1541	19	0
1541	1541	20	0
1541	1541	21	0
1541	1541	22	3
1541	1541	23	0
1541	1541	24	0
1541	1541	25	2
1541	1541	26	0
1541	1541	27	2
1541	1541	28	0
1541	1541	29	0
1541	1541	30	0
1541	1541	31	4
1541	1541	32	0
1541	1541	33	1
1541	1541	34	0
1541	1541	35	1
1541	1541	36	1
1541	1541	37	1
1542	1542	0	0
1542	1542	1	0
1542	1542	2	0
1542	1542	3	2
1542	1542	4	0
1542	1542	5	0
1542	1542	6	0
1542	1542	7	0
1542	1542	8	0
1542	1542	9	0
1542	1542	10	0
1542	1542	11	0
1542	1542	12	0
1542	1542	13	0
1542	1542	14	1
1542	1542	15	3
1542	1542	16	0
1542	1542	17	0
1542	1542	18	1
1542	1542	19	2
1542	1542	20	1
1542	1542	21	0
1542	1542	22	3
1542	1542	23	0
1542	1542	24	0
1542	1542	25	3
1542	1542	26	6
1542	1542	27	0
1542	1542	28	4
1542	1542	29	3
1542	1542	30	5
1542	1542	31	2
1542	1542	32	3
1542	1542	33	1
1542	1542	34	0
1542	1542	35	1
1542	1542	36	0
1542	1542	37	3
1543	1543	0	0
1543	1543	1	0
1543	1543	2	0
1543	1543	3	0
1543	1543	4	1
1543	1543	5	0
1543	1543	6	0
1543	1543	7	0
1543	1543	8	1
1543	1543	9	0
1543	1543	10	0
1543	1543	11	0
1543	1543	12	0
1543	1543	13	0
1543	1543	14	0
1543	1543	15	1
1543	1543	16	0
1543	1543	17	0
1543	1543	18	0
1543	1543	19	0
1543	1543	20	0
1543	1543	21	0
1543	1543	22	0
1543	1543	23	0
1543	1543	24	0
1543	1543	25	0
1543	1543	26	0
1543	1543	27	0
1543	1543	28	0
1543	1543	29	0
1543	1543	30	0
1543	1543	31	0
1543	1543	32	0
1543	1543	33	0
1543	1543	34	0
1543	1543	35	0
1543	1543	36	0
1543	1543	37	0
1544	1544	0	0
1544	1544	1	0
1544	1544	2	0
1544	1544	3	2
1544	1544	4	0
1544	1544	5	0
1544	1544	6	0
1544	1544	7	0
1544	1544	8	0
1544	1544	9	0
1544	1544	10	0
1544	1544	11	0
1544	1544	12	0
1544	1544	13	0
1544	1544	14	0
1544	1544	15	1
1544	1544	16	0
1544	1544	17	0
1544	1544	18	0
1544	1544	19	0
1544	1544	20	0
1544	1544	21	0
1544	1544	22	0
1544	1544	23	0
1544	1544	24	0
1544	1544	25	0
1544	1544	26	0
1544	1544	27	0
1544	1544	28	0
1544	1544	29	0
1544	1544	30	0
1544	1544	31	0
1544	1544	32	0
1544	1544	33	0
1544	1544	34	0
1544	1544	35	0
1544	1544	36	0
1544	1544	37	0
1545	1545	0	0
1545	1545	1	0
1545	1545	2	0
1545	1545	3	1
1545	1545	4	0
1545	1545	5	0
1545	1545	6	0
1545	1545	7	0
1545	1545	8	1
1545	1545	9	0
1545	1545	10	0
1545	1545	11	0
1545	1545	12	0
1545	1545	13	0
1545	1545	14	0
1545	1545	15	0
1545	1545	16	1
1545	1545	17	0
1545	1545	18	0
1545	1545	19	0
1545	1545	20	1
1545	1545	21	0
1545	1545	22	0
1545	1545	23	1
1545	1545	24	4
1545	1545	25	2
1545	1545	26	0
1545	1545	27	0
1545	1545	28	1
1545	1545	29	0
1545	1545	30	0
1545	1545	31	3
1545	1545	32	0
1545	1545	33	1
1545	1545	34	0
1545	1545	35	2
1545	1545	36	0
1545	1545	37	3
1546	1546	0	0
1546	1546	1	0
1546	1546	2	0
1546	1546	3	0
1546	1546	4	1
1546	1546	5	2
1546	1546	6	0
1546	1546	7	0
1546	1546	8	0
1546	1546	9	0
1546	1546	10	0
1546	1546	11	1
1546	1546	12	0
1546	1546	13	0
1546	1546	14	0
1546	1546	15	1
1546	1546	16	0
1546	1546	17	0
1546	1546	18	0
1546	1546	19	4
1546	1546	20	0
1546	1546	21	2
1546	1546	22	0
1546	1546	23	2
1546	1546	24	1
1546	1546	25	0
1546	1546	26	0
1546	1546	27	0
1546	1546	28	0
1546	1546	29	0
1546	1546	30	2
1546	1546	31	0
1546	1546	32	0
1546	1546	33	3
1546	1546	34	0
1546	1546	35	0
1546	1546	36	2
1546	1546	37	1
1547	1547	0	0
1547	1547	1	0
1547	1547	2	0
1547	1547	3	1
1547	1547	4	0
1547	1547	5	1
1547	1547	6	0
1547	1547	7	0
1547	1547	8	0
1547	1547	9	0
1547	1547	10	1
1547	1547	11	0
1547	1547	12	0
1547	1547	13	0
1547	1547	14	1
1547	1547	15	0
1547	1547	16	0
1547	1547	17	0
1547	1547	18	0
1547	1547	19	0
1547	1547	20	0
1547	1547	21	0
1547	1547	22	0
1547	1547	23	0
1547	1547	24	0
1547	1547	25	0
1547	1547	26	2
1547	1547	27	0
1547	1547	28	0
1547	1547	29	0
1547	1547	30	0
1547	1547	31	0
1547	1547	32	0
1547	1547	33	0
1547	1547	34	1
1547	1547	35	0
1547	1547	36	0
1547	1547	37	4
1548	1548	0	0
1548	1548	1	0
1548	1548	2	0
1548	1548	3	0
1548	1548	4	0
1548	1548	5	0
1548	1548	6	0
1548	1548	7	0
1548	1548	8	0
1548	1548	9	0
1548	1548	10	0
1548	1548	11	0
1548	1548	12	0
1548	1548	13	0
1548	1548	14	0
1548	1548	15	0
1548	1548	16	0
1548	1548	17	0
1548	1548	18	2
1548	1548	19	0
1548	1548	20	0
1548	1548	21	0
1548	1548	22	3
1548	1548	23	0
1548	1548	24	0
1548	1548	25	0
1548	1548	26	0
1548	1548	27	0
1548	1548	28	0
1548	1548	29	0
1548	1548	30	0
1548	1548	31	0
1548	1548	32	0
1548	1548	33	0
1548	1548	34	0
1548	1548	35	0
1548	1548	36	0
1548	1548	37	0
1549	1549	0	0
1549	1549	1	0
1549	1549	2	1
1549	1549	3	0
1549	1549	4	0
1549	1549	5	0
1549	1549	6	0
1549	1549	7	0
1549	1549	8	0
1549	1549	9	0
1549	1549	10	0
1549	1549	11	0
1549	1549	12	0
1549	1549	13	0
1549	1549	14	0
1549	1549	15	0
1549	1549	16	0
1549	1549	17	0
1549	1549	18	0
1549	1549	19	0
1549	1549	20	0
1549	1549	21	0
1549	1549	22	0
1549	1549	23	0
1549	1549	24	0
1549	1549	25	0
1549	1549	26	0
1549	1549	27	0
1549	1549	28	0
1549	1549	29	0
1549	1549	30	0
1549	1549	31	0
1549	1549	32	0
1549	1549	33	0
1549	1549	34	2
1549	1549	35	0
1549	1549	36	0
1549	1549	37	0
1550	1550	0	0
1550	1550	1	1
1550	1550	2	0
1550	1550	3	0
1550	1550	4	0
1550	1550	5	0
1550	1550	6	0
1550	1550	7	0
1550	1550	8	0
1550	1550	9	0
1550	1550	10	0
1550	1550	11	0
1550	1550	12	0
1550	1550	13	0
1550	1550	14	0
1550	1550	15	0
1550	1550	16	0
1550	1550	17	0
1550	1550	18	0
1550	1550	19	0
1550	1550	20	0
1550	1550	21	0
1550	1550	22	0
1550	1550	23	0
1550	1550	24	0
1550	1550	25	0
1550	1550	26	0
1550	1550	27	0
1550	1550	28	0
1550	1550	29	0
1550	1550	30	0
1550	1550	31	0
1550	1550	32	0
1550	1550	33	0
1550	1550	34	0
1550	1550	35	0
1550	1550	36	0
1550	1550	37	0
1551	1551	0	0
1551	1551	1	0
1551	1551	2	0
1551	1551	3	0
1551	1551	4	0
1551	1551	5	0
1551	1551	6	0
1551	1551	7	0
1551	1551	8	0
1551	1551	9	0
1551	1551	10	0
1551	1551	11	0
1551	1551	12	0
1551	1551	13	0
1551	1551	14	1
1551	1551	15	0
1551	1551	16	0
1551	1551	17	0
1551	1551	18	0
1551	1551	19	0
1551	1551	20	0
1551	1551	21	0
1551	1551	22	0
1551	1551	23	0
1551	1551	24	0
1551	1551	25	0
1551	1551	26	0
1551	1551	27	0
1551	1551	28	0
1551	1551	29	0
1551	1551	30	0
1551	1551	31	0
1551	1551	32	0
1551	1551	33	0
1551	1551	34	0
1551	1551	35	0
1551	1551	36	0
1551	1551	37	0
1552	1552	0	0
1552	1552	1	0
1552	1552	2	0
1552	1552	3	0
1552	1552	4	0
1552	1552	5	0
1552	1552	6	0
1552	1552	7	0
1552	1552	8	3
1552	1552	9	0
1552	1552	10	0
1552	1552	11	0
1552	1552	12	0
1552	1552	13	0
1552	1552	14	0
1552	1552	15	0
1552	1552	16	0
1552	1552	17	0
1552	1552	18	0
1552	1552	19	0
1552	1552	20	0
1552	1552	21	0
1552	1552	22	0
1552	1552	23	0
1552	1552	24	0
1552	1552	25	0
1552	1552	26	0
1552	1552	27	0
1552	1552	28	0
1552	1552	29	0
1552	1552	30	0
1552	1552	31	0
1552	1552	32	0
1552	1552	33	0
1552	1552	34	0
1552	1552	35	0
1552	1552	36	0
1552	1552	37	0
1553	1553	0	0
1553	1553	1	0
1553	1553	2	0
1553	1553	3	1
1553	1553	4	0
1553	1553	5	0
1553	1553	6	0
1553	1553	7	0
1553	1553	8	0
1553	1553	9	0
1553	1553	10	0
1553	1553	11	0
1553	1553	12	0
1553	1553	13	0
1553	1553	14	0
1553	1553	15	0
1553	1553	16	0
1553	1553	17	0
1553	1553	18	0
1553	1553	19	0
1553	1553	20	0
1553	1553	21	0
1553	1553	22	0
1553	1553	23	0
1553	1553	24	0
1553	1553	25	0
1553	1553	26	0
1553	1553	27	0
1553	1553	28	0
1553	1553	29	0
1553	1553	30	0
1553	1553	31	0
1553	1553	32	0
1553	1553	33	0
1553	1553	34	0
1553	1553	35	0
1553	1553	36	0
1553	1553	37	0
1554	1554	0	0
1554	1554	1	1
1554	1554	2	2
1554	1554	3	2
1554	1554	4	0
1554	1554	5	2
1554	1554	6	0
1554	1554	7	0
1554	1554	8	0
1554	1554	9	0
1554	1554	10	0
1554	1554	11	0
1554	1554	12	0
1554	1554	13	0
1554	1554	14	0
1554	1554	15	0
1554	1554	16	0
1554	1554	17	0
1554	1554	18	0
1554	1554	19	0
1554	1554	20	0
1554	1554	21	0
1554	1554	22	0
1554	1554	23	0
1554	1554	24	0
1554	1554	25	0
1554	1554	26	0
1554	1554	27	0
1554	1554	28	0
1554	1554	29	0
1554	1554	30	0
1554	1554	31	0
1554	1554	32	0
1554	1554	33	2
1554	1554	34	0
1554	1554	35	0
1554	1554	36	0
1554	1554	37	0
1555	1555	0	0
1555	1555	1	1
1555	1555	2	0
1555	1555	3	0
1555	1555	4	0
1555	1555	5	0
1555	1555	6	0
1555	1555	7	0
1555	1555	8	0
1555	1555	9	0
1555	1555	10	0
1555	1555	11	0
1555	1555	12	0
1555	1555	13	0
1555	1555	14	0
1555	1555	15	0
1555	1555	16	0
1555	1555	17	0
1555	1555	18	0
1555	1555	19	0
1555	1555	20	0
1555	1555	21	0
1555	1555	22	0
1555	1555	23	0
1555	1555	24	0
1555	1555	25	0
1555	1555	26	0
1555	1555	27	0
1555	1555	28	0
1555	1555	29	0
1555	1555	30	0
1555	1555	31	0
1555	1555	32	0
1555	1555	33	0
1555	1555	34	0
1555	1555	35	0
1555	1555	36	0
1555	1555	37	0
1556	1556	0	0
1556	1556	1	0
1556	1556	2	0
1556	1556	3	0
1556	1556	4	0
1556	1556	5	0
1556	1556	6	0
1556	1556	7	0
1556	1556	8	0
1556	1556	9	0
1556	1556	10	0
1556	1556	11	0
1556	1556	12	1
1556	1556	13	0
1556	1556	14	0
1556	1556	15	0
1556	1556	16	0
1556	1556	17	0
1556	1556	18	0
1556	1556	19	0
1556	1556	20	0
1556	1556	21	0
1556	1556	22	0
1556	1556	23	3
1556	1556	24	0
1556	1556	25	0
1556	1556	26	0
1556	1556	27	0
1556	1556	28	1
1556	1556	29	0
1556	1556	30	0
1556	1556	31	0
1556	1556	32	0
1556	1556	33	0
1556	1556	34	1
1556	1556	35	0
1556	1556	36	0
1556	1556	37	0
1557	1557	0	0
1557	1557	1	0
1557	1557	2	0
1557	1557	3	0
1557	1557	4	0
1557	1557	5	0
1557	1557	6	0
1557	1557	7	0
1557	1557	8	0
1557	1557	9	0
1557	1557	10	0
1557	1557	11	0
1557	1557	12	0
1557	1557	13	0
1557	1557	14	1
1557	1557	15	0
1557	1557	16	0
1557	1557	17	0
1557	1557	18	0
1557	1557	19	0
1557	1557	20	0
1557	1557	21	0
1557	1557	22	0
1557	1557	23	0
1557	1557	24	0
1557	1557	25	0
1557	1557	26	0
1557	1557	27	0
1557	1557	28	0
1557	1557	29	0
1557	1557	30	0
1557	1557	31	0
1557	1557	32	2
1557	1557	33	0
1557	1557	34	0
1557	1557	35	2
1557	1557	36	0
1557	1557	37	3
1558	1558	0	0
1558	1558	1	0
1558	1558	2	0
1558	1558	3	0
1558	1558	4	0
1558	1558	5	0
1558	1558	6	0
1558	1558	7	0
1558	1558	8	0
1558	1558	9	0
1558	1558	10	0
1558	1558	11	0
1558	1558	12	1
1558	1558	13	0
1558	1558	14	0
1558	1558	15	0
1558	1558	16	0
1558	1558	17	0
1558	1558	18	0
1558	1558	19	0
1558	1558	20	0
1558	1558	21	0
1558	1558	22	0
1558	1558	23	0
1558	1558	24	0
1558	1558	25	0
1558	1558	26	0
1558	1558	27	0
1558	1558	28	0
1558	1558	29	0
1558	1558	30	0
1558	1558	31	0
1558	1558	32	0
1558	1558	33	0
1558	1558	34	0
1558	1558	35	0
1558	1558	36	0
1558	1558	37	0
1559	1559	0	0
1559	1559	1	0
1559	1559	2	0
1559	1559	3	0
1559	1559	4	0
1559	1559	5	1
1559	1559	6	0
1559	1559	7	0
1559	1559	8	0
1559	1559	9	0
1559	1559	10	0
1559	1559	11	0
1559	1559	12	0
1559	1559	13	0
1559	1559	14	0
1559	1559	15	2
1559	1559	16	0
1559	1559	17	0
1559	1559	18	0
1559	1559	19	0
1559	1559	20	0
1559	1559	21	2
1559	1559	22	0
1559	1559	23	0
1559	1559	24	0
1559	1559	25	0
1559	1559	26	0
1559	1559	27	0
1559	1559	28	0
1559	1559	29	0
1559	1559	30	0
1559	1559	31	0
1559	1559	32	0
1559	1559	33	0
1559	1559	34	0
1559	1559	35	3
1559	1559	36	0
1559	1559	37	0
1560	1560	0	0
1560	1560	1	0
1560	1560	2	0
1560	1560	3	0
1560	1560	4	2
1560	1560	5	0
1560	1560	6	0
1560	1560	7	0
1560	1560	8	0
1560	1560	9	5
1560	1560	10	0
1560	1560	11	0
1560	1560	12	0
1560	1560	13	4
1560	1560	14	0
1560	1560	15	0
1560	1560	16	0
1560	1560	17	0
1560	1560	18	0
1560	1560	19	0
1560	1560	20	0
1560	1560	21	0
1560	1560	22	0
1560	1560	23	0
1560	1560	24	0
1560	1560	25	0
1560	1560	26	0
1560	1560	27	0
1560	1560	28	0
1560	1560	29	0
1560	1560	30	0
1560	1560	31	0
1560	1560	32	1
1560	1560	33	1
1560	1560	34	2
1560	1560	35	0
1560	1560	36	3
1560	1560	37	0
1561	1561	0	0
1561	1561	1	0
1561	1561	2	0
1561	1561	3	0
1561	1561	4	0
1561	1561	5	0
1561	1561	6	0
1561	1561	7	0
1561	1561	8	0
1561	1561	9	0
1561	1561	10	0
1561	1561	11	0
1561	1561	12	0
1561	1561	13	0
1561	1561	14	0
1561	1561	15	0
1561	1561	16	0
1561	1561	17	0
1561	1561	18	0
1561	1561	19	0
1561	1561	20	0
1561	1561	21	0
1561	1561	22	0
1561	1561	23	0
1561	1561	24	0
1561	1561	25	0
1561	1561	26	0
1561	1561	27	1
1561	1561	28	0
1561	1561	29	0
1561	1561	30	0
1561	1561	31	0
1561	1561	32	0
1561	1561	33	0
1561	1561	34	0
1561	1561	35	0
1561	1561	36	0
1561	1561	37	0
1562	1562	0	0
1562	1562	1	0
1562	1562	2	0
1562	1562	3	1
1562	1562	4	0
1562	1562	5	0
1562	1562	6	0
1562	1562	7	0
1562	1562	8	0
1562	1562	9	0
1562	1562	10	0
1562	1562	11	0
1562	1562	12	0
1562	1562	13	0
1562	1562	14	0
1562	1562	15	0
1562	1562	16	0
1562	1562	17	0
1562	1562	18	0
1562	1562	19	0
1562	1562	20	0
1562	1562	21	0
1562	1562	22	0
1562	1562	23	0
1562	1562	24	0
1562	1562	25	0
1562	1562	26	0
1562	1562	27	0
1562	1562	28	0
1562	1562	29	0
1562	1562	30	0
1562	1562	31	0
1562	1562	32	0
1562	1562	33	0
1562	1562	34	0
1562	1562	35	0
1562	1562	36	0
1562	1562	37	0
1563	1563	0	0
1563	1563	1	0
1563	1563	2	0
1563	1563	3	0
1563	1563	4	0
1563	1563	5	0
1563	1563	6	0
1563	1563	7	0
1563	1563	8	0
1563	1563	9	0
1563	1563	10	0
1563	1563	11	0
1563	1563	12	2
1563	1563	13	0
1563	1563	14	0
1563	1563	15	0
1563	1563	16	0
1563	1563	17	0
1563	1563	18	0
1563	1563	19	0
1563	1563	20	0
1563	1563	21	0
1563	1563	22	0
1563	1563	23	0
1563	1563	24	0
1563	1563	25	0
1563	1563	26	0
1563	1563	27	0
1563	1563	28	0
1563	1563	29	0
1563	1563	30	0
1563	1563	31	0
1563	1563	32	0
1563	1563	33	0
1563	1563	34	0
1563	1563	35	0
1563	1563	36	0
1563	1563	37	0
1564	1564	0	0
1564	1564	1	0
1564	1564	2	0
1564	1564	3	0
1564	1564	4	0
1564	1564	5	0
1564	1564	6	0
1564	1564	7	0
1564	1564	8	0
1564	1564	9	0
1564	1564	10	0
1564	1564	11	0
1564	1564	12	0
1564	1564	13	0
1564	1564	14	0
1564	1564	15	0
1564	1564	16	0
1564	1564	17	0
1564	1564	18	0
1564	1564	19	0
1564	1564	20	0
1564	1564	21	0
1564	1564	22	0
1564	1564	23	1
1564	1564	24	0
1564	1564	25	0
1564	1564	26	0
1564	1564	27	0
1564	1564	28	0
1564	1564	29	0
1564	1564	30	0
1564	1564	31	0
1564	1564	32	0
1564	1564	33	0
1564	1564	34	0
1564	1564	35	0
1564	1564	36	0
1564	1564	37	0
1565	1565	0	0
1565	1565	1	0
1565	1565	2	0
1565	1565	3	0
1565	1565	4	0
1565	1565	5	0
1565	1565	6	0
1565	1565	7	0
1565	1565	8	0
1565	1565	9	0
1565	1565	10	0
1565	1565	11	0
1565	1565	12	0
1565	1565	13	0
1565	1565	14	0
1565	1565	15	0
1565	1565	16	0
1565	1565	17	0
1565	1565	18	0
1565	1565	19	0
1565	1565	20	0
1565	1565	21	0
1565	1565	22	0
1565	1565	23	0
1565	1565	24	0
1565	1565	25	1
1565	1565	26	0
1565	1565	27	0
1565	1565	28	0
1565	1565	29	0
1565	1565	30	0
1565	1565	31	2
1565	1565	32	0
1565	1565	33	0
1565	1565	34	0
1565	1565	35	0
1565	1565	36	0
1565	1565	37	0
1566	1566	0	0
1566	1566	1	0
1566	1566	2	0
1566	1566	3	0
1566	1566	4	0
1566	1566	5	0
1566	1566	6	0
1566	1566	7	0
1566	1566	8	0
1566	1566	9	0
1566	1566	10	0
1566	1566	11	0
1566	1566	12	0
1566	1566	13	0
1566	1566	14	0
1566	1566	15	0
1566	1566	16	0
1566	1566	17	2
1566	1566	18	0
1566	1566	19	0
1566	1566	20	0
1566	1566	21	0
1566	1566	22	0
1566	1566	23	0
1566	1566	24	0
1566	1566	25	0
1566	1566	26	0
1566	1566	27	0
1566	1566	28	0
1566	1566	29	0
1566	1566	30	0
1566	1566	31	0
1566	1566	32	0
1566	1566	33	0
1566	1566	34	0
1566	1566	35	4
1566	1566	36	0
1566	1566	37	0
1567	1567	0	0
1567	1567	1	0
1567	1567	2	0
1567	1567	3	0
1567	1567	4	0
1567	1567	5	3
1567	1567	6	2
1567	1567	7	0
1567	1567	8	0
1567	1567	9	0
1567	1567	10	0
1567	1567	11	0
1567	1567	12	0
1567	1567	13	0
1567	1567	14	0
1567	1567	15	0
1567	1567	16	0
1567	1567	17	3
1567	1567	18	0
1567	1567	19	0
1567	1567	20	0
1567	1567	21	0
1567	1567	22	0
1567	1567	23	0
1567	1567	24	0
1567	1567	25	0
1567	1567	26	1
1567	1567	27	0
1567	1567	28	0
1567	1567	29	0
1567	1567	30	0
1567	1567	31	0
1567	1567	32	0
1567	1567	33	0
1567	1567	34	0
1567	1567	35	0
1567	1567	36	1
1567	1567	37	0
1568	1568	0	0
1568	1568	1	0
1568	1568	2	0
1568	1568	3	0
1568	1568	4	0
1568	1568	5	0
1568	1568	6	3
1568	1568	7	0
1568	1568	8	0
1568	1568	9	0
1568	1568	10	0
1568	1568	11	0
1568	1568	12	0
1568	1568	13	0
1568	1568	14	2
1568	1568	15	0
1568	1568	16	0
1568	1568	17	0
1568	1568	18	0
1568	1568	19	0
1568	1568	20	0
1568	1568	21	0
1568	1568	22	0
1568	1568	23	0
1568	1568	24	4
1568	1568	25	0
1568	1568	26	0
1568	1568	27	0
1568	1568	28	0
1568	1568	29	0
1568	1568	30	1
1568	1568	31	0
1568	1568	32	0
1568	1568	33	0
1568	1568	34	2
1568	1568	35	0
1568	1568	36	0
1568	1568	37	1
1569	1569	0	0
1569	1569	1	1
1569	1569	2	0
1569	1569	3	0
1569	1569	4	0
1569	1569	5	0
1569	1569	6	0
1569	1569	7	0
1569	1569	8	0
1569	1569	9	0
1569	1569	10	0
1569	1569	11	0
1569	1569	12	0
1569	1569	13	0
1569	1569	14	0
1569	1569	15	0
1569	1569	16	0
1569	1569	17	1
1569	1569	18	0
1569	1569	19	0
1569	1569	20	0
1569	1569	21	0
1569	1569	22	0
1569	1569	23	1
1569	1569	24	0
1569	1569	25	0
1569	1569	26	0
1569	1569	27	2
1569	1569	28	0
1569	1569	29	0
1569	1569	30	0
1569	1569	31	2
1569	1569	32	0
1569	1569	33	2
1569	1569	34	2
1569	1569	35	4
1569	1569	36	1
1569	1569	37	0
1570	1570	0	0
1570	1570	1	0
1570	1570	2	0
1570	1570	3	0
1570	1570	4	0
1570	1570	5	0
1570	1570	6	0
1570	1570	7	0
1570	1570	8	0
1570	1570	9	0
1570	1570	10	0
1570	1570	11	0
1570	1570	12	0
1570	1570	13	0
1570	1570	14	0
1570	1570	15	0
1570	1570	16	0
1570	1570	17	0
1570	1570	18	0
1570	1570	19	0
1570	1570	20	0
1570	1570	21	0
1570	1570	22	0
1570	1570	23	0
1570	1570	24	0
1570	1570	25	0
1570	1570	26	0
1570	1570	27	0
1570	1570	28	0
1570	1570	29	0
1570	1570	30	0
1570	1570	31	0
1570	1570	32	0
1570	1570	33	0
1570	1570	34	0
1570	1570	35	0
1570	1570	36	0
1570	1570	37	0
1571	1571	0	0
1571	1571	1	0
1571	1571	2	2
1571	1571	3	0
1571	1571	4	0
1571	1571	5	1
1571	1571	6	0
1571	1571	7	0
1571	1571	8	1
1571	1571	9	0
1571	1571	10	0
1571	1571	11	0
1571	1571	12	0
1571	1571	13	2
1571	1571	14	0
1571	1571	15	3
1571	1571	16	0
1571	1571	17	0
1571	1571	18	0
1571	1571	19	0
1571	1571	20	0
1571	1571	21	0
1571	1571	22	7
1571	1571	23	0
1571	1571	24	0
1571	1571	25	0
1571	1571	26	0
1571	1571	27	0
1571	1571	28	0
1571	1571	29	1
1571	1571	30	0
1571	1571	31	0
1571	1571	32	2
1571	1571	33	0
1571	1571	34	0
1571	1571	35	0
1571	1571	36	2
1571	1571	37	2
1572	1572	0	0
1572	1572	1	0
1572	1572	2	0
1572	1572	3	0
1572	1572	4	0
1572	1572	5	0
1572	1572	6	0
1572	1572	7	0
1572	1572	8	0
1572	1572	9	0
1572	1572	10	0
1572	1572	11	0
1572	1572	12	0
1572	1572	13	0
1572	1572	14	2
1572	1572	15	0
1572	1572	16	0
1572	1572	17	0
1572	1572	18	0
1572	1572	19	0
1572	1572	20	2
1572	1572	21	0
1572	1572	22	0
1572	1572	23	0
1572	1572	24	0
1572	1572	25	0
1572	1572	26	0
1572	1572	27	1
1572	1572	28	0
1572	1572	29	3
1572	1572	30	5
1572	1572	31	1
1572	1572	32	3
1572	1572	33	0
1572	1572	34	1
1572	1572	35	0
1572	1572	36	0
1572	1572	37	0
1573	1573	0	0
1573	1573	1	0
1573	1573	2	0
1573	1573	3	0
1573	1573	4	2
1573	1573	5	0
1573	1573	6	0
1573	1573	7	1
1573	1573	8	0
1573	1573	9	0
1573	1573	10	0
1573	1573	11	0
1573	1573	12	0
1573	1573	13	0
1573	1573	14	0
1573	1573	15	2
1573	1573	16	0
1573	1573	17	0
1573	1573	18	0
1573	1573	19	0
1573	1573	20	6
1573	1573	21	2
1573	1573	22	0
1573	1573	23	2
1573	1573	24	0
1573	1573	25	4
1573	1573	26	0
1573	1573	27	2
1573	1573	28	1
1573	1573	29	1
1573	1573	30	0
1573	1573	31	0
1573	1573	32	0
1573	1573	33	1
1573	1573	34	3
1573	1573	35	0
1573	1573	36	0
1573	1573	37	1
1574	1574	0	0
1574	1574	1	0
1574	1574	2	0
1574	1574	3	0
1574	1574	4	0
1574	1574	5	0
1574	1574	6	0
1574	1574	7	3
1574	1574	8	0
1574	1574	9	0
1574	1574	10	1
1574	1574	11	0
1574	1574	12	0
1574	1574	13	0
1574	1574	14	0
1574	1574	15	0
1574	1574	16	0
1574	1574	17	1
1574	1574	18	3
1574	1574	19	0
1574	1574	20	0
1574	1574	21	0
1574	1574	22	4
1574	1574	23	2
1574	1574	24	1
1574	1574	25	3
1574	1574	26	0
1574	1574	27	0
1574	1574	28	0
1574	1574	29	0
1574	1574	30	2
1574	1574	31	0
1574	1574	32	2
1574	1574	33	2
1574	1574	34	2
1574	1574	35	1
1574	1574	36	1
1574	1574	37	3
1575	1575	0	0
1575	1575	1	0
1575	1575	2	0
1575	1575	3	0
1575	1575	4	1
1575	1575	5	0
1575	1575	6	1
1575	1575	7	0
1575	1575	8	0
1575	1575	9	2
1575	1575	10	0
1575	1575	11	0
1575	1575	12	0
1575	1575	13	0
1575	1575	14	0
1575	1575	15	2
1575	1575	16	0
1575	1575	17	0
1575	1575	18	0
1575	1575	19	0
1575	1575	20	0
1575	1575	21	0
1575	1575	22	0
1575	1575	23	0
1575	1575	24	0
1575	1575	25	0
1575	1575	26	0
1575	1575	27	0
1575	1575	28	1
1575	1575	29	2
1575	1575	30	0
1575	1575	31	0
1575	1575	32	0
1575	1575	33	5
1575	1575	34	2
1575	1575	35	0
1575	1575	36	2
1575	1575	37	0
1576	1576	0	0
1576	1576	1	0
1576	1576	2	0
1576	1576	3	1
1576	1576	4	0
1576	1576	5	0
1576	1576	6	0
1576	1576	7	0
1576	1576	8	2
1576	1576	9	4
1576	1576	10	0
1576	1576	11	0
1576	1576	12	0
1576	1576	13	0
1576	1576	14	0
1576	1576	15	0
1576	1576	16	3
1576	1576	17	0
1576	1576	18	0
1576	1576	19	1
1576	1576	20	0
1576	1576	21	1
1576	1576	22	0
1576	1576	23	0
1576	1576	24	0
1576	1576	25	1
1576	1576	26	1
1576	1576	27	0
1576	1576	28	0
1576	1576	29	0
1576	1576	30	1
1576	1576	31	3
1576	1576	32	1
1576	1576	33	2
1576	1576	34	1
1576	1576	35	5
1576	1576	36	1
1576	1576	37	6
1577	1577	0	0
1577	1577	1	0
1577	1577	2	1
1577	1577	3	0
1577	1577	4	1
1577	1577	5	0
1577	1577	6	0
1577	1577	7	0
1577	1577	8	0
1577	1577	9	0
1577	1577	10	0
1577	1577	11	1
1577	1577	12	0
1577	1577	13	0
1577	1577	14	0
1577	1577	15	2
1577	1577	16	2
1577	1577	17	1
1577	1577	18	1
1577	1577	19	0
1577	1577	20	2
1577	1577	21	0
1577	1577	22	1
1577	1577	23	0
1577	1577	24	0
1577	1577	25	0
1577	1577	26	0
1577	1577	27	1
1577	1577	28	0
1577	1577	29	0
1577	1577	30	0
1577	1577	31	0
1577	1577	32	0
1577	1577	33	3
1577	1577	34	0
1577	1577	35	1
1577	1577	36	1
1577	1577	37	0
1578	1578	0	0
1578	1578	1	0
1578	1578	2	0
1578	1578	3	0
1578	1578	4	5
1578	1578	5	0
1578	1578	6	0
1578	1578	7	0
1578	1578	8	1
1578	1578	9	0
1578	1578	10	0
1578	1578	11	1
1578	1578	12	0
1578	1578	13	0
1578	1578	14	0
1578	1578	15	1
1578	1578	16	0
1578	1578	17	0
1578	1578	18	0
1578	1578	19	0
1578	1578	20	0
1578	1578	21	0
1578	1578	22	0
1578	1578	23	1
1578	1578	24	0
1578	1578	25	3
1578	1578	26	0
1578	1578	27	1
1578	1578	28	0
1578	1578	29	0
1578	1578	30	0
1578	1578	31	0
1578	1578	32	0
1578	1578	33	0
1578	1578	34	0
1578	1578	35	0
1578	1578	36	0
1578	1578	37	0
1579	1579	0	0
1579	1579	1	0
1579	1579	2	1
1579	1579	3	0
1579	1579	4	0
1579	1579	5	0
1579	1579	6	0
1579	1579	7	0
1579	1579	8	0
1579	1579	9	0
1579	1579	10	0
1579	1579	11	0
1579	1579	12	2
1579	1579	13	0
1579	1579	14	0
1579	1579	15	0
1579	1579	16	2
1579	1579	17	0
1579	1579	18	0
1579	1579	19	1
1579	1579	20	0
1579	1579	21	0
1579	1579	22	0
1579	1579	23	0
1579	1579	24	2
1579	1579	25	1
1579	1579	26	0
1579	1579	27	0
1579	1579	28	0
1579	1579	29	0
1579	1579	30	0
1579	1579	31	0
1579	1579	32	5
1579	1579	33	2
1579	1579	34	0
1579	1579	35	0
1579	1579	36	4
1579	1579	37	0
1580	1580	0	0
1580	1580	1	1
1580	1580	2	0
1580	1580	3	1
1580	1580	4	0
1580	1580	5	0
1580	1580	6	0
1580	1580	7	0
1580	1580	8	0
1580	1580	9	0
1580	1580	10	0
1580	1580	11	0
1580	1580	12	0
1580	1580	13	0
1580	1580	14	0
1580	1580	15	0
1580	1580	16	3
1580	1580	17	0
1580	1580	18	0
1580	1580	19	4
1580	1580	20	0
1580	1580	21	0
1580	1580	22	0
1580	1580	23	0
1580	1580	24	0
1580	1580	25	1
1580	1580	26	0
1580	1580	27	0
1580	1580	28	0
1580	1580	29	0
1580	1580	30	0
1580	1580	31	0
1580	1580	32	0
1580	1580	33	0
1580	1580	34	0
1580	1580	35	0
1580	1580	36	0
1580	1580	37	0
1581	1581	0	0
1581	1581	1	0
1581	1581	2	0
1581	1581	3	0
1581	1581	4	0
1581	1581	5	0
1581	1581	6	2
1581	1581	7	0
1581	1581	8	0
1581	1581	9	0
1581	1581	10	0
1581	1581	11	1
1581	1581	12	0
1581	1581	13	0
1581	1581	14	0
1581	1581	15	0
1581	1581	16	0
1581	1581	17	0
1581	1581	18	0
1581	1581	19	0
1581	1581	20	0
1581	1581	21	0
1581	1581	22	0
1581	1581	23	0
1581	1581	24	0
1581	1581	25	0
1581	1581	26	0
1581	1581	27	0
1581	1581	28	0
1581	1581	29	0
1581	1581	30	0
1581	1581	31	0
1581	1581	32	0
1581	1581	33	0
1581	1581	34	0
1581	1581	35	0
1581	1581	36	0
1581	1581	37	0
1582	1582	0	0
1582	1582	1	0
1582	1582	2	0
1582	1582	3	0
1582	1582	4	0
1582	1582	5	0
1582	1582	6	0
1582	1582	7	5
1582	1582	8	0
1582	1582	9	0
1582	1582	10	0
1582	1582	11	0
1582	1582	12	0
1582	1582	13	0
1582	1582	14	0
1582	1582	15	4
1582	1582	16	0
1582	1582	17	2
1582	1582	18	0
1582	1582	19	0
1582	1582	20	1
1582	1582	21	0
1582	1582	22	0
1582	1582	23	0
1582	1582	24	2
1582	1582	25	1
1582	1582	26	0
1582	1582	27	0
1582	1582	28	1
1582	1582	29	0
1582	1582	30	0
1582	1582	31	0
1582	1582	32	0
1582	1582	33	0
1582	1582	34	1
1582	1582	35	0
1582	1582	36	0
1582	1582	37	0
1583	1583	0	0
1583	1583	1	0
1583	1583	2	0
1583	1583	3	0
1583	1583	4	0
1583	1583	5	0
1583	1583	6	0
1583	1583	7	0
1583	1583	8	0
1583	1583	9	0
1583	1583	10	0
1583	1583	11	0
1583	1583	12	0
1583	1583	13	0
1583	1583	14	0
1583	1583	15	0
1583	1583	16	0
1583	1583	17	1
1583	1583	18	1
1583	1583	19	2
1583	1583	20	0
1583	1583	21	0
1583	1583	22	0
1583	1583	23	0
1583	1583	24	4
1583	1583	25	0
1583	1583	26	0
1583	1583	27	0
1583	1583	28	0
1583	1583	29	0
1583	1583	30	0
1583	1583	31	0
1583	1583	32	2
1583	1583	33	0
1583	1583	34	2
1583	1583	35	1
1583	1583	36	0
1583	1583	37	0
1584	1584	0	0
1584	1584	1	0
1584	1584	2	0
1584	1584	3	0
1584	1584	4	0
1584	1584	5	0
1584	1584	6	0
1584	1584	7	0
1584	1584	8	0
1584	1584	9	0
1584	1584	10	0
1584	1584	11	0
1584	1584	12	0
1584	1584	13	0
1584	1584	14	1
1584	1584	15	0
1584	1584	16	0
1584	1584	17	0
1584	1584	18	0
1584	1584	19	0
1584	1584	20	0
1584	1584	21	0
1584	1584	22	0
1584	1584	23	0
1584	1584	24	1
1584	1584	25	2
1584	1584	26	4
1584	1584	27	2
1584	1584	28	0
1584	1584	29	1
1584	1584	30	0
1584	1584	31	0
1584	1584	32	0
1584	1584	33	0
1584	1584	34	1
1584	1584	35	2
1584	1584	36	0
1584	1584	37	5
1585	1585	0	0
1585	1585	1	0
1585	1585	2	0
1585	1585	3	0
1585	1585	4	0
1585	1585	5	0
1585	1585	6	0
1585	1585	7	0
1585	1585	8	1
1585	1585	9	0
1585	1585	10	0
1585	1585	11	0
1585	1585	12	0
1585	1585	13	0
1585	1585	14	0
1585	1585	15	0
1585	1585	16	0
1585	1585	17	0
1585	1585	18	0
1585	1585	19	0
1585	1585	20	0
1585	1585	21	0
1585	1585	22	0
1585	1585	23	0
1585	1585	24	0
1585	1585	25	0
1585	1585	26	1
1585	1585	27	0
1585	1585	28	0
1585	1585	29	0
1585	1585	30	0
1585	1585	31	0
1585	1585	32	0
1585	1585	33	0
1585	1585	34	0
1585	1585	35	0
1585	1585	36	0
1585	1585	37	0
1586	1586	0	0
1586	1586	1	0
1586	1586	2	0
1586	1586	3	0
1586	1586	4	0
1586	1586	5	0
1586	1586	6	0
1586	1586	7	0
1586	1586	8	0
1586	1586	9	0
1586	1586	10	0
1586	1586	11	0
1586	1586	12	0
1586	1586	13	0
1586	1586	14	0
1586	1586	15	0
1586	1586	16	0
1586	1586	17	0
1586	1586	18	0
1586	1586	19	0
1586	1586	20	0
1586	1586	21	0
1586	1586	22	0
1586	1586	23	0
1586	1586	24	0
1586	1586	25	0
1586	1586	26	0
1586	1586	27	0
1586	1586	28	0
1586	1586	29	0
1586	1586	30	0
1586	1586	31	0
1586	1586	32	0
1586	1586	33	0
1586	1586	34	0
1586	1586	35	0
1586	1586	36	0
1586	1586	37	0
1587	1587	0	0
1587	1587	1	0
1587	1587	2	0
1587	1587	3	0
1587	1587	4	0
1587	1587	5	1
1587	1587	6	0
1587	1587	7	0
1587	1587	8	0
1587	1587	9	1
1587	1587	10	0
1587	1587	11	1
1587	1587	12	0
1587	1587	13	2
1587	1587	14	0
1587	1587	15	0
1587	1587	16	0
1587	1587	17	0
1587	1587	18	0
1587	1587	19	0
1587	1587	20	0
1587	1587	21	0
1587	1587	22	0
1587	1587	23	0
1587	1587	24	2
1587	1587	25	0
1587	1587	26	0
1587	1587	27	0
1587	1587	28	0
1587	1587	29	1
1587	1587	30	0
1587	1587	31	0
1587	1587	32	0
1587	1587	33	0
1587	1587	34	0
1587	1587	35	0
1587	1587	36	0
1587	1587	37	0
1588	1588	0	0
1588	1588	1	0
1588	1588	2	0
1588	1588	3	0
1588	1588	4	0
1588	1588	5	0
1588	1588	6	0
1588	1588	7	1
1588	1588	8	0
1588	1588	9	0
1588	1588	10	0
1588	1588	11	0
1588	1588	12	0
1588	1588	13	0
1588	1588	14	0
1588	1588	15	0
1588	1588	16	0
1588	1588	17	0
1588	1588	18	0
1588	1588	19	0
1588	1588	20	0
1588	1588	21	0
1588	1588	22	0
1588	1588	23	0
1588	1588	24	0
1588	1588	25	0
1588	1588	26	0
1588	1588	27	0
1588	1588	28	0
1588	1588	29	0
1588	1588	30	0
1588	1588	31	0
1588	1588	32	0
1588	1588	33	0
1588	1588	34	0
1588	1588	35	0
1588	1588	36	0
1588	1588	37	0
1589	1589	0	0
1589	1589	1	0
1589	1589	2	0
1589	1589	3	0
1589	1589	4	0
1589	1589	5	0
1589	1589	6	0
1589	1589	7	1
1589	1589	8	0
1589	1589	9	0
1589	1589	10	0
1589	1589	11	1
1589	1589	12	0
1589	1589	13	0
1589	1589	14	0
1589	1589	15	0
1589	1589	16	0
1589	1589	17	1
1589	1589	18	0
1589	1589	19	2
1589	1589	20	0
1589	1589	21	0
1589	1589	22	1
1589	1589	23	0
1589	1589	24	1
1589	1589	25	1
1589	1589	26	2
1589	1589	27	0
1589	1589	28	2
1589	1589	29	1
1589	1589	30	2
1589	1589	31	0
1589	1589	32	6
1589	1589	33	2
1589	1589	34	1
1589	1589	35	0
1589	1589	36	4
1589	1589	37	4
1590	1590	0	0
1590	1590	1	0
1590	1590	2	1
1590	1590	3	0
1590	1590	4	0
1590	1590	5	0
1590	1590	6	0
1590	1590	7	0
1590	1590	8	1
1590	1590	9	0
1590	1590	10	0
1590	1590	11	0
1590	1590	12	0
1590	1590	13	0
1590	1590	14	0
1590	1590	15	0
1590	1590	16	0
1590	1590	17	0
1590	1590	18	0
1590	1590	19	0
1590	1590	20	1
1590	1590	21	0
1590	1590	22	0
1590	1590	23	0
1590	1590	24	0
1590	1590	25	0
1590	1590	26	0
1590	1590	27	0
1590	1590	28	0
1590	1590	29	0
1590	1590	30	0
1590	1590	31	0
1590	1590	32	0
1590	1590	33	0
1590	1590	34	0
1590	1590	35	0
1590	1590	36	0
1590	1590	37	0
1591	1591	0	0
1591	1591	1	0
1591	1591	2	0
1591	1591	3	0
1591	1591	4	0
1591	1591	5	1
1591	1591	6	0
1591	1591	7	1
1591	1591	8	0
1591	1591	9	0
1591	1591	10	0
1591	1591	11	1
1591	1591	12	1
1591	1591	13	0
1591	1591	14	0
1591	1591	15	0
1591	1591	16	0
1591	1591	17	0
1591	1591	18	2
1591	1591	19	0
1591	1591	20	0
1591	1591	21	1
1591	1591	22	0
1591	1591	23	0
1591	1591	24	0
1591	1591	25	0
1591	1591	26	0
1591	1591	27	1
1591	1591	28	0
1591	1591	29	0
1591	1591	30	1
1591	1591	31	3
1591	1591	32	1
1591	1591	33	1
1591	1591	34	0
1591	1591	35	0
1591	1591	36	4
1591	1591	37	3
1592	1592	0	0
1592	1592	1	0
1592	1592	2	0
1592	1592	3	0
1592	1592	4	0
1592	1592	5	0
1592	1592	6	0
1592	1592	7	0
1592	1592	8	0
1592	1592	9	0
1592	1592	10	0
1592	1592	11	1
1592	1592	12	0
1592	1592	13	0
1592	1592	14	0
1592	1592	15	2
1592	1592	16	0
1592	1592	17	1
1592	1592	18	4
1592	1592	19	4
1592	1592	20	0
1592	1592	21	0
1592	1592	22	1
1592	1592	23	2
1592	1592	24	0
1592	1592	25	0
1592	1592	26	0
1592	1592	27	1
1592	1592	28	2
1592	1592	29	2
1592	1592	30	3
1592	1592	31	0
1592	1592	32	0
1592	1592	33	0
1592	1592	34	1
1592	1592	35	1
1592	1592	36	4
1592	1592	37	0
1593	1593	0	0
1593	1593	1	1
1593	1593	2	0
1593	1593	3	0
1593	1593	4	0
1593	1593	5	0
1593	1593	6	0
1593	1593	7	0
1593	1593	8	0
1593	1593	9	0
1593	1593	10	0
1593	1593	11	3
1593	1593	12	1
1593	1593	13	1
1593	1593	14	1
1593	1593	15	1
1593	1593	16	0
1593	1593	17	2
1593	1593	18	3
1593	1593	19	1
1593	1593	20	0
1593	1593	21	1
1593	1593	22	0
1593	1593	23	0
1593	1593	24	3
1593	1593	25	1
1593	1593	26	3
1593	1593	27	4
1593	1593	28	4
1593	1593	29	1
1593	1593	30	3
1593	1593	31	1
1593	1593	32	5
1593	1593	33	2
1593	1593	34	2
1593	1593	35	0
1593	1593	36	4
1593	1593	37	1
1594	1594	0	0
1594	1594	1	0
1594	1594	2	0
1594	1594	3	0
1594	1594	4	0
1594	1594	5	0
1594	1594	6	0
1594	1594	7	0
1594	1594	8	0
1594	1594	9	0
1594	1594	10	1
1594	1594	11	0
1594	1594	12	1
1594	1594	13	0
1594	1594	14	0
1594	1594	15	0
1594	1594	16	2
1594	1594	17	0
1594	1594	18	2
1594	1594	19	0
1594	1594	20	0
1594	1594	21	0
1594	1594	22	1
1594	1594	23	0
1594	1594	24	0
1594	1594	25	3
1594	1594	26	2
1594	1594	27	0
1594	1594	28	5
1594	1594	29	3
1594	1594	30	4
1594	1594	31	0
1594	1594	32	3
1594	1594	33	0
1594	1594	34	1
1594	1594	35	6
1594	1594	36	4
1594	1594	37	2
1595	1595	0	0
1595	1595	1	0
1595	1595	2	3
1595	1595	3	0
1595	1595	4	0
1595	1595	5	0
1595	1595	6	2
1595	1595	7	0
1595	1595	8	0
1595	1595	9	0
1595	1595	10	0
1595	1595	11	0
1595	1595	12	0
1595	1595	13	0
1595	1595	14	0
1595	1595	15	0
1595	1595	16	0
1595	1595	17	2
1595	1595	18	4
1595	1595	19	1
1595	1595	20	0
1595	1595	21	0
1595	1595	22	5
1595	1595	23	1
1595	1595	24	4
1595	1595	25	0
1595	1595	26	3
1595	1595	27	0
1595	1595	28	1
1595	1595	29	2
1595	1595	30	2
1595	1595	31	2
1595	1595	32	4
1595	1595	33	6
1595	1595	34	0
1595	1595	35	3
1595	1595	36	6
1595	1595	37	4
1596	1596	0	0
1596	1596	1	0
1596	1596	2	0
1596	1596	3	0
1596	1596	4	0
1596	1596	5	0
1596	1596	6	1
1596	1596	7	0
1596	1596	8	0
1596	1596	9	0
1596	1596	10	0
1596	1596	11	0
1596	1596	12	0
1596	1596	13	2
1596	1596	14	0
1596	1596	15	0
1596	1596	16	0
1596	1596	17	0
1596	1596	18	0
1596	1596	19	4
1596	1596	20	0
1596	1596	21	0
1596	1596	22	0
1596	1596	23	0
1596	1596	24	0
1596	1596	25	0
1596	1596	26	0
1596	1596	27	1
1596	1596	28	3
1596	1596	29	1
1596	1596	30	6
1596	1596	31	1
1596	1596	32	1
1596	1596	33	7
1596	1596	34	3
1596	1596	35	0
1596	1596	36	0
1596	1596	37	5
1597	1597	0	0
1597	1597	1	0
1597	1597	2	0
1597	1597	3	0
1597	1597	4	2
1597	1597	5	0
1597	1597	6	0
1597	1597	7	0
1597	1597	8	0
1597	1597	9	1
1597	1597	10	0
1597	1597	11	0
1597	1597	12	0
1597	1597	13	0
1597	1597	14	0
1597	1597	15	0
1597	1597	16	0
1597	1597	17	0
1597	1597	18	0
1597	1597	19	3
1597	1597	20	0
1597	1597	21	0
1597	1597	22	1
1597	1597	23	2
1597	1597	24	0
1597	1597	25	0
1597	1597	26	0
1597	1597	27	0
1597	1597	28	0
1597	1597	29	0
1597	1597	30	3
1597	1597	31	0
1597	1597	32	2
1597	1597	33	0
1597	1597	34	0
1597	1597	35	2
1597	1597	36	0
1597	1597	37	1
1598	1598	0	0
1598	1598	1	0
1598	1598	2	0
1598	1598	3	0
1598	1598	4	0
1598	1598	5	0
1598	1598	6	0
1598	1598	7	0
1598	1598	8	0
1598	1598	9	0
1598	1598	10	2
1598	1598	11	0
1598	1598	12	0
1598	1598	13	0
1598	1598	14	0
1598	1598	15	0
1598	1598	16	0
1598	1598	17	1
1598	1598	18	0
1598	1598	19	0
1598	1598	20	0
1598	1598	21	0
1598	1598	22	3
1598	1598	23	1
1598	1598	24	2
1598	1598	25	0
1598	1598	26	1
1598	1598	27	0
1598	1598	28	2
1598	1598	29	1
1598	1598	30	1
1598	1598	31	3
1598	1598	32	2
1598	1598	33	0
1598	1598	34	0
1598	1598	35	1
1598	1598	36	1
1598	1598	37	1
1599	1599	0	0
1599	1599	1	0
1599	1599	2	0
1599	1599	3	0
1599	1599	4	0
1599	1599	5	0
1599	1599	6	1
1599	1599	7	0
1599	1599	8	0
1599	1599	9	0
1599	1599	10	0
1599	1599	11	0
1599	1599	12	0
1599	1599	13	0
1599	1599	14	2
1599	1599	15	0
1599	1599	16	0
1599	1599	17	0
1599	1599	18	2
1599	1599	19	0
1599	1599	20	0
1599	1599	21	0
1599	1599	22	1
1599	1599	23	0
1599	1599	24	0
1599	1599	25	0
1599	1599	26	0
1599	1599	27	0
1599	1599	28	0
1599	1599	29	0
1599	1599	30	0
1599	1599	31	0
1599	1599	32	0
1599	1599	33	0
1599	1599	34	0
1599	1599	35	0
1599	1599	36	0
1599	1599	37	0
1600	1600	0	0
1600	1600	1	0
1600	1600	2	2
1600	1600	3	0
1600	1600	4	0
1600	1600	5	0
1600	1600	6	0
1600	1600	7	0
1600	1600	8	3
1600	1600	9	1
1600	1600	10	0
1600	1600	11	0
1600	1600	12	0
1600	1600	13	1
1600	1600	14	0
1600	1600	15	0
1600	1600	16	0
1600	1600	17	0
1600	1600	18	0
1600	1600	19	0
1600	1600	20	0
1600	1600	21	0
1600	1600	22	0
1600	1600	23	0
1600	1600	24	0
1600	1600	25	0
1600	1600	26	0
1600	1600	27	0
1600	1600	28	0
1600	1600	29	0
1600	1600	30	1
1600	1600	31	0
1600	1600	32	0
1600	1600	33	0
1600	1600	34	0
1600	1600	35	0
1600	1600	36	0
1600	1600	37	0
