beta	z_lat	d_inf	delta	e0_extra	R0
0.3351289635193946	27.749669959635614	10.271472298017285	0.31271863176719966	3.1091702799066288	3.4422678650527065
0.4358952892719729	26.881832789956295	7.727002551516746	0.4256960003893769	3.268775574699515	3.3681640123986645
0.247893792556118	18.94062879435984	8.819086945120324	0.33626481151865695	2.3102893601918804	2.186196909708026
0.10840746308913926	22.70823351953725	8.134307002136302	0.4571393040610436	0.5043747378696479	0.8818195860898181
0.11801637306434204	18.08075307633217	8.545472796222262	0.4657802621930475	1.6476637337752087	1.0085057055301525
0.16819737004633312	20.73663970301384	7.383769259789421	0.36461247653206913	2.849260132648281	1.2419305705255403
0.15957476980124627	21.29423644743116	7.6641889044109535	0.3337841685449951	2.462831271167309	1.2230111801346437
0.14303358162984284	18.937995443849164	7.458025223586336	0.34632960248944955	2.503764213672171	1.0667480596152632
0.11475152871109467	25.481612459711226	8.814031520105129	0.40476625770788793	3.0442467789234477	1.011423591039837
0.21313716573130287	22.442965130020063	9.11846314122608	0.45886541790375	3.1861665975043545	1.9434833897462795
0.2441207693851884	17.78755198682921	9.373158103074813	0.3680361827985568	2.2137793931173646	2.2881825676916363
0.49383320297020855	25.921901554678577	8.078370628401263	0.38949328090619406	0.6577302638165505	3.989367642203852
0.43779031995955153	26.03742332592929	7.075424189556321	0.3726142969225465	1.2584379764595024	3.0975522197954124
0.18182580721213748	28.320256442654504	8.394638731218425	0.45247351449008794	1.2560495002457668	1.5263619635580636
0.4307504335932616	23.65608083838732	9.274258568188769	0.4190664596996168	2.333982055806108	3.9948908995033334
0.38891571065794034	23.196684483439373	8.285238694638556	0.4774806310035185	1.896379150913252	3.22225949489602
0.42377509991895235	22.00708700443876	11.257638782700107	0.488742618742908	3.639592020874476	4.770706999990211
0.4578897125292644	20.55479390072943	11.043523649490474	0.4809805156523333	3.2353836243972607	5.056715869175326
0.43219800008643566	17.069905240379413	8.89843036988044	0.47126197544156334	0.8719708851428445	3.8458838097707284
0.47398418653207336	16.90963181155019	7.39964836347761	0.4555010155689774	1.1157644660481003	3.5073163101863227
0.23710907984779303	12.919657868966175	10.615724773555856	0.4744267621674718	3.5602940642507366	2.51708473297525
0.19922441726342607	13.437218933702177	10.995674704492988	0.4614350595907272	3.967775074135021	2.1906068854208103
0.4047832082324905	23.343848576549224	7.228805776647757	0.35270012346771484	1.5678468742960203	2.926099193961039
0.36114489762053587	25.098650539777644	7.003982038963264	0.3530686537832623	1.458559110984586	2.5294523763974603
0.39606079756387097	24.700915478433917	7.666500798959588	0.34314634611398925	1.8584238516230052	3.0364004209599886
0.4245560336171743	21.118492365219684	7.772565796093764	0.38549823339110073	1.181933061603036	3.2998897054180834
0.30437793914796946	16.47401490319637	8.027332722872657	0.3541556911921007	0.9438107537039568	2.4433429910430378
0.3641313342283885	18.526973716224287	8.441309483356944	0.38457673490158567	0.6245155446502539	3.073745284809513
0.2520089746535405	14.996549944900352	8.067908789603907	0.37596456582908017	0.7281063128160428	2.0331854216663676
0.2520251501852331	14.25765373409596	10.577344081664906	0.34770981407050944	0.9355158057772415	2.6657567307424843
0.38908174939821216	18.448453010905823	13.23340885617132	0.49866439713334326	2.8932134060369568	5.14887786826093
0.4306819656831321	20.356565501980143	12.492335736159408	0.49383599097353104	3.5269046322224775	5.380223710822771
0.42185716181713967	17.56032597063764	11.444365324902355	0.4862947628105784	1.468956510595552	4.827887474761795
0.27181470495206345	22.690197483437217	10.502705421064716	0.4564428290546674	2.840397681749261	2.854789775225143
0.29682274577239676	19.11624040521316	7.828909524295698	0.4818880662656714	2.4158966781066784	2.3237984214051175
0.1714152532280285	19.59708019387097	10.898233153840955	0.3639140530098108	1.472504376621377	1.868123395803743
0.4698210339517598	19.74013054076511	10.459922106140311	0.4671833520248375	0.8818789969284235	4.91429141896171
0.21696046086878187	19.60021230082751	13.953714970622052	0.3504025609209196	1.1355109702841213	3.0274044308577817
0.3055993300516355	20.55409484675162	12.171598204495519	0.3790675626247689	0.29208666919521925	3.71963225695152
0.28103635453024206	26.47821778911445	13.193589027065244	0.3839847735430115	0.28011560464720414	3.7078781633366193
0.2164917775273457	23.6507683552112	13.907823250053523	0.38347460219949353	0.671353763872406	3.010929376940233
0.20951383992309	15.74337571951189	8.199118389569959	0.32272324381176487	2.0098000589859235	1.7178287777828238
0.4902516531272315	23.035110033704807	10.18714131031712	0.49675499797817774	0.9283303032506589	4.99426286802368
0.2793777969788596	15.56862458479383	7.855293949397616	0.41002848759333976	3.63164053270856	2.1945947182040717
0.33212783622225706	16.07340315996991	8.3871332476608	0.46800380332198416	2.80286523606189	2.7856004176533333
0.38141631595307535	13.734021539382804	8.196231485966516	0.4517273308265612	2.1678243794298897	3.126176418075949
0.3017241593640741	17.584071918568778	8.33915728455937	0.3194162365875906	1.938582454215008	2.516125221488471
0.3404613649910582	25.280590392313837	9.370469814035614	0.3569620835120315	1.5351514469461063	3.1902829434940725
0.34278495569534007	22.93368936092106	12.139016542214716	0.4617158426633941	3.114575603516613	4.161072247608072
0.4254625395973776	27.122491945694335	11.752830590325823	0.417908203349204	3.4167162158705593	5.000389150417772
0.45734967363039086	22.784801530367375	13.174601539614033	0.48019068766408135	1.3434768014589284	6.025399714352923
0.48166562091590126	23.868486152269444	13.739582471114144	0.4563865956622537	1.1283513514095502	6.617884522074427
0.3751774955315512	21.12325441956705	9.601351659310755	0.33395343459950183	0.7320000419887803	3.6022110692579123
0.24882076390242217	23.71174836457294	12.175612529773725	0.46229256204808167	3.014980564358689	3.029545210638201
0.1339931569631451	23.959709779477436	13.831792175684923	0.35451943841228367	1.3719103604334872	1.853365500078152
0.14100182048761656	16.30101763024729	11.335323894646445	0.31753148520228247	0.7753815303348554	1.5983013049619286
0.10961575210722188	17.311582374376407	10.86130256581156	0.3158717315792613	0.9739963913101488	1.1905698496155328
0.22153519578879813	14.662409609952464	7.437388934395433	0.39096165730687055	0.9078772100375635	1.647643413738733
0.3178081431352368	17.501682549443963	7.656593201941056	0.3712076883003372	1.912638523760976	2.4333276682507643
0.36977011367589824	22.998380526685295	7.339326037131412	0.47110127711927535	1.8978329928408155	2.713863423054562
0.4007601441801524	20.63930822093612	7.671700276923352	0.37598397351415713	2.2322083305452227	3.0745117090867176
0.2849465853663178	21.618261195575545	8.084906286930835	0.3690310505255932	3.9267711227852935	2.3037664394676165
0.2985162795463682	22.93632267716717	7.746975204488349	0.3815059777359237	3.2809470075894684	2.312598215781827
0.4141504578277088	26.815523395146588	9.253911709945251	0.4746527288468745	2.5408004944457505	3.8325117713710215
0.26674105013078886	17.91109639049631	11.450620562132448	0.46144825938854334	1.0870190948772431	3.054350553392413
0.243238243892807	21.08069356460744	11.691425494885616	0.38778961471413614	2.727414959610533	2.843801805979569
0.32778642466497343	21.635503754576384	11.736288724980943	0.3942684092561504	3.2623876966685272	3.846996119997343
0.3157821034002371	19.00631231813406	12.05029330981136	0.35121642455823243	2.1015096450980173	3.8052669679620363
0.23286029415074605	19.310786542096075	11.814462653104291	0.32660639869432173	2.6876205268236326	2.751119248634869
0.36864242946685527	24.695951111033946	12.311694909165634	0.3104184679274041	0.9815089105188352	4.538613122169534
0.4096885263414396	26.125362999082785	12.495471964794444	0.4255733735421927	2.2199500774547567	5.119251495197409
0.2948472778106333	26.142703022604717	13.149934472839192	0.36959980394538633	3.3956501281356664	3.877222382704841
0.1371702668558782	18.9462707486494	13.027956921701476	0.32355176707231326	3.042581306707009	1.7870483275366766
0.20442574391494364	19.950451651452447	11.953478851769669	0.36132805154379977	1.040067165472791	2.4435988066445606
0.20588537747576563	21.704889797018204	13.82971442374184	0.36851832797938994	1.776689826810054	2.8473359745141296
0.3245200079521805	16.211924518993623	10.548050092174979	0.48806738366283353	1.0300776328228984	3.423053299792622
0.24781603308253627	21.79032384434837	11.846969160939404	0.4913600433132997	2.510178827830551	2.9358689015151462
0.25455345465296864	20.216872767601007	12.636042484802484	0.48229927062750955	2.140689534051152	3.2165482676481543
0.3656864003021528	22.129450750642235	12.572048380956623	0.4920971422457493	2.0848654717443447	4.597427116856536
0.1286519470057232	24.799969089859967	12.349910325074203	0.30194333669875434	1.3177320487265678	1.5888400086668801
0.14979135997823143	22.822192173931132	12.637438523773678	0.3041216921080723	2.7955124312339583	1.8929791031173526
0.14234305512657655	19.016888226812473	11.867683677795789	0.3014135793555011	2.8163741974115166	1.6892823519732587
0.17659417378930395	17.592923913019618	13.022329373704416	0.3028316135024636	2.051331945581941	2.2996674965615154
0.41345720361875	23.173493487527004	11.920127988021513	0.3787656050038219	1.570584243806868	4.928462784704971
0.40769388187113265	23.277833084235052	12.032206335792363	0.4876542276422261	1.8832307208980792	4.905456908513625
0.2815125469584937	21.34927372412856	13.15927424672636	0.36172658281579584	1.5999845620004327	3.7045008093212513
0.27411819979340035	18.737676066332256	11.562265183159237	0.44289375625589295	1.693301311117452	3.1694273175415204
0.22336110892808844	20.608472774572835	13.744416818541367	0.42178413582658714	2.502015936138151	3.0699681821592693
0.19452344275910877	21.967536092652093	13.281281391870545	0.38491250669352617	2.326242109726392	2.583520580599146
0.1219198104393093	22.551669342560047	13.962908518971927	0.4200157796180304	3.695365559479415	1.7023551598144744
0.16417314277567285	20.228772938977695	13.350659731220784	0.47386723473660575	2.4823978209106	2.191819766203136
0.20681776203622593	17.277692344440112	8.79515029706546	0.49498297356266313	2.8833133522182406	1.818993301211326
0.24983950184195136	14.36061396352648	8.595883400171486	0.4964180242204071	1.57961010272549	2.147591226590343
0.1706873640085163	16.351732662950226	9.824135422507181	0.49908823274031466	3.955966372283703	1.6768557789304424
0.12718059741369683	15.851585528400808	8.758714353435236	0.49861028824690584	2.279123569145861	1.1139385240458146
0.150357757178035	14.16622042510944	9.461277715056125	0.49950649243793527	2.3891010374092425	1.4225764972743629
0.2185698622237396	17.68503082802634	10.418813808177786	0.48662533799131624	1.3088938892687187	2.2772386985882145
0.1912279942235144	19.90161038233366	8.482564556478259	0.3657064538600847	1.6287095166119605	1.6221038060068127
0.1197224416898682	18.684876375248	8.993769903520676	0.3354930537498814	2.3702935760906256	1.0767560928463455
0.4868874471464202	19.256753032524223	7.438800530340242	0.4831402352990208	0.9022332752700045	3.621858600048797
0.4728366511932013	24.478009373647776	10.306454497299717	0.4648216878193783	1.5487552495617023	4.873269430178307
0.42794328039464274	27.212410903445928	10.47360181881134	0.49548828066474415	0.5155041480630134	4.482107519889421
0.30030293307171096	24.01139018994633	11.467563131288063	0.4960263761337413	0.09731194371849376	3.4437428435108193
0.18987885322873313	28.04314447023584	9.217640575379226	0.4316176351274253	0.37982116712226555	1.7502350219276472
0.21684495246680144	16.505338400825558	8.037474301007686	0.3933251707193318	0.0708503949108972	1.7428857327551497
0.3310923332287626	27.628164016136058	11.384187096528148	0.4488077356320328	0.21481060255430556	3.769217067702277
0.190508016092872	24.893585983495512	12.21831204914649	0.4745395667977007	0.30418545080368253	2.3276863884865313
0.32878309199000805	18.90414576632655	12.157644939952968	0.4143724634345281	0.08726636898457514	3.9972280946744125
0.407081177629468	26.32973907051316	11.269609142584223	0.3789287054713272	0.1710394214788583	4.587645761187004
0.3938062010858948	21.71061304802527	12.227867261277932	0.4752797838854605	0.18658067516767216	4.815409953546447
0.46675687468401594	32.205415242656905	11.761141516453469	0.470966602015466	0.3896072488460788	5.489593656936249
0.44752629455066495	28.261083576860774	10.916198677510785	0.46915035923419984	0.6437772666575851	4.885285944725271
0.13795918857498476	14.37402647795389	8.828954293587845	0.4121602041572731	2.548775650062069	1.218035370309007
0.12901121978334795	16.069971033338838	10.494080754199445	0.4308437701227079	2.010746074567164	1.3538541586042263
0.2470240248330509	24.476348824448888	8.293658731085584	0.46249288266618493	2.826331763983396	2.048732960344535
0.29307899107206936	26.328012947534862	9.109345315987385	0.46714865968015834	3.4421380742996965	2.6697577345366637
0.27053378917730053	18.72370695859775	8.69676376679035	0.4175630070988056	2.0355186440613635	2.352768455409646
0.1469900816277934	18.01938300597389	12.228894696166174	0.40230354650592554	2.9727629732896363	1.7975262296071557
0.22228555201154288	16.420520554942858	13.769336773924792	0.34857645826939915	2.624309056926351	3.0607246256247094
0.17262513815596564	11.917908429369891	11.778062684353255	0.33334194771051057	0.47507223688145217	2.033189698096104
0.2132967062121831	10.929491646832346	10.015041996245403	0.326102834821463	0.20305481764135916	2.1361754703758313
0.18883276452510733	11.150073168364344	10.121401748770664	0.3049481614905172	0.13462938681748993	1.9112522730896204
0.16238008640460508	10.433204999977672	8.55847090385366	0.30666392153384014	0.0509919082668962	1.3897252448590558
0.21369730350192745	11.30569638578232	9.151968305930865	0.31026953748526886	0.05801454117168484	1.9557509487125289
0.43579534051997904	13.870543951476556	10.321089159455008	0.4398282587410657	0.25845309763771607	4.49788256478176
0.4862183520241192	17.07729274491646	9.081268119923827	0.32138279423251925	0.1832936767267581	4.415479219558534
0.46842688381822006	17.464650347511423	9.259605455369611	0.33887346870401774	0.2089084332067533	4.3374481288449775
0.4320866068938352	16.91566167693492	8.822826712965078	0.3686479746741488	0.5361895134201703	3.81222525761737
0.498288094387381	16.345499395122044	7.878215638697102	0.4268795643658703	2.0033018125253146	3.9256210577792428
0.4518182932569199	17.18997062517447	8.544908671974445	0.3536929038046171	2.6795079803121817	3.860746052207748
0.4581744390978445	18.609421155882423	7.695701914820835	0.3810719977641287	1.6248969906177533	3.5259739082872437
0.4686091059636379	17.272464896015435	7.579217970637553	0.39358727731671406	1.30032734614471	3.551690557124002
0.48775471633014816	17.529322694081856	7.313209801250558	0.3686968966598422	2.151172687002585	3.5670525720718254
0.4648346824811047	17.520447433598036	7.784452789791832	0.3094208505022269	2.8330208255310456	3.6184836408320358
0.4240195967274719	16.915310014429636	7.317424152027704	0.3174598293581988	2.721967350475152	3.1027312380266503
0.47143377629836014	22.457941848361187	9.273767848366226	0.3294015368533913	1.72197053576348	4.371967397269608
0.14094996944025504	29.375844620613726	11.547823590362967	0.36490115405759505	2.369808565165593	1.6276653821631164
0.39266113030956057	21.87686259005116	9.50140560987309	0.36991805280407486	0.063729838621008	3.7308326663023674
0.3521842697453027	24.70468568027444	11.176282928475919	0.3606620232249723	0.1315569646120355	3.9361110416321847
0.28384917754353406	22.575395622039142	12.87093516428076	0.45586857625507576	0.29267273982757214	3.6534043605972455
0.3007433865989712	20.106653158815696	12.291204542246824	0.4564895649151717	0.32973848383919657	3.6964984794159674
0.24752163616766784	12.704076964870708	9.912392778032752	0.37385116055725487	1.0439963079285286	2.4535316787552413
0.45024080641236675	12.97403218793266	8.193694100262228	0.4351863117423277	1.1212628413657912	3.689135439198317
0.298917338604251	19.56662786069555	13.643997960724192	0.3986121290232252	0.3563381399340462	4.078427558341504
0.30967997911305606	19.5567268761374	8.468043002248441	0.4773493635302064	0.4678579408726452	2.6223833800647576
0.24916126321522888	16.723599633612576	8.257266569823958	0.34745166607929234	0.10677063822868092	2.0573909692422174
0.31716233021675155	25.335805427126942	8.830195875283279	0.38380458808688794	0.35119864945423107	2.800605500075193
0.29453830215584165	19.348308757263524	10.874091191782528	0.4291759414910784	0.9626271657208832	3.202836357115418
0.31736873023399226	15.605661915744944	10.185750674058648	0.3803033164299676	0.5320170348980928	3.232638757906024
0.13885948031338544	20.409353235004428	10.68589809893288	0.4963457650087473	3.9719332156355938	1.4838382566996131
0.1382756727086288	20.99676381024165	11.771388481670698	0.49227004966549254	3.9773388091613855	1.6276966610176204
0.13637841940999287	19.68582186123177	11.795069759067376	0.49101181564523577	3.5948973477607544	1.6085929705722142
0.12170633807277643	16.201643356698796	11.713573786137188	0.4903857749459876	3.9018716016330104	1.4256161712560245
0.2212150942799324	23.33801858837869	11.409475745605867	0.4397777791033731	2.0965998109171644	2.523948252748804
0.48500316882501215	24.407794359911712	9.075166869229172	0.38654667452573727	1.413165070224926	4.401484689191913
0.46004680392094327	19.8790295932406	12.43455742855909	0.3846554441508946	0.6045622545667985	5.720478403180032
0.2785444998467227	14.356317663325797	10.382726015463987	0.4168683296040528	0.5588063093858296	2.892051225022972
0.3714770762322224	18.71682120798668	13.298554001254717	0.4722578993567216	0.9518490931311961	4.940107958502425
0.33717859669814665	23.814650300669435	9.856667710922848	0.48571648485035146	0.44845096590699424	3.323457386888899
0.3093347722756088	19.006071128145607	11.335635003615458	0.49126433099715927	0.6987836660682064	3.5065060724428077
0.16488552761175196	15.873477473062284	12.717682856088276	0.4093866248134246	0.7227461647834788	2.096961847725048
0.17132505448175164	19.167395896230385	12.767603634318462	0.38332212269850585	2.549166391957216	2.187410388251021
0.12154843257347292	20.773661816735256	12.497432432128347	0.38375964955893127	2.455061439429389	1.519043323318086
0.13469828359544794	23.158060087037008	12.885232735028763	0.40468384521920087	2.4039043161759874	1.7356187331362538
0.11253396415299095	19.7447788380678	12.187150088459727	0.3476646856226765	3.686093602342452	1.3714683111818475
0.15978467332391974	19.109805158152948	12.94170235049944	0.4389841448551944	3.9493884346521897	2.0678856823299574
0.1542271802314073	19.51641084264544	13.751574268030511	0.44210670036892297	3.923770954361255	2.1208665231011246
0.1410166519293631	24.529535286274232	12.342099531602162	0.342583154372914	2.6249370020379748	1.7404415537254976
0.17006321790270235	20.217647750114665	11.350907278015312	0.3406281142164564	2.3764829171963897	1.930371817814488
0.1732515502862599	22.617023729464275	11.315161918105298	0.32186747680830713	3.1485106128532263	1.9603693440517933
0.22392595985640168	20.358162119312343	11.949693991160384	0.36595330205170173	2.3289961601582228	2.6758466969608645
0.18531456490206016	14.641857828475803	13.379728045444136	0.42811011096232754	1.9966981287613028	2.479458481249372
0.14217537103429406	18.161108068813327	11.733386482393364	0.439566169960576	1.765295657787182	1.668198576623047
0.1466082743470888	16.375633868151827	12.849275708637377	0.3991161146569821	2.640404435119743	1.8838101382532926
0.19011753803279424	17.265803714029747	7.958052533298189	0.4256949513041052	1.3488170996682567	1.512965355166293
0.2396789289369149	17.623260156633282	8.468403427814865	0.47616451868182486	2.524025460000335	2.0296978633843654
0.31677245243449215	26.184358743660756	8.189567802521356	0.3201815076445141	2.2209384365601528	2.594229477183245
0.4347815475868099	24.102398951052137	8.63343881651487	0.39459447706898554	1.3768973964501992	3.753659889640372
0.2866451027176128	16.137742466238773	9.086892072670368	0.39938942845630826	3.685860858362607	2.604713111554459
0.40693186485628247	17.415464171010026	10.301201536709552	0.46617314207255056	2.472515118410784	4.191887151593621
0.28187776131097514	15.052339398567351	13.646048836686296	0.3361510176590856	3.0463840430146822	3.84651769682537
0.25700788161246857	15.602149115554605	13.996373848351949	0.35102298286581574	3.1897436564633694	3.597178393021089
0.2446575355114394	16.24283925568714	13.519106679521876	0.34481902153877847	3.512063820615438	3.307551322528061
0.22806539938715423	14.37824547297146	12.248316551435567	0.3063655412927314	2.51965149293544	2.793417206123444
0.2686258695887112	17.445322196916035	11.07519248544157	0.315050149746023	2.563532198443793	2.9750832122641016
0.2695595392979176	19.011933476565247	11.082185982272678	0.31748017360118824	3.584499851990045	2.9873089477952637
0.2874578294635936	19.8553145324776	10.182635014271028	0.3153090740508109	3.017272421374639	2.9270781594223383
0.43601776473482445	19.848799774688775	8.068157912366091	0.30098953555533847	1.3130404752413327	3.517860178477451
0.47242526550348674	14.15059465562416	7.384710770730803	0.30381562033699444	0.9982859650535685	3.4887239465289577
0.4222399006877847	13.862698090227967	9.172576447962792	0.42294606613232727	1.4224095603696294	3.8730277684389223
0.4120407684460162	16.773624094702992	8.08785594086196	0.3674260948634571	2.2884026177419567	3.3325263769534397
0.14677703922063678	17.438684243943626	10.7271241703166	0.30866658248026213	1.46250796662349	1.5744955250712005
0.11797850634492917	16.70893930665128	11.16924895963262	0.3085770671495125	1.86147348905036	1.3177313092521106
0.2625690956805658	23.900499095403177	11.62577327805416	0.32475888938750774	1.7531762511123374	3.052568776205968
0.4259739193315721	27.63118512674801	12.001137649476807	0.32226119942787834	1.423409220392886	5.112171640985326
0.4580119900304589	25.451352731026972	12.739812328029656	0.37791588923327574	1.3710049005043063	5.834986796975436
0.372773295226439	24.364909198699497	13.687415800720983	0.4674515766525588	1.2739048842238156	5.102303091169189
0.4711259815425648	24.72132769336247	11.81607974064338	0.4768516986806514	2.1437034789078204	5.566862165795826
0.3873617597602495	16.693396344625725	12.694809713921272	0.36607409265519664	0.13025008819773162	4.917483830606053
0.3461697727222459	19.07751719106228	7.295272119113747	0.388401681415892	2.783716269615016	2.525402691420543
0.3769108757345457	20.142195344254127	7.662147540423309	0.4160698202980493	3.9016633996673353	2.8879467394682448
0.32587007048954303	20.958407435749436	7.798382376315249	0.348718683424301	1.824677101396684	2.5412594146742604
0.3714616275753159	22.10625287223029	9.379670792588222	0.4200533401276043	3.013830203022892	3.4841877787354743
0.4313443775289326	25.1972273168588	8.217041800579166	0.3962928517640543	3.0365804641802376	3.54437478060004
0.3702609683986076	27.20400566656328	7.9429398189265905	0.34608764364818245	1.367413331402115	2.9409605892876205
0.3838621817458327	22.281512275580926	8.074530934783267	0.3334041946708622	0.7624737244537555	3.0995070612001228
0.4919345756728892	25.61235630263924	11.096880995558035	0.355898472844606	0.7607515307893605	5.4589394438423895
0.30248908715579736	23.62038932863518	12.544427186842931	0.3950788814249538	0.5490973230444287	3.7945523286404854
0.3441144605463696	29.784171341196128	10.10830349461128	0.3931659792838799	0.21660435440757725	3.4784134040871435
0.3302372139592992	24.71729138300236	9.416434323916755	0.3917187785672082	0.3466522400038712	3.1096570365609866
0.4900956540875165	19.765154028966617	9.815123162041747	0.35013693273886104	0.4654673867169978	4.810349206050383
0.43124691141645816	22.684873992447095	8.847484786549579	0.39075407707963167	0.7578302897790496	3.8154504880036075
0.33117713469643606	20.63805802470816	13.289019013712636	0.49590843796251743	2.7533001151346648	4.40101923988781
0.27117831906674367	23.092986809958106	12.832306630930548	0.482750980500212	3.1318451865050028	3.4798433419247745
0.2780151315589076	22.149606526768714	12.44116838739744	0.45351819033442375	2.6268042952305346	3.458833065968822
0.33870839803137553	24.795438841028233	10.58730640380324	0.4759510703313166	2.8193463421920386	3.586009591499519
0.2547487330457386	29.345216842420207	10.365168727037442	0.3776698312233376	3.0606212684713547	2.6405136010180996
0.2692920535167457	32.627222389944855	10.547644987637389	0.39045314520709695	0.6259008156651796	2.840396978486482
0.17312787073607425	27.85435417336616	8.408517817684789	0.3921146687566377	2.136171468044904	1.4557487858221092
0.1998559904268066	27.189880125371023	7.962762190056996	0.3705309286631682	3.2216041806970113	1.5914057240269686
0.2512019068255378	25.812216138662613	7.767287074827875	0.3340975177630696	2.2215216338432975	1.9511573240581157
0.25819699298684934	21.56082175335425	10.597012272723411	0.4140448985849853	2.6679897608804866	2.736116703461923
0.4723857879241762	29.56626699967813	8.039709700131139	0.386011071120317	2.8805870917591405	3.7978446013780904
0.49710471033815296	34.69653674661333	8.607840748199578	0.4196321100750949	3.6925440719774585	4.278998181770701
0.3367229126690259	20.000166495237632	13.267207050697964	0.42633168723196313	3.1054094268774235	4.467372601094055
0.46286790053228294	21.62869725040761	12.346268797705132	0.4454498486330936	2.9023475448807607	5.714691517801008
0.28181809569936694	28.83297369737389	11.06142091795244	0.3736666085678894	3.457572363344896	3.1173085788265
0.22635168976238565	25.785311674888295	12.744736236311843	0.4297245182580556	3.276161697770489	2.8847925826650926
0.1478913953463497	21.899748249211825	10.904692962182835	0.38088252048417537	2.232903992731281	1.612710258000739
0.18882676964794495	17.603979062385747	12.988079657452584	0.44960316854771726	2.394437457700212	2.4524971256469588
0.2467320710436136	21.791230812132675	13.212355944287031	0.48401621867587774	1.696882752801302	3.2599119454993386
0.3521953655730169	19.32334552943223	7.860574543941315	0.32385754445449094	0.8026117157004795	2.768457925117362
0.4900639762913673	21.88686098072947	7.770636975776026	0.45720052414181767	2.346425674947118	3.808109254665524
0.256903208111863	24.799397448899917	7.775252217385295	0.4450983192790742	2.898403182725259	1.9974872385251587
0.3738668681462904	15.252300151520872	7.328883183732574	0.32403494927676224	0.5429447420157142	2.740026602912111
0.34698948251927964	20.839517003953496	12.638119621873162	0.3817857845025542	2.2233697187981307	4.385294587610523
0.34450545975624447	19.106724628006532	9.289135609918457	0.3336918872493784	3.660356070499229	3.2001579340330606
0.35738899743301134	18.367823599485497	7.9423964587994496	0.3401144391170404	3.516158989307112	2.8385251076258347
0.3134593174763172	16.287540104937175	7.565625866657865	0.3801469904135676	2.7519130334444215	2.3715159204437453
0.3123783019297959	22.634457468002413	9.572156671422007	0.4556637126780018	3.877247614427888	2.9901340468247737
0.350443068920007	18.34007179310973	9.483887025204302	0.3210463851813683	1.5460459078368598	3.3235624744032313
0.25716743372532647	16.976042511789682	11.440591431692244	0.3775489578976351	0.5404569183333887	2.942147538788253
0.44410228376677113	19.502087921825265	11.501873602720448	0.4933609383946004	0.3236041162721819	5.10800833456489
0.44092378339614735	19.127098889961097	13.987184578437503	0.48955708556388977	1.0412350615162829	6.16728234338491
0.40980156733125656	22.120752273668252	13.724995280077925	0.4953930536948655	0.6635761445220739	5.624524577390032
0.39227852452041634	24.051369510042836	13.425708772207596	0.4760203162802421	0.9256385277657667	5.266617227802406
0.4603043690622688	24.78308029947868	13.916074915335049	0.4710304373419841	0.8410056025663872	6.405630083726566
0.4119798395128339	26.31135439176709	13.380050046676397	0.3915200671778633	0.6267290519827737	5.512310870903428
0.2916605160447523	17.13790725943864	11.880755757604659	0.47964533412928334	0.7816967225673317	3.465147355264637
0.3056506183947914	21.445392366072156	12.770154900233573	0.4693212009311639	1.4557582315334856	3.9032057422536672
0.28919843166866493	23.2887040855541	11.688925756277328	0.479526738030173	2.99522364429444	3.3804189966068665
0.3352095431439199	25.622859437710588	9.930028053037129	0.38330086019470416	3.309943181915675	3.328640167064884
0.3539843345593751	22.704484159866006	8.734702830729697	0.3471358714741455	3.1189230765205735	3.091947969109742
0.4262950403270029	22.28855112629717	8.585187713780423	0.349644083538681	1.0782006566036815	3.659822942660915
0.4421791024755624	21.062601843001023	8.140616074187873	0.3677737543988624	1.0873189475445235	3.59961030928253
0.4919761366308484	19.18984750227764	8.245335001281104	0.3121696905933772	2.536378382830206	4.056508059157389
0.49877203596067127	15.933083406642826	7.441944760058445	0.3018159868615368	2.12937253572885	3.7118339394812
0.4797377080405364	17.190768124937684	7.769285560409543	0.3018242725657409	1.950839276059808	3.7272192478633084
0.4711158927123104	17.37321343201282	8.533563426085456	0.3032543168375148	2.013861643518231	4.020297351497372
0.3880987625075121	21.117611867071215	7.336757961266225	0.30289412900329293	3.1847631747352327	2.847386685584559
0.4043198024360401	19.703993599119613	8.229473001229321	0.30079018633322985	3.2248541074624555	3.327338898009765
0.436231826311357	20.126286081072124	8.162402901074685	0.30588296009693927	3.7958438208025695	3.5606999246249287
0.3215018805343135	14.580091769297352	13.433891295650902	0.3561450467987388	0.513697496250331	4.31902131444531
0.46671811387768897	16.58155503260536	11.673529392740887	0.3647455353897109	0.5569003272403987	5.448247620475791
0.3125679988424353	23.23525767069821	9.695433937509822	0.44945549126432766	1.3142517079696132	3.030482383756478
0.2635985399963085	26.27888773161723	10.25433276933222	0.4591932379900772	1.3944001021447612	2.703027146632276
0.15242325402104248	15.724546548774606	12.473927862566175	0.48171844285597826	2.846282292971776	1.9013166752360835
0.1547487114658437	17.493522941631184	13.408144657086078	0.48942383958763247	2.3118882875395026	2.0748931088317075
0.362191208432554	28.061270164872017	12.247359098899798	0.35894182161751786	2.8362254552779405	4.435885792137953
0.27359033919243536	23.078979673826336	11.192307851070636	0.36131072565295014	0.8981737334198914	3.0621073013205726
0.1554955595660582	23.98807242326919	8.655558572990909	0.47356707918584	1.2970045396665189	1.3459009236640136
0.18724429320291855	14.208019349407792	10.802269046134244	0.4450953531704535	3.54488285076978	2.0226632325311718
0.18375662481907945	14.644829750287764	10.057239392840918	0.40770341984729097	3.675030980148264	1.848084365825935
0.20058714264708943	18.372783041014976	9.636940279550531	0.3900111698142429	1.3501064479089406	1.9330463145356844
0.1852800632963413	25.109710173540332	11.700473680885008	0.4193215194078466	1.0363529332414552	2.1678645041915496
0.18624537479497677	30.382411144128334	10.958814615279364	0.4293224715179117	3.209806148282803	2.041028535331374
0.21462515495545284	30.423557915090132	10.159043616745382	0.33473781985842044	1.7265254898463789	2.1803863104431818
0.3077791488092081	33.45542271635162	12.99807262542804	0.45619404187000295	2.824356357944476	4.000535728814511
0.33727023240344745	27.216253478252767	12.735023882938671	0.4536416183419385	1.0696406715146114	4.2951444646621795
0.3421595965177517	26.27723843896879	13.04340524963906	0.4080304575516794	1.251413547782145	4.462926277434025
0.25826613304755186	27.181681547017526	13.98585109118744	0.36515319726978374	1.6906496610516315	3.6120716786998637
0.2601043052520458	28.55013170795231	13.206623329289112	0.36208707849722627	1.412572172789856	3.4350995857902045
0.2172524724515534	27.7583360582157	11.765092584490487	0.4630239737611877	3.5846711324056897	2.555995452601995
0.20788841372925193	26.31454708833049	10.634564222869008	0.4554962427218112	3.918289602699536	2.210802686994093
0.21251938658715064	25.51480364793462	10.348223883343968	0.4636421805598832	3.7743184012951225	2.199198191954762
0.2503397977025016	27.35275327873475	9.544751596099116	0.4665101209957939	3.655900886311533	2.389431183688082
0.3107050599341796	30.23387832648132	8.526478067576285	0.45281700241404393	3.0220573291687174	2.6492198790137573
0.2092997344239577	24.157854314752267	9.482201013923264	0.37143183644002586	3.3140224368297995	1.9846221539687214
0.33995581664716046	25.78389756057388	9.137042448618024	0.3742906963038672	2.6659417437960724	3.106190727359711
0.18165556725174303	20.87275689024351	11.546229202824623	0.481100802510392	1.7653752411207466	2.0974368154577476
0.13551715547660922	23.6618464522326	11.221971015273892	0.49564361618228214	2.113293190916412	1.5207695908308743
0.12447759530504528	23.70992065681356	10.635761694685444	0.4906838970420047	2.847531999403654	1.3239140399919571
0.238620655608844	20.15003595476484	11.381668842742297	0.48599006687440216	0.5801857125222317	2.7159012811779197
0.3205554615834941	23.413556106504323	9.042219114778954	0.4575079988444321	2.503075175540329	2.8985327220770607
0.2792708973125525	24.245360495682196	8.804091946382291	0.44287287091960886	3.9425451487240335	2.4587266578883993
0.2770235770659242	24.694709171698364	8.699947277714065	0.4545844806224656	3.9752859617226473	2.4100905151572993
0.26843873350836955	22.70669804644158	8.989736728578817	0.4425444723318632	3.4934911149812624	2.413193541993371
0.3234541029702022	24.02865284966711	9.490803003789704	0.44233454344129935	3.680905603421732	3.0698391720576996
0.36310708548563936	22.77856515563102	8.721465769501785	0.3784224406768932	3.917421829039232	3.1668260167265623
0.46496074794831993	22.5808454971109	8.760220635516225	0.35786658550132366	2.764744770692135	4.07315873888193
0.3514814603277955	25.905159266431188	9.149656847897823	0.32862430089289807	2.930591400507435	3.215934750397341
0.35220761691260954	24.92338665729772	8.746111546879382	0.3971116728906424	3.8543815425892105	3.0804471051782443
0.43860378420427737	28.414190616320756	8.166496998341172	0.3979428606890855	3.0232399987863205	3.5818564871653105
0.3937464664238485	26.393157352319754	8.058659666408897	0.43331364221532737	1.8959104449687505	3.1730687677608924
0.4104180028967072	31.576600382923587	8.077853238564341	0.32165518400327936	0.382062867442749	3.3152963938642754
0.45958318670875375	28.729850426757206	8.32418286067727	0.36042622556997383	0.14313155263358127	3.82565448585645
0.4763815445102393	22.932962046797908	9.017389765222738	0.3663429932481744	0.08924289079478245	4.295718063807632
0.47555652606434984	20.567812149079135	8.143795331507153	0.3986220888041234	0.1357618685448012	3.872835016830612
0.35665267398844613	21.406692470582087	10.515481481415875	0.4822124188932935	0.9952347702290631	3.7503745886229587
0.45852143468075857	22.01024194951439	8.125530108982451	0.3449171835329001	2.157700817714136	3.725729723112334
0.3841198446772167	18.37720664627541	8.049207075683908	0.36272114145870943	1.0136909430266912	3.0918601716864567
0.40630020377608383	13.89937154030832	8.120183352337449	0.4529125099503583	0.8365037694686358	3.299232150753869
0.3345149132770531	16.04184488843439	9.855482726446052	0.33508523772047694	1.3963607615211675	3.2968059495405964
0.4629782746230804	24.621110826039047	8.513686073794878	0.371222555303049	0.3804592411369301	3.9416516891280997
0.43027500418202885	23.883508320761944	11.735707799410612	0.49538441660883104	0.5149337430933646	5.04958172247047
0.3254852238621748	28.271534409396114	11.79890489750255	0.4996153684483064	0.7238348151872539	3.8403692018921287
0.3034120467357911	26.927567861374143	9.709396932392458	0.3409243879807265	0.5350044378627534	2.945947995827407
0.32448167660256183	23.101623971442425	10.788335307446088	0.391762375523812	2.362118352823596	3.5006171283107212
0.4688915684059332	22.295111359009873	11.449501042100383	0.4477331784703451	0.5984416569337646	5.368574501095815
0.4421952281963558	31.338506442466816	12.439607577325056	0.4706256593900252	0.9673037588675645	5.50073511132837
0.431698380680163	31.31096294964988	11.371754396155128	0.47827485249953666	2.403311463148831	4.909167958312693
0.38781620071161765	26.702349492325805	11.580691335864095	0.4240442245025532	1.2161266433080449	4.491179715488761
0.39895356814708816	25.970093239863623	11.738508793413407	0.4102014851630316	0.5786287696434987	4.683119967858249
0.33636113750308705	22.742742869934176	10.490296043419203	0.33938513033860224	0.2990118048537707	3.5285279099086164
0.31660082047353555	17.706639839114384	9.033626078053075	0.46443320346265615	0.197080828241239	2.860053428162731
0.467781924462992	17.496413032428574	8.233499929263225	0.4500970551166975	0.13840004142552867	3.8514824419766596
0.31915953411249626	17.47884739653891	7.8378265029113345	0.4355648355912958	0.3245085873077904	2.5015170551237573
0.3822604851235998	24.24794479459555	9.67483189105035	0.3855915708608672	0.5345979101043722	3.6983059321621807
0.4721206967217504	30.167881138660597	7.543216841346891	0.47716119274292834	0.1156646041805916	3.561308790659935
0.4067091685121442	26.872432258976666	8.335223587022282	0.4841309826689601	0.2466074623735856	3.390011854440645
0.48789301091495146	23.701071927687952	10.13473348481014	0.4545233179908621	0.3944922005485246	4.944665634724597
0.4714229472356444	21.692304378315576	10.172148092711215	0.4554048125971931	0.41208934433683186	4.7953840335833595
0.4646995220703706	23.271188535840807	13.813926860333288	0.39274734049383886	2.44579974569674	6.419325209911934
0.3950272575447372	17.078282818256653	12.85789379948472	0.4023776695918656	1.4825754251636936	5.079218525411931
0.39683128231484927	19.10673193717661	13.4322939790289	0.3739133886238465	2.202355974051994	5.3303544441280675
0.24658149383927433	20.92990707471428	10.744902892423765	0.4175567299601008	1.3984379919021832	2.6494942063717914
0.3978084109337433	22.66601298731143	11.719803390752187	0.4970621517771087	1.8130249171742256	4.662236363331024
0.47149446314348337	19.44790910637579	13.976641338493712	0.49931932229518383	0.20330079897770073	6.589909004442109
0.46769327591280074	22.494926340638504	13.336731177735382	0.4877320424492513	0.19995506330189136	6.237499494483446
0.3936281586332596	20.903308559375727	13.24693215136352	0.4855783356960363	0.2969556112362767	5.214365510280947
0.3718831273501084	22.9900884259884	9.77124020983891	0.3980608300311117	0.1315193421967167	3.633759367324023
0.4550222513752929	17.62138390470698	7.132891591981056	0.4852209917052764	0.8302816206161848	3.2456243909991174
0.41185036178101486	27.76549056384701	7.08447560166747	0.4584873549018668	2.8919774989717486	2.9177438395755204
0.4016568027969597	28.84572628140178	7.1442803224863125	0.44185151336515416	3.726790360231632	2.8695487926150847
0.3702073209997464	29.013050294024527	7.270654066926246	0.447728030666106	3.020172308190572	2.6916493640326764
0.42352893029751987	28.93317958625772	7.425248478691606	0.4285954876515106	3.681461341270136	3.144807545373543
0.33797626863262353	39.124591013463565	8.635649023267764	0.3369607892888815	3.5882434053979697	2.9186444341049986
0.3096206775671226	31.421565642941346	8.091296769973406	0.4632098258972675	2.221344619449675	2.505232788315836
0.40790998215963026	22.64867031093888	8.281554392610657	0.31272678622499434	1.0638365955715043	3.3781287045438204
0.4114209286595714	20.364311326481367	9.125750762778269	0.3981861124084236	1.223726409429978	3.754524853538028
0.16939080014463367	18.96490635488296	8.52183792465575	0.4989213895215076	1.622149606856988	1.4435209447603221
0.10833742418544634	19.662115442773494	11.815437100434583	0.4945759406114728	2.566753850449061	1.2800540210862414
0.11303203805598756	26.677889174924395	10.631632377812188	0.438342605191029	1.2053810141322832	1.2017150755261368
0.10956028541892418	33.36974668686341	11.402948733244022	0.3213344975059669	0.2859807555494045	1.249310317831575
0.1611967615943709	26.271648296240954	10.510860443964118	0.3913439029320151	0.16123861003980272	1.6943166651373875
0.1969390830805259	18.919079785931835	8.190374203931858	0.48841918646238086	0.2973229497430609	1.6130047858087324
0.4924300310990311	19.71408132782496	8.6424211403762	0.4573296868110852	0.12504128872599585	4.255787710926376
0.3676493078764392	20.576179117839953	11.670624504543419	0.4386141779999132	0.1794894247173793	4.290697021581199
0.3398888752132478	19.880691454693352	7.48182517498891	0.4289025514271986	0.6209942020082706	2.5429891432691414
0.3026295419488252	19.03823682062829	13.464010686508768	0.36955450700417297	2.324631390188471	4.074607386852236
0.4139228623164699	18.0355449237162	13.141332068036368	0.3269321622367654	1.9857051541785995	5.439497784252828
0.36366832959098994	14.503227883915867	12.491735595734967	0.33449352786607645	1.9707885765084587	4.542848617793245
0.3933785674697764	14.50129904396873	12.26152201450488	0.3879152805573336	2.9073083474219867	4.823419965065057
0.43375537849629153	19.381990336116885	11.811577476623516	0.4688586998351996	1.9717143593603847	5.123335259011105
0.46993124881078546	23.036879332950782	10.964308134639472	0.36773059109088063	1.1619208184454717	5.15247101405738
0.44183593117155406	13.333950446292343	13.752526667436662	0.4668749598638688	0.22021993115783767	6.076360426068507
0.4270777451527199	15.203389763674116	12.499445794081998	0.38740093686571697	0.3078822041365102	5.3382351253951885
0.32322152963271694	21.52956390530764	12.63359351471928	0.40681067239500657	0.3101371316220249	4.083449420585539
0.14399482041818334	21.42680723866556	12.6925709539531	0.40776824992385985	0.5960294630252884	1.8276644751595266
0.25780855795660457	26.899022096081477	13.717942457575631	0.4610453320895432	1.7893310224341332	3.5366029631192535
0.25920784187402407	23.765838791198902	9.951070811169913	0.3361943476660992	2.350623075822525	2.5793955892989473
0.3060406014241005	21.712214368448123	10.896527822254615	0.4594943699154137	1.6885600102222211	3.3347799281572468
0.3501692012837739	19.707676017744294	11.433527266248424	0.3358975016093485	1.2486686395473368	4.003669110678461
0.3290041162792984	24.55177284755341	12.66094527189528	0.3584444523106003	1.0497855455450236	4.165503110440468
0.3415874794786595	19.81577499927532	11.939041742045449	0.3774868557489234	0.2230861791627058	4.078227176055808
0.4181055858918104	21.4428239361122	13.674221296607728	0.49401291409823705	0.05512739158481291	5.7172683068324455
0.482310528551564	17.930522205671874	13.08881051110716	0.4970825884870732	0.05006822326377076	6.312871115723361
0.4842380581029613	19.8097389081366	13.63460854042992	0.49781796429555586	0.07320286048020899	6.602396362611835
0.3237559330419412	16.854738599534116	12.217095280611511	0.4977248416783022	0.12357445532927804	3.9553570816366768
0.25365636581550943	19.083319289359792	9.266363551634724	0.32087468100816147	1.2929731277017527	2.3504721028329607
0.4750587735490824	18.02308964240848	10.619832049132114	0.3566605477357148	1.4628893782457892	5.04504438855794
0.39483481395420744	19.288836372216068	7.607984101865267	0.36872682726098815	2.06605135875232	3.0038969874265407
0.35125325656460354	18.71964648801193	8.224134788670872	0.39054082762046954	1.6234427917134924	2.8887541269468913
0.4448284853342464	24.355787851298928	7.7214991703382125	0.3617685907733529	3.6061775780521006	3.434742780451187
0.477577818833634	23.67685837393208	7.216761458213032	0.3668020063959668	3.006232159549117	3.4465651962560155
0.390967460700018	25.031894731972244	7.361759040205414	0.38347503471249994	3.195928668342014	2.8782082382345124
0.39226211327168087	23.71888790149065	7.384307708444499	0.3847653298621916	3.7153318669506863	2.896584146762802
0.38129178706269223	22.25770351132161	7.701667100303705	0.3487532261732108	2.917410467548104	2.936582412036743
0.2909048380092016	22.684802158552703	8.013196469742917	0.3458021004591159	3.6835586076109785	2.3310776209664694
0.20036884296192695	27.06822896845034	8.373637464042744	0.31179962220790447	1.5820725633484343	1.677816050052889
0.19210938430516353	31.054218795892588	12.059206912702477	0.3092523163999772	3.6384934129807354	2.3166868152078446
0.21107679205163232	23.489122049954375	12.753873472748836	0.3447542542823656	1.3062908206798343	2.692046698860236
0.24726159121264693	21.285244756585104	8.334541065844345	0.38216248887383497	0.8255447065665782	2.060811885967823
0.30146097303744007	20.4930877421724	8.334892265116489	0.4379687761581924	0.8753663127497802	2.5126447324042496
0.49403963049024097	25.04399671945984	11.983211926094363	0.46099281339940607	1.242716786630916	5.920181592053908
0.45745987067523175	27.19882614566333	11.44492647860246	0.37605562751579275	0.6998842242100717	5.235594586789016
0.42367718828715056	18.230926833853346	12.56688176583622	0.3952176608917567	0.9987405298552704	5.324301132086552
0.34763932518514845	21.822054717624766	9.661059433610497	0.42904294726724607	2.355678180650191	3.3585641820739656
0.2393944394099248	19.071608660500395	10.417409607698984	0.4368427430133245	1.208447087955852	2.493869933138663
0.26593197895425547	19.14955184833052	8.909710043765434	0.4806603741921687	1.002327074888833	2.369376823847148
0.26900871701677326	17.928136497959663	13.93299051953362	0.39774177082527856	0.4913902846164638	3.748095903866604
0.3459223732667579	18.48433536532037	13.316296629857447	0.36278312078144953	0.6350698494106212	4.606404933324418
0.33374222893946254	18.03304933151813	13.827464134995108	0.363237495814443	0.5280564652762432	4.614808700993745
0.32210717899576485	19.527205731825727	13.526687613080004	0.36708279935276966	1.1888428549075243	4.3570431882061555
0.30495790432895925	22.969128534838806	11.954999881622593	0.40487741648681286	0.5965312115721706	3.645771710152582
0.43053130198053297	25.703466766169804	12.652710963746593	0.39748778623596726	0.8409186483252988	5.447388124805185
0.4352889918723508	29.329918052547296	13.47358943121152	0.4268845017056484	3.528139532892816	5.864905160414024
0.3530017549302661	23.962066716392332	10.704951742773275	0.3984667242503707	3.036510008642033	3.7788667516427767
0.36514250958551775	22.739305663504407	13.037053481724854	0.3934089842818044	3.700772488946993	4.760382425917625
0.4742195482415638	25.490354012306135	12.742336105276028	0.3917421203317832	2.602631653509099	6.042664871386165
0.35820930378798443	25.5020492513144	12.434996675870364	0.3795700028243159	3.2694464349262624	4.454331501869424
0.4659632265384144	23.7306804677494	10.381315446081066	0.33098005824347965	1.6678799960037796	4.837311240969012
0.3711562186287676	20.863855512616936	9.537538972442015	0.33027830579876327	2.098939993059096	3.5399169000360797
0.3471797805028445	26.321409369803764	7.905121275721218	0.42475923489666206	1.978034943937904	2.7444982693532585
0.46820019003099056	24.19953216889856	10.797880006717959	0.43079030814709585	0.6567862704833938	5.055569471077182
0.48993112672699135	24.658285170089652	11.334838799797364	0.3776857308127445	2.137379936454557	5.553290344453541
0.4850841079571604	21.224659589698785	12.594218451205464	0.35371397327911575	1.9105053071686344	6.109255222820613
0.463897762272618	20.833327892815714	13.871734430736394	0.36267980589679544	2.19684014338196	6.435066561258641
0.4717778597165872	19.249747283398815	13.008241822698656	0.3857742026577282	1.7988447277000115	6.137000485788569
0.45412556524650305	22.790229455054863	12.216665037380665	0.38016145708157184	0.22191691834948743	5.547899915527686
0.4489024658458463	19.228797799054952	8.562605267577824	0.3788462979665571	0.42955783913403867	3.843774618680318
0.48250607357258474	23.42666500383306	8.668038490285287	0.3901637268662797	0.3669242603539468	4.182381217523589
0.35014041334290774	17.93475693653157	7.184691738156606	0.39461946462640574	0.8502006055816937	2.5156509349395284
0.31588810575890586	18.45318730507514	10.104701081612456	0.30111821235392694	2.7800385671343255	3.191954883930526
0.3096143118321366	15.740532647538016	10.991489586296716	0.30655902175183636	2.8631497713747067	3.4031224842713534
0.38591403471582897	15.773693204740852	10.6263749849052	0.3051064093385748	3.802195643660152	4.100867244828121
0.44595524147031235	16.410513500855682	11.09689984593574	0.3061555268519201	2.988751369486903	4.948720650366145
0.2433640741442271	16.794516980646925	8.176314098331751	0.310269194188775	2.382812606543073	1.9898211104528976
0.25520739499511425	15.889960100960463	8.82656254867103	0.33740755253660265	3.1353582560316045	2.25260403480777
0.2443886323947859	11.287336075355324	10.98521832857546	0.3457567254982053	3.042863483946358	2.6846624838786926
0.3320801049656136	15.174084481811091	12.709453338305671	0.4273984932412357	3.031971255564214	4.2205565986401155
0.3328946414325167	14.021138549181892	13.2850124585012	0.42285467762446555	3.263213009523401	4.422509458799274
0.4059182352196548	16.41566252274345	10.303157820293569	0.3975093797166437	3.83756328629176	4.182239639603151
0.425029884795274	18.62229832161528	11.135880482734487	0.39917502027169327	3.844920920519684	4.733081998670579
0.2618732299615182	25.123512274231853	9.005064404494249	0.3827181109853669	3.7980869202593976	2.358185301616404
0.46981882350262766	28.781387268670596	9.045223392220564	0.3607846957429207	1.8006326884727129	4.249616212451512
0.4321395388318918	31.22715061383194	7.435172739727703	0.34370270520481133	1.3551763895237274	3.213032118881383
0.40110447210491407	33.06087771972145	7.47222879791969	0.33173500332946254	2.204209911251694	2.997144387436714
0.35661200093258305	32.36461602035544	8.747564217039917	0.33361619825608646	1.7928082838306203	3.119486378724869
0.3645455939906128	22.773184343040416	11.65956000749754	0.3980645044522562	3.3442448268089895	4.2504412286023845
0.4130552888498706	23.19272059456552	13.99386625046889	0.41772266908998434	1.2497647785893549	5.780240466213883
0.4453846259447156	23.015498996758893	13.45056639037384	0.4102322704832127	1.4089553809219586	5.990675480521216
0.46693523518735486	24.970772946197865	11.621678517978772	0.4063758492330862	1.369265258504501	5.426571192064247
0.4744322836342844	29.81808630949427	8.809222439162832	0.4029330305466052	1.2801840125064197	4.179379518854404
0.45571206811686	22.832442962815776	7.525817530624451	0.44153719090300153	0.5714824694083821	3.4296058711509887
0.20170923778105043	28.39394256506752	7.432398800665805	0.41407737609382433	3.7153110650817256	1.499183496967093
0.3659064734913597	27.186927090416887	7.988169366758704	0.44147071261629384	3.328876462767677	2.922922882642385
0.3095656567368077	25.12932905966195	7.635546842407902	0.40754635234448655	3.1406467668175244	2.3637030728146606
0.3618763645310434	22.396072849067654	7.455850914696784	0.4343921782530264	3.2466228013770526	2.6980962234959267
0.31685864133023806	19.262432481401728	8.900130472338663	0.4092583554766058	3.6675836287932064	2.820083249127079
0.32321946222313724	19.394446633936905	8.692853338968954	0.37987251261762817	3.755050405695504	2.809699381406148
0.3994482745084623	24.12510433699491	9.358272048574799	0.32903611728757115	0.5788647718857646	3.738145622183976
0.3719216014909428	20.106836243232223	9.586845860560528	0.3730166490348897	0.3979893905601484	3.565555065706487
0.47632059195696674	16.944547276781673	11.082427927070883	0.3779217196508649	1.285963806301173	5.278788630542823
0.4398193107724245	23.785526160212758	8.908715386809716	0.43918814353480634	0.7603243353239724	3.918225061294342
0.2505318140205722	20.07166994924816	7.212330252913806	0.4332999586922426	0.6759837786265417	1.806918181577948
0.30849874912290803	16.76857568942533	11.645727296772735	0.42004527638458006	1.1967144965141467	3.592692303680894
0.1961066137071236	19.009013075558546	10.545162717964851	0.48169974419351097	2.138311738995351	2.0679761516106945
0.32645361827312486	22.112295829274732	10.434958022983304	0.4604907158277012	2.6321903219350418	3.406529803131073
0.39711215009577394	27.47386471528271	7.903489753406072	0.4560597219501529	2.201278036595195	3.1385718092350037
0.39965156684788194	23.625796237157008	12.013093810815109	0.4399236057375613	2.434101393457388	4.801051764182851
0.39666977478349263	24.674107225883343	9.944378079068446	0.4386309116093222	3.6798955890295746	3.944634212985982
0.364449768908072	24.913586332554768	10.253767491394328	0.441055869304639	3.8740002547212193	3.736983192675764
0.3526299430230134	24.70215427233579	10.368686554374031	0.44873167552198895	3.9373149786132418	3.6563093488924
0.3341974019812892	23.40379181227115	10.216525740866988	0.4503406657094621	3.2003761937301385	3.4143363598727134
0.3116368937444324	22.192034755856117	11.11442271140046	0.43161883197951634	3.232355205518336	3.463664169543411
0.3722556354262277	26.970687039135015	11.718235392026084	0.41230254309475334	0.47141281090965087	4.36217916193278
0.37268853679293645	23.010341228110406	9.14025453424314	0.33612745153974977	0.40570046758337375	3.4064680882820784
0.3437960408829121	28.013696193990075	11.104010767962023	0.34157639833791076	0.5611687186068917	3.817514939946568
0.3777997009069981	30.420649389414518	9.366881359238196	0.3626722365182292	0.08201000404307889	3.538804975951526
0.3621711188938744	23.73266851552288	12.541186734119332	0.3281048615979521	0.3989002624122569	4.542055631753013
0.36798808340361905	17.009153803863082	11.657974682208483	0.3139827424250419	0.43190821755864656	4.289995759673815
0.36852528677949	22.168643886654692	13.867585569571126	0.3185118893544326	0.4456819870038342	5.110555948965316
0.28690149696526596	20.204767562734467	11.344624383075676	0.3111125292939158	0.3052228243398578	3.2547897180130683
0.4999016677760385	19.983813154179796	8.85409628394364	0.3224900991534947	0.2629880039674033	4.4261774989930505
0.43302234309621984	20.826493225292303	8.611836814900716	0.345279698280238	0.3194209572045813	3.729117755950595
0.4421809509922271	16.272869459336604	13.998296780349614	0.37853680885326896	3.295785178437402	6.189780182606423
0.3374854674430444	16.81239842816718	10.655997207046656	0.3373280380380195	3.5843145137445958	3.5962441984919167
0.36653906492517935	18.7326727924147	10.900163850602379	0.3392663261420787	3.637530840426688	3.9953358653310382
0.3838797883489348	19.344813697232247	12.024051609826932	0.33195261334332055	3.8956497731466646	4.615790387077031
0.3888589388533928	16.38751271530523	12.666729175081468	0.3154173033418098	2.2408854418809097	4.925570865765491
0.4669769968072174	20.5411957584898	11.572458658827305	0.31606006499265454	1.978976660032027	5.404071990174853
0.48955173014278314	21.524696967650662	12.937195311371015	0.31209995270511626	3.2783890143803887	6.333426347876783
0.4702315383474662	20.33668727257441	13.838713790012688	0.309337526318452	3.192624386663851	6.507399674227961
0.39413911094393295	17.351350675935766	13.24530505377938	0.30464736897063843	2.005423418172923	5.2204927580777865
0.4590849014709876	17.217870938496624	10.404969453273319	0.3021644028521176	1.0813898843555922	4.776764376264618
0.4566025496211391	19.546054605857044	10.861646560492963	0.3035046500827571	1.8480214847507783	4.959455512604763
0.47040751252544527	19.36974058025996	7.0694218946585154	0.31377273219740087	3.671584632835865	3.3255091684592326
0.191984617211562	15.609604501395166	7.658413704585069	0.378459115116378	0.10525286132706275	1.470297623522545
0.30663073850485906	15.324039443542548	11.351462334239923	0.3514480217799831	0.14012638472873343	3.4807072786580786
0.2243019561164192	14.745578497453538	13.456539064032327	0.3496501580192564	0.633224070321766	3.0183280346194596
0.20064910265988256	16.05664951090125	12.954565063878608	0.36406076726031433	0.4740627603162242	2.599321855416307
0.3090935758681131	29.27245217157424	7.778197156977511	0.4049736426476287	0.3358611117678079	2.4041907730573695
0.16709054720486455	18.020260667349064	7.825864330167101	0.4268498895253133	1.4264366457626865	1.3076279532786517
0.27925200995130106	15.123653318666411	9.63971950500898	0.486094059834381	1.5968328019982518	2.6919110471405188
0.385063127088505	17.3770908974681	8.934163982987185	0.4647056658108942	2.934546258954673	3.440217121210538
0.4480657217138386	25.107825364086604	7.6555342724696445	0.47957404615977833	3.3365279858495374	3.430182488899138
0.472870665853472	23.758921467586088	9.262099412999108	0.4795752975878058	2.2307347047437407	4.37977511662594
0.2705495442406328	24.79860829868318	7.396514208883403	0.45525160808591647	2.5804645316459425	2.0011235481827696
0.24729980981116337	23.880652852764616	7.149676552546952	0.46432663638377664	2.0969107243324694	1.7681136516561953
0.31819995289462805	27.72942864511143	7.036010546450721	0.47765945998066406	3.955534883241945	2.2388582244467257
0.33881065943455857	27.79290704704857	7.116660607343154	0.4761433394363288	3.747760508825431	2.4112004733458803
0.35350467574834904	29.1832196254559	7.27940360371872	0.45973776968265095	1.287375673298606	2.5733032105739495
0.3464164365844558	20.33592907661016	7.120183618216636	0.44120539342532	1.6358079071129612	2.4665486368496246
0.42154870830748714	15.5431828095353	7.6223944445895775	0.3852286223157174	2.416982753505064	3.2132105323269022
0.4331507677932573	17.89479249830367	7.212675361342488	0.38382747997450134	1.2060338928410654	3.124175870609008
0.3701680663466045	21.169926807685755	8.77167014643286	0.32177457675304955	0.5171784741698678	3.246992176735289
0.49252870871447335	24.63489471611475	7.836333805691082	0.3041114225235289	1.4489827598911769	3.859619370372603
0.40329554648447247	19.983179401543264	7.183434021350817	0.30458266607004647	2.344837711083439	2.8970469492758295
0.2642750824438952	15.413492151287784	7.1551394126565215	0.30799864625964923	1.8259415423019116	1.890925058177366
0.47207458486782217	13.958190067335279	7.859074656021651	0.3180102415010939	1.0656020384520384	3.7100694056866432
0.4928269384154877	13.489233887303266	8.590721633004227	0.3155394935495262	0.661172111468978	4.233739041173172
0.4035255209305881	15.5369422581472	9.991741624286188	0.33880515095785224	1.2849724129392064	4.031922743943924
0.4642565875928529	18.045010488999715	8.493778560628877	0.39728477284369657	2.0199378099109224	3.9432926503268964
0.36953894007416993	18.27282953375269	7.149551223355761	0.43882401427934115	1.7754884291941715	2.642037581084873
0.38868116066379543	17.582612356170205	7.126109305165481	0.4479557596585044	1.5687204712686775	2.7697844357487917
0.3497375131791377	24.274299338081438	7.000143424204309	0.4912205603434645	1.9217640298054957	2.4482127530785087
0.3312376563181052	24.32418004857139	7.240883174737949	0.48929602865647814	2.34754156182364	2.398453172473399
0.30699552849139966	23.380581950405645	7.0140147357687805	0.4887199685121856	1.919689175240292	2.1532711606538015
0.26993615701191476	23.308242482372904	13.708315003527247	0.4670957287948573	2.410156301444431	3.700369871160918
0.14018780258703967	29.297041976022605	10.457418532306024	0.4153877604329914	3.780087909687568	1.466002524776967
0.1306730195965587	23.58570364420004	10.896277609687294	0.3450963360448123	3.961006058881008	1.4238494976202114
0.11414342240523002	24.19771522759299	11.298355418710802	0.40205822578685113	3.992080693987532	1.2896329550423267
0.16541952713379382	25.485647611346366	8.086102215428657	0.325845356723354	3.3274978210454567	1.337599204831731
0.40021810297297206	17.162679663063336	7.575673788983851	0.327055161624181	0.104410127528334	3.031921792569184
0.43397608102603935	17.215430658935272	12.114825130030564	0.4837123792536254	1.7402052335483411	5.257544332246441
0.28854805767438274	24.91024529077273	10.724365275346766	0.392743300568122	0.928295736264289	3.0944947699919063
0.3007722118373143	21.75127214613869	10.459494474465378	0.3906197125357116	1.2047086321165563	3.145925287785119
0.45753756685559627	26.444993265462383	11.912451042621443	0.4374297515546526	0.33205062447691897	5.450393865327426
0.4984302593775996	25.31182088173635	12.682465773282846	0.37587861550998897	2.5760579855475823	6.321324704924899
0.49979561308692205	22.267743896521612	13.28354322110297	0.3788742459546024	2.820400045706186	6.639056628157786
0.4875940337872989	22.121984482328394	13.224559961139414	0.38017156976125727	3.474309718040774	6.448216536513971
0.4107281618167972	18.610594664568023	13.747912570891963	0.35806930445485163	3.3878155788374262	5.646654859060495
0.44225640620735457	24.10072617527185	13.532752331771142	0.3773041070686064	3.0015286395652545	5.984946412343303
0.4529778075619377	19.187269108615435	11.675895675622527	0.3915228850223743	1.1742301292330974	5.288921624465401
0.28707466786756664	21.58125715242093	12.689152017045714	0.43252125779910255	1.3714975714935165	3.6427341008144616
0.31523199850487993	20.817036103653574	12.090278217552632	0.46396782696395134	0.4076727813013539	3.8112425649991337
0.30540334283355786	21.698527063521684	13.600195941193448	0.48790029380658273	1.1786550825021431	4.153545303631865
0.29637210599149927	20.926756765278224	13.9512440223519	0.48752406082271627	1.3771593828881459	4.134759572105748
0.2703338525643387	24.689630209540127	11.240805393011083	0.4816448395137447	0.8507309281742621	3.0387702278186812
0.2564326768628846	20.22391653045336	12.26628351163167	0.49501039328952445	0.7619403766629158	3.145475916046774
0.31989527699083486	18.580397701706893	10.317338615655071	0.48464544258304104	0.6822537648202879	3.3004678942632157
0.4543966760327328	23.132223801739514	9.727021141097646	0.3202882840727585	1.6963409500862316	4.4199260742148905
0.3679215961954432	22.567083008818535	8.281323091861525	0.3196533511298784	2.599508612537728	3.046877610567875
0.4132059790580124	23.20014223134726	8.743071097684085	0.3363107991119832	1.636649390346561	3.6126892528923635
0.3181336154434795	22.10802361559203	10.932054500508585	0.3953247024046535	3.9858511930815608	3.4778540224719574
0.2870755965413422	22.562604072808263	10.434733805763484	0.3953562043296522	2.8778451645473604	2.995557432039662
0.23729822810682097	16.848020635704746	12.350200283615816	0.4841149263192145	3.7676901412651103	2.930680644066391
0.23994234172806572	19.704799045136667	12.137629397085355	0.48575013141167395	3.796857510822949	2.9123312205640706
0.16929314229904704	14.651757877277328	9.073578430759069	0.4821941416681697	2.907611976281179	1.536094604440059
0.1170863642470448	19.030941764745624	12.109279208428717	0.4834386148296415	3.7560952331459343	1.417831476167251
0.1211184264173452	20.258191048610012	11.907612476120171	0.47945599387399207	3.455782398521438	1.4422312854952226
0.11947177510025758	20.83906860670007	11.997734264696808	0.4756288012875345	3.730333614799083	1.4333906097845113
0.16990804829396508	22.752185762503288	8.477325597384342	0.3019608781427181	0.5887502347133958	1.440365847004045
0.4278818983693968	11.256219780327003	9.4567482159478	0.3508011348791329	0.29746260641012207	4.04637137904115
0.38327658719796653	19.48923729713326	7.328580996833373	0.41354491732211407	0.8901997585987226	2.8088735134701666
0.3761816141058915	16.89902411497993	7.926400309066468	0.40546509082659016	0.8619736391749065	2.9817660623140614
0.39612390791475965	18.60475401549148	9.969897527379864	0.4253027279865196	3.8779689005187175	3.949314770055411
0.37957689603023287	21.12902424671293	10.154767058012856	0.3952533949272532	3.5984448447835464	3.85451495979058
0.3971535543864674	27.90124809524781	11.171396662725217	0.34328747411848165	3.336131556344553	4.436759892062439
0.2724249405346419	21.51637368449537	8.524539831410204	0.3487480401485404	2.6500783739796057	2.322297256657111
0.3192094599810608	15.411512413237547	10.001130300185851	0.33745850470059385	3.0888417110783366	3.19245540232255
0.2973400445389882	14.853244885235288	9.941226158231373	0.34665184096749785	3.730523787081492	2.955924628660671
0.2970185410828513	15.177934404872675	10.21607547133124	0.3471915753318716	3.851821472439876	3.0343638320871076
0.3024255908924068	25.40121689415911	7.701680181655785	0.3878608227328392	2.6796209019649706	2.3291851798015895
0.3553560021334501	31.661385513339024	10.045786527396327	0.3893469035681676	2.901357367743912	3.5698305386616336
0.14152864119756622	28.969415437566933	11.860627492515247	0.3652029199028424	2.7687860751951634	1.67861849276618
0.13816085775827738	30.479330730001475	10.68069022794568	0.37048958221767087	3.6776398892080313	1.4756533233434264
0.21094682611897891	28.161881772760577	10.5889356485076	0.37529343397235326	3.9333281213686337	2.2337023670307903
0.22208943716025917	32.93851264166858	10.550655493584486	0.4332616784539576	3.770514563885498	2.343189140241975
0.2632199910138365	37.132929383958015	8.766740893078056	0.40809224594288274	2.946530838254477	2.307581459096639
0.23910037875176607	28.64736220133497	7.949178331393026	0.3654842889601565	1.967731618998949	1.9006515498014043
0.26981892052659706	18.75270751352932	8.640264751212243	0.3969013186204657	1.5552622425097602	2.331306908236094
0.4708832167490233	22.39317786008185	9.682516433429152	0.34716117027494287	2.2195110805796014	4.559334484398399
0.35116780299882916	19.253351453327767	8.906592639302733	0.3557117272744501	1.347070173029927	3.127708569349484
0.20360207023014695	18.357762811610097	13.246712739380827	0.306703578979558	2.562922394699149	2.6970581374819975
0.20412223589889847	17.27147651546808	9.97371397514444	0.3112395959275925	2.5588423737353043	2.0358567968225736
0.18416421645540176	12.979308636818843	13.088840917886039	0.3233251631286322	3.483164931300242	2.410496131951884
0.19646926162225564	14.733917384615047	12.161066764841232	0.3366956962522831	2.918454451025763	2.38927580782731
0.29830553807712373	31.159855565841177	9.036933175477316	0.4564343731588471	3.9773571201396978	2.695767213477771
0.3069668830623621	28.61389098902469	12.41816751848896	0.4774015215364641	2.2199295548188758	3.811966176496824
0.26042541808552727	23.25797147201969	8.527850881511663	0.470660591805712	3.9278021515235886	2.220869131188707
0.32798103789387006	27.142381915865602	9.911505927010474	0.4035222489709825	1.2510847348284666	3.25078600103214
0.3207707326510412	23.531636942977865	9.529688850451992	0.4131554065609878	1.1125312567876084	3.0568452744959442
0.1482511007687184	20.672315070143632	13.033570546460448	0.347503163905124	0.4039341010895174	1.9322411804595079
0.3269130298891854	13.826369647529388	9.52807729031358	0.34998636407473804	0.4461453581004397	3.1148526159947525
0.36820185466679456	21.420638102937986	12.225492114384988	0.3568905652660512	0.19019718313565057	4.501448870730824
0.4926239580530895	24.532149846409915	10.256100806439296	0.36756216971706784	0.5204831686957543	5.052400973459609
0.40955641894098166	28.093118167171077	10.597121603685524	0.4722298695446856	0.24700750069142163	4.340119175087556
0.2639681507167868	21.974444834677847	12.246275318533147	0.4661954986997515	1.002908954695722	3.232626649001824
0.447611487134644	17.453964789429882	13.053841488747093	0.41675844903324527	1.5644048603918213	5.843049401598002
0.3976351774070856	17.683590713509297	12.196097067562976	0.4494849836574309	2.117868292522787	4.84959722113444
0.3979303326292268	18.010812164228188	12.750354014885632	0.4707532319023615	1.3199518922676903	5.073752614283837
0.3141813216295516	18.17302841970816	13.983372907090583	0.4714697445667389	3.507611875396285	4.3933145807885845
0.45052264267004766	15.09880926887477	10.513629375840509	0.43970376081835033	1.83311679201886	4.73662809045711
0.38366325191756184	19.362244814964438	13.901184633644329	0.4189133925022804	1.992005765273936	5.333373702050424
0.3915815623536959	19.891742045356335	9.029290676479155	0.47872511323132955	0.6004294240495504	3.535703750041367
0.350611799829842	11.648111505301932	7.557868750702947	0.44222793642154984	2.036908530519977	2.6498779655616795
0.4895516106051225	16.328357481531604	9.21085793218371	0.35598708159056097	2.466823980050298	4.509190335755504
0.4598416646606584	17.085755869300034	9.37774202038444	0.3667923699641373	2.4134295176314753	4.312276501411787
0.31692632485079847	17.891639167278022	10.064309354289412	0.3488333978230699	3.486804932198331	3.1896445758164558
0.2807705367287976	22.10749795527834	11.145664570641316	0.36175976846868607	1.6849356165438107	3.1293742236981057
0.3581385507977872	12.070167394328967	11.8988713273476	0.4207844928974232	1.0787617291110043	4.261444533305612
0.37415176697486713	14.90611308973291	12.581889791672994	0.44718769390852336	0.9185958667586	4.7075362974374935
0.3379550639131295	16.350746024940182	10.214547230585742	0.4213994222318946	0.391533424829302	3.4520579621562844
0.32602157021260914	15.28063350577233	11.670271131695042	0.49293556864642607	1.3919116580359632	3.8047601191621006
0.3331811197682384	16.629499077473987	10.791532571169752	0.4988207211598012	0.6926120706554936	3.5955349060777544
0.437621592436838	18.160319117691007	9.567818434838031	0.49949934962247966	1.9723137467299292	4.187083939600354
0.48966852329081106	20.23998610645104	11.315293307523563	0.4982008447204384	1.7283038704303115	5.54074296449746
0.45612008807193466	18.160698680478887	12.898150484237206	0.4973136526604503	2.5261858089369915	5.883105534835341
0.34241822692699614	19.277326994268844	10.705640449118029	0.49155928504958574	1.288584957652733	3.665806420704926
0.29243199952563875	22.88998294335471	9.662196636741097	0.44934546155298327	1.9646117793035789	2.825535482292101
0.2895035202609752	20.929708522130746	10.582699743957328	0.4484636619280992	2.9749617885578563	3.063728829740567
0.39128136457223783	24.681418520991517	9.991041092477266	0.3637841215313479	1.528143207396118	3.9093081921618063
0.28642975802090087	19.833221085153784	13.22262653654387	0.3594697484709919	3.1360691322957543	3.7873537192630033
0.23851081364068613	26.2196547754576	12.373130343070947	0.3416860488963648	2.7899262408629117	2.9511253854081136
0.22862380668390003	25.691994903890286	13.303063179869904	0.35144815354886777	2.816286619326956	3.041396944738285
0.3297067447199978	26.189509570138743	11.517464305331426	0.3578687464851771	2.9993593933874574	3.797385663539595
0.48945654283682266	28.741315831551955	9.697942136328804	0.34753268253685865	1.1231087314627373	4.7467212306790465
0.46960262653869606	33.23812546197165	9.161780645532051	0.33571541563692675	1.3796871195386384	4.3023962549132415
0.367679386936709	21.661635452326585	10.58748116784304	0.36315957289651646	0.29571485137931386	3.8927985849964806
0.27850530711867416	16.500554499445858	10.916787236180715	0.3678884931606909	0.5149639066008928	3.040383181961732
0.4772881751448832	19.461629800228067	9.956551137979943	0.349029092990341	1.2742444349693407	4.752144123383157
0.2942912483096132	15.104815895311113	10.56232715411075	0.3566866282417724	1.8058129045977411	3.1084004432377768
0.3207938081494611	19.9078978656522	11.9107386460819	0.33049523408607784	1.3165189721770911	3.820891208149569
0.29867829721998657	19.614437540011796	11.286175469478726	0.3965084768648102	1.8656961586629524	3.3709356713498884
0.19075753917094748	16.800328066691137	8.260001629674871	0.4149773109204205	1.367811679134176	1.5756575844247942
0.17084432413979136	20.26868931198315	9.14937911860308	0.466324576939192	2.36368324326802	1.5631194918164633
0.23674381866761304	24.62081687227918	7.432654535763217	0.4416953173003991	0.4942162006308528	1.7596350176337388
0.27955325487105004	19.94498137262987	13.95836045437556	0.3247254212965296	3.047571032249461	3.902105097684037
0.27014264806585675	20.869761496262768	12.5527191189968	0.32896973409472974	3.29631314286715	3.391024783232704
0.2013679532834509	19.262366304174765	9.350654727525344	0.4201426949457596	2.969839526075311	1.8829222043420026
0.29852546257182144	27.24926206988691	9.448003064763075	0.4413086606147123	2.4864690723951015	2.8204694852883834
0.21968107734787487	19.744253921414415	9.76318220611698	0.4384899822074467	2.365171440987556	2.1447863853833797
0.26341255284832943	14.79533815389051	9.63148844620331	0.40698008425563453	3.0173247354694235	2.5370549593436036
0.3139424491675293	15.9025460160295	10.843226523396613	0.3379357446076948	1.4004305372653407	3.4041490916334465
0.318272510564642	23.232734481251526	11.694051692981303	0.3826495188010214	2.729686232195684	3.7218951909978615
0.26296639723645293	16.996653078432242	9.810696853957516	0.4384955600507889	2.029558558960757	2.5798836060642114
0.1768756671480648	17.015186863738656	10.69734939537916	0.47122749702034983	1.475400276395464	1.8921008110236364
0.2879792318730289	23.0306561495257	8.789457592647675	0.42824845800371886	3.566251315955576	2.531181246111239
0.3892063512394555	30.88557563678656	7.944289029535539	0.4371532500639432	3.343049221622892	3.091967746377162
0.4871809356700447	36.45758433702974	7.5138548505269025	0.38864148554173567	2.94495878131225	3.6606068365686
0.48679467635326246	24.02544200851554	8.47304455185615	0.4402757994704407	1.897582347186792	4.124632980347588
0.45425043908700014	25.798307873055847	9.428317820921048	0.3825497940536124	0.9551983245037661	4.282817510005175
0.45439071692430266	25.778098356190103	12.942318908138608	0.35263387063762947	0.8295067293305209	5.88086956733206
0.2654400411784658	29.120690693715563	13.549128415438732	0.3886855663761302	1.8512447658906264	3.5964812045263783
0.3427683320411139	29.785626922872677	12.308089169882871	0.39415045509761887	1.8375812198966364	4.21882319537405
0.22486841963693088	22.44908653374645	13.073847318877812	0.3461714978987291	1.9429917869819633	2.9398953851705794
0.2394978346292841	17.138482658989982	12.956253421102295	0.37180787411567634	1.0865567633702045	3.1029946392622536
0.34677437379507337	24.13506455098236	13.011497864997295	0.3405085494953803	1.8963557925847148	4.5120540242703715
0.30309884880994786	21.006560855302126	9.586245480547593	0.37838872644664473	0.9256832047336541	2.905579969563541
0.32978278690696133	19.773849145550752	9.016282356576909	0.4322002228114624	2.277769328889752	2.973414723091998
0.27384881029233643	22.489243891207018	8.102034993877306	0.4337904296515874	2.4114951745608475	2.2187326440201773
0.18561032236464775	22.066913093802672	13.282263872744691	0.37069872901780265	0.7299512076743626	2.4653252791524567
0.18579666243329865	21.959911235233513	13.973014410884971	0.37375526767598827	0.8831641305561898	2.5961394416748123
0.2691872868972999	18.260390738093484	13.806113780002692	0.39055788817459647	0.338545930350835	3.7164303110343506
0.34291991403638816	16.924334490355395	12.534774641990223	0.35465244999321494	0.20416630900980548	4.298423842696786
0.45889099063634575	29.32024856285829	10.807514314136172	0.37434467394379	0.09360043091839619	4.959470949930435
0.4043580205611624	32.20849388961277	12.409464051902376	0.3711491818376669	0.1267257412953534	5.017866320252146
0.4030207508008152	28.418726045371656	13.339044956894131	0.36821280544470975	0.1954692723300681	5.3759119134933
0.48857279686218985	31.286580613571807	11.507612547268817	0.3433976583088934	0.2299990014361462	5.622306447425554
0.4718068336139036	33.792432184976754	7.589270784123517	0.32875264706863994	1.242788588569528	3.580669818095824
0.4509261781790072	23.70224486498488	9.42141453486636	0.3230704148878252	3.3245451953255527	4.248362449247437
0.41209917200091456	21.87628067939653	9.960101022765071	0.33373715144572763	2.2094281101268916	4.1045493845269485
0.30155548725697734	14.777820768448937	8.744465937857838	0.3733725039198719	1.9855095839697896	2.6369416866927615
0.3247979943265799	13.42003926550188	9.970759538411034	0.3931067468376536	2.675950902516003	3.2384826999885195
0.2660757786754999	16.58757335953922	12.509667446294973	0.4109488443217485	2.8667423794108373	3.3285195067444873
0.2001675920594657	21.797099879927487	13.453059914928476	0.3779935963236404	2.558780825244261	2.6928666090029534
0.3198344926293564	22.57880507982848	10.011892381277145	0.3072041139148422	2.007602131637576	3.2021485200254944
0.23467729268690457	17.669022132472627	10.908808655020476	0.32544860238304374	3.588289252408851	2.560049681599678
0.3799948179469527	16.873821202279938	12.1719605989222	0.34142679714975693	2.659280462329326	4.625281951844923
0.31968426496927727	19.30694032402381	11.904853827080663	0.4501055521911504	2.567737766839043	3.805794445276969
0.2735911700104332	17.3443619524241	11.595392795105798	0.44383423928865634	2.5393561354133447	3.1723970815435427
0.1629711953271549	23.323272292716215	9.813824271409375	0.44167950987869686	3.261717486235665	1.599370672242231
0.2602404139649901	24.41330331752334	12.246617223559635	0.4500719663314092	2.9406882347699455	3.187064735929937
0.35159804359228947	24.440893071049032	8.656002684469325	0.4169026392082728	1.7159080650268688	3.0434336091890204
0.2920322934045008	24.54426259542024	7.189662265980664	0.3850503019220294	3.561379957907018	2.0996135603381334
0.31000965263096686	24.399095705271165	7.615250347064099	0.38798042941864186	3.379568102146277	2.360801114791191
0.20328193757292537	20.713295933027265	7.309340476346063	0.4065244488192358	2.947553760844664	1.4858568944118369
0.3654452430655587	18.376822630975184	7.587443609242242	0.3519940483299917	1.0685593747621975	2.772795174025751
0.19890985897582736	14.556875572044774	7.913945792246307	0.3327625878978235	1.5176355906121899	1.5741618414780552
0.18256554574879724	14.610373946891903	8.931182342033773	0.4527059021515537	1.3025328424029723	1.630526178455417
0.1435898485308152	17.188311155362214	11.599455712464419	0.31166731455132574	3.3652418952817165	1.6655640887926648
0.19195655208864765	21.078672843897216	11.55462700980444	0.33756390787725205	1.5859161232791024	2.217986361472421
0.17899680517992703	22.509822374394652	10.58874032121374	0.43162389188037215	3.7970232238490382	1.8953506883771336
0.24589178181492544	23.740465380906553	8.651169354522262	0.33243780318993443	3.9297682587836698	2.1272514473661572
0.23506127949070427	25.226208434292392	9.547708114232638	0.3244134451633648	3.8314404437901937	2.244296485535303
0.21502603463168693	30.530885778711223	11.978444928845704	0.32166880446796087	2.3206922875064206	2.575677514103731
0.47825146008947855	22.515962587158167	10.466697857549756	0.3241099916276994	2.651109167136164	5.0057135326885875
0.46705765943140126	22.68046459231983	10.220460385076247	0.3514881038157407	2.9893618423729453	4.77354430576507
0.3448140250458457	23.816736247312168	9.658626995748614	0.35943818101766806	2.4965236280213086	3.330430050820544
0.19026136624260184	23.08743688718941	9.103605420942207	0.32119195485940366	1.9842333104384104	1.7320644051220209
0.2673674098997679	25.24818781602463	7.713325559030358	0.39081718987016656	2.4022014176595725	2.0622918764316265
0.47975129388584176	20.90147720301574	11.81404728547032	0.35650468820849734	3.139715589812678	5.667804471232903
0.3976179160174239	22.45080520916692	10.188927503326491	0.39054095197974	3.6510464813857246	4.051300120325293
0.4197057857087544	24.186166773209912	9.325531258241408	0.38162936975735384	3.283800320924154	3.9139794238917593
0.4643012183782776	14.729128354914884	9.734486709577064	0.40859969206479696	1.4521751192532089	4.519734039543781
0.3164937802595914	16.80971661357657	9.284518694650432	0.4377599204808057	1.883014358814861	2.9384924195607622
0.3258410870523182	20.29104114648662	10.451104894894948	0.4666684291043472	1.908596098632644	3.4053993798503734
0.24427736937158653	28.07175410069039	12.206668518832252	0.4276618807022304	1.248279571301897	2.981812874571303
0.38920363029218413	17.00985417119374	11.55907084640036	0.4116188259592583	0.22264351399830087	4.498832336223569
0.18380624693733913	15.885452053701988	12.36173346869872	0.42757383613552685	0.3524076233282986	2.2721638345212067
0.3908959795105073	17.387216073165806	10.956478576242004	0.3362652678380335	0.6894734451378425	4.282843425046007
0.42974321991524417	26.399931185150336	8.726198745592098	0.42836803564900217	0.905037140569924	3.7500247465511127
0.22565891207307567	14.126828332630154	8.244951415286753	0.42752351357480367	1.9755250382946088	1.860546766468974
0.317918257134098	15.022486180233615	10.016998977661812	0.31152487072109003	2.448343661270547	3.1845868566922846
0.39435552688907854	13.193425285530155	10.753511781214325	0.3430788832566769	1.7558408664577743	4.240706804388688
0.2728185546291261	21.318502738974967	9.02777121020518	0.4171919994298945	1.854355240239336	2.4629434930906138
0.14325843310380365	19.91047464772904	9.292918433967824	0.38760779233411985	2.851665543087411	1.3312889338116833
0.17602840039221157	22.669538788563475	8.062087775211987	0.3458204192663328	1.2833432918189096	1.4191564148921698
0.18157438128286568	22.69556030232155	10.179931370328898	0.4149708746162292	1.065468486014631	1.8484147400695046
0.25451149345532925	22.172865116909893	12.171110132703475	0.38271591722777326	1.7742820015709972	3.097687416883652
0.20509898594789505	18.92256294919417	12.832618418241278	0.40482152827446727	2.788167461519859	2.631957024637567
0.24155462465280783	19.730970803660394	12.640527066077055	0.35553422161695	2.1138743413777634	3.0533777708599015
0.28041623326739223	19.867717510009705	12.834365638103389	0.37669782234121496	0.9001431272805016	3.5989644686134032
0.2639366462914187	23.33508381790376	12.237022244519691	0.3530941973028531	0.6343197541864569	3.2297986118120163
0.22546829278192068	23.52672606372147	11.427175942305611	0.33733643504817734	0.590947845870489	2.576465851030282
0.272743046929825	19.273097701155123	12.580179930019003	0.3893040669425193	1.0638913536678407	3.4311566050388156
0.2663247255533258	22.717010891008705	12.984244032457129	0.3529431448167461	2.457031960228123	3.4580252284615534
0.37588139827793887	24.410995027964443	8.335500771118523	0.3406973383994924	2.0332704104420154	3.1331596851948684
0.4095364721327869	18.40427071022638	11.2652344293377	0.3017516616986326	3.4687515387468366	4.61352436593977
0.35207292576362	16.945661016918947	9.746157060181543	0.3034152063282769	2.0716591333128505	3.4313580311298773
0.4881248428410901	18.909059574110962	8.714624151232277	0.3162635319541748	1.1520490146868307	4.253824544239423
0.31468407723572367	17.08266669120607	11.001993852092477	0.39474096482408344	3.5991514380917784	3.462152283098826
0.4214270906329136	18.838011344693843	11.01469701059938	0.4099379997053596	3.27250844101493	4.6418917153799475
0.4578150917532616	18.43600516349151	9.46117745836331	0.4329348544188024	2.5228464416901084	4.331469826194489
0.3987709687902996	20.887822187571807	9.142338618324857	0.39257181860188056	3.68684589322546	3.645699227838372
0.4254072262230744	19.61320120033816	9.129223245264367	0.3992568250709509	3.49616789867466	3.883637538339128
0.3201052647425895	18.081490563675736	8.240514059225628	0.4382494328076565	2.8900623451410823	2.6378319345434504
0.31068125173741806	16.52906585415166	8.09038334282019	0.4474424040813594	1.5153955357045927	2.513530423982933
0.30026856091179127	16.544705234988754	8.954880370728556	0.4370474224089272	1.8290488497644848	2.6888690420559116
0.3353443898376011	16.96241122676418	10.69837900622312	0.480960980166052	0.8577517075046788	3.587641380093294
0.2782164725399504	22.752460646937237	8.943000210167195	0.476835997311088	1.4529009459094224	2.4880899723967524
0.4032340933400072	20.779629959857807	8.020396818062578	0.48334615754952104	3.423891834252192	3.234097439158542
0.4603594972677585	21.75654956063049	7.125604653828213	0.4542315448389326	2.700015493843964	3.2803397761651563
0.3615462562009122	20.330484478469486	9.551846881424328	0.4268473119724936	3.0753162624202846	3.4534344797833243
0.45801160306204974	17.0425514922076	13.114493293012732	0.43921970135545113	3.46036783728538	6.006590096479261
0.4812534062486376	18.36797755011493	13.154972151926524	0.434678342161912	3.9219141399242416	6.33087515722061
0.49759811060359377	18.992493910698016	13.045784066630269	0.4347087891246628	3.891837687085802	6.49155750289769
0.4790352861413124	19.16664401395636	12.843015377303557	0.42914713700643137	3.865222768306245	6.152257546183884
0.47265207760206573	19.38809383978276	13.566158124254164	0.43592869218064495	3.842869075961487	6.4120728225068735
0.4625355368640961	18.843267765642327	13.768143659759591	0.4349791547359196	3.893883586468765	6.3682557192889035
0.4908071330141672	21.1242604548342	12.84258290227708	0.4270348614078414	2.118430611928514	6.303231294763376
0.4857203261358488	26.47481044363058	12.444140935203807	0.3852466675136276	2.325971989722706	6.04437219352766
0.4719404010450192	27.20889073819548	13.546955009169467	0.35996373854547487	3.141980163134366	6.393355379966271
0.4714886153714332	27.201125781479288	12.2351042249626	0.3894640011717052	3.1969083654169443	5.768712349952788
0.4426619650826484	31.315884744278847	12.190651459768324	0.3792445316982362	3.218532550132504	5.396337730818702
0.4042594121587989	18.794592282454126	8.263007367460181	0.3335888872833491	2.0609463931163314	3.3403985010332775
0.2669538692569056	22.34431502785629	9.033204696935952	0.31466608365815724	1.643651830491368	2.411448945636706
0.2580875241725654	25.509890894689665	9.571796560774548	0.30828018805068846	2.765473831098284	2.4703612762537794
0.2527786858346686	23.948773316701292	7.316613777196059	0.3171901970915721	2.3072954980056624	1.8494840153594507
0.42570636023426034	23.51572514374896	11.231184947827739	0.4623661820171045	2.5473259144821965	4.781186865257558
0.3519466646880759	27.022643246016408	7.32328043141757	0.4517134792807752	1.2194737312800399	2.577404122412867
0.3961788576083423	16.26373927002598	10.179014426028083	0.4593491501887614	1.7174640004865511	4.032710306882642
0.4141618821006929	23.974734372337966	9.371650132420141	0.40717650605846495	0.8579399955008262	3.8813802572323333
0.26266423202383604	28.787239013693434	10.451175740269507	0.46547529402820426	1.0313186168504445	2.745150049564036
0.11084327394215424	18.87210189328755	13.033258471911545	0.4664156634538023	1.555314660873062	1.4446490391609939
0.1691793597925554	24.910436659912584	13.806291926537227	0.47139592857825374	1.713826452233686	2.3357396292406944
0.10015344107956374	21.68278444857828	12.195585473904693	0.44516749490323354	1.709852319788021	1.2214298511914972
0.10705240228374759	22.042349250202967	13.597895963840344	0.3490664397858951	1.4420230242946495	1.4556874289335842
0.1030132369630284	27.70803712778036	12.688528654154585	0.3523532022420156	2.6918533192349314	1.307086408962602
0.10287381652658877	26.09387074418341	13.33008539444254	0.3518433304386047	2.978194537583844	1.3713167591516424
0.13734568092800004	21.978820789536844	12.003145972334837	0.42101244224324674	3.916828581094992	1.6485802568485093
0.18638694942863596	24.37169144335023	10.998684259684156	0.4125675272315583	2.345702498693483	2.050011206891285
0.24296167449868764	15.358861404975547	12.855802294882015	0.37432151195550656	1.6594210692567093	3.1234672525886054
0.2068844173056243	22.81881116882229	8.449320269769043	0.3988442252912752	2.7527334546855995	1.7480327006397687
0.1687282571201537	30.671970214840663	10.996881637656315	0.35768882900128407	2.7662591972094392	1.8554846724783718
0.24051507322319457	28.78580611758957	8.716021842308123	0.3369242612073893	3.588234400055834	2.0963346316177014
0.4226259084773112	19.06606321588184	8.586974059383758	0.31998513292604563	2.629621360341992	3.6290777129181655
0.41228618751339374	19.31790853237731	9.634802281153831	0.361052707738261	0.40792656517693376	3.9722958999422624
0.3246023804860217	24.097737292142355	11.826304126854303	0.3379820690197495	1.1202072923270832	3.8388464719285693
0.21576820043516343	15.866869769016096	11.097670968808709	0.37689917458074146	0.8614518131065344	2.394524493961412
0.2382089412654436	21.085264865752343	8.169946381442836	0.40984028875167894	1.6067028784193083	1.94615427771894
0.22341308597426057	20.159210137559096	7.835937789005091	0.3973884982178271	1.40567222765446	1.7506510429439517
0.3304542561256463	24.223973394364645	11.276350461394829	0.39610378676864594	2.982988269517505	3.7263180035323162
0.3786709987856521	18.797481097898597	8.69443168129771	0.4836341976326057	2.102585313309035	3.29232912863062
0.3569506264525004	15.26746858071704	7.551999602646741	0.4783792669695084	0.8062362658985059	2.6956909891337886
0.3340828840211366	18.400739383806407	8.976207567380333	0.4069784668008429	2.658714101237978	2.9987973116827726
0.4131338091909913	21.785025115332903	8.306504942180004	0.4289335858859082	2.719234998332119	3.43169802782662
0.385099496666086	26.9642395171948	10.755798980901213	0.40573275578597673	3.2268886409984074	4.142052773786658
0.3799403966666988	26.976752011975247	11.632974126740413	0.4055330326152209	3.6463227408938494	4.419836804127197
0.2742236927371999	23.107509732570545	10.943094568035612	0.37084616923546254	2.137050594386837	3.0008558024191188
0.1919179711767614	22.617186200406408	9.586713134558083	0.4213122952398981	3.29211586983976	1.8398625350379982
0.42578268244645334	19.37589605159776	11.87417236128742	0.3987498085991006	1.2858946647788008	5.055816959820494
0.3534710260024896	18.658456477540145	13.220522679435756	0.3983510686240572	1.494541590013739	4.673071715789339
0.3298804166920992	17.36181506570543	13.854942999772607	0.3817885574759377	1.430033225757246	4.570474370010271
0.31614757274686933	16.302729835928083	13.992085292228422	0.3819190162428033	1.517401791368992	4.423563802805186
0.3593045997541934	16.949070558264918	13.851410650681428	0.3837023915581468	1.6198314929785018	4.9768755598740615
0.36827478548363807	17.66162202681361	13.636001874708889	0.3781885125337085	2.125591072952699	5.0217956652629026
0.2649020157748424	17.372763505690966	13.593508704832303	0.37938399392321026	2.941443301863513	3.6009478573629443
0.27545920498648035	17.844612619212207	13.899091132378516	0.3716043210473212	2.840596960299796	3.828632593359625
0.3871280735045539	22.400992880581448	11.6206460198149	0.355099462646335	3.63179033463198	4.498678306529305
0.2717506236524964	20.690536291504507	11.385564991365111	0.4748812296896245	2.888445262641011	3.094034387039499
0.2510263999636125	19.514897827876865	13.75869508096947	0.466808239384356	2.956175071548795	3.45379569437283
0.26465213828885076	17.833374284380437	12.529965669275624	0.47747806568522977	1.7172925576222888	3.3160822070596847
0.1023230436333742	19.003106261974743	7.49338184837785	0.4926530143774424	1.2812424898064079	0.766745637833101
0.100291363552342	21.836844710825	8.311000241996119	0.49435287376299847	1.5557358746481178	0.8335215467536351
0.1772840208521548	19.67622557445079	7.714686486470263	0.49048036626041414	1.226450691940712	1.3676906399352309
0.20910217998711372	14.545680469280208	13.560347508473296	0.40455817644236786	0.2749569990636857	2.835498225404592
0.16999085612909887	16.921237676587214	11.970487631944764	0.34486122074777514	0.392982721782255	2.03487344083708
0.369857486543721	25.114580667695552	12.787498401926534	0.4054518689775485	2.8016203307015783	4.729552018118397
0.3600604656207662	28.09003711846156	8.016296729512295	0.4085415442209578	1.089643261211711	2.886351532982422
0.41418706507090497	26.891045675143072	7.379768234476329	0.40459457884524713	2.1276809601608053	3.0566045459412448
0.3649251912112063	25.113034560982445	7.125130509480029	0.4022913122406127	2.0998267652675064	2.6001396135767996
0.46311667732628814	22.617112133493983	7.899187143303957	0.4323130638732147	3.4638754976222166	3.6582453033854625
0.4025848906244792	27.309807461362084	8.050617544693885	0.3964942690463487	2.732235223636422	3.2410569836901013
0.47279519371045986	27.2520031279798	7.537321631656642	0.3673718611638632	3.493114436038475	3.5636094408971415
0.4315390415651485	27.18789011124439	7.34470235501091	0.37346362280812473	3.294029153164807	3.1695258148626975
0.41672844855422486	26.58615110608207	7.395343825319775	0.3729232093774674	3.4447437181965443	3.0818501588505764
0.46842059234066447	28.29449868287783	7.333088845027498	0.368786591939924	3.107425419376969	3.4349698204744996
0.48785432281937113	28.099938378380955	7.353766099843339	0.379034872560462	3.8827968968969926	3.5875665808111203
0.45677273105532207	28.917928103779783	7.45266647355654	0.3745417674929703	3.572192908864442	3.404174818770857
0.46223515347593114	27.483700721533655	7.165658642951099	0.39584352759675934	3.7393204198766874	3.3122193225806336
0.48370953337963773	27.199518945459776	7.296930360943853	0.3882895210819356	3.5930365449665183	3.529594779995863
0.44496633194301616	23.581760062020273	7.3955184299355485	0.394387645790351	2.694924869788174	3.290756708585395
0.4203162601361374	18.66050789382647	7.494059712849066	0.34995290370178744	2.586027036354872	3.149875151741615
0.40008579795279703	19.087797740956375	7.513026269493386	0.3540249455560785	3.2738436079254383	3.0058551100705873
0.39124110234112913	19.195514161284407	7.429219329325093	0.3582125760454504	3.664758981550521	2.9066159599391734
0.4777715040943953	25.04338807924936	9.006603899304796	0.4371765364710988	0.6651473139363571	4.303098691753298
0.40754706555060577	22.3428964994792	8.838004635742063	0.3836522397391704	1.2099047202955389	3.601902854619328
0.3062534629955748	24.519059201873972	10.119404387735775	0.41890373834108335	0.5485404744479235	3.0991026371966957
0.28562698809465326	24.88890124872749	10.784996736306123	0.4133899312081381	1.4927443499614257	3.080486134401783
0.4559681960897942	17.76096206291614	9.959024536963511	0.405063757524872	1.5491544418780678	4.54099845293325
0.29365326943730896	18.838891791534316	8.289819655442038	0.3663739373858114	2.9836563500685607	2.4343326448662204
0.4062714842692468	20.648622272197745	7.2068500121082195	0.3402980165979396	2.725930033785678	2.9279376513250455
0.3963221163926128	21.349743594915537	7.069023413705544	0.33718656612702	3.118502014718489	2.8016103201487135
0.28381141887231487	26.73504050873525	7.729919230635453	0.34471763231585817	3.181995194101421	2.19383934461504
0.3186286708181333	24.60159284382565	8.297482237779006	0.3777726008045576	2.526544106271072	2.6438157365605948
0.27012286635436006	24.34653694283305	7.470256423523702	0.39149637602992593	3.2562701865861206	2.0178870775242927
0.3004579504508767	19.3778241219401	8.927434398564097	0.4158360890150276	1.4382667069723931	2.682318642177224
0.327436235355387	19.226433537256366	8.940802538154982	0.40513680435196614	3.7519818552689386	2.9275427241493563
0.36231493481888016	18.034965009971906	8.811593963433898	0.41291103231050624	3.84377177601349	3.1925720925119907
0.38420029679943074	17.793759492086302	9.260048600859983	0.4211469103635176	3.541759145379687	3.557713420827559
0.33963158722201053	24.098762989079496	11.852320332879739	0.4484464352395725	2.9204901167497725	4.025422366919654
0.3287928165368912	25.200590905061436	11.719439693083254	0.4518983274375565	3.957067493089176	3.8532675849230826
0.2717967997466913	17.443510279857957	13.229818453159597	0.4644288638635348	1.4907031220161135	3.5958223167985
0.20455232556602168	18.480964903146077	11.956206310045502	0.45883057273554134	2.7765964566187966	2.44566980566695
0.36077021457847513	21.05742206102232	12.171241748557737	0.4675761792117868	1.0440900871739427	4.39102149731367
0.33442725869942436	22.350405820643264	13.14240669054952	0.3869667643950767	1.7086919931040223	4.395179042233449
0.31068578816647163	19.783940953370664	12.646402847086899	0.38254351350718074	1.4095130386912365	3.929057636017904
0.30656214600177767	17.75238747194463	9.923157669126503	0.4347515177289793	0.20041267315674932	3.0420645101614188
0.22912320374167	18.27596791615209	10.75837680305548	0.4567523711366597	0.11378500871210356	2.464993760176137
0.38049598125115686	29.57497252896672	11.440292189495135	0.45501202154038656	1.1472455243402029	4.352985202441897
0.3122116329522002	22.378476027571647	11.561750193407146	0.44799661553084386	0.9542548200643054	3.6097129076690617
0.37199541479587184	29.600881537341397	12.571512709200393	0.4123901571335046	2.207736216232047	4.6765450848705745
0.4545937594254703	27.96521507849025	11.594860739315317	0.42364367842458095	0.9116449341780105	5.270951333500138
0.2897966820725745	24.0530398933226	9.230417467319597	0.4490606187603024	0.14746336862972287	2.6749443561739557
0.2851712658331714	14.571440924136972	13.590330416825063	0.3657424386317365	1.9466229914675652	3.875571728057055
0.3893732749852813	15.74415601034346	10.364710024892544	0.4253056210205396	3.538077101546011	4.035741086665186
0.41165621411032977	16.5939074494456	9.734609299285527	0.4385988464500247	3.5547852950699728	4.00731240998709
0.3394425017883376	17.000508133066266	10.958975450160468	0.4383654724937125	0.3192935103590765	3.719942043839443
0.4454108287100223	23.687128350327868	11.739430082652651	0.430584155012069	1.7486567087045954	5.228869281697683
0.4798057490801783	25.20656756651012	12.349270953129622	0.435447503433488	1.4679101857960657	5.925251200260446
0.44541729449999834	28.4851350559296	13.64106304288753	0.4388163434146842	3.1214713528447575	6.075965394666879
0.37303221839031125	23.90323989194508	11.010670494115532	0.4512554376501508	1.5113353503940432	4.107334840384661
0.3648081757591334	17.612558767207457	11.713690855331736	0.4769567541538175	0.9191255699434208	4.273250192340013
0.2221686588567622	22.77748684846746	11.138947156042075	0.46956256689169623	3.9611847018121824	2.4747249507342133
0.19528454817313465	21.92349672735775	11.68986028383388	0.4677719426737257	3.637005815789817	2.282849083735571
0.24872892012968184	20.530834536935995	11.37424727496028	0.4499324067171088	3.5156911671150257	2.829104241988847
0.24982384925953213	20.03492338503175	11.46838092830948	0.43536995992247374	2.9610126556235303	2.865075068284881
0.28956935007274287	24.60426635576721	11.205371555572635	0.4261624652597066	2.6726038618637924	3.2447321586707676
0.26216248560411715	19.29439998644341	13.461217611484864	0.44650600987782024	2.9199356264096745	3.529026268284789
0.2153031426960625	21.14124397945952	13.811945148663618	0.41998131769135344	2.2630896054471847	2.973755197252911
0.2324370261447664	20.41062688747624	12.777720644716544	0.43168440286618937	1.3371597694471868	2.9700153875665007
0.16471540116889077	21.03168585327943	13.188700825345803	0.4412114757385669	0.8774170964324177	2.1723821473433147
0.26343769376704773	21.747534660079573	11.27702812340986	0.44056167836007337	0.9402199906159117	2.9707942813772314
0.19033497839738045	24.57461994485328	12.028078358367084	0.48553998790881325	1.2798110847054567	2.2893640345017983
0.2020084999503792	16.79238131346049	10.767457898342528	0.490665020567748	0.338014678880425	2.1751180183230368
0.2695233635695988	15.721220944416267	9.79086168103619	0.4895264768686793	1.3964978448887395	2.63886597251757
0.220533248802564	16.406951321591723	12.50396435886414	0.49752428386857384	1.8369614586702108	2.757539882971778
0.4482015689556912	16.720178295507598	11.92225819868292	0.49899580441468927	3.9804733391260494	5.343574830144537
0.4442171474469945	18.21884408773608	11.49795724484236	0.4987682659460499	3.8045982026127687	5.107589768771376
0.46081847744333054	18.7959194932882	11.175981431015968	0.4987158360539088	3.7723803232615936	5.150098746975713
0.4898358608445235	18.742649486197937	11.410118412280935	0.49887029285310686	3.685959218880463	5.58908517481758
0.46284859726791305	18.6586337771127	13.403347317797415	0.4988484313792004	2.391392969456601	6.203720504737179
0.44240817566906776	19.62452603345478	11.614028424830508	0.49808283573531775	3.7054372402173215	5.138141127597962
0.29293691848647846	19.645507712843514	12.348378541513767	0.49834303067573366	3.8260484467823463	3.6172959582555984
0.28785100386382595	20.146255748477408	11.264786954238154	0.4971352191962205	2.652576872622793	3.242580233089583
0.23118298851676303	16.09663310524177	12.015877433163062	0.497068495708149	3.9658666640904574	2.7778664546497684
0.19451431251589765	17.90976560490687	12.131709361865472	0.4944377088860792	3.5671120001594283	2.359791106165942
0.21533984140370088	17.976599720033168	11.854777878152406	0.4934430514522479	3.7682793947425615	2.552805988157441
0.39047796586673583	23.471800156854115	12.710697984565956	0.4909118127925156	1.6254758557102036	4.9632474937597335
0.49158894449004487	23.399960851898584	13.837162383289453	0.4877715629185834	0.6557401603014553	6.802196050738615
0.46173054045796574	28.873393352923117	13.067891424897963	0.48656545645073634	2.331482297344055	6.0338445702641526
0.45320895759112206	28.68208688524557	12.469678174007022	0.4847939699870869	1.7846259452039703	5.651369846738489
0.48694122621354474	28.166458836521198	12.015687224998816	0.4837288794024403	1.3456061797567063	5.850933471139348
0.4998528844511999	26.73678457053417	12.626808718900994	0.48744340493690014	1.4803829651581824	6.311546759556222
0.470093412991978	25.97574163682243	13.107338421593903	0.4898658045161602	0.6772468019141877	6.161673453847964
0.49817910052869574	24.80284052733236	12.27076163778234	0.4969820823482637	0.5148340414195645	6.113036995512431
0.4108637925785512	16.919977162843555	11.728192099030124	0.4969648716691192	3.8988986859384007	4.818689485897316
0.47610183002688505	17.58720570539062	11.971898354522809	0.4956240950681633	3.055169846092929	5.699842715484163
0.40853097516998826	15.423399581434197	11.736062225919499	0.4985051537642825	0.8112109909287539	4.794544945810556
0.3635049434412885	16.380643845392015	11.07734685562394	0.4987154092282712	2.7543642465213103	4.026670342233115
0.3376848940782281	18.688884181875466	12.832244762724464	0.49926156389379694	2.4606205130881524	4.333255213486508
0.25396093054242974	21.698111405911288	9.993223269170263	0.4986001876469052	2.456706687487749	2.537888280556742
0.32936261684738144	22.26172577420777	10.207712710160443	0.4985011646426311	3.5504978659434214	3.3620389702447198
0.37930305167288575	27.937174079587745	11.129150276433249	0.49616706177264064	3.67883407334918	4.221320662377272
0.3736795752267572	27.277308926257515	11.057638005603176	0.49538907281218125	3.419090049489317	4.132013472945041
0.3649868145943058	28.430588825202	9.402552841202114	0.4940133714862824	3.4184326922314145	3.4318078105649996
0.4110174412588097	25.729599533254817	10.951377135053175	0.49386299102031217	3.4089597771741067	4.501207008309789
0.4720581723594017	35.10857259113744	13.752938464796411	0.4906836973873214	2.1498370894139294	6.49218699626311
0.45779147196195874	34.97600615163262	13.765925244805919	0.49067483624374175	1.8964015072586564	6.3019231807379885
0.45187190170015706	32.25365540360242	13.979316580826806	0.48963862152949433	1.168658533709708	6.316860367846746
0.4963110496754196	32.5345267335312	13.699685698629295	0.48872274413518463	1.2060331478529769	6.79930538931004
0.4985047846016348	35.20033525110894	13.699196989634652	0.4856289521373989	1.8272508527885816	6.8291152445331855
0.4335648447485337	37.01373299199091	13.799673647603807	0.4875965793789857	2.0906611151581727	5.983053362603776
0.3554611381306141	37.761277144822394	13.570453383726692	0.4866933215379967	1.836658541741328	4.823768804727933
0.458921043436311	28.81102856941464	13.852823344658836	0.46941294612019246	3.7656222044470926	6.357352143869721
0.4590157890321319	28.09529056799117	13.321757502893655	0.46987072661104967	2.672722709655172	6.114897031485454
0.4110344409319608	20.559039484271096	8.207849577896082	0.44452948932028497	2.628510326387163	3.3737088625041465
0.3047686557406836	18.28728466079487	8.560101711565299	0.4248428156395538	3.020301202577511	2.608850691637281
0.16786369403068563	19.423964835944375	11.785340141912064	0.4495644479923199	0.27962598661095767	1.9783307316294838
0.26249849150556126	25.72842097398436	12.553713958772619	0.45417599264938585	0.18493364289978323	3.2953309769701202
0.4834769472710476	22.38164824814819	13.473768447619015	0.4580716348057699	0.15412501939431847	6.514256437291804
0.45797687293357286	22.779396824950588	13.501299235422326	0.4564333798936774	0.16532129571371706	6.1832828043791555
0.39849472245791695	24.407841270842592	12.287853208004872	0.37606950859066857	0.6238803554681571	4.896644653727526
0.1784882139321888	22.056585633188377	11.354187777410443	0.3896226023035324	0.33260538359295294	2.0265886970406783
0.21258225933762423	19.72378160739612	7.451946874989432	0.369303906482397	2.3389242228863143	1.584151703149202
0.23654508973513608	17.607601204887775	7.946168480169932	0.40274984792705687	0.6316891553220726	1.8796271361923065
0.26215525215245744	18.429403225593717	7.118929158969995	0.39180268841947696	1.8961916334477005	1.8662646687252609
0.3486131153071183	19.381991081318077	7.37239712164979	0.3690562106580676	2.554940731823515	2.5701143278595655
0.4820747047950935	19.73863639616642	9.363338195911023	0.3557207843749755	2.5162949451073287	4.51382849669043
0.45646343954571805	19.728404612250383	9.470061564263679	0.3486958995963351	3.5573219696667944	4.3227368743335015
0.47128593335964186	20.377541006849462	7.821655808186526	0.34209927320768346	3.458289984599116	3.686236357979051
0.49154169791310154	18.276354993447384	8.132092603887296	0.34922265008267905	2.126379422592645	3.9972626061013363
0.4878378261727063	20.439983230226964	7.885041117133746	0.3618086405470913	2.674910879939369	3.846621317864934
0.4886874129932984	21.35223367732016	8.203432135728915	0.3728267246961436	2.0940129508173886	4.008914028075452
0.45825519647858426	17.451863257225618	7.39843311286384	0.39094335169348415	1.7879924376441547	3.3903704197690825
0.39545551076265023	17.8570647401894	7.025987627652873	0.39454712782931833	3.1928315313656705	2.778465525905528
0.3748688110662948	18.086465409683264	7.963812585171936	0.3908657380794216	3.0983375134219275	2.9853849553581995
0.3806210829575759	17.716749627669284	7.678410616648307	0.3822033564996832	3.8428918119174167	2.922564964301627
0.26942209742735923	16.802364569994015	7.776349322416594	0.3946910988510925	2.8824231158870925	2.0951203447733024
0.20529246394908088	14.0953581591112	7.8605622688257855	0.37937325493587376	3.4806534755131926	1.6137141961924228
0.18653308173124672	15.850966197597351	8.929857420773532	0.4026506276954005	2.6270686468629676	1.6657138241175293
0.230271089911792	28.79216158532319	13.390703460295548	0.4372191311907164	0.1995848336993796	3.08349188048786
0.24061673550091767	17.059187480492636	9.447061884022926	0.419441883078598	0.496466868665446	2.2731211906087454
0.3438216585739246	24.026493323844065	10.216582089695295	0.4359268068763208	0.8839416701964125	3.512682199035689
0.4912120336807183	26.69152210087986	9.093445258188217	0.4716212304370968	0.5083126539086205	4.4668097384389185
0.46632091172016926	22.9814554344174	9.96134154133061	0.46738607584158526	0.14629207827906107	4.645181869509286
0.3688115108206353	18.881818588812216	7.887157814495744	0.47655396062392136	0.1214394313230116	2.908874589644955
0.2204335006490182	22.742912945921898	7.329537989115429	0.4670906518634615	0.7050437429052228	1.6156757170806795
0.21679745278324908	25.66433396652536	7.081817078574195	0.4690125379339227	0.45464892383246047	1.535319903711796
0.23422245172085285	24.313111368607977	7.699025961210211	0.4825325466283416	0.2073007533219401	1.8032847364971514
0.25985472902594925	33.185937243421606	11.660107213322211	0.4493447454203773	1.5613624093552765	3.0299340003313593
0.18087761432010496	16.88210318761963	9.322802328113188	0.32721655997444365	0.8918037557417323	1.6862862438870339
0.11863618796145683	21.353911256600437	12.240711825712152	0.3757550230599021	0.9170217711144021	1.4521913889372144
0.10094643772227015	19.45175100549262	13.633779766520016	0.41121213136842927	0.9020174829545523	1.3762815001201596
0.1001276499565296	19.235344045627247	13.982085062215564	0.41385908174775327	0.9796501705865066	1.3999933187719416
0.1573116415549487	21.60401587134844	13.905579661661609	0.3747758344470613	0.739275403240919	2.1875095633490957
0.20791290407505775	17.7452424548812	11.358133775746776	0.32691679064949986	0.43088048980589216	2.361502578188513
0.18827299400341857	17.335931087706367	11.44870979486782	0.3200892438468977	3.3584216025422795	2.1554828705560287
0.1785583585949	19.22760946797672	13.66249508888198	0.4053949410909191	0.6903220416114635	2.439552697381649
0.3630619852686747	16.320277295768523	12.78587535722467	0.45103344623254393	0.6787682558643484	4.642065290591814
0.3789574963198015	24.77446713323025	11.901973097134483	0.44711003922955533	2.719956471825248	4.510341926155718
0.3681733240301852	24.406654333603896	11.735969848322169	0.4355991081701965	3.7173913516021457	4.320871029774802
0.43173159220946405	24.63248569311483	11.604875425806767	0.4289457184716796	3.9362968276505175	5.010191344976038
0.4011286967790242	19.724233671893366	13.102844070603796	0.4257635460380317	0.6620230682179754	5.255926766140065
0.38413225023692	23.30889327584096	13.742585609295176	0.37428886551613266	2.4051689918472374	5.278970334172071
0.4380625014205456	20.31588384608137	11.981685281854912	0.36692293740396864	1.320480455227394	5.248727025803097
0.45636191785535146	20.793992220702265	11.813687050263548	0.35238016417914886	1.5951349162032604	5.391316879201202
0.3278197790721714	23.082533969986503	12.453160883273789	0.35256761439843326	2.4438304811565046	4.08239244950502
0.485465932603592	28.53529047603921	12.299851154884756	0.30754551102586547	3.851049784365256	5.971158711791496
0.46872216684005685	28.092333714830296	12.318093710702977	0.3086306910775371	3.8280942361142416	5.773763575419576
0.29124471910947725	23.16655638282122	12.65598628741171	0.306097626827515	1.977010191544612	3.6859891713306197
0.14814833021383253	19.246748567630128	9.393555300691393	0.3138899735393792	2.1304958856781093	1.3916395325687254
0.14912550175024222	18.79090487751927	8.710454338880654	0.31280636990996175	1.7074232056595267	1.2989508737581519
0.2826651139960284	17.933308366982143	9.462932320785242	0.3268446875346039	0.3496433788148265	2.674840843191462
0.3815513781100891	23.43401516091024	11.77165611361592	0.31187766838030767	1.593567956015627	4.49149161278821
0.36228096557018746	21.590067081597088	11.11037131615301	0.3207249375344938	0.8225414713083661	4.025076048259227
0.3666767072284655	27.531293041662796	8.497699320895233	0.30938703036561777	1.7709737913959012	3.1159084060034314
0.27757619708050607	27.553225548673645	7.640262019170257	0.3050801664223239	3.5482599631289413	2.1207548759799084
0.4076925641437312	23.882272465150503	7.0782590628760245	0.3059097416813481	3.136022512515688	2.88575358701753
0.11123708523341812	22.937536329462745	8.797692499820931	0.31038444246700686	1.893391231948964	0.9786296704599842
0.18059530561144893	20.64233238899241	7.817767277311293	0.30892649012948314	1.8308247020954496	1.411852070645218
0.23634623135460703	15.123506752597992	7.1348852460342815	0.30325328280257324	2.5253759471431074	1.6863032390477906
0.22259223234950168	15.13807359332347	8.02830467175534	0.304377307820904	1.2184025705602415	1.7870382588679543
0.4426097188447496	27.675525593960263	9.279345825973266	0.30349484999006754	0.4493846534231093	4.107128647097228
0.22749246124864167	23.36668053550104	10.548905373900896	0.30733314218195684	1.0152172936072217	2.3997964469877373
0.42181171075965074	24.951226209785652	8.874926717977742	0.3106408741235224	0.4636575223028043	3.7435480217767236
0.48756650398941126	28.513885082556957	8.803994052211987	0.3118639543988152	0.4268117641296378	4.292532601180569
0.4982779167172207	22.865763478005206	11.467760804517992	0.3441364014439711	0.27870106124999133	5.714131963086624
0.42220831512448903	20.25529520985057	12.575042600317927	0.3234248122491756	0.7897576704186787	5.309287548898905
0.3244431813165571	33.33300929859501	9.17026970491042	0.38053506368822554	0.145552973427707	2.9752314765919814
0.39552452032676033	31.89343128567084	8.910804781289452	0.4002139610129719	0.06250805813683508	3.5244417868449127
0.4052226417007506	29.12289015391353	10.479849506747213	0.36310934735525086	0.06010413711158045	4.246672301750414
0.34213733035004074	21.807064106973044	7.339471171104938	0.3199609758798082	0.4327281615784477	2.5111070726629303
0.4118306315955016	23.579227138566775	7.608810817067608	0.325646161830596	0.13730687171064263	3.1335413644836376
0.4019430292987108	21.57271429327284	8.9457844069914	0.3289534490181596	0.4485546469352741	3.5956956839992946
0.36765059223053453	18.71516593442296	8.175826481310953	0.3260461517188563	0.7110633589711748	3.0058474478280592
0.2724486158978878	25.763051342517723	10.295977103465612	0.3405890188754775	2.3098782800315667	2.80512471115555
0.2063381711403724	19.92511217779955	10.945788723281623	0.3224040409019924	3.4890610702597598	2.258534026850842
0.12558490904668415	21.592973832214785	9.486168335151604	0.3712614124162741	2.42696863662408	1.1913195875715494
0.3336503434386235	20.891269288090477	10.777360784179123	0.45608824895681727	0.8168995024213865	3.595870127003317
0.27082835351267553	18.49779906730978	9.982753414379136	0.42458105285014514	3.2282358483918085	2.7036126707393415
0.3521367883939773	20.81857025724077	10.473375622101235	0.40630101541975566	2.5647604761528395	3.688060855210503
0.3462040135024192	18.17141662280652	10.899544517581464	0.42272069941114976	0.8963057399317103	3.7734660573349923
0.431494100885372	24.28651321530638	8.283954692504272	0.418126698927157	2.1299032255966943	3.574477581817289
0.2902513604889704	27.58229560603376	7.021258452651505	0.3822086548781048	1.632219365569472	2.0379298182267824
0.3005505544924635	26.40527441464331	7.0104241559017755	0.3909979073212765	1.82935324568906	2.1069868672836387
0.32089939259223044	27.57608927848953	7.139600379422973	0.3969902127246339	1.9746478297307528	2.29109342510809
0.3722103440178477	24.62396571835773	7.374448574294661	0.4884396397712664	0.2546086731923517	2.7448460407801423
0.4779244865248526	21.960678472135832	7.657897371458032	0.47898566003393855	0.0594968868360112	3.659896669114098
0.3593532653315303	19.651516887425615	8.161598020412862	0.47956332522208256	0.07168837007249011	2.9328968989587154
0.37762963014910594	20.717375368788	7.205941385439373	0.4668212802651074	0.06664387433751356	2.7211769802596066
0.3199842872456547	19.15471264413461	7.032450721802608	0.45976717921756344	0.05322762901972444	2.2502737318061974
0.4097545954208856	15.679229316405182	7.137306992663523	0.39371512852762	0.22294646918365693	2.9245443391734995
0.30311021446110364	14.891637543104611	7.091625382676764	0.4405201050124129	0.6816504959164817	2.14954409062096
0.4185088178020112	17.18681921805743	8.31031470545644	0.48811905065652134	1.062024405393728	3.477939982943244
0.3708504140239639	17.0753440328578	7.72619577587319	0.4820647551970612	2.8241523866553178	2.865262902312774
0.31684663627989573	17.418068752059074	7.504967732770237	0.4850691171350874	1.1804827795639263	2.377923781517405
0.27481050135694035	25.233611677064253	10.058406698829092	0.45662935308727887	3.336344974875434	2.7641557877572303
0.2955118220568431	21.98141209919814	11.22498667916292	0.4067074102123401	3.275207530159213	3.317116266123227
0.3323146563771736	26.542149659388866	11.83068673390214	0.379926529685668	3.2063820323916707	3.9315105966826764
0.24704975991223	21.504465701412293	13.902187361215452	0.3618743322776405	1.2755607094202497	3.4345320498431158
0.2398984451776864	21.101596878939944	13.259006068884599	0.3624467979618298	0.8529552123125977	3.1808149405269233
0.3666017523413684	21.11086295768549	11.518734133914318	0.3239757966982194	0.2400021223566184	4.2227881182473235
0.4410948695146632	32.175472721555245	9.404703075309856	0.3057653976966231	0.9507491170041816	4.148366275827953
0.3125988168160214	26.258717321331023	9.501686830008698	0.30598950091146004	2.7144802829751447	2.970216060817092
0.34406037606972384	27.72689841932897	12.671029348000294	0.3187269641448084	1.5553873744314703	4.3595991226634885
0.2259697289835373	28.46942108995503	13.066548203202528	0.37875754422674474	1.4896968240845376	2.952644356228001
0.28919865421088475	27.889133153554983	9.814531343320535	0.3249379042544652	3.3476070170548935	2.8383492561988457
0.3956843842763507	21.352861609567853	12.21516462455808	0.3416594020739598	1.4781057707862673	4.8333498933025245
0.38037312697868536	27.79085329425427	12.120814349495207	0.31645484387368583	3.4504136306109823	4.610432055645612
0.46229509370664046	17.942571962682553	10.620999994797309	0.3623588969433309	1.7227166147149635	4.910036187853049
0.4622065941823123	18.79279241216829	10.992353403708538	0.3659311845572448	3.608285323329081	5.080738228776472
0.3810095991344647	16.787986547134143	11.808153746523857	0.34193339556507774	3.6201812752815288	4.499019925481182
0.3362946342589626	15.611136330239583	11.84151310490384	0.33834398012160516	3.002206628104065	3.9822373186863493
0.3686008827904509	19.02625983951362	12.130676998722103	0.3435117966935941	1.9372643709086617	4.4713782505747846
0.364519580319468	19.330246382871405	11.936650689601766	0.36659975153566726	2.6858695030137887	4.351142899793724
0.48155546975173913	18.748878609535133	12.394286574429236	0.3777330171550737	1.9021200262997993	5.968536493586944
0.3673249978084144	15.824478949281252	12.616097901420332	0.3610769552443843	2.9408946057520713	4.634208133989965
0.29706389987699766	14.17287726755349	11.212961917683115	0.3479863748246492	2.8131813263430705	3.3309661964392046
0.27681403552049166	15.606235951518707	10.520573633949288	0.3604903227064829	3.583302316543504	2.9122424436039864
0.21630078553614368	17.407021242244344	13.553870289666486	0.38643074547470263	3.682393227635067	2.9317127907098604
0.1902632997810512	16.38320851678444	12.280326252157163	0.38096308225551007	3.197004751296592	2.336495395123291
0.2033515276339864	19.168835349689378	13.72570642589075	0.3777942859834623	1.8427916727076112	2.7911433695605075
0.2554374257980741	20.11886666387957	13.589246154479154	0.38367208752161386	1.4134853372005887	3.4712020562365327
0.29381963581986814	20.981728554730207	13.72741840048632	0.3924942669867282	1.139945719048902	4.033385075177847
0.2991831191695672	20.73576921891601	13.927634002942357	0.3977038007528728	0.9738493913095168	4.166912983652419
0.4878080017759192	20.71360849086428	12.407684670345375	0.3326562566861894	1.6041470233193327	6.052567865706882
0.43357718095199527	19.699423143785303	13.092152221158075	0.31786660575947984	3.908676274779468	5.6764584526441215
0.43966921532261455	24.026482902307336	12.3592703477619	0.30720393276353514	3.027277885717909	5.4339906957605315
0.4940763096074225	23.552206396815997	13.041483675924596	0.30777676557532857	3.3408911651170223	6.443488126406267
0.4914647191078832	25.645516879448177	13.424001855247912	0.30752510093170743	3.9217200338754874	6.5974233010931185
0.4757155263333767	24.808466402443614	13.170444547871195	0.3073746098381241	3.226490558825457	6.265384960135098
0.4600297620248638	23.78434765856225	12.711660657569588	0.31037992084544047	0.9461060425823024	5.847742227242561
0.49707740586963906	23.42116654426887	12.472004247931759	0.3135468636093228	0.9335773448525632	6.199551517557037
0.42161535345299855	24.377808765152945	13.16513480884264	0.3158070394717855	2.338616916192587	5.550622965686564
0.3106989525672171	23.355747852668674	12.412662106676148	0.4031487114629899	0.5836995004961	3.8566011151150654
0.49616253785476505	30.637921026805383	10.483427910876435	0.41845160158040656	3.248840720134733	5.20148419767793
0.4990689209986566	29.85291100728505	9.860050492692537	0.42465152167786224	3.906962961856556	4.920844760380336
0.4990689209986566	29.85291100728505	9.860050492692537	0.42465152167786224	3.906962961856556	4.920844760380336
0.307585246232018	27.039985622563663	10.172034106586077	0.426933686683206	0.6979859463263377	3.1287676153547634
0.23587100707306968	29.95954109266328	7.773152629473017	0.3840813448978357	0.34284564986067795	1.8334613388464802
0.18062094424793576	22.319979255383434	7.82382740862505	0.35017877293214245	0.850485277562054	1.413147094178737
0.13292876277113988	19.50808134376353	7.687513091624088	0.41010448692567336	2.459030309410516	1.0218916040565305
0.16247024621385284	19.839751085100502	7.6517677548034415	0.39348886165837993	1.5034665412905572	1.243184591094135
0.27951484587532094	21.04982496393708	13.640302953784612	0.4222184001022363	1.819784935685474	3.8126671778197907
0.30268451299885435	18.98964001904988	13.165783177040348	0.4096465689516836	1.1386859674950431	3.985078669190967
0.22847116314438476	27.81668871210547	13.279788766215637	0.4120063151268957	1.989516007270278	3.034048785729021
0.33940969506619234	28.941627661905162	12.833925733641102	0.4293600584055472	0.68441598071207	4.355958819757285
0.2946907001270237	20.724426734308366	10.48295979799012	0.423173793484376	1.5491696950323293	3.0892307622731514
0.3829215165871072	28.58943000849285	13.477484781009691	0.3928748264887656	0.5760097804586034	5.160818912123887
0.32595188006754344	24.11613939646193	12.686142508513552	0.4308122377761805	0.790261404575477	4.135072001454774
0.38057264045575606	27.923851064162577	11.832326945288967	0.44864247721240474	1.7093858985616384	4.5030599083044125
0.450196783927596	27.67473977721193	12.04962316684262	0.4255211399526551	2.9357877197522866	5.424701597252002
0.370317598705796	24.173660532430368	10.167562119855104	0.3806784153283205	1.7941514979888031	3.765227188916755
0.44618629804072135	19.10739597994291	11.017592852215328	0.39052399797270576	0.8301488308606562	4.91589896804987
0.42610841790395687	26.34034391558063	13.495481359196544	0.3879081298153542	0.6630022120264197	5.750538210819581
0.41156693716084686	28.30521079770267	12.437470545909663	0.3454106962410496	3.219892344214803	5.118851658608286
0.31886096608600084	29.048755996034085	13.368915593858295	0.3497008198790024	2.743948914677534	4.262825341779858
0.32835895227130174	26.823844475927416	11.918590526170286	0.3384203166070764	3.970120595321368	3.913575897723938
0.4693772374301636	26.30940010252313	11.259661882072413	0.33921486900308595	0.6280316729650863	5.285028988604865
0.4991019764517113	25.645957996806867	11.717763006560752	0.32876832036715	0.4979605832143452	5.8483586761672175
0.4881662817064844	26.00186724460081	11.66632346519776	0.33125433871824705	0.7046972735512916	5.6951057471906985
0.4224989590844707	24.25525948696092	12.721025814328547	0.3399430991626236	1.084674488103485	5.374620165040493
0.47424866820137346	18.559253462827527	11.528783225958515	0.3676428562048933	0.20666686899362263	5.4675100908931595
0.28403782368983727	22.17678754464037	7.775229166980441	0.3199070074054341	0.7838869249930924	2.208459171278871
0.42552548246778327	24.095240327679992	9.736109463195417	0.3071170529797448	0.9516957465245905	4.14296267668538
0.47410176460050274	22.71894406604733	8.077358299906276	0.3071664259324845	0.3041313328950118	3.829489823296082
0.3360916559356332	22.547917375204392	7.646863832356956	0.3062560884861162	0.335323971607606	2.570047128131152
0.4989964950732847	17.536991157981277	8.776572245204848	0.32783521982226493	0.2597545071773088	4.379478789114688
0.4877767858620024	18.84425557555096	10.16652037401305	0.31350336858969374	0.22351976628670808	4.958992631436648
0.49269337321695567	19.469570869130656	9.707551173345944	0.3149057731620753	0.24831057703385612	4.782846133272029
0.3576223857638242	16.940639066450363	13.029591360162687	0.373225696192236	0.26264470153015257	4.659673547749091
0.4135386845402644	19.549324402513648	10.367310374960969	0.37182500620578	0.22798234270365736	4.287283894681994
0.42187050374270046	20.12958606392167	7.771596577979901	0.35053292379944134	0.1901959666874432	3.2786073632374277
0.28256328809430054	16.724284023402326	7.4515885103388655	0.3580171891918976	0.5875107017781285	2.1055453510070605
0.271156617305588	14.70040635682012	9.875236470861124	0.370094455691428	0.7737180194077774	2.677735716531475
0.20152456837668536	16.05010645343181	10.588099022293935	0.4556982130266019	3.053394852230446	2.1337620853973895
0.29071838057872784	15.728182463510779	10.338041020033144	0.4362112047706629	3.4830464926101903	3.0054585437004953
0.25873058728556114	18.192089116122965	10.175505751637463	0.43377425056818886	1.987750576497276	2.632714579048766
0.33809625501033164	23.062771374299444	11.827827365446016	0.42461618088900466	0.8187909136434478	3.9989441371660153
0.2464104364543057	26.581426232874428	11.709990437395902	0.4846840150532991	1.8729535166286633	2.88546385455447
0.20793747369815	32.207281769275845	12.741257304017548	0.4901203789487463	3.024975185701546	2.6493848555355104
0.21056707589501847	24.443148022432595	9.874767453470993	0.4882594444454253	2.801353603467414	2.0793009078206848
0.18297117201704197	21.439636417875725	8.578141977733859	0.4266476529628299	1.8299515311376184	1.5695526913945506
0.20709331167420397	31.338861678668486	8.058275599330422	0.3818797682454007	1.9358875359066203	1.668814980248768
0.39454383075204097	22.297973126065617	8.09520698635646	0.42660179266779413	2.5121326112178566	3.193913975127763
0.4885734469214909	20.67962929532589	9.323351801461401	0.4580162858914216	1.592289690979397	4.555142126501688
0.44636640695193286	18.88771055783496	10.2426676978765	0.45035568512498897	2.7178012057423	4.571982777903759
0.45340695062022046	17.622026481075086	11.485279515850984	0.47090700772976496	1.571988110228809	5.2075055623028765
0.48381379928662366	17.00123836353722	11.624286625071107	0.4681815721655246	1.7552408961361523	5.623990276072337
0.3971477810170034	18.112865908014008	11.968522687188166	0.4494816450410806	3.831650786653576	4.753272227268442
0.40099739816420177	18.16066420213407	12.988456206963303	0.45305863787349154	3.031699171547473	5.208337145161962
0.34786564996008046	18.67360452955648	13.456425115603368	0.4411674702413317	3.3413135738124864	4.681028068978517
0.3849020662289648	18.40465834398844	12.590650019888312	0.4148721371031165	2.8530036667154626	4.846167207820768
0.3615311513583221	17.719642832564578	12.338365921860188	0.4269545185120263	3.4274088760343004	4.460703637610399
0.31823231029178767	16.879225300886574	13.726786618608328	0.4247663842815273	2.7840539726122167	4.368307018522124
0.2674917253246479	16.3456786325934	13.169675381482351	0.4241666263548617	2.802858572399584	3.5227791897582543
0.19848857901410333	16.34311617949934	13.050343328904546	0.4303280553614816	2.1650819995967248	2.5903441030004464
0.25441478019052666	19.012778747007697	13.912896330555837	0.44552161465255535	1.5986302754190846	3.539646461751948
0.20434537565063915	25.767581731215977	12.796540112589875	0.32686829393777966	3.988282610088519	2.6149137963356504
0.16968737674995257	23.95085021300036	11.196417549260667	0.3457276651970496	3.570940854409588	1.8998907229311754
0.24135944105099633	27.97553114431444	9.248558480861984	0.34909572869676786	1.5812009489284684	2.2322269054683
0.22913443422357888	25.630035885157717	8.247772455961849	0.35406580291466905	0.3204693974605643	1.889848675301636
0.28355161307113225	15.9270293745319	8.943588122272995	0.33366533990386105	0.8499888456169614	2.5359688387143264
0.22747224156448803	19.222267450411078	13.040149582800378	0.4908892558238636	2.5493642161290766	2.9662720559358253
0.27939768586626285	16.869984745286494	13.681423555335	0.4950111879627584	2.3775344585073324	3.822558080716777
0.14961110209365883	25.610676409159808	10.015191087773347	0.4843204636770936	2.8110058739648838	1.4983837763203602
0.13407829210534555	25.14198091165808	9.736777131125514	0.4818363593836365	3.5123078094783624	1.3054904483516951
0.13018764778779815	24.753712982989622	9.49104302811146	0.4805698589211104	3.1211292054693285	1.2356165668826118
0.10877270594414191	19.07598719798993	8.0227713662454	0.4841876471012848	0.8126844284262371	0.8726585506776926
0.10205039166263905	18.53223782839903	8.737994266212278	0.4906253483787617	1.1675144048508388	0.8917157372128572
0.10220697757450228	18.853736798807287	8.705615050666081	0.4911799648688552	1.163539335581063	0.8897746022556777
0.1796833054926769	15.331785941673663	8.599225248308851	0.4822292263395848	1.6054738539387559	1.5451372172922195
0.1293476096780037	22.78280003566972	7.600422472905153	0.4755845906995668	2.800505524053118	0.9830964794132635
0.13406145721707152	23.18820699150811	7.316700043459181	0.4654065874251812	3.351417081329453	0.9808874698463483
0.2200354269364354	30.121236937735045	7.172310558554395	0.4496969427729376	3.621253691162516	1.5781624158722198
0.272126669610897	31.634424326306707	9.703612815523897	0.40470936307139616	0.6552694508094761	2.6406118386821373
0.2990721673956402	18.381057147170715	12.679514144609861	0.3996848400819864	0.18910142269869604	3.7920897767521478
0.2107184324616844	17.794468239490246	8.534724774524006	0.3605008046105651	0.553726476385011	1.7984238259796015
0.1647091719075131	14.86384489773856	8.935111438803894	0.31648686954635263	0.7345810296918684	1.4716948059867374
0.1793289779253595	21.604520628685968	13.45876315471742	0.4583686913277344	0.3057139407258111	2.4135462406749624
0.13504896297524846	24.395476591425243	11.843492918962086	0.4521244294874869	1.290843057584072	1.5994514367105281
0.12669846428117823	22.510887343076323	12.002199087272668	0.44457239381999086	1.4681744917548347	1.520660192354406
0.11473611501209668	22.19923914798791	11.74881617814374	0.414924521980042	1.7460340287281808	1.3480135242714824
0.1404789139134101	22.16145543364969	12.845720337218683	0.42031951996201367	2.7550069667471764	1.8045528414078849
0.16477201150267357	21.722154349798885	11.784411047216356	0.4161657284191748	3.106489948182505	1.9417411126241668
0.22597072976607885	20.492402301723352	11.601961960480335	0.40547413197174825	1.5053480345161574	2.621703810928028
0.19218335856616053	22.887090467294968	13.540849970014472	0.3546984262391312	2.4016621532256943	2.6023260250778755
0.2158257328986876	19.630095839672048	13.56050715600007	0.3564359767269499	3.370757788421105	2.9267063954216126
0.30230575470438076	17.481176064959012	9.396668742457267	0.3663171050282458	1.0792759853351828	2.8406670358956085
0.28020746104044164	20.95203193330572	11.33997596557118	0.4354967926727217	0.5224868115371485	3.1775458735723308
0.35660772904221166	24.549197103381864	10.993937471771792	0.4095801011120944	3.08495985696046	3.9205230750406126
0.28139421220855554	21.82431906376314	7.798111510161559	0.33477436088864376	3.536903441861488	2.194343445116381
0.36905367118431526	23.680804726227034	11.056754955898532	0.3763409824105998	0.6514790834163071	4.080536007859725
0.41696767101334087	27.28551536718249	11.59922337149888	0.33043724667573726	1.2885965800303252	4.836501154777399
0.405346316294223	25.51918912586868	13.999381532985604	0.32696284879762144	1.270384577290031	5.674597734793087
0.27991076511555085	23.730306435172928	13.417527834745089	0.31874041703275147	1.7869795544096174	3.7557104821826983
0.25116626522777485	39.40639297453558	13.184467998807664	0.3232068221289805	2.2445678227580066	3.3114935862756356
0.4514873538786464	25.83733175508013	9.892113113169069	0.3526368168752859	2.610519713290964	4.466163973732962
0.46419441171192993	19.86555971020421	10.60013029761562	0.3513140222600418	1.7854857832062454	4.920521247571487
0.48371608394874815	20.078058386081334	10.649861364128592	0.3715899938089619	1.6225854327018054	5.151509233653355
0.41292227188577496	20.428165041922	9.395086134478817	0.34535816598919794	3.425056054634786	3.8794403112115363
0.36871536088362894	21.636146252631494	9.825133692944814	0.353226855916248	1.891477415578036	3.622677715324049
0.19779196083701672	22.78742985422543	11.1229046602454	0.4025731484495594	0.5843861780990217	2.200021122953129
0.3486009907467561	17.835245152216693	11.341814735293788	0.38503479254802336	1.6024640340191785	3.953767853589572
0.4137520498935301	17.600168827160022	13.940498075693048	0.390530665165736	3.6059540415495768	5.76790965535481
0.4724156026326327	18.910324705381395	12.661189533243636	0.39104906749143087	2.304491663315249	5.981343483393274
0.48529809130618873	20.45648862551309	13.716375744405575	0.4011858554016399	2.7056795844511967	6.656530968398529
0.47995959430753526	21.57846603396044	11.613413249751767	0.39377607708118045	3.2699828289327164	5.573969111876613
0.3904735103754138	22.55672798366072	11.867165915570997	0.4050183559780636	3.2810738979221465	4.633813933260468
0.43431838451476334	27.488841935366324	12.082987352783404	0.3501386119904336	3.300125049286696	5.247863547173205
0.41144082854445274	24.984858815692313	11.988140702479392	0.3517550411763577	2.6667468556374057	4.932410543335599
0.3121149978994834	22.168520517360868	11.688675067632015	0.3609907749267496	2.9526057093585667	3.6482107941817103
0.32617779122058527	26.478612426265425	12.214874468703984	0.35132082445007534	1.1938808358341526	3.9842207742385853
0.2903689021062815	23.127864660431445	12.916298064406032	0.3329461722636865	0.7853963563791699	3.7504912882390684
0.16144485379107895	27.81938608612092	13.856150554803392	0.3245161747976982	1.4175975011684063	2.2370042004274113
0.1587617836439405	26.609902704330807	13.75063518670018	0.3200485473579185	1.320469650335217	2.1830753684776494
0.2629230189925764	25.033555692446896	11.644532372668088	0.31967303163543004	1.5997745791727747	3.0616156061786826
0.25639113606952574	21.86546564064969	10.42919138340584	0.3108387185389774	3.308984611358174	2.673952227077932
0.44531310812527936	17.90698382975215	11.045476244978648	0.3367601592353394	1.3623141727758563	4.918695357375381
0.4688948481940657	19.48675747461821	8.713794432244256	0.33187551233362383	0.5881575322151227	4.085853317501465
0.26913827270435403	14.928284324225302	13.015610896734833	0.33225915903467906	0.4516790647198296	3.5029990349391813
0.2102169996486104	19.51888477740735	13.872048105130196	0.3247697982262027	0.7953135927671552	2.9161403316416608
0.23245553568614005	17.565745731895625	13.873551404853552	0.3261702768733435	0.3020513076818431	3.2249838236844335
0.32915249121422285	20.506381429554228	13.491549007519385	0.3223984211807771	0.16872613780891452	4.4407769661637815
0.2634565934041014	17.894632442226964	13.395198936783771	0.3271651414729329	0.10339003071945709	3.529053479855293
0.225031846336176	25.991678978046213	13.71202310421439	0.3201003170239314	0.8077621780475456	3.085641876145668
0.21958909309707617	15.3211931360171	12.17667309541748	0.35614222059924283	0.46826697749667806	2.6738646019622916
0.2590536394992002	19.45510850983488	11.56727427225604	0.3365717259506032	0.7479288046227216	2.996544499313389
0.23203773241962564	18.502276811950757	8.776057616770156	0.3334561248007667	3.7825350153942914	2.036376508979331
0.2712642395287815	16.604180923155543	10.626255871910711	0.38342899221802296	1.1053336941285807	2.882523218132108
0.36587489553092606	13.699827484803395	9.309288567426218	0.3998351476472128	0.859004705509552	3.406034982074312
0.40608965036216815	17.16703538099457	11.87100844781428	0.4685703073892252	0.4996055056025673	4.820693670019245
0.4694043063129674	27.436704897746772	11.300379216004819	0.40709048859353814	1.8219384538106151	5.304446666962217
0.4087350579307285	26.64634043665893	10.196103243634623	0.40528480027219954	2.832892940049519	4.167504849954686
0.3777701176019876	25.948051596272368	9.702262890267331	0.4162459714597031	2.3968515838352764	3.6652249930616896
0.313099071111636	30.52134992484119	11.351188764148528	0.3368508552117284	3.104015975222106	3.5540466580677434
0.386969597304844	34.885048282185906	11.320894629352155	0.330490621690826	1.7683149167683725	4.380842035850974
0.41664314061942154	31.957127861308567	11.312957355443645	0.3285871438380793	1.2539072280567425	4.713466082265626
0.35521229766667006	27.340324151311968	9.696385124222962	0.30752243524336353	1.9566201111504928	3.444275239036158
0.39713552789461337	21.619125573519614	8.489893742601572	0.30596910386596454	2.519587931415824	3.37163843323725
0.4929070043088897	23.77138217593896	8.382176456492054	0.3122072945519999	1.5873486960661387	4.131633486758003
0.4023948739937631	31.10414722378391	8.241408644079034	0.30378161822521726	2.0933953227310997	3.316300592865293
0.4834171297849335	29.473805257266974	8.467484123532126	0.3039082117253276	2.0998904154139755	4.093326871497394
0.40663227851352374	26.697767318473087	8.020728712123134	0.3058183487865347	1.1979214410256795	3.2614871915494708
0.3087543771992984	25.908631015607863	7.484363189248355	0.30565873863858206	2.795128818861044	2.3108298952297304
0.31507590834716126	22.10327555080911	7.291970029572286	0.3123554397343287	2.2219650320924695	2.297524080707764
0.4880609135762519	25.724781456334185	10.454970818441396	0.36074009986233946	3.3184280177492544	5.102662609061562
0.4556661860779455	27.031102788376536	10.578486450217856	0.34256714679902034	3.1713237095222966	4.820258575247995
0.4520137288385609	24.30319658138868	10.438477160355252	0.32045601943492413	2.459328739217969	4.71833498464833
0.20629921342443333	23.628052432538208	7.922475846992912	0.44451541025429225	1.5975453269923	1.634400535608709
0.3773992453841868	19.980642025554175	8.461450904286934	0.37781506057096687	2.839569370155464	3.193345186133234
0.324218864431402	19.116378281190727	8.208670152166686	0.45450517058006606	1.0277963468517612	2.661405715227427
0.4598842218236629	24.633782916560612	7.612826746051565	0.3854763000333016	1.7575538903738543	3.5010189039862913
0.39819089351274106	23.807651809511754	7.364287351379111	0.39153637745682834	0.7828891609988893	2.9323921605302252
0.36121782003986047	25.136446017315695	9.717757060113463	0.41138637007995144	2.791224227103063	3.5102270209311484
0.34668254256089426	22.558019014748897	7.9968746300785805	0.3909045435250535	3.810415653611271	2.772376829296353
0.3222268821852122	22.54323313271445	8.116808492741937	0.3848791319368832	3.4771327612988587	2.615453893910686
0.28717255155360694	25.030125325110642	7.699923533802304	0.3855908973489492	0.7151267122410712	2.2112066879696735
0.44090216184520536	29.413565340087143	7.180339390380225	0.317425620254327	0.674948885087243	3.165827160000925
0.2784167623403144	21.338704801739873	8.802843051940217	0.4036731301040345	1.563158934934478	2.4508590619111277
0.2504872418275661	21.48213311990328	9.889758202249457	0.3823971917041842	3.5923713783368183	2.477258254423015
0.33158629254089084	22.25856700035642	9.86040850655091	0.3856952604940061	2.0993775152283702	3.269576299625878
0.20011704305551847	24.047561923174456	10.624121486219115	0.4289690262799269	2.8774329635320672	2.1260677768847698
0.4064364332727171	21.584057708408704	13.124240851608404	0.3812696535718244	0.6957452813507624	5.334169641139807
0.44950715919641937	22.45672746729059	13.872750766015397	0.3630005354299829	1.2174453391906939	6.2359007870715315
0.33698193818238936	23.741515851901543	13.830025951928084	0.35047992016715335	1.1695601935455355	4.66046895039347
0.33325729184769703	23.493175413179262	13.814374579663424	0.36253726647635137	0.8691693075866586	4.603741060988301
0.3303371521532186	23.592354726176367	13.384454499059869	0.3914414399848804	0.737917463773286	4.421382582343772
0.3053513429254024	18.303187493144748	11.620385648902888	0.37852110202509065	0.1646860039988286	3.54830036320357
0.14740503842108413	20.04540569480092	12.896351014147672	0.3966285054529228	0.1845173960831895	1.900987116732225
0.2900025343296433	20.740466519078815	10.528357064804291	0.4855535347026422	0.9658217913930915	3.053250231120649
0.4940111462383397	15.281174653163328	9.857587732511687	0.3769203026104797	1.991612575171149	4.8697582148830945
0.40890965495397447	14.623907294781894	10.63785083893426	0.3393357625285878	2.1721911036517807	4.349919916000456
0.46177599016265297	13.732743317468344	7.635305493012365	0.39428110534691063	2.579865106342372	3.525800754230128
0.400507109667978	15.376584007056396	7.419044600480659	0.406759167780415	2.4517711603213215	2.9713801094363275
0.3807300520663269	18.961841348619995	9.74803623825699	0.3888880687601849	1.3345885560101307	3.711370344536025
0.4650687582203249	19.257273943799095	10.455190853665515	0.3315511939772728	2.551206099274907	4.86238262727072
0.4288401937194866	22.746569607054234	10.657245363749137	0.37865280134769025	2.4175930392779748	4.57025516630628
0.39975484966201347	25.98457437610049	11.203970445747542	0.3904195376502788	3.464241154151139	4.478841521157451
0.3986324642017164	24.72988149073464	11.979053688514874	0.37400028698763055	3.3592788060513774	4.775239690657344
0.43481006485871143	26.357691719877245	12.247569066900851	0.3311283971546477	3.532508055186825	5.325366300340707
0.3087642965000833	27.269340722218896	11.91877817697112	0.3274788020596815	3.7050644835973374	3.6800931589530332
0.2762224541460308	26.557488914493604	11.23831762142705	0.3198937791271727	3.641253359865473	3.1042756738631634
0.35762674587006177	18.606271063431155	12.0283502159194	0.35067296978255424	3.4022568731401166	4.3016597459047095
0.3074822048782299	17.036347145834647	8.951166886933745	0.39130700728878415	2.9354587784972814	2.7523245306273894
0.24408330698719613	17.76865054585786	8.814517805825378	0.4392636453106991	2.2556155783122476	2.1514766555433824
0.16893995850175253	22.91304314684379	8.537281627696979	0.45335706081490007	2.039953350596433	1.4422880039009018
0.17426185042920184	23.273488277257332	9.067186718330696	0.41805786033899767	3.579650404747584	1.5800647357233892
0.1588685762702013	24.572043233675704	8.409929769672265	0.4064438637377801	3.7191159581700326	1.3360735690402146
0.15899399711763576	22.734457025810904	8.686841063303545	0.4003342570105158	2.927229431936542	1.3811555829802438
0.20087594648573817	19.592996722741088	8.064096064355414	0.39158788302411907	0.8813779522974657	1.61988292947931
0.21281604215599645	19.29251752481448	7.758504337771411	0.4247732832876589	0.8379286171872719	1.651134186214642
0.21729896329862833	24.451325974601964	8.71639485298832	0.4345442154814304	0.9403204515867118	1.8940635652558617
0.2919981254492901	28.5023814432196	11.288672914742214	0.36442226261902233	1.0428836305658584	3.2962713299149007
0.43104816961908815	15.840138205380404	11.679702971717083	0.42378274116253994	1.5434671140656326	5.034514587653273
0.48450105508570496	15.805490060287179	9.833141297511917	0.461435164196537	1.9671744587014433	4.764167333451342
0.47365777703178946	16.77857236269557	8.949691472472075	0.47753322128059617	0.8760705847744698	4.239090967971486
0.23743553981078647	29.059508166802274	11.250050221440825	0.4951230497272463	2.148746900367936	2.67116174722626
0.24742312642719225	32.86312168671463	11.9408273539993	0.47960571868592605	2.142678253748892	2.954436836053844
0.23607137531023417	29.86558565804519	10.293161743521813	0.49029460344025577	3.422522118170276	2.429920849083882
0.27127960577614246	30.265775619940477	10.955762696463342	0.4869496424100673	3.851442611126832	2.972074985273543
0.2638534177216132	31.356308745086103	9.410262652257696	0.4849531181979016	3.839878065848028	2.4829299624562458
0.24671912071323096	28.73831238233432	9.00505684031467	0.48638965262195366	2.5295410206887694	2.2217197056151012
0.21297409128378664	24.6757061694503	8.55840707678979	0.4978761268636832	2.476145899304601	1.8227189700160342
0.19516533924182017	18.49334736674756	12.702887119768736	0.3949781411700111	0.703526904602459	2.4791632740802134
0.3748840850805557	24.51291598478189	12.286262498149052	0.3746849188349553	0.972728833597572	4.6059242756781495
0.2696579046291775	28.33301270568109	12.620167011538342	0.33649433635321463	1.5313797673973972	3.403127792401698
0.22924626069495663	39.78993030223933	13.729456197739067	0.3751738416436418	3.1858845664356057	3.147426494706878
0.2192891904875675	39.189296193950575	13.152745229543864	0.3683680510883125	2.768485803211476	2.8842548540758894
0.20414124396490607	22.709475303114832	11.459309130335196	0.3026119920062644	0.9520958457339292	2.339317620845033
0.26152793845129574	17.540224099328892	10.476150970439958	0.41846476804348554	0.2981327539305223	2.7398061662037034
0.19468391449533445	17.247247200698997	10.411036137986349	0.44313114757286654	0.4964604076132485	2.0268612692955714
0.2396759354727716	19.942441197515027	10.35445524446976	0.4491303704863856	2.935496326955339	2.481713747029236
0.2306672654089668	21.51894032067044	9.991247449671928	0.45928541650154736	3.726843182436249	2.304653727240137
0.18025310106714187	17.366337766254787	11.557929941118289	0.47642399748217445	1.500242681090564	2.08335271380334
0.3197530473578501	13.126181597993112	12.405783284234637	0.3415009795575912	0.658017083238372	3.966787009995103
0.20734792440095373	14.527073373452648	10.915731415428109	0.4898322416743787	0.5707486482655225	2.263354252307303
0.21814631446060345	12.729753483302751	11.352232906105815	0.4762819285263896	0.5103422855388765	2.4764477693653695
0.31251984898694374	11.113308897112415	13.057850441205876	0.4429131090846149	1.2969818077375979	4.080837447979757
0.39200202238829895	11.702676824009984	13.390877841400362	0.36800592173131624	3.0765197317024966	5.249251195383601
0.39814884201046336	13.210334049261576	12.367459942706656	0.3912617780977886	2.507720138615926	4.924089854799447
0.4545614903924677	13.970765709791898	13.542928806550764	0.34359900486688777	2.0297253146831316	6.156093902584799
0.4660948977820957	14.388650136741608	12.706244832163508	0.38900279885827105	3.0491022487059114	5.922315886241532
0.37873968017552906	13.290178755350048	12.211680922493628	0.45900887982699784	3.1981309337061727	4.625048126990846
0.4565950913266473	12.53326531038423	13.252510644521085	0.44995323112816726	2.7171582839946615	6.05103130804247
0.3325123290681783	15.558860412665155	9.613726587190579	0.48619730075454415	2.9803572881512137	3.1966826185314083
0.4322674249352309	16.16649265948496	10.107777539161184	0.4718657731094304	3.391514924952413	4.36926296867137
0.32227969390584493	21.15872655539025	8.127030736464926	0.48637563798286537	3.571793494320312	2.6191769781113097
0.4810810220278624	19.67076006247349	10.956848280738775	0.31852460313327213	3.130397490094478	5.271131769102037
0.4403458303269423	19.13307781635473	10.694273854857896	0.3196948666661912	3.0016646378740734	4.70917890036111
0.23945831688548028	18.99370862147647	10.003954173765162	0.340048644027637	2.596366913122526	2.395530028649281
0.14340291604886626	19.47295155286763	10.34075326181608	0.3668973048555522	3.239828093868091	1.4828941718862512
0.1412655327132314	21.499275816140475	8.8668240375472	0.4490221207952956	2.759684347169866	1.2525766211385905
0.1729072498185987	20.57605884126044	10.562991255928134	0.3991299771355583	0.42230103687693726	1.8264177679204394
0.3250621198879689	23.47879593192639	12.096360109197974	0.30558271468687503	0.12597510221112737	3.932068460024156
0.27433058177718217	23.69550328490009	13.62958011496948	0.3114293030457351	0.31090701494652606	3.739010642318291
0.2410702806001961	15.201437495309868	13.2819918005531	0.3914327106688861	1.6901602062266379	3.20189349028884
0.21233596268006472	16.040233534348516	13.10708251556618	0.35755794838637533	3.289363720567887	2.783104983869789
0.17122079502884904	17.98312772091385	10.464503691444566	0.4609800040842454	1.7790578809775814	1.7917406416314643
0.30229047757219774	17.497713126067868	11.22434326763453	0.4202860718779485	1.499862970272948	3.393012086807525
0.2750704207387499	19.05602816877754	8.600518270856739	0.3916416775345049	1.6169250150396075	2.365748179335869
0.29878427805749164	16.303232431251068	12.858355544620183	0.36094650756852126	3.0787899332823456	3.8418744784058863
0.23535197602487648	18.331934667959736	13.182929192960875	0.3805218699181033	3.467521512691997	3.1026284353593723
0.3029888972864877	23.050109873828617	10.363763547841303	0.3183874154123395	2.826635360138494	3.140105289098334
0.2620939277663947	24.56177478284565	10.287518495699924	0.3405518217888948	3.6117221311275056	2.696296129507425
0.2179448002839691	20.361792777260153	11.18597021413041	0.47278593455037615	0.8698408925659805	2.4379240443010795
0.30732777378293774	25.97466921028189	10.489219004090083	0.49269268645036474	0.7253969652200916	3.2236283252486886
0.4200020763767679	19.92537800058836	8.129281563906268	0.4701454463912776	0.144258911123729	3.4143151362920117
0.46371786163177664	18.63256716167161	8.431716056595162	0.460408479287247	0.07618299932869287	3.9099373396506247
0.3723191252767916	19.7061814665454	7.910021990759622	0.4623892408639408	0.071088054857703	2.9450524685198083
0.49079800474677127	21.167378553789728	7.401603062541321	0.4806396726294912	0.1174376776873393	3.632692015022872
0.48388527289718175	20.67019525739488	7.09247073766192	0.4606049230394388	0.14412550291914192	3.431942138408814
0.1989542423863649	28.432333908837677	12.600086673504151	0.34450068559842584	0.4456160798811316	2.506840698129551
0.1910014245500873	29.832664971965205	11.516574230151567	0.33381037811233755	0.8667081687234572	2.1996820838957745
0.20470025009181328	21.78366456557631	10.536574774553868	0.3088662011976687	2.847827514850495	2.156839491462268
0.24785794346271692	18.054500809553776	12.553886530125276	0.305313863493982	1.205211402804308	3.111580497821154
0.2667748419644891	21.992573231177943	13.225618914544048	0.35914849681105515	0.8667776847806224	3.5282623958100463
0.27862503639040404	22.047108205888488	11.6117915236135	0.35455837331681167	0.4060483534852853	3.2353358358245963
0.35357147653501014	22.02735015298094	13.261322225181718	0.43245604484863776	0.9889072327302765	4.688825279964046
0.3668085513356882	20.005464435938208	13.609995666416259	0.4774232167513676	1.6251290440064696	4.992262794083142
0.4285743301292177	18.535755002142423	13.60911996394122	0.48225396185258657	1.1334494235544803	5.832519472194272
0.1773480340016966	19.744298145421183	12.631551455471776	0.4688534084020215	0.5038931510607817	2.240180817019189
0.22024710131703176	26.384046895643543	13.261587118320204	0.49518384144825345	0.6985015310220477	2.920826121673313
0.17324732223154393	22.879581801812435	12.925716213723792	0.410302673328739	0.18554089264208587	2.239345721952498
0.40557418207226886	20.374599620955568	12.547143913874827	0.4693750095958469	0.35719422950256213	5.088797630212829
0.47458071549286024	19.531903398544063	12.54145799386626	0.48480840907725353	1.1036658726053308	5.9519341080527015
0.40420753206342047	22.517518546804737	12.96401389506998	0.4957918107183755	0.5539206542797709	5.240152062162128
0.400078119715958	22.82583207795596	12.276182312581236	0.49451941166217694	0.6240651474039384	4.911431936907802
0.4496014990755807	16.86322295285822	12.410394645864388	0.4959498795536582	0.40107312359774233	5.5797320369001895
0.3437500513042101	18.308034256949863	13.41379151382948	0.49261896418498147	0.4201772968321617	4.610991521062862
0.29199423018852216	20.519246833500755	8.571749112309325	0.49504568457680503	2.46931594519394	2.5029012834179096
0.23618995454009428	19.463802857931277	8.106271277678003	0.42559775107598774	1.8547645077681527	1.9146198445644396
0.20964485257675303	20.689104650502223	8.06437840266656	0.40819715354861086	3.8998594498363457	1.6906554213501819
0.2088923643489228	20.39263940950125	8.099524340308529	0.40933427215465545	3.9574875738499578	1.6919287895486979
0.23044540791260423	19.919376866412417	8.11163604939052	0.3894206301419668	2.75676495011724	1.869289278240384
0.2534765010391744	18.93124232496804	10.766169801122407	0.37702908593869994	2.7774361416294524	2.728971050782132
0.1225936644399134	19.42344120913816	9.633898940349148	0.383825128533301	2.7659365907513545	1.1810549739412008
0.12576959847966196	22.2243869108357	10.138911980401431	0.36050658151645054	2.2437546015820966	1.2751668887957224
0.1452676051269453	23.82614446535496	9.958951785947857	0.49239729838799906	2.263073674691796	1.44671307551936
0.1260882446362052	22.517339558993687	7.301163095930788	0.4960585811104072	0.6325258517012697	0.9205908385685544
0.16876590846240064	19.01004332436925	9.471092082619533	0.4827085263590097	0.5004075493445719	1.5983974594543355
0.240322283790959	18.878172267528168	12.407209810215525	0.4264004128334936	0.17551871156516946	2.981728997064586
0.2717585577310727	21.647581353589484	9.170533746704136	0.41866976669638506	0.30224808496705646	2.4921710246284463
0.26714068110195954	18.73779927762269	8.794799477132575	0.394795749015364	1.159759372888845	2.3494487224763536
0.185570321911308	16.30391046185286	9.315851941880458	0.36109415291740954	3.571465462231532	1.7287456437328406
0.21848521378810276	16.910861677069633	10.010458027619736	0.400986397117748	0.6925492276007104	2.1871370622813275
0.36894518290479184	18.355885933230606	8.596429904852673	0.48922415655237433	0.08586984383515478	3.171611403574092
0.30206017030546867	20.795956504795686	11.789134115548014	0.3487583520090574	0.05224502002687764	3.561027858696444
0.34264274273221934	23.006848500364388	9.627754512511997	0.40138184907923274	0.0652557794061526	3.2988802125196117
0.29311380661630754	22.55474437954543	9.268567392397472	0.36117301477793406	0.0748025760882209	2.7167450702654063
0.14323819826811815	18.66421162729552	7.391199964766914	0.3004594337559981	0.14984171872281513	1.058702165992591
0.4841171003360408	25.201956980305894	9.719522568369236	0.3248693756738874	1.4383999616620653	4.705387082449622
0.42054259499784735	25.363329990914934	10.411703884972532	0.3885736693510285	1.3677724464208918	4.378564970135518
0.3217057972101276	30.239311825859335	9.862655618325759	0.4564183955851713	0.9573707526892816	3.1728734883024323
0.23226775244939984	20.89868793136196	8.506634007074169	0.4133246017054944	0.625188161459616	1.9758167617327493
0.30662136154415265	21.607061646998403	12.98885198983638	0.49377277743667014	1.9302219054533791	3.9826594820191072
0.2676724761549811	22.646287746891325	9.919125480927374	0.4884869424386225	1.2189213436981396	2.6550768787717978
0.19120182901686647	23.134270373710617	10.857494688686284	0.3510296181849131	2.805719736142108	2.075972843017731
0.14618247555740363	24.963030257430766	9.894738546671645	0.4338721920026324	2.5629102371110855	1.4464373757457272
0.19356215896029463	23.04481883448296	11.062551390079818	0.3792967492551144	3.1721696439072486	2.141291330673058
0.10292805740654953	22.50685749787332	8.38770935858888	0.44412511166943824	0.3853307379880525	0.863330630370289
0.1046118916551826	21.782695434545623	8.573132857661315	0.44065676100076046	0.5456432291417777	0.8968516456511515
0.19833632929325623	15.517583141539072	12.076839410904112	0.36059394807471223	1.3888634112859957	2.3952759982228526
0.17510781469855402	14.967124542784168	13.568634929873133	0.3190663901495796	1.885034279028876	2.375974011012552
0.1361017890663266	19.813120104813997	10.620541406236852	0.3593571314111034	3.7300199303565034	1.4454746862418357
0.1432205459095718	20.052088421610037	9.671153605339597	0.37074885022177506	3.337576758732631	1.3851078989320607
0.19944881320048305	22.49416204433637	10.306026751014128	0.3443700528398619	2.480798823604801	2.0555248043021983
0.2758609206188172	22.419314171858662	7.676254372425438	0.4217333820090888	3.761436614920989	2.117578598081502
0.282059126019983	22.72266027935631	7.43162867689879	0.4184590573223458	3.95206852113332	2.0961586895111153
0.2748698414909047	22.53920135162946	7.675452415941619	0.41288735051419995	3.4819390546651987	2.109750388940854
0.29301436962090166	21.223705454802296	7.249558440304527	0.4190799795889195	2.880384767507674	2.1242247964157177
0.41025343900511063	19.857665177004716	8.222130269463507	0.37893719455116415	3.555264744196956	3.373157218995421
0.46455042755416887	19.21707475525988	7.986733007627824	0.3559623046752305	3.7747825796770496	3.7102402334544986
0.3528799532152236	18.07357837254068	7.306562488263769	0.3904650113345427	3.6551591264952954	2.5783394290226265
0.20165926735921136	19.600436234512063	7.072920550031001	0.4682017771756686	3.4117060885406065	1.4263199762091618
0.17702924949397364	16.668934574002247	7.133876708586742	0.4642645402243716	3.5536957411564876	1.2629048397036498
0.17140444244851447	16.735245630295054	7.004649491626845	0.4634114349099089	3.619038871272812	1.2006280406595695
0.17810320695964177	17.284177517187594	7.026900339069206	0.4631634324130168	3.359723027521759	1.2515134853740197
0.18764274034710732	16.75891829823815	7.061204816815952	0.4590145921057073	2.8762628442738327	1.3249838219795391
0.19848771220836117	16.687734112693306	7.3460109632416035	0.4486628091277516	2.2674527261220074	1.4580929099513655
0.2965125326446431	15.46016068424502	8.142366618856947	0.33838202174182774	2.7197075287555315	2.414313747878473
0.3094632153805146	16.64215667627068	7.596575590301427	0.3335367074062378	3.520750838558635	2.35086070805581
0.36150774426043314	17.327647920600395	7.792367260519199	0.31945874181469863	3.497240523880762	2.8170011107991466
0.3160516086388142	16.924577763145336	7.351838445540184	0.3222334957922191	3.252265767175007	2.3235603671656544
0.3746567334130415	18.09358885872565	7.741471987901892	0.3716575019100006	1.9670920897897104	2.9003946067958877
0.27356508547454167	20.20631341028093	7.1557090573712845	0.4076681126497768	0.9998821809033088	1.9575521599107275
0.27695687904827226	22.27399095171412	7.5740786678244545	0.433145105925804	2.8503927388378494	2.0976931895067565
0.23114587162920144	19.561539727613454	12.184531585419602	0.33269108450808715	0.8550646718150677	2.8164041737053496
0.3273904276160906	27.03849098879426	11.596766041744287	0.40951155425326713	2.830474224985936	3.7966701933704203
0.22554548696902216	32.78733714045996	9.324993183460265	0.4282075103571621	3.6043151437013985	2.103210128546358
0.14256605441900747	24.87037758877962	9.904003091415492	0.43880236686840807	2.451424729372316	1.411974643696759
0.13064811983460028	23.9762835273494	11.793890645585963	0.4600266684415485	3.729776058488101	1.5408496383806862
0.13316124831895024	24.88426329858308	12.197282315139557	0.4362382636296676	1.696443246474119	1.6242053391826388
0.11605557506094716	27.57439374129167	10.606148196551958	0.39322320733086275	2.073776733347654	1.230902628132465
0.1270094886498884	25.8515231637584	10.795957462778732	0.4747410677482437	1.5457507427676616	1.3711890368334734
0.235644434335866	32.66100007158652	9.333609936718675	0.43253731171611914	2.8434978757921505	2.19941323384969
0.2814889162199296	19.73906626721035	11.707284920139193	0.3435395768946905	3.2804959764362622	3.2954709440479064
0.4128741564726752	23.397851413292464	9.180578675132736	0.47495571169289	1.6406434671146026	3.7904236764264585
0.4445907748124964	23.716338895418463	8.906153157324633	0.4084288493306311	1.812124791077344	3.95959353281372
0.43067102132088625	19.35716089835839	10.622229727655908	0.43526404310088146	0.6850896695409686	4.574686525514649
0.412164537698304	18.96402322790826	11.641975167056852	0.38229326677842934	1.2164191687618935	4.7984093126251235
0.33817421311810086	19.027078039377315	11.44128976455549	0.3569494732107873	2.1332667059595796	3.8691491631847343
0.49240584084191463	19.80497706467966	12.075092783328705	0.33637094447447524	1.4606689634455268	5.945846215219106
0.39869460813774565	22.796380952024407	13.267923562282572	0.3282696746849996	2.8724721387586296	5.289849585465812
0.3582078985207168	23.955518473105116	13.963243576245523	0.32573496886894776	3.369053158595059	5.0017441379798075
0.3564813933485538	25.021915150611804	13.345490688325013	0.3467156232782314	2.9802190833725053	4.75741911549425
0.37974260015216427	20.88869755253475	11.19007978077254	0.41355821169906426	0.8745315301673047	4.249349991860725
0.43104669602788925	19.490406937065647	10.901746257240926	0.4963437788035164	0.6449639355525942	4.699161705118109
0.43298265561374927	22.020912133052462	10.0318008021141	0.49686160318391087	0.9457621580379008	4.343595751887503
0.4581071227535195	21.222610835523167	9.53739480567911	0.485699759682472	2.2832336066244747	4.369148492994019
0.4839369380624104	18.182350450156918	7.178733329820084	0.47631046004695976	1.4417918802608467	3.474054226799703
0.4996194892275	19.238221769626044	7.421426768136438	0.4816559928723408	2.1860049894229943	3.7078894512356233
0.4246671422781975	24.50152453143852	9.839364321630088	0.34269541469306486	1.4009116027491568	4.1784547283007045
0.4303957052097701	29.64408899414046	8.409629491960198	0.4303298575452744	1.284088249075048	3.61946841574509
0.49047558071529546	23.41482257793973	7.306389781909656	0.3619636028197637	1.8187361422463804	3.58360577121444
0.49689894127433426	24.32452038934909	7.707816385346415	0.39166704123613183	1.81387947080764	3.8300058014155995
0.483622930084843	24.307613448704167	7.237003180423562	0.4121893751378873	2.0533543123288887	3.4999806831497704
0.4987409846854732	25.024181266135734	7.398654864311753	0.38095772269956246	2.102445348512428	3.6900124123748097
0.40936238492443366	26.63631537614405	7.712780795774561	0.4020251193281146	2.3850930898229805	3.157322340957646
0.39466159440215665	26.45035302452659	8.523146831167383	0.4771073783493174	2.9699563186718434	3.363758717712208
0.4100489001091421	29.579783576015735	9.104264324205209	0.47725910341334177	3.927932023001812	3.7331935724432475
0.42146366400779567	29.547009455636683	9.121822392638233	0.46663440874737055	3.8595278300561127	3.844516688029667
0.4876023216996669	25.581822268739145	7.554719061276624	0.4260324863809213	2.865704960187175	3.68369855406721
0.4448540185919701	25.25509116073144	7.818363895757359	0.40947101311753525	3.952233585072223	3.478030597842032
0.44228867560402335	24.58293531395317	7.981906369272736	0.42020391317893	3.871915018550552	3.530306796860957
0.47523425962646326	24.810192079585864	7.668912808634871	0.4149434909720622	3.7951155812495494	3.644530100751494
0.4417962266722388	24.283511866572766	7.171722916585626	0.42572232024890977	3.8212311127106	3.1684401232863526
0.4715797339065352	24.51559882364013	7.193433981388705	0.4214133434408031	3.144588345699377	3.3922776828175136
0.48602062601412194	26.310167667852223	7.029508867313872	0.456451883178543	3.9357433272871583	3.4164863002637094
0.4561177489420748	26.3295036558212	7.06799918064994	0.45910454720220456	3.6472268100678633	3.2238398758024798
0.4456959333226675	25.970217297458174	7.214102833241206	0.4664559240664661	3.8325553775844856	3.215296295347139
0.48155421361432726	26.637718339074723	7.286888177055797	0.4656138167323557	3.4568166363006605	3.5090317057976432
0.43789035456757974	22.818597121242654	7.402684644670866	0.43900944843279266	3.4670590988625327	3.2415642038069037
0.4023564376330986	19.151382743918408	7.947992394542808	0.3805714806413828	1.1550528740423582	3.1979259062032055
0.4969707159583107	16.82546396958006	9.227726521332949	0.4469079881765656	0.7985029759232054	4.585909855974328
0.47755335163216167	14.10995311038865	11.229525700029091	0.43946304059778946	0.4119839525063239	5.362697635288389
0.3031647193928403	12.70566949199104	9.254700334581955	0.4816947581739125	2.9392555503677205	2.8056986299983633
0.33054975596189856	14.892944057799582	9.241220554524233	0.461862105372466	3.0905839712832845	3.0546831990880663
0.2583248110182416	15.794238310910188	8.911696584869214	0.4623349919811138	3.4208574344658342	2.302112336138249
0.3394887866209442	14.31105195813646	9.262007155686698	0.43886852328887416	3.0319124030991165	3.1443475709585798
0.4262743178944941	14.158887849748934	9.779015605216209	0.4235915954601236	3.7043474826466074	4.168543206793153
0.4440692383876663	14.236305508853272	10.17860938644084	0.41469764542525506	3.845754607763368	4.520007318082335
0.4600680901889388	12.97262872739224	11.046122903388584	0.4271478065181723	3.606743390251157	5.081968668154281
0.4732205239673552	12.856569974422339	10.872066187595232	0.4381651292831957	3.5712672523570888	5.144884857901582
0.4567723781154912	13.136774889026528	10.637976031848243	0.4491396946804634	3.867254567782593	4.859133610402918
0.48755385158927456	13.705057282533303	10.88352165646996	0.4502368241512487	3.5704520723823543	5.30630290246721
0.48326835048077954	14.099479674022362	10.820986626179977	0.43661438264042735	3.9139750500641264	5.229440357408573
0.48122961103776113	14.06613560996252	10.43624714504194	0.4304855889928826	3.694350352946512	5.022231154302477
0.4979174188803537	13.701412583056555	10.21598536205939	0.4326377520113905	3.7453797932132393	5.086717062796087
0.4976611021683791	13.890581523706796	10.87477303499586	0.45014172896434074	3.2102929150776838	5.411951534427009
0.4487966102819139	13.59741898144024	10.648344533546185	0.46491531405761616	3.4762548094297667	4.778940931769475
0.45550278922601606	12.746595817332286	11.274977317487304	0.4725480834803892	3.798558868473984	5.135783616575531
0.3865061337990228	14.89075993867732	13.0560040858051	0.47098550171763537	1.8848462339426435	5.046225662068775
0.31778788303924926	15.913481528116062	13.416926160506058	0.46597750387272974	2.379508060144744	4.263736561441143
0.42407638555421656	13.787474627376447	12.14617519793892	0.4674192033245071	1.1392823805708916	5.150906076250208
0.47263962694402567	15.878641480105188	9.668703407999905	0.4705291405462511	1.4118545676902998	4.569812371789505
0.406817245047052	15.777402563835288	11.084002534437968	0.45983198322601154	1.9135327785131415	4.509163375154596
0.41434389512442543	18.088664523892557	10.683263161729046	0.4069175045822943	3.158536521718131	4.426544871070098
0.3374903857380208	23.891771404293006	11.086088278246756	0.4626597803920615	3.0073442278559352	3.7414482093512484
0.4039821497850376	28.713152660139446	10.250028531409676	0.4618992321655948	3.0076945988312525	4.1408285614768525
0.46531420954467695	27.199896684454732	10.662816107450372	0.4510889216836507	2.115581623161805	4.961559848558519
0.46244191531607487	23.986920940547478	9.83809478272472	0.4418892455792058	0.8659749496166158	4.5495473943843034
0.45156348657764805	24.582418423364487	8.312854823317249	0.444992030837962	1.1404512579125972	3.753781707430955
0.4776019045704088	21.033688408393076	8.565285885804478	0.35917719623637623	1.5082134033670476	4.09079685225026
0.40912526283469497	23.127969082377025	8.171615521267224	0.3238254650172585	2.732863333570854	3.343214347922526
0.4498759496824095	22.369487367780973	8.882783140414572	0.35090367361738634	2.229987065832729	3.996150501116902
0.48960485310300395	26.068491025967727	7.84933727252104	0.3257704315176205	2.334551578981383	3.8430736222685975
0.46422582440553867	24.33324755932096	7.551797417829213	0.3635072661914852	3.003910425242176	3.5057393820353844
0.4516432591778604	25.20754740682852	7.379396133476918	0.3625626612572498	3.7712979165965694	3.332854520488017
0.4314830575212464	24.936969557973914	7.289607403513593	0.3607973620196056	3.932660353604548	3.145342090597559
0.4368819135796043	21.79010463571042	7.070760493085016	0.4058522882957108	1.9589406884763496	3.0890873746820486
0.34816713984348635	21.109818899943868	8.577363478346859	0.3589519977198776	3.5020729894651064	2.9863561096540034
0.37425728403524616	20.403061673325663	9.246909463305665	0.3613874611683386	3.381632303603004	3.4607232214565937
0.3727415518571453	19.64350789529012	9.35780503909396	0.35917502836904147	3.9610096629924576	3.4880427722484972
0.35264220794277734	19.047422262420746	8.43279315682814	0.35689246337607194	3.2672925384153753	2.973758797948619
0.34200784374608606	16.70106375463007	8.427672090896717	0.3485806045052765	3.4907775911123093	2.882329959606655
0.2951515053100156	19.15520389560138	8.159217160703943	0.39434309231082826	3.832504747683138	2.40820522713308
0.36251596044268647	16.88623071385999	8.85900643854783	0.3499814508689778	3.819111093145023	3.21153122763811
0.48541967585506773	17.84779811894851	11.239918268707948	0.3100924283446827	3.6727391311517543	5.456077482633666
0.31678656366660046	16.32356654263366	11.018157884447488	0.3334548367496908	2.4524173449783255	3.49040437415018
0.295335723542266	15.617029009916402	10.972673140586732	0.30362667987890046	1.3020282480076115	3.2406223611679708
0.22601698934167108	18.79826176863564	12.519385815656804	0.3634335984617007	0.8346734393536693	2.829593890461572
0.31730894340922133	22.64853930852699	12.122294779299567	0.3353258885424058	0.7778883655441385	3.846512548114666
0.29836627469027294	20.64125130168919	12.332026504265132	0.35602831688968645	0.46021180750059376	3.6794608074592965
0.3770927150244209	19.904956694025287	10.762438633356682	0.3643681261230649	0.43957013878175993	4.058437204536189
0.35378791280113736	16.59892020537822	11.027564354398923	0.350735161402708	1.9133104748603236	3.9014189762230167
0.46958648328150754	22.512844978230692	11.54664870669128	0.3543401119446674	1.3140896829167985	5.422150159862126
0.2912540022151232	19.751592941030808	9.6760805859424	0.34972064609124714	2.667292833376764	2.818197196411778
0.38306403271646455	25.64604866175421	11.243345041623895	0.390584090672416	0.5930132673015652	4.306921092867115
0.25493326834019275	22.08216112615391	10.973034738357704	0.4320625249695411	1.4716999895574945	2.7973916094600013
0.27305315796211155	24.29388209768705	9.527901701965344	0.3481077035641253	1.066523674543689	2.601623648474215
0.4506952036865994	21.01853971032717	10.883874424304938	0.3351695924040996	0.8920737170597249	4.905310000561483
0.3821685534652107	21.364043139119197	10.58144341557682	0.4209573481543544	0.7357897894261997	4.043894923704972
0.38277665075795225	22.127264227246467	10.916879631883344	0.4399998408953986	0.5606098302214715	4.178726622220013
0.45179298393399914	23.30559161321984	9.178098056838962	0.45443651704284393	0.5944509151834921	4.146600307938114
0.4624052251723855	20.75779280037148	9.368269563101341	0.41825031338735047	0.540581516618933	4.3319367968014815
0.4608711341975859	20.712738467946224	9.348582682983405	0.4273933644860354	0.5261948866789021	4.308491904246472
0.38387450844147875	19.448736388332694	8.759919329250685	0.4047767076786305	3.196569386162574	3.362709726503115
0.37983046014849137	19.142652606585223	9.010708973320849	0.3624770466138886	2.7279975445476055	3.4225417356005985
0.28962743707425326	16.993465387434682	8.980005751829848	0.3698702899695344	2.873996116120881	2.6008560508145315
0.27453326650148985	15.9611845918253	7.8540569856049585	0.41685898880732575	1.07485338996304	2.156199919546974
0.2670600508486421	21.34895383992611	8.050208308265569	0.4716071017656341	1.7909389216277907	2.149889040147564
0.35786706277811425	18.53452118337015	10.342511063538172	0.45340853448739216	1.0420813883527407	3.7012440560585564
0.32176870822452563	21.04070701081569	12.270565503856924	0.46556611456029734	0.7489462708288208	3.948284011360468
0.16626183606346287	19.595286157698084	9.088241139754103	0.4028110010275343	2.3687927720412514	1.5110276584830158
0.20347991765139356	21.393244514785795	8.972500692597782	0.4188822256158596	3.9038309556909834	1.8257237020568684
0.22975462345846065	21.0177216139794	9.401239700670956	0.4236288748027838	3.7346584951649247	2.159978287470387
0.30355607062453327	18.26593961720934	8.229648314916334	0.4123419977491576	2.3168818367417527	2.4981597050978137
0.29718680154565436	16.389055112373942	8.874621896018963	0.41072602056695623	1.5640307538090628	2.6374204962049066
0.3392679040069686	16.349422625871966	7.786681373974511	0.41003933704356976	3.5596781758986538	2.641771068918435
0.3129912394464149	13.834175149163936	8.058629491559817	0.3295753729952949	2.5134869613583337	2.5222804328027393
0.32002959659060626	15.077521910353285	8.402765349515303	0.3230819953737322	3.7674902081376818	2.6891336050509067
0.3594429338058961	16.244558621700882	8.827042104128086	0.3190250063318093	2.832858412829274	3.1728179107359695
0.35830544616750676	20.841335976718163	10.475249573156296	0.3962335672316674	2.6927990400528894	3.7533389720257513
0.34099754956898704	17.18895228662028	10.559487074709944	0.4790249238990862	3.2075085246312103	3.600759217181482
0.4710841990695424	15.065500072979424	7.723604144478408	0.443676106183082	3.042002012513076	3.638467872331809
0.43907808130910986	14.745090185936975	8.042736394812296	0.43758236128733	3.3831520769320287	3.5313892647091305
0.4669020354038982	14.868258268075069	8.196123122969254	0.4638583972550595	2.97411963308619	3.8267865685352995
0.4465806387489969	17.60349778693544	7.634342713125424	0.4379679371069948	3.613958679657824	3.409349645256302
0.4044473314619139	15.711373010156356	8.449422268113114	0.37902604370699633	3.163770050383144	3.417346288733221
0.34651304120461274	15.09269881815185	7.920331968104336	0.37138781744252686	2.456680054702425	2.7444983176179494
0.29257610902085723	19.034982513939905	7.237324215625666	0.40394250730481845	1.1565659378634392	2.1174681587301847
0.4011028471350157	27.289676780011796	8.320759679948678	0.4302076044583614	2.080843320296866	3.3374803979536565
0.34952313174917093	23.3314635710547	10.004986117889215	0.3944616388383874	3.186202993369425	3.4969740810316186
0.45262435849987104	17.39553782414463	11.374645217030531	0.36674363273423055	3.672984525739471	5.1484414945220704
0.3442451250345848	16.955944965025136	10.784647581453092	0.38757024810145113	3.5627444485095245	3.712562355131252
0.3062340810431787	16.97080737785799	9.48190827811715	0.3902794125433116	3.8028903025474174	2.903683468084914
0.3095540616150292	17.246757885266625	9.398593704674926	0.3916007892044582	3.9033983051586234	2.9093728547515676
0.29085747158542236	17.643101837503135	9.532779714912888	0.37823917875051216	3.7902131549280487	2.772680205060366
0.17790328007932155	17.059728902561815	9.970550188184374	0.36989596488943904	1.3932705154883303	1.773793582673497
0.34001039186803583	30.072001692125305	12.66107519458807	0.3975221421188628	1.3736532495851976	4.304897138382558
0.4804472954676702	23.133886943991374	11.252502427116656	0.43309538081743754	0.4596690029546461	5.406234358351592
0.49712061034893934	28.07172751369933	12.67753182620962	0.36808516172753286	1.35268158150119	6.3022623591634295
0.4943154228287546	28.77629712434098	12.443244962576616	0.37298956161193375	1.4207004764290538	6.1508878950378305
0.46119338708192686	30.871689088490623	12.107983141258646	0.3848820300298804	1.3920982643037587	5.584121755647944
0.437798195210552	32.67608439415859	9.300122662016847	0.46622412693120285	0.5533375687607485	4.0715769166677305
0.43042968883021165	32.838722801829725	8.17004575648756	0.45767829030631946	0.45956513915183594	3.516630252693532
0.48721403872083935	25.271403252565808	9.073584228770786	0.4934038225398235	0.38586712916119115	4.420777617773127
0.46758629305015703	25.395523654487327	9.548144684066038	0.49476818943901246	0.45117172864229815	4.4645815783290015
0.4777258933694428	19.643317149679813	9.93715983502402	0.48754049665305954	0.422121033454422	4.7472385597417945
0.42125680125088955	16.6285094651297	9.790010457914288	0.4326452601838562	1.3604907235420325	4.12410848971373
0.42815520768247	18.39213009181396	8.641351893018694	0.40350640264934406	2.622140836803152	3.6998398144127242
0.4579452373922272	16.17166335002034	7.477043730552807	0.3709892594550908	1.3930348474257508	3.4240765661800694
0.45480892107435794	20.377959089932567	9.669618813967427	0.3957687399565736	3.661339288749671	4.397828899980838
0.4758072812039776	19.93708181302087	8.399333440579136	0.4291108677392018	2.704646985878681	3.9964640082876097
0.2782596544198217	20.850462081766302	8.626867601637736	0.4197552240449902	3.458921349149064	2.4005091975572723
0.2697464312119577	20.61256606695707	8.485277405420728	0.42144851379258474	3.937184267166262	2.288873297955701
0.2573178959348854	20.15138713542074	8.53641878544091	0.42053838655119374	3.529373646829282	2.196573320688685
0.17633689957735046	16.707413620369273	7.70428743855696	0.3813318861565476	1.3488335385575332	1.3585501603678614
0.2689828628857095	14.333695140460527	8.754639307499525	0.32315234549114474	1.143752358117594	2.3548479444629877
0.2713030045141128	17.418119866292894	9.157805383919408	0.38225605693896425	3.2626371025002747	2.484540115412854
0.4569574143672509	17.387950469794216	7.72399715128513	0.3508568981009615	1.0182500399264562	3.5295377668312646
0.3722120157494493	15.01095670821464	7.223650096745245	0.3617218431264613	0.2891484187883961	2.688729363578252
0.43489932421145366	20.46126402610898	9.887053797502254	0.45489759389622886	2.6833847744980206	4.299873014976017
0.2852756406530915	22.270398805391817	7.960493436906858	0.4752183200019682	1.9877903249306628	2.2709348651283343
0.27639498800443835	21.02825601597626	7.031017942388337	0.4797826535844746	1.5148405150256357	1.9433381198454154
0.3947771448869418	19.628781315730446	7.851174841355688	0.34341131304091904	0.5692933159733471	3.099464387878587
0.24824245533240663	21.47056040541598	9.154985586492723	0.3797060289218257	0.5078943590949944	2.2726561005237462
0.1293522640285796	14.57882755423507	11.410105539985803	0.31611295397687383	0.4747757645768941	1.4759229844022026
0.2563466876835161	17.79722576173828	10.82576662802866	0.30420656027265575	2.572716887177806	2.775149416729894
0.15710291869953266	18.082841526872564	8.606487162070163	0.31461012273609656	2.2702259068397495	1.3521042529112803
0.1513762193079395	20.803673215529862	9.046501531890721	0.32079080440491364	2.752133450462875	1.3694251998611005
0.19366839404961192	23.83507666305057	10.241926968976566	0.44740652777164464	2.408592204852163	1.983537548055101
0.3705137656664288	23.261739087301187	10.353591918698308	0.4279192878441961	0.7549191065970868	3.836148329970416
0.27020785963808713	18.61094976657522	11.268045647644795	0.3659876160131404	3.05260517733533	3.0447144967543633
0.2400497532963356	27.6869099592836	12.974085646773426	0.4390525279761404	1.930053371788292	3.1144260587534895
0.18641128055794903	24.806626374641	12.224420134254443	0.35269320189111064	2.0335499688394956	2.2787698113047457
0.16155549002058708	28.692916769809315	12.678646648809565	0.3910776907609873	3.424854006752464	2.0483049721463034
0.21075149106617344	25.795232220963115	12.831773206578625	0.33797742874429	2.627272758442783	2.704315336309419
0.12740446921203955	23.334645717977367	11.679380977790467	0.4255862300460812	0.8114653667356666	1.488005334200586
0.15516769617495105	28.074667351670783	12.028094167505344	0.4737780342011261	3.8294938440224975	1.86637166134717
0.25453918037856915	32.76452777470189	11.56742806108595	0.4859320717128182	2.225319208811164	2.9443636577568792
0.1944784469763582	32.49759293382028	13.196526552714028	0.4044256939908287	1.770200334030187	2.566439989454098
0.21769948314688747	25.801593940993865	13.34851845466871	0.3345515723651577	3.4667356173301727	2.9059655683580674
0.23033428325048724	27.80686469321456	12.62147452067248	0.35053046648130737	3.9639406360971057	2.9071582872833828
0.17634822841202955	27.975111873043623	12.321420736298755	0.40620640237026784	3.56075211206906	2.17286071836553
0.1867702863402831	28.82135958636012	11.900026025309431	0.4029910736961304	3.1915393800410823	2.2225712682038634
0.44258324916491926	22.83547681750329	10.570154604145042	0.3714085763136608	0.8363171365381299	4.678173368878044
0.49479649069176207	22.64258083432277	10.718205472170023	0.368551921644981	0.6946909400274289	5.303330454142968
0.46568140061926344	23.784159957453706	11.17752585357796	0.3644207737927983	0.5371750175077996	5.205165894952212
0.12330553037414237	24.65477954793573	8.596271054966527	0.3874853637091716	1.1446796199655471	1.059967761672536
0.23882627231519565	26.273752482915775	7.380320146153976	0.3146052261557206	3.6225464181787017	1.762614348998694
0.22218272919798396	27.47449926149408	7.330863274936939	0.3292622221580201	3.852204260152324	1.6287912098027597
0.2021470712766064	28.77589078166277	7.44919341284424	0.3050386043447071	2.5998815028570434	1.5058326317794513
0.18753061640405297	25.414010717509807	8.099790653793125	0.30189094231893937	3.475442691883959	1.518958734049612
0.23546977147544204	23.020320118777963	7.055307061307684	0.30236880476422434	2.9266322318754434	1.6613115414151929
0.233753165267056	30.415028722896857	7.1592492094	0.3082579913229393	3.489088171840107	1.6734971636329183
0.23648951206875385	24.30293898580633	7.21851675772888	0.31406998632449606	1.1653117898244758	1.7071035058954258
0.4009720320570642	23.53654363058945	8.337437198414236	0.4252050314483449	1.6756237609167246	3.3430791355963128
0.48370912442408504	24.142678152794804	8.7317697248887	0.38725761274138026	1.2381511840622987	4.223636688298647
0.30741026661211046	20.349403580627367	10.186812815211969	0.3381722022004003	2.4340891295991125	3.131530843451975
0.31748192483054943	21.782736046289106	10.0148690129767	0.32310350050563247	0.9099100479264168	3.1795398911656676
0.4020787134085764	23.78415502348746	11.977901298872096	0.3090924050664125	3.742463048120427	4.8160591435854085
0.38170085237805246	23.334472314059152	12.17599348876766	0.30890187650854645	3.7307876999192926	4.647587093212232
0.3284771575539839	25.00237538744272	12.59998987775944	0.32303620754297224	3.718388040085924	4.13880886025539
0.24410680993758663	29.268538535121067	10.559929089511138	0.37727149275256017	2.6989380855771774	2.577750603207688
0.34956532628678844	28.428872960642092	12.170772228539564	0.3381505958146235	3.5246496511786805	4.254479965231615
0.3003185266603397	19.023796469459395	13.138679474965919	0.4890147410128048	2.038190296477312	3.9457888621842105
0.3649402354745693	18.20946686321459	12.11486279409394	0.4465902972972038	2.2053140981951254	4.42120088081874
0.4019291840655921	18.892261316176235	10.02719642807475	0.4226500712404925	3.027385820478971	4.030222878801504
0.25759448934122686	19.77309855863964	13.374497822295128	0.40839892817537776	2.3077841446347818	3.4451969367294644
0.286502372172792	19.50785673943576	12.53019036236012	0.4411550070767264	1.8422293634093143	3.5899292625928307
0.2305664495011817	22.145783800034696	11.942347522525862	0.4188135524689589	3.4241380332101854	2.7535046669780217
0.2450854726970548	22.136473608487712	13.006002733521155	0.4381698452234545	3.356809389606686	3.1875823278442192
0.24706867825364712	19.383289124450517	12.71216983638056	0.4184848927591174	2.3026544105547555	3.1407789992104265
0.2142571232175516	18.05966946778052	11.37763111137636	0.41007652711919584	3.94328792279866	2.4377385109540133
