beta	z_lat	d_inf	delta	e0	R0
0.23386789053078305	8.329341443149074	11.997712685386368	0.4339167442971097	2.967936139769604	2.805879756925726
0.19974011931242727	9.909320971812718	11.123395075581934	0.33445391982094286	1.7361362827975042	2.2217882595560017
0.11107030472288933	8.059066494723494	7.36471513065047	0.3944389300443734	2.4750483004165327	0.8180011537586214
0.13051925860432265	9.59325998781448	10.965832902234478	0.369958406687775	1.8689570153360688	1.4312523803785318
0.23440492006216088	10.606268627671048	10.757876036389936	0.4277601864329362	1.984791138894054	2.521699072348619
0.48665454280892095	9.794612098559137	10.973268533293725	0.43406945756679577	3.964193484321171	5.3401909811895765
0.43502046471459543	10.49107974705464	8.8585865271424	0.39893173049405406	3.0151080214616948	3.853666427751941
0.43340848775263807	11.671531145783202	8.014235784893238	0.44784870650986897	4.00214154147112	3.4734378120236546
0.2740838722392676	8.446098468323116	10.779864733165763	0.4822496776608064	2.863954869911251	2.9545870682815916
0.2383742035238432	7.637376359355289	10.384404833588032	0.3494648773652797	1.8401887923882128	2.4753742312756946
0.17288850676984233	10.145812994676154	10.738542814603688	0.366271935105774	3.2575804059785094	1.8565706321008515
0.32085022626024035	11.453668546178497	9.61670384133599	0.4199977528103767	2.5283077216206062	3.085521603370375
0.19883621245935945	9.783917475615102	10.988698690281014	0.44647718653096186	0.7718856414654908	2.1849512274326006
0.2969519425406499	9.608221983163697	11.648269197942373	0.47323755939088485	1.4812756518522787	3.458976165565405
0.24501821778862368	7.316011788345101	12.723016357432977	0.34847710248651265	1.3248491677668528	3.1173707927937344
0.3814313728980339	8.184698275179361	13.877488817952912	0.3790039929843532	2.2050937501814865	5.293309612208893
0.31720462555292894	7.463632639410301	9.971031323507646	0.38778572850557375	1.7602475072288968	3.1628572573497684
0.23911915665438768	6.313140729448766	12.179062449196904	0.4833841926482372	1.4219653663500789	2.912247141693085
0.2504668737450254	8.824308020177323	9.213102164044145	0.4993247024228694	4.603844184971713	2.307576896521665
0.17539689276995127	10.885734872523045	10.599581434438775	0.482987823976937	3.5339369682917576	1.8591336482626242
0.1978666248043156	10.133414946524146	9.692313921461697	0.47447516702745207	1.5922082261814308	1.9177854421835063
0.31388977303530047	8.65729146536281	11.153747912299352	0.360311570364079	2.7484186755695568	3.5010474006846
0.1068247013512138	6.723399181638408	12.266991928033775	0.48799672311778697	2.8544583478744547	1.3104177491899585
0.14862929042619133	7.07540430247954	13.811927207500142	0.38643471527290074	1.797346642744535	2.0528569402689523
0.2384456933377668	8.101486953581603	10.642460755210882	0.42366677994773067	2.869069135509611	2.5376489335962322
0.2826490805429143	8.791099051542588	9.407063255294952	0.4945970546120844	3.142357781548335	2.6588977797181528
0.28501318163550937	7.886828674621911	10.585212058896424	0.43933124016173264	1.6352829114553815	3.016924967192631
0.30649884990702914	10.24714281333294	10.37771527773194	0.37044056877291753	1.6566208842544043	3.1807577972874452
0.3365748720945499	7.137159106801322	9.81324674627189	0.3414255430820889	0.505224927182764	3.302892268458719
0.33430334991070865	7.113698985627634	9.785068050494905	0.34337554627967254	0.5103921556292365	3.271181028384694
0.465015544469784	9.914372153664493	8.64327294288707	0.4675890679408274	2.4282510227438308	4.019256273537583
0.3554289522931891	9.431892772900413	7.264859961748666	0.46860092100781087	3.5645755480603785	2.5821415647610664
0.3597459280213212	9.855190547572477	8.222452519041548	0.4798073810041577	3.616684242746101	2.9579938120738523
0.48772820642870496	11.2067531444805	10.327340306435431	0.37926037367143767	1.5082516969044333	5.036935164836625
0.4778928940427902	10.833549011044372	10.710130975248775	0.37351658471333554	1.603317434744093	5.118295487338968
0.43945003139115085	10.739796789834724	10.772698657190555	0.38666238958470545	1.7835246808852625	4.734062763069798
0.3250661346349018	11.713485837661215	11.04314519834617	0.3958437589041651	2.6745886425667877	3.589752523838366
0.2927641183581262	11.456246361346063	11.871770073426436	0.39385644404800657	3.2850284198206103	3.4756282988970777
0.3871723450216299	10.478377745254612	11.057186248244829	0.37583931864196185	2.574721651360732	4.281036729073868
0.3648321830050647	9.947690218449274	8.260724096539922	0.410487532100156	2.315601710678804	3.013778005343201
0.18874437120846252	10.870714229169163	9.941046976191432	0.352398419214865	4.728034608872227	1.8763166606750394
0.11678804448227718	10.210467902740351	7.727095204830378	0.4131151639817936	4.881431099677713	0.9024323385005208
0.130069436447538	10.95452282267002	10.872477306329587	0.3681469382040247	4.941303132358357	1.4141769960229353
0.13994276861414995	10.701467085863795	9.676785044057773	0.35182966312778174	3.4181503544019054	1.3541960903494437
0.1318953759105084	8.92074630202766	11.963352837856467	0.345871056987034	3.495828632541951	1.5779109196991261
0.1961714375156645	10.946647802894628	13.272025197345917	0.3162935437362413	2.9539000934065	2.603592261707469
0.2256230282268124	10.095487264487735	13.638267856531591	0.3234825120787372	3.7512001932027856	3.0771072935590555
0.20729927835696232	9.935638527815433	12.983197107789591	0.31731480278793756	3.4474083086491065	2.6914073912109826
0.23240769980758777	10.918475142525375	11.45312094893682	0.31038135676071854	3.3052280911963106	2.6617934953605036
0.2190013691542201	9.679809468310754	10.972349271396464	0.4930249314007391	2.640162146143376	2.4029595132741353
0.26857716005773447	10.763647656444768	13.94454904153872	0.4806600587339602	1.9769225367879917	3.7451873798622723
0.3724986455328516	6.326631856249865	8.552354035124017	0.41004390190534656	0.5617769207446286	3.185740294201114
0.21524249859307304	6.988305200769582	8.669051593862582	0.4013767150546894	0.6058235706389665	1.8659483254952443
0.2738765736459709	7.213098569685631	8.677003014663534	0.3436029071597373	0.612300865691089	2.3764278551718085
0.1657846572624115	10.02932222884117	13.307853741866866	0.35505675565342376	0.5080485099926086	2.206237971493699
0.162309599076878	9.336005717957212	12.107955963870255	0.36935441738675295	0.7570703712577342	1.9652374781362751
0.2807807653898467	8.551065163999379	7.421327420567998	0.3084893976404391	1.175387896807243	2.083765993355739
0.14875084995997764	7.028464908780031	9.337667125617532	0.3627412550815148	3.707111598831757	1.3889859215789493
0.1418778770601765	8.889692392789435	11.559548148310624	0.3735174793313717	3.3061900785723166	1.6400441510572055
0.1378563918740144	8.675567739607326	10.201727804386552	0.3860224709173588	4.6259743915487395	1.4063733859935412
0.14175652608319525	10.093432192002108	10.41929635166426	0.3599626827680996	3.4171727703134045	1.4770032550432357
0.1432702046689003	9.441923996812346	11.583858887711898	0.3409765609924683	3.9123495162735096	1.6596218336981434
0.13908970672330903	11.315181913094163	9.3438672331774	0.358589729467202	4.375818975737908	1.2996357531241816
0.11251074738965372	10.7380172822481	9.008207885991267	0.3930731610438677	4.683435059648772	1.01352020189425
0.11473611292158102	10.035962395801244	9.149405048734247	0.3932752478471612	3.052481029129576	1.0497671708368561
0.10296723283213124	8.42364980869644	7.9533957223742116	0.40891560160802815	3.525450360791921	0.8189391491517821
0.1083992244029312	8.319739839308458	7.574988698943802	0.35619496120937927	4.190054161183893	0.821122899826477
0.1706963339642536	7.317389817585705	10.455286680860736	0.3008577295234677	0.8816024448899453	1.7846791069682166
0.3069411324786064	9.581816423427254	9.39993052083088	0.35325496732488687	2.4908573488382753	2.8852253192840465
0.1542769180567843	7.167169381594342	9.119557829429779	0.3689166460527583	0.9189667500897432	1.4069372759650438
0.31831223477914544	6.858256335867984	9.148333943393277	0.4764949599105105	0.6646087556350716	2.9120266220274265
0.2214010272924904	6.113586525813121	8.183074795903007	0.4372710803558922	1.0550966429250948	1.811741166224212
0.1746252206790437	6.411583420755441	8.734035552180323	0.42935340572990544	1.5350644743858908	1.5251828857181022
0.2692842832769306	8.810063865791484	9.817318054339232	0.4268776682005279	1.2633947798705596	2.643649455964411
0.1060098387413206	8.769124268625005	13.111508098447397	0.43712223498023983	1.7317002995218584	1.3899488591719276
0.1360931946777235	7.917883257931962	13.055096168390072	0.48799328347837767	0.9975018476752842	1.7767097443811122
0.14202591842705423	8.138361898321945	13.421405081915797	0.471583418362222	1.1551029237961932	1.906187383340624
0.25820247569423327	10.107981984816828	11.216719416314303	0.3302216919150417	0.7870590267266259	2.896184722459928
0.23927675085595904	9.870101042211887	11.397034041432503	0.4306907536193484	0.6406829701887232	2.727045274828729
0.28511422211296944	11.839033693187732	9.95119108679775	0.3625688112300193	0.9424046094868531	2.837226105809856
0.3950725821693952	11.1256572011423	11.743269917137944	0.4420707315050257	0.5423033292437017	4.6394439692758676
0.2928407406553625	9.607702549708028	12.18251753753688	0.34131533354732235	0.9613143861733305	3.5675374587392423
0.30170321827537966	6.952310476789317	8.393363455479506	0.40624771340457094	1.5363350292233764	2.532304766673128
0.1977542557695423	6.535835483154796	10.004711520022711	0.4104401371799416	0.8031545146384477	1.9784742808310576
0.27563451844176934	6.945274025122675	12.25529731642056	0.49651283483335806	1.0233101526419697	3.377982974172289
0.3737109159992656	9.751716927080766	12.893052610801174	0.48544997614095914	2.2500162746419847	4.818274501209229
0.41971792111298434	11.34943594370539	13.688696542477471	0.46950480002637424	2.111084916768356	5.74539125555514
0.27701209068211047	9.429911054327139	13.225842591033151	0.49483139904677387	3.962839829511068	3.663718307174594
0.2989127923912453	9.645380898343372	12.391257008797936	0.48967533492456145	4.703100450555128	3.703905233737381
0.3395061798451398	10.230323741167773	12.025409293445472	0.47506898936058634	3.733145500312691	4.082700770291914
0.36449174955452573	10.193252198715042	10.479706908094055	0.48721082047881914	4.349160784465826	3.8197667057498514
0.3604602505605949	9.481395853395888	12.468362558922374	0.4376172309927345	2.812697713552829	4.494349092069499
0.2230885232148916	10.681887681996656	12.825641794825	0.35188760812744013	2.307374258424131	2.8612534872907007
0.1099232793303662	9.907594961808547	12.893315991395092	0.4429780779327052	1.0695008321026331	1.4172755752168
0.10096992624808708	10.996584401829274	12.79447934883057	0.4389479194291809	0.7402418858263634	1.2918576362340959
0.11125945348704298	11.980458207624606	13.961183907718238	0.3979259034154408	0.8274503993648636	1.5533136916048305
0.1419404088011587	11.285016442098131	12.759619431285351	0.3900859108320006	0.8051529302289616	1.811105598223851
0.15548507188588248	10.777696963236144	13.282252076276231	0.41605491673965633	1.4547182306391493	2.065191918886222
0.140677213379152	11.534746473785072	11.161931509360809	0.414157346991398	1.3447512514424012	1.5702294206658307
0.1291962521217122	11.55515997435943	13.014468452926211	0.37381206668692174	1.0021362037615835	1.6814205474743247
0.2065926646626788	11.525842827814753	12.948456471971884	0.38382043554712447	0.9587047381033955	2.6750561258133807
0.17053885025099472	9.441428839927848	12.540103722377111	0.4507452742926441	0.9507094609511619	2.1385748708424117
0.3214166031339711	9.328686390152209	13.999406341638602	0.3831471609037472	0.7287583165179309	4.499641632221652
0.2968772882431684	9.221875516730227	13.796481501318732	0.39382979223144393	0.6446353588804605	4.0958620154085414
0.27787114909146227	10.594523424036735	13.364443533186565	0.404609311686198	0.6774916713657846	3.7135932815345125
0.2773541775095899	11.425920063184671	10.835081784160888	0.41507680411759024	0.804159857589029	3.005155196495083
0.4669489598408701	11.067402446297583	11.380467175232798	0.4105772271167588	0.896387481980768	5.31409730997812
0.48047731605376914	8.954425463211457	9.358127875666574	0.3939326787263753	2.89523484390604	4.496368164988236
0.38013713011803046	10.078552052319791	12.601717661962608	0.36923325008529206	2.280570323632028	4.790380786576162
0.4240913728012572	9.649351126056436	10.97222389166544	0.47860652643083135	4.373408417660041	4.653225492899149
0.30763880767200824	10.996203086263646	9.5451457330907	0.45656622348179327	2.5204088584846236	2.93645725238358
0.18732893033691783	9.40183528566385	7.9575711255267345	0.3257416217219305	0.6314076537806623	1.4906832870248665
0.20558122592411815	8.544461063912882	7.047951464767949	0.34520087454797654	0.8781359455379709	1.4489265023806792
0.20560990449895275	8.602447368756875	7.09613500541957	0.33987896002001766	0.8922385656187325	1.4590356407759932
0.14752153695942055	8.406679941378712	9.291193528586705	0.3786954964451721	2.083076724076784	1.3706511495245326
0.2077852224427248	7.7055941786368525	7.413151865323469	0.35051520265155556	2.8640630334799466	1.5403434093379371
0.3700915835177569	7.049403663342128	7.564923618579718	0.45034103837180706	2.8487335616718874	2.7997145611910477
0.34059016582231133	7.824068609344317	7.123967443637238	0.46690055762115	3.3212001180795405	2.4263532529411544
0.2655124604453659	6.763035187238142	7.021428271885443	0.46389575049797616	3.525797913787124	1.8642766963089576
0.2703366432995189	6.919094993542552	7.280628526652887	0.46995186465363625	3.892449566146504	1.9682206770060633
0.18423802928885136	7.243032338622172	7.356260342516775	0.40015990354323266	4.689876987944639	1.3553029084410213
0.14340264415876802	7.223136161308248	9.988766914297722	0.39429980934666153	2.9609966152506355	1.4324155873959115
0.2607113196854963	7.832875299143952	13.107498347809402	0.3804532767307305	3.1441159348414773	3.417273192032852
0.3179922446544115	7.667798214798226	12.794731792052383	0.409167917773841	2.582817086950627	4.068625482305898
0.24027474740278693	9.527066827294874	9.28134039170558	0.37399783558480454	2.3702925456469	2.2300717181763416
0.2255343418175196	10.491164612712465	7.474022208205371	0.42102137064551454	1.768511253062026	1.6856486794571228
0.16947737330263804	7.990760026929598	9.648819938138466	0.4146648535978509	1.65594308113018	1.6352566585858297
0.1754281785370234	6.817459432334582	9.912937595203838	0.35206458819703407	0.866258051783581	1.7390085862777902
0.28801230046722004	7.009830332890096	7.382202078622261	0.4475170516484932	1.409139472939784	2.126165003177891
0.24522255054084433	7.207848132312854	8.306979993474478	0.4447534133693853	2.880099494183859	2.037058821291578
0.2512889509665297	7.493677124503878	8.978539063522481	0.4109787089104124	2.7581283872118125	2.2562076624845724
0.16076630243528567	11.823659573310213	9.204271359937927	0.385406298108724	2.537890510559176	1.4797366731482189
0.1670952683776568	11.783928910096899	8.972561246741098	0.37948062060173454	2.5054078620101583	1.4992725295591667
0.2108077152834447	10.713875694666612	7.10955429694067	0.3936467205973525	3.8263960260879784	1.4987488980216597
0.16294050329521445	10.088528625724024	8.01587324055658	0.3549161093327415	3.522660589570556	1.3061104201669307
0.23237782416741448	9.229142145793023	9.081154367103027	0.3433346363647791	3.234376575477772	2.1102588927558155
0.19939749676606588	9.89529364412824	7.699494040242576	0.4407349763941275	2.0405577655834954	1.5352598379896125
0.14714535202713633	10.09813040474029	8.351942564579119	0.4850347641279448	2.5855723761322493	1.2289495287754182
0.12526335721762183	11.172426649683151	11.122091802266908	0.48805690107173794	2.2578383288555255	1.393190558434543
0.11274593647729136	10.742904746943228	12.397119660600364	0.46567138796152274	3.472743444411816	1.3977248657554284
0.11142507017329056	11.259951654101126	12.483472730669003	0.4681843894097826	2.625094654598094	1.390971825021153
0.10017409475677258	11.080487058075324	12.212183658429998	0.46406298394142326	2.6170711886136857	1.2233444429866762
0.10411794191063316	11.58425365425	12.391974657763525	0.4697030536949348	2.7148721775489206	1.2902268975750608
0.10571770317488977	11.270826069930507	11.728362550864688	0.47677926613930827	3.003480242006576	1.239895550879806
0.16014148179042087	11.510179534607287	10.89702785376902	0.49840514999540186	3.480132541557594	1.7450661876140605
0.2639059506136388	11.908801066497531	7.479941675352496	0.49895936943133634	3.460497052766628	1.9740011183684745
0.2316476854535012	11.01769563512315	7.76322934554104	0.4971693836245252	2.78098951738151	1.7983341095392809
0.19089061558208031	8.279740554041668	7.0945130055398336	0.4997477889146795	2.347047114429497	1.3542759548825736
0.2514206258358194	11.031452720353506	7.963681809810131	0.49994866938110183	3.5078830107048304	2.0022338645797944
0.2496776415717276	11.58651337462616	8.233240531381812	0.49802360131385304	3.3781196385478327	2.055656078368168
0.21461707698289736	9.100592050746084	10.021300986288871	0.49511998591407974	3.9481335450603607	2.150742325243144
0.15634538399717943	9.562824144628696	8.813490669565233	0.4910997854367481	4.585746193286672	1.3779485830887344
0.21428692240585137	9.865464110246112	9.844849680451938	0.4241544442424182	2.780380484334736	2.109622539572275
0.21512295181220145	9.2371559751781	10.935495353802768	0.32653072805937483	2.2248155978383863	2.3524760400386655
0.25762914991637303	7.418559309228291	13.332388251350208	0.39078005850261194	4.240039581828334	3.434811851550393
0.25907081668596454	9.156760086419098	11.823783311312024	0.4354744842465724	3.5494143723535263	3.063197198779484
0.3127789916089742	9.141481164814358	10.448792863945371	0.40691979253862887	3.720781113954036	3.268162895515879
0.34500541453261724	6.220587218423062	10.400063770242724	0.3975821282500493	4.613639225819433	3.5880783122182454
0.4213388179233494	6.432517950075788	7.768172903677457	0.3682772236280571	3.572718298737129	3.2730327886596524
0.37959306031936024	6.211031481215431	8.593198129711274	0.3259948218910343	2.8552917118870975	3.261918375987705
0.34075397681359626	6.27311971941318	7.9149499197404705	0.4416288515737624	3.392276216362885	2.6970506614320198
0.3740880538124512	6.551228254732915	7.196085053301005	0.44034684156649984	3.7513136148869775	2.691969452658242
0.3752019163070096	6.6945064968675245	7.996958394990613	0.48938656662608776	4.51155088730256	3.000474114427906
0.31452042715761697	7.135273112942422	7.6633522063176995	0.4869014038350289	3.286242557613248	2.410280809390309
0.25104540436150646	8.941690048658076	10.220234116340164	0.32517025544107275	2.4830185179512414	2.56574280640588
0.1691368602337431	6.736555774972452	11.297125648265531	0.3344094594730096	2.755422268185403	1.9107603618137217
0.25847288778949123	7.8518626297533025	9.580350950713097	0.3087088137882541	4.260389869123725	2.476260976267612
0.17170147442018735	8.265149554887815	8.362357724649502	0.3172639175778703	4.232731490933214	1.4358291509513625
0.15195437660839503	9.134856926834049	8.459777318827735	0.3204612859255187	3.610876328830672	1.285500188728308
0.1948408604464995	7.761319714682291	8.7053568550177	0.4179376588739188	4.114422593324746	1.6961592201254814
0.11844822937159644	8.180021791066517	8.63189211734901	0.40895300059180045	2.460066825098265	1.0224323374266306
0.29645133446339766	10.020941030579452	9.61835402525118	0.3924139539639197	3.524127461162053	2.851373886127105
0.183232881376388	9.325119067071526	8.100571141380737	0.3982764454954345	3.895871629956312	1.4842909910296085
0.21971703881076737	10.156071391379422	8.468517207341653	0.4531196247005442	1.781446161147348	1.8606775239151374
0.17164528383950808	7.46328386126008	11.20351311955865	0.36568721957318295	3.6976783445379033	1.923030189406297
0.32025915605136385	7.825018000675349	8.277991607219294	0.33911029325507214	4.092337178759192	2.651102605928324
0.17088505223311357	7.391264061404898	8.23734890586977	0.4140887332272619	4.205176592641164	1.4076397980419364
0.3890224988351352	7.122313309170971	9.054109574155271	0.41826856601276946	2.8597413770456206	3.522252331265005
0.3059422687195393	7.035323736138548	9.389894680165074	0.32061314705763394	3.241203992036709	2.8727656814872353
0.2354639260789568	11.398615422059539	11.284989936616007	0.4317033061977916	3.0695087311896434	2.657208036237123
0.3312316829464704	10.26527717033972	12.300732519595297	0.4706304324347687	2.8157356006305823	4.074392333939927
0.30472747818761087	9.045363724968793	10.076573995916567	0.4689091625510291	4.050723762488892	3.0706089825465126
0.1905611552324374	9.851680372404038	10.885946416052004	0.38069393526216977	3.5014524001374707	2.0744385248412818
0.1583289083852913	10.987828312985048	10.141794873638892	0.37809137539193327	2.8249926161958725	1.605739311410789
0.2894577796710301	11.227172105534825	12.035252978990899	0.4318073917818976	2.7318868892157164	3.483697605077856
0.22502542512668117	9.970292537328431	12.173919833939658	0.4457509991891181	2.4454942020632924	2.7394414860904073
0.19428020590487408	10.207828240060737	9.13613165582914	0.4904655043634378	3.8361249945613554	1.7749695392685234
0.2653766617017233	11.88656619211174	9.811870109700157	0.40044956678853166	2.290294709109346	2.6038413347631493
0.2118145814017968	8.887267335966762	10.13814719584087	0.46073138507195016	2.525455206875385	2.147407404476834
0.1287291820679213	9.617971349175937	12.248507841784024	0.3623686421492167	3.6637519741093616	1.5767403960253774
0.14147910401977742	10.42115379170926	10.49244112120143	0.45060998881236913	4.013494194562892	1.4844611688078473
0.1682455502199619	8.680170140173743	12.144896946035711	0.480208680917625	4.567729448643341	2.043324869050513
0.35014348109268306	8.900925850636801	13.238717158578089	0.4852906456016559	3.8091144929501306	4.635450511105966
0.3316723425497511	11.77193547892304	11.64241178495988	0.41562994985671914	3.646871535843283	3.8614659896464723
0.3376962970368591	11.951969231700835	11.521249187312314	0.42352442971976967	3.8525229618025816	3.890683187794291
0.48414333297562206	10.517287863337796	11.052867121770307	0.4044962373254752	3.64315768008078	5.351171927270547
0.47428568558524115	11.107402923396672	10.133677661576725	0.4194996564924347	4.2149318413211665	4.80625825722076
0.43420368921447927	10.94659815973441	10.305749916238064	0.43393214093133375	3.7474116604940506	4.474794633752378
0.4788501215653317	9.697298385558978	8.599125050365362	0.3959451879616383	4.613496823248049	4.1176920757229425
0.35729140613829746	7.960616381664253	9.56918606827394	0.4313445967380757	4.992031688470472	3.418987945932602
0.318065191840288	7.897907010922126	9.049194076118301	0.4284677536132595	4.949797354308152	2.8782336498205647
0.2531082719713532	8.273776891690217	9.79171100046356	0.42704811539454046	4.973852357004456	2.4783630509702217
0.28962920447822443	8.62857388224553	9.264477318153373	0.398605822093	4.591492650729464	2.6832631955633155
0.22939914193846728	7.666993501873619	10.106721703212216	0.4268153524926216	3.2140296836320283	2.318473286527767
0.23975511825626183	7.768152158583091	10.211085181080994	0.398490040640748	4.85918656001689	2.4481599351148366
0.23687994281200173	8.52891784594213	10.580788115303184	0.3878645680599415	3.8611379856783055	2.5063764836589257
0.19232209604323	7.622101822789662	10.266581117082769	0.3336641993616365	1.7289646754695855	1.974490399635204
0.15355003512746626	6.814945558565354	8.30111545694507	0.3584590988132086	3.888852916462493	1.2746365700110687
0.15878600622418934	6.77411090096677	8.831117032558854	0.3696450473506304	4.421906557192986	1.4022578040984348
0.1366972846095323	6.8125269065767435	9.519272206191648	0.40232159614865215	4.698542185114574	1.30125866204539
0.14032770823706317	6.481812553174695	9.677093912299181	0.41655401006940296	4.846167026727411	1.3579644111077798
0.15047784266809275	6.312642204545776	9.974480262153364	0.3744587315844935	4.802347931926684	1.5009382715843105
0.13903059336542822	6.325334723346321	9.468422202517552	0.33887211348886226	4.995892942927959	1.31640035705041
0.15563658264438696	6.72807683059102	9.382207065690356	0.3450365829054554	4.570925554155866	1.4602146453660683
0.16735322106483855	6.87663128072267	10.13212921496564	0.3409374208861	3.5929533582299156	1.6956444603696539
0.11426290297432964	6.652280499982818	10.287870975709652	0.3748070694202625	4.021772891839149	1.175522003109934
0.10221173850181196	7.791766005344074	11.822159191780049	0.3810032631966224	3.6732661377821914	1.208363443837015
0.1051866723941682	7.075804278851102	8.850002668049049	0.42471483419406647	3.306893903765945	0.9309023313315898
0.1324717568521343	6.809078563650253	8.314641180711774	0.38828544682992494	3.4648695180243703	1.101455124803993
0.10710558099831861	6.775649247748615	8.281995321336284	0.41603159107982435	4.156840909487717	0.8870479207170792
0.2057089215231659	9.305196356373882	9.573739342470624	0.4274254848828361	2.2473393599444487	1.9694035950835354
0.15760240005139367	7.2263444087154864	10.926955177380176	0.374209003132474	1.741262350420365	1.7221143612091179
0.1456425468804775	7.451857210494608	9.431484590975584	0.34147938782980675	1.1216568867636039	1.3736254366936627
0.1296701546928562	10.093273000185635	8.400602773573254	0.42133005329946016	2.3510042575230345	1.0893074611624807
0.1147645142669383	10.19888857813685	7.469734914936666	0.493084164284904	1.609186707368259	0.8572604992154962
0.1597125713410122	11.819829833827654	8.131595020560953	0.4932775880980716	2.5356893428994693	1.2987179498375607
0.1553572911276931	7.832775230231888	11.904638201753336	0.4709689326006875	3.563274802210074	1.8494723428796498
0.17928782613618302	7.160727959536722	13.193644005689698	0.4091667292751129	1.2802394371708727	2.365459752594788
0.3243582739668964	7.587046012319425	10.149393023974646	0.3375626541053324	1.8101972754186353	3.292039603068076
0.2129151450858303	7.543859467272813	7.7622150842598066	0.334599926535882	2.47474748286626	1.652693150852597
0.14671339937117758	8.384020031844855	7.404818265857062	0.3647403273026024	2.2592233658046315	1.0863860595096777
0.1442291193997615	6.793667500396907	8.27009631438539	0.3894168249869733	0.9133224919097576	1.1927887087750177
0.1205992124187601	6.79580296331972	11.448084584636495	0.35011830777221126	1.6268953071260075	1.3806299846105097
0.16017581734936787	6.629616994133825	10.467033577575078	0.3552605726855428	1.9425097701687049	1.6765656585113662
0.1365397277215698	6.501266030855916	11.42756918228626	0.3492322341076847	1.6339975891635043	1.5603171846687682
0.11198066903813098	6.802006040995308	12.438666023702808	0.3341929849111522	1.5612794185887868	1.3928901432761087
0.13516576019456575	7.473176394828134	11.729646477827238	0.33215222214344614	0.6526332348231508	1.5854465829890292
0.1695323174748291	7.028035273921756	12.636468183952395	0.32766814187474413	0.5092146290684708	2.142289735922395
0.33805763646593534	6.639807468312199	10.966135527591003	0.35121810233518025	0.5910990816424483	3.7071858576225374
0.2602250602864807	6.796366892745359	8.372519292135049	0.3712948434117496	1.1552972478053603	2.1787393375455655
0.146541076247725	9.960661544381086	10.103979004507291	0.31189904581439626	1.4639742593286287	1.4806479577049154
0.14119752293512947	9.305385743085843	12.3318322529336	0.33618059845374004	2.219977045752605	1.7412241673657611
0.15112651786483597	10.781769936171829	13.706199863638277	0.31580788775725904	2.0881331324625347	2.071370258551142
0.16821049874523847	10.539790547407751	12.46753429620937	0.34819692063005125	3.125965563372097	2.097170162088744
0.32735171627965476	10.958763154984169	11.308335153962195	0.45474329131335967	4.571110966580413	3.7018029209150787
0.32990762891512265	11.507721940885062	9.205800440569968	0.4013781869218128	1.863313546062292	3.0370637956142295
0.18341572913875828	7.769189837626339	8.96790223340484	0.4414509427794274	1.3170949535861236	1.6448543269850477
0.16288972840217197	9.043565493934928	10.77829227043336	0.454694518375542	1.121998459616935	1.7556731005701194
0.3287849683523768	7.623148800332088	10.1646871734985	0.4603508815902313	1.1383980230229827	3.341996350650515
0.20096257497133227	7.520475892790634	9.846410557885209	0.4296817366269762	1.15118383002909	1.978760019937524
0.2532893864521888	6.321545207394975	11.323216838136412	0.37611176821337633	3.791493198919932	2.868050645596665
0.17056736237382675	6.051235983154866	9.088974499712254	0.32717989078145626	3.1788987976569607	1.5502824070988908
0.175636883455861	6.28305251605368	9.240068642460539	0.32723414169709114	3.1890688932143783	1.6228968592799975
0.20118078029818937	6.121121666863019	7.090423562647822	0.4118721747008552	2.7373266872492543	1.4264569449781566
0.20148661161156356	6.101707921770188	7.163449416532735	0.41662082493434927	2.6972333218821376	1.4433391503880129
0.2129882267224981	6.085767755643618	7.244560521517124	0.4179255900471985	2.8419323653231885	1.5430060988617482
0.20315763643424156	6.094211215391288	7.4835363604521214	0.44009214735526686	3.223308158710197	1.5203375591591595
0.48757507931655	10.754353551168723	10.599696321630637	0.3386129605314142	3.1004387141312097	5.168147774750401
0.2395739019513038	8.910785409747742	11.717787753880057	0.3261474570908974	4.682250357422631	2.807276134434249
0.15520610071152005	10.530143882062552	11.322627495934675	0.3268908260075071	3.046159112780427	1.7573408634530634
0.1482964018279658	10.458272412703167	10.369400045504776	0.3316675899790057	3.8954886520383054	1.537744715863103
0.14475397381214125	11.661557446322368	9.636721724237354	0.43208073300641614	2.2201945578256166	1.3949537641051466
0.17417519085707717	9.573960508362099	9.908356163054092	0.4479496175583376	4.04345741841757	1.7257898257798434
0.2579873772183316	11.154071734473266	11.866708135576529	0.46508460000938895	3.182878060718381	3.061460908112826
0.2418311589746666	10.821877983079906	13.433908128255313	0.45335484964266304	3.1887403703681576	3.2487375722151763
0.2724344021540232	11.934472320715019	12.8125348311876	0.40639449324800714	4.034889376229785	3.4905752668121925
0.26011018704427924	11.791584968174115	12.0527304551569	0.39880401147290245	4.018750157097309	3.135037973085142
0.4888354711852219	8.601982372877313	11.577820135005084	0.36697168638411126	3.7677824664000097	5.659649160992959
0.49302674188356765	8.590349958524158	11.677604489552063	0.365636191035095	3.8627081591890176	5.757371294488776
0.4376231919095526	10.351351972295648	10.681329674600416	0.3177610054374278	3.3842187623412183	4.674397586036857
0.31167640133550184	10.7220474325173	9.409298898915116	0.31787042123738407	2.144112564157321	2.9326564199039633
0.21007038161580968	10.578442581741216	13.214696209681712	0.33233411834955967	4.311002358861839	2.776016275704831
0.23246765458917393	10.446478527075833	12.161177065486152	0.37239983805538407	3.3272382137893897	2.8270803094572186
0.37737080057002576	10.561619754706134	12.987478502097348	0.4522658813756652	4.30712520212561	4.901095159722475
0.28008887350372663	10.725202741757013	13.80485945592995	0.4603267383626866	4.060196991860038	3.8665875338886884
0.2748978074243432	10.091918818616312	12.968481149686191	0.47573923401131174	4.1684324215575455	3.56500703367266
0.28073447376484684	9.306944048558643	13.534276664698249	0.4468325244599613	4.8028169432290975	3.799538037251909
0.17993286941476508	9.996916088007055	13.677610955820992	0.441812916541482	4.018202728446654	2.4610517860196985
0.15207835865781097	9.158166077778665	13.456523259362012	0.46113040586664195	4.669190295143206	2.0464459705244313
0.1578029781751819	9.119414888652399	13.822305737758372	0.4626420756574073	4.6003601342513205	2.181201010666176
0.1479734226486146	8.674024459934934	12.9184195151734	0.4799666993033239	4.325311030967746	1.9115827508708643
0.19309593952155107	9.410963915947555	10.157254722593212	0.41400193508817673	3.7318466721014087	1.9613246436188478
0.22003013685606357	6.678723725410523	10.3103556297432	0.412849443786002	3.722875672492743	2.2685889602470817
0.2034693293702708	6.19060986357993	10.136704935949762	0.41973734503711224	3.6870875474173737	2.0625085553420117
0.1803794117626572	6.036720386079902	10.764855965972636	0.43452471551191874	4.802593701502941	1.941758386851875
0.19006513864834848	6.055905019527706	10.582537853274433	0.4197068014523025	4.657443499431078	2.011371524334001
0.19814410917187733	6.140981701278593	10.616473705598436	0.4075625790947656	4.515886070015242	2.1035917249424614
0.16435531100313333	6.494682931488212	10.524731223345228	0.3923617464283592	4.847130312167687	1.729795473437293
0.11427808912802528	7.462934874800875	12.6292389732105	0.33122577827457367	4.950147826101728	1.44324529699968
0.10175091514581268	6.960577340377382	12.690047496426343	0.3467073385260727	4.873418019419501	1.2912239460052095
0.10089156239305008	6.963283830944082	12.7088857996223	0.3372168176487964	4.522615863715304	1.2822193445987413
0.10021224170216836	7.060685535373519	10.776894810256692	0.3233509236107785	2.4654649833699644	1.0799767875242874
0.12724456115094887	7.703692881578162	13.551643705471175	0.3161690016192008	2.2896216168109804	1.7243729561766983
0.2139426614911427	8.464151077003166	10.949368404085549	0.34836233491652974	2.045153534151343	2.342537018017088
0.34599663903835925	7.776671700440992	9.373106025530877	0.4889261350910233	4.223467716883443	3.243063182183877
0.3082799855927632	9.638961217148385	8.881129274827606	0.49842108894662807	3.329045744477038	2.737874404891322
0.3531714146135299	10.898135789139358	11.394929124183356	0.48655466278019827	1.1614317237506275	4.024363238208747
0.4219000850363502	10.427224376237652	11.926851360612664	0.4416046762502108	2.4135657084270226	5.031939603258392
0.19564553513313532	10.123738514274043	10.352980960682203	0.3898562648718471	2.978347253417928	2.025514500275831
0.22830576042210507	7.390746679175249	8.680697315105325	0.31191604448474636	2.225773926198497	1.9818532015192472
0.19607686975645025	10.78102512899546	7.705825492235776	0.3537246839539612	4.948813280419283	1.5109341414070483
0.17187276570241952	10.355372181045333	7.719678384101899	0.3537444837919544	4.909633082297417	1.3268024742087783
0.18873172143207384	9.853425759980906	7.921129626279029	0.36152628892943456	4.132550632705567	1.494968430054241
0.24021131480872343	11.31765836813044	8.466761593747604	0.3317371093820769	4.679218967074959	2.0338119346061148
0.17095906969669747	10.557157723717545	8.629608531309422	0.35026530011411805	2.3026075860613235	1.4753098463593426
0.11345749932994148	8.52900104780863	8.709744273193577	0.37327830768708414	4.6415475545418365	0.9881858050398219
0.13610055502777957	8.948715237860974	7.531408287907877	0.4769276086521935	3.9347590907269057	1.025028848125081
0.1385929575640275	8.988123648153218	7.890644282901428	0.4665126534221789	4.434180752817944	1.0935877282529938
0.13582529452152395	9.491226246242716	8.603224249453424	0.4754878927849164	3.4701675550966953	1.168535467516728
0.14969177982329912	9.42232772871307	10.253430491419516	0.4768091680755577	3.015355620234516	1.534854259555072
0.16163244824030276	9.921478965984996	9.505203635369607	0.3372672432833509	3.6372085720335168	1.5363493346074157
0.14233452625701576	9.430120177090291	9.674859701497539	0.39528679071011935	4.615489504537532	1.3770665722157451
0.14819977431192383	11.246366969131913	12.240367119583816	0.4052456581510374	4.135763899379591	1.8140196446174146
0.12226707383504432	11.909530981031907	12.302561725639876	0.3963029872116629	3.6209060647805975	1.504198222869001
0.203964743542972	11.921109286139076	12.373071286390251	0.39189757990324287	1.976608131085772	2.5236703117674986
0.1922353598797865	11.806416075789071	12.416273801963701	0.3886491580306405	1.9928610602983925	2.3868468626864567
0.13152096532412297	10.995535771685244	12.34084791406096	0.41989662663416577	2.771057698029228	1.6230802305754868
0.11627674153445663	11.66429908087522	12.673896645266332	0.37354425283967085	4.028499564773036	1.4736794044560504
0.11247476810244766	11.725315611521639	13.850024611342736	0.3869723123520328	4.417769372400702	1.557778306373967
0.10900480445287364	10.848169727933204	12.308993237139152	0.33475325354153734	3.7214460595489207	1.3417394008260972
0.14318464356864535	11.994041607386183	12.475851441417008	0.32463441012424443	1.5486812069484464	1.7863503418546647
0.14521834858146335	11.860542383832536	12.779187703804004	0.3293692933682779	1.3827590661386977	1.85577253455896
0.14814738414553566	9.604421574571814	13.001495453034464	0.3193558637358393	2.8421509682713766	1.9261375413471318
0.1011500587032392	9.784111171392436	13.53301643337942	0.3229240374315979	3.1083461945887727	1.368865406668229
0.1034711672778741	9.525467350147704	13.025961736268952	0.3235703110254052	3.455388144549336	1.3478114657686722
0.12464238078646427	10.417271190787549	12.018066170377143	0.30995158033157627	3.9630214926145073	1.4979603799250722
0.1147740958709376	9.777949334775219	11.191972067172165	0.3153316506880735	4.0347044258363205	1.2845484750224738
0.13697625967181917	11.296214618690671	9.886390517069518	0.31674003070340656	3.5266423142955454	1.354200794683125
0.13303123969665903	10.38329076587244	8.423290511416507	0.30725914607356153	3.628148291059425	1.120560779058843
0.11947370260198165	9.447286541867811	10.182555829557373	0.308894918798921	2.093519282373712	1.216547646908612
0.12873122320918087	7.556245192100662	9.782844204983988	0.4277283585782639	3.766703131226476	1.2593575009724354
0.11730379830594032	7.077727845872658	9.284085116119316	0.3982511216697317	4.123900368934502	1.0890584479164427
0.11728775787023228	7.231525812991069	7.31595872081725	0.43141516193154655	3.975307332768187	0.8580723950358279
0.10378722890911042	8.27338881334691	8.795077031829393	0.3827653808187899	3.6557871578391534	0.9128166731757367
0.1326452517051147	11.406888626266984	8.687700208825301	0.350271702362824	2.9619578569275835	1.1523821809382098
0.10360250928144651	11.437196702299708	9.631867860938833	0.312695350120529	1.7389650113804402	0.9978856794605818
0.11793323772820984	11.443873719272784	10.990686442013544	0.3044591029025028	1.691395132697894	1.296167236962196
0.10757100907393756	11.915462280687928	10.4576322961243	0.36020388578820567	2.142475799760428	1.1249380586182895
0.113104271598922	11.25427020533704	10.113898050114967	0.45415911119622504	4.54224431931179	1.1439250719840108
0.20436514960484492	11.53441961682685	13.388762200157496	0.33695836268645935	3.4398843340497804	2.736196390058879
0.18090329623064863	10.91912326343894	11.6749767986983	0.3166124939405713	2.870887191615757	2.1120417863008685
0.190903582298432	10.452567589398567	11.17722132031906	0.3473457527943514	3.7575731006672166	2.1337715901913183
0.13443687602835813	9.027907237531968	10.141819073482605	0.41125337363794406	4.369274652583818	1.3634344734838189
0.1628347814997251	10.322571898428667	8.425576627458717	0.3983823296643533	4.2464943275509555	1.371976929141431
0.12697032904703656	9.725552543782799	9.334031075487248	0.34116119242673865	2.6132069214765856	1.1851449969898804
0.14887761065353264	11.713873256466224	8.509521528351126	0.33288160266190214	3.8209954062507334	1.266877232945713
0.14054594949245222	11.850963129587303	8.416862330581079	0.34299280071447286	3.1959394344402314	1.182955907998772
0.10851489986398694	10.936785563087875	7.479022347703202	0.357642475429652	3.697152581423389	0.8115853611415335
0.11609892250591845	10.623938228839064	7.049067067415634	0.36140476294340235	3.4073797078923884	0.8183890911989096
0.1410546705816113	10.002481259042948	7.433279014691453	0.33615104430382614	4.183900774310005	1.0484987227585072
0.11625009923101871	9.996190770260265	7.872466147520738	0.3271529289747085	4.910257442095538	0.9151749708421214
0.13352106888025592	11.747979562067671	10.067579132841372	0.3840790618418737	4.134720774067358	1.34423392685354
0.16852815021784337	10.397092666077608	8.933681904155588	0.4314966459105004	3.383395549093703	1.5055768859419618
0.10751708327125124	9.071934016912762	9.67577927541635	0.3856116679294986	4.478914106544093	1.0403115660691866
0.11838748049028136	9.224419282897834	9.910928378639452	0.3795531940676288	4.868575573998106	1.173329840066754
0.13295038752744776	11.028408830376868	10.497794485777739	0.4497452464269852	4.349480827430424	1.3956858450676546
0.1275303195227616	11.091086043218963	13.256429538952908	0.4052221939721285	4.4007498417245685	1.6905966948336395
0.12423879553010428	11.442057811653248	13.815793893244418	0.3412491740921076	4.0425165406901815	1.7164575925888566
0.1216900207629568	11.607121493564772	13.913795908505888	0.36578342164017896	4.843386057845134	1.6931701129976249
0.12360753175004933	11.65100618307993	13.99879224854006	0.3640321108855328	4.789525571962428	1.73035615732376
0.13745401670379623	11.40094242898422	13.514243613214427	0.3446174539689363	3.954515241444771	1.8575870673499473
0.1737673744330392	11.89728815517726	13.938537369440011	0.3586808601153485	4.687170401232806	2.4220630421243916
0.15700433988314688	11.998377682425051	13.474760998996832	0.36516139457469776	4.653180311620063	2.1155959557306705
0.1768355896443069	11.943624975466339	13.516781646066905	0.34586419111629496	3.9386801422711866	2.3902480524755862
0.1848311173436037	11.87289247979816	12.60542122320544	0.36480695853522793	4.015465934850152	2.329874089271837
0.11627490299075709	11.61745851858963	11.165988004402372	0.3155559284299234	4.48620009224783	1.2983241720078431
0.10904819098482597	11.524329705579193	11.698959343609738	0.3422160035118222	4.791417325059287	1.275750352825669
0.10716958907302548	11.191667667116162	9.466500855801828	0.37045023915526726	4.104410174568929	1.014521006675726
0.11340898256630016	11.151140730659945	9.676031737318905	0.3666826587707381	4.314488799328841	1.0973489146085667
0.1245249496788662	10.471670886129532	9.528880409174972	0.4626862534225684	4.359351680825441	1.1865833534484473
0.1663682398100498	11.143354810848203	11.759897038032207	0.38976873366802856	3.356402793498592	1.9564733705648367
0.13157692117803824	9.42822746787795	9.117573425274765	0.3785997918405149	2.526006290086636	1.1996622399123538
0.1724805390612326	8.89975480024353	11.76652934549582	0.3527141908740089	1.1123711062807993	2.0294973243909316
0.26577606671957926	9.861997146876108	10.801198505311303	0.3383286026769657	1.3994586119835912	2.8707000545990367
0.3025263471032389	10.905381925790731	10.408632596641125	0.38709005207008007	1.659593212820025	3.1488855978015398
0.17401420489237834	9.196746223035207	9.75314189335687	0.36957802377516213	3.6407129354840015	1.6971852317750413
0.15169142364397387	8.100018746541835	13.123461057399506	0.4096362054466453	4.424531154942968	1.9907164909331818
0.1642749980799272	7.3911911526791005	12.776266778973577	0.4222303079519041	4.506846403657864	2.098821200584522
0.17093648380702137	7.1649130808320765	13.722239291355521	0.369859354011861	3.6757079159723065	2.3456313344228654
0.17451266523174727	7.102153294591385	13.799077067145776	0.37876386084234054	3.1211458130363314	2.4081137167258917
0.17521663993464168	7.235601112981722	13.98898515530255	0.36600956793849937	3.978311598052577	2.4511029750076947
0.1350864578749106	6.630673943460794	13.956441195809836	0.42491907709795046	4.514677309677408	1.8853262056814324
0.24726579942613772	7.497160571215906	12.220850364590069	0.4348124500371756	4.657353184937137	3.02179833506757
0.24974669539884728	8.417550480827913	11.533350183373626	0.44645858901000135	3.8824036424027297	2.8804160951752524
0.20677738254288025	8.120862402040077	10.151423206983637	0.4273914227677774	3.588737221625503	2.099084719825128
0.27994796743454564	7.8332861050674865	12.098292605606575	0.37136748010653053	2.9709785116821066	3.3868924243679537
0.22451318602206663	9.51705916125222	10.578510357377036	0.3070940610571567	3.660605636853573	2.375015063702149
0.2192746743389256	9.410999011541817	12.607505001862256	0.3106106618728352	4.239712418749517	2.764506553509722
0.2166360107648776	10.628138203759548	11.275832481100355	0.387733049123991	2.281243956502466	2.442751366758613
0.2785221916364136	11.064451169757763	11.923083071820963	0.33436298932880193	1.5894903950710453	3.3208432282265976
0.22147406394766891	10.220367186627865	11.547962945074715	0.34929615939573805	1.3139456044948528	2.5575742837627886
0.27947883313795546	9.059117795524957	8.518494587273551	0.3602290000194963	2.980732996404776	2.3807389273432014
0.24513082919750007	7.700366614774325	11.419698305443452	0.3160940017974177	2.447021005019808	2.7993201147986397
0.11466030022693215	8.18202926999375	10.177563686685131	0.4915264038072408	2.984212879700564	1.1669625078940395
0.15856900606490484	8.519079892785705	7.8047610975645245	0.4878145443379209	2.867537899423456	1.2375932098148426
0.15292095673286696	10.643349843812924	11.91485205345717	0.3934294430202396	3.5715202073503067	1.8220305753452348
0.16179600795795648	10.82556608576998	13.084754743403568	0.35794332276859514	2.9072266846729544	2.1170610825916327
0.2499197010379944	11.970020426580732	10.787363752603037	0.3308925038103904	1.4056572866250858	2.6959747240386482
0.24829087244104123	11.955871352440008	11.040325996761805	0.3343274759984075	1.4386959838783075	2.7412121737694966
0.29935885023724257	11.934545989241528	11.504707635875665	0.3463481209271938	1.3443062120115803	3.444036050191364
0.22592028467185085	11.925726177176784	7.374868416373654	0.4560480192331105	4.785439688425882	1.6661323720445778
0.2224251505722984	10.97710156241197	7.076231135272039	0.44599787331561824	4.584696667065546	1.5739317757472693
0.22770806637643537	10.96608964542418	7.12408671863201	0.4465000491645928	4.154527272321928	1.6222120113977394
0.20100190371156124	11.89119709291202	7.150181100199352	0.47222542871268713	4.9213039797831755	1.4372000130224951
0.20100190371156124	11.89119709291202	7.150181100199352	0.47222542871268713	4.9213039797831755	1.4372000130224951
0.1909077121414484	11.996342253821345	7.682668439863654	0.4728062034998784	4.206045739976478	1.466680654995681
0.20186863284325435	11.983080197833708	7.973297743807387	0.4778195447102565	4.344741455706877	1.6095587147946016
0.19916128511522063	11.559669000104046	8.029016328708579	0.4764169654889628	3.709134591066957	1.5990692102366912
0.19262814525603117	10.596617439996702	7.430029592719831	0.4758066433724616	4.1296330542881226	1.4312328196430457
0.15958565005550554	9.86414964671483	7.363156599882116	0.4865687145887525	4.940313553388596	1.1750541324526733
0.18152650317598573	10.105338779958602	7.333253397712482	0.48427999290039286	4.558101550450685	1.331179846190163
0.17085830277186193	10.265305847844203	7.109031787350888	0.48115993369289	4.78378010574574	1.2146371055379888
0.17626500376982893	10.554341984574572	7.205709506093148	0.4686553052013491	3.978583577578173	1.2701144132558009
0.1899136573086064	11.487286077298036	7.683487807290081	0.4738758295630576	4.6525694304937515	1.4591992703685441
0.1253684869913821	6.481563073801425	8.821951862336157	0.3388997732100534	3.443973266267222	1.1059947572918893
0.10378954215955168	7.008945870938602	8.039333641083438	0.4009191027816236	4.468616503119895	0.8343987578759315
0.11249065049804484	7.892773241058659	10.06734556888521	0.31854249295954123	3.8845806719394016	1.1324822518325066
0.1036937854383617	7.396618413036727	12.805270681491455	0.32583505248839584	3.1472042230577326	1.3278269905267188
0.1697076260704858	6.9485719868181315	11.825775652543767	0.3394239375108674	3.628387532673812	2.006924312435353
0.13407241168015835	8.462861392456158	13.364911554328472	0.38461490705414586	4.918300109322954	1.7918659239808319
0.13502364051721033	8.147900329133776	13.404505402575396	0.3544111963887542	4.033800403307951	1.809925118788344
0.13661163638071702	8.485797328757748	13.931946981122646	0.3717830765639777	4.532112363557545	1.9032660750605552
0.1325899441397984	8.614851803187976	13.58941476078683	0.3979968741047464	4.503713217769425	1.801819744025278
0.1652402502695468	8.419775602620328	11.924026206117798	0.3813954294961093	2.4665252414905607	1.9703290745195396
0.16286029669872207	8.730275095516836	12.819724302318242	0.49706636394795106	1.83306822676872	2.0878241034713665
0.1611019694882393	10.42235087027322	13.80079902061706	0.47773769388420073	2.5797804785560654	2.223335902732772
0.18110070987536112	11.291698290273574	11.62834719509002	0.4870246951587135	2.0754865639440547	2.105901931707967
0.24003504321645008	7.799692966363478	9.866082557563386	0.4490046715760376	3.119705768248965	2.3682055530817916
0.1755302570558575	7.136131001317176	9.849608908817517	0.37445438796122943	1.9856131241105988	1.728904383664403
0.1147187934207556	11.324737591787528	8.30276080407735	0.31391825726002487	1.3446553282952396	0.9524827015048961
0.12487231370990436	8.547208359194004	12.40480417454162	0.3786828447107626	2.71649975180292	1.5490165983932924
0.2564356630701356	9.552889958410836	11.837317556843708	0.33364737239407694	4.132830804540649	3.035510376660974
0.27471033968348885	9.889387921695024	12.784761268662667	0.35881822798913	3.228767455053935	3.512106110886633
0.19648743317302936	6.85824243978352	11.637647775569334	0.36758796578103	3.477640250181535	2.2866515395934335
0.11696613203206215	6.36446225557951	12.834757245888484	0.46276195126294783	2.0843348124070475	1.5012319106220589
0.11167488684327098	6.374156339089726	13.610784225501327	0.4947577133157765	2.3263070278415614	1.5199827882310384
0.16833038774919795	6.340578860337506	13.429223895237564	0.4934141147395527	2.3224808129508485	2.260546465456134
0.2590664765229688	7.366081782714622	7.502871135155312	0.4782216510031372	3.2603523733520885	1.943742388790574
0.2062698474686816	8.850671062920851	10.574205206576927	0.3899415860386908	2.534443682441708	2.1811396950631616
0.1190167634488596	9.738473466950909	12.921559969375169	0.4849959109124893	3.7620349994914783	1.537882246265378
0.1219649911634979	9.680211519946845	11.830076630553169	0.48953585202224753	4.994584059168663	1.4428551917089203
0.1324309046663474	8.584487000076928	11.792013547138712	0.4598089464161976	3.383946791909679	1.561627021885404
0.1674681546336363	11.686129878234455	13.366719731955214	0.3180154793086418	1.0151936494836167	2.2384998870155535
0.16540467846389373	11.881952889992128	13.088660370953418	0.3182474574432956	1.1160274924164086	2.1649256601806584
0.18317181694464876	11.300260218603004	12.018917075977383	0.38053928890522953	1.936567199556364	2.2015268785138424
0.185917921335179	11.035869310630703	13.524299671223256	0.3890248535785705	1.743805666955316	2.5144096823878725
0.17273168914273057	11.25016989034662	12.140651990951133	0.41147145929610135	1.697212646808988	2.097075325691044
0.16519522033475673	10.184202220312953	13.353444904584034	0.3876803355811662	1.266661993894927	2.205925273240794
0.20076877242529617	9.323544623788763	9.534878670109325	0.3245780838510894	1.164408282039619	1.9143058858219897
0.1212208406235396	9.421510606718803	10.612611547377544	0.44934395424453494	3.6755569940501904	1.2864696929841892
0.2792374130707963	6.186354224280132	7.248885182116445	0.4354118374183004	1.9337549861059335	2.0241599459014243
0.13720251114285342	7.397012289640957	8.286439120693498	0.45888960614921454	3.2968383307193934	1.1369202557915261
0.3156761281112652	6.309188698845812	8.541145041723714	0.37853859193431005	4.499226375227321	2.696235596408073
0.2948708885381375	6.392436205424858	8.470471163705527	0.4025310917244216	4.639119271892631	2.49769535837852
0.2471435326035758	6.253021753816321	9.866196513720876	0.380495590409836	4.988467223046409	2.4383666597620612
0.19940244366661952	7.1244168256661276	8.855790820417011	0.43429353126612896	3.5736823283958166	1.7658663301915694
0.2576660734722148	7.990213640074772	7.664230963538632	0.31575436567109394	3.482940318484796	1.974812298559169
0.12065965594617808	8.547584504379978	8.761642041380487	0.3227194344852998	3.9299561433781856	1.057176714236539
0.12732402041353932	7.603725716411968	9.764003434420145	0.3136072874703766	2.7093177761114497	1.2431921726019786
0.10838009337031616	8.274922303816437	8.812657440530941	0.3782405028364176	3.063293849984852	0.9551166362453549
0.10729532017425976	8.054004007557321	8.548487558078492	0.41252408137570606	4.8438614125049195	0.9172127095497077
0.16100586476441797	6.6631954908773565	8.86007499444312	0.4075095756321341	4.6951892696601565	1.4265240363579104
0.1393724913099589	6.900197281640923	9.548860966799	0.38712587805455567	3.322540059425072	1.3308485421151994
0.13220492789775634	6.510444768633266	10.148066217970587	0.32213863537072807	2.1464673640968206	1.3416243626484583
0.18487291863232483	7.544296029914186	9.095929900578914	0.3275315802582513	2.6331149602267967	1.681591108395056
0.20506221530409852	7.177950875805228	8.049348642983826	0.44906633181721617	4.089171338328486	1.6506172644853025
0.12466986357474194	9.799717927808164	9.885357639917489	0.4628120888894493	2.962511429220295	1.2324061883560462
0.27964408920237127	8.6252458392803	9.875556836668684	0.4612460190133949	3.5331195834968208	2.761641096956465
0.4506266612757297	7.7997752374782525	12.292414425852908	0.3255826276647211	1.292717660844929	5.539289671739712
0.4766923808070389	8.569217368411461	9.884426744294935	0.3503969705168877	2.2168841173139553	4.711830917650721
0.3876577073013847	7.210555164333206	13.833820170810254	0.30867302340062847	1.545644571967062	5.362787010635953
0.22664670854159735	8.754983212736889	13.070000388969124	0.30967365724724966	4.320433891114705	2.962272568797249
0.24076548382843027	8.714378856689619	13.960597378304563	0.30771967225694447	3.79570958587897	3.3612299823214133
0.14326996011556187	10.679977574125283	10.75573064691344	0.3107791792152342	4.094368818717447	1.5409731007970149
0.1451323058465721	11.555788849307527	10.819632970079692	0.30326842584137526	4.647601855306449	1.5702782813612612
0.14139412916516186	11.649780755870085	10.334916544909026	0.30355722452490064	4.986965130019344	1.4612965248620353
0.114443963570308	11.0890804799493	13.338995697380073	0.41210615550098983	2.0346197260066643	1.5265675376554602
0.10435203031540607	8.771594401770416	13.574542855348648	0.4436452241402311	4.351811753292921	1.4165311075591211
0.11004186007682652	8.317394742252954	12.466587021677691	0.40314845227655616	4.412937111653401	1.371846424675038
0.23317293913247172	10.036799739619685	11.130362102099724	0.3175361310739108	3.9021718760976816	2.595299244955269
0.188635070150472	10.374991179908632	9.721275482166464	0.3693330925510415	4.921674332320886	1.8337734825305345
0.19351940986823044	11.041783264651007	10.297887627965752	0.364077917705276	4.2235888289058	1.9928411366532837
0.1460107993349248	10.526898970705867	10.599180549711038	0.3947030413548753	4.216662344567151	1.5475948243584965
0.1473416327282831	10.632710294235183	9.05498327010904	0.39590975468921447	4.705724488730853	1.334176019345154
0.1322138521322007	11.517098258986511	8.157431689192995	0.414864864762768	3.630429390249047	1.0785254671334907
0.10396404337712688	11.176887569291743	8.597388325886694	0.40959233972259895	4.156016245414774	0.8938192528424885
0.10385022726264195	10.779456685312354	8.731191732750302	0.39295412290548526	3.3072198149207845	0.9067362457198195
0.1851298747602559	10.148190684503103	7.003033670332661	0.34062361317711487	2.1528126437948822	1.2964707463305407
0.22431013961356064	10.628521906678108	7.071981070369197	0.3759919231564624	2.460662072751964	1.5863170612389725
0.19650063144068933	10.722456010804608	7.164269755097968	0.402903960397437	3.3188768871274505	1.4077835306881834
0.19095949325341385	11.074055029010776	7.114065080784574	0.3898525779387897	2.829410437191882	1.358498262798429
0.1997048389005204	11.742740215921568	11.435510244605139	0.4708462098762062	2.7929810297739217	2.28372673114412
0.2506668413664063	10.616143232040848	12.784765586181527	0.4807697562958476	3.8025220619648543	3.2047168070980554
0.15512451688147752	8.098716521579519	10.582546570212164	0.46267095976559847	4.2458853599169135	1.6416124240798988
0.13545053322271677	8.350773718641822	12.45669400088259	0.4743438982999488	4.710921251639852	1.687265844611764
0.17244155489221347	6.733266910133008	13.959141045170131	0.4510386705945896	4.498859460885537	2.4071359867888553
0.235882106621143	10.882241600533032	10.404627744622829	0.3614583946140266	3.0640388955366	2.454265511010425
0.41029750300830053	9.351357456369268	11.606413133379569	0.3902651028317148	2.4854428612338206	4.762082327508383
0.3257214667698752	9.158809894614496	9.730570287028115	0.3265547483272667	2.302805346592334	3.169455626398163
0.26708041157823487	10.502218345454672	10.137733105099183	0.34423403592721946	2.010311359089364	2.7075899301801867
0.17779559584740814	10.341694865341744	11.620018343136705	0.4843731666933021	2.22095409955357	2.065988085075803
0.19678374537117696	11.19607581041256	13.308203835100084	0.49643631350922335	4.113539398102532	2.6188381948340558
0.16142444767697464	11.459927085435144	12.89580752708991	0.4960293970570749	4.638696983432246	2.081698607409061
0.2257314830010556	11.706281733257272	11.565644518953816	0.49019698651707216	2.885446412387888	2.6107300891264753
0.28133188238786905	10.356812231670704	10.598523806824812	0.34570219780259853	0.6575171865537971	2.981702653106668
0.2296247826973322	8.698642111556211	11.279265885578043	0.4536418072318356	1.072488822150313	2.58999897796129
0.3558418702849819	6.807280088018969	7.1530557970891	0.36781509617546415	0.6029977516731008	2.545356753089017
0.38471748351233725	6.97264077509512	7.394543165534504	0.3784614100648491	0.671433006525524	2.8448100383677866
0.34450757651925046	9.826254219384996	8.989622892130235	0.4573187638919655	0.5525216164744429	3.0969931963897626
0.3212747345344162	10.351236572697967	9.791132607318222	0.45149764091424727	0.5179092573525136	3.145643529207428
0.2706389643430118	10.280302734153954	7.573283640173357	0.3492229079314389	0.5470189221780575	2.049625641052392
0.14700101875424892	10.162350188673436	8.845333035610398	0.40277970074381647	0.9673783486828883	1.3002729674553417
0.16347710050595743	11.24879875194482	12.007552211747925	0.3304687547495875	0.8897143225058459	1.962959819750447
0.16164911493953454	11.377681665262267	12.712269168013531	0.32704118015892814	1.0297020237213435	2.0549270598825204
0.20142807531684143	11.441466425077875	13.804131074504648	0.49510216910938265	2.1969731710459883	2.7805395537588735
0.23108087521382484	10.674009237632143	13.894123959544308	0.495195294274657	4.298443502241204	3.210666324900872
0.2274805199189611	10.750230542511947	13.949784017697127	0.494433009439923	4.467423670481828	3.1733041211029565
0.22265842829230367	11.239681789493188	13.780030982897948	0.49553848883428814	4.911310560454213	3.0682400404713057
0.22225202063044688	9.633077918863002	13.616926912137505	0.48119421145846186	3.914737542610705	3.026389520999672
0.37614551694213905	6.763697493819234	11.228063481794466	0.49218581602382167	2.797630597287444	4.223385742618733
0.299492628608514	8.251413232062145	8.06522257624559	0.4797975068113533	4.092063595690704	2.415474709672523
0.21935174959261816	8.129690996654547	8.167569980369585	0.39874569732801046	1.5556749975722346	1.7915707651142145
0.22813640944977284	8.810374836959534	7.085381564472862	0.33947400561527186	1.7032171090464419	1.616433509700453
0.23657375077536844	9.578291403478461	7.275046764216963	0.37195026947186105	1.867172403914688	1.7210851000770144
0.12693879883193113	10.765586450050115	7.600867001511485	0.47163714912198207	3.3007612540827567	0.96484492725313
0.10053550432318106	10.77028181674278	7.412345044659402	0.4588714569929881	3.2149881836013687	0.745203847282265
0.13690782553993827	10.862859325695911	8.114482961000913	0.4561695758200596	1.1871076089183557	1.1109362175715147
0.2167490853980991	10.406755338446912	10.168241446334974	0.33398553335178305	0.8471534638012084	2.20395703360015
0.2970233399417613	10.401138344673052	10.314888283786356	0.4022844467270257	1.0481639712320634	3.0637625691763652
0.3720671344723335	11.350796796675828	9.527935582455033	0.43147615727219146	2.6298402146540742	3.545031689601028
0.3491870848306083	11.180714272358864	11.328104990995772	0.4157498835167564	2.6342571196167417	3.955627958460878
0.4108954270322887	10.300907752784367	12.29292712799044	0.36519223631667935	2.313786050282576	5.0511075417324385
0.46789143466352967	10.281484717400495	8.19653780235126	0.4589263095399879	2.415972479322455	3.835089831615986
0.4352327325429724	10.430076908494735	9.073421701348622	0.47815692787157177	2.9702162300365167	3.9490501205926662
0.38267745404140285	10.875941892522935	13.028958858467536	0.4957914186306925	4.139885562153784	4.985888804768539
0.3646545981059972	11.094198776844188	12.09587292652914	0.49829364416949057	4.270017685272426	4.410815680764696
0.43819564989368953	9.653087152767398	12.222148104907712	0.49936190652424217	2.730442239501377	5.35569213192696
0.3452091683159712	9.126501216336809	7.582301737401117	0.3081804832300963	1.3788296411382908	2.617480076688983
0.463271990148001	9.65126814306116	7.596326782287653	0.31203977410011363	2.4911244859464863	3.5191654262449616
0.45906963218869046	9.062960410991295	7.664420132900182	0.32666751975974784	3.4182744146563246	3.5185025313500806
0.23529978167805296	11.076187126624	9.776556576790254	0.3609130486680742	1.6206191654875752	2.3004216280818794
0.13460767148397632	8.513321711659122	11.5435218061804	0.4478774918024087	1.571946633625101	1.5538465910544483
0.12666554204359248	10.626772805808827	10.69506639061496	0.47602209176977417	4.6957159223435365	1.3546963815594522
0.12409659916098124	10.048027697079458	9.834373181120387	0.45986816940675435	4.465659924048173	1.2204122666570008
0.22647482045839767	9.67475176277477	7.755825436612419	0.41323636169165706	4.389427315977487	1.7564991732634714
0.15222078386831628	9.024561953662047	7.505298160363511	0.3203485733629215	3.5787142387054267	1.1424623691359657
0.1552269850057491	10.540404319967635	7.656866886467482	0.3884334422424557	4.469102363810509	1.1885523613767046
0.1665282606869156	11.425457453169953	8.395797226248279	0.3911814191553518	4.0168770892272265	1.3981375091671562
0.1594123776043084	11.697045654234536	10.88720659674846	0.4330409590426404	4.874054695185455	1.7355554890569829
0.17998971142129988	11.49535063840161	9.08404646664483	0.41186594585874703	4.843564490324886	1.6350349020690818
0.1925096288079745	11.834703051893973	9.521034770400425	0.40271518310784016	4.785678275322631	1.8328908695176045
0.1791274036746106	10.23964773312908	8.494600702203757	0.36206048028594234	3.3337991092016086	1.521615769038283
0.1303665304068784	9.521359396289133	7.836783913830175	0.4017855808855395	4.94443312805249	1.021654328394477
0.13114481142246767	8.152300374958093	7.2183635833015005	0.4910780400245748	2.9979888859926147	0.9466509309108833
0.10722808296338508	8.519140951753554	8.060635824192012	0.4262340176502696	1.22722327122115	0.864326526894095
0.10997660089560309	9.671577013313497	9.421261711229933	0.3183345707970148	1.2654744955156039	1.036118339148961
0.17506935379744884	9.751124211782226	11.684900283792212	0.31944181782275693	1.2853655698632385	2.045667941871129
0.11067873181536576	10.644845873253628	9.960299732213471	0.4189554665859085	1.0077656058104383	1.1023933428623143
0.3530398489795752	11.001638354424347	7.94954108854113	0.47420604655657006	1.0933891558000919	2.806504785355488
0.12370281858683004	8.194157648793075	10.77133226520918	0.3442015490637545	0.5532605035929383	1.3324441611416402
0.17747930042597584	8.065583105131186	11.969224177439756	0.3261979402108016	1.1936772557087336	2.124289533653684
0.17735670826041158	7.46349026692688	10.44322306969214	0.34534898874641884	2.218570340931622	1.8521756672697887
0.41088634433418614	6.514610987334262	9.917368582960036	0.45358292163733693	1.613857141105591	4.074911322467157
0.3429203833132125	6.03509432510052	9.961385492723805	0.4289093482284408	1.2368861770015975	3.4159621314955215
0.3618684293601974	6.037224398339104	10.192480081859628	0.4470666777179687	1.460035656015884	3.68833675850764
0.234558385222408	6.868028515927128	10.361480131742859	0.3836621177888785	2.025102008469277	2.430372048215668
0.4017214878984524	10.733725236031503	9.425182340048208	0.445243922295932	0.8879387299545117	3.7862982733583834
0.356218048095489	8.946366594469737	7.707485022342606	0.37757331589723897	0.97238472247958	2.7455452703841
0.2200296402610874	10.33657899548303	10.888470679259243	0.3618837200432255	1.8707223819013112	2.395786286550809
0.2456251952413357	10.78918333558066	9.231011693180125	0.33740256873807184	2.2513964135172575	2.2673690494124212
0.13912716614264886	8.310017150602066	13.317915922391132	0.418160493647076	4.496104105109956	1.8528839012083396
0.12530125270703274	8.238018831817325	13.69628958097746	0.37403324060778464	3.7669447792270137	1.7161622419347562
0.13454115916705794	7.931533013573765	12.78340280921268	0.3943403483971416	3.994044950367068	1.7198938320508987
0.18963751583429608	9.891387521799626	10.933775283312263	0.4918386653732041	2.7985870762523315	2.0734539834177643
0.1370543391387221	11.879856162097479	10.27481343954305	0.4188216838981565	3.1608515576765126	1.4082077657302328
0.12326239563657648	10.025328076975272	11.10911856392932	0.3638972166580015	1.7861281199511083	1.3693365676006921
0.16293016789395928	8.577953278465788	9.794609215149793	0.3664798889866904	2.8805412743489205	1.5958373238800765
0.12187232092852437	10.985207567269507	10.231067383345904	0.44198852421651064	4.425595859071	1.24688392758449
0.11706666704552365	9.47899387462348	11.188667513367603	0.40332418592351776	1.9327770828718016	1.3098200144704724
0.11358261216798024	10.896437243116184	12.528244243688151	0.3991759068311244	1.9115169216194956	1.4229907070765622
0.1529840499308452	11.150591191234428	13.649911516186837	0.4288213989954488	1.4660438997199867	2.088218744943946
0.22141651647575927	9.075895753930515	10.587570096359183	0.4160708907814528	1.2220706415228646	2.3442628886787693
0.2863825607030148	9.714053039633088	12.50723341694244	0.3011954988357389	0.5368891996364374	3.5818535332542942
0.3386174835168532	7.500308447499312	12.997773708837144	0.30125598401611103	0.8747900223122528	4.4012734246079495
0.3564585587168905	8.90470072156711	11.337909060218962	0.3754049509810612	2.3102183993172494	4.041494722468825
0.24873940478305073	9.05603563130567	11.696600153855663	0.43704808793617805	1.651500810800462	2.909405360255397
0.2100838455857099	10.353027556466811	13.902589249275234	0.43158989193924535	1.9827357365646556	2.9207094130862887
0.253523826096736	8.080028354681481	11.24369565768068	0.4760263044840461	3.9301974496106302	2.850544742602463
0.2437206750760428	6.541817175097259	7.69467610228775	0.4204630814381077	4.44407143244732	1.8753516541410642
0.15919283198516293	6.34660385331728	7.933800379847882	0.4112660914163197	4.542701380710437	1.2630041508729457
0.1498742639025704	6.042998671788463	7.589193104302165	0.4426348372855173	4.7597096028499255	1.1374247301217502
0.16124852054236408	7.083382570443589	8.808035886386252	0.43433066777781104	2.6412380226145453	1.4202827555638335
0.14261121053812448	7.354645003396842	10.822957048536388	0.37818233236719007	2.5317534204000127	1.543475006293901
0.11278694150168868	10.93167491874771	11.436147804369725	0.4393993099262133	1.8112933626922036	1.2898481334161136
0.14879662631584234	10.63820410233422	10.901580214093526	0.41209966915049984	1.62897059391163	1.6221183573686548
0.12102396463307837	9.585744780614936	11.424044133190584	0.36711637605200864	4.396646848403102	1.3825831131419837
0.18551613715638443	10.143751036967892	13.107535039329177	0.3594488194845463	4.672426237804384	2.4316592681383065
0.1918729067347196	10.43361661096764	12.693044464127635	0.3557767484740349	4.53022708805464	2.4354513366452104
0.24386851139115648	11.359831842200679	13.612074315610384	0.3454857387611317	4.168388703469252	3.3195563002936996
0.23122774554680128	11.602422503882108	13.571424707428397	0.3553485240736913	3.9800708757454686	3.1380899389568255
0.2145569395273364	9.034172554396145	13.555492053324471	0.35112742523201407	1.6893786594833162	2.908424888748428
0.1726927767775253	10.647683261247108	10.334830386501618	0.3851246253804342	4.384914847722476	1.7847505569697093
0.15817019782601857	10.382530891330116	9.846204157434398	0.3861581600973784	4.638711597054037	1.5573760594167652
0.15296465279578997	8.907433497544599	8.083099032856417	0.3811778798870374	3.8688151442770304	1.2364284370748675
0.1294577678986145	8.784670706523793	7.094794923117398	0.48657192509671104	4.831144283611221	0.9184763144452005
0.12705715552986593	8.936614468808827	7.161062588850905	0.48838517402001025	4.910662815250153	0.9098642431107339
0.1103192043344271	8.712193631647729	7.093597703381006	0.4921720139173549	4.937281521016299	0.782560054505512
0.1050776381293262	8.14063752445375	7.1906000883840955	0.4915902215783263	4.8468582641535205	0.755571274019925
0.10734702951315592	8.099735101424164	7.055479696031713	0.48830419380194495	4.561318337832115	0.7573847871593886
0.10951449946666252	8.192282601621006	7.747717429904978	0.4815903135115069	4.77786465294634	0.8484873963451806
0.10354748760093933	8.168543695237686	8.142652185428721	0.48145496925773296	4.805318252412636	0.8431511762094421
0.12024140396493292	7.2053032336593885	8.300653175550437	0.4972738348293591	4.954933455517176	0.9980821916541633
0.11575619574334103	6.58428203869672	7.975642812206391	0.49919432765131455	4.884925428946043	0.923230070548734
0.1705719405191979	6.144322539604185	8.708600610314118	0.4270191450852752	1.1460130356616907	1.4854429053079503
0.2036859740905838	9.60514656020578	8.687001578286205	0.3616516179588276	2.9898187690602875	1.7694203783996647
0.21240221448127883	9.717615879399437	8.197202734858926	0.3409101803475628	2.9322171421027488	1.7411040134360312
0.16873982399257412	10.389721834522664	7.45670339545097	0.33780512372841875	3.9948624650336537	1.2582428185132264
0.1710527834154962	10.300953052632048	8.918342065134052	0.3382684409951553	4.386973456682438	1.525507233692684
0.16331532853061875	11.048261056000769	7.546274515108757	0.3252513546862648	1.6012307514756632	1.2324223016172224
0.23771197082946868	6.309026363531465	10.988365412866836	0.3962736909309119	0.9588401016058669	2.6120659984869437
0.38774099423554126	6.34445273945183	9.407378119582466	0.41338750721728235	1.3137771792894493	3.647626145236582
0.43846377825748545	6.649600247231237	9.925528440514071	0.4742110579533395	3.3438626405259204	4.351984701229927
0.2511792138208271	11.330656952489926	10.407755913609016	0.4609647394251421	4.1822161855999855	2.6142119480193764
0.1436812645819369	11.145835280360432	12.538107676321568	0.4299012930635007	3.802021473751021	1.801491166398373
0.138296741099448	11.551189524242776	12.336820177442052	0.4433224672226437	4.3729608176137615	1.7061420260701496
0.2154627932648352	10.71372963418642	11.294337976433845	0.40094270975093105	4.490535998049124	2.4335096084795427
0.21808830600987	10.853986772761807	11.449563357180052	0.40581850417350573	4.591361450424776	2.4970158771200777
0.22971850277380465	11.104669604279856	10.330463023936428	0.3915886171352725	3.6698747481413174	2.373098498818827
0.2007471455490009	9.840391055328489	9.219290066244941	0.4134633560884596	2.8616417880351577	1.8507461647869312
0.15470112543874795	8.662731834592089	9.215692360250209	0.39893909165062846	0.71990911721248	1.4256779798279788
0.1719956235768239	7.165270979698616	8.177654465156575	0.3318501921005548	0.9297269536896408	1.4065207791304035
0.12893294219734128	7.782500421179549	7.749701432134438	0.47395629511985227	2.7140183677392904	0.9991918067960425
0.13113535941813104	8.607343446353768	8.255371529370548	0.4411372904969108	2.309107535409156	1.0825711126342128
0.15352380592316092	9.878119140980083	8.191813455365132	0.4482153124339707	3.283905637055754	1.2576383790802148
0.2006779326051452	6.467800748881704	8.228234264794452	0.4814451363493696	3.725407793486331	1.6512250412497673
0.22488669934835587	6.308695495102497	8.174157172842142	0.46356467651182653	4.032897554091869	1.8382592265551574
0.2094140244770436	6.692808147319227	7.619525667586403	0.4768221664621445	4.557494390038364	1.595635534655401
0.16841076046586206	6.507179633854132	8.655051851265734	0.31758504357931366	2.060023996584678	1.4576038641431295
0.16561959956842243	6.756971518888099	8.812869373756886	0.3911344531193708	3.032089844547991	1.459583896730429
0.3324626122997942	8.832542797736822	9.70784089671467	0.30392871792463744	4.020539744567877	3.2274941443125353
0.41831105370079863	9.523804837961558	8.67219034955159	0.30495505969290404	4.049043380020346	3.6276730830148227
0.17013851710877428	10.90782889049613	10.723890284746915	0.3013553511505704	2.862608630926443	1.8245467906840314
0.17446574941624743	11.439302353090772	9.634309346092834	0.30146204394082726	3.260253309803716	1.680857000174043
0.17967610329838582	9.531444864949249	7.619732177177687	0.3029925365551691	3.788654626081835	1.3690837857726124
0.15182907977931256	9.090151017309843	7.90131384511847	0.30387968446892527	4.874434856224286	1.1996492101518792
0.18601830429807653	9.815205320494025	7.515290058374978	0.3026867864831812	4.838948607891862	1.397981512967106
0.19842342091696208	9.781801301119266	7.56880088311651	0.30431870196690686	4.64064107080546	1.5018273634673016
0.1990287487797278	10.30192650250976	7.394652560076131	0.31410502701750004	4.859612566862013	1.4717484466927633
0.21276470884148396	10.295536347941391	8.020436890916214	0.30941271940612086	4.383563921448459	1.7064659198772851
0.20230906333232748	9.370885834926227	8.836492089697217	0.32782190921778565	4.694212986681367	1.787702437810165
0.15546244875358028	8.918738526621562	10.354565829563244	0.34376914024294714	1.8680245897557088	1.6097461596440494
0.10197594255718616	8.940054352872579	9.926355276385896	0.4133231522519852	1.8593575143532608	1.01224943546695
0.10200013003341256	8.13047459003206	9.533935037158045	0.44312331266795063	2.619003490161087	0.9724626135202286
0.1277272730800691	7.885310178603071	11.4005716939135	0.44379223216072616	2.3763266385110646	1.4561639340173955
0.17290109123005432	7.080972475193297	9.924632195042127	0.480208298135773	2.844455989719707	1.7159797365797131
0.25625791635414247	8.257658035669392	12.12573455827243	0.4578081187481528	1.6723511673804967	3.107315472166311
0.2905132425223635	8.832079399350922	8.844191425760668	0.46717200392898417	0.9616090771047411	2.569354728586217
0.2095247596678413	6.6312594686888255	9.375342516229448	0.4885088623500168	2.8054164225468523	1.9643663875166695
0.33645226255993455	7.100128844365445	9.645670915459988	0.4528612483746716	0.5585498975646	3.245307803415068
0.2692709980001764	7.377604700132899	10.923814439741776	0.4684875519376272	1.0981675897334995	2.9414664161580055
0.26516714250969153	7.73934573536635	10.718511480382835	0.46796388844825226	2.1040944769414662	2.84219706121044
0.28698545370553985	7.222662620866026	7.72146983939581	0.49611394901298306	2.95634850749024	2.215949525132648
0.4006063673761381	6.504060002101226	8.099531646701225	0.49014565707646457	0.7359205147973197	3.2447239504330474
0.38783855243314097	6.229994929628015	8.357836709978336	0.4935988886866131	0.9372973886202008	3.2414912910705636
0.425796830444409	6.983013138475102	7.867597363649914	0.4957612010983858	0.8366963790371481	3.3499980206549216
0.3655640288681998	11.872745906482239	9.17320840210012	0.49426122443281034	1.2941357262198012	3.353395021119341
0.3417940710824513	11.364408471792355	10.2544613716497	0.49733811913979087	1.6579648645437963	3.504914098973889
0.41273420394370103	9.481450747775288	7.390887899333005	0.49987643952844113	2.7502912413658542	3.0504722335683403
0.3293572569753741	11.173227783041929	7.146238710683714	0.4998789734557105	2.856498995119564	2.3536655794420223
0.29390804436619217	11.782091814616775	7.936445655342368	0.49968779067135816	2.859702676444124	2.3325852217802376
0.2940106230021911	11.319265054481447	7.993093661378929	0.49958153114863935	3.735060194131405	2.3500544470968836
0.2822016462254567	11.52609976700674	8.19983682658324	0.4998443594510886	4.937517515992271	2.314007451241915
0.31311314547357766	11.319734782014269	8.127214658314573	0.49969627177451054	3.769341478735464	2.5447377456038436
0.1385983150733028	9.205852144695427	7.669299501705126	0.49993856136145687	4.205241893939549	1.0629519887288512
0.22843216872156943	7.091286137518521	11.512616432354909	0.49947779340303766	4.40904299330779	2.629851939302409
0.22969820163392396	7.503978049977275	10.266800059136868	0.4986575335672132	4.499015139785183	2.3582655101188026
0.12509031350492703	8.233172917038493	12.833007703539167	0.4818480006028212	2.20588429114002	1.605284956846858
0.18335084493661552	7.280897729619891	11.534927214367675	0.39800148139127656	0.8184298430925087	2.114938651036674
0.15555796408758768	9.448328644121336	13.50313511633753	0.4088130161356359	0.8453066790581709	2.1005202074970777
0.17378754260755472	7.389741274635843	9.699574189325778	0.45020490461236673	0.9399226981070408	1.6856651627025918
0.2865535403050888	9.547551813086162	9.9569675897623	0.36787542748409297	0.8044158966377754	2.853204313549414
0.47010285613260633	8.216647518545436	9.64395842582259	0.3327447355765227	1.1962893082481159	4.533652400403313
0.18888548652843287	9.01572877683054	13.162248888253238	0.39051576345781297	1.406128268262118	2.4861577850660375
0.19081412959866637	10.059440843042815	13.871409534076973	0.38486878930327006	1.3019974461687964	2.6468609365515396
0.20942409023556033	11.079439510279256	12.777557295748892	0.3869361524239479	1.1086947686896207	2.675928312094958
0.3929957823780748	6.683826141145452	8.252872750550468	0.49404556579991415	1.6610148236301427	3.2433441834692753
0.42273809463258233	7.583555070551302	7.17940147929914	0.46530427794904566	2.1649607887983615	3.0350065019612615
0.2846995431099297	9.31830014142507	7.605682920742303	0.4257786813571732	1.9451765824881448	2.165334452574329
0.33975815033193846	9.37863079590043	7.783786465960115	0.43526688312930817	2.322099783356315	2.6446048922533847
0.23000649099160697	11.00943789893356	9.987042825734818	0.42976824543484426	1.7714982030248743	2.2970846757301686
0.17804616724713015	10.632742477537487	13.08122092806536	0.438983411676498	2.140951623234373	2.329061249154984
0.17153900041132153	9.299358896311649	12.704180900085472	0.4208038542359716	2.543015443923842	2.179262492645265
0.12508975011903453	9.292921566626266	12.93214930425456	0.33097371351204563	1.684140532941474	1.617679324971249
0.12354647967220451	10.074482755612928	13.184280770585463	0.34236881183141155	1.6442128867427424	1.6288714762157739
0.10876189618708704	8.42625367328611	13.104854573757239	0.3652795336953409	2.165294023180547	1.4253088326978576
0.15928482237574235	7.532923432590003	12.650440499190024	0.4567886274062869	2.914952653794809	2.0150231678883803
0.2764690709342171	9.667538511621744	11.21505674861418	0.48443164807995126	3.9364481484679934	3.1006163197638834
0.25918305756816323	8.682797102502814	9.072979239075831	0.4926793860411909	4.708456221287788	2.351562500436141
0.1921688165432353	8.086979542569138	8.3813610592372	0.32156324912007	0.6503875401196652	1.6106362357751698
0.1631134159236076	9.892157553072195	12.693322348926904	0.4237321103073949	0.9123110103098269	2.0704511677529376
0.13487962202595155	11.033417865453918	13.378923899200544	0.44772399018211967	0.5868390962404617	1.8045441986381392
0.13799848088655015	10.67211772362962	11.593487886103595	0.48247148113248023	0.7222214050810416	1.5998837164589177
0.15715817754523936	11.7693150505122	13.622428960679496	0.44570590606136384	0.5007182189566826	2.140876109199879
0.15248360103699984	10.785378774793928	11.538658629101471	0.478611276933938	0.5295529638727168	1.7594562189020444
0.13418931169671933	10.82445579924724	11.315456107852114	0.4649884647734754	0.563920524574642	1.5184132666471137
0.15462954445147875	11.415003507519202	13.178364205791288	0.44899999520590406	0.7583875749631774	2.0377644537571804
0.2057180952144927	9.873499749032442	10.325463234078168	0.48982979994898734	2.927910212891756	2.124134628721836
0.17138397070991612	7.823961391050437	10.163500798554066	0.4886633708163858	2.632794860258452	1.7418611231695993
0.12426427475442609	9.044161665578567	7.537326556072459	0.4702852179660512	1.9603092221468967	0.9366204180776202
0.20035818349682025	8.590815537346433	13.512383471345768	0.3521381252199092	2.628616913005797	2.7073166070312964
0.16662044476999927	9.070265467100622	12.698394818180812	0.3659099100612861	2.208455196614653	2.115812192470341
0.298862410287556	7.96213152949603	11.754696744605017	0.33837783801565263	3.220268267455648	3.5130370012919436
0.34014253571825526	8.72773885811534	10.198628603439248	0.3010258579574931	4.593080162204938	3.4689873940225544
0.3042793746501325	7.911290594886759	9.884715462974729	0.32621181090470763	3.69420001252526	3.0077150396684456
0.22720470449297647	7.24256129627588	10.270795384399438	0.34403724927206264	3.5096625561352983	2.333573030220301
0.17002364592975347	9.012917769985235	7.6778199924075485	0.34146557111558035	3.226350583374358	1.3054109479014835
0.15490801689968953	9.041640546712616	8.784988055995507	0.30796416379728125	2.3090740210123983	1.3608650782417226
0.23125815756363324	9.056059567106209	9.572409122788269	0.37955563966201583	1.587156669984107	2.21369769718133
0.12853690351282637	9.844658256017677	11.136537675261378	0.4462046012804592	3.816396563601705	1.4314560686320275
0.18193368161272472	10.841213373534572	10.094937515730543	0.42286140736118744	4.329458016374176	1.8366091478872708
0.17872620222818295	11.53962324306987	10.573954852306109	0.4142466645953152	4.547127415115773	1.889842793284938
0.16300780804750437	10.901133224954359	9.600754073809572	0.4015624515045774	4.717666822399177	1.5649978771748463
0.11797729455285856	8.2717956467748	8.749649731488379	0.44103924889527113	3.483242782231207	1.0322600036061442
0.10439129523226492	7.299016836666814	9.27259757843744	0.44492415628589527	2.254324527409825	0.9679784713806475
0.10273170686952164	7.284991484901208	7.874100690508227	0.486909698556608	1.3279609613682428	0.8089198039983891
0.11648134087420918	7.1451102333965855	7.778034348347251	0.4985187240258924	2.943941844157046	0.9059958702611437
0.11423212669077724	7.651174449976506	7.606602313089195	0.49778674766040776	4.102201334231514	0.8689183591151641
0.11128099269580148	10.459681475189383	10.051345998977512	0.49557960627253006	2.921535523827244	1.1185237606951899
0.14664215050896032	11.030581754233864	8.568365909848609	0.38496896185406	4.177794531029899	1.2564836033678644
0.10396295604951704	11.45600087695564	9.090618400345841	0.4143175914942635	3.997325899302033	0.9450875612180856
0.10256766755717564	11.51555411891602	9.473969413585152	0.3834192259244841	3.1713866752607065	0.9717229452594521
0.11536683917526556	11.807578202899384	9.066187235497411	0.37115335337406824	3.3692898121205563	1.0459373647304753
0.11602769656198277	11.92764807139174	9.081143087842072	0.3682157596773173	3.5206068138640285	1.053664114632087
0.12070821815415132	11.958434578871326	8.907375727706803	0.3714981919534068	3.463733545524556	1.0751934525210252
0.22384907773644255	10.661571486025112	8.825395914740689	0.31440837787152537	2.092433511015799	1.975556736173671
0.11073933089075572	8.649511858589124	11.122447280625316	0.3591742946957593	3.1496921733193384	1.231692369724153
0.1346069389902619	8.772285530313527	11.269061572195183	0.36557485104752496	2.837594352032841	1.516893883525982
0.17828118873923052	9.148165517187218	9.058874385460644	0.32889190382011574	1.450501184587598	1.61502689407929
0.2859071831012709	9.466309672745828	10.033665371398287	0.3490658497930324	1.0442156173952253	2.8686970025172513
0.3050996576449751	10.471708763392089	7.958985462318899	0.3596426946279111	1.257486885888304	2.42828373975483
0.19364455802673172	10.831153046123658	10.425195510485304	0.40111369320460966	2.4410182030998504	2.0187823769701945
0.20424409372925076	11.377787449052308	11.224584990091294	0.4137357222367452	2.8517309954502688	2.2925551887881475
0.2461198854941284	11.287886156763395	11.021523437134991	0.32338641274178664	1.5007327943036484	2.7126160863185165
0.21765672300756764	11.5583533238407	11.13616644440512	0.3438751364822928	1.169004932376738	2.4238614951560544
0.25919528450511253	9.991796205929624	12.754152910753588	0.3013440177910626	0.5185800897677482	3.305816292324485
0.17258935643078635	10.827730624146351	7.865387072032036	0.4786145147095615	1.2101896850237033	1.357482092841036
0.18726666825738447	10.017399022900639	9.919478006581526	0.44990813645109	0.60848936288311	1.857587597144924
0.347902398979037	10.052517570760717	9.584549989279958	0.38033000960103264	1.040385778972825	3.334487934405001
0.309869344058722	9.256087274723123	11.169104020817226	0.447986242610648	0.8261536833999313	3.4609629366542687
0.22965716845041528	8.048997102018314	8.487273701753411	0.4307897122340596	3.2715040804533047	1.9491632462083628
0.15134147677491033	9.266500050873267	8.273992934521806	0.40880000978427855	1.6456257283827702	1.252198309535704
0.12706058737758924	8.192071266579028	7.018368945780865	0.3833661740464944	1.9454174797761108	0.8917580806835484
0.11692759341234078	7.595407561772195	8.351561224929128	0.4422464017206248	3.07080517358662	0.9765279552667838
0.14387614956899833	7.1193186100394765	8.109227745784601	0.4508696500837005	3.119311397075406	1.1667244640415764
0.24269969533147337	7.725871885023283	10.78211910487392	0.46267415335045375	3.8172222212256135	2.6168170217805584
0.2933002436710852	8.953126086346355	10.665762643727234	0.4215780401001713	3.220977582975821	3.1282707823431557
0.3953373761978108	10.740606825843056	10.758764531971014	0.446781306564844	3.6626672967941736	4.253341741199488
0.289720764176983	11.531373287233656	8.235752191508714	0.3817421789050171	4.536071126433424	2.3860684184961674
0.3459016443173413	10.174340618936428	9.197407235879423	0.37554812654064246	2.267269869864652	3.181398286346905
0.28973599934581457	7.9652113319529425	8.796038122273533	0.49379899981284664	3.001381056910663	2.5485288956408043
0.2900648899132211	6.794453072781947	10.604758601122748	0.4933015533203586	4.592432767283434	3.0760681361909548
0.23666821712713124	7.986033272119244	9.08230881473422	0.4899826584914212	4.05850177533121	2.1494938345811767
0.1642602443730262	11.252457213880932	11.335634297180803	0.4764113564581655	2.8971254958185644	1.8619940597781757
0.18590159668345063	10.161506563816692	9.668246947999169	0.41231091657809527	1.1476592409840267	1.797342544762944
0.14703147984851556	10.9398085836456	7.291548108219239	0.3301665936174645	0.6714406646908253	1.0720871087381187
0.1495218828009608	11.372721774263864	7.055556835865263	0.30866877709767254	0.5006677033980003	1.0549601423077637
0.26710192904783725	9.638822586951123	8.053388534346707	0.3211227411593948	0.9551833801949192	2.1510756128957405
0.24493004800427604	7.657104136422703	9.104610280821674	0.47499910795248673	3.579751870106673	2.229992633141878
0.17933306749675915	10.90802362398156	7.450139506219488	0.37180751605647216	2.9280612174352525	1.3360563709291313
0.21435465384006863	11.220906035453671	7.362807692438969	0.360027069900694	2.8385147900502683	1.57825209420375
0.13629723146603095	9.687076555235729	7.127126868968428	0.41920975748555056	3.542336017033317	0.9714076605475583
0.10429259868013448	10.10764088896746	8.916697675267374	0.34778277461925666	2.574408963389256	0.9299455721987483
0.13980560133420483	10.907906798775164	9.995145670832434	0.43120709657857054	3.9362151422881086	1.3973773509337026
0.18183635906751816	9.760294760737569	7.947036688116831	0.4756186496283464	4.693131269213205	1.4450602167431523
0.17674567666454713	7.132718003091898	8.696385217866524	0.34491517567225266	2.673777347919245	1.537048489867384
0.22053325652381817	7.030478911368477	13.99234204505838	0.38201958617904386	1.7779527515003235	3.085776757591866
0.35500083707134567	6.979960188254214	12.57918151406394	0.4227686991373269	1.3894446677446848	4.465619967165096
0.20127603773432184	7.7598197715753425	12.173095865653679	0.3219369279298542	1.6731586074882114	2.450152502798827
0.26572645949300944	11.32910342123622	8.693004889417974	0.3404669153251815	1.9833324613798324	2.309961411620458
0.17949419305131875	11.992709067648224	10.384460737053036	0.3937212618344164	2.334610169879872	1.8639504002704375
0.16760596249925808	9.864462330507273	9.386135275061843	0.3227773280337437	2.18484338068398	1.5731722369249785
0.14824374110197203	10.96306858326738	8.041050740338926	0.43331936463130344	1.1680265108518015	1.1920354441386243
0.23692041380140297	9.90388362143469	10.163204055925094	0.48513373689785905	2.1743477592671328	2.40787051047787
0.15636011775701975	7.422801583013155	7.546290289109349	0.49650009304417514	2.618984442312928	1.1799388382337923
0.2218452486052816	7.316923241902608	9.376224389669122	0.4308776196659879	3.6018787956477074	2.080070830705051
0.2886954015437479	8.234805758257622	8.35377334988071	0.408090753655989	2.455973885498069	2.4116959516492713
0.33973567388430104	9.98542544054218	8.583719881441171	0.3227941975710492	3.908610300408616	2.916195858355489
0.31851241472714814	10.706678147052862	8.664950206394993	0.35049173662811367	4.782994579557662	2.75989421372937
0.30137832596839276	10.850519490155154	8.66741127314506	0.3594834016047379	4.891321341460177	2.612169899980034
0.2892332012373613	10.823112389581718	8.798078261532554	0.3443828075941523	4.948774173976799	2.544696340319899
0.3131617685001584	11.029781546880711	8.61504591181081	0.3362583797884908	4.965517600953762	2.6979030134527333
0.34548543186198494	10.933227054907375	8.430640516728545	0.3281623902601463	4.397551903759499	2.912663479795109
0.2583946466635419	10.693062751070624	7.6893144957432655	0.4306135881879527	4.413469234888747	1.986877702212432
0.2746238324645902	9.91824284603131	7.089301099817604	0.4031045009181864	3.3842380192356463	1.9468910375273447
0.2242754127933397	9.202397546769305	7.520568253568186	0.4095244063412744	1.2153705810741389	1.6866785495094907
0.18454349918189292	9.821619447831928	9.635507906102067	0.4274823621775845	2.510082897566997	1.7781703453868696
0.23037089156390864	11.912856809659312	11.059266225810648	0.3285429257595237	4.355763064417183	2.547733020482622
0.22862332636360105	11.963910939560042	11.146195170514089	0.329616212321814	4.205051546463068	2.5482802161808364
0.2790204042000365	11.2499257836582	12.9565263999939	0.3260567929448396	4.490196115476968	3.6151352331547413
0.27794547330184294	11.99855651985545	13.847906808176942	0.32920033791499115	4.7113065798705644	3.848963012038553
0.12971003009995943	11.795096636013588	9.986660701372765	0.36656537429490726	4.9626785301278495	1.2953700601731433
0.1726669503567107	11.267613052303123	13.64256577918324	0.4546963059192681	2.056274785979313	2.3556202281323926
0.16069705814109722	11.92858566603276	11.868347670081764	0.466040205515364	2.9373015515483325	1.907208555577885
0.1491080493593938	10.660983066788392	10.631748142712233	0.4182803402061562	3.9770380282184687	1.5852792268401792
0.17474958790582923	8.98601708474588	11.294149694405395	0.44769781873871617	2.2657193249624346	1.9736480048440899
0.11218847866511746	6.385190673424284	9.82210479137824	0.3568072533912595	2.5201863988122177	1.1019269938340857
0.16738862425874443	7.973099672106668	8.485138269162508	0.44828664076095864	4.983645131135532	1.420315621520336
0.22115768626047652	9.061288721938771	8.393645727163145	0.43355338731810605	4.929890558214779	1.8563192683095362
0.23684098746939727	9.31468238704007	8.534292459235617	0.4101886353844935	3.950351334823348	2.0212702533979945
0.1988848844598909	10.269152834967308	11.174099997945165	0.4447832227086832	3.1013268981415583	2.222359587034591
0.2625223606736793	11.368007956146952	8.267753745528182	0.41118149236725365	4.098134703805401	2.170470230744712
0.2862426512119488	11.564588247546936	8.641682954898814	0.4498363361495033	3.9324809278361847	2.4736182399433444
0.4653515161017885	11.407785966872792	9.466434362533997	0.4056820015969356	1.4644273545631483	4.405219582683263
0.45098528749256017	11.82997807174136	9.023678510014125	0.413493408919264	0.9183711387618898	4.069546247079157
0.25704527890839457	9.788720903076433	10.813329247213304	0.39501280313625614	0.7548889710798076	2.7795152322782437
0.14423416358249855	9.808429827603874	9.398680360816291	0.4806046009291795	1.939385504746732	1.3556108006215934
0.46298531660032616	9.998597774544479	8.730256367283818	0.4698422348376909	2.419051790757203	4.041980508208912
0.19272904558079984	11.702876714166383	12.13685515031126	0.4930789217201561	3.7889586183205735	2.3391245094719038
0.35951290568723593	11.003347269013812	9.18268939498427	0.491301373267406	2.4024235271661847	3.301295346414161
0.4054846270909896	9.80526033619699	8.102648747209038	0.4926426786292292	1.8845256899677727	3.2854995057113308
0.3149137978990824	11.942734558546158	10.64637290505454	0.49859513886543033	4.204707023123164	3.3526897253806123
0.26779739037035666	11.807355868913213	11.212104367729363	0.49786622009860887	3.7265125588331216	3.0025722902380014
0.20789940332645013	11.20312075644291	12.841583756749914	0.49664685670802494	2.4415430789356254	2.669757600794941
0.27613501482490144	11.508305785183508	7.846091946277254	0.49868242770706567	1.7940514420411287	2.166580715902809
0.2547701449283182	11.548850056029355	9.827090393813924	0.4970843697433811	1.6326830502907534	2.503649243855657
0.3245196434012184	9.372275959076234	10.850173820087088	0.49615317445723367	1.3604128119887084	3.5210945389358974
0.4546660767746967	9.875165768577574	10.36588592386984	0.4565001304023703	0.7846152823458817	4.713016685299952
0.49241081660311753	10.641590077321924	12.422753203802708	0.47441485605949346	0.7038058332179309	6.117098049543486
0.3986241031492714	11.859525530961182	11.77279060450752	0.4712846121991254	1.3687599723108235	4.692918096285979
0.3869811665001294	11.333029480359944	11.483064985418764	0.4557378447066058	1.0682820470065066	4.443729883054145
0.17446560545844844	9.10309807402968	12.833520204009575	0.3951325550131258	1.1600977894916584	2.2390078725557614
0.19824693851089867	9.99498797923242	10.302248772553792	0.3600686410073398	0.5181560368361424	2.042389278936453
0.16835623014095852	7.094858165043702	10.039501629338616	0.30779792778989135	3.1782035920719087	1.69021264680946
0.17940146160879264	7.464252221088141	8.710201373948586	0.305837908524418	3.7341873530841334	1.56262285739329
0.24716840556850228	7.4964855502305054	10.50776917759671	0.3109937024139898	3.046558384932636	2.597188553708431
0.29358048263845254	10.833099548733692	11.127190342558947	0.34476229720080814	3.343360424695877	3.266725911178384
0.2337626182720109	6.545158252765358	7.441149788747015	0.3984186946407325	4.154767461512069	1.739462657571723
0.14818237024115985	8.406354950887156	10.341353702523348	0.34562029434125946	4.022440790343748	1.532406303142104
0.11803314578494352	9.278336335380386	10.947571940711612	0.3597018491683662	4.070635482383945	1.2921763548691707
0.1427319980522186	11.029316404503684	11.823336766691096	0.38431027414066954	3.9835735402120496	1.687568480354078
0.10195074170355858	10.840332545187357	12.938521468719324	0.4117345216832777	3.477299985292403	1.3190918602833512
0.15749132301445007	9.731129233413027	11.919174716522669	0.3408372257779749	0.938913951690916	1.8771665953455379
0.1683729052875232	7.421694803398368	9.807515005006865	0.4268422766064813	1.048898664176127	1.6513197950439833
0.19766227995009408	6.868788294740799	7.9503806177965135	0.45257673898260414	1.3379791886483643	1.5714903593846965
0.16945277027429878	10.072880485118729	9.562412814958154	0.4878231249158727	1.6993097231114875	1.620377342001115
0.15813449091628737	10.678621495776738	12.707526736421467	0.4225827673387906	3.1451444547656062	2.0094982712691194
0.1959814734091492	10.14734894185999	12.679303772207488	0.42690891069874193	4.355543680261767	2.484908635079407
0.14970212519017306	8.058655449364462	9.673686739087888	0.41495658376957617	3.2109133874582376	1.448171463265452
0.2004014595011256	8.203841383926674	9.510650932281399	0.4454723318737718	2.5034274129973157	1.9059483276349332
0.16008759300134165	8.742094314994006	13.358419875539932	0.43237958184979014	0.8433718429299986	2.1385172841764697
0.20282768772517887	10.240398830701334	13.28676541080034	0.441788261937902	0.9381044412559144	2.6949239056195196
0.20437264148908257	10.923461764109367	13.898877623226015	0.40521808776832535	0.88425473613739	2.8405503335922027
0.2584660114647874	7.673403816775939	10.154757737561424	0.3796746680497606	1.4833313471316023	2.62465972981869
0.25265046550313613	7.827291089405518	11.531207601285015	0.35020143224969313	2.4422098360489506	2.913364968277961
0.21439144940074725	8.474607268976003	8.873797825918118	0.3094182041126511	2.0351230600460712	1.902466377587785
0.20070672298377165	11.606497799869414	9.735366936333897	0.373430586915062	1.500471498019189	1.953953594836137
0.31107591090137376	11.71657461985488	9.971403807194724	0.3752766303249716	1.0912199899472177	3.101863522288525
0.11476566991397648	9.686498245417276	13.993603137782566	0.44738808646686656	1.0294856130758798	1.6059852386179394
0.10579906758801824	9.396053600075529	13.95952511308486	0.422510397561396	1.1546634790780599	1.476904740935903
0.1066324377291898	9.574303761429242	13.412508433944128	0.4246528270251548	1.3815083999411195	1.4302084703747802
0.16110884271733186	7.039793487784587	11.298507675002407	0.47293883959494704	1.6144561570737999	1.8202894959525298
0.14131261182129423	7.8649138230169475	8.808034775424785	0.44322772470946326	3.7189357367027376	1.2446863991280632
0.16750977544922005	9.222345649144737	9.2111339938371	0.465754518716913	4.554314254515828	1.54295498694033
0.18724088803508568	11.69782461488244	13.835214768148075	0.40300485826173565	4.261166298091425	2.5905178993441775
0.18096094241441144	11.505598694819218	13.78207936113554	0.3963077955574368	4.544619591147803	2.494018069621297
0.25171059817558994	11.643404422817836	13.093812997698448	0.3977620836755803	4.215703820886225	3.2958515020499908
0.27517638708089565	9.511488370764637	11.43621059985865	0.3732857310140625	4.0579194156572	3.146975114765346
0.2872743440765294	9.877510235583191	10.203387073523468	0.33791189756358136	3.8471797288847505	2.931171328905393
0.17417057441393788	9.7612167196003	8.52524493994277	0.40222828735737687	3.9949660490683554	1.4848468082093496
0.1312116409576251	8.848922739016263	8.654883187900142	0.4208234471679772	4.406844852049152	1.1356214253809391
0.2212650051886644	9.470257350837112	9.697895209738828	0.4726537022934048	3.598996447194533	2.1458048339019853
0.2659596914718974	8.753057215298204	7.8799996766364195	0.47076493508293626	4.321848575230857	2.0957622827968736
0.21010622166777235	8.649679447276771	8.645590018956078	0.3764661575031896	4.883808476884311	1.8164922529714658
0.20780369381095573	8.790294777287665	7.780323424558968	0.36779884102486	4.650892332710921	1.6167799466672583
0.34999936098132206	8.112292745206297	7.406621221385144	0.3797858284250514	4.322730954957484	2.5923126945154995
0.3858722445835148	6.704596698588138	7.038296010074188	0.38044716443200793	2.6846682522123277	2.7158830794505233
0.46372044539883434	8.332706853382913	7.427830582468927	0.37673102027163213	4.444518934501397	3.4444369060495736
0.40133369786630824	9.001327120848073	8.4742757177065	0.41766988580135234	3.70755826624458	3.4010124105258126
0.28041639848568933	8.360288531004894	8.914372250681746	0.4062890882957351	3.3759099701893405	2.4997361612969438
0.1357308838822472	7.846511577413411	8.515693264979177	0.46169098741828335	1.0529207553357576	1.1558425737257232
0.2836485696455783	9.112848618793315	9.616455766179785	0.4954367140409452	2.1755140369184085	2.7276939231368695
0.1796448036628588	9.475792080687864	11.9543072401882	0.49136005056640153	2.5906876172925024	2.1475291770891003
0.22497744430825925	6.300970494799697	9.369367197032824	0.40244694136888953	1.0194441867223571	2.1078962867740834
0.1541544597372027	7.335989069522288	11.607785064868551	0.49089549987246783	0.6397991210037439	1.789391835420382
0.19844951854288312	6.7673131178260135	8.853071623554259	0.44398041469737337	0.6862937634816316	1.7568878013200033
0.2269708838940276	8.049775638237648	9.656421414329984	0.437166782706379	0.9120384551201411	2.191726503663692
0.22445660611680096	6.633596360931382	12.814414947387396	0.4877085172124008	2.0268033657972815	2.8762800884629796
0.2396245520942333	7.570741579563887	10.851206730392239	0.3594728714425818	1.4319075305260651	2.60021555245217
0.11018522908926016	8.987920749727893	9.892514005619475	0.3175564510967424	3.306012652787239	1.0900089219778966
0.16980095674019388	10.1612482161711	12.311618842991964	0.3619785450341794	2.885473241333028	2.0905246585606343
0.17990847342644503	9.21836063445627	11.586543162142716	0.35538258984159804	2.9755082656850647	2.084517292590711
0.12822424721975215	8.361098998131594	11.840004530622464	0.419838616264724	4.143723626878726	1.5181756680175202
0.1958787937778952	10.441579522620579	10.877847432769588	0.3444691147488243	4.701412910694108	2.130739634030881
0.19897867179068912	9.733566639197775	10.51344079899783	0.3455694660696824	4.343035313978886	2.0919504861346296
0.2308532461156704	8.86302937441493	9.925653015508065	0.36205769755775136	4.722308882941513	2.291369218447829
0.1490267029105135	8.56616534529836	7.819434110473709	0.34771646788347654	4.5509305834622	1.165304484109901
0.21836026260839508	10.540431826366348	7.671067362347154	0.3831187417151994	3.695598872070288	1.6750562837288132
0.27309524725731665	10.93716298446732	7.264447072875403	0.34997807046237983	4.387727097262558	1.9838859695545985
0.2374532871188275	10.357484501029923	8.122312193132942	0.3656755645723511	3.9914247982986937	1.9286697292647497
0.1626735463809963	10.111273392200264	8.527190826012061	0.368553575423221	3.9411327902209097	1.3871483723348792
0.18426109638578672	8.31692769721396	8.831723560946822	0.3247852924769011	4.705018598730224	1.6273430663162458
0.1486573616143649	7.852112808049904	13.293323567120593	0.4638430599482813	3.8522972112526266	1.9761504085742052
0.15016879646173892	8.483412373521988	12.012247083806436	0.4924522568377317	2.4182126053584323	1.8038646873762456
0.13604350975705462	9.976490819111728	13.495319708107054	0.4814744931382156	2.503580415316353	1.8359506583844336
0.14168114804899304	9.426351349611972	13.56892922368254	0.48296475035631303	1.1492708306812298	1.922461470206874
0.2548369756098007	9.84959542168307	9.586602392548052	0.4954178814603421	0.539580254450314	2.443020760090625
0.2141032624310431	10.028887811120146	7.955301870300296	0.480693676140638	1.9843073096219552	1.7032560840550723
0.16316777968424692	10.918026453398287	9.017935037357296	0.3366121662749867	2.305031143028085	1.4714364373823663
0.10238958456780504	11.343186840177172	11.656843407152255	0.4699546302071263	3.68059241125674	1.1935393538302765
0.11181807667064196	11.746346646462063	11.714757255004168	0.46898965898612904	3.4240444701092727	1.3099216249180152
0.1328650785821937	10.145768858472003	11.032085330320946	0.4641866730137748	2.2464263690024464	1.4657788843385589
0.15390758164518903	9.502996231119411	8.600242357721427	0.4934053040617641	3.575956135731602	1.3236425028394236
0.17952216659111686	10.120610740495742	8.637763571192817	0.4936772396577654	2.7402828502826537	1.5506700308023573
0.1679121126315687	10.6891161573659	8.01071045518739	0.4923661065629149	4.3642730568750645	1.3450953162103099
0.22091643965818733	10.518834786964185	7.50985168729027	0.4925600280107861	3.9540376740975054	1.6590496971171973
0.2360321388705464	10.583410004429012	8.13119376486493	0.4898102366932829	3.264726096213252	1.91922305589192
0.2032124240216037	11.066942321620727	7.437209088912087	0.4612930448964571	3.2435457066591105	1.5113332869133278
0.13819569312591365	11.03266683778463	7.898248483921367	0.4852650210753644	3.2063756643406047	1.0915039237162099
0.15419689336581113	9.244646286086478	8.531376589516476	0.48603624962469216	4.760808572386108	1.3155117662372495
0.1503812685115443	9.422645164512689	8.449092458639411	0.4777320201931653	4.6620597824683205	1.2705852417015173
0.23059022018113287	10.309121680785895	8.1101533808324	0.4709782076080273	4.55039368403842	1.8701220537889025
0.15593375374738544	10.674234668640173	8.665149632973227	0.48084844038828894	4.215863934695514	1.3511893090522946
0.21663052328872945	8.804018298436977	9.349820111810349	0.48897262203622366	3.2078605139960334	2.0254564234769625
0.22049544896515763	7.589876462309091	9.346768675076143	0.47685651209665875	2.9014959825294966	2.060919955384386
0.17393773423191505	11.736729487271466	13.025536403752296	0.4298520166433532	2.043467370212771	2.2656322892240013
0.14519344458999953	11.745629461277426	11.551980941948568	0.4517063256568236	2.5557723990409302	1.67727190479954
0.20769825400630856	10.721123932447618	10.563911687704797	0.43246288677517936	1.3511866160627624	2.1941060130131227
0.17918259803573888	10.38179564274322	9.107770815558512	0.39238688126956367	0.9760351919228185	1.6319540370458545
0.14333808393564793	10.657490712501648	7.528450002770834	0.3255180192041314	1.0485807290184397	1.0791135984024947
0.18162572198494287	11.68443326949114	7.303759541939748	0.31162011505590287	1.0132901662998457	1.3265506000092222
0.17603808698881873	11.806629390757264	7.671702235997049	0.3232369562078731	1.068133450908949	1.3505117855727637
0.15120863593622755	6.522531272989228	8.244713652334015	0.3745097325979859	0.7049358893114964	1.246671905054219
0.1372132222110394	7.197121245618201	7.557732103675384	0.4156621351180628	0.5264383279157273	1.0370207745531168
0.11321291442831397	6.9993389791488845	7.602490954802462	0.4197066578005513	0.5155012973262599	0.8607001579080821
0.11450226850174772	7.112239566001288	7.2037162138942765	0.41518610479174617	0.5792853672960703	0.824841848133716
0.20649287594602947	10.768801841746875	10.625558810217177	0.4387010993205417	0.7323794913341952	2.194102197255416
0.3468382585109566	10.007242809616127	9.063916919074378	0.36839516368293673	1.3243087622336691	3.1437131594997525
0.1748651593789078	8.75094078484883	8.769328822425484	0.4305670251750161	4.893324291919794	1.533450082179482
0.22144697464498703	9.313662041074846	7.722060614711043	0.3876568716649411	4.978974854078136	1.7100269611529693
0.2418174542656692	9.591501837036068	8.880789195647287	0.36927934255977773	4.402921327422693	2.147529835161487
0.21904153356714692	8.199321795072914	9.110255550188736	0.32556124175968054	3.1523970655289224	1.9955243469019526
0.15552726901437156	10.937918786897448	9.737853619290355	0.48341453792099104	3.158214153454407	1.5145017794699427
0.11943412529852496	8.434470090253901	10.33109936770538	0.4824301718139268	4.160744635222361	1.2338858163540365
0.2853921220361187	9.748163006860098	7.715949339823094	0.334317817090328	3.691012767291348	2.202071155615302
0.21538319388303068	8.952136944319966	7.661679731390975	0.3274955805070261	4.691264280657424	1.6501970510558688
0.3430847390654735	9.248166819091695	12.776029233284936	0.35808180066866185	3.009309412547601	4.383260655794423
0.3554929511544566	8.810953430219305	12.264016419778068	0.33189162441185766	3.6673772144953767	4.359771390073619
0.3991897747449746	9.873844872103582	12.251317096105074	0.32120257557980186	3.5342240949739367	4.890600511923441
0.23908119959205057	11.780881882152803	13.373079238862069	0.30941361805633805	4.5787277624728	3.19725182666669
0.19875069961344613	8.392233116882224	12.347742529378296	0.30918632006970004	3.1325467495304697	2.4541224663606394
0.17560593762232204	6.422835664920653	12.493664100672047	0.31743752608947995	2.788087486429952	2.19396159873686
0.24887922248623737	7.472115185783885	13.332611254403197	0.31726672442589626	1.759130611931334	3.318209922707126
0.3903262005106994	10.785969088005931	11.521408919199944	0.30263803103114345	1.8514671441850303	4.497107767961397
0.2037294105265268	10.504640809110189	10.098925310094984	0.30679020018827374	1.9888462952141244	2.057448100377073
0.1831714922407293	9.825761392814883	12.033762556101603	0.30742054284189274	1.9647307600619353	2.2042422446717436
0.19696068356728447	9.799001776211828	13.303512422887533	0.31398390111978725	1.2923766050910623	2.620268900657789
0.2135811744791464	9.783091244463108	13.820353808515856	0.31278637524049946	1.037724050069753	2.9517673981401606
0.26322489543302485	10.858667320019691	12.533298291951636	0.3126489369602925	1.5952231350651056	3.2990761323298785
0.3221379311396045	10.063788771639523	8.643543340512254	0.32242735855449617	2.157934742602327	2.7844131694281233
0.29209085954495323	11.196605906384594	8.98563123650726	0.3564010171130977	3.1627795022435206	2.6246207514253865
0.32115471712317933	11.302702567545188	8.764226768252158	0.3601508113707728	3.2465487874409886	2.814672768561418
0.3110525858395913	8.80597323592009	8.739298889233227	0.3992153790606696	3.774571615156781	2.7183815179210633
0.2185147002109211	8.287386283733634	8.28772404549376	0.4447886019241137	3.5008964674614815	1.8109895352319112
0.28737852086087573	9.785909705377588	8.183311438326541	0.4464981747758778	2.7044832958338163	2.351707936890167
0.14620554078474915	10.830190641748615	12.854397329606586	0.4253343799976572	4.617788911477527	1.8793841130371662
0.17029936976531354	11.657168413762216	12.385009609568051	0.4276679676899988	3.296611266989408	2.109159331046791
0.2558294891485703	11.716035837555973	12.862152681634713	0.40174296467808335	2.26378407370448	3.290517949893522
0.2676115958484788	10.92041946892952	11.984022989034104	0.4042152694464686	2.6781557692467164	3.207063516780274
0.461527102953076	9.559804364851072	11.897538179868684	0.3904164122136541	3.8766671770035623	5.4910363284284065
0.4318566168512536	7.636621962702603	11.514292742080697	0.413365733633398	2.8624185650297767	4.972523509029913
0.30187729904832145	6.834865530994738	8.983128672995713	0.3648462136764508	4.13855365747064	2.711802620807478
0.3149873944689766	7.691690572722248	8.067001381722704	0.4057738676470155	3.857402392047735	2.541003746406469
0.2861631321900396	7.340793095196186	8.53917521433294	0.44012463388694767	4.657985758885413	2.4435971256530666
0.2798316306837317	7.631601791383223	8.331821518114316	0.44455697425729046	4.680680688820255	2.3315072019797336
0.2615436168741742	8.342468782332995	8.723328563663369	0.4586767877749153	4.278168667229768	2.2815309037223126
0.32004273899366154	10.278250256789612	7.894848318639691	0.4412960315574468	4.653901863375924	2.5266888798369505
0.36819169094906096	10.691915176197384	7.719493028517775	0.4304490425161656	4.175215790072464	2.8422531914394473
0.3809969603698253	11.164905530742498	7.08357880855692	0.4108882060384545	3.671838169892988	2.698821994600295
0.2419547381302362	10.271501065107843	8.542511180711104	0.4065890682334429	3.5563550923716205	2.0669010557035703
0.2854867874513013	9.83946015440556	7.119980334684061	0.41726655259221446	4.193229836160277	2.0326603124653935
0.3800946929179598	10.609211929499127	7.368255079357025	0.42720930308628013	3.4194003322622515	2.800634651729406
0.25154257357733056	8.275346305704907	9.463457705807151	0.4658863953336961	4.7506411224858365	2.3804625062589513
0.3374314935611655	8.09284841767883	9.587270799557956	0.4041054346009261	1.94139014949752	3.23504710507019
0.39852070599176814	6.365328555238832	8.920922765030625	0.48264810305581674	1.8018397120887593	3.5551724384180408
0.28783718894352817	7.451163698974467	10.984576567883314	0.4937637396045819	2.631530099515599	3.1617696410344815
0.388438583319854	8.112644263952417	10.707516577011363	0.4897559400318147	3.3590246028634336	4.159212570048146
0.3677606903770861	9.119429065035325	12.30495165875341	0.4831206285337508	1.1568056716749235	4.525277517079824
0.12242472286024655	11.876064018435667	11.6365202728283	0.4579739912924015	3.3657314451598035	1.4245977694586451
0.14229903214903855	11.226788846428075	12.975086706787856	0.4584963224216959	2.9702127043912743	1.8463422804257679
0.16775505199047208	10.492467844370571	12.225780734161196	0.4133521053983728	3.0394788341692967	2.050936482683323
0.2107821143037776	11.876995277508454	11.826243416317352	0.3535383408899708	2.170509294151147	2.4927605915625013
0.1142276999275755	10.277759660782248	10.41401964078624	0.4602802979011644	4.257388377219041	1.1895695105676083
0.124569109678242	10.990189821906	10.17212405134331	0.4307550243918952	2.1455390869137534	1.267132436612468
0.11257986395598002	10.91600683423108	11.786678417903184	0.44079955545782307	1.255630709769926	1.3269426527804262
0.14279440699483575	10.720089362077337	10.177737886777035	0.42395212708747126	2.0119428463372375	1.4533240460911994
0.17599146288784387	10.565729768862017	11.956279216082624	0.4517952052930473	2.499859966949405	2.104203069933904
0.1225671368231458	10.749427318527099	9.31409391645033	0.4378183058635682	2.7258591808977903	1.1416018234411975
0.11228957533660944	9.968009225063415	10.235545853910525	0.37614415297016784	3.477305262968436	1.1493450972740062
0.10345178803987864	9.470510108233965	9.678737214214737	0.3388917160573824	4.607562671271134	1.0012826707786284
0.14879969981250707	11.057787361038365	12.502576248500704	0.3996079785639749	2.364621645060894	1.8603795926598856
0.23921846509438088	9.920284462286196	9.039553387587581	0.3332509547059456	1.8663038108444907	2.162428086517412
0.27096989263389504	10.31884087951532	8.739597027043889	0.3490041344262814	3.1616052252101534	2.3681676680815906
0.23855802466935871	10.014665230083066	10.501340228310942	0.38495121379794794	4.612089358624617	2.505178981246731
0.4221626550191422	8.95843535957771	9.231154355976102	0.36201905184004374	1.7295900157898716	3.897048631810391
0.436804145189502	10.4518651863267	9.012176720447988	0.3533020313647652	1.5855052628664836	3.936556148672013
0.23832229716420164	6.58270728589222	9.493351865649927	0.3935640511517285	3.0185610143720862	2.26247742440975
0.38141477601622015	6.711644843307456	8.0039073724915	0.38534988045166696	2.9227653701854783	3.052808537733419
0.2490845140106581	7.812090361498962	7.857836879030427	0.32659501231076693	4.789080352164248	1.9572654801883203
0.20637190263348873	8.579006161549188	7.555202974074845	0.355953053224197	3.080106458690948	1.5591816125420184
0.4312886857181028	7.882185621782397	8.901124378449763	0.44935099401819106	2.9749771893233046	3.838954234594963
0.4580482597252096	8.153642504016336	8.722909497116802	0.40145591584320967	2.4437912196941087	3.9955135148948546
0.4647847881295298	8.333110193357756	9.407143471976978	0.44577234890899814	2.221798073680312	4.372297185526909
0.286668694962994	6.186846496059889	10.231009750357943	0.44114185072871015	2.2247047204476837	2.9329102132887788
0.29961240924568144	6.591247308981593	9.987038670653229	0.4936172232491807	2.221600186145635	2.9922407173442016
0.2212833678606821	6.459903359725525	8.39912972098875	0.40025745124232986	4.99294906095025	1.8585877117591416
0.12929641274129877	6.596088801750089	7.15584203515683	0.3433145703473151	4.330495158654472	0.9252247052891729
0.12999725867731823	6.5640590634017	8.078138348877134	0.3718730285756732	4.732087804286142	1.0501358405701453
0.1254142050872001	6.307106598112581	8.384751665713338	0.4195064197139708	4.11850725967577	1.0515669650090154
0.3096170281007545	6.664735330965828	7.529940282640301	0.404476812051408	1.9755008734621435	2.3313977320872454
0.2872896329723684	6.689978688490766	8.06599369952121	0.37021295236771373	2.893583667859523	2.3172763694928844
0.30205293348471374	11.898744325119607	12.615245154392415	0.44979494026765554	1.3164282765104127	3.8104718055130493
0.2858524217995328	11.957931201868234	13.56962564530855	0.4521930886208685	1.4460390397664376	3.878910353624497
0.28261936272621857	11.96432900669994	13.817297420012599	0.4491417970563316	1.5764856303437635	3.9050357914425846
0.3908986747646127	9.587651877521822	10.422936832351237	0.4604176381872885	0.9240801017205469	4.074312194921369
0.15704906294806092	6.368407186756455	12.09062602885042	0.4981671702348997	1.248199354061187	1.8988214882863934
0.15440635459667712	8.800497584515977	11.145304266520396	0.4962434844544385	1.9373120706581928	1.7209058026642068
0.141693886448513	9.347830662399405	9.034833763229203	0.49521489011803593	4.501193847785222	1.28018070932819
0.1546942057966464	9.346805942857584	10.6299121757889	0.4940551318172283	3.434040487499352	1.6443858217217655
0.2558842884741377	10.106149381601917	11.765575865213235	0.49090385991625674	2.0609355791609745	3.0106260087585754
0.12855318045072367	10.354117855644796	11.137195146852648	0.4675330226758119	4.4143971027123	1.4317218574282724
0.1368410251123026	9.170552090498573	11.878204566369348	0.4399113065154482	2.7898181953728574	1.6254256893556152
0.132645104127544	8.376022001843316	11.324554048661737	0.39790304757960265	1.9176685275749892	1.502146650982736
0.16925330019076795	9.166846914234435	11.917347295929247	0.33636593729554104	0.7457852708192813	2.0170503593555495
0.1464876755977006	10.755788605428725	10.897717047435336	0.38361992842505577	1.0438952022389845	1.596381239600239
0.16803598134546013	11.861268299973895	8.32651723607004	0.34336791899632096	1.1409916652496663	1.3991544949529175
0.14311148014789607	10.898415779704727	7.315208686882613	0.3387326888847099	1.3241001791286826	1.046890342770518
0.15359216429191508	11.262985028927956	8.09697761827723	0.3750199584827901	3.7475718281803454	1.2436323166143954
0.15206434097883365	11.286738064107208	8.534398745810371	0.4011559588897008	4.308782991501736	1.2977777209322385
0.18749546245589852	10.600905059140004	11.24846518871459	0.44129021412660807	4.6258042034602775	2.109036182477118
0.1749362550494726	10.893397054181296	13.18400238581884	0.4081269140646753	3.9749856486799815	2.30636000393846
0.15304955982046836	11.464003519778167	13.095426506413055	0.3981844097227054	4.850089479322004	2.004249262467812
0.23899462313131	10.760738443700312	10.187042955574388	0.3392747084579522	2.4540541672239735	2.434648491989967
0.21635422324425807	10.027239866708504	9.580086322119213	0.3462235793105227	2.968418369269637	2.0726921348350436
0.12510046214351436	7.830385741339245	11.768510493629323	0.4602850698471844	1.8170848594494728	1.4722461014938266
0.2955003698874552	9.151347686403504	12.04404367451506	0.4528621377985144	1.481265139729823	3.5590193607598652
0.1387906660393883	10.205863037249792	13.339647046050777	0.4508270631389173	2.510654608162999	1.851418498251746
0.2524452484899037	11.027991455758489	11.208691839771557	0.35459255010336527	2.266304219087475	2.8295809967378864
0.1913184710920137	11.392379189994951	9.31554653856079	0.43902485217226966	2.3595707207149634	1.7822361211439508
0.3073061057175928	10.249380219579969	7.743887573107341	0.4111567938941056	2.3718828780827814	2.379743933206478
0.3570321175256896	9.374609013385575	8.509230795273568	0.42840106964590097	2.3217974254622757	3.03806868935133
0.13577146247472188	7.461746786112518	9.351731607642199	0.4398268694952802	2.116378692738897	1.2696982770406633
0.28918389170981396	10.397845342539032	8.981151644399015	0.45803877492440825	1.1052899688362283	2.597204384563302
0.1497478879785561	11.456010581684803	8.05928323244563	0.4481322396013756	3.481995157160154	1.2068606426797235
0.1354385152017017	11.140884854541316	8.10433508685832	0.47330276469787425	2.357905779857174	1.097639110861145
0.1556472905181963	11.197555030827745	8.127575540941601	0.47541760894748664	1.8334782584578049	1.265035111429524
0.1454564096166704	11.25394025483416	9.028209622027624	0.4697258292921997	3.2883549506472654	1.313210956886815
0.15460952014360713	11.96609720238594	8.51397364052351	0.4515568917490839	3.9018269362410374	1.3163413790766596
0.17097868341170258	11.787572967295947	8.671081825315978	0.4544109699726313	3.2687359842186727	1.4825701542476688
0.24945900080487451	10.837177678252491	10.915534117011086	0.49079515276212415	1.729571093997747	2.7229782340811037
0.2436431104405861	11.992660470147419	10.941111701202331	0.4899830233936082	2.401629341437016	2.665726486558828
0.2038522769293649	11.9523568228365	12.955802337551276	0.4873615789595185	2.8133817213493337	2.6410698059566156
0.2372008368220326	11.59448408943522	12.856062356684644	0.47960982408832387	2.913887587267014	3.0494687492418304
0.2437262118500732	10.87411290348556	11.379955410395286	0.47347723559722166	4.184685792096932	2.7735934231983883
0.20345308957661332	11.175227725341152	12.030355078611109	0.4817269724911096	4.8174829925688485	2.447612909447131
0.25532381976777524	11.643880351901432	11.935042441110108	0.48823841626609377	4.959522949626397	3.047300625154745
0.28846841753744784	11.908469370281624	12.559973338112316	0.4745196323437355	3.1260798755004413	3.623155633157796
0.41334246026754023	11.669237990109332	9.913765195799604	0.45195926334083775	1.7188564746606196	4.097780096546521
0.4883192054500904	11.88442545324745	10.199872929663144	0.4486153279784365	1.4551253506057007	4.980793844704992
0.44192762875140174	10.662623324635819	12.161541309727006	0.4388090136654028	1.6223150539379567	5.374521112969872
0.47835643864279886	9.799192042215054	9.615358341288692	0.43098674600216247	2.1624692832736487	4.5995685724131885
0.3777763020308019	9.236957817762184	9.369672092748692	0.38663399977249696	2.5342351991058405	3.5396400744398058
0.2770859900054634	10.928958750700287	11.084191062832325	0.3890621729741051	3.535778371419476	3.0712740540546046
0.23386283931786472	10.792100582834493	8.782747184910372	0.4241076269143991	4.788315911812608	2.053958193674123
0.31609452858078374	10.222277354750256	7.507592211781774	0.4193422658795264	4.959678699569888	2.3731088209599234
0.29728693274975726	9.948383526151984	7.809839132185258	0.4039402681387437	4.823152101658631	2.321763120876381
0.23734229651690553	10.923584233692779	7.618672494230046	0.35655640136170025	4.9198207431790415	1.80823322619074
0.2654812473816084	10.538518688304933	7.50716846165772	0.36474480186960206	4.843952192068173	1.9930124475047617
0.21992817827430372	10.994013412696642	8.173506634809218	0.3542400092722775	4.717272885606691	1.797584424306526
0.23700312373266888	11.06881541812103	8.50579205660693	0.35256537445743646	4.148618222443184	2.0158992872363646
0.19405403103099103	10.774731381276377	8.239954045839756	0.3389554823154187	4.523863468979404	1.598996298105328
0.23097956776711953	11.448022939380007	8.911167757691501	0.36443467345742153	3.476738082512977	2.0582976769718746
0.1865062985043399	9.543558117324935	12.46142074791148	0.33502740954645804	4.393315868419692	2.324133457798153
0.16882664521376003	9.402587405253872	12.255228107742724	0.3468009919317124	4.769755151745488	2.0690090477595806
0.2269549378477084	10.610523409706529	12.888114418601575	0.35887999253905967	3.8631534820968407	2.925021206847875
0.20383415355893425	11.782873191470248	13.225706063966967	0.3768485533124476	3.923035559907363	2.6958506007679706
0.4071736172665353	11.182038764970176	10.574090382892525	0.33864919633032475	3.787928099015864	4.305490630505632
0.227861109747978	11.833750637418186	13.390514254943188	0.4559245686073909	3.073665696559777	3.0511774382274734
0.29965197074914746	11.778634703801	11.642647892955814	0.4790824886207092	3.5436054382199065	3.488742385862619
0.2184743376196732	9.356323494623537	7.816163501592603	0.42586379988030776	2.139275836905384	1.7076311437375096
0.3250644141556555	7.99571130172097	7.057166205719168	0.3589067392177393	4.506745178890675	2.294033598261192
0.20424957950609468	7.243440424934547	12.485446400551105	0.4116015332721429	2.4160448546686504	2.5501471772584465
0.15485324291630653	8.520450279070289	11.221934837203037	0.4287690442502255	3.39908867206448	1.7377530013363647
0.1387592585354483	8.22831107256944	9.935715531351782	0.35548267646067644	3.0238239782678886	1.378672520149511
0.19387578268680383	8.414332483990243	9.568599384278755	0.38888415168831736	4.431567073964182	1.855119694843513
0.19557400985392	8.698333321899046	10.00988774924114	0.3913279115188628	4.802159198554913	1.9576738853067197
0.18053233026570265	11.02482107316041	10.714606704080149	0.395918263940318	4.9307123713427305	1.934332916168109
0.20138638823748473	11.826671006145736	9.921472246431263	0.38258640130437727	4.3437121866415405	1.998049461707236
0.30896108357447105	9.446482280137376	10.899024769182303	0.427589708797982	2.9349387920494223	3.3673745025915633
0.25652854697109223	9.889448215631859	13.615690972365263	0.4297267567478996	4.213092795162443	3.492813421148279
0.30299322789811145	10.632869076648626	12.922647950367608	0.43118872217350457	3.964761600146297	3.9154748154727956
0.302649734565382	11.563841849971652	12.28613791701706	0.4191157457083015	3.7497656837043016	3.7183963794188886
0.2678927480034053	10.709990502257167	13.63841055355028	0.40301584620535774	3.654779591831834	3.6536312815892282
0.2645957900222224	9.698785852754252	13.393594976759353	0.4203483541100295	4.644128071207672	3.5438888441133103
0.28501603072633513	9.739925795259834	13.837376140561563	0.4246329122308987	4.241401942680807	3.9438740232501512
0.3128409618891667	9.594058343221587	12.905135330940697	0.4087914915719472	4.130784254199317	4.0372549502413575
0.29555467002166	8.848244035754504	13.780669674761093	0.4010497359990367	3.2147366372739308	4.072941278401512
0.43646557904643973	7.6422925947505345	13.406301627052063	0.35253491584540264	0.6192206536032271	5.851389202522506
0.4023927395987964	7.559005766339917	13.851496897913892	0.38166561623969786	0.815141488461532	5.573741784295801
0.3946226004845962	7.693983663365199	13.720103618148377	0.3809956027705453	0.7714890433596275	5.41426296871183
0.4417037517624244	7.020220971408032	11.784745317010785	0.3454609916221529	0.5300418195378266	5.205366220088325
0.19524887959129053	8.96864277914634	10.746383552204067	0.3095035974814372	1.2778042176683346	2.098219348226117
0.19684548028537607	8.865221713727028	10.558900325083153	0.32482322114831785	1.2580207606388123	2.078471805776407
0.1483038853436065	8.370315199862963	7.591455320569033	0.30493739466887004	3.7855526963196735	1.1258423194527816
0.15931028928018515	7.873385120776393	7.075775802985913	0.3154461740299156	4.93346758931337	1.12724389005542
0.16554999700527845	7.54745123459504	7.208694888546686	0.3162776640776838	4.434833541225813	1.19339941721087
0.15603414177352426	6.271789287289578	7.160143687346934	0.36400545414911933	4.64653624902589	1.1172268752302963
0.1308855014363284	6.257033538981723	7.787337879602891	0.35940703402819685	4.72378484074535	1.0192496232259387
0.11783434459443548	7.257037868057464	8.329077594987233	0.3341676082861132	4.635548669232046	0.9814513994815175
0.10882054811083842	7.012912917226177	9.733369966136287	0.38693842225331065	3.8094899204286423	1.0591906546805236
0.11126245275870808	7.092476091808324	9.552013505211843	0.39193250098281934	3.573395530023831	1.0627804513741743
0.184407920832188	9.192681469177929	10.039258790761307	0.4038871405177137	4.65952617694967	1.8513188403005585
0.18467530388946315	7.7829571995421265	8.103068965133412	0.41539657791575646	3.5993238056708163	1.4964367235732905
0.1606519951578458	6.768735658358572	9.162035170700728	0.4668667579040869	4.182991276500629	1.4718992298794262
0.1745092165005354	7.250251818332672	8.5773553905458	0.4706467918791407	4.7651005574819365	1.4968275688507917
0.15527851985748373	6.586067479771596	8.564222965543767	0.4711033409107593	4.142266559046603	1.329839865819106
0.13812907333881697	6.185457787662391	7.5107680800593295	0.3616967703378269	2.8831053789009142	1.0374554349613607
0.1394180453908762	6.285682884033893	8.844631381210442	0.3916092804203409	2.5293051470398487	1.2331012193711657
0.11998836771587644	6.49363477892798	13.203231607498047	0.4709110602605532	2.100266931750484	1.584234209158358
0.14547072543267994	6.870856260518553	11.030713814089422	0.47479001147402294	3.5331850691205138	1.6046459405758722
0.21125744458723264	6.48716514736971	9.722622715703704	0.4226605559676108	0.5678230733890464	2.0539764296053447
0.19157584016441245	7.558988117738166	9.042206035632748	0.4050426327053038	1.535832118421601	1.732268218216065
0.24478623389290016	8.592804894819112	10.375963555122524	0.4874962386777663	3.3197611114615975	2.53989304166843
0.18788598093649128	7.151302197186436	7.484442766525277	0.4762880445465075	2.721864696894944	1.406221870951628
0.1870126557698052	6.905198377621436	11.402561612826451	0.49361952446789176	2.752092383887076	2.132423329793508
0.11325737859053477	6.384282849188453	11.631790936415888	0.4886324563449139	3.794903726883191	1.317386149771605
0.1237167029637148	6.320459112375375	11.710743441803547	0.49323824262668015	2.90971242341604	1.4488145678738806
0.15189743571295108	6.586191995087201	11.59342693032766	0.492848447911957	2.910135330605907	1.7610118218422415
0.1297405194364255	7.617700497490838	10.033934422386528	0.4768880128138524	4.106283905466952	1.3018078639514583
0.1056281051187381	7.935898515877698	10.306673913933007	0.4598687096368964	4.6838229372208575	1.0886744356054716
0.14422038559112788	6.854594566996889	11.03747723609514	0.4601019515305159	2.8965683909182296	1.5918292229429376
0.2851693365491449	9.403537853743806	8.556528633097571	0.433804680156112	3.550846576928641	2.4400595934641958
0.154471451170004	10.527300677948215	11.291282764865924	0.46238028335356846	2.085347369538685	1.7441808342596943
0.19963157680945792	10.07325089184686	10.16175228012573	0.3692114789211168	1.1775802211805493	2.028606630828604
0.15245526456343703	11.383123582538069	12.655428548546135	0.48853018086149025	1.4074661432993671	1.9293867075322748
0.13651295015109804	9.278139530149055	8.53682158775881	0.46184919137473146	2.3525925128910146	1.165386699858536
0.129518222299572	9.911751050125648	11.79895184117358	0.4445873060135416	0.8407762314141876	1.528179267467064
0.11738479397718164	10.97375504575992	11.374576172432011	0.439201768809558	1.5482863306110484	1.335202280578691
0.16487072201417188	11.628653936208956	12.473577582225316	0.4280929759695592	0.9728019357520256	2.0565277420812764
0.23759590644261463	11.582149988145252	13.449977203841213	0.4361427183029347	1.1530626165660451	3.195659525379156
0.13191483142299223	10.020427891412586	10.615901795831368	0.3837953975894994	0.6206614354157517	1.4003948958001355
0.1513735561298415	10.820220486287964	9.64510968452778	0.3813184324175428	0.5931606472800409	1.4600145522093437
0.12349406609025156	9.505529650302474	9.303777989544523	0.41362674577277486	0.6704081336180672	1.148961373929839
0.18134965006355477	10.221612877710037	12.099054617186969	0.4887857827643218	0.7121934180774767	2.1941593209266936
0.20316360376199755	8.531176873406908	10.313911741350932	0.46374242480541217	0.8225304933687874	2.0954114782560347
0.2441194294548867	8.92898109521589	7.322148210141439	0.4406817020963436	1.31550925266239	1.7874786434438479
0.2684397681007834	10.805737575721764	7.351085268874167	0.4081085779076948	3.658453887267169	1.9733236248656663
0.2671086144481694	6.157358217768059	8.400127077352785	0.39404141949407295	2.028771557165486	2.2437463048202533
0.286297548737021	8.594356912996705	8.489386405271782	0.4723943012745908	1.1994084726294356	2.4304905181107017
0.14955708500280368	9.222984032812553	8.67758811266145	0.343633012793264	2.2553548085747366	1.2977947829846272
0.13882971436654848	10.136341717815023	10.44325671179151	0.45329699647246335	1.9026768108208596	1.4498343463545555
0.14569927332773333	11.424090783691772	13.395797665691443	0.4036068229218883	1.5363141563673404	1.9517579855365896
0.17004497361287627	8.102366958468025	10.222112364711425	0.45091373228041653	0.65152661337378	1.7382188273252104
0.19300137002501844	9.259801702413078	10.87244266107682	0.4291137032028015	2.407335140237246	2.0983963291062833
0.25820089928772294	9.665607237582073	9.060906294670797	0.4914290234435447	2.395081263585413	2.3395341536457894
0.3232483586051071	10.266099980682151	7.492216519900478	0.44092051916245584	3.4295363995639776	2.421846692371897
0.24168936784258535	9.770010126438976	7.298683293097776	0.38755665243141646	4.28110120459107	1.7640141511920406
0.24649800086892393	8.076035483209294	7.260288410031285	0.419402929938502	4.3943125646706385	1.78964657880453
0.2412692502924519	8.045428952147718	7.05564404833626	0.42323098453004726	4.840055184361963	1.7023099498724896
0.16231068683446567	8.825841679261046	8.568325402288226	0.3490780134248618	0.7083213985561758	1.3907307810666012
0.2683064583996001	7.0220862202272265	10.593683567218523	0.3479687558913706	1.1343809880907865	2.842353719326444
0.179690068606296	7.855359710725175	8.467085834515135	0.3574156116984813	1.1486376896393355	1.5214512344994215
0.11146236118058286	7.753782588494895	7.975883656840782	0.36828496780111153	1.5059930726639548	0.8890108248930954
0.1105219675745481	8.351500679903406	10.320471513454335	0.44998704054198746	1.0075783768854767	1.1406388179640474
0.21741476516693495	7.5884925872484095	9.712860335717213	0.4111975052617374	1.0838590032893562	2.111719248989195
0.28767486784341567	8.748680608813938	9.089244779198893	0.3510889956542313	0.836523620198265	2.6147472906524976
0.18040598172918465	6.9823799125937045	10.608874829490828	0.33587044509105024	1.7944181436357158	1.9139044786563293
0.24638973393535576	9.165905515561144	11.445285381411768	0.311021964055733	1.1943959719576451	2.820000819940262
0.24582187706235753	11.830895807323914	13.574709949715835	0.31914947780613073	2.7776117310019046	3.3369606804162077
0.27170092302998095	10.178388312959632	13.154304365859247	0.32314071353470214	3.3939796829772364	3.5740366380212656
0.26505580911820953	11.054233416058354	11.654251679135305	0.36268938810091345	3.1350261425120927	3.0890271084804604
0.3032664957674981	11.694607460013524	11.973567120342812	0.329399676342708	3.1359810705394	3.6311817424232977
0.4058945887369413	9.761587234990646	9.76476627701831	0.3196729407647878	2.3723453325581305	3.9634657921227006
0.4349361013498506	11.880422522518712	13.400265346192612	0.3569692395995422	1.4984567529998287	5.828259166726521
0.45194637832871065	11.09794960610181	11.445169930962654	0.33171151135878796	2.6018612551642546	5.172603099655231
0.34931149433334235	9.574282900291001	12.41098181139862	0.3845622599626872	4.499602468923966	4.335298602683585
0.4461692101918135	10.57127151123258	12.57093366516358	0.3619051007940736	4.608558576188065	5.6087635447597135
0.3588029730454802	10.11150497852636	13.720739733263864	0.36463552798568594	4.774537725456313	4.923042208678323
0.3680943704814449	11.19906457476423	13.659991917598648	0.3729316842738583	2.5370072818898945	5.028166125690099
0.38253327505102447	11.110257484885896	13.713411342137531	0.32825999472695766	2.210390333424056	5.245836152829735
0.36540864487970054	10.720382000002424	13.850192827502257	0.36473634003507627	2.343889571730896	5.060980192420148
0.3590770007606779	11.327715281679856	13.21234476017888	0.35720472919278706	2.067722926821499	4.74424912950109
0.4004372372145797	9.97107358427659	10.55895868287088	0.36043524241648606	3.612611818301247	4.228200242831712
0.3725293876967968	10.377340261324628	11.552116207678008	0.3594251571039128	3.136620800104391	4.30350277744853
0.4150292042106456	11.32485380173516	9.110378747487907	0.3551929521745868	1.5069266966430255	3.7810732416274844
0.2673821559719974	10.092839058418605	10.781769516619947	0.3728381807117849	1.277816625302954	2.8828527785470017
0.17904520495997825	9.015085820570654	10.477680019385295	0.37595404310005526	2.333855932356613	1.8759783665759089
0.2215150221050266	6.011289451478247	7.322545715565915	0.455125301218062	3.3131654886527464	1.6220538760486514
0.2281892632863781	6.923104016080823	7.248538341578866	0.4589195180164349	2.3670404011836097	1.654038624067946
0.2065024007470521	7.1861430130499455	7.865098455303821	0.4355624045102312	1.8442304052837692	1.62416171313217
0.20273098935847755	9.286159375126488	13.218104321082397	0.4579451532669591	1.322978390537679	2.6797193664566015
0.3782871640928149	7.115794820777483	11.229796467053879	0.4857276721982833	2.416524270134376	4.248087858861323
0.23659328209425357	7.763391206321347	13.489764624601268	0.48312941009325056	2.855490681628784	3.1915876872133704
0.22587382799049183	8.453982569064685	11.548836661783403	0.4608750845472257	2.1002258374734915	2.60857994563395
0.2794534987116443	8.738713300470131	11.925919954712032	0.4583265855371572	1.9048573325749367	3.332740056699292
0.1639502285254793	9.038404568684086	9.954184310979944	0.3853990877714839	0.6339178035959191	1.6319907925699024
0.14621715126524076	10.255293583590213	9.922605612352006	0.3119058694083336	0.9709237307258547	1.4508551257666003
0.10024764592185946	8.573039961967606	8.155178466168332	0.3617375851265497	3.009015610454584	0.8175374433060159
0.1658290405150507	6.940941158964888	12.388813675382368	0.3214566569483571	2.949386042332755	2.054425084908397
0.15456496071498935	6.556361435083415	9.547296648481764	0.4776003973262135	4.160385225374432	1.4756775314069333
0.1559129614799485	8.769950422243364	9.160294876608367	0.3736423632110706	3.0799522134801345	1.4282087022416097
0.19372282056913084	8.848513776601413	7.120513605482524	0.39048906764400976	3.274211260691298	1.379405979554946
0.1467810532850581	6.9947648792353405	7.664396436860208	0.3936237475777209	1.6627468318693173	1.1249881817965879
0.1831570996550539	7.609216063678499	9.0904664880682	0.41933939395203446	2.0179078483180755	1.6649834764660352
0.19145506629252423	9.892440325267762	11.281248917801328	0.45144737971864496	2.0021224081085878	2.1598522594201204
0.15924292373811472	10.90255375537113	11.530114938230284	0.47337992958462694	1.7941162413995855	1.8360892138003024
0.15537948325207987	9.379703405999534	10.821746946617896	0.48643012648890493	3.9551134637014256	1.681477448450262
0.2529781452995419	11.261294697332882	8.508701373332908	0.48042232760061615	4.73758373250948	2.152515492333424
0.22749730883905167	11.927787712115196	8.766609157488112	0.46821554545925176	4.732037767575515	1.9943799909723317
0.2477749310028692	11.667142564075649	7.980243759748282	0.45914019142302626	4.672216195715976	1.977304346957708
0.24866460555261827	10.715510881006526	8.808423110282943	0.4605008363506412	2.910402136297596	2.190343058259075
0.26474599984890984	8.082536149249714	9.89717041097833	0.47079348167802104	4.826955229559917	2.620236276129504
0.19228735903323052	7.996309704207811	8.728427153901482	0.37726168689820344	3.8791933412549056	1.6783662059376527
0.1938904679814712	9.087296245329762	8.827130541355423	0.4101893753584578	2.630581255899189	1.71149647159694
0.2795792618436012	7.046910082813255	7.994153547169053	0.4333214082567215	1.4149867501506115	2.23499954778193
0.28849669772725406	6.824919537467466	9.399574190208384	0.40714342320877583	1.2706923759875943	2.711746113917447
0.24644461028329373	6.684094392619867	8.52876634353577	0.32729048108738484	1.4644004143249278	2.101868497729945
0.24626425577141192	8.87613300769472	8.17082009024994	0.40432391687366337	1.0978858666349616	2.0121809285675023
0.26034374284629025	8.846258352461312	7.044931656989459	0.3481143408924662	0.8988002422673383	1.8341038756769532
0.2539556512106408	10.595564332306092	10.539885862331706	0.41527158170958	0.7312052877266054	2.6766635778542747
0.28028066832851384	11.436070040191169	13.062533873728146	0.39805261044555473	0.7311146926027047	3.6611757241923755
0.29515477508077403	10.670325585354991	12.314794991982188	0.3752714134422216	0.5598783093444837	3.6347705460243454
0.3494734378329677	11.695647228039496	11.531151395334495	0.45667639368529767	0.858070211528799	4.029831120299969
0.2064567935288372	11.729018070309817	11.870380503578568	0.41776495386074297	0.8394736983033017	2.450720696736055
0.238842858168526	10.943961918536692	13.808188421705283	0.422893518501996	0.7096639741305177	3.2979871887696377
0.1961678914966376	11.976275818621172	13.290407104871308	0.4558471763821717	1.460973254547414	2.6071511388945363
0.1763240774769262	10.535899950262996	12.924730418181444	0.4631621300377869	1.3192990609747837	2.2789411676238096
0.15289222185091855	10.975295776524776	11.546847194131011	0.39262966422705897	1.8665838550972385	1.765423122883735
0.16695954814362182	10.806201603879575	13.387931755639675	0.4325082466263149	2.5827618614822465	2.235243036499246
0.15623854537715745	10.604663610896008	12.68932761477475	0.4558133224461247	1.7031617999657085	1.982562088346602
0.23031773622827953	10.80050574391473	12.55927344316427	0.34490983562822786	0.7916116109257738	2.8926234281015444
0.24218430468156876	9.857269922367001	10.221636504096187	0.4315894128090041	1.9144284208963795	2.4755199294522763
0.15063942036724493	8.276994982552283	13.042292256334784	0.45964340069785503	4.070266696471058	1.9646833457544788
0.17242992013583802	6.53396342698804	10.681904139802183	0.47832204201984807	3.413381306991964	1.841879877724768
0.13073223418048577	6.746840020433536	10.297768832991416	0.4701086896462802	4.64194932582278	1.3462503266111414
0.13063687859232123	6.984696509048744	9.269694221787791	0.43217893609650737	4.715468046492678	1.2109639186396333
0.12059975581511088	6.786821946639826	9.109536886248431	0.43025790029969085	4.11248581859491	1.0986079240703064
0.257088993806844	8.82658358685511	9.511569684771182	0.3193875354203968	1.5379687733040146	2.4453198797815037
0.19081097791058224	8.72458855173586	8.338513384232478	0.31103075840866995	1.056727837887318	1.5910798931658776
0.2256385435069544	8.930344019192006	11.976702651432195	0.35938997225708647	1.3938287393854552	2.7024057422850394
0.1975633101577286	8.03355186603919	11.197884545771268	0.37058514815275817	3.6743629108621056	2.2122911376266448
0.2227408975177441	10.01075940083875	8.172838719803984	0.4004129969270225	1.545271568561479	1.82042543171691
0.29752442305117466	10.360519451985402	8.742229844080553	0.47128351548102015	2.9022476155107007	2.601026890540827
0.16241031923278415	8.304748984206473	9.559431889404536	0.49052454967733994	2.951393516553765	1.5525503848422477
0.2139342067437404	8.86386977156174	11.920804498638873	0.41122111715390114	0.602288465316876	2.5502678541635193
0.18743987739736187	9.289758611377229	12.148743244192012	0.4417466580276297	0.7333398171969486	2.277158944223379
0.20024023234345356	6.778823014320534	11.962236352240396	0.4165725969423746	2.8379462701429903	2.3953209865199234
0.2173540014987856	6.863005769819606	9.960635559040275	0.358637630624052	1.3960106488796304	2.164983996228497
0.12143150007573535	6.022795897475136	10.131199111557274	0.3662799001272487	0.6288266739265551	1.230246705682357
0.12635366886545563	7.606660742180509	11.79105286672942	0.40592510372700086	0.903505783412887	1.4898427894978103
0.15144187264186698	7.758901025140448	8.441184751415719	0.46342118457781534	3.353967279434749	1.2783488260703688
0.15554284526116785	9.080320598061297	7.755221277467491	0.4559505099170781	4.822654974657105	1.2062691831272425
0.1671175615423142	7.610683345151341	9.713386997822692	0.4450778125199084	4.726555584288104	1.623277549392948
0.16349858159733446	7.875427811846243	9.032912834733198	0.3815812541685242	4.9935975990643096	1.4768684361712354
0.13324950825575374	9.53579872141452	11.504295037551435	0.4589635091287896	4.391133246078658	1.5329416565828367
0.25754821123405625	10.406391032647912	11.378618542657899	0.3736262278130162	3.6861278494021454	2.9305428519762056
0.13917858392854246	10.04022210315036	11.726974969135439	0.389788823039829	4.574518161502532	1.6321437699697332
0.10716912809719024	10.599387480491924	12.98994346678489	0.4270117209084288	2.3563976046282797	1.3921209153671295
0.1379563867580182	10.189376269833904	12.31720030052562	0.4403395685836118	1.932979856320678	1.6992364484352904
0.2875321602079318	10.229142077284903	11.505424674376345	0.37249154188101474	0.9101157212096384	3.3081796107330708
0.18728270649779055	9.806228664896473	12.865424238082952	0.37750344051054446	1.2506459855249652	2.40947147155045
0.2246663129719008	11.347542254434703	12.969663699267572	0.4132119066138055	2.0087469862084	2.913846523799949
0.28837128041776894	11.068503988859154	12.256952483834528	0.3762548004866716	3.1141489906520667	3.534553081783116
0.25196914404765725	11.927512360722783	13.412409579429259	0.3681234381305472	2.870333629404633	3.379513361345389
0.2328740633470038	11.98868432822076	12.477151510716917	0.35683516005773763	3.948488881132152	2.9056049712968557
0.2271434428941784	11.856793653484829	13.10567162404145	0.351269611984727	2.993699712889255	2.9768673741253133
0.1773179208108369	11.253725655704816	12.206288628464936	0.34333618173989466	2.2526421708268662	2.1643937204163644
0.21971083703989755	11.403952404305244	12.4389749431689	0.36646603844662246	2.8139356945987246	2.732977596681951
0.18541418900196183	11.684278413186048	12.218856975409292	0.4696677111958654	2.9123839257194684	2.265549456626478
0.22751639504132243	9.380493005238472	9.75500609246088	0.485972730645462	4.378126754692895	2.2194238197628366
0.3052317200346469	6.276641143303358	9.024748199706352	0.471526314458292	2.241598490814056	2.7546394158759524
0.2236238613819528	7.696329763295745	10.49876904474634	0.3839694902974344	1.234745761562701	2.3477752735434927
0.27702946934544825	7.458573956719981	10.086302647821377	0.30622356564805137	2.933523821377836	2.7942030701835456
0.18894631238618093	8.941635968414515	9.826515925317315	0.35326079206746075	4.123465505637284	1.856683947692787
0.28040410634562846	7.327419828441003	11.835226260411083	0.42184262570517417	2.8449186474556125	3.318646042948884
0.249359481915985	7.065174424513035	10.779046111307895	0.44215495622830175	4.6564100012039376	2.6878573538642496
0.2074367657717325	8.811440081516995	10.868994888334436	0.4558709435111639	4.162154573089771	2.254629146825588
0.26270581979464	8.98928494515264	11.647003718133783	0.423421446624936	3.3239591837418025	3.059735659923556
0.1323607753852117	8.773787547619758	8.495772335472708	0.4161402636591648	3.253307329361683	1.1245070138193987
0.19143632019322265	9.134062031340045	12.203014405456573	0.46866697243646016	3.819530890340298	2.336100173045493
0.22599293735083475	6.639182240824622	7.668816223270747	0.45754777579430894	3.573657331273084	1.7330983043006911
0.2962040017440401	11.244693167193432	9.914209058974285	0.3975704828680456	2.2536827978075378	2.936628397395197
0.2884823017453544	9.329541728025692	9.615860077150279	0.3558458561435957	1.5156501626047407	2.7740054483175736
0.10698157865765091	10.450186711236212	9.064327050906797	0.3794864556623136	3.608473677795745	0.9697160173752585
0.1111040732067047	11.32416109176456	9.421899521455469	0.3909336370534961	3.7532493091569465	1.0468114141780045
0.12723135075897232	10.796697203564468	8.875702041667923	0.43952530832439096	3.626991467673576	1.1292675596955783
0.15125924650281175	11.312989173376119	9.634411683232868	0.46419937114266	3.6049019844808554	1.4572938517036897
0.2416367226356168	10.412703540862363	9.1447315919453	0.38050215721525	1.552357657607361	2.209702971260049
0.20340236206370807	11.32780591225742	8.090347728463161	0.3755290363643236	1.7967731946489924	1.6455958378861621
0.3691941525412988	9.757737524922119	8.821166064544386	0.39592073011508633	2.824303215713747	3.256722929625528
0.2863019016838429	8.888943328522727	8.392864940381106	0.35245580512497776	2.072790014047603	2.402893193006763
0.11198600965834744	6.802747535787254	12.165554191919144	0.4331960889413461	4.939947166770867	1.3623718692354065
0.2854534452419542	8.898331165676028	9.818696398383553	0.4516960344472169	3.4251613713349998	2.8027807147033523
0.16106339526065838	8.592599546299974	9.45381743482419	0.47534602932649855	4.360123301783582	1.522663934227192
0.13069920668714025	10.24770559312224	12.00635687689222	0.3946536990518563	3.557381275695908	1.569221319012504
0.30645082303044646	7.547308983870469	11.356942432317195	0.3736635868118437	2.784549461980229	3.480344355493005
0.16865229445092753	9.59903173790368	11.352085895433799	0.32768567405098126	3.2114564260444647	1.9145553330689222
0.3521575477261627	9.350657171953003	8.991162048643515	0.3381423230429096	2.5763535153689094	3.1663055782588416
0.20734954262197017	9.330878736031346	10.234858432007508	0.48721820091408174	3.4400981368754264	2.1221932146773717
0.1204464819901796	11.215701420396138	9.63093607596162	0.4835472572814728	3.479726577322088	1.1600123686218822
0.15962619770906203	9.628764457202333	12.14433140518506	0.48094787201096334	3.5211126090490166	1.9385534459284415
0.20117462335831152	10.243847594612248	13.817135268348585	0.4228703412096174	3.197880400494091	2.779656983500869
0.2035102613707668	10.083023996038524	13.449276684808567	0.41560346631201533	3.2684831651063213	2.7370658133731514
0.13624407731607455	9.540364635025194	10.176055906179112	0.4700490316395916	3.673540082215893	1.386427347654164
0.14074363053404784	10.454395802637924	8.180894236265443	0.41904246522065247	4.85960900548859	1.151408755827065
0.12816806127803487	10.414251940880614	8.636764393751116	0.41247231259117506	4.819257079247196	1.1069573480622428
0.10314704968893176	9.156385831848729	8.181295373705966	0.3508487788999851	4.502786283414028	0.8438764804314769
0.16495424238094863	10.993611466944508	8.61829051456882	0.3103899346554233	3.826668732536432	1.4216235824496155
0.30250810317102944	10.698908601371748	9.148492712018257	0.30737155941512906	3.035747204949789	2.76749317718663
0.24324604505528144	9.502330257068365	10.113773100165952	0.3267963484962248	2.6743704345180914	2.4601353072018606
0.1413824007850271	10.164545300213016	9.819810429916672	0.46498089246895463	3.1250725716936416	1.388348373835468
0.17935829534703085	7.42060088157935	10.17240111336828	0.46313902155901954	2.964978863307055	1.8245045232799735
0.12146635221619978	9.950991354731425	13.68531886604956	0.3148281416800752	0.7874322066656304	1.6623057615745795
0.1122898951494239	9.583123428775368	13.89138667062781	0.31161202861243414	0.9184119984882048	1.5598623527249016
0.1137852258362423	9.448449296142874	13.896758869164183	0.31584608348666743	1.092923199805392	1.5812458463196497
0.10898514538778759	9.180035841588712	13.63232499345607	0.3130880482913811	1.118782795651142	1.4857209213853801
0.11519505581064347	9.730152141025206	12.35742792634266	0.3075102221878184	3.0076317750748327	1.423514599651047
0.1498548663591902	8.992238150213494	11.75910292297066	0.31128003871336607	3.0757337039074195	1.7621587970257313
0.17481648464701982	8.519527956681797	9.037913955990765	0.3850755607100997	3.752790645460125	1.5799763463285459
0.20015122325485507	6.666594545638096	10.176153144737462	0.4223134925834454	4.17334483675667	2.036769499947943
0.18827014046589488	6.09809948570769	7.200261728556441	0.46057577465283217	3.956026626747863	1.3555942870265283
0.17963862381148346	6.174470473701649	7.066622909809532	0.45771184056420894	3.7830389543481946	1.2694384145128852
0.1437030899603308	6.445038188935944	7.585331714592223	0.45620957189693745	4.968580231762593	1.0900356057609963
0.16317124071757333	6.65607240150926	7.361219403087927	0.46405150633274234	4.363922745028607	1.2011393031961315
0.10729381440375887	6.4794108614504795	10.011141374805293	0.4674923842976309	3.8452687247101576	1.0741335446381506
0.16048343697408535	8.374505046431128	8.487822942492665	0.4713113201305496	4.432625193683966	1.362154998238717
0.23143948442605633	10.074880383304356	7.303520559010531	0.39162348310578793	1.7290381612355243	1.6903230326725
0.2768351577800839	8.056638819383503	8.761782954839374	0.413919645427089	4.109350616318864	2.4255695667378077
0.29131250220307325	7.714359010219461	10.554776080588976	0.398739845646286	1.710526532352912	3.0747382302295208
0.22136716501285036	8.140811402071577	11.120928998908443	0.34685835152321554	2.98394640371565	2.4618085247975583
0.23437152813300327	9.236348361736816	9.204783054134449	0.3562450263663265	1.8175060081165568	2.1573390705302637
0.22767706756932987	7.142500405744444	9.838526470397882	0.35243262166431366	3.049967007001183	2.240006855983419
0.2437306845394916	6.775971483822177	8.968471420468443	0.32812201931194773	2.1713352082403694	2.18589167858364
0.24765766683376172	6.452623003260086	9.632432257760634	0.3523674166166117	2.023621145202929	2.3855456988912622
0.31002381179812377	7.749048457347411	9.234546575988563	0.39602086706357953	2.9045241208995023	2.8629293297152865
0.2735293921223575	10.991952185266243	8.957861656916045	0.3284306262939415	1.997009708823136	2.4502384537324198
0.1618208363769785	11.274589403274835	11.14477935685629	0.3140256217594808	4.4957049207486905	1.8034575167633693
0.12859594941411076	11.29379171288722	11.401567963817747	0.30411991657205634	4.221869999731347	1.466195457116653
0.20081403355473876	10.268996687361804	11.538870512979008	0.3102138799499441	4.670608878178412	2.317167130377152
0.21987537402005047	9.904266774804976	12.217129343006984	0.35332513919390773	4.575502238674005	2.686245883744994
0.2374688225165712	10.093168361373973	8.934443429306512	0.4406820457266837	4.170367360409664	2.1216517609983336
0.38177571360465695	11.99191323800536	13.0105722266073	0.43540982824536545	3.968291217712883	4.967120496217932
0.3790462046429929	11.959144853230445	12.262092358902965	0.42963869044274894	4.255082367479112	4.647899569624013
0.38082157029332064	11.896898119855859	12.053211514180855	0.42631479239827264	4.8170609549281584	4.590122935907886
0.3733448874084588	11.880662767536355	11.679659257220395	0.41256934851907423	4.891002757017441	4.360541070356112
0.29550292265222067	11.634247355090244	12.383502388737224	0.4142071448932689	4.747501140785009	3.659361148542606
0.27672805836436326	11.741508795143895	12.592720373302372	0.43593628252844274	4.418797082052532	3.4847590584293253
0.28647891757027566	11.51070352885555	13.7227688879871	0.45460409564160503	2.782345329618383	3.9312839770976
0.3414620550211353	11.146169495661969	13.143236665243077	0.4532327489497124	2.9094116252301285	4.487916601343034
0.32799969563334697	11.395210597123718	13.354243294629162	0.470903690724078	3.3116413250090777	4.38018773605203
0.24625098878653087	9.236081673845874	10.033467117965088	0.4364752745221172	1.1164843227005938	2.470751198756047
0.24069114970936972	7.798581291898137	10.480870838183048	0.40568196538962453	2.447250394813813	2.5226528519976834
0.2183693017060037	7.4485016706516705	7.439932287515789	0.41371607423596873	2.3143647287180804	1.6246528183647735
0.3584152198770548	11.878830084441644	11.855633513440548	0.46886079162948047	0.797666266315506	4.249239492501574
0.3688536235534112	11.307016624277447	11.986080553955164	0.4538365120043277	0.7611542836663827	4.421109244529441
0.35896756428207394	10.463694097587528	10.762775363690976	0.4241578770898574	0.733305687258147	3.863487257219262
0.2702171728516016	11.555526001712945	12.808120710894704	0.45413673893416107	3.299788389696441	3.4609741680400123
0.17869374140271696	9.782614969153906	10.882718400885905	0.38970065009274146	0.8608217373531177	1.9446736676864953
0.1786904153967792	10.84172281050386	8.852529977653365	0.3810968496988704	1.216390829590999	1.5818622590193203
0.16215817948951003	8.545585271398009	12.2414202658356	0.39708910588850693	0.6106331985320114	1.9850464246738948
0.1031861057334028	11.120388950515972	12.244237094381132	0.3910251666829333	0.8616072822477142	1.263435143445664
0.11464481379849616	10.889247262825672	12.488544929519277	0.40461653373595285	0.8869686724011598	1.4317469080588907
0.23129759490933216	11.42866523531104	11.809148036572804	0.37093267201600494	4.426706095152243	2.7314275387875515
0.23794013849899812	11.602601733212502	8.907011467095305	0.3894426269672252	3.2589034095786698	2.1193355420928213
0.2324964565948292	11.196038753837476	8.493823629170018	0.3818488117936991	3.743913420489815	1.9747838967234619
0.23294300674473864	11.407333108760824	8.530831193843612	0.3605798512762731	4.855378586868697	1.9871974683257394
0.2301672627425821	10.676289727350891	7.8035678044955725	0.3725123967806569	2.6369310379770607	1.796125841186887
0.1323095164603594	11.235666996705836	7.462766202564378	0.498429652126724	3.518927851289937	0.9873949877180054
0.12141726162156574	10.155082839902354	7.872646948304472	0.49822609599330686	3.703518270666856	0.9558752341765052
0.15687606307251323	11.128880184849017	11.832593913955805	0.44336435394142937	1.7745965288302559	1.856250749157167
0.2259626972679864	10.467974397869135	10.73501034177668	0.4066699103750062	1.563966054524337	2.4257118920275875
0.18522257697898376	7.914043205234433	11.489213311422413	0.38540383742508094	0.5492117396599552	2.1280616970029027
0.11215756046786644	6.17251838574292	12.006373216166322	0.48925996985078896	0.7382826729018879	1.3466055299919464
0.11016214646095827	8.951101664874916	9.239156430183694	0.3871454087153584	0.5488502116760153	1.0178053038376005
0.10013725534859692	9.641174020976793	9.540874745941618	0.42235234560407786	1.62969185100141	0.9553970106833356
0.14065535337667964	10.03269649162487	8.826415881180019	0.3752138207506406	1.7850468395708952	1.2414826448169127
0.2443083154911437	10.87919078356524	8.728820933106544	0.4501671363386088	2.9992131673651805	2.132523538391093
0.19301990903599656	10.34827420095542	9.740057371849016	0.39562787661396315	2.9254012270230496	1.8800249879196846
0.11775491504855744	8.968397993417655	7.708503703488419	0.38508825751147024	3.559425694002724	0.9077141987557692
0.1561825598854296	9.609678603690531	7.11970489620655	0.4434160876667456	0.8403222792720206	1.1119737363183657
0.15261299088584235	10.011023175192385	7.181158402289496	0.4294654996235631	0.5546862566129306	1.095938061798397
0.15676171699671304	10.104888810812987	7.029956533244307	0.4249478069307889	0.533344411802243	1.102028056563638
0.15225571709581087	10.259429840542706	7.1029807003769765	0.41420298347826184	0.5021383022461969	1.0814694200536015
0.15121326822227926	10.706657161538343	7.482864798917825	0.36657662742095287	0.513403737193754	1.131508441909813
0.1985872898610475	10.79366799362996	7.483431057874244	0.34265995965644774	0.7056169391776052	1.4861142926452378
0.15694171743378144	8.416146234399642	7.8026324837019025	0.42573661552158	0.9498788932053347	1.2245585424967882
0.16331256259656435	6.42857025863162	8.397343728405636	0.47767556731059047	1.7141020742014432	1.3713917232901125
0.1530767824117031	6.9199582783602525	11.153828921227776	0.3959181132914434	2.978196611765529	1.7073922428321455
0.15366638789847858	6.786300764713782	9.36202008972075	0.3383720712100523	4.279061769891618	1.438627810620378
0.12353081585387736	6.491796324223576	10.852294340390063	0.3416897984555828	3.279677063615208	1.3405927737548005
0.10038079507946124	6.5842188324709285	12.796783283430516	0.3066456876144296	2.487578919076804	1.2845512804503139
0.11922735791337524	6.944883891476481	11.143423046425546	0.31015148436938816	2.3705377665092318	1.328600887936333
0.45530397760019353	8.513565451285682	13.072808744532413	0.4764117703832528	2.0286898765744126	5.9521018197922
0.4011983542508059	8.603344128344382	13.188474040581356	0.41540763575586975	2.293274564386353	5.291194080160716
0.2040042354281344	9.643479684966442	11.90274785716556	0.32267662247915	3.7542605126416686	2.428210976094925
0.20099771939652947	9.94771668335264	12.517446820746969	0.3231049962190371	4.308648029804818	2.515978263637479
0.2060563088564198	8.595931769621647	9.419653979798685	0.32676564697245475	3.0556354777073365	1.9409791297820018
0.14002465394969899	7.684251405222716	12.922116254970284	0.407185982272098	1.553397482163474	1.8094148568999942
0.192368370996976	7.899342949895844	13.759826378795028	0.36000241350718176	0.8808641463766745	2.6469553856900188
0.1868172579621706	6.403667414977958	12.0688923992207	0.4612035783935444	2.1562526252248446	2.2546773846628936
0.23709630687662447	6.455122182881529	12.147062325701093	0.44279609829538136	2.695391958913487	2.88002361682391
0.23390512716488585	8.44198928501198	7.555633884183344	0.40822763432669945	2.933937785139695	1.7673015044912255
0.3661394818812295	8.223058595142009	8.964570000364123	0.39033309238629793	4.059181534558728	3.2822830152213336
0.3698420652741577	9.020760498955518	7.843377494226343	0.35715069297865604	4.638940891219655	2.9008109311895183
0.3592551704523431	9.438466796074968	8.771274907592142	0.31059732771636633	2.6757098487866826	3.151125862011375
0.3759617207301921	9.646140711487726	8.99903974959456	0.3223875323307838	2.379922646734263	3.3832944691769677
0.37808836909045135	9.183311910048733	9.485786359069147	0.3595251649053679	4.716323735909357	3.586465494040904
0.349026066833416	9.223616362001172	9.052221033050573	0.3812730774579445	4.877009648243491	3.159461103272364
0.32321821060167044	9.799287537131613	9.688170180069225	0.4059674502745141	3.658542823556056	3.1313930296064383
0.2913056159673639	8.940202839090556	8.525598842240646	0.4253664750474356	3.4164051629954977	2.4835548222295554
0.38034305032602816	10.026926868003908	10.560415060827928	0.38944725635592115	1.9334097136681108	4.016580476944222
0.23718810861169143	8.981417031083696	12.572049242157016	0.49273201335733935	3.894290623032501	2.9819405811202713
0.3264357211648292	7.912860352857168	11.413854306702502	0.4982468790358596	3.945834315811011	3.7258897618787232
0.1542469726900082	7.837563383122194	11.165559802945044	0.4692715915335153	1.7653524048830076	1.7222537979935175
0.1349722082236383	8.82040747434915	12.516318914911068	0.4950479225415214	2.7184596320049947	1.6893552027768395
0.14586962047502805	8.709917069749254	10.44256671095226	0.4786009912917266	3.098060159069223	1.523253242911768
0.10886826136787547	10.39539422729087	9.034237630639296	0.4918296415104801	4.059615407106556	0.9835417436319349
0.10941872494909928	11.820303914146496	8.096225030703245	0.4859755397650845	3.265652662880908	0.8858786197605312
0.14921214068753627	11.619682502034232	8.772569915949454	0.4641053952447184	2.1596277319790484	1.3089739364898982
0.13161592637039335	11.81059129232311	10.646254368226439	0.4619603305053169	2.0547216408839377	1.4012166310489695
0.12780668047648563	11.52890052350822	10.338981983711424	0.4721890381445561	2.018354754301984	1.3213909668443475
0.1626245916195158	11.015905128239863	7.480506169505654	0.4945326574588544	3.8093852363024734	1.2165142609231254
0.19235619822471575	11.665253018839406	8.030960369979486	0.49278384671902326	2.952457925808739	1.5448050048626105
0.1760935645329113	9.48291404362357	8.404512872204732	0.48400600619688594	3.382136077302281	1.4799806298292677
0.1892620112136917	9.460270075871833	9.79874153919979	0.4360522790136804	0.6848219266026375	1.8545295310720975
0.17970874177303003	10.577356522723363	13.511041001617953	0.349275561950556	0.5730793287959001	2.428052178444582
0.17025853302648145	10.469533796759952	13.713252654085952	0.34252665716320385	0.5673016988595392	2.3347982799061775
0.18303633349906967	11.840741395527825	13.459273960152807	0.35344504086468054	0.7456862535688854	2.463536157225873
0.1855826958329997	11.197530731592899	13.37927532901222	0.4402693832163837	1.4175926653129995	2.4829619838500316
0.21188359651491256	10.675794401782728	11.702108459847455	0.4212383294765418	1.1873537182263423	2.479484827280063
0.1698092168457311	8.889158926377622	12.37250904944616	0.4016946987112533	2.2404025289329366	2.1009660721031733
0.11266751514430144	11.801403994655516	10.271930498674347	0.463918308881988	4.696756913116198	1.1573128850206038
0.11340605322021988	10.454185850800947	10.094838816637749	0.4055092358039492	2.9101855136445782	1.144815828089162
0.12717490225445474	10.746730423005976	9.587944234464253	0.425023945055284	2.279604149340652	1.2193458708391542
0.121169884086923	11.236001329816387	12.401374555000444	0.4640035657716148	1.4152402362975198	1.5026731173479202
0.14165185676731437	11.488817985924047	12.802030653932412	0.4764228310688984	1.6247994921505287	1.813431412521602
0.15540679613294303	10.096642066272082	9.64598067117069	0.457395480334398	4.106192230138971	1.4990509516669324
0.1403328563807897	11.505965457345685	10.036827341342455	0.41327793063078055	4.271147554056442	1.4084966498113942
0.10820144698307307	9.633629506002356	12.277621959814024	0.44034949330052753	3.436517421915206	1.3284564615630308
0.22500663798845716	9.001477662602424	9.193334369323011	0.3969366392091879	1.5094812274583196	2.068561258345104
0.3188628701577856	7.361545020345603	10.522169774064375	0.43299024198915226	3.29839411267148	3.355129254445665
0.2381267455678716	6.2947032285880695	8.367657640373292	0.34450183109105337	2.3516839467096378	1.9925630819282278
0.2297541853978364	8.54912975064822	7.766736327922922	0.4032114695509166	3.1718784095791217	1.784440178221714
0.15659986655023805	10.15029442919258	9.641268283868754	0.3619894690770985	2.9925301676249756	1.5098213266288896
0.18154297745025127	9.619353714610332	8.629326423054186	0.43518504480362047	4.476905602262352	1.5665936122313837
0.12969126275415102	10.539609323503907	9.413887944939273	0.3804689131298159	3.5613493774366023	1.2208990150052539
0.11222280164108532	9.830700776236739	8.264973263226404	0.41160427041240755	4.363011263674892	0.9275184550879304
0.23713814484661133	7.421637142852178	12.177618765854367	0.497700948768271	4.336872018025904	2.8877779227839855
0.2827222777469288	8.848945119822048	11.587496131580716	0.4897804943639988	1.1962043775730935	3.2760432997042264
0.2543137961836563	7.993989835764346	13.269714223232555	0.42714018629041706	1.7179208871702392	3.374671398382529
0.26568464213913784	9.34362682428128	10.878597138039575	0.33846938244312125	1.915295655509736	2.8902761875958936
0.4036389382034771	8.030615709639447	10.163687728749627	0.3066308432387605	2.0363774836413566	4.102460123064209
0.33695821609033166	6.142476023147442	9.952910656106669	0.3264784352262165	3.9613169782741537	3.3537150195881558
0.3408032637053243	6.25561570233092	9.729025961224272	0.344124977649786	3.8475494856098247	3.315683800259062
0.2610213277251521	8.078290341647358	8.806728480772538	0.3292466582866257	1.8889926098956968	2.298743960966159
0.18370446549878244	6.555751728810069	9.402817739630349	0.3888079229830333	0.8205193277232402	1.727339607041263
0.23500678529005617	6.626058158621776	8.234538957633603	0.4139913540309906	1.5809997681607026	1.9351725287792032
0.30958593273077	6.424641941897554	8.26666517193486	0.47526739916654176	1.1880719526381676	2.559243247826425
0.27745963309063765	10.634038131010488	13.147544559088493	0.4525398590840851	1.913082245516852	3.6479128894075026
0.19435020049729487	11.160954599904512	12.809848613593468	0.47527326975259687	3.0523084561970766	2.4895966463918855
0.15938546087317018	8.552664548144259	13.459986439780108	0.39598787753819087	2.8652336971271803	2.1453261420509735
0.1329204649993196	11.638609591439408	13.714657080036869	0.375380427514428	3.963480575743197	1.8229585963847112
0.138485159399012	11.768778199252123	12.104354843195807	0.39964241345424734	4.217390439110617	1.6762735098821742
0.1864513831258526	10.56408955610452	11.379230070793279	0.4365066188098981	2.798546289691304	2.1216731856067006
0.14333645890313643	9.58363792889896	12.824300923928403	0.49228794306930446	2.96454568226246	1.838189882344118
0.15003349786279646	9.009120598446211	13.404768087580637	0.49538137444413743	3.392083833513104	2.011164244219312
0.15703297000206273	11.655545734352115	11.063904364853432	0.4909813447324412	2.091056189475484	1.7373977622317198
0.248266282882864	11.250550499392928	10.59492509408364	0.49822187004192153	2.1400236877191974	2.6303626705305234
0.38148884835049424	9.796996900779229	12.026079688450448	0.35441406398217035	1.4228414813565016	4.587815290518232
0.4242226150498715	9.936101157846526	9.778555642196656	0.326924311899482	1.6006565735168103	4.148284445943341
0.3251426375510939	8.64485327836675	10.756383456643267	0.3141169525188729	0.6397157821563362	3.4973588876039443
0.1854794811274511	8.223364068077755	10.36160517052162	0.44810913720684686	0.7206544150734486	1.9218651506758648
0.16148109490159665	7.744484626498341	12.499670579390179	0.40020947797352147	0.5652826584287057	2.018460491069201
0.2033163474828536	10.172466184627064	13.73261622619063	0.40664415561198153	1.40593953029692	2.792065372492848
0.12172834120346678	10.618142218002024	11.456751301470439	0.48269694984528166	2.5581239428261258	1.3946113315086557
0.1337746791808772	10.998149406616776	10.455535035895458	0.470009874452516	4.652643037477249	1.3986858450913364
0.10013933023194886	10.949246035229375	11.528353362379972	0.4715659211239392	2.739155032370936	1.1544415843859661
0.14394212961831712	11.304840363182919	7.058542525516089	0.4697246414018952	2.2581523519851605	1.0160216431242404
0.21577622277420208	9.280569689929743	8.16321585522547	0.45035733672157646	1.332556175930069	1.7614278829310297
0.25032156783686027	7.077824639472574	7.698076051635934	0.48831679142370793	0.7906134125594301	1.926994466572894
0.1598973788434556	7.80433164434053	12.401993279260004	0.39465736427858	1.3476802387209503	1.983046217787827
0.196579435628328	6.440284547681033	11.96164808896068	0.4505936059614504	0.5020951438144798	2.351414030512559
0.16895727544634065	9.638121243517178	12.189415164975996	0.44029960180357647	1.5812296148587957	2.059490375558651
0.1121599557840492	7.180024205136919	7.601487667527758	0.4334782051107127	2.546001083889568	0.8525825206829086
0.13505051418571892	11.94657627562084	10.128789044291151	0.368732739963048	1.015709420958381	1.3678981685101965
0.156133286065795	11.90124120790479	9.446493954385101	0.34117671542339406	0.9590836784382689	1.474912142898812
0.1346859755004823	10.164572252203932	10.37131817963332	0.4064632565974769	2.004480673495137	1.3968711062498
0.116911013561828	9.090647736187284	13.45284398028068	0.4075594894686157	1.8019995670514548	1.5727856250237506
0.1553502854368723	9.113133123924737	10.926561441572037	0.48344430824390144	1.5325685503182511	1.6974444387917387
0.2050689092430036	11.442296316248836	12.527615150077311	0.45012530723803573	0.775965331635731	2.569024374242481
0.14296871531025657	10.490394581928326	8.924875944083707	0.46622806493368474	2.52352937737418	1.2759780480290608
0.14171918933622807	9.031494231311017	13.046898016838025	0.3355290177106248	1.9053181884042787	1.8489958102987265
0.13530660278014175	9.233966608376887	11.012507077328747	0.3292929131446008	2.637666658792692	1.4900649207256207
0.11763366841582922	7.4045212113035745	8.726718632997478	0.44166489929467767	4.32342160999746	1.0265559260322639
0.202210605969633	8.356885223446238	8.621316577783425	0.4110301816464518	3.1277092283346297	1.7433216494496289
0.12974733688270823	8.772267104681177	10.495127735758036	0.3644496194441016	3.553934746880611	1.3617148739584528
0.22207637124043053	9.326765193771433	12.205648211202451	0.3641766487995204	4.288862608980243	2.7105860633810925
0.17843722033310666	7.622270035437699	13.545889212058375	0.44324460378920166	3.2873119267408235	2.4170908179399127
0.15462944697399775	7.698835941171963	13.702232849653155	0.4616599201799388	2.3769081373787606	2.1187686878508125
0.15120972097644567	7.815228347420694	13.525461674084914	0.4600128699430676	3.558567444029245	2.0451812858159895
0.3626591573570307	10.572732544255812	8.14991666774981	0.32027558486072294	0.8028648969132692	2.9556419112561656
0.22064371717310471	11.143126498303323	7.016072787780872	0.3604399122120847	3.237376557027016	1.548052379853039
0.20216421871882323	11.395512811565096	7.271032631345182	0.3743093154383583	4.869890910174713	1.4699426311949682
0.17251967925037107	10.034935917283512	7.422177783375543	0.35279287226025424	3.2235189832954387	1.2804717305271787
0.16581644594050307	11.415560302839983	8.05643524686774	0.3083128498560206	2.9191914942032926	1.335889459585408
0.2010147124138112	9.70437648257908	7.011056192942723	0.30486486483690706	1.9378901820522283	1.4093254443414513
0.17327728179017607	10.70489945332838	7.259970726864309	0.3035843784664441	2.47710938164882	1.2579879934272964
0.17109876917492373	10.957542154361455	7.072770888812745	0.30234006680002334	1.7915828332564316	1.210142393732092
0.17052394130178636	10.479282501721624	7.090596468481928	0.3027852969680059	2.040705064670272	1.2091164559860659
0.10616226267638983	11.93785863133294	8.333384775079214	0.3012570380164385	1.363368495716638	0.8846909834753872
0.1932230202675883	9.410718424588387	9.492813791201272	0.3096593194792822	1.509391128866112	1.8342301515737252
0.36140429552986125	8.916813394522464	7.911699222159601	0.48998411404095793	0.66578932044476	2.859322083828742
0.2845828071028458	9.510341029869693	7.6809786868129235	0.49137162321645655	0.6614907432983629	2.185874475990352
0.17580127837160944	7.12205781386972	13.701000902376542	0.4972144461056808	1.166056124164583	2.4086534736083705
0.16473728403069676	9.002287267836536	11.902738790862552	0.4959263049699431	2.891235379418336	1.9608248609335164
0.12290412206430036	8.650874048890513	12.253451811229361	0.4964157459893183	2.927646533999505	1.5059997371163558
0.11853670023862484	6.947001494651014	11.399378435489263	0.4661693971862605	1.6573958241414204	1.3512447045142348
0.13533772793237928	7.720497699601456	10.089750076354767	0.418190871331898	4.837889847228418	1.3655238507394045
0.12815835342493007	8.973815722569741	11.767908217330108	0.44476369852042896	4.680752891125787	1.5081557403887307
0.13792047778288377	10.69218931680492	11.15010803841479	0.48580510212460853	2.8002435745549312	1.5378282279889408
0.11618221994311737	10.140464794673404	9.829662757244	0.45914451198370265	3.576694841881724	1.1420320404287918
0.19161303195651944	8.931633201744374	8.930150407066275	0.4854912902075316	3.0823492419271274	1.7111331953257152
0.14935993851709436	11.094626046834923	8.852159285449638	0.3661230651463747	2.325616960505351	1.3221579666182839
0.10284554669119195	11.434797545373888	8.809361335931262	0.34329916341195177	2.2522160980417376	0.9060035825940997
0.11994099929451332	11.107174290558255	9.692165576564031	0.36240696216915513	1.4401975085530463	1.1624880245809728
0.13204356064320044	11.062366405091373	10.977002007597273	0.47277468933380223	4.714570329822912	1.4494424302707034
0.13864800852405035	10.966894221705147	10.594579975493632	0.46035542681429503	4.736841370784536	1.4689174147509743
0.4387842229106045	10.777983796057407	7.767429096711283	0.32792246025782734	1.966621791980512	3.408225340213679
0.48409493392696656	11.29501995787296	8.537942079090358	0.3038160658752115	3.412834200247121	4.133174506649515
0.3712747427843876	10.494107983628163	8.748610005516335	0.30623849388636903	4.578868979953429	3.248137929518997
0.42455123030813	10.576184547606543	9.364405462759986	0.3021726747967952	3.4088130261470666	3.9756698603189258
0.3096501650482705	11.00233466559698	7.759969977450527	0.30130362357577806	3.3829522601322126	2.402875984287179
0.3711200654880216	10.0045850898201	7.16891496295692	0.3007598900001584	3.768044617547416	2.6605281905306306
0.16138452327049843	9.663553989434766	7.324759686648374	0.30069765897226014	3.5712328725388485	1.1821028501007134
0.13915599664727235	9.598820623922228	8.542107382792638	0.30102872297244626	2.4551102493446955	1.1886854663205328
0.2068274560422716	7.994274533501848	9.731107928437096	0.3148926466565969	1.8981718160214744	2.0126602973114243
0.12041899912871268	8.586801826080418	7.147302893195262	0.4328631250044517	4.4517454697061405	0.8606710608683258
0.12146426768279645	9.598513776250144	7.598153077089347	0.3940052895835672	3.064353801995849	0.9229040992504439
0.18924766867869455	7.601983916314949	7.589466906746545	0.4819123847979738	2.6559738548170895	1.436288918615887
0.1556486444862937	7.962923357869082	7.417713799188784	0.4073995112023687	1.6633333239717691	1.15455709803101
0.11448324792078972	7.672121562806419	8.666466131760945	0.3681798074132794	0.6923300036629993	0.9921651907595157
0.13245246321908474	8.08118519367686	7.712568731757339	0.3310058337007052	0.5464113507818216	1.021548726267752
0.1703840336174614	7.559099268925472	9.911342101784744	0.35172718094572003	0.8703697809614672	1.6887344458646523
0.1746765495217245	10.507690612543673	11.693960746251012	0.3283117460012878	2.205468915271662	2.0426607133976176
0.13173327115210542	8.94438189483735	12.591821350534547	0.4894695601374599	3.342882072457108	1.6587618162688378
0.15993213600090747	11.043831243795948	9.042082726999853	0.48822384580343087	1.8362170563729343	1.4461196044259967
0.1607995423010652	11.705425276630596	10.567486527034712	0.4507043107087696	1.9214565562659691	1.6992469968198547
0.25262715610559894	10.503517329132	7.728653637560206	0.4667452014971892	1.3743164132939485	1.9524677889820272
0.1831119396036301	9.201413497965449	9.57959598293032	0.4302480545037626	2.219393858583627	1.7541384010535142
0.14357114383647035	10.377364954931592	9.114823719824455	0.4138737068994254	1.685122482181387	1.3086256673229886
0.23094952173564884	10.08221269681366	7.917961274908186	0.4404902442833215	1.8384473953542348	1.8286493695614339
0.1858300273998232	10.967520271115347	10.17296500598936	0.360297376426749	0.5091861894961759	1.8904423658004454
0.19322523437890543	11.074458750179955	10.061594095238732	0.3790753470855927	0.5449107433357583	1.944153877277915
0.1682855035684613	10.943918199006337	8.829075738986315	0.4150818117489604	0.5721069944557008	1.4858054567793968
0.20226239520493308	10.335730056861658	9.507679885938659	0.37372325708648274	0.5309254525999999	1.9230461065717182
0.22013962814121127	11.076298061237104	10.047837773960891	0.3776647063865898	0.5002082537015544	2.2119272711829665
0.1684495554271976	11.661411279141891	10.041434383073899	0.41228281577302506	0.8223289421050423	1.6914751576801745
0.2156391602245193	11.468712479334148	10.44021968161803	0.43342258243908066	3.9333710304151936	2.2513202047036103
0.28173851480415735	11.695882083815476	10.216603162974806	0.4047385876273509	2.1225897287218154	2.8784106014799784
0.326295621256237	10.677208421959124	12.514321671061374	0.3971572888522721	2.142948354589467	4.0833683642593614
0.29234405876438585	10.962556466162944	10.413899684357714	0.3356607353332193	1.1875463183116663	3.0444417012902907
0.23802990677392524	9.737290180046628	10.302297788789284	0.365648822655973	3.7649110659971368	2.4522549822227293
0.23329369483585005	9.841032231290711	10.190642326619752	0.3542376506500438	4.415658634416793	2.3774126011277255
0.18580261762228248	10.080771633466915	9.92720473639298	0.33913451678786805	4.920154242495104	1.8445006256941363
0.234743116075623	11.19246398084708	11.9108347313553	0.3160808634214793	3.5384847227545833	2.795986459900099
0.19548140743755463	9.291337483827494	13.157896430041967	0.3459132653724415	4.7379261395786	2.5721241130621793
0.22911496939615852	8.887989981630977	11.619344319480343	0.32364362820288145	3.934030683406792	2.662165718161167
0.152197754972949	10.804734203166491	12.388871114367651	0.30888909612372417	3.4665120083626126	1.8855583702559733
0.1340131378299211	9.75371776499152	11.50215411647267	0.3295123646210549	4.443793781186625	1.5414397649518465
0.11689436683127338	9.63099067560835	12.06067075423414	0.3372306745524968	4.8558799233903445	1.4098244713766561
0.11206617622898515	9.98040050204258	10.761157623597988	0.32115369200030475	4.303326497461835	1.2059617866740193
0.10568403993198572	11.095219621163672	9.775778765306411	0.3113923608594717	2.8256599784468395	1.0331437933989007
0.1534642891778742	10.136120495799087	8.257655846725438	0.4000205426084242	4.517663036917403	1.2672552847932361
0.23718344297439087	7.466710357836806	8.109912404549872	0.39462518522748186	2.9820914590726133	1.9235369463318597
0.2837561073543435	6.878183171667586	7.817886413494981	0.3505900255773016	2.464665465976339	2.218373016431745
0.28247052225784675	6.750596879867828	7.485841501736825	0.3261005281313813	0.8976290000988849	2.114529558535065
0.21570853071880508	6.15029256125806	7.167194960561468	0.364847466749281	1.048467116057641	1.5460250943179383
0.21952819622015576	6.211941533058985	7.138391047510093	0.3798973319787499	1.3494265362450664	1.567078110573999
0.1876016954761897	6.51071616257842	8.673176759383692	0.4068038912056596	1.2755811771098604	1.6271026652250653
0.25673001089890773	6.789800247387808	11.795447805589308	0.4357769633689835	2.4030375734716687	3.0282454436864406
0.22303594661487283	7.7628524466479965	11.545867710419213	0.41427328834720856	1.5098471671218296	2.5751435342834434
0.30851500463643766	11.246505421878863	10.90162040083217	0.4869569511176354	4.314466278904411	3.3633134685074206
0.29822864177061387	11.973868682609016	11.711328627152364	0.48637213875741847	4.79084516889364	3.4926536298049573
0.3034365823716402	10.714878050677374	13.430909775284372	0.48498575494103424	4.182604280932079	4.075429360354144
0.2929544802846159	9.243041389971944	11.819043398370669	0.4856525555179694	4.223285603834138	3.462441716231
0.4992975449488356	10.187579819984018	12.1732050912042	0.4813798738763276	2.735975366099369	6.0780514161969235
0.4191833120483682	10.798600302530343	13.139191356554203	0.4507316565657341	2.2199906819356183	5.507729750477683
0.4234390533578743	11.795383080376007	12.25596663530812	0.448509218683136	3.187005158770485	5.189654910040562
0.3445984897805971	10.60295785902486	10.970167248832627	0.48548574565402447	4.521782825601101	3.7803030665882913
0.22161944951356216	7.2152958614501985	7.156743934480785	0.4487550104328616	3.327794625381147	1.5860736510691564
0.16510029958202804	7.4330852796624	7.4603741141294915	0.41902389629003295	3.8204250559168873	1.231710001236786
