beta	z_lat	d_inf	delta	e0	R0
0.46282518580696175	20.08007618340841	13.195345919390071	0.4054376484745641	4.292553044615934	6.107138426928844
0.3503244274059335	16.617134199739755	11.924487999365825	0.3782961701528774	3.5522438795009137	4.177439430486758
0.3945387874450561	16.413399867861273	11.240172112253717	0.38616335265733376	4.398230479152542	4.434683875842317
0.35205025523947764	16.952943588915186	12.016725436907672	0.3811029005043046	4.309359305712385	4.2304912572060696
0.21441518838832457	22.243098825814105	10.837121747813505	0.4948176074912165	1.159718922161673	2.323643501144642
0.18509147067126727	19.47122966350364	13.132151878330475	0.4740201942944012	1.9454238873268064	2.430649304238633
0.16852470157947536	20.524597234759568	12.375349345398527	0.4418249508945695	0.946192619649976	2.0855520553750426
0.42309905389965774	17.21166013034265	8.416072320283677	0.44978104753970743	1.8778164231264287	3.560832236263121
0.2946973735002788	22.77813133567244	13.683636824778777	0.3820802212701691	2.80570202914931	4.0325318321940005
0.30159015102974657	23.608956508578014	13.975618994833017	0.3870762285527057	2.66363298615004	4.214909043385885
0.3248744846604581	22.74529555770496	12.801601532904037	0.38436939575552864	2.0299257060433935	4.1589137008307295
0.49769674090368954	23.18350721060782	12.942367331946842	0.3820998314811968	1.5438398983209076	6.4413740406883235
0.4854107541180618	22.343088666810917	13.092276210082437	0.367219213329498	1.4609203192239757	6.355131668258076
0.4147447341298352	19.058546336345124	12.869975654225753	0.34800501995662125	1.4414577751162077	5.337754630969312
0.3230752813283701	17.838034707624598	8.148846746687	0.3073167532968188	2.132030812161223	2.632690955187676
0.285505356588634	16.509006875357425	12.640932615605376	0.3579445257176808	1.512723499495058	3.609053974031307
0.44721744391080176	23.241661224386466	13.552053607215246	0.3615221247724088	2.4596253999968227	6.060714773960963
0.3465626771030635	26.42966004431752	13.840402870640004	0.3871610729716002	2.1171513219515887	4.796567071033925
0.37287571497837085	25.718802422012608	13.95820216568548	0.36581018995102543	3.5938085363422605	5.204674612342617
0.43803976632260055	23.087428897011687	10.880403445662056	0.43519683955449207	0.7356380162543894	4.766049382833425
0.3922453254491513	33.71350544889314	12.970216567252857	0.3348965934356362	0.8583906006739485	5.0875068185680705
0.483914564753988	16.417840320882284	12.695544496926429	0.48806609552944935	1.2882983232002287	6.14355888954504
0.4417252212348653	29.8798989636811	12.089812347399825	0.4848393233979284	1.4423116155237796	5.340375033843194
0.4933517240557422	28.526912850360592	11.385798595494208	0.48592595770093433	2.3753101173635938	5.617203366838515
0.4652679988406446	30.75546181033549	11.240229770751911	0.4656551395301757	2.543014631448432	5.2297192119467795
0.2880575416109129	18.863705208869074	10.591208450875568	0.3701255945857585	3.4361881692064333	3.050877469047941
0.26979489044796634	24.372216808847902	7.501869461009106	0.462114073261387	4.318824691265273	2.023966049387896
0.26461683436057487	22.32748341832154	7.513273498772638	0.4716355575203752	4.664588641012038	1.988138648930416
0.20744415858908297	20.14387369201964	7.053866162667262	0.479149182123318	4.975937192514997	1.4632833309145137
0.2174310419054513	20.402078546376018	7.396234233153836	0.4819097984454983	4.493031678829992	1.6081709154914052
0.2143771217228581	14.774664541713324	12.625570282963409	0.480892001292828	1.6425814638903746	2.706633417371347
0.2792173663983516	15.815361706880024	13.665391506852176	0.4152268258465537	0.858663115410288	3.815614627345666
0.4470116696615278	17.956325267086513	9.4305576913578	0.3829270866593204	2.517325473086842	4.2155693394532125
0.4093319685809832	14.765232258833542	12.587671306632684	0.3580329545596467	2.165280372623443	5.152536275794313
0.39261375487451206	14.886160476820628	13.704608002911632	0.3290169008942239	2.2729204573357196	5.380617607106424
0.4936378970727656	20.226648042466664	9.824112834919772	0.33863921255008683	4.611341170147917	4.849554400435362
0.333992835091356	13.086927959666179	8.06913851561901	0.4334566643593919	3.0499500018094845	2.695034449576449
0.1956917467874595	25.71250156413672	8.08775255065468	0.32080727168028345	2.484033433036186	1.5827064242223452
0.25012785108972274	20.36870211838117	10.497230393442328	0.3528601079215152	3.0027379895260604	2.6256496807054543
0.48224688753260503	15.729181872082	12.18396130511938	0.4273021364731283	0.9120326777638776	5.875677417211517
0.4900994363332503	19.816848316517444	12.318881115039297	0.47972505552408895	0.5780027348177729	6.037476690737082
0.4736246922416853	19.631285068321127	12.585638031832556	0.47266509940046497	0.7198979649803227	5.960868939491944
0.17139147163340976	21.072935735531917	12.032013682898745	0.491137743355248	0.9118617221789043	2.0621845318253382
0.17882619786734105	18.55870299980573	13.248101479753522	0.4744284199126342	2.0662313165871	2.3691076165850173
0.15608842129140152	14.936927667576589	13.161725031212159	0.3970491731927008	2.44884816586358	2.054392881593428
0.28854268183488085	28.489556124260638	9.762510273602928	0.3380873844241966	4.498715770115718	2.8169008957859654
0.22079734360765757	16.809583313597255	11.51262537246753	0.31988286166013585	1.2899973497253638	2.5419571001909502
0.40494462345148624	23.371051506427207	11.121573813441268	0.3402321396487289	1.59774673337926	4.503621520071884
0.4828106975799176	23.52168790765129	11.189300400640075	0.32846022405174635	3.146814656877388	5.4023139318642865
0.31904234864423386	21.970905286389584	13.926418650579315	0.44953304701572255	2.622204975216006	4.443117314483687
0.3603580730828932	19.660489889227044	12.769041126009267	0.4331331112838476	3.324871693895544	4.601427055284916
0.4938310510966423	20.855411211838927	13.032925858993451	0.47949950323331486	2.9517829782699256	6.436063475811346
0.32095401093689246	22.618380311260207	13.301141349743183	0.47516239682142986	2.8805973641513765	4.269054666238627
0.2087939684982512	18.668960408551406	7.780303229858671	0.3215045951266003	1.4158271589138824	1.6244803874819533
0.410255545606178	13.775810648212312	8.131539903112222	0.31800585275241505	2.1138469084280676	3.336009339569712
0.3896637929959792	13.738287737741324	7.195688369460664	0.31184957354886217	2.567966872309687	2.8038992232610953
0.3861964425546693	13.440999946014914	7.235807309677701	0.31495478178028363	1.9574904727724307	2.7944430420086004
0.3322353257446537	20.517743628280044	7.627273822303362	0.31898643847605423	4.656181593077433	2.5340498028966274
0.3790195000922527	23.77030726831367	8.692166224201797	0.3757252572667332	1.5074088840991855	3.294500497015729
0.2964250185055945	20.154657435471368	13.727608589586191	0.4167400837590399	1.7690374182717363	4.069206630205644
0.28922044475718783	18.037441729965376	12.57402387395903	0.43003531011923973	2.166894249074191	3.6366647772139284
0.1813027940267642	28.857243120371535	9.278412524525615	0.35636735173803324	3.452577469282633	1.6822021148294168
0.2137439617497092	21.872278377837834	9.363981974196609	0.4077700659583989	3.8392823173867465	2.0014946049176463
0.21377495643618913	19.597360090233355	7.528471961869138	0.37878609339770813	4.24691328351809	1.6093987656796462
0.15052008939803305	18.10760710272253	9.439594397598665	0.4794573953631225	4.03565951851875	1.420848592607723
0.2983517295069884	15.490198047424574	11.265655445260029	0.4810547122452892	2.435297382998664	3.361127786123151
0.14493755720060103	16.390489718200104	12.996281995876966	0.4399934868242511	1.6052572862420524	1.8836493651725592
0.24487742079033956	15.128000594893985	10.973167968438831	0.33665940351763146	1.9305884618300488	2.6870810700104713
0.4272193417896474	21.7743615999722	8.681902338366047	0.31050324641917465	1.3410735966248073	3.709076602478743
0.3083247889461008	24.924005109283986	10.363244521541668	0.4586756111667817	2.606559349931175	3.1952451799011707
0.40249731565988855	22.948923296001784	12.496447401119124	0.42078160461178704	2.6583332804163655	5.029786534235438
0.296422666995804	14.860646590892566	12.965171762289064	0.3076684576285892	2.5547301396562583	3.843170791836412
0.35795619565319675	18.77612105854144	13.321986340658931	0.392643062699616	1.94590541702858	4.768687549046123
0.24116676385838873	14.684868829051048	11.533253510833012	0.4162478488612159	1.647555860158193	2.7814374259659975
0.26160371816805483	21.56489194081364	8.962698283237343	0.45142750735610104	3.3901682956006884	2.3446751957133305
0.302862969465052	21.317020814892295	7.435867202303709	0.38327790525499783	2.9567079489971673	2.25204882143749
0.290182574500905	23.241306780370167	8.050928456652697	0.34826078951263567	3.9575746133983536	2.3362391466740773
0.3870701059084544	24.60416334959625	8.548815657837904	0.31956754892002626	1.7628277590752126	3.308990982071171
0.2020248014506185	23.26289533415735	8.853979921300166	0.457790407570534	1.5329067890570105	1.7887235356484288
0.4715527035770984	29.47474284326637	12.810080258056772	0.3170866237883076	4.3337532969734935	6.040627978726285
0.4649320722085929	28.445284724016435	12.604750888395	0.31879135959829574	3.1726399930722	5.8603529502145895
0.3910860722975177	27.640531270774876	11.975103486110797	0.32028080304925927	4.899416331149005	4.6832961877393835
0.4133430678185076	22.89404034610897	10.398077250036668	0.3289060322708396	4.8099337907599935	4.297973149943988
0.1834337298105736	15.947990548030468	12.52890547893216	0.3441398528970108	4.309222057689511	2.298223862444657
0.30412720964069984	16.25702564977157	13.231285319804492	0.31797588524192916	2.8156704291892796	4.023993884272095
0.2664528473366733	18.544944949414266	13.829725925747615	0.41514129731815697	3.743799778275003	3.684969850801262
0.291353738175274	24.97872460383857	12.898832430589897	0.31961295029152703	3.90275174915222	3.7581230467488216
0.25650840863254487	25.19034838034932	11.040657354004413	0.3173196840895252	4.3489408348939245	2.8320214481328754
0.2585807910685097	25.938593360269408	12.479754894688751	0.44144883344521385	2.2194797903767087	3.227024893009723
0.24470411422023064	30.25579587182859	13.942735751341734	0.4465552065567564	2.413763116608306	3.411844801838821
0.1794445815189606	19.839825133704373	11.317508773196998	0.3150122122972408	1.4561701747589453	2.0308656256435005
0.100254830581073	19.665870806649103	11.330451674899178	0.3898733994530768	1.6021826727316564	1.1359325130740519
0.11689681187082752	21.258458114890622	10.483200165017248	0.47052512017318365	0.8353688044808669	1.2254526774942494
0.2431275987029056	19.98834296801787	9.2943068170054	0.3978000491277155	2.9397378779349954	2.2597024980265688
0.11157505198248968	24.303242245692875	10.344472580027276	0.4312985929808844	3.1538030898533487	1.1541850658479824
0.12333461202380236	18.053580565005447	12.311375677908572	0.4708648434938425	3.189902493443961	1.5184187427141305
0.15624318640755147	18.91709494678252	11.867471372444893	0.395650517125491	3.5025183611653423	1.854211541831188
0.1809261862337068	14.952791599162456	12.603999598520186	0.3537649609354761	2.128418787577364	2.2803935786514287
0.32037093848679377	19.22891998099455	7.6828191605706255	0.4538455978808365	0.9517680511740739	2.4613519846963325
0.3282098443816029	19.026439607628788	10.764330317887037	0.41005846139360663	2.528061740384264	3.5329591785058745
0.3048496575770627	19.755459970984543	12.64377795129874	0.3045066650296869	1.997532900862268	3.8544513789338364
0.21106583681721716	18.379842494139258	8.269213324501687	0.49294241166903496	3.408115449798943	1.7453484301560307
0.30524202665242745	23.4537878624606	10.004377975843592	0.3355562936014763	3.3830445074399975	3.053756608743408
0.2236681482233724	24.419216753364296	7.473093082872464	0.3798019523993464	2.713716956573968	1.671492891346977
0.17517399603029454	24.388253987819496	8.73468154804439	0.35790157694709174	1.934404492657842	1.530089070823015
0.31893328420794326	19.39223718734836	10.283927295263732	0.3941262420490564	1.6896416854056449	3.279886706834173
0.15205679162353197	13.500480398403134	7.902306741998093	0.47136885788494337	1.4659920989778712	1.2015994096132359
0.40618587100229087	11.486135222842831	11.929512632193	0.4487653101348269	1.1519638274645905	4.845599479140145
0.3730070554683172	11.630219972124438	13.938016198727526	0.4105353194229637	1.4885989033932474	5.198978381357062
0.2432050140847288	13.075954082687058	13.864945208844302	0.45994881543716526	0.9215003862962157	3.372024194800972
0.21810418497599665	14.311178568513297	13.184686100587871	0.4492744419269936	0.8089861180666857	2.875635216133069
0.35679264514879616	16.97717395844981	12.240870261137577	0.4770499410684372	1.7749443744709439	4.367452479394511
0.1923233048578772	15.74293971891918	11.842894181259744	0.473288022284468	3.827475002318672	2.2776645480219977
0.4072157738549356	16.41642249430876	13.388090620114252	0.4354958044745904	3.143238017409008	5.45184168230983
0.4459016174578961	18.119328134946542	11.526009716218418	0.45667486427874093	1.8558976510005665	5.139466375297219
0.1259798787883838	18.0084221043368	12.294027880775115	0.4396300171102602	1.736181364346388	1.5488001422410598
0.10979753935884708	18.099671120413447	11.341617774129052	0.4894261239745313	1.22584623255969	1.2452817239479341
0.1844968153010704	19.00362901403664	11.153846439100944	0.3756711390328061	2.138708183515336	2.0578491463713084
0.1348110509155123	20.428063880436316	7.705254728533424	0.3417977036088572	2.821939514432781	1.0387534875253113
0.1596148260900231	23.026845108056733	7.990610191641534	0.37599681107009264	3.690162497937101	1.2754198560920296
0.2552541691117768	22.64298804541024	7.388030172496035	0.3144652338108344	4.1220641043332	1.8858255030532123
0.19269423254365425	22.728399905229672	7.187402512871364	0.3089186811065418	3.692877388743881	1.3849710112000795
0.16630290732546799	24.184587545393207	7.171006911895844	0.30650591879089567	4.298094109220288	1.192559297899305
0.1653343902866186	23.79963011989417	10.286261514563996	0.31312896190546013	3.636875867506925	1.7006727758391482
0.22477400911010195	27.861077819322304	8.23221495692226	0.3082861629857088	2.898781981188177	1.8503879597235615
0.1388649923783988	20.644693631254533	8.030876988011256	0.34889449838359576	2.7049281815461232	1.1152076717320414
0.23491657496556584	17.397799184470518	13.00252730424429	0.3764418241308996	3.9251185102443977	3.0545091802093207
0.24195980798350267	19.499298773651816	13.063066840835711	0.3559335684177266	4.157648456441873	3.1607371444842696
0.17599675393795372	23.656579776978113	11.799044988262244	0.4639879240165885	1.6375824391344929	2.076593617502036
0.2304963681216812	31.099292446479616	13.132139130298224	0.48305836170903194	2.5467758737038007	3.026910375202354
0.4215547586865994	24.945949628325288	11.288968870837076	0.3995301001284608	2.813099215620772	4.758918548166256
0.3344015018399781	28.66393104488814	10.716111838742359	0.41940963829680167	2.322738604499599	3.5834838927606136
0.250610421596599	29.698319978470476	12.465348270634069	0.3891978595562711	2.7677645439207272	3.1239461854520405
0.29047271286908527	23.760735072708815	13.090841070824656	0.33546937749809425	2.408263118125997	3.802532119580479
0.19991169932687608	27.728515585568555	11.696920210347868	0.43743655533499454	3.212184794484194	2.338351196141523
0.2774518168293944	22.51289368326347	12.547636471416869	0.4451265456843047	2.343373025541782	3.481364535909382
0.29513228751049986	22.835446048512807	13.976969149649795	0.45083982796251393	1.087375556345367	4.12505487759983
0.22695962482817733	23.61254129066535	11.416879412514156	0.49687490502046866	0.9201206951393536	2.5911706681727544
0.3969111546352515	25.43967956512326	10.478339969795496	0.4933806650441337	1.4998606977074704	4.158970016072237
0.30393934962962943	25.602683601575077	12.566340899029408	0.49771012567381456	1.701147296327324	3.819405480075211
0.4367076190389906	31.84955087008786	9.462760594435197	0.4976768579164977	1.2666318703964368	4.132459648731778
0.28048935278702847	25.112825125708067	10.366112331554376	0.3979772416528773	3.831107861521081	2.907584138795322
0.32720136826092217	25.787565157648302	8.966579838561078	0.3394568374701932	2.5679130545215654	2.933877191797983
0.10642958723590064	18.792816895801145	12.72025464545072	0.32556878573482534	0.9817411873181184	1.3538114514508677
0.14419786545143323	18.16318708839159	13.106219840923256	0.310924682523406	0.6975463457676064	1.8898889251983564
0.10764668518198492	17.541802764672305	9.59057759399018	0.4650883976083134	1.0509889669904307	1.0323938869736593
0.11796840908455432	17.853075605753826	11.643388568341932	0.4315328228345555	1.074901076728471	1.3735520257605842
0.2572706333200801	19.9077770469264	11.952582312774567	0.3724577417811563	1.51654996452146	3.0750484214179004
0.20235270085237927	22.891373003029926	11.235923745014052	0.4026739226996404	1.1395255791077357	2.2736195163749735
0.15285426763246773	23.069940389620776	11.390596006664028	0.4297818542613265	1.7203541235778232	1.7411012104959416
0.18374795019731976	19.33263797179021	7.066943051838584	0.3873262102335896	1.432754287422329	1.298536299936531
0.21658555751677913	18.271917699276525	7.465923960896735	0.38598462070020334	1.51172795378155	1.6170113034486993
0.2985796784076093	24.347541006685724	11.88743639434124	0.33373948419316324	1.3372861863161332	3.549346935713318
0.25524153735575195	24.928012752492183	8.949206815193584	0.37352799958936667	1.2781327633073187	2.284209305624583
0.3563106858239434	22.67250293972216	11.905962010533745	0.46183735105898627	3.0518549548279634	4.242221489367094
0.45543129513352026	22.84975160984518	11.734071873459	0.4895476022064348	1.572278970749094	5.344063550519245
0.17494747021040563	19.14298848260113	12.406005512477725	0.313108105895246	3.7832927488391657	2.170399279824325
0.4254126541937778	17.09052598606186	7.713346173717512	0.3219909477157434	2.2372203367725807	3.2813550684765866
0.45862689422179087	22.550624767597455	8.357064121992531	0.44781163479865266	1.8632731658434036	3.8327743630817923
0.49573321267686854	21.97291171402463	9.04841361634032	0.4223589505907184	2.660489773694944	4.485599151657508
0.48664998589236175	21.85385391935201	8.048780763545457	0.4695589735343589	2.9335533944774785	3.916939045030109
0.4092011028909708	18.787547192458582	7.5585228464653476	0.38824592729579055	3.1526513902762274	3.09295588500022
0.4012705066819593	16.839723473448586	7.683775100022929	0.3840499324387807	4.283207580734465	3.0832723276164233
0.373515835488328	18.376118200827182	7.957522955996209	0.42906165651857087	4.735984689786664	2.9722608353264737
0.3689165160505953	16.845999515202177	9.051563318677353	0.425529757650734	4.5939851213891	3.339271204337813
0.3266673340951508	14.572157589264195	8.398518448765433	0.4756772497040865	4.573766752564242	2.7435216320071456
0.4415861227900723	22.223726874803	8.304409273698177	0.4862536329623708	2.5968757419887	3.6671118932342983
0.4510752480491767	26.016151196578694	8.14058847295099	0.46165310132590653	3.1922600368441585	3.6720179647026363
0.36952558479823305	27.9457631468144	7.775815927041905	0.3878018785227156	1.5367141091940235	2.8733629277235746
0.47051591511979807	28.26155853101716	7.765021851754351	0.4074013059288816	3.210639153646789	3.6535663625034274
0.363068656765876	22.57277007863356	7.847054618607606	0.3709187191989646	3.5083883331131904	2.849019579946327
0.2749094686985148	23.296614323380624	8.012318971641628	0.3410774473595927	4.89468132705452	2.2026623515370303
0.3179179051804197	30.742167588371412	7.151493852526918	0.31633370549611245	4.736960663198611	2.2735879445060068
0.2528903924861842	29.288023936503084	7.831815533004399	0.30432799970354407	3.674094555175447	1.9805909040208765
0.26046271271614085	26.007250151567973	8.049120517679468	0.3043886932802808	2.569404111093169	2.096495765013942
0.18849839593313053	21.21097631039808	7.475919748298399	0.49592764278104934	1.5670418545274651	1.409198880679061
0.18074740677420292	22.89366578970248	7.37443373373137	0.48727020606366434	1.590538063858084	1.3329097738001479
0.21793710039427933	20.23710354386585	8.967603975557548	0.46662213592890794	1.5797634697528107	1.9543736079172238
0.10010641887061573	14.421921309034031	8.940535581196217	0.32681996643185846	1.679913059475836	0.8950049998188724
0.16035296966131907	13.657226859823984	8.403948843786257	0.3528641807412799	2.5845446326145343	1.3475981539829351
0.123350979396983	15.156893569009805	7.089469727043793	0.4625435593249168	3.75921525866427	0.8744930342361137
0.16590808646830435	15.073134153306714	8.90513657275945	0.37193488081694226	4.163506859387101	1.4774341685254342
0.170844011041511	16.414248942395425	10.39548027024292	0.4032902564105413	3.1837247404087337	1.7760055460711914
0.15107201153526043	19.07313858613329	8.993546551529578	0.46700238291440377	1.5884025626615579	1.358673168375578
0.30117790042722165	16.371242610240085	9.330640919296153	0.36725771540201857	2.410564422233775	2.8101828417139365
0.46971564806811744	22.309433549137417	10.40673256766486	0.40565972578773574	2.522858940704843	4.888205132292284
0.29872410451083187	11.79484558016257	12.162813509571858	0.41131582300568537	0.7327888415941424	3.6333255739791017
0.34134140660676715	14.747520580290258	11.278646850919708	0.3630622273113632	0.611159327268348	3.849869180713918
0.16188466368972107	20.81903420915668	10.838481396712927	0.4712394667937137	0.793439381660559	1.7545839158141705
0.10009701190637904	21.500009959233108	9.594224932691551	0.32387205761124066	1.1078334216401489	0.9603532473201049
0.1440954106174746	22.40621305910101	10.486819434624604	0.34896083012326407	0.7385493374134617	1.511102552503545
0.1881670316103169	27.209855098995487	10.241545121985816	0.3456564961931497	0.5236058813830264	1.9271211447071916
0.1374576601331035	26.403883835554527	12.377553293405724	0.4340222921769768	0.8227481359513704	1.70138951388434
0.4831385312311461	24.295676827986	10.721729392336544	0.3742520634029381	2.0225172355964087	5.180080590871286
0.29962832194153716	16.308838806761802	13.431908673493009	0.31149920574411993	1.3582968290508843	4.0245802563106885
0.16769819522697965	15.806982140546271	13.89150803988087	0.3726789349937904	1.2192500691538093	2.3295808272690994
0.1765908090225199	14.270365574820215	13.604956345449027	0.3569414509300561	1.309110933861941	2.4025102477589093
0.3259955800528835	17.787796778889568	13.784424811957043	0.34420561602415883	1.2497782117521548	4.4936615622692955
0.34806783726280544	22.429073781746972	13.683952452793072	0.31322654211590206	0.6157594811958386	4.7629437354507465
0.26179837829838554	33.186019293292404	12.300768444131991	0.4425459746446399	0.5266219795919553	3.2203212304977105
0.1749364035515653	15.884437714658343	10.918361769296368	0.4491242851707162	2.794279903326032	1.910018940595612
0.22720967455949545	17.63271912406955	12.004113850248155	0.3758275268837191	2.8741433672545	2.727450801290015
0.1903987054641664	23.33409268171276	13.373494905347368	0.3302638660715079	1.0370433246012076	2.5462961175097636
0.14906304666283407	22.985284797874865	13.22690431811874	0.4043139661116231	1.0740904018260304	1.9716426555765751
0.16145326009260536	21.876445430247447	11.594191066113378	0.3933599921766048	1.5700317980219558	1.8719199457605646
0.19545204838425043	23.221925993859607	13.07999200269764	0.39558618914452	2.2492698825942394	2.5565112297768677
0.27959147661976697	16.97513610711162	12.395114989619325	0.38140020732541546	2.9645692691429724	3.4655685028194743
0.4631666104599411	23.62698691094857	13.42098168100262	0.3884158539906641	4.022877943372844	6.216150594234946
0.3986158216731067	22.725136583635766	12.069832776859075	0.434089135103826	4.483959902336225	4.811226309804676
0.2704508258644038	20.599411436146006	11.511476043145151	0.44093798108764015	4.315027961499523	3.1132882027869053
0.364395838581446	23.44800046427567	10.515772980109748	0.389832038899983	3.7686753422312256	3.831903913419203
0.39646528728059954	26.56941788545488	11.572405259638863	0.4106635161319268	2.4548085754912394	4.588056975790243
0.16433194630296846	25.791385993193384	13.11890059041327	0.39675365562661824	4.088202892928714	2.155854467377775
0.1368994950431997	27.508075319054125	10.852518679267964	0.44564097311894946	4.516663646658565	1.485704327138677
0.12239145480982914	27.478827423859435	8.922071914791196	0.4347394851345805	4.074640350889156	1.0919853615692126
0.12165014393256332	33.55179430240558	9.163755389638943	0.39210660830323846	3.6793590277174864	1.1147721621123803
0.24871322492174347	24.18992160243744	11.5484989743548	0.4485977266254008	3.708257087670068	2.872264422917229
0.15119252434271957	29.40774877726433	8.155387113432797	0.3963997608630216	3.354936871564409	1.2330335646719897
0.24025275173581737	37.083900668634136	9.056079634846823	0.4263160899080281	3.064171744415955	2.175748052210645
0.2990829323950682	33.962747380688846	7.333103042991582	0.48311455331567366	3.772189721484673	2.1932059616531205
0.2454087635746302	35.74324943869706	10.337164639772555	0.452851736106841	3.7341936637260105	2.53683079311397
0.11504324065114696	19.96398383906548	8.704055456044557	0.46388070992896735	3.589892524262521	1.0013427464706628
0.17830487651553908	26.294874031001367	11.569178870435428	0.4060894619693051	2.56027237606678	2.0628410098791727
0.24474981922749625	29.56273224834156	9.12938939689463	0.4174983167152564	4.155654467948447	2.2344164045473818
0.2569600940737892	21.735945402976903	10.196471809055993	0.3130660717243479	0.9707002754647982	2.6200863552757676
0.25936962476065595	14.34385183772491	11.460235777151077	0.4535089670655074	0.9403613671920364	2.9724370531883193
0.2017086001017	15.198998335954998	12.063086618347208	0.4375816999949096	0.901003117577856	2.4332283146923657
0.3883217536661091	31.699773383801	13.003565114182118	0.3180463618219434	3.124225584569307	5.049567209050639
0.21057409557992404	20.361060699545696	8.43607611140513	0.4637941196107596	4.283664448080048	1.7764190974025378
0.15404172402722963	22.1022209726199	8.45853163783909	0.4770368513221163	3.6838531316288416	1.3029667962315998
0.11369124117225524	23.502828751227824	9.499525437932704	0.4342110437594577	1.5602302665349	1.0800128375859805
0.14983472887473814	19.377995965626887	9.191616934142418	0.34506236608532803	2.5357388452685727	1.377223431247681
0.20340111933121063	18.491331005538093	9.981884875505065	0.303097276774589	1.511921318153693	2.030326556713012
0.20151785916722864	17.52366941325283	13.672437583093464	0.31564442565185225	2.028273014272961	2.7552403513425525
0.4008710025991497	21.732458562960623	12.831430314050875	0.432270375152449	0.6843489101295418	5.143748334774696
0.4458854081152968	22.069183058820126	11.70892606206898	0.3908629594463299	0.8781140136846963	5.220839275777462
0.3624468606500235	20.6586439507	9.292748138099986	0.40458159340288735	1.1556709244995187	3.368127389465691
0.4984722340977705	17.152356370815824	8.436316617761156	0.36249320870930174	2.9446556302995086	4.20526959201155
0.3762558484514186	22.445212909346782	10.975925935103117	0.476499081019767	4.601342477338702	4.129756325252153
0.30566945596093414	25.370529435646613	8.549021249172302	0.3135719601147447	3.394533722358077	2.613174674232963
0.24000069672192328	26.391443115517887	10.183890071289508	0.3283316996012456	2.8934455242420785	2.444140712448959
0.24858186596307988	25.682949848731614	11.886717049907972	0.3188713132253293	3.343534787674851	2.95482230444128
0.29011970362199885	23.428642345096847	11.767887637235008	0.3058869065397419	3.3489039250742274	3.4140960735716046
0.2422624975614397	22.985698669705332	13.90600697845912	0.31907527275140884	3.7807157201909862	3.368903981708316
0.25445017602167647	22.560127522129157	11.553713997255688	0.3400284875487796	4.845595674606259	2.939844560305817
0.332295573423581	18.929688591958275	8.184401852033371	0.36606026977155	4.004546408042015	2.7196405065504474
0.44751874977785294	19.67469938517024	7.326788671124949	0.4436499508490204	3.0001484031963894	3.278875305988374
0.4148162078732689	21.560299950384948	7.209397754012446	0.3945536231525277	2.5338758748761925	2.990575037369505
0.40711425628679326	20.427991200432583	7.069033402977434	0.3964555773563208	2.514455880317087	2.8779042765196574
0.2713708171331953	20.946548787830487	7.9585637067640125	0.463592166748724	2.650763923168192	2.1597219363111417
0.22684890054149992	19.277183688737253	7.307377465522646	0.4405588218126935	2.6536406937204062	1.6576705438955446
0.3440527814231376	15.99663774824762	10.542320424799565	0.44728491127625647	4.464542936244352	3.627114664806244
0.46584723028995406	16.332158528450698	9.806938196179466	0.4422233442652023	4.221236078033832	4.568534996314963
0.48837083235820233	17.634846098994313	11.166443128601385	0.4429211944818361	2.9272230877315977	5.453365125195587
0.3223006281259595	12.748219172552604	11.411512494244857	0.4160038671515479	3.1243755582675123	3.677937644762352
0.3949245776342735	11.733869330524396	11.275017294409999	0.3474388388294935	4.846361033121839	4.452781442813998
0.46288468346017864	14.986077836147539	11.122137936968672	0.3861612580927567	3.5096507713142944	5.148267298354188
0.2377739352861728	17.91716327181257	10.989983180330007	0.3689146340352768	1.6711088204775455	2.6131315495159146
0.16891653288242076	29.800809116390585	10.526786652163375	0.4226167225183628	3.245421065215021	1.7781483036763828
0.3287930292179679	23.4913194031481	13.155843648432995	0.4506250000479956	1.7237072680905157	4.325549685086247
0.2569346053466706	16.70448820302017	7.867655994889746	0.4225117695341409	0.797796270169023	2.021473088050364
0.43200282922171673	16.34148386995711	10.566624456321048	0.4583861298061041	0.7073936176912987	4.564811660454077
0.34642497579067266	20.08726642601876	11.087878265768632	0.4486700712485359	0.7093352033582202	3.841117959788824
0.42653777956013167	14.0443460678928	13.047665733307268	0.31200020231791	1.1018912252729676	5.565322370327699
0.30149138254183827	13.80205689793494	13.120495320340808	0.3114286019328212	1.2141474433873736	3.9557162737632696
0.18150921313365095	19.062994720186087	10.632429875405055	0.3090383665874808	1.7081169769178568	1.929883980383494
0.2039155545197076	22.90544957508068	9.875662358902574	0.33123272194131315	4.725909364516609	2.013801166165022
0.13624134943924504	18.460752022652542	8.072041347807065	0.42947134512737406	4.696876088066166	1.099745805954617
0.23021061967089035	21.946640299380466	8.36984244285099	0.44057017165050566	4.0510327032994375	1.926826615316445
0.2696880039524229	16.549002978307048	8.205019404776376	0.3686978775078699	2.7016728701409094	2.2127953056650376
0.12893080789162656	14.108436373096415	8.737839356824207	0.47977090257377514	1.7678963336985647	1.1265766875025955
0.11988506614697392	18.715553449296863	12.165897250999516	0.3115251830345892	1.4985685402304738	1.458509396673365
0.30822313496292725	25.506478341065577	12.647486602395922	0.33781716862099814	2.0445842449947573	3.8982479699920924
0.18615439986242355	18.735196026005845	13.262503586676734	0.46712359511011514	0.5065306517023389	2.4688733958510474
0.3035515000911237	18.72711925524735	13.314522631513915	0.4290181155057116	0.5683350390778524	4.041643317793265
0.40977634293622606	25.379734767596688	10.551098537474532	0.4394118955334652	0.5478017987981512	4.3235905726460775
0.4081829394984501	25.43349237795717	8.046368193315482	0.45183965920656055	0.8189806379242746	3.2843902214343466
0.3149852788616361	13.273245916195222	8.492869562597187	0.3850595893136104	1.125812350904916	2.6751288875101764
0.26743464710036646	20.046745872247552	7.821442208545043	0.3506293272558783	2.2780604255326558	2.0917246368581544
0.263819969578286	22.564975196309607	7.649656612385345	0.351076860887363	3.68088407092269	2.0181321747638363
0.2838598653230616	16.950210472267745	11.010135112646514	0.3907315094150776	2.223092585011009	3.1253354702645515
0.3767806859069229	16.3027957187703	7.770681833362915	0.38477889011855065	1.509595055021924	2.9278428311389444
0.40435191775637847	21.223835295007817	11.950596609261872	0.45842128834894075	3.235575279278661	4.832246657287912
0.31290387344461207	27.613777750355247	13.647711980013005	0.30594346543479883	1.6370249984458725	4.270421942202505
0.20806683176046872	29.048818399399806	8.782263616903075	0.3491892749456242	3.9559856176883015	1.8272977664542576
0.20640354772106137	26.814938817497552	8.569990303923506	0.40743890870197136	4.677224900243351	1.7688764026649086
0.11365029691505404	23.194075947875156	9.686111873064903	0.41780158108380866	3.8526366008957464	1.1008294903262565
0.15783353650627407	29.108004238456687	9.390338985932042	0.37712360857057464	2.5803208757437166	1.4821104111423935
0.10394500985000482	27.06658362339085	7.739519670837822	0.4211600427281511	2.702910511060808	0.8044844484195435
0.1133743411561819	27.269011330151084	7.585363836409104	0.4152935160337998	2.6036444666380545	0.8599856273828105
0.12077554890443867	22.778894354011204	7.647582783265624	0.4248852930404546	3.8942180054908104	0.9236410084410406
0.16537044375085716	15.141177720258115	10.248381837965756	0.35466203637765736	1.6445118729408512	1.694779452272622
0.2736106330609333	21.804120668205183	9.53301027205691	0.4619801194905877	1.61523303571698	2.608332975513871
0.2824068578509836	20.339897442920588	7.451080253819834	0.49110647862110646	1.9863315672630493	2.1042361620767682
0.12834090896331435	19.98314933076339	7.82743272770653	0.4560440076666516	1.9233906413637527	1.004579831123051
0.29861654492206635	21.830538775306184	8.371734203672817	0.46567356882688177	3.779211665300516	2.4999383429066633
0.21536604348377425	20.521701543359953	9.244367368693664	0.38473241195773694	2.8228093009257647	1.9909228247060635
0.11814564186150224	28.573856092372253	12.96391061119066	0.4433836662245598	1.1230310511024466	1.5316295401942603
0.10232833629809596	26.699770064053727	13.126604034708532	0.4348818225845937	1.2074169564312915	1.343223552115598
0.10254947637345704	17.63868354071449	11.806506152976771	0.49210227277797414	2.6824973028995407	1.2107510237877666
0.24561781002757435	24.938145753884907	12.437043630689695	0.4081118091998164	2.8918725227314535	3.0547594197873953
0.39452242355100064	20.828089921958686	10.538683246599296	0.44692502566229153	4.037537566958258	4.157746855484683
0.2859373670562705	21.899299273749527	9.403866091326428	0.4368999464111347	3.6059094010840655	2.6889167103036207
0.20773623481957396	20.849839671378813	10.111968257440108	0.4695244226436363	3.828468682931168	2.100622212415656
0.4391058653674623	28.194192666775816	12.645584290881189	0.33248042266288885	2.309594532920993	5.552750233124572
0.34160800328173824	24.605624063482008	11.882430435260748	0.3533411084613349	2.046691719100467	4.05913333512358
0.4282626893834596	22.04847529370912	11.3658018516024	0.447526962345814	2.078614467612816	4.867548867966749
0.456637047099288	30.99137815490518	12.810734662927052	0.45929682261683535	1.7555184240529342	5.849856047651501
0.18978142636553127	19.911972678524226	10.388238159317666	0.3225346013261967	3.5757233357736236	1.9714946553001478
0.17595944817281273	31.420569375212988	11.896567551812195	0.35486338522619354	3.293201868753174	2.0933134615674636
0.2611928397569003	21.331974669854407	11.587782797586604	0.4678972545160596	2.088154336385199	3.0266458953878033
0.3693514111667031	21.124534249844594	12.502934136563836	0.40207345323118093	3.845284728700879	4.617976367064197
0.4446766567180101	25.64814476715673	12.295144710045932	0.46652822519950815	2.36343150440052	5.467363843527353
0.4692828682060202	24.152471409864585	9.45666713708	0.3760848079365484	3.2931604384450046	4.437851877758516
0.17034908991268355	14.748638022126906	12.201904972352084	0.38637584180094015	1.5772732479971157	2.0785834072412257
0.4441016822411976	25.682713535236577	8.954145598988658	0.31203517517907253	3.447141711465086	3.976551123543479
0.41846798258828655	27.427638907437384	7.846794392361523	0.36138748877363647	3.4790436099469466	3.283632219156606
0.2946500580364611	18.29726274507387	7.99459586462079	0.41839243664276543	4.918375449094645	2.3556081354885676
0.2619122622414069	26.91067883897758	9.708048675119358	0.33279580259118086	2.3624242356185223	2.542656990450204
0.25187297560367156	28.720555851036636	11.089268865312212	0.45827887803790746	2.29066659536996	2.793087146375337
0.2195072784491179	23.529518966048848	11.677973620605522	0.3482388369826768	0.7783558718577873	2.56340020725971
0.32157363898115154	17.95077179707502	13.39981713298896	0.3412168094240212	2.010715719903637	4.309027957137241
0.20605569565036125	13.786249087811392	13.413613273289435	0.40389838288998015	1.476625087901689	2.7639514142125736
0.22992402802819192	17.342213557028035	13.721504763842963	0.36636240211549376	1.2949637877991431	3.1549036459107986
0.12993069632534812	18.46520619859993	9.999407221969836	0.3080848656894547	1.4668235885461005	1.2992299431912557
0.13647814380294948	16.837644213026106	10.986902317101066	0.34181149896246177	0.7215952903217108	1.499472034382278
0.1291043268296842	18.837557798241367	12.337428673823077	0.35541276092895235	1.4091379623802232	1.5928154237431718
0.1320057969110875	21.95569795653392	7.384625859704839	0.3429113973578011	1.8376690405939575	0.9748134215005618
0.1299758447674833	19.6113455185634	7.850387471960349	0.32190469362188806	2.361555636902774	1.020360743420114
0.2859979752992035	19.39604169126765	13.43350323254438	0.3294851979663019	2.1000561525258528	3.841954725682998
0.27059239286634884	17.76457733722776	12.369356168148544	0.35013065310071056	1.6731626787176748	3.347053683755446
0.22310157066048011	13.581925859698604	7.197879397204914	0.36461326365249047	1.2244924667459045	1.605858198941126
0.29210711897695346	19.40725666316281	11.815251359141543	0.32350751371407577	0.7483992450897845	3.4513190345073697
0.38187927885987527	19.399379718240017	13.260721898278074	0.3183696955765051	1.407342139124016	5.063994915675788
0.47907755559912046	19.27715314719016	13.483685360966662	0.30310229781613396	1.2947909807785731	6.459731023199553
0.4558717085247513	21.518420975646844	12.011779562763188	0.3618721854948743	1.5911782236973182	5.4758304716995445
0.2173257598586253	24.870290980681723	11.922581273016473	0.49921794441940415	1.1799124225273607	2.591084034634521
0.20975911891039467	21.014148939877696	10.385879974136492	0.4705707758622713	3.9446185111450407	2.178533032483983
0.18179681607238757	29.427219842756465	9.78170699829171	0.3185291835453773	1.5109766813133578	1.7782831880424244
0.3119694742309651	26.88516805685405	11.421036464813175	0.36202526178639827	0.9284303482423587	3.5630147411004467
0.22150120389516573	27.89612386403967	11.738498589842147	0.403311199083524	1.140212495787183	2.600091569571741
0.19936187644091352	20.533055499727485	10.694186782289128	0.3760220277742739	4.804237650719829	2.1320131439267755
0.1964477068441608	23.04416761678796	11.50822338530852	0.3558298669685673	4.758848271150392	2.260764093894204
0.15814502913163475	21.790003667799485	12.525425377306185	0.33818513211959333	4.117427504692873	1.9808337611802038
0.14169720727377466	21.95889464518964	13.13608769196746	0.3555290948814672	3.612109076960321	1.8613469404551932
0.15143101018264832	21.145217182045233	13.532055150279568	0.42665686578748674	4.789719102842732	2.049172781254144
0.10458691174859276	21.240713938393643	12.174956343264872	0.46852959406152983	4.278976729906863	1.273341084616013
0.12440131405688612	20.38937659587782	12.082936675346152	0.4378328553298568	4.620619250437252	1.5031332000792041
0.1975155235958148	21.81439412988704	13.25414031324167	0.4045098951765936	4.370846062347489	2.6178984637823253
0.1703883511685808	25.662034172378416	13.176583170111163	0.43558544017829337	2.908626769898848	2.2451362803909127
0.45276038000146424	30.21369399817282	11.981670835350304	0.39160003189300874	4.321225444987816	5.424825840465665
0.4842840613832461	32.138015066768965	11.924049153464926	0.4756958700030768	4.095180180682741	5.774626952173452
0.2662506526224303	15.984671017382187	11.973915342216836	0.4613830996894698	0.9066594150917	3.1880627743109633
0.4181436367747989	11.379604286907732	10.42172139674698	0.43538492091238856	1.3140648546187663	4.357776486289519
0.23603598115695687	13.619077023101692	11.637156732557546	0.4206744028579893	1.7898652016279015	2.7467877072465066
0.4676979138465091	16.95627138122245	10.52000248682291	0.31742159381682733	1.9919990477058056	4.920183216747163
0.2580880756654357	14.971058241548292	9.228979082703223	0.4129494100362325	0.550174341398089	2.3818894518114324
0.26052679160590486	14.28467608029996	11.65371399186812	0.4175621959740369	0.6508677872413552	3.0361047165942434
0.13146450876855567	21.700271557087294	10.22365249669694	0.33604635852521203	0.867531569922293	1.344047453298681
0.16079594832420227	19.24009776127519	11.893456763278975	0.4744242221165527	2.6594044863625124	1.91241965910434
0.23592381735227083	20.18146382143252	11.137788535307527	0.3930687878859125	2.1323324676931894	2.627669588112109
0.3385043129095965	18.126068722052366	7.9344379389212225	0.33318830591230336	2.148258517724341	2.685841462838363
0.2492771789340641	20.87795878287349	10.959365533929835	0.4210947398516457	4.526938200990067	2.7319197232052423
0.208358642681264	20.49633401154304	10.687474917521136	0.4249979520456304	4.519957535549526	2.226827767504758
0.1799962132358498	21.87530120009187	12.694903076353148	0.38801238632593454	2.2222009192423573	2.2850344811397068
0.2110066629180505	31.420640373494052	13.096187836978736	0.4669167707641482	2.004900542267491	2.763382892428845
0.34683382420377445	39.70519733800082	11.859970849656497	0.36334046416665344	1.603380336900199	4.113439044731651
0.36343282522158793	34.92130451216395	12.121557533577148	0.3453701427460378	3.067963867504633	4.405371900513966
0.4546114231534157	28.759629058255907	8.02717303946896	0.46407202991823054	3.635888709584519	3.6492445593717138
0.39545961130805246	27.980119449886608	9.563318269278641	0.48003419821976745	4.536118066054771	3.781906125584128
0.2488613460024584	24.07609754608701	12.578359472329298	0.37545148428984626	3.3780398219076253	3.1302674687866414
0.1472686530814054	15.930064480005942	7.96580955245868	0.3940031370807434	2.718038940291299	1.1731140434935825
0.43199203550242415	25.572705122692106	12.266278182825996	0.45935713992377486	1.3740106624981148	5.298934480237978
0.3240594380315871	22.60764426349095	11.001895636899109	0.4495784584978928	1.4734255272907493	3.565268117375695
0.2741026383690751	16.783307792848714	10.091469318831228	0.391181328917532	3.771134022253341	2.766098365312213
0.48707907740162526	28.698580432069004	7.7746648385518995	0.41967064715707486	3.3051675857971814	3.786876576668715
0.3992442137799584	26.358199239862877	7.475705331380259	0.4106419871077028	3.075947342710028	2.984632097477555
0.4845807971283854	28.832687526273517	7.273553177356034	0.4155881082813776	4.3958594935035205	3.524624196638887
0.2928362984593329	33.8678777462958	8.630702930115357	0.4030380914318559	4.379723186858157	2.5273830991570994
0.2765093531502351	31.59481597845615	7.761273323258355	0.4605586662104853	4.308641094242517	2.1460646662363434
0.23026092927058464	26.411280554467407	9.144034718588161	0.3133959074987413	2.964299455436219	2.105513931584599
0.2563824280374206	25.30908073648025	7.413538260738713	0.47698120035606933	0.9634141593653194	1.9007009396365075
0.3363473356016647	25.74689673164741	10.006088414327055	0.4578720544462576	0.795607751244853	3.3655211779535907
0.3565657490755847	27.733398435506157	7.393712167844507	0.3559214713682289	0.859746674280004	2.6363445175767417
0.26867650999414155	26.796274777135004	7.582277651144211	0.3600975865303745	0.8909556142147991	2.037179897116004
0.29989977955283464	20.41897209495584	12.07401861305944	0.33022362360202934	1.3472441417250671	3.6209955203733486
0.21579122562562125	18.52838237667074	13.399409535423114	0.37315886704408713	1.748036243763866	2.89147500630859
0.22542234162264035	20.641449337941303	13.598081684383656	0.3994077922402421	3.131668749947128	3.065311414869701
0.16340951499943587	18.895498394171764	11.58465303390064	0.3531123248728758	2.5661569124716306	1.893042533706447
0.18667232277795376	19.316550389652203	11.720847101278943	0.34933106585531915	2.8855277531908423	2.1879577533209864
0.11448288799454294	20.685288452663	12.34768973820774	0.3683071664445716	2.9977667256429967	1.413599181290604
0.1801164850129814	19.099594188464025	7.708584955703518	0.3135652372446648	3.682526676809683	1.3884432266452664
0.30779552123357007	21.824928338326657	8.639055045982513	0.3402762419668228	2.824887888086044	2.6590624508436913
0.45530831790681137	17.20421299296017	10.086874728872035	0.3695249176410928	2.529402264624561	4.59263796573945
0.35019181119991327	28.793753343014373	7.137267419328573	0.4826892751566624	3.660987316618409	2.499412604592804
0.3000898567899807	26.38058377854983	8.300611934533984	0.4903853918504249	0.9067194450998056	2.490929446703508
0.4398004841541228	21.92751480390402	7.310950058497406	0.3668271603860903	0.9485026242497376	3.215359375353772
0.47356009818642114	23.75701190945107	7.481502923259595	0.3358422259292736	1.2130294178966756	3.5429412589208105
0.38108332130009254	22.416015174434047	9.666821869309219	0.3216430477756739	1.361455241551745	3.683864584372726
0.16599574389400995	21.68937868834631	8.95035087361746	0.35246981077360845	1.1547255539016024	1.485720151378532
0.40473081955186446	30.668583630129568	9.903804738767777	0.4971376618755809	4.80360915543222	4.008375008603121
0.38853694934663935	28.158632091891207	10.32007034839464	0.496219354066778	4.956411539006283	4.009728650207963
0.38853694934663935	28.158632091891207	10.32007034839464	0.496219354066778	4.956411539006283	4.009728650207963
0.39251796864584165	21.480924265791938	9.292673738124867	0.49396387803678365	3.670688066472077	3.6475414189773328
0.3902559570620352	21.94012765589784	8.391927292384453	0.4972817802098365	0.7525091864684081	3.2749996170845086
0.434141230598905	21.803528612232594	7.755334471370851	0.4933623601614672	0.5204634836518198	3.36691045110705
0.45566883151619697	24.266981885096552	7.251352851877377	0.4952305164378672	0.5530383700730638	3.304215480926607
0.4930009430547885	25.15585035733679	8.566486738359426	0.49477331529300467	1.5233387343695568	4.223286040677536
0.46326989877879377	28.652475937043	10.044175482918615	0.4956578893335829	4.765637273417799	4.653164159288148
0.2514467967318057	16.935615800197613	8.653045116019657	0.31419065858134404	1.7910970601544172	2.1757804763989386
0.3840290425564929	22.006846316857096	9.990561279930452	0.3987529281574416	1.0738115070781336	3.8366656829336616
0.33009183600254766	35.098066814663156	9.719548303097968	0.42506340026258127	1.531605908304276	3.2083435444850545
0.24523014689054776	27.468576244957344	11.41681518774044	0.4936535366885125	0.7575954359703583	2.7997472655118245
0.192870213432168	17.102204071557022	12.77284964522122	0.3776864682673744	0.6914247333829664	2.463502237210808
0.14397150426134456	25.809214588982705	11.982447599802114	0.34050444941694774	0.8917344861625908	1.7251310056762479
0.3298551170769992	24.71855928244304	11.514272198297027	0.36564479334084904	1.046155775440878	3.798041604025703
0.2987673708503575	16.49153835647243	9.660622285204285	0.43855045311698015	2.3664229020213967	2.8862787209288565
0.22920540499491515	14.74309805175124	11.729927688208166	0.43742322238315406	1.4191548075861886	2.6885628263368213
0.11034061847356334	19.855417957860567	9.872193699044242	0.42296012603196226	1.4950840268266814	1.0893039584433568
0.4889447292735608	19.86031789503756	7.937636456648169	0.47340369661325193	2.375608842414183	3.8810655083677856
0.4467500089636093	20.945151513540097	9.867018841788772	0.4240319928896578	2.522701743080066	4.408090756013236
0.3615704618773467	21.653000372773505	12.360149917694779	0.44967047995728393	2.747393543834869	4.46906511461415
0.24649788139175388	17.227264272846124	10.531735740111097	0.4589069954878452	1.7498171154815176	2.5960505473152007
0.35030282112260464	18.24574207510748	11.703158506426343	0.4620497683146933	3.10703383063141	4.099649440846156
0.4457299478425895	31.743861693229874	8.13472349496456	0.49506793843068536	3.1956491830340497	3.6258898791244403
0.495364722198302	15.15711714570308	11.735235801114891	0.4981545952351365	2.245859155333616	5.8132218225508465
0.45925715422454166	16.33708628213923	12.96154334136246	0.4971559121706012	2.293122315422821	5.952681509312181
0.3802200830010311	14.20357281815566	12.932975137910308	0.4948667174912723	2.0469804376130605	4.917376880386529
0.3293189376121083	15.831062681334092	13.510063158645663	0.48653145963121486	2.3746133196933528	4.449119646477674
0.23188193087868036	19.645348500225825	13.647484909550496	0.48434047540030534	3.275362909772832	3.1646051524642216
0.19379282510132156	18.597000381634693	12.84607059181578	0.47733843857543545	4.453910469559977	2.489476311438986
0.22843378746929033	18.851259012706656	12.987318911952183	0.4756365654955137	4.915146557973748	2.96674244812878
0.20914118904728224	17.602417344104058	13.880946305859394	0.4582945010010807	4.109150168142776	2.9030776155089137
0.12635670636865076	19.264277857052228	9.64210793491594	0.35069200201393613	4.0747109651319295	1.218345001107011
0.17642163055932697	18.230703023048417	8.60609767572596	0.41789220074440686	3.948985886787256	1.518301784704408
0.37302540735577966	20.867154133822897	7.194307646449464	0.4505402615017015	3.9564225203806407	2.6836595404596117
0.4949830690750343	23.236929151096977	8.718050424907055	0.45175510691595566	2.8161365221541885	4.315287355671401
0.4904247267632375	22.121931173946848	8.582241863478986	0.4497967109242428	3.0256247178158047	4.2089436209127
0.35367215770830396	20.827547134695607	8.997584094482756	0.3785741679575117	1.6677746846673507	3.1821949808576324
0.4102645437615981	20.71462137263476	11.69558168459918	0.40746591215618666	0.6797479116932538	4.798282483858586
0.14888513719952226	16.64928401981396	9.216137395301523	0.47779511011425424	2.5449796449551747	1.372145880549115
0.2900548429573008	22.367434585109255	12.939490012065557	0.47754410650732304	2.810446417451129	3.753161743397237
0.25249764176079853	20.62049720470832	12.47382509016502	0.3667825719727076	3.9740884835730688	3.1496114190033477
0.3274940431329767	20.395621720954445	8.824190985114674	0.3475924055535974	3.8983292453082985	2.889869983092769
0.43935466322275063	21.213998967133737	9.427440674828317	0.4125197042630714	2.123979552333827	4.141990022741656
0.39209652895953695	20.05612032621564	8.482024855069183	0.38596780451594026	1.7607246556099987	3.325772504221146
0.1895002409687181	14.333454097399244	10.69739771837869	0.4230968042941105	2.2545509158218255	2.027159445370977
0.48532735110086006	18.61483146821196	7.979290586136918	0.4470766380910736	2.031719802629463	3.8725679638338595
0.3428498635084075	22.81784288509207	7.558858109122615	0.3889844538603178	1.80619994952808	2.5915534709921078
0.3500890590826938	28.044975590687425	7.347290813979133	0.4474026550029667	2.1634831658852267	2.572206127872874
0.22318144880279	20.780293721028205	7.773180043321835	0.3587381866915599	4.356976023691003	1.734829583873501
0.1485338723736719	26.15177832868536	9.001884718343089	0.3462884113452195	2.5675283461950023	1.33708479587688
0.4482519428555305	25.773744647458592	10.391088468662945	0.39471109920408337	4.005318760760059	4.6578255944618645
0.39057229958030226	27.776540099716673	11.822323406510716	0.4118805646478127	3.616383403410816	4.617472039262923
0.2059944715062992	20.838377487668478	13.97057151661014	0.3705868429588428	3.690248470895303	2.8778604962050625
0.32051799341744125	22.40262379730699	13.265635051405273	0.39642042924410015	3.216258517503797	4.251874728084493
0.2644519631962109	14.414276824261323	13.489438130182071	0.3454976168833839	2.392534671772439	3.567308395940473
0.1359196542392102	27.468703116282	12.989107277008811	0.37757423490317427	3.1442528797860216	1.765474969967047
0.11610327776526456	23.907665381306888	13.234588664208438	0.3789564356563109	2.4452269593913614	1.536579123789614
0.23264365129294484	12.467294279883836	12.192455668101012	0.32655085011400947	4.214722948082985	2.8364974048543807
0.1819450382285513	10.831675313208143	10.618374297942564	0.31049044494767064	3.26503820098278	1.9319605175642263
0.1898455549320152	18.239479099254776	13.687823371936975	0.3356218818667801	4.835287327590474	2.5985724238567824
0.1625346845969175	17.655077213751603	13.219735673949648	0.33334939377997297	4.561124571159554	2.1486655682200246
0.161587903073045	22.600136768463113	13.072483763855923	0.42726397898159096	3.891240592955634	2.112355239357905
0.10216760039864609	21.030522217030033	12.984964812566895	0.4260035219320367	2.74371589750522	1.3266426961608149
0.1021353509588548	21.475910344011087	13.9274425356291	0.4072047553398511	2.76029737452901	1.4224842313357606
0.1066244895059182	20.73932570087729	13.42131730580539	0.4277542312123192	2.876073063307053	1.4310411062284452
0.14490716879450047	20.286084499293576	13.261877400349432	0.376656516694483	2.7921850165718998	1.9217411069844061
0.18786062108977772	26.970019244359815	7.199072085337639	0.3994355498534865	3.175544657537344	1.35242215322161
0.14732829315435936	21.758610148710904	7.733110471245699	0.4668171110612688	1.8300795409874688	1.1393059665027325
0.26445657803046657	17.811011483629304	10.882254562777375	0.4052094946080306	1.855372108142044	2.877883802928536
0.1446294466258658	17.915277006493504	8.31287948242267	0.45460094966272896	2.3238554754086485	1.2022871594103044
0.1432012176125923	25.176259584940468	7.366356998372626	0.48705091006239354	3.59679548642426	1.0548712915360006
0.11958686792657731	29.215345798062955	7.450581479590841	0.48532954904270525	3.665135949798665	0.890991703376033
0.13807652196741516	28.747688309909936	8.097284726396506	0.48997339363034026	3.079478264076336	1.1180449124007024
0.15341974693843088	24.83887943554987	8.285204879857185	0.4805728547616749	0.8330354720559247	1.271114036000742
0.4433533551154712	32.504173240970594	11.83087826294842	0.4964966412640324	0.8442528391896742	5.24525957184088
0.37964900822086733	34.435576041133686	9.610110241437528	0.49394412818330097	0.5750978060331193	3.6484688220549577
0.39148289098890654	32.694088448657915	10.89517212831068	0.4315498348065167	1.4797848786291863	4.265273482612823
0.2559928796220176	17.178812365182022	7.49159364646339	0.4116711431580813	1.1743814292505832	1.9177946305161746
0.3173170517604594	17.542885085332404	9.617894810484586	0.4516548748327624	1.2857986131570243	3.051922025405191
0.41658788172903755	18.144063374383126	9.480486375719822	0.3434829514403952	2.898445782694563	3.949455737022121
0.4383804131393901	21.197552918170317	7.5156505558085245	0.3877924382473899	2.0921416891133457	3.2947139956666276
0.40505239405236937	20.248182264945175	8.400794303811098	0.3776389757513556	2.636961032575344	3.402761844700193
0.25991531710074406	22.75164574315157	10.181162845119992	0.455682741003512	1.5726708048644913	2.6462401693436766
0.17387191641475724	18.31456423464145	7.387496940566683	0.35645186157099784	1.5859177534658855	1.2844782505644852
0.16085315597205443	13.450166625924876	13.179659215985383	0.4204217852873261	2.924407783549084	2.1199897795274216
0.17715447477578108	19.093391201108474	11.736923921182408	0.4035120067689584	2.449417286931393	2.0792485927403703
0.144045211796712	24.03844227770617	10.362334835858835	0.45283242789928024	3.2848813450167462	1.492644716139733
0.19377086200136623	32.02609832988739	13.027568051477784	0.4874103937380528	2.030405092058469	2.5243630911163093
0.15962447327944806	27.445021709428666	13.238890456321124	0.4981663162100989	4.120631054667448	2.113250915894571
0.15057920563651594	17.529955882358916	9.838248862759642	0.3917517406884972	3.3502459866417578	1.4814356986087032
0.2637727643143619	20.07324283692691	12.593633823761587	0.4818158815978648	3.957962549598695	3.3218576064564416
0.32280314831944457	35.515058209200994	10.039989209781856	0.395950857764916	3.0834839403107286	3.2409401260108357
0.1951252754152972	28.83029308321313	10.079130761195712	0.36271316481809135	4.094550528760453	1.9666931657251074
0.1668654599680168	23.74569092936165	10.753669999168675	0.3656699350445927	3.3035961957302087	1.7944160907555438
0.2940698484504667	24.019172737337684	9.779757449122524	0.4165798911147679	3.641398589636851	2.875931790945783
0.3639263728628693	25.646580954978745	10.618586149669657	0.40475610056820965	4.608325278459889	3.8643835423811788
0.36332752283449576	23.848990520994366	11.218575819610452	0.42024597506210815	4.723581310667128	4.076017362270038
0.2717001730262425	25.811151681346832	12.980459887164256	0.4122091874777024	2.907120396471003	3.5267931973027284
0.25490213012751445	20.36921297996098	11.778135657282288	0.43417190776110576	4.133587998546332	3.002271867972088
0.15869946998093462	15.573861229387653	11.517670092345856	0.4647743208379397	4.7471780115407585	1.8278481390705497
0.13025242426570927	31.252868353064752	11.792509275921798	0.3589452869220541	4.00298825368866	1.536002921364678
0.2344390164815013	24.025106223151127	7.246289321185661	0.4332074237566975	2.4794804962846317	1.6988129415991722
0.38856768459806096	15.885411385947872	9.344792941349462	0.3628853642100501	4.475232836484487	3.631084556268464
0.33618844276848253	16.039851904818292	9.4398819011901	0.34754518149815616	4.837777593828437	3.173579196279482
0.3084540569687116	17.207798350574148	9.420335660444984	0.35141127181677423	4.7103354118877245	2.9057407524712824
0.4688453325656003	17.715607271010875	9.419563367692179	0.3577234910515153	1.8103638136379407	4.4163183197483855
0.49313784108149167	18.17049568050241	9.374998629055492	0.3498577956612167	1.6863909957047272	4.62316658407437
0.49984625136698546	17.707316742841606	8.750010671726692	0.34414387149843534	1.604947015675931	4.373660033683705
0.3634814984819199	22.542114583845105	8.299348144646142	0.37151812118870525	1.468372738930231	3.0166595000391214
0.46349986584304886	22.26199466501137	8.356051831502224	0.40584303788208176	3.073726410146232	3.873028902878844
0.23847506110748057	21.31603777354112	8.93278465346196	0.3818394964506482	4.1837907270998524	2.1302463660943056
0.3886087725498915	20.72235648852336	9.252687914351538	0.48240303685756514	3.916120132042868	3.595675693183367
0.4701490617420872	21.35129291727325	9.519080420058456	0.48817657017716626	3.608097618253417	4.4753867281379565
0.3455708997595401	33.11310670934268	11.839545753979428	0.4509205676620904	2.73942006164778	4.091402478946913
0.4441603557762031	36.456463418173016	10.101056200060283	0.4789543576144348	2.642974065998633	4.486488715534198
0.27603613494066487	31.995892153459454	10.5599444988634	0.46090784818884223	1.6626104505703878	2.914926264654189
0.40963334278909264	21.419036194279602	9.483152801433848	0.49407673225997073	2.637796192159919	3.8846155822310955
0.2778367453103568	18.107128213539085	12.249926428119457	0.40984901437896454	3.185358173519816	3.4034796890800343
0.20623902333498023	17.94472015767106	12.09724108894448	0.41627241961275824	4.6505612118008814	2.4949231872317026
0.1858475237919352	19.047172509186066	11.638347469949144	0.4028294740025349	4.943370178934331	2.162958058320182
0.1773492165858802	19.70052855574124	11.594546553369648	0.4129852479309004	4.842057084405019	2.0562837479086244
0.22396072398701897	19.68914164222028	10.648070503770247	0.40605866405834334	4.513229988343816	2.3847495790892066
0.1877565859191926	20.67956833865152	11.728573179652399	0.4008368966189386	3.775413450665903	2.2021168579149433
0.21398402452820275	16.160753321532923	11.563782748426677	0.3618047248027817	3.9106207156757966	2.474464771278142
0.2688835207265856	19.461456747039275	12.04480013165494	0.348510623397376	4.894336819080108	3.2386482658474223
0.11335063243797153	23.94125109374219	13.199018229255355	0.425615648852274	2.123413281281258	1.4961170638464096
0.12231157035329251	31.236400690099277	9.819755011432209	0.4285591531657732	1.1501811941752627	1.2010696559328873
0.12662163143712357	16.874416950496173	8.228021001250122	0.41706437266136137	3.1735939477160833	1.0418454426772055
0.14138132909972592	24.562864650294216	11.290717592900506	0.32226902736781887	2.4718264758654476	1.5962966597739319
0.18482684144276085	17.845784075566424	13.540036862063864	0.41402499898982986	1.7811847754998864	2.502562246233815
0.12858114342690408	18.195951889330637	13.24538287046582	0.3186124844695783	1.214630565494604	1.703106474611624
0.1576334069149843	21.755352254840734	12.89197882169186	0.41253502732138575	0.7206812523488323	2.0322065435391123
0.1444344161891764	25.102276441385843	12.3049177755278	0.46968970113005487	0.6277137975880392	1.777253615164177
0.28426003887210766	13.695415634734555	7.384279887476115	0.47688473628507816	0.8643054190100513	2.099055687856483
0.3373780801498989	17.811596784220896	11.41479042076636	0.4957391089507436	1.1928580775248865	3.851100077471611
0.36236231503798233	14.528219930817661	13.778949672336552	0.4970403208597312	1.5600130184434775	4.992972102059721
0.3173278619761204	17.51713895798366	10.494937466463709	0.4862724599128723	1.7085742070923668	3.3303360678060105
0.13840722080562942	15.937946065355856	8.120472989443295	0.386147651744807	1.578788754589325	1.1239320980960277
0.34687823862772155	27.480830206358164	7.96309209032569	0.3568113728201272	2.7461491143157555	2.7622233583225166
0.43040278913209584	26.459265697989668	7.768165074269845	0.38498902978047034	1.671159967857613	3.343439914404276
0.2490942021301872	25.36451316185048	7.504843223512763	0.4400701197322018	4.383322941720499	1.869412934873054
0.232578914268616	27.87994259414893	11.266646728933376	0.3183627197088484	2.780357296539053	2.6203844636633784
0.21798060602113753	21.37202857083861	10.672956808698432	0.32666145266843943	2.766122931705059	2.32649759319751
0.25169240475397714	29.210289825004104	11.608300806882436	0.3534724338347962	3.5840929142776714	2.9217211451917735
0.17081889799767408	26.91521565226818	11.784452977941342	0.3606902249751492	0.8761757044554724	2.0130072711973486
0.26744967927109764	28.422992877042088	11.468911823733047	0.38937400076413486	1.0960063011250487	3.067356788845903
0.2970972269767261	15.84696577989778	13.5874929392091	0.4273791556287933	2.701361273322272	4.0368064738048695
0.252882382324445	22.171072247843227	10.75164935469042	0.4854078657718018	2.5911300085229225	2.718902702731195
0.186947809343969	17.78895306067948	10.589488641226469	0.3942918575350923	3.527975136222476	1.9796817035501313
0.24926772442674128	17.56391385369204	11.503633346850911	0.39303038651941274	1.7390935041279547	2.8674845070091046
0.19855157452469507	25.28861806533075	11.453582074115284	0.32486452688889644	1.1372550982109335	2.2741267547634125
0.3539262340548928	16.758012019981905	7.450685041712082	0.3601276687571051	1.7366321668255584	2.636992897942279
0.18531100828625516	19.119269105518686	12.411081765084827	0.3314384205212652	0.6701808704825883	2.2999100758110247
0.17383311461041823	21.006060033780088	10.679176943715408	0.31380752590971356	1.0040332495425195	1.8563945896018164
0.16226045236562903	17.90713631091885	7.519462772944959	0.35883326437137897	0.5646878020698566	1.2201114310845562
0.16702651125350093	15.403491674047187	8.75736323667877	0.3408682923400148	0.70555759079476	1.462711829202122
0.39608285024246576	19.964253383473164	9.352549207696558	0.31258553591812127	3.5582538366990435	3.704384347217368
0.32417640515709617	25.692165373474232	8.593733082373943	0.32142361588796947	4.10408361763471	2.785885497523596
0.22890277499572811	23.160714834542024	9.559508780102911	0.36171458494766245	2.1368097586284582	2.188198087361584
0.11054156682084784	30.570467196759964	9.383852424969609	0.3974203801578131	3.834843699890048	1.037305749871753
0.106551929320258	17.779865949431617	10.695180419017118	0.469189255713432	1.3702117500471231	1.1395921080745195
0.12697978776912183	26.49514589650046	13.252434031158744	0.4897731022058778	1.7699345789973555	1.682791260700825
0.1420586196548068	15.539917824667079	9.57850685724733	0.3736602989688418	2.704563155621869	1.3607094624946572
0.17036550683460075	16.226255945219286	8.935251833400585	0.47880073973133375	1.2131830190638868	1.5222587072920863
0.1439445698150138	21.528177550899077	9.32587358589976	0.48941918858550326	2.139171877109036	1.3424088614715413
0.1734816053162926	15.690407534144889	10.889835168043907	0.3425797933094811	4.899562005116443	1.889186086582076
0.12783495638663692	16.18158234347696	7.551525402097246	0.4494667556720632	4.413423427917841	0.9653489204296822
0.14269672096601918	15.318810855997254	7.978435469048858	0.461136649723181	4.784229296419894	1.1384965798722553
0.1728838019731245	16.13155394621859	7.950392473014238	0.4442055735344635	4.325285474632178	1.374494077913213
0.15903619451821757	16.61706927761195	8.933780187261334	0.41468217774233535	4.722299740834033	1.4207944036442917
0.13881324347280807	18.733548954137223	10.604988215473467	0.4105928627041539	4.721862018518904	1.4721128111807789
0.16749218908595376	18.93708511431571	10.616519161046048	0.4286847850624167	3.7703413004965767	1.7781840347565758
0.2503850780202056	22.86656034843925	9.090596978747088	0.4340225496328669	3.0889901965659385	2.276149833773835
0.3727676065060667	23.54686290952479	8.540966063755063	0.4941674035730021	1.3566503204588671	3.183795476835517
0.16632956222490983	21.57095453550264	8.792960293000206	0.4949118241077348	2.812761581647216	1.4625292361957392
0.16305995363349599	29.377935207413685	8.267541358299825	0.4973781829242165	2.873499861381612	1.34810491054738
0.4183183395307503	23.43369873126408	7.653821995060496	0.4908060717696506	1.7482049620732527	3.201734108037641
0.18003560514879946	19.53718834649902	11.3330468766692	0.48360559157898986	2.075367002660414	2.0403519526208513
0.17692272819669227	17.249242214955668	11.201146476792683	0.33600516827415466	1.763251102811389	1.9817373936049292
0.30189430657178573	29.335938492579984	7.126163564749401	0.3463488498651758	3.16623968756005	2.1513482078971453
0.3472177010914184	25.263442566305606	7.570339503809454	0.36029788313904826	3.2969283699991654	2.628555878994268
0.3805432186329313	27.1141569679432	8.749983906563012	0.37150883447390737	4.788759130539472	3.3297470387898382
0.3748254996290237	25.248027383767194	7.935862833259315	0.35620505772461	4.990139995041645	2.974563751463822
0.23281076419204905	22.067742194631386	10.443838124674922	0.3537775155014995	3.434200230344329	2.431437934903625
0.12735282591505795	28.31762512416453	13.646262605107008	0.3460383753787188	4.593057650795344	1.7378901059393579
0.21410165253803337	24.261407636128485	12.2137966644513	0.47425137768857695	1.6148702340849543	2.6149940496225432
0.3558414825730715	22.71305243363229	13.708149104327527	0.4592433531399375	1.2600718342636252	4.8779281006166295
0.4612526703632252	26.25862103150433	13.463248411783338	0.4688752280329016	1.8151772129497008	6.209959281698516
0.2979446225145895	19.242646577326823	12.728045253401689	0.31226719313221113	2.9231097635254306	3.7922526383733786
0.38527695265141	25.44361741648368	13.860932540886289	0.35580619093250543	2.663881508338421	5.340297850259435
0.42674371555867113	24.59596751828431	13.98894305700892	0.3540671497864578	2.969330339791063	5.969693536886662
0.460184000278717	22.257512177384488	13.431569423651855	0.35813369496529324	2.744068164914032	6.180993347397411
0.4062498678777791	17.94011817801423	13.962982479565932	0.3582636838407657	1.931188078074128	5.672459787503405
0.3834140917916929	19.56325098627512	13.895630081666168	0.3310129872669496	1.496660195266528	5.327780387635361
0.35651150543978183	16.14004092560069	13.226497274744451	0.3391826442628824	1.8392224323116235	4.715398455114316
0.300337817619974	18.99289821728455	12.321697945114437	0.4158923521002252	4.15023814637245	3.7006718702081884
0.3558834411850144	16.02678460501406	12.041335149498268	0.42878998679392893	4.795388984100398	4.2853117894655135
0.3290457306907741	15.295678592265478	12.216560352759464	0.4254806815937695	4.998433669610569	4.019807027801678
0.335155027202056	16.45979490997552	11.551100385944851	0.4222034952212317	4.419822687169796	3.871409364065026
0.3516060255147596	16.748707550875086	11.719595207853152	0.4346189166890366	4.238318512442863	4.12068029167507
0.35401925212657853	17.06789880648733	11.939740639473692	0.4802884530420383	3.573990286636026	4.226898051771793
0.24429436955483289	16.967250653995094	12.753337077675864	0.4189592379736438	4.737639216176714	3.1155684411111
0.22152786586681925	16.982340347149098	13.897964827162504	0.4164361811870823	4.968082625103441	3.078786488053427
0.2093772636197652	20.442903017554517	11.40540026165154	0.4566106293353672	4.721524386207852	2.3880314972727534
0.1830411117376264	19.247811156149936	13.29332667464209	0.45503063612986366	4.012778768256892	2.4332252932179324
0.193450152318731	15.955117835264785	12.50112162179296	0.4749739959739274	4.129024142464865	2.4183438818908294
0.1811995888786913	21.222040649768047	13.73960360236058	0.4817473187098754	3.606673697605744	2.4896105241039233
0.1681934724583652	20.49661113155303	12.310825414023908	0.48995743336135866	3.533748331519172	2.0706004752133724
0.17029329025663725	22.808749338225933	13.605198122936708	0.4885479588345992	3.267327574480449	2.316873952948317
0.17545655281768088	27.833114376320875	12.054750521506845	0.49290656426473967	4.988727003608799	2.115084971580732
0.1625793506702058	28.051121180729467	13.5599313642116	0.49622922485226945	4.833413814722684	2.20456483632608
0.13135361271986068	28.45920974291008	13.389893588763837	0.49598128232620686	3.288089616115185	1.7588108968186305
0.11380744770412753	32.91844634161803	12.500702444878916	0.4949746289064549	3.876053267437979	1.4226730397604164
0.12861972122178175	17.693710219127272	12.202553681735328	0.49820173785342425	4.239816524760417	1.5694890527386245
0.2126410160701424	22.180716333915697	8.357618196300628	0.4997481871376742	3.3957187822724473	1.7771724251876764
0.26658340837484085	19.85635768737035	9.327382889004852	0.39696163617863217	3.0883835817434195	2.4865255217680833
0.2499773937623248	22.390306747282576	9.397708697532076	0.40859035207752425	3.5604008622220644	2.3492147275466
0.2871241627529662	24.89178663154885	10.473345961713338	0.3652982952819361	4.316725071227232	3.007150690479102
0.2107667057527237	19.046029358439004	11.54394591870922	0.4482290717297625	4.2606285272685	2.4330794526739417
0.25513801776932704	16.568720946747444	13.36030345820034	0.41770170425808584	4.143008259951948	3.40872134112192
0.20877773774305397	11.990601745610403	12.47048755887202	0.34724265032428453	4.205703624099704	2.6035601810942
0.2047730748180372	13.87427778350638	13.315123795821064	0.34145451414040934	4.2271085140659	2.7265788412530942
0.3965036825758498	19.655959062265616	12.141039879553436	0.33006576864230847	4.865150657047104	4.8139670225431885
0.38640739868860585	19.81286087686094	12.33161960630716	0.3294383727529118	4.1024566447041915	4.76502905369056
0.44489894959282494	24.616976393033795	11.468695256960956	0.3307569227651296	4.056269690808591	5.102410473022143
0.2228473133729248	27.707617495753944	13.091436006625718	0.361026857922462	1.5225643956194934	2.9173913422701125
0.2809024158863332	23.623196946052126	13.900551627574169	0.35359052025200327	2.1105423210873924	3.904698534338285
0.29114711674001026	15.951974063555772	13.653616702352751	0.31026909414105014	3.863795767706728	3.9752111359632503
0.18542565180076473	22.60357939104699	8.857106155501729	0.3082654231921044	3.667873639619308	1.6423346819524736
0.348872361297261	18.55289568096317	10.043135999750636	0.3602092027107512	1.8266598651574688	3.5037725710625325
0.4128111697115224	16.644814456319835	11.356836721092288	0.34093393739959094	1.567799120399377	4.688229051056878
0.4649044320800336	17.89527927557432	13.282835433044507	0.3161075307426052	1.1835399486032723	6.175249063412104
0.45047919862596447	17.664399638860466	12.262567417732987	0.32309277184894847	0.7072789999956468	5.524031543437219
0.31507877556728814	15.16183988098702	10.084551921079916	0.30265075725226936	2.422523201922241	3.177428271438603
0.40560895345212833	25.37320510985233	7.296914317235531	0.3037255398832536	2.913001309831789	2.9596937796437555
0.47936643259069656	17.529768098070758	11.947365136832552	0.451009672135378	0.6070110022922326	5.72716580450188
0.1843868957571161	30.505041148637943	9.347264666735123	0.31302502111297875	1.9812854624554803	1.7235131157194636
0.11641140605048939	24.834411654523944	8.97400410282832	0.4429635729797675	1.2586892038534034	1.0446764355131053
0.18199913024059852	15.79825698449498	8.127364054120124	0.46950259893759416	1.8159600167503824	1.479173188998567
0.40686034789438824	30.399437255779965	12.407239129329348	0.49285369267367984	0.5187528970586445	5.048013628567805
0.4127376387970536	30.08882178087028	12.89237739457488	0.4899474917652581	0.521837047550049	5.321169404317345
0.21320745311158723	29.929967675122352	11.598289055532364	0.49485942185318826	2.15061564982973	2.472841669982052
0.1947640090762991	24.934769689696623	13.449863218348538	0.4822961372951385	2.101263369150346	2.619549281933416
0.43766279295120386	18.103673227841426	8.242547992991058	0.3828107308510892	3.6078247750068417	3.6074565756468067
0.36529174618348975	25.403573105918802	7.862282123015843	0.42300710218278703	3.618721437200656	2.8720267657036924
0.4961484174953146	22.48123753274436	8.580111244243557	0.44034434018890056	4.5865130322762555	4.257008615765195
0.1830518690990413	26.74478306221971	10.854420315414751	0.3912624817041035	4.591704241613174	1.9869219267232758
0.16152118753292227	21.50862530089259	10.118610373407625	0.36758167723143625	4.377409160698577	1.6343699636957456
0.15232176406013004	22.045792561124912	9.557571598197555	0.39276213696132456	4.520816124387262	1.455826165968448
0.16843421746432746	20.708566199300257	10.075509190507178	0.3583327112096788	3.972936477306336	1.697060506057716
0.4327675753966462	23.88385823498777	10.540863895341824	0.4249786971947049	2.093867010117891	4.5617441105731285
0.29643757915765484	19.470895147285272	7.5534581155338945	0.3673040954994736	2.1643189100742575	2.239128838037609
0.21926073308448116	13.620290458013384	7.585002829969462	0.4363276278245888	0.5872518138816608	1.6630932809469685
0.13690398346366295	22.673892434643847	7.9043589160998735	0.4727641999686032	0.5546863083605108	1.0821382223405938
0.14815732195271156	22.57446540242796	8.850744148897542	0.4906466801002135	0.7511210367413657	1.3113025503892912
0.1480158585605325	24.73470549812319	8.716718023318963	0.4661079979249923	3.7277222371864047	1.2902125020516242
0.133444906756639	23.22760959864254	7.892331235170234	0.4584239755370163	3.966791136720684	1.0531914057698013
0.2613100794776983	15.270501991840062	8.93068904106247	0.48801558630755854	4.647282207694242	2.3336790631106434
0.3333295046859408	25.320411821538062	11.643828788955012	0.4944115944484196	4.232289053449467	3.8812316828702724
0.3116245410974739	22.291991553234343	12.859869408677612	0.4956815517926853	3.818128613618283	4.007450903052604
0.4128589203560456	24.28372096946885	12.67384265033596	0.4307483575598218	3.504573572859214	5.232508993380108
0.43341853061546864	28.014590674080164	11.772135427172886	0.454279431191182	3.426243062126587	5.102261639051575
0.32097636724389106	21.90773014747348	12.434636613984392	0.45442089390079365	4.248444630283581	3.991224488354588
0.4006824272742053	22.080253291958638	11.015677734238784	0.47345557224672846	3.5239197912413966	4.413788492625214
0.38750737258938633	18.88906544607032	10.570951213669852	0.4807500203218565	3.113892739363879	4.0963215305797895
0.3096231313926203	14.424003171228236	12.528424925036648	0.42006023975049434	0.7868004087090421	3.879090156707201
0.4600641896364848	22.523969094691726	12.509692525506653	0.44519535207124594	0.5790497272704644	5.7552615543488095
0.31009676344274995	22.010688911409964	13.026807516502927	0.43530905245639	0.7185215876033287	4.0395708488592454
0.1917247458969177	16.111544969740173	10.383373249942467	0.3692026213999672	0.6158884977325357	1.9907495978980723
0.13067721094524987	22.78670308619134	7.742333922048998	0.3056890645897051	0.5140036945455415	1.0117466031401607
0.12658800597388148	21.34350006492191	7.117497529525327	0.30412316624236047	0.5741960871099131	0.9009898197866387
0.12459917661093078	20.87283926489484	7.103327638374576	0.3046694277337148	0.6432186258152144	0.8850687749391396
0.10392547365953592	18.507119887973825	7.28821259373783	0.3054402631354561	0.7016339791617153	0.7574309459355988
0.1730155640356051	19.33149527118188	7.234366526404899	0.3071337886602712	0.7133068763087237	1.251658005006245
0.145655344396821	19.57108704574351	10.811432552085396	0.3202718447061387	0.7130413710386917	1.5747429317969999
0.24611085297381455	23.897906630805345	12.021252560216663	0.416399558434258	1.948964105341532	2.958560721408575
0.44062206754921457	17.649728087959716	12.069051642646167	0.3543641408128542	1.602696886202706	5.317890488140999
0.28505205191016214	22.881094799318557	11.635785143255587	0.41658505214292824	1.400441544491616	3.316804430670785
0.2931993291025106	32.25398284984909	7.9014360948736	0.32601624095268	0.8977768419322307	2.316695761963301
0.35461233245914847	16.884491057808766	10.619516893301569	0.333913364556277	0.8458772755915654	3.765811655122999
0.4495513727996842	28.64635230043592	7.280307987593808	0.3284780157685997	2.3182653205113954	3.272872450227303
0.45934835994141854	31.339889610170577	7.516709554920131	0.34959789485709863	3.051891602479296	3.452788206208552
0.29131006780788105	13.633381930795672	12.634430010339434	0.3623078263489314	2.573780030431964	3.680536663025908
0.4427879350697573	26.771700365475866	11.669345051559967	0.3993634893433702	1.6547688016030273	5.167045198996728
0.18479907184319247	18.78194090908863	13.927067544199184	0.4350435572059948	1.0005094168523188	2.573709155665459
0.36331938132974967	31.439939389179177	8.429177563629505	0.36633077073693165	2.0481229888502255	3.0624835775364785
0.3329203729214087	23.469011058437385	8.874200565713567	0.3203423922061203	3.5504034700654734	2.9544021617167364
0.42297126675567487	14.615730921033528	8.386814549254849	0.33800982204651847	4.922004170347181	3.5473815739432477
0.18104551627026985	20.913078735231284	11.02384788495572	0.33418969373458446	3.899655616881609	1.9958182316167306
0.313480938482328	25.694548306810976	9.653716352365997	0.3342339143861722	1.874381594018964	3.026256061981889
0.3403878207302979	20.137352565681585	8.974738435332755	0.33039792767037374	1.2675729486402778	3.05489165762736
0.24657029091939725	19.04042241312148	12.73684289056196	0.30882568903447166	1.5864661983362567	3.140527056920519
0.1352643889696158	19.71564004007158	12.122691986487068	0.3073336245010471	1.970017706854737	1.639768524219031
0.4458197175349284	16.72416205121862	9.653501153792483	0.3388838930680754	1.457690021285264	4.30372115760687
0.37875323171190417	20.693396731172808	9.123514324077169	0.41926013866472406	0.71966178623133	3.4555605348140768
0.374347924427025	29.190814349437986	8.21163796538318	0.3734337917930503	0.7650471965759632	3.0740096284873517
0.33918541568321725	13.404432057584952	9.734756355149267	0.40169885279286	0.7570824561983904	3.301887380896145
0.31984926858045487	19.326263530147823	8.816184541662897	0.4392205120383531	1.0525377994169345	2.8198501773211904
0.3296858163853624	14.49454581570002	13.242483393829588	0.4216102836288059	0.6184058756512366	4.365858948664312
0.3133156301201671	15.576625479390607	13.815838957031804	0.4168416256833273	0.6907314640265857	4.328718288461173
0.24314696353218293	20.371383835275413	13.586202041813904	0.4735276207655549	0.7179761533005456	3.3034437724017947
0.18600970578349224	20.69102100299202	13.623174304666748	0.4667995769633377	1.5996806119769729	2.5340426442482933
0.13121448481973655	23.86473273036512	13.337052358714852	0.3071136995860477	2.719260748784364	1.7500144542626215
0.1507581616340182	18.993450639257407	10.62125389693325	0.4300099018141356	1.3771412790476876	1.6012407117498086
0.11938088841177324	18.192727465913947	10.646567532415187	0.3617313530888469	3.8706306816795166	1.2709966905556653
0.13288485495364433	19.051617773648193	12.808167920236976	0.39126219946073776	3.4487847881629787	1.702011536302611
0.2442756713986493	23.175871182941435	13.081347144022608	0.345844694297909	3.9902560830795095	3.1954548564049263
0.1998082502354992	12.460893470265315	12.467608554133804	0.4891760852308832	0.6044124661823447	2.4911310498226173
0.2207981658142182	28.49403673507937	10.265988409796352	0.4946102648486152	0.6658460919116366	2.2667114111530573
0.231600137312676	21.698490550146687	10.756947230345956	0.4495999995596629	1.459768805596536	2.491310455613333
0.3008660842315856	22.554927142882864	13.119466749504424	0.395982194581767	1.5119043316535257	3.9472025881298847
0.14991787341913773	15.933671773906855	11.937187972712657	0.3460874772791642	2.17988053066812	1.7895978354735895
0.2956297057812722	15.448594827443008	11.640918703788584	0.4601421341861049	0.7732396163876198	3.4414013714247274
0.350045043248245	16.388244276724276	12.339045991175976	0.4380274756236539	1.63090574816711	4.319221887623279
0.45745620616923055	17.08174411673832	10.679237033626796	0.414191485669832	0.8568084784451747	4.885283258184861
0.2350294300782098	17.54437513081559	9.119718733788682	0.3960391533122485	0.6126511194642582	2.143402296475927
0.33257621246691144	15.328918536764087	8.791262770733793	0.46581039018075343	0.8988098869208302	2.92376487509201
0.3674364522585666	15.461072892358043	9.124483996231987	0.43457681968798095	1.0194874100367988	3.3526680282655494
0.1901704857530719	20.292317507788564	11.261289095263416	0.3416944341283255	2.81746601538086	2.1415648174520157
0.42497755017334377	23.50971331298085	13.100222898175584	0.34918703621115754	3.6109973367368338	5.567300633991401
0.4973186696819445	23.714921493068474	12.976989306214383	0.3438992157734956	3.520952552993295	6.453699058243357
0.46138325013039255	24.113176448614407	13.969520499034296	0.34212084445567487	3.0234948076135675	6.4453027706075865
0.27859169346825	26.919340143419102	13.059985000982527	0.36874806365418694	3.4061516463838046	3.638403338093667
0.29811655760383626	16.43032482363513	9.496161613135214	0.4081803277414432	4.5266009240542795	2.830963010557563
0.3786934131195481	14.92551670931334	10.132268698773991	0.3932270292700895	4.219338208722169	3.8370234161830847
0.22746768723322025	20.553077369532616	9.889803899975105	0.332596602559982	4.512193309534659	2.249610820317419
0.34312117284091026	29.309769466543063	12.380653148537847	0.36068603173595126	4.109027102923299	4.248064228862814
0.3546528949275672	30.166986597631706	13.088858975525984	0.3813437523556812	4.887100178135584	4.642001726968961
0.35238513642546654	30.308826748106785	13.256914135511808	0.3722872577108858	4.432041759738255	4.671539496223025
0.3239928474231006	32.76811597489798	13.585567970323956	0.38258510909577625	4.650499862904113	4.401626850565331
0.3053461742093145	33.949548194267166	13.685273555939538	0.3904239592921619	4.504887608279232	4.178745923314039
0.30839759711964876	31.588821921286424	13.70740669344132	0.3939297870978352	4.62910582742697	4.227331286999092
0.28106353445511895	28.54852595645156	13.597771991869484	0.40767651498461455	4.30083512610172	3.82183785674966
0.28424291100015964	34.597490799248455	13.088042459066765	0.40016268335364513	4.401851062169116	3.720183287858825
0.39845410917533447	33.170510995598775	12.03277928200387	0.35035169473549527	4.121378943363313	4.794510349714273
0.47099640711229046	24.82624505872141	10.850847778600576	0.441503175246896	3.0821813958645192	5.11071031784325
0.30729792300702946	18.65905519110152	11.166306355616598	0.4891296713867538	4.136261100158423	3.431382750741173
0.22229407502637463	18.878328635915356	10.74324753258598	0.486818981410621	4.923538835914736	2.388160273035582
0.2511282004259941	19.919616985188224	8.482052933354767	0.4475756831872866	3.0646634448736982	2.1300826890714073
0.23264442448891376	17.522952281648806	12.503107196202311	0.4205043214784384	1.9295489940348	2.9087781779836828
0.42329425515475216	19.4153249260011	10.887101662123513	0.4842086587130165	2.7287710604276927	4.608447588862637
0.3328103086642788	18.010605220310417	10.3691968118187	0.4474880437154136	4.424890650831748	3.4509755915420373
0.316182949230774	19.015275069719625	11.71806401156024	0.4781260373735131	4.368785544307965	3.7050520384501118
0.441015834591602	22.50635791996188	10.089630400974148	0.4807506010154146	4.918891958155934	4.449686772006413
0.4782433570632226	22.58259681566116	9.613162453458843	0.4760718013319877	4.922827709452713	4.597431083736282
0.4834695437476241	22.011048378818096	9.842972332149198	0.4813340833586201	4.855844042409872	4.7587773425446604
0.4496318076819112	23.078834711813666	9.979929111630335	0.47450563691641057	4.493701817977247	4.487293566999678
0.4529256206898211	30.279433294392597	8.383229161835155	0.48512512786343	3.9662015750913495	3.7969792715091963
0.4948605187477337	27.992181334028256	8.2140828895612	0.4672594135998326	3.6398623915663166	4.064825319765139
0.3290996268272975	24.473871948753928	7.22994579459608	0.4542193275162726	3.564817960420855	2.379372462983159
0.28483086895938053	17.429126508955147	10.234137473351815	0.35306430279171486	2.7049261329205674	2.9149982695845567
0.37943466178510304	22.179154911107616	8.457148602534028	0.4532367171619184	1.0110796255448953	3.2089353196688557
0.4763548942507764	17.333829860570646	12.365531088630249	0.4972443705868416	4.22410918363444	5.890381254079149
0.4743547363071396	16.802908352923012	12.52717959903541	0.4973996908328399	3.931233097960329	5.9423269753726204
0.49703493861145714	19.00125212661157	11.208375974838495	0.49959874630951695	2.0548109473549574	5.570954464587983
0.4135754752248217	27.44977539319044	9.476467336931936	0.49782157786299486	1.1722196417616029	3.919234482324126
0.1967185751198232	24.51145566667548	7.559892639230298	0.4972027359565509	1.9373963462247712	1.4871713080482238
0.3385291333095927	18.712892692128506	8.39264319694919	0.4665524180216895	1.8990450395841207	2.841154227639859
0.23855584956584935	19.980244119398233	8.936880812998108	0.4365385043372765	3.189295860185572	2.131945194813502
0.24092072725694907	20.877493089216035	7.621900206001638	0.47772046674183094	1.979152943344052	1.8362737407098046
0.3062999849565064	13.73346245009782	11.014117836162232	0.4309195949812442	4.190929837517017	3.37362412752568
0.20680010265388557	18.35982383432908	10.534509359737472	0.3895823347544697	4.2756991232936254	2.1785376170020276
0.14530993001072237	39.5871295350028	12.96986852500046	0.367238504668466	3.391266843798925	1.884650687616088
0.12647804893942524	30.26675000214628	12.085195334894747	0.34065888937339306	2.934244488989439	1.5285119270093315
0.1395965733905679	25.99793208801895	13.617398680888776	0.39245797703982366	1.61194346773783	1.9009421943453126
0.11427208373982012	21.267311256630432	13.303120829024929	0.3908832713669688	1.0941132804292273	1.5201753373752818
0.11891594157524311	21.481032764852376	13.674605930979396	0.3821712476604488	1.0350362455302309	1.626128639952819
0.3732485135195828	23.90163379024664	8.790412716966207	0.3986106165041885	1.6232684683829557	3.281008479831274
0.4832469893894193	21.339691255712655	8.385769653532888	0.4492377677139427	3.0549667134370875	4.052397938782922
0.4598269216115575	21.97722684634328	12.505473335800518	0.4112099360867026	1.4315746440897834	5.750353307296567
0.2668647540293518	25.729791749155844	13.326732904659314	0.4141221237594145	1.8252759800107088	3.5564352986167767
0.4753000367591389	23.392470883378778	9.096408038026008	0.4329638998313524	0.7489718737210241	4.323523074849888
0.3844282917610911	25.470911296769327	8.18154915491945	0.41764100814608074	1.2191733573165713	3.145218965585083
0.2706293962455073	19.74290923466937	9.945746480422736	0.4257033785723908	1.6150428925270457	2.691611365207684
0.14719596924429154	23.54186410343477	12.360698866733262	0.44318424961912545	2.2306993672955366	1.8194450502256185
0.3097415934774244	22.10468177687983	13.129470964356107	0.46390744243582904	2.2207010937362806	4.0667432580152365
0.25764169361895733	24.6067246504113	10.913129774951484	0.386195853886697	0.8248003552781865	2.811677237901971
0.23571320442434807	18.371783422869377	8.27049251137404	0.4366025788710656	2.2413053396913925	1.9494642920235492
0.12768341019038615	20.341569727923208	9.772757234224931	0.4939484893032208	3.0224961857998784	1.2478189706286056
0.15234887198079924	26.34103719145287	10.44271649134682	0.4779277597914224	3.242300187664339	1.5909360778719777
0.3051984986065749	26.557903406938976	10.029993859778411	0.4995112924650215	3.706426108268507	3.0611390670375362
0.2872281536667484	30.47661746209534	8.068864126562717	0.4983656953456507	3.9109353382695735	2.31760494526047
0.16152140229883963	14.440902345746059	9.42757823220147	0.42386075948729074	1.2079402092621023	1.522755656347197
0.16540884261162384	23.100021654303717	12.483682340712715	0.4407254303975925	1.2992236076787715	2.0649114475084573
0.2696039951771581	28.912799351503576	13.371368969013208	0.48731997605679805	1.3167010784498676	3.6049744950338383
0.35232187282871874	23.073641330316228	11.496343369734092	0.4928623434385408	0.6100492382042405	4.0504132267067385
0.34782696789740214	21.418293938692432	11.14645542836078	0.4942397032268854	0.5928925918899783	3.8770377944502687
0.4184797071670984	28.099171476771215	13.952501361807563	0.44928436717357	1.1853978822884512	5.838838684137771
0.4575589158888724	27.181007307726475	11.815459221000715	0.48455329204675823	1.128824369239687	5.4062687118902675
0.19048164100964424	32.19941842383731	10.877261614293284	0.4834856015705784	1.1436094266424979	2.0719186419817968
0.1789704017691383	32.822745196624425	12.995479214046371	0.4402064699459267	0.8623750477306827	2.325806136120365
0.3687560320968028	18.20725058914818	11.975672178597316	0.4945192397979544	3.356745147146165	4.41610135427162
0.46881621822414093	23.161815887720188	11.635690438728524	0.498580420657982	3.919518370257488	5.455000387911502
0.4617627698563685	32.04097980423537	9.140720743031501	0.49612469938637926	4.352616538897095	4.220844528785789
0.45098861100394794	37.23283469464224	9.12535658984818	0.49434257983800456	4.283790936138647	4.115431893371353
0.4719380190538854	35.59250985156117	10.224204082110372	0.4963481759760224	3.6171598884100904	4.825190620913817
0.3096922502904935	32.5130393630819	8.585471206188808	0.498246254781132	3.5236764795244406	2.6588538976488496
0.22081247767669407	15.28352979868998	8.896088136294102	0.3079408045229392	1.8541669848905504	1.9643672630053444
0.21388227262230303	18.931658494862475	9.754703454171368	0.3079801476446421	1.0702594821570675	2.0863581435348015
0.3045166640485616	15.484106485788503	12.78558503408746	0.3500520732624798	4.443872080228232	3.8934237024895277
0.38718983056320794	14.87270378090708	13.587450801608828	0.39979288809547137	2.5388920776287995	5.2609227736608455
0.26638861902626326	21.67211637925912	7.687932812228806	0.41639454996531006	4.074785134735069	2.047977805016328
0.3487098544056595	24.298205241621364	7.835120778343373	0.3646228289549327	2.564362098330282	2.732183825866875
0.2614139711004505	19.012633594668472	7.24772997741738	0.4492447914051264	3.686510547749239	1.8946578748604557
0.31655241576373777	19.780655283660717	8.123247184532838	0.37733362925130726	0.8177821754510206	2.571433520109851
0.36696708154782953	19.561084287205922	8.745665766830301	0.4128131614399241	0.5230140175744975	3.2093714426464763
0.3853371794131896	16.93690289844057	9.643511489549976	0.3989305746411079	1.0222251540532263	3.7160035170218744
0.35880500728417647	20.855295284964363	8.245474551839157	0.3648396042180703	1.1177815971553986	2.9585175566341406
0.259915616507868	16.272086046430402	9.361098951764948	0.34493537926476187	3.1023293956792495	2.433095805239143
0.41987189176971434	15.632331239740076	9.19860241437201	0.41164923332370434	3.796802832850678	3.8622345973598375
0.48520265894363784	15.466213565577428	9.763601812058536	0.4668591867434872	3.0457875189893455	4.737325560077722
0.4981705264373644	14.8610915035984	9.443410829843474	0.45685905262688353	3.2345478032134207	4.704428944467432
0.4541742066552804	15.68723304034722	10.965165549742046	0.41506698199437714	1.713111395831583	4.980095364397906
0.4830195923737057	16.812025307986897	10.915627824378799	0.3670658216203804	3.773686824394656	5.2724621022345275
0.3567352781468769	21.22876472065705	9.857127159621934	0.353824620977067	4.665369897936678	3.516384999016865
0.40125405448995255	18.594593241225684	8.972979390258745	0.35459963479664963	4.423924424810456	3.6004443611961037
0.4144018155111071	20.55908695149954	7.687001794999606	0.3482768266981334	3.3566251016143878	3.185507499684976
0.28508754339019926	21.90047996827876	7.751115425332322	0.32780078718246863	4.244593347129414	2.2097464551418713
0.3439985898862846	20.894331657256952	8.007208144835928	0.4673529734580576	3.2691675029681666	2.7544683107495325
0.2996564203530096	21.50814340995971	8.929634420386742	0.44556269794704584	4.488424791255417	2.675822285474113
0.41245616088594805	26.265753841398737	8.237688078016646	0.4551381531903776	3.512016172234868	3.3976851992346897
0.4059006422079888	24.59624149504952	7.439838516266443	0.41596010649779136	4.51529664830788	3.01983523167628
0.417054545440212	29.338265669235167	7.926986653462544	0.44270959677963045	3.788243409894088	3.3059858154704482
0.45585316253945296	15.509431141563413	7.536042294560378	0.4624339474993416	4.722916807460245	3.435328713006424
0.4283569611980084	14.221473197473273	7.310456082899848	0.4724155791324566	4.688174503051294	3.131484752642475
0.463960061461046	17.20406916641118	7.653156060683731	0.4744246904383688	3.6035042568662825	3.5507587562858007
0.43343470018054503	19.075971019424767	7.193559866820408	0.43612459156020567	3.734541618983057	3.1179384641061048
0.242034257083312	17.154398386028408	9.253492337733578	0.3728445028628423	3.6399869146500574	2.2396621433894666
0.4140012352312332	18.7624909428195	9.83753984369152	0.3121249267501289	3.4640929577807262	4.072753646924762
0.29132790992853674	26.712338961186287	7.82936941567984	0.4412286420638753	0.7749262911246892	2.280913827928417
0.18209444916949655	25.29818533145592	12.064903629747247	0.3363747211892908	2.241507395791548	2.1969519807418845
0.12226210774028476	14.597682938100297	9.424821530447172	0.4320132396967173	2.246512547932954	1.1522985453884877
0.13763165943996275	13.72690476122962	12.116267888336482	0.4507609919929628	0.6912673973486375	1.6675820556908834
0.1267578412194052	16.288872183290472	10.9337841112624	0.3406636379820195	1.804721387601896	1.3859428703026546
0.16713635873762744	19.836313051777232	8.137865600878158	0.4495319572278883	3.651314849264119	1.36013322442697
0.12454154696819889	18.926413910449313	7.569582249274386	0.410688235371912	4.749720629167601	0.9427274832276504
0.20488736461675572	28.740467118861915	9.708284862247442	0.36842168609785136	3.469703902599692	1.9891049003746217
0.13243948309079415	28.292719594794537	10.023411275857036	0.37897999298752233	4.436224284482276	1.3274954081809434
0.13886870370411428	28.091194861743524	10.14787644240678	0.4074572749377805	4.975545429516923	1.4092224469065484
0.13886870370411428	28.091194861743524	10.14787644240678	0.4074572749377805	4.975545429516923	1.4092224469065484
0.2849745771021278	16.416988979895482	11.938299785210916	0.4021794192693996	2.20719162886878	3.402111932608904
0.31909206110090693	16.57676737578761	7.002236695906512	0.4632293619542364	4.0279331935401	2.2343581396132133
0.4036425994538935	17.076093221058446	7.317935983373667	0.39971180445950216	4.197132433435722	2.9538307029661315
0.2992639470853544	15.42449573181485	7.112416159410602	0.4112457526194595	4.494171946736796	2.128489733178874
0.26507574010837937	20.514854129564934	8.843304688460796	0.390120449011141	2.261333997598391	2.344145535297647
0.3857672177885668	18.513280048002077	8.703705484525086	0.388806678364802	2.230606536856118	3.3576042492163323
0.4540890384127173	17.516333897360507	8.255497118751721	0.4186821272472063	1.414744320668576	3.7487307482729273
0.4151942987573869	19.3001217683942	7.43410841957964	0.3357537702546361	2.000027886571091	3.086599432153754
0.2536418926609405	18.127690352296067	11.698891525414007	0.45853916333394307	1.4439039059220427	2.967328988541046
0.20958163218278683	18.154360582601402	11.364672744696946	0.3224986142680272	1.2506344481416802	2.381826663056818
0.2217557658907656	21.391263260041576	11.990201694387595	0.3754233240347309	1.0047619044066138	2.6588963599236766
0.23309795210407497	30.891432513645988	13.775786346358068	0.3593111903394441	1.3424880835059267	3.2111075859593425
0.1488665544861908	19.231842238164784	9.80581345598771	0.3460115474944706	2.082448644017279	1.4597576631272173
0.2377070633093769	20.615466237722604	11.639666515786082	0.3276069155166784	1.2774810664509466	2.766830945367997
0.3594913932974732	19.941612487057306	12.0466930691449	0.444558159563172	1.2640318595754727	4.330682476053914
0.3531536377090409	22.034901853408837	9.881321930600327	0.4514948760633192	0.9586383076193642	3.4896247851656286
0.2185609441862128	19.7660053628418	7.737000224491304	0.39358171137419645	1.5545856593316827	1.6910060742337598
0.1224988994096712	28.114118650753408	13.391093118245516	0.32914321348607367	3.4571017518307725	1.6403941688774977
0.1011539734465596	18.80534644445375	12.7398463281364	0.3559880320601686	4.023307672344342	1.2886860771895592
0.10366825932773316	19.577275882967783	13.218312997747084	0.35361721610706887	3.9117042408251614	1.3703194997255905
0.11029806643559913	20.159092918155554	13.461757659693228	0.33657280182538807	4.950479095374564	1.4848058406887792
0.1122709022449852	20.14132955652075	13.838735543358927	0.341740236252828	4.6451470653302	1.5536873253826524
0.10675938736059903	19.48280057711627	12.86049671447794	0.3142326518648552	3.1454695826930124	1.3729787503906614
0.38758900559909343	18.4857449529601	12.711633127154208	0.3060140744860957	2.547196662646012	4.926889243294194
0.3027053667570668	17.28772479295577	10.13902459775311	0.41810097661965506	2.865901792713167	3.0691371594217767
0.20036772478227807	17.07205089143934	7.912142579065974	0.4002301035635761	3.449258027066937	1.585338006720435
0.29113871337047087	21.529213577446324	7.336645224227362	0.48707892160547395	1.3452114864954583	2.1359814510371637
0.4290553572332018	22.92567000164013	7.3986013593144495	0.49932479646345806	0.9381937987388057	3.1744095492467137
0.4107014604358952	28.703214218179863	9.215015758066096	0.49885022366556514	1.5024403824565484	3.784620429777534
0.38038003608909104	39.76849757751482	13.111797794512364	0.4599407110940725	3.5198928918603007	4.987466118269477
0.3367148238999177	36.26629160712689	13.638784180797995	0.4777558052642625	3.097597140258369	4.59238081364638
0.2833955814327433	37.385141121899245	12.843147869401323	0.44862398845134255	4.417159133421479	3.639691357875686
0.30847600215641047	38.11427847195576	13.06655447211113	0.42912727993972294	4.795237606773114	4.030718485515808
0.32385079864329147	38.31037819826106	12.544603789592594	0.42299215042400146	4.940958493861174	4.062579955923223
0.30280797790084185	38.11228278517535	12.638935590143824	0.41278694228268814	4.609381380270435	3.8271705288704343
0.25960424953473726	31.725259162895995	10.314659423068612	0.46318989994196513	4.697051397258124	2.677729418732133
0.25635150553394154	29.715800074763916	12.552113148944242	0.4178400058885792	3.9415428758753577	3.2177531033642404
0.23330050351752615	34.31260252713315	12.839541740813223	0.4618162444026511	4.633929276406253	2.995471553066019
0.2650888921360921	37.711443109956406	11.669683819516102	0.48060712439097014	3.259508744727549	3.0935035552940033
0.31748161311357254	36.83985210105696	11.074316488410515	0.49169280348818595	2.3162495349398835	3.5158918628708045
0.22102876581153327	13.935881134461585	11.919587230700277	0.4941016608518867	1.0374415388808207	2.634571654584594
0.3102388896682258	15.262906161478432	11.46725784010859	0.4179417111968724	0.8381615078412141	3.557589339854547
0.40273793810467423	26.796185314900512	11.660536700179836	0.4282241244355824	4.772767783407963	4.6961405078243095
0.48771819829047774	24.491535331577253	13.33065033927532	0.4576205564372716	2.9561698261218847	6.5016007655117045
0.42899030170287566	27.458256488992895	11.056289952835808	0.4432350920637576	4.531515292252552	4.743041162581506
0.45331545345567975	25.808188381201177	10.809727949933368	0.42987077931050016	4.867104589930872	4.90021672735658
0.457439060106917	28.051549443302697	10.272039751000023	0.43511995949461646	4.735590147294202	4.69883220907834
0.42737434363091775	22.036171893444372	10.04199897246411	0.4396892415194219	4.660957115529082	4.2916927195992
0.4570510341063552	23.924415511062303	9.537333282454707	0.4345599133460936	3.1432499411230888	4.359048039362883
0.49567467073642735	23.751962668670988	11.94001677227336	0.4254887601341998	1.6277698384358927	5.918363882184018
0.35472166383802484	22.59446967783751	11.988683801393899	0.38368716930097047	1.7400569427034351	4.252645865258421
0.4317812793276952	17.541588235005946	12.881440002796694	0.40418912954729685	1.2748577637508067	5.561964643990507
0.3873639037159512	14.508054913690644	13.395826819466704	0.4862583890791111	3.367173160845276	5.189059770291457
0.44132422799510573	20.901158990427444	10.9242671649719	0.4517783400203128	3.5449859421780947	4.821143772993506
0.3435746294257618	18.598002705932632	9.893294093308556	0.4106449566607087	3.5114614256393053	3.3990848519085652
0.3699553287146652	18.721980418536504	11.000384131207396	0.43531062951010224	3.627684198465888	4.069650727248419
0.13437409922039553	28.102092701822848	10.331033972186939	0.3909174440520812	4.724083119023672	1.3882233840279248
0.12149647402550243	19.62848039370616	8.760637318997134	0.3649630129353476	2.683826765529984	1.0643865444743825
0.1257006394250161	16.98726714438616	9.919987992871603	0.3592912021030006	2.2787857313355198	1.2469488337924426
0.15974962932489223	18.331306234391672	11.120277993550404	0.42293644921948953	0.7120021224069337	1.7764602874594333
0.2617307789578367	20.46593857453192	11.551249063512312	0.32705752695566187	2.3746806780273215	3.023317415329059
0.21300056450529953	13.560185364861304	12.218814422686725	0.34342769857972644	4.180432971785619	2.602614369617768
0.19658862837615257	15.310512689793123	10.657109086677998	0.33411786020601164	3.1075462458239573	2.0950664578050597
0.18484786083355811	12.580919129072408	13.565999901814543	0.34300350664167645	0.8854859508556817	2.5076460619186776
0.3087647558687396	20.53327220886625	12.123651290698245	0.46609378827446946	3.9893674930120153	3.743356231010173
0.28266958223607763	24.749220083614812	10.240381142979675	0.3856357170901637	4.288471334343287	2.894644259624272
0.25392565053495486	21.481182189438407	10.290079798778864	0.4842188376367801	3.2573429488856758	2.6129152069615205
0.24966947808545256	14.784726059568843	10.56294343072214	0.46394657702978304	3.4806960107284537	2.637244573394556
0.4176851801205609	27.318090056008863	10.512806930005109	0.44562025592156546	4.839108879522088	4.391043656131864
0.47000576330620103	27.005045469359224	10.37133093158731	0.43032501574447546	4.574383226991106	4.874585311001907
0.4611653007591317	24.301943681916704	9.819349145795137	0.44371662075038326	4.398783908762987	4.528343102079537
0.43855652450853433	25.65786170064368	10.04676935157625	0.4479746127483804	4.6377498197201446	4.406076249366142
0.4517173204489613	28.26002836697845	10.800599248467586	0.34499353290780765	1.5643738907824867	4.878817751760843
0.2946464862548136	25.548881188244696	9.411246707273996	0.3341276465512183	3.3005628508254206	2.7729907735754673
0.35373273149025103	24.98117470016049	9.642976484815794	0.31636347607039006	3.765375709614813	3.4110364116701497
0.453975033986564	25.929305081243157	11.02129913984967	0.3646861435644065	4.028398748560591	5.003394651589343
0.48490678395537135	30.306972450511395	11.355115331138832	0.444997694560218	2.2454099895441924	5.506172456664863
0.25108163355078994	18.92919261363003	8.659147324697985	0.4719388208752479	2.0303216594989215	2.1741528554421223
0.3103046206667052	15.53369348655858	7.135071953558888	0.48739917026654145	2.9632783033704326	2.214045795978738
0.3730620720613625	16.556863713996233	7.82611422125337	0.4791439027418448	3.496047822870016	2.9196263875696786
0.4403711373314601	13.96484790941202	10.012854127935507	0.49674870004439914	1.7389268062491758	4.409371960252964
0.23595701650289017	13.644167491110807	11.014283320053147	0.32922353028338364	2.5535706032204355	2.5988974311172885
0.41851562048570634	17.28494594214599	12.319711592700592	0.3765372429860124	0.5486768598531024	5.155991741424038
0.47224157828911006	17.072923607858442	13.787229660573546	0.4649060577945672	0.6087660582057013	6.510903095143683
0.417331510369313	19.319966679630692	13.031612885755782	0.4259577674024335	0.5933391249152925	5.438502688160662
0.49102510865618176	21.6694824628574	12.991092919475836	0.4241684240671112	0.7103477081113844	6.378952812348176
0.47034522251801286	23.24454772795358	12.959474809829532	0.421005259780224	0.780780263466282	6.095427063145854
0.36379536348237784	22.374358124237336	10.463974419020476	0.35729201718485104	1.9043806419060196	3.806745377237857
0.2105444280860476	24.864624514173048	9.64310343181028	0.39610915318680257	1.492654124793504	2.030301697025098
0.17787777643244143	23.881533203582155	9.482136610430084	0.3393492122902776	4.146990453785831	1.6866613760919504
0.15361564802474753	20.496289270124187	11.147198589217371	0.45570493877242974	1.8816562215436512	1.7123841349431779
0.22055225732937853	18.194304731703408	11.12589424839548	0.3932463607260212	2.8858840422663543	2.4538410912915727
0.2764517449730867	19.18124326862093	12.949094204624087	0.391470232106412	3.117668041451529	3.579799688689213
0.24147491967953383	19.386541048709933	11.478928163550155	0.33598774570124174	1.4836560538952128	2.7718732563004123
0.16696582658354645	17.14728878738603	7.818124237132083	0.3892962800265364	1.6641492778104436	1.3053595755856167
0.20768404329986903	21.598608269972377	8.65803349038823	0.43854055755679205	1.7968685517672844	1.7981354023095053
0.2663789925486964	16.32002475852494	9.264942118306022	0.4813025650687208	2.4516387482679924	2.4679859474963433
0.382700272304736	23.35910820650489	9.129191464541504	0.46593699324478943	2.953814152193893	3.4937440594021054
0.2454607284752002	20.67055480500929	7.705466950477095	0.4619263191957512	4.337174579960477	1.8913895309056872
0.3074783380825868	24.653822241532083	7.317550396578506	0.4515441355022912	2.866618681011632	2.249988234775533
0.2853974698721304	24.246945286778647	7.1366155827716975	0.4252075968032968	2.9973139160920828	2.036772030773062
0.28439579282070104	18.63594444486536	7.401328206753317	0.4362692475343788	4.842736627280278	2.1049066032858272
0.28846175680584824	18.90161308275733	7.663098037850816	0.46285009040833675	4.586530176994064	2.2105107225738947
0.29398713066074667	23.924566465429745	10.027664322846023	0.3749695407159575	4.739400212933663	2.9480042615026414
0.18882370673890783	28.75433826939874	8.51517477331585	0.3442600195767545	2.407801566747489	1.607866864227138
0.2873767329495284	17.55515260452105	9.013181486290291	0.37631532467576984	4.05940587079299	2.590178649011279
0.2382605471577996	20.27041185736012	10.158256888712335	0.3322882520105165	4.078088747101952	2.420311844474088
0.1738152077732082	20.836114872931294	11.483516625371623	0.41198029356638965	2.2122896680266604	1.9960098282060592
0.25572722496934963	22.83062622254963	11.846521017817231	0.3263976752477528	3.015732565861585	3.029477945427476
0.19057898516374389	23.9103708323686	13.569836391236983	0.3060174675756338	2.53013780837017	2.586125648279985
0.2131022032157868	24.107405592241708	13.455157916269892	0.3044807547850584	1.9946963852892048	2.867323796573449
0.19752123578634675	25.521210678778328	13.318478572234614	0.30858098729287287	1.140734542268448	2.63068234638176
0.18593375151817904	15.097841472518159	13.61254967958148	0.3114207228512792	0.5576966849946269	2.5310324296521705
0.16419338297877295	13.760512768085512	13.588760396922655	0.3063764313797787	0.5544931711727363	2.2311845400587043
0.16574704274271235	13.426360601186795	12.959245329342608	0.3085649779657525	0.5576425145848789	2.1479565895158443
0.20018289148735305	13.996698927008797	13.734995294978875	0.3478986635319926	0.5199951052786361	2.7495110727140606
0.19631211507084664	13.670226067424103	13.830430912997484	0.34544112109556985	0.5479481827505384	2.7150811448717564
0.1960678292895821	14.614644093760653	13.871083980300735	0.3153710903585896	0.6505592887978153	2.7196733259110615
0.1888439045834856	14.77304711818922	13.660132688768089	0.3133086318151243	0.7026652426632093	2.5796327940754735
0.2489407299094416	9.993946414509375	9.324856000071977	0.32782372809899185	0.6959576707842545	2.321336458958354
0.2550528713095938	12.64521453311073	8.198319323569505	0.31556702950338084	1.6735823514547588	2.091004883389329
0.36158307337822915	27.611711311017224	11.940589949258884	0.36201067464874864	1.9076107470620527	4.31751521180222
0.41592631900314736	14.990705223280983	8.168032043003558	0.4377367797272759	1.1894168668573395	3.3972995011462275
0.35421386449764836	21.115478317610748	8.074014703017205	0.4145163983280424	3.606553489898941	2.859927949966557
0.4167215279411075	28.49818983623449	12.284828251777059	0.34239142724458205	4.4070791432034415	5.119352399574621
0.4497319106413973	29.025149232790437	11.785538347912569	0.32050076947768913	4.804039587136031	5.3003326791441765
0.46423480035444753	27.060041590089526	13.014391871220568	0.3532402654713019	4.416240924694463	6.041733612070625
0.4685512484903018	27.90264668596204	12.5880000654592	0.3503873780963046	4.773218393891224	5.898123146666909
0.40179224294107463	25.179556549556445	12.928536906349136	0.3331997406118772	2.311265993890213	5.194585841548482
0.27839550565402654	17.04218118102521	9.406465582242866	0.332828531767794	3.092442197066922	2.6187177421856997
0.283443091744272	27.703580509015328	13.430743130099897	0.3386390372904302	1.8181435310112912	3.806851357218656
0.33411194167340924	12.610534906164448	10.054962358410698	0.471248014259616	1.8239012710872629	3.3594829970216407
0.365611373393736	30.312106261332424	8.133366663955593	0.31111518557510126	2.931971351918155	2.9736513563236335
0.3395461919524932	25.12792867954164	9.167860964338848	0.3080690666392348	3.458191025866212	3.112912278791168
0.4009395059265762	16.983718511125076	8.30832350617455	0.34001791728836184	1.3628181686906655	3.3311351216437837
0.1947409565456372	13.898453374452528	10.190808917848322	0.3747651579347529	0.8653640554533659	1.984567876635592
0.19748275737358745	20.423788661825764	7.557793103684775	0.498779177807872	1.7171695591572185	1.4925338217747528
0.16555896251122668	19.49862547999829	7.2265918672790095	0.49406042214071566	1.3286866758822575	1.1964270520387812
0.20884100557442736	25.16030496910011	8.46393632973381	0.3826585681127668	4.096899770558728	1.767616974219537
0.2617147830354889	26.101830041832407	9.725838305276689	0.39159299104020295	3.7317627582496407	2.5453956619037355
0.4879655996509797	20.92810775536668	10.171334745380532	0.4261764313199944	3.9875996872024433	4.963261458280456
0.2922023635543778	25.470211385053172	10.146862798543376	0.3407281784892377	2.9159509058836592	2.9649372923963626
0.3460156669041604	29.755345475536515	11.987216135819178	0.34087773374722014	2.21744826110346	4.147764585559786
0.23480140770787167	28.35491855265624	9.096795477370208	0.3766918048090045	4.305821746158355	2.1359403837171254
0.2139293894579646	30.261073446693167	9.531886783879216	0.35614803156972497	4.0237796832259045	2.0391507200577226
0.1770035524632696	18.882610964833702	7.285655527862349	0.43110648804723767	2.457605046463444	1.2895869104552935
0.4150718122150861	21.85369625865778	7.3751948592740035	0.4532902873155683	2.894077923520091	3.0612354956782477
0.340076359231534	22.560575413598453	7.754608089383187	0.4733491432703273	1.5281199020106184	2.6371588863048365
0.27821993319257765	20.75066700533093	8.667935649207118	0.3942245180106718	2.9364384386688047	2.411592477239967
0.2837929361250996	23.6501816248128	11.245337947148936	0.32271530686137806	3.551005591703196	3.1913474737403966
0.299479347463591	17.55745360498285	11.313280238309051	0.37956675708870097	2.0643029142712326	3.388093783441534
0.3765202497933738	19.515225348542227	12.972658639064573	0.41864275250971206	1.3697410931816596	4.884468671264761
0.16249276854508932	30.93385240088066	10.455941011325516	0.3916802593095231	3.53179961191526	1.699014802674424
0.14220997955907003	28.78916912507323	9.43311457611292	0.45037836521060653	4.652432968294425	1.341483031047384
0.11581342533870025	30.97033407350299	10.41979509548773	0.38042582553041326	4.435500325860334	1.2067521613358232
0.1437099574953447	26.260606247375616	9.649132397787021	0.3852086051106855	4.390889490874563	1.3866764067529262
0.14538516292305456	31.502538082050087	10.42236311253156	0.3513461635389384	4.243884702791126	1.515256959158635
0.27606410236005724	22.936393007634702	8.898681202193458	0.40317400453010616	3.970929392809449	2.456606438271852
0.18480477495088457	26.379100869535414	9.034020450808065	0.364934349821073	3.661624454456472	1.6695301163132732
0.2787168995021278	24.407528789341267	10.763035199698594	0.43972487709722874	1.1593591431524108	2.999839800092257
0.4407318813838874	27.851323380497696	12.09775519964104	0.4875271639039584	0.8442184420219584	5.3318664096595025
0.4990941383037215	26.116688164467373	10.745400981124936	0.3365534365304528	1.7204963423680375	5.362966643402514
0.4608858805195328	32.17701240940659	12.508809371898929	0.3261605508675331	2.9894509929164235	5.765133621618622
0.376735723802468	28.41952640528986	13.909022411978173	0.3589446179463098	2.890672635964131	5.240025625761346
0.4875531351041592	29.90476626520081	13.333347639880044	0.3946639908663578	2.7164277393524214	6.500715443257158
0.4779226245618615	24.4785222524006	9.955354473289795	0.38417196154010536	4.715141075362318	4.757889138318327
0.4834543567529183	22.01821502591466	9.772134347701426	0.40529449692520386	3.374937931581427	4.724380925171092
0.44650074737010415	22.882256016921115	9.71413112768932	0.4163870857842612	3.0155820956829884	4.337366808564474
0.4190309407945124	20.438721686223268	10.15645950608492	0.46855833912771194	2.605708565192688	4.2558707819761326
0.272784367152378	21.713000757003147	10.124683742418153	0.388755592487639	3.23283592722024	2.7618554472935064
0.2875769357045517	25.740598625498496	11.33630712968362	0.41733790240213187	3.802087371907924	3.260060466560077
0.1875615269557924	21.307342984115003	13.121225021933276	0.4695853927202005	4.22340576425928	2.461037000644356
0.1414702264081447	16.05623856117726	9.073760247499795	0.462128233520511	1.0455565639918931	1.283666916587019
0.2632836807273128	18.969864116365656	8.401951294693653	0.42350874120728754	0.9714293615429802	2.212096662158556
0.3821830951088512	18.636074735559845	9.140095885695725	0.47607026492531535	1.0275505563470744	3.4931901351868686
0.4245576617678964	20.95318532881133	7.259959415931771	0.4677894921187676	1.959561308642128	3.0822713941578153
0.43536643734181296	16.402341337572864	7.963316689325952	0.45367387150833977	1.3114656123262285	3.4669608164564405
0.4519247425546996	23.212845336786973	7.147454072670724	0.33042942731758107	2.6952966808616163	3.2301113417132563
0.2585837483964139	25.966412460663115	9.530102584463528	0.3701063154236006	3.9694972826938657	2.4643296488929307
0.3099141811967181	21.137547040504305	11.694934548489956	0.40472899132651624	2.334545272243304	3.624426064744475
0.4334025946091919	14.768962929721708	7.562877281022435	0.3499224099643955	3.9322852416660616	3.277770636306034
0.32424670009823253	17.806023801937343	9.226994602019303	0.38186846191909	2.157642847306176	2.9918225515289634
0.2772093466776424	22.192293384570497	8.774893535271914	0.3051475164820566	1.272748789375057	2.432482504078595
0.4974889987320569	22.725141844225032	10.660089163883274	0.314943598480869	0.8080059290897184	5.30327708453474
0.3615767715909805	20.40845329906076	13.495799023813763	0.3010555363512134	2.8866800818282408	4.879767441071286
0.29288909159263127	19.509951377057472	12.7958122963631	0.3007867646490932	3.5851054276845646	3.747753839671609
0.389296228910148	20.804383529246888	12.924801258563104	0.30106833815919615	3.1164964534931463	5.031576389371751
0.44524592462097734	17.486710925358796	12.698027091255971	0.3248998515555848	0.6249753574821902	5.653744813108484
0.4435039248713249	18.140645391568054	13.80077679290456	0.31975445266067287	0.6496119112873293	6.1206986739262685
0.41152490854556567	23.174798780982567	13.20798113608276	0.3397251607174214	0.627650169451948	5.435413229098014
0.3463927219638148	23.562423510348907	12.316128008396372	0.3087069899021436	1.13040686566334	4.266217104883197
0.17107648387549285	20.842669480244215	10.613179055362147	0.307087879765816	1.9106188752334337	1.8156653555323807
0.14670349314534703	16.138936821415378	9.678264855822048	0.32133287851335984	2.733854912775132	1.419835261934943
0.12444453799577881	14.878193379795713	9.612058047208382	0.34418782368880046	4.841842496315824	1.196168122873455
0.11304506125911852	16.52776758054264	10.0510860458258	0.35543423373013494	4.2038495466631005	1.136225637771049
0.11527121963517883	16.580695201447774	11.450593769869219	0.39402282011687506	4.793956905188881	1.3199239093998052
0.10348150332128749	18.088886460032395	10.902878427726439	0.3902488902163495	4.641878999869308	1.1282462502303672
0.19030545257991904	14.236099927349324	11.054790764758327	0.45512131520227334	1.5529712247373435	2.1037869596636427
0.30150014304742323	18.023984879357208	12.600132145622451	0.3817165291778504	0.5892699070181716	3.798941644321605
0.22661557539494148	14.603197150275824	10.596339252548123	0.3929664433641953	0.6224086030642687	2.401295516796197
0.32782474028390546	25.003843230532006	9.554785921792176	0.4973662436857377	0.7980281695626796	3.132295213279836
0.29050271873235634	39.265635943028926	12.39176663551407	0.44666265699767105	1.4521780868373944	3.5998418975137416
0.34360980766054466	34.80675949873457	11.069695594681468	0.493455509110193	1.7962356113595295	3.8036559741492777
0.2889699392898356	14.10780956011721	10.558983409581511	0.48177845512959366	2.550356539239768	3.0512287948291505
0.28438323713344427	18.49433859331079	8.899997275340489	0.45709375838607186	2.211533456464015	2.531010035640162
0.1697921500531857	29.564932836090264	8.88052940394095	0.3684728893910276	2.272534650882605	1.5078441811056695
0.1036409480080888	23.631495338117407	8.129739757236313	0.44265752626413457	1.260381603420319	0.8425739354990213
0.12574053832975876	23.092371169368302	8.437047130757401	0.47275079718830954	0.5421185164440241	1.0608788481349822
0.18835819856223107	25.046709608054424	13.69802333705663	0.36835673954964393	1.0084410492424791	2.580134999631388
0.20002296327428143	23.87591422889864	11.709697584533329	0.3443486928916685	1.4772337013160235	2.342208409904052
0.16508670391812436	13.5558356110011	9.15488231804424	0.47773198110779935	2.9159028092414707	1.5113493466442416
0.1775912893511576	16.4172675788622	9.879085291852002	0.43107667955991685	4.950076972521921	1.754439494590054
0.2351954685798152	19.0750746503864	8.545968976140237	0.36711860941935526	4.656744087373817	2.0099731778118666
0.2599855761474631	20.75553524812843	7.846359147245766	0.36070106192663515	4.190152109158576	2.0399402035566077
0.3127166887925922	15.505572922549684	7.515697923457363	0.3147443008379433	1.294646189605838	2.3502841685889475
0.33556645705979626	15.061713745215052	7.563141092426801	0.3936070003704452	0.7930115559306968	2.5379364606290187
0.18117161307090504	15.226496282164497	11.12847238928929	0.30842792843686817	2.7099411028776683	2.016163293782569
0.23511210350479755	18.11607047471241	11.379440014677972	0.32143712910010885	1.2692662723169956	2.6754440785576024
0.33908092944242163	17.137135141275614	7.923205383310288	0.3610211619278836	2.4696169516067767	2.686607845536051
0.4087304909342303	22.54141327162084	8.469564544990506	0.3793355545089071	4.947963701126779	3.4617692744731206
0.3497621086254869	19.49983845928629	9.878504122417251	0.46501781813204635	2.3208516849839964	3.455126431922223
0.4124889130426747	23.444511270378506	9.510393822287977	0.4596987360355578	3.963568432319741	3.9229320103633363
0.28898882693158406	24.167451263165844	9.076000089020145	0.4729940064691776	4.008313300967374	2.622862618956884
0.3592688197081289	23.44592912663544	10.588109809087168	0.48780276394361366	0.9371717092659726	3.803977714050809
0.13232748639603467	17.269853544847056	12.345111898095755	0.34860758753554866	3.917307479669053	1.6335976267527919
0.21224953036641112	19.852242597230656	8.706845647847617	0.4421055415339824	2.1242919495358383	1.8480238997284872
0.2619761860797708	16.20576810633643	8.449269098669449	0.3413969108948481	3.5579702113135565	2.2135072936310847
0.2785022869931269	16.5936991753411	8.576448261388872	0.3309124511497616	4.6167359741392096	2.388560455075028
0.26616705962229337	16.380676011689886	8.634262497428262	0.328642592968723	4.630591220034341	2.2981562609475197
0.3437272824213848	16.64810208342732	13.199994255065375	0.3791488957542447	3.159286659676876	4.537198153271513
0.4231913400703756	22.46800341346453	9.816419920451926	0.41205349910531286	1.3369775671709394	4.154223900829581
0.47132350969273934	25.60375277287367	8.867912596190937	0.3673106314717463	2.378737013494931	4.179655688485164
0.3610885195055146	25.010393569239657	10.03808221906306	0.40947594783423263	2.0184106337953125	3.6246362471561113
0.3688439623893285	24.804926965265633	11.065535731684498	0.3218950011172144	4.938893618042712	4.081456045235208
0.3694961045015008	22.588563025014015	11.56756076897472	0.3313045691310415	3.0816129989727936	4.274168642720544
0.46721787455334024	25.73387932576629	11.248289591334663	0.3239966415403288	2.2000834588189795	5.255401955223841
0.2362447983427289	21.8662371792486	10.62922023132674	0.3619923492383928	1.5672141447986307	2.51109799009024
0.3128335507603954	25.50626047067629	11.660775491305694	0.34781380441068166	0.5328598648690052	3.6478818015649543
0.1693536380851809	25.623634814130025	11.32771949657202	0.35964564870682747	0.6040183444678326	1.918390507952905
0.21469192749022048	16.889911160835354	7.409397430875742	0.3782093537565769	1.4299090314438077	1.5907378159758008
0.31942446896521903	21.125499456281204	7.057896162530003	0.39668158992074926	0.6613770403238692	2.2544647337278034
0.21214825064951387	18.43733589764636	9.139051972398388	0.33179403582898936	2.075607619090501	1.9388338885393073
0.12787645423997132	19.585316524235058	7.279929912004015	0.3180804943810712	4.677159506582532	0.9309316242625798
0.1321470667841026	20.363907015221496	7.659605217362528	0.31229375798136727	4.957099785910397	1.0121943621986667
0.16277278427528108	18.648091486040517	7.576098537458098	0.318445819938126	1.944386925713248	1.2331826528859393
0.16142995831953022	19.712265059772612	7.548189897984397	0.4659943192048638	1.137640145288536	1.2185039806195201
0.12248514072140324	16.240646189438053	8.156962882865491	0.47499622112445006	1.508408154862036	0.9991067465670427
0.17477432751092695	15.545704928549064	11.928871649262502	0.45839198094206735	2.6868519760702707	2.084860520464016
0.2453054449751521	19.660986135374152	10.043834638597128	0.39878746056341136	2.887019201917805	2.4638073252779145
0.34610980034859207	21.599219805744895	10.922414857837156	0.36334212322877746	3.941042286272024	3.7803548257705137
0.1534684540827191	17.48576617508176	9.296227711651712	0.4038904771808894	4.1749346850668125	1.4266776957081218
0.21453858849422056	20.27064122449085	9.194546647827009	0.41947123409829734	4.685225335752392	1.9725850596690737
0.1898073246438269	17.609984392739165	10.385657323499055	0.45177206304188894	4.686382059413285	1.9712738312409237
0.2267252125121536	19.53037199334028	9.508243514326766	0.470300426789951	3.933428267522944	2.1557585314030425
0.2331322665606572	19.63613673986229	10.017623151822644	0.4535810993928436	3.0340675660561094	2.3354311909349272
0.2022524534593033	26.65249962353389	10.565497204084714	0.34559745301553607	3.941613657294808	2.1368977315435425
0.19336199139243607	25.077187348240855	11.57517730197692	0.376097040049251	3.5890521930429458	2.2381993338307824
0.3561806934194498	20.4376248741386	8.576769312099087	0.49988651999518097	2.3001684974019567	3.05487964088211
0.3477216514500957	20.724964836332795	8.76933702727127	0.4997943753942935	3.003866111038327	3.049288353245239
0.34023896177996765	20.133744081123464	9.52183507527514	0.49960303760414937	3.642729226429123	3.2396992802516937
0.3097154792241528	22.698167361229448	10.575995803241636	0.4996256944166794	3.65506635794064	3.275549608473612
0.35576781723169726	31.399686766747156	11.253933376687598	0.4990747660729759	2.5262399821503925	4.003787312695091
0.45115780018698737	28.989049177413143	11.702213375549295	0.48862403231594154	1.2286045679572577	5.27954484383156
0.42105914755144846	26.796891762863925	9.946302384047074	0.3446681350336628	0.8606114426461348	4.187981603115801
0.428809827794681	26.385895183388772	11.836900545564575	0.4177835827047589	1.9391257108297553	5.075779284566311
0.2709696845272449	13.732207354319636	9.66465273688423	0.3749199223809436	3.5086914225897594	2.618827903178894
0.33046049920370996	21.77117624143905	9.250762660746041	0.3631933829269184	2.3687432262299257	3.0570116468851767
0.37010659456447376	17.157994345930213	7.293488030626334	0.44099663919166393	0.8701158583759463	2.699368017511863
0.4552393123080593	21.314533254042914	10.59462168813632	0.36773304128442064	0.537732962076272	4.823088291471229
0.11127920745498437	15.586746096202091	7.764269933023677	0.3403348098188024	2.2992099471478142	0.8640018046134393
0.2245772744958323	15.02505343017476	7.560870478196498	0.37390125609004293	2.404889809456624	1.69799968480937
0.2084266663830068	19.681461829020893	7.493276041272134	0.3297907606761338	3.2092906971783126	1.561798545570005
0.20983390848836145	19.03720386409524	9.835323557297063	0.4650500135768233	2.637747589765923	2.0637843832752973
0.34875980329894113	15.530681829432586	10.819850915980956	0.44739463556060366	1.3470132443280662	3.773529077181386
0.2196571681088836	18.031074742371032	10.750496835774776	0.3579450430098918	3.3394066120476444	2.361423690709801
0.1754020269528906	17.725860853822066	13.643664168737097	0.40728217453310583	2.5872124825855525	2.393126350261012
0.3240929985713455	20.809490592799552	13.993807105600448	0.3198431522335095	3.2204718787338575	4.535294906283051
0.3204372383851835	20.17881386289049	13.932405891488552	0.3230199702601306	3.2184784828291444	4.464461667930053
0.3535845968727129	21.39258580823368	13.703791365903449	0.31862668847801207	3.224954093840141	4.845449545740734
0.44170658327776097	18.318341866812876	11.312283804230624	0.3351075891658721	1.444644451411636	4.996710228235061
0.3015185953542063	18.406673435592648	12.94243786237462	0.3590391380393729	2.801315509675672	3.9023856847222915
0.35832514101786384	19.284363188609714	12.043690605823528	0.4455242555070892	4.441267324562537	4.3155571347072375
0.4322740300839084	22.551240067403207	9.99333361528738	0.43441386517925606	3.89019480829103	4.31985859585327
0.4259807234369311	23.10599185431828	11.55180322520654	0.3421432283327576	3.3879465719827926	4.9208454948745555
0.3102804645865413	34.348180398395435	11.226981256452678	0.4527295273990328	3.6774132601778007	3.4835129601565282
0.30716967049123234	26.776523946820983	12.071940820452493	0.4907415001307781	1.9427368852495477	3.7081340840080492
0.3213426640660975	17.483088818269245	7.2890916756665005	0.3658693261940514	4.226870692680676	2.342296137680688
0.2431722913591412	17.137116336849957	7.344523629655622	0.3754956062546027	4.9451907741452334	1.7859846399647143
0.3104134489211534	21.979848417508997	8.432131912857004	0.46071914762169847	1.2181895064530928	2.6174471488280653
0.4834513101979352	26.04933131067465	8.140480214778492	0.41379109345234494	0.8203220167269326	3.9355258254750307
0.29565890384979665	32.12850341309063	7.7292930604002335	0.36476229684071726	2.2110300922604536	2.285234313771773
0.40581757703412424	31.213790349309768	7.967460766981112	0.3742026483702285	2.228975879293728	3.2333356235707202
0.4319491682807822	37.32061956814493	7.353648657879707	0.35635308608208766	1.1154521493089211	3.17640242160023
0.44626260417999214	36.25319551528558	7.959708351040936	0.3482105466604575	1.03926067214114	3.552120177248759
0.43242745240470154	28.372047331088503	7.012110829710553	0.35624191314866094	0.783498854251994	3.0322292220711526
0.4253645466009746	28.497607304934142	7.018465405897475	0.347774344712712	0.8706782429275988	2.9854063552142045
0.40809275155345226	26.751223727903582	8.104846725898673	0.3182161173300628	0.5850285965161426	3.3075292012909783
0.3798016509669212	18.230949421655286	11.6537410788879	0.3764532891690904	2.4975268161126016	4.426110101702654
0.2891454422583768	23.88853114715484	12.360708168730536	0.3652753921289728	2.4653788374017718	3.5740424300743214
0.21292089373012357	18.12345618295404	10.387548780705048	0.4382891377488015	3.738131679471844	2.211726170052974
0.3179347522822935	17.27240867738995	10.621613858169862	0.33679891088940406	4.885973898324351	3.376980170835411
0.3222728141720429	17.684309821383245	10.842898668159238	0.3317778796172015	4.6723322648383965	3.4943714675699735
0.3243156867681889	18.66722265032671	10.001615984805497	0.3131245235094737	4.84545405687979	3.2436809569038907
0.2772871860812886	18.677680269961886	10.726656402301712	0.31051987098757544	4.828563275997641	2.974364369855081
0.36927970215029415	15.20907388623844	12.466517736455453	0.346971430346971	2.0341099547436468	4.603631956569629
0.29984865412476985	15.224200997592908	9.582120740253794	0.3235679690445946	3.915857758551092	2.8731860076261437
0.2762387230294271	18.970668145817903	13.059605981734544	0.44553338541017734	2.944668429846892	3.6075688796618177
0.23623682441941377	21.31962561450455	13.114959747372076	0.37752487052717326	2.6740843204861213	3.0982364431076164
0.27265422570012166	21.467435689779087	13.445312331412556	0.4181838577253199	2.695344338859979	3.665921223017588
0.1870765652783511	27.91223996700433	13.279463325926775	0.3051493931220765	4.172900058559756	2.4842763877542096
0.243399692657498	30.018341026496028	11.61290226097501	0.3041170715905713	4.834794628802218	2.8265768411828813
0.47667164136988255	36.63222438055991	11.755230114699415	0.30863589235019034	3.8572545794328392	5.603384833454443
0.21472309311112037	23.934432724849295	8.685246341390691	0.3650947593898776	1.5850101647906611	1.8649229588554508
0.3088239203775861	17.93438071647587	8.224051187506825	0.40843422246600714	0.7251314170942008	2.5397837291118
0.39111677662644534	18.17939407030483	9.46725313981029	0.3766714650518999	1.2581664142520383	3.702801531549195
0.3634953580793844	26.284264356658177	12.099971195124128	0.3629754395316219	1.9190148674294027	4.398283362321882
0.21642842344802593	26.87926636476472	12.931543622230812	0.377681500280348	1.0711727075518491	2.7987535989087893
0.23652005352753708	21.88043103666556	9.74782795106935	0.48618555576762934	1.7400801445763543	2.305556788764145
0.22469025998510023	15.39486300669028	12.455847356160408	0.37119288596816047	0.8589994784789469	2.7987075807904054
0.22311659442416892	16.579270804154536	11.901232495729571	0.4157161794624412	1.3898035964586608	2.6553624638974345
0.401992306614232	15.969732327227806	12.674479706926778	0.3780842033802208	0.8337545236199286	5.095043332522771
0.24626343375060783	22.696872906309206	10.683448192448322	0.32222010848367844	1.1098269677766186	2.630942636169048
0.33611684066290526	16.32075274456157	9.531006088550404	0.4497604708873743	0.9537304181825085	3.203531654822476
0.3375539721335844	19.68650031427552	8.4489288804484	0.426630391454051	1.1837911632898155	2.851969503869516
0.36411360725077296	28.24141078762017	9.390895990321766	0.33883705600306024	1.9621487314200987	3.419353014352878
0.29558874880928965	20.12862282519449	8.877498965321257	0.3886639459635124	3.611410844833928	2.624088811715074
0.275914878349904	19.8867797779811	8.268242743017895	0.4155671521691553	3.837809036186083	2.281331190607259
0.1895698655164164	14.06017171071944	8.241314543136076	0.34550766590522786	3.881543444573696	1.5623048896207927
0.21964013185377887	17.109145717026784	11.93079693244766	0.42365801235868605	3.6895289131234232	2.6204818113634643
0.3884393728801168	16.92982675368324	7.172315027901261	0.3798049466648508	2.1237855752399994	2.7860095515366035
0.1913454405954456	26.055366566768846	8.689671715836479	0.4388943571837343	1.8760220530545308	1.6627290630965126
0.3314379159265305	20.200881576531263	8.151889081671172	0.3909922511327056	3.9158332154894486	2.7018451280933315
0.28652156366044046	17.506700110063388	8.045825890543314	0.4062150879164901	4.851641474223785	2.3053026150981264
0.29157234758879	17.601064361509888	7.9266330397430975	0.415539800597468	4.938675712927014	2.3111870038727615
0.2881664822515612	17.468215086612393	7.488347021786136	0.4194023764957557	4.037645398997359	2.1578906191470657
0.3688897838341712	19.852748059150287	7.131404381846437	0.32672720069433203	4.830896001014168	2.6307022208533937
0.37591809249005087	19.305903650494784	7.018331717042967	0.33262686685976894	4.466326203861721	2.6383178715332156
0.29877447131304297	19.343576871972456	9.547979222153442	0.4237944496001516	3.344557403759091	2.852692444206814
0.399255772192302	24.133711867457727	10.84983112701814	0.413961613967149	2.980091486029339	4.331857704773702
0.19363592476913688	17.8733352630714	10.698148265166616	0.46693086584479127	2.5157977554499023	2.071545832642875
0.20977960140959256	20.742716282756763	13.607279379080016	0.3739795491544024	3.250822177125219	2.854529644412374
0.31023065738074646	34.36225235268315	10.613470972167907	0.49213535307980993	1.7813507628718495	3.2926240767871198
0.2534881808365506	25.70786616507293	10.357203479811172	0.49505980698425656	1.9080200698214325	2.6254286686513257
0.3618173758652677	21.509139499603368	7.417777234099201	0.4782624073788199	3.532582929959015	2.6838806935948964
0.29658709853302645	19.38485744051813	7.587796135451539	0.3120602881942855	1.8674914026342393	2.250442440073683
0.3126130344204194	14.692374636850584	7.228265025796072	0.3085630839010736	2.907828281696084	2.259649863309101
0.298494811403928	16.263332461368876	7.043468731761271	0.30484542931532743	4.458904445868072	2.1024388707165445
0.32691840504174563	15.85864326353081	12.245866189443108	0.30161994123357494	2.62625478600818	4.00339904300738
0.456663729209747	16.050041857319265	13.693147212897879	0.30158083811164177	3.302388359825651	6.2531636708599985
0.3204646491163206	17.25939530661157	12.6586631368153	0.3017456903559835	2.1753762905359384	4.0566540404212175
0.4175674089577243	22.22082701202913	13.535202614724788	0.4666147486532009	2.0337787027888328	5.651859485548445
0.458867505584754	18.893926424463743	13.829587014861696	0.4584828963806661	1.9387841204560896	6.34594809677689
0.4666377879987841	18.456815792852282	13.48642417628354	0.4538074749051153	1.6615222106266572	6.293275145634275
0.23049047334767137	22.409042844286066	12.123785865598403	0.32996545886627987	0.7123274450060584	2.7944171429275837
0.2136125740130745	20.30095431481297	12.395603654813788	0.404322688422948	2.7873359257255266	2.6478568031506473
0.15459955092648653	19.669886086415207	12.846283889052147	0.43556237407340226	2.434850292429577	1.9860297203216208
0.15400449753181703	20.28734873374903	12.34142976179658	0.3559572611253454	2.6468316186755048	1.9006356892896945
0.13078401426255215	22.695216134889726	13.621072601319696	0.3338781289874114	3.245836562198829	1.7814185533622535
0.26190482915331986	20.32184282383401	12.295345841923387	0.49427416200307184	2.742451029106705	3.2202104521099266
0.17982105761452627	28.241317655787036	10.993753811225991	0.49635126263269386	4.019189324390014	1.9769084374883867
0.2633720483494365	13.609273379103673	10.081288620069952	0.4720545229993725	1.1939278252886556	2.6551296338696875
0.3031920023728777	15.80468202096894	8.079739811546728	0.48882896407573495	1.4690962317901273	2.44971249211471
0.34601984211039655	21.87725300670896	8.789973314814583	0.4746171433942877	2.606826901711961	3.041505178546741
0.18669841675390533	18.425107552735714	8.987019483925767	0.46948625558258905	3.0852060304467015	1.67786230898544
0.43398581516182233	20.377392494170724	7.231525211470232	0.41252270998219887	1.0291833203643468	3.1383793637631783
0.3869757320808247	21.354880222444287	7.447077878691344	0.32562795060311395	1.4348576460515936	2.881838413969498
0.41487046815531153	20.76685438540824	8.221436907935269	0.3146855943562809	1.4300276029955772	3.410831378904462
0.336425277669754	18.515209026939328	7.275920235294418	0.3312089845500772	0.8703892640451547	2.447803485461906
0.40694091036628893	20.6555820749176	8.015981773066947	0.36092258840181574	0.5660105124596438	3.2620309202114424
0.342556604440224	30.859552079260407	10.082552769328624	0.30872206969489835	1.0587532798247707	3.4538450407505903
0.1719043330630221	26.75164384965028	9.857587714888755	0.4321047074362555	3.171045346468472	1.6945620417381915
0.31597713798440297	20.92051702369653	9.828067949980502	0.416847274598832	2.969142652895151	3.1054447827510776
0.15379553031017068	15.38924942265239	7.5891948314884	0.49717997115552515	1.2594196426442728	1.167184243735965
0.2668062210185176	19.661191514440425	8.70281557472092	0.4927127716169035	1.8817506315949348	2.3219653357123873
0.32197414003032043	21.009459906197023	8.81403953714819	0.3241013212340171	3.5149078040324495	2.8378928001665322
0.35867096121649544	15.706389210827773	7.002955797691694	0.40642368832177567	2.1602196416437174	2.5117568873147094
0.3376158773738049	15.200355444023556	7.044669892903409	0.3808952340902886	2.237314963926892	2.3783924067014124
0.3980072370128082	15.86438647283648	7.938633228516737	0.4057545235263514	1.126434294468556	3.159633476940016
0.1232604878770491	15.651435909221572	7.654651364351434	0.35072865957614685	4.929125502134871	0.9435160616986773
0.14259646164635215	16.7999735129421	7.239758828444209	0.3584388887277021	4.649456831304161	1.0323639921090841
0.13415245170616744	13.119686809664861	7.942403468390045	0.34140479507319804	2.283585498318828	1.0654928977240923
0.11045409196625562	13.83520136676858	10.056799492816848	0.31334896652884486	2.340829317307376	1.110814656065785
0.21010922663340448	20.73475841051238	11.63684478215432	0.3264250252727609	3.0951171005871214	2.4450084576314124
0.33818892571497744	22.194267872825396	10.531294364468764	0.31494903308967126	4.606727995688207	3.561567127507887
0.37174563592181026	19.24760108273004	9.00657628568908	0.3209982471907739	4.361398126005824	3.348155428801783
0.3374609875798152	21.190700815014615	8.681638045564515	0.37808354184590903	3.7637287388894793	2.9297141486666978
0.2749527146766857	19.54193837797977	8.912297020823113	0.32278113186573304	3.3851881998301927	2.4504602598802534
0.46220264067027134	18.472473950502422	7.643442670390043	0.30522821207189454	4.825272455482946	3.5328193860661083
0.4901098560962132	18.221237881652435	7.578598147499619	0.30466909114667995	4.738886164798604	3.7143456474820664
0.40456987405655614	26.440742445274765	9.11306865040958	0.3250158105111925	4.19881973248132	3.686873036164954
0.209967453077622	21.099081542719127	7.395251747959776	0.3620108520031224	4.727113305410785	1.5527621743869462
0.16155192466033327	28.62794374235154	7.290908640006955	0.4480162943507532	3.720645537531548	1.1778603233157765
0.24299042605837828	31.218089965446143	7.156086219842215	0.34843485146620146	4.765944751853583	1.7388604394699494
0.21163951082504456	24.747129003645306	8.337695323400748	0.37328709002721006	3.817736874563868	1.764585759652796
0.17731107096671417	28.802847664620632	10.863583015259469	0.3732872754758396	4.167067243927532	1.9262335389714622
0.3702107351101792	19.302739094763307	10.168799721145684	0.37706371806740285	1.8417953338019313	3.764598819953529
0.2435400479906836	15.383993541132105	12.001800210594002	0.35232945961984874	2.1593593373932647	2.92291899926266
0.4508543813361212	24.969332786160034	13.226626263334262	0.491134047389745	3.001302071617946	5.9632824011196615
0.36724220718302697	21.592349730781663	13.446175132712428	0.49231120357383257	2.7995771300053622	4.938003033906843
0.2727153690852234	18.465608033179965	10.95511967126146	0.4911944367295257	2.403822547322592	2.9876295045208607
0.23429554386115228	23.371205818508106	8.937444164954583	0.3245691097956355	1.0616916862770107	2.094003341356716
0.21179330118432144	18.66513326585163	11.406648808432063	0.3478250644573354	1.1922901121823675	2.4158518065880332
0.3048028159317978	17.132769087522714	13.063216700217543	0.46685783708451145	2.226005740869348	3.981705235353595
0.35588279146217977	16.386125465734445	13.306313214390043	0.44797811113720953	1.9097822347506737	4.735487890807218
0.3027896084739596	19.334605616363206	13.088590592132956	0.462090866826014	2.0243999520556986	3.9630892208678885
0.14774084909766083	21.845418356751487	13.615567317396623	0.4559356054361399	2.278140882306881	2.011575476418537
0.19369484607977347	18.01637288398956	13.770653733367173	0.44240870732827386	2.4377503410128796	2.6673046553024125
0.23338031448732752	21.871306768098368	12.087980215983139	0.4226910596896463	2.8286697135065766	2.8210966243227382
0.3918931179669938	17.423309814810597	8.231893889316664	0.4864266294392818	2.199418712531775	3.2260225630577506
0.3798256762483812	21.73871848289664	9.005558268184753	0.4959572623385601	2.0252523556260935	3.420542259207475
0.4543509688515754	28.39968229668652	12.531352778654128	0.4723526300868756	3.1820550874135027	5.6936322760023845
0.28706404406737773	27.855611201605164	13.765512713123396	0.44462306897219217	3.596120792725872	3.951583748090103
0.40685926006770895	29.09278889066341	12.843702700908459	0.4255743057794272	3.476362685427017	5.2255793774212504
0.42200609173657455	27.816792399838423	12.958880318766564	0.4492802863391191	4.814948187236777	5.468726436604693
0.4081677503792034	26.89796346225137	13.930150656740192	0.4514609849087218	4.959168785918715	5.685838256005027
0.3564279608686339	29.28910844718153	13.947166319944367	0.45727471988192486	4.283909741334238	4.9711600513134595
0.3633777180135048	28.022602578610844	13.575036052132791	0.4619824688811925	4.08905996256876	4.932865622575071
0.39158213768789774	29.22806886100216	11.819999413978833	0.46524098944671183	4.626904272601957	4.62850063799553
0.408486871401666	29.285896662641495	11.429994905616812	0.46427794870788097	4.9515321277932305	4.669002859132393
0.39772465790637374	31.096752787379064	12.770026626955296	0.4583416091043401	3.963586047743699	5.078954471661079
0.3829044092658959	34.481880163558706	13.508363890934652	0.45580152506491145	4.768840417399984	5.172412095807092
0.34090241628582874	26.47895948575912	11.874363610998792	0.4740238847969964	3.652776713946841	4.047999246846007
0.37239032872306344	26.21012053651512	10.962134082088552	0.4568214914493296	4.9722388784005656	4.082192714335253
0.4255993234874077	28.132077738700566	10.993679161459845	0.465602324692936	4.214276165729505	4.678902413754922
0.33365919247087206	23.636022674912	12.084410981479616	0.47751918069309296	0.9742258171040945	4.032074809566627
0.4418279871588443	21.351378451939727	11.915197283960689	0.41355128624717463	0.7265440103678102	5.26446763257288
0.200734516274253	25.682323829927164	11.905545122233857	0.3490905650021616	0.5940456366824304	2.3898538410929056
0.23600098032714303	23.631445136898638	13.003087750531636	0.4217217854531972	1.0009285995238768	3.068741456405331
0.13940358640709663	22.638651064878065	12.121815156927024	0.4494933098702736	1.6373991687546	1.68982450663953
0.2417029031782464	25.248476717120017	8.458250441191646	0.4954025412160992	2.331900698717412	2.044383687444704
0.22368915280261167	14.684312500389648	11.539212995812068	0.49656097798871374	3.507972535203673	2.581196779042088
0.2050488577001587	16.282276625288738	12.325931059534994	0.497253831590112	3.680092263865699	2.5274180838485574
0.18119409673019357	16.529060574894533	11.248386493955508	0.498867568901302	3.2568426488337585	2.0381412304443773
0.1826177690624824	18.70766208777123	11.742955244503156	0.4330899549670226	2.387986324023044	2.144472288951744
0.3724142802092922	22.934903318220048	9.434939240715792	0.39977092658404495	2.764346879502379	3.5137061061495776
0.24553869790632432	25.366410755746884	11.873462800261576	0.375385619757554	2.7500750567985635	2.915394595615407
0.19849423000598007	23.873967619845185	11.42495672520942	0.4518873126960842	2.2212293204940865	2.2677879880220875
0.3386022913855932	20.800879146580087	12.430176476735625	0.3820293825010919	1.602041935158594	4.208886237349983
0.3357622961337696	17.498780545068758	9.506886458613392	0.4865724434453277	2.683819466055729	3.192054026427074
0.3790069666922372	18.357888994556543	10.077800009482436	0.45689241836339295	3.9469553157700896	3.8195564125249377
0.45322112087685346	17.14717791467674	13.431916603330544	0.4247161692899013	1.0737369184956351	6.087628298485887
0.4924075880110989	18.282731431237455	13.300983877586717	0.42446772198225874	0.9629584823918977	6.549505389336988
0.3752876064241132	17.302477106806027	13.741835712977956	0.3318990066012624	1.2396422637013005	5.157140632596894
0.4937531690301199	15.618986556486599	13.12398794937732	0.3160187781440214	0.6531731753275166	6.480010640318156
0.4183275084683824	16.78007273076964	13.145423109111672	0.305840323495974	0.9045277918813543	5.499092096997383
0.22123080012594357	27.18128285953119	12.249465242566052	0.40265040971506233	1.7896108420019952	2.709958996727823
0.13539594490765247	37.57788096979032	13.40130725847226	0.3133058784514359	3.6675033088627784	1.8144826592586332
0.3962912290173348	29.45220542172257	12.273983224121064	0.3429793884432447	1.0327922415508115	4.864071896825086
0.4771063046695157	35.04121634702742	11.903064413313272	0.31831211135919857	1.3292814081453435	5.679027076479112
0.3430885989703307	31.710301796450818	12.5221018076653	0.31081405202375245	0.7026624753124501	4.296190365355733
0.27621198239267103	27.544953745622575	13.777038522169704	0.35283524384373965	0.5869767702664452	3.805383121708689
0.32102324596897497	29.462960299150875	12.855430624721823	0.32998759176426323	0.5277339597334684	4.126892067477168
0.28803175010579424	29.49819098563126	11.49495011555639	0.30780913010914773	0.7175843714960624	3.3109105991625087
0.3153485914700515	31.43226056536825	10.024782095393807	0.30475083409027626	0.70983018539605	3.1613009135766283
0.20119876230690809	24.652997470835743	8.810583641507439	0.3818913618103826	2.008686830879016	1.7726785238727878
0.31281391462891683	24.274044272346483	11.861421719659932	0.48276443631328686	0.85768298371429	3.7104177611912816
0.14142769491326984	22.08855968953461	7.297423988412784	0.48766993689561566	1.662189482432216	1.03205785348602
0.1358351590163176	20.54399333093944	7.562543114229809	0.474568954920712	1.5013007916827203	1.027259246489164
0.2226992242423232	17.713252903493597	11.196300303900788	0.49182344511325066	0.5543284490940046	2.493407392062793
0.2223721128501568	22.07297117649801	9.919786661308851	0.32964516120565224	1.0825081085386647	2.205883918898052
0.2207704985911305	18.95921579768471	12.568466309001144	0.37412128272017225	1.02122856357713	2.774746573564008
0.2785932802583782	19.39642774707272	7.593100296451622	0.45863669035606974	0.8917098146677666	2.1153867189193214
0.17983385322993473	25.74002381376158	7.986269613837383	0.4305072694730959	1.8063862228564476	1.4362016375895195
0.24989208206646604	22.750144441136584	8.968745056533603	0.46763388380429183	1.7466452741488514	2.2412183757005066
0.24576152120514697	17.237614798458537	7.570854481733625	0.4343339132284629	1.359553214300085	1.8606247142536603
0.37702230193396974	14.939446445506283	8.991622586901116	0.4788943210883691	1.2877509402744711	3.3900422458349344
0.4386751952292426	13.577501564031293	11.491411171948187	0.4697327580402076	2.1541793889621883	5.04099703931387
0.469712358054878	21.180838905825045	13.243048020609011	0.3993860788070085	2.778689216544928	6.220423313594243
0.4898698725946285	22.677424162020397	13.568717760186413	0.4119864346422648	2.7693346928337537	6.646906040454991
0.4052861469290294	21.275674560156297	13.949524095323444	0.4370972238980863	2.761025574464788	5.653548872087294
0.3719355074211961	24.55391182053764	12.873203614056475	0.4364800990279308	3.872356003359549	4.7880015183304705
0.34041757523489485	26.312725216975124	13.636306076337416	0.4038498388284315	4.007960393080629	4.642038249667646
0.39678150374060134	25.70718147115808	10.455663605309232	0.3883291807702281	3.1343449708506377	4.148613927920474
0.4457335179809964	24.730762731546907	9.004442815828925	0.3924351361512368	2.3235819670137055	4.013581973758137
0.29982764489130226	35.77172178889682	9.793920945255888	0.4186197613975912	4.4891161774162525	2.9364882512676695
0.44229212028501647	27.321158660669575	10.614718161147524	0.4477712536480476	4.2713372879526	4.69480620172181
0.4364802370983913	27.2748025416526	10.282032084972448	0.40157151124861257	3.7221628233287816	4.48790380230204
0.3284604239579955	28.715096865371606	11.704897380626141	0.3812079074463996	3.97402729173956	3.8445955560252933
0.25035817543677424	16.38303933072293	8.542456982352757	0.34192341967687456	4.63399871842336	2.1386739438489686
0.2201649319118165	22.79226385680435	8.228521304280626	0.3544497085093403	4.603491639446709	1.8116318326918754
0.24636983757156128	25.1732290663442	8.038968066306795	0.3498377550299247	2.7870769861075213	1.9805592567389732
0.11465095309387714	26.27147339102001	7.547562387318229	0.392453251512118	2.350303793986077	0.8653352212415337
0.31729523444017266	16.363665007143396	8.052726870330021	0.34389915190787607	1.993003070399896	2.5550918602040418
0.2860582630064367	19.176078500022175	7.281665965398851	0.3334058746507836	3.8790735905091207	2.0829807178550834
0.21343048440998363	20.1999745047684	8.542985837823753	0.32672857478013306	4.185417980827117	1.8233336056743537
0.3848656937478939	24.01495647957811	7.593288634201502	0.37444566079536273	3.01576042397886	2.922396298029959
0.3539687235964039	22.66548189002505	7.728730083446431	0.3591276865665982	4.485734970550015	2.7357287226586613
0.31379860174832186	22.676160160206845	12.82258773541412	0.3281585417563243	4.595295593213366	4.023710102168131
0.12577378461050098	19.16203828049871	11.84837710251379	0.4828043472644713	1.66075074812018	1.4902152296755613
0.2110393144018693	23.239485716486517	7.862837769836374	0.4844778653207857	3.939471944621132	1.6593678921993913
0.4446809307152293	29.53416158030659	8.220699198383398	0.4253490316887471	3.793506659964843	3.6555881706670688
0.2884630624835826	18.939270791082773	8.329712068750748	0.48134413449764574	1.8603875793160036	2.402814252958299
0.31636777336578675	23.635844815339375	10.398566108264044	0.4704725021698684	2.1606487360431137	3.2897712058684303
0.2761963521067156	25.019161158187902	10.923871417918772	0.44789916018771686	2.1336283872916173	3.0171334365119797
0.18540291727413985	15.773637700941151	8.593657621472339	0.4515786852458608	2.807067742204524	1.5932891930761175
0.25252854242047573	14.06257825730519	8.19587128972944	0.4789059924971096	3.877413774341536	2.0696914306612
0.16350552926875267	17.11768642404376	10.98179082545759	0.441158808157973	4.263508925903029	1.7955835212351756
0.4371892950906698	24.79059693864179	7.044457766612509	0.36336585529172527	1.225639313611324	3.0797615252813166
0.43604531804687174	23.15006520714812	7.504071844153778	0.37422991783801934	0.8686439605207685	3.2721153939306094
0.3441543615880794	23.92222024399004	8.047780415908612	0.344792000798954	3.1745541143296916	2.769678731238076
0.4462887545432437	24.494725545633617	7.506046241196429	0.36809814560268944	3.611347749916897	3.34986402852755
0.49024247267498466	26.91120832611122	7.17863465037434	0.39639166142492394	3.290538131631888	3.5192716014298404
0.47448352050608616	27.967483803469044	7.103954466406926	0.4164282213533052	2.928234560927921	3.370709324735693
0.47190110269521773	29.992207050793645	7.013843211756891	0.4149713939057365	3.3749727871956807	3.309840345759444
0.24054537532521245	31.860426586076567	7.836048002815933	0.4585837201024068	3.857550831825205	1.8849251079037401
0.3476025903154388	27.44243592307653	9.18387754168192	0.4414924638450992	2.620693380245784	3.192339622628419
0.4866800282587134	19.50758642075204	10.851079093113556	0.4232059535587513	4.064476862560446	5.28100347967404
0.45166714695533006	19.54693344365976	11.683310959272543	0.3744057742156008	4.336001071310512	5.27696772796657
0.4183697134879161	19.666927053904583	12.115160477646207	0.3917480704166861	4.038629728470913	5.068616217892968
0.4048466000313042	16.983555488465047	12.911244783577947	0.3608745797496969	2.1318711313083685	5.227073552803444
0.4341724464281585	17.525046060276683	11.671043747720498	0.3606305448590108	2.6758772812155485	5.067245616317872
0.437810045530049	16.09786787575608	12.338328032959522	0.45489554647089575	2.6473797804951955	5.401843957874688
0.4690336782757822	16.028559232908595	13.66358611514464	0.4396499129474208	3.931412775342433	6.4086820540241956
0.40287302874932734	16.781806685882785	13.482305373619099	0.41988302637162056	4.670942376046812	5.431657200393258
0.4031631661348389	17.141254082585505	13.13532559141465	0.4182424624325052	4.888223204294497	5.295679453646706
0.41079339280121	17.8256565985214	13.284932379755327	0.4465954920869509	4.125111104657182	5.457362445414344
0.3971299242398799	18.032739140502056	12.914254647960435	0.36522995858403134	4.709764621600538	5.128636969959045
0.38769972128319474	20.15592968850538	10.644073217415633	0.32797684059648013	2.3184590666785128	4.126704219709959
0.3368260203906938	25.897258137261495	12.095781857882756	0.356510062750776	2.407817276294387	4.074174066704601
0.35125785638582985	21.134798202396723	11.19256145392464	0.4185358307440623	0.6496196070043084	3.931475143772236
0.465421426875932	24.583482071727698	11.10412410719516	0.3550775072405922	1.077396878427149	5.168097286178206
0.37266674388721727	22.374000422669976	7.97160901975444	0.46503939087280727	1.3151657708654783	2.970753576933859
0.2702533685289612	19.295711034461895	8.402991110277066	0.46345873426905626	0.9034209739683302	2.270936653271293
0.4563822304571603	24.390420958443418	7.666717799995386	0.3188321460207491	1.6056782195665331	3.4989537698475073
0.4794704704704621	23.607295429686012	8.234771483065577	0.3105953214219875	1.6665557986338249	3.948329757202197
0.328434337019371	21.4091890900582	9.547151639229424	0.3219833745413218	1.6649459887793931	3.135612419053717
0.41551910458973446	15.288732693588452	7.846149173509247	0.32380367621308886	0.8313813091765073	3.2602248790540473
0.19101543829128864	22.387762851447217	11.879642612816248	0.47018652433216446	0.7553655682232309	2.269195140430965
0.2504266499126789	21.24611336006188	8.592824931059697	0.45728986099816854	0.7581877240121314	2.1518723607714256
0.2745772265219416	32.20572419518323	9.449842022459382	0.39552592734577974	3.6733730233119664	2.5947114135973925
0.29418359928970406	18.86913796252612	8.971713790611782	0.4349368012930509	4.638325090613534	2.639331054719248
0.3150240100617765	20.764146297307132	9.996820854622728	0.4693294049715556	3.7104747936603126	3.149238593492447
0.23781384069537545	23.50921396487205	8.418238905724522	0.3678583742614367	3.9005090133931617	2.0019737260615833
0.336002469765083	23.774054450630448	7.78347091092943	0.3855859550146106	3.5306827367914844	2.615265449416969
0.3706798010496504	25.659809430668957	8.317982343078958	0.36591113630574845	4.579270096332335	3.0833080400670134
0.3588369056231564	25.10420396239964	8.811558286521894	0.3513549195998588	3.029581702678529	3.161912309253599
0.3643932194988047	35.28494487954567	10.344011036660127	0.4544468009918989	3.564174698610445	3.769287484179752
0.4337891813303458	28.694744919108224	9.179474617362132	0.40439536299021367	3.4184802421296188	3.9819567793082085
0.49810568157714386	30.56909200513557	11.43565404764218	0.3702585796228766	2.890204854848445	5.696164253681232
0.4877326495660804	32.57144942812995	11.769522670721011	0.3445952632100705	3.3059529508036447	5.74038047631881
0.2588524638914946	16.16646442431612	13.061090943537758	0.36580810420465304	2.204836641559248	3.3808955718456346
0.15856571591165572	21.861654098917292	13.127284876504119	0.35100810778620223	4.464070222637443	2.0815373244191266
0.1577646439133556	20.736987371328723	12.828579937798906	0.3473522818144663	4.607070665977557	2.023896345800862
0.1569863190000986	15.215991240098832	13.218852873867844	0.3211939710400431	3.2050679192694056	2.0751790540723873
0.1563894178531764	14.737367685831744	9.961110907606333	0.3134601600871035	2.9047475496850845	1.55781233601148
0.18869243240423353	22.802195925225313	10.982030619939591	0.34509178477763086	1.0140998102237684	2.072226070414174
0.3286505017749228	20.12912535853741	7.369177420483104	0.4951760925240712	0.7917762521606394	2.421883856910203
0.21089783969505685	25.31854747497292	7.06466355713235	0.49704034743398273	1.3743270092827216	1.4899222823716085
0.19611907943591633	24.854984392751778	7.145770608646305	0.49630623791370354	1.4704132563759247	1.4014219536279409
0.19239589128956927	21.57802525005293	7.921737927273994	0.40357008784983023	2.447631533317924	1.524109829080265
0.324164623889972	24.946613459006404	11.145215523668124	0.3278065630727036	4.447070952485803	3.6128845984025553
0.2879846490854803	22.03665290288099	10.646722240735654	0.3736749726137454	3.668144016116991	3.0660925684088363
0.33782884485780235	23.689333018695127	9.890012092495704	0.3748482227129856	3.0778544198193503	3.34113136083752
0.3922727131223872	24.754422841616886	9.729868334129511	0.32673086502191007	2.0182851224284297	3.8167618497525853
0.37721161163067646	35.53298242921816	9.931839284641889	0.3831747211664316	4.049391559016517	3.7464051030166314
0.37895996013109967	24.14478150155056	7.1515123230392525	0.3957098209903805	2.022051795804439	2.7101368248160234
0.2738052226085452	23.233231321331413	7.347832371793981	0.34675674970464765	2.8386385788413238	2.0118748782493254
0.2666991283797142	18.669915951038845	7.1218263153064845	0.32919398898614005	4.151212016034724	1.8993848707639511
0.19266456050130687	23.709592287880376	7.832359099173629	0.40315391219498736	4.619489765913872	1.509018023530699
0.29154307296126974	16.92454921286099	10.01394416654667	0.41943574934895017	2.1219386181757063	2.919496054777597
0.3796187472521984	23.75466452767505	9.173166672756665	0.3871561167931744	2.003308761003015	3.482306040647502
0.3385398795462275	21.42141333028932	11.340348360007692	0.3592365972764756	1.2044920892490563	3.8391601678092626
0.28268139455916047	19.26225285350348	13.503331698668434	0.41854419089828254	1.6560772546868692	3.81714063577451
0.2710577641343739	18.900311155568357	12.591239856453852	0.3843553678049134	2.2820280022642407	3.4129533231699956
0.11355594794087612	24.731630774067064	10.740413878144736	0.4478820743032647	1.5278298245446644	1.219637879210067
0.11805175939561856	25.79194962673347	8.912708141625265	0.39897459193391466	3.6803208346779046	1.0521608770985165
0.4481380839653409	15.833851363126252	8.639138914969429	0.4850075399130939	0.8563691500056033	3.871527160464814
0.3264532226275118	16.251592104359933	10.149518753106888	0.30853753619323776	0.8387342198975973	3.3133431050701088
0.11542342875260164	18.8627977490599	9.410563588428067	0.3007249725126403	3.8914237317088953	1.0861995158707543
0.1447521666747751	18.891784411742872	10.348422975966356	0.30150611634383545	2.1096873213575127	1.4979566474381543
0.1299858004577734	12.50632712639532	9.15327083487285	0.30477882294280895	2.852143618813163	1.1897952362777393
0.25187526126192944	15.70948894626909	9.334384626287648	0.33655443081177194	0.7041176519620613	2.3511005664655387
0.27384522716504356	16.531060375488533	9.411034594346456	0.4873932389870674	1.281785869170296	2.5771669063468887
0.2542428105790452	19.527706058388883	7.121147248897773	0.3959543349916804	1.171623617791764	1.8105004911070053
0.34811168693746103	16.762313747601883	7.548316724109344	0.42268745465926705	2.1891400084451806	2.6276572683679533
0.10519105108443769	18.7802996065002	10.594210577788884	0.301035553882292	2.1662928046083234	1.1144161460874806
0.12232577049531676	25.520037805106583	13.46393925759331	0.3067372899434192	0.9930238365194292	1.6469867435872447
0.31272535437253046	22.098449281375444	7.8335205477860494	0.35158419911377814	1.4705604730634865	2.449740489290891
0.24495055059788645	22.57724775568371	10.77160091342025	0.37197039599927834	0.939189997174296	2.638509574562987
0.3941612283228004	22.994982894836447	10.046364286265234	0.39175472012616497	1.5297224744110771	3.9598872872526187
0.20121792164513247	20.365326869219754	7.926271837422643	0.46741027869683727	2.4218961567436446	1.5949079455205295
0.11600393234532012	12.921317311003454	13.2256075992745	0.30567289902649053	3.0721369356843993	1.5342224891719909
0.10267027583172804	13.980562699686631	13.095664301831142	0.3055853782538996	4.4890986053511135	1.3445354660687177
0.11593669879056684	13.801480042384004	13.03824822339539	0.31415754116229366	3.0344879044811406	1.5116114570324346
0.11798492499335622	16.292592288488734	12.760529893423342	0.3147626579276199	4.57842455188026	1.505550162351033
0.12631843890341415	13.813048419304176	12.174243073940309	0.30825811548914006	3.1770318011351835	1.5378313799308418
0.11230282846369784	15.240960610944308	10.408069115264558	0.31203872783669606	4.164538716062465	1.168855600489867
0.1785031929249689	21.450569127522588	9.177303991672654	0.3307144986965058	2.3257165964474527	1.6381780649566309
0.23436703002457857	19.360032902159183	9.13610956933489	0.3914116322191182	4.4097654420025485	2.1412028657441495
0.2593057322902357	17.72212170266964	8.625900710229857	0.3582877012929455	4.296678482180389	2.236745500329017
0.23360978523591183	21.85748066168133	9.986295998103772	0.37538459026647825	3.5502300141714582	2.332896463419268
0.2543599983195144	17.55713471559112	7.516922679166463	0.4708348358627661	1.1276015472131196	1.912004440040701
0.11057372288672672	23.7869750953556	11.883136516708694	0.42919318939376094	1.5229792768430932	1.3139626442236902
0.10239981685589435	25.65070721471927	12.539982837294584	0.38933518477331697	2.4777672949151874	1.2840919459150237
0.1904927222538721	38.05411162027351	11.752013657203044	0.3451000301160168	2.884304781738454	2.238673073525291
0.2128323157069777	27.581250374821614	8.87783213986235	0.4756954629766316	2.023340745212374	1.8894895727847372
0.4517159053417973	13.802979870632129	9.659696869120275	0.4901377921871016	1.5557068306628965	4.36343871656199
0.2115263862178712	17.409992467661297	7.768359699605078	0.48100779587310105	4.403382341154888	1.6432130540980097
0.2823160722561627	24.134734167217236	10.488519682173571	0.34344680688101414	1.0530559125790067	2.961077680452698
0.4089481293238317	23.32615790027254	8.404754967694206	0.3286149576563482	1.0981788481135455	3.437108821463727
0.38218962810869406	22.905926121322334	8.954262631510582	0.32164346747719874	0.9394117021221792	3.422226305124606
0.27831956653158035	23.234500990017818	12.949507746688676	0.32256891064966725	2.328797763403116	3.6041013828557342
0.44304325138480577	18.8510250691246	13.308240276322747	0.3445758514006296	2.5630638646118724	5.896126042232256
0.4158214897721668	19.487357643489403	13.011492983365194	0.35201177092511554	3.04341779408216	5.41045839650301
0.3996233145377415	19.165905924735515	12.475001583253867	0.45074826735885015	1.1024215055147106	4.985301481563484
0.339622108969066	23.80534244483661	13.456381909732066	0.44475358502278417	2.96249305454868	4.5700848032763925
0.30010974692852666	24.52936389992547	13.810452174615415	0.41716255286132903	3.5365236262209234	4.144651307092353
0.3393397583985267	25.082602937580965	12.751205312161112	0.40908823749099293	4.126974135949233	4.326990929918762
0.33559968529742623	28.85120581388783	12.283848352838064	0.3429318918022384	4.426409977615347	4.122455641453762
0.37067396660969887	23.691123147609446	11.865653621549827	0.45390148347748766	2.752865944358379	4.398288894316613
0.16562128658608324	23.239140859297088	13.17412834176178	0.4734397193296373	2.6557669850392087	2.181916085612769
0.2207496096150024	24.87772431904194	10.492888874144429	0.44813644546085457	2.931970747173712	2.3163011227009846
0.32346160291659465	31.996264895415113	10.865274649967615	0.468883274318335	3.245104959175384	3.5144991544075666
0.34755915822668393	21.328696521583502	8.70060682479326	0.49285745001226167	3.368262285025222	3.023975584086487
0.20994774152226556	19.17200220465019	11.953429819909692	0.424848633468072	3.772767516891395	2.5095955941349413
0.2063570644671281	22.161522460777167	13.234877640622354	0.3468293811224807	4.936626878495956	2.7311104985004593
0.1933361694594884	21.412628492776253	13.840466855585152	0.3458084884158004	4.564040471130705	2.6758628453898434
0.40486007901673465	18.39411200456877	10.291135592687242	0.3237109374739219	4.265041155623921	4.166469969227287
0.14173289854586635	18.909916929222103	12.213949352063912	0.3401074829359136	0.6623495096623689	1.7311184443604244
0.12582262071828987	18.450187502908328	12.504610889236362	0.32550937296075066	0.9795528905416659	1.5733629131461841
0.1034677153987138	14.047258168070975	11.679712366582416	0.4622188600406112	1.6679564148984902	1.2084731550843875
0.11711287499271748	23.633652126727373	9.359898719607267	0.44317297851693993	1.5681237123093004	1.0961646486938623
0.2518770137484419	26.24063103816004	8.496734642078318	0.40060856424084657	0.721502719870725	2.140132148259623
0.38623015479037887	23.419807267222435	11.759443308958364	0.37590446877469774	0.6791891652747675	4.541851609467674
0.3200404629447968	23.554883618960936	13.476448020393832	0.3208520478623392	0.5796038730026325	4.313008663298333
0.4744400779020371	19.05742228451089	9.7191938272582	0.4199863173387733	1.0365694089727124	4.611175076549379
0.41009683055872725	21.13660810567864	9.584668717944153	0.43232764887401737	0.5733875873379385	3.930642263184277
0.4741131396846655	20.05152853199988	9.484770136069027	0.4110942292699668	1.2561088541265153	4.496854148399039
0.42171867031853727	24.22039714581562	12.675025055859155	0.3075581929037166	2.225709194751955	5.345294712811066
0.4236902449246848	14.134365270356664	12.639538067986681	0.4615660504805893	1.1776169776730745	5.355248979760154
0.28993075662346324	25.176425439480063	12.586917358405357	0.3094250035626044	3.5133838288732666	3.649334473279468
0.46098758744365725	35.721174358545966	12.268062196644323	0.4242214059445308	2.5624062982832574	5.655424394639801
0.37638660205299496	37.06396859031767	11.58183350793748	0.3913494823442713	4.239762335150353	4.359246959596107
0.3206565735765978	30.74297560450421	11.405658320438622	0.3886673581502432	4.4574622982295775	3.6572993164172622
0.19825581583443527	21.65684912336259	11.181854075279395	0.4532295524252681	2.0133977549922486	2.216867602236121
0.34544426430870057	24.164688949454355	13.147313216343628	0.4713283419582765	0.7278417900410867	4.54166394165588
0.24068409974470167	21.139751918881682	11.55813104265106	0.48049962295756016	1.6611088554448172	2.7818583647317605
0.3657122724577321	24.419731895839103	12.218526700146624	0.44693664064306887	2.211314300976245	4.468465165596096
0.3913841546144924	30.4966963895598	12.045914422440935	0.3518589927567689	4.211621582653961	4.714580032785567
0.314997679170236	28.037592098024625	12.54880627088646	0.38008237840189246	4.879623188668869	3.952844851686139
0.35362887734823134	28.866748340183683	12.442073849301329	0.3984809092992489	4.536182897010344	4.399876607212216
0.3472821745174998	28.99072252434914	12.348984637380008	0.4262857643275719	4.322449622031709	4.288582237952528
0.2763508456029889	23.6908383785128	11.320203689534331	0.46643144948644377	3.6430715971553216	3.1283478620008873
0.240850194977063	16.162272372628102	11.787882322006404	0.31392261705455554	2.476754649657659	2.8391137556219164
0.3166937948872289	17.736361639819506	12.89820557308972	0.3083083697595725	2.9302240283121206	4.084781670177389
0.30243129890685205	16.110770427803548	13.830083562944212	0.3386951935253515	2.08887309875369	4.182650135931523
0.21269076972707063	26.314702057641288	10.637587234334196	0.46568599806028	1.8249548899776733	2.2625166169094006
0.11387608936455253	26.55391362921265	11.031562481731092	0.3703895859096755	3.277977372056966	1.2562311950002547
0.1361266795629199	16.227185544666234	7.364537166288818	0.41780735613743497	3.4404207429272504	1.002509990964612
0.12778482862548074	21.245522448309597	9.016832220521223	0.36761365533151136	2.3921320186762847	1.1522143600440176
0.18385177049192117	15.451093009423223	9.737436921949916	0.4663689655951107	1.5778802216913828	1.7902450181538954
0.34651537998058235	19.150753578428656	10.175222959918104	0.460130688552807	1.825056358794988	3.5258712503431675
0.4768302789400639	23.930923144483568	9.137982102145564	0.41808895344937297	2.9480215100139726	4.357266554715381
0.43465775448171073	35.54291175792491	11.120692268827751	0.4761496380049752	3.7239517144519856	4.833695129850791
0.42125846310123194	36.566898512664544	11.009498281463724	0.45230085074824006	2.8589490963069935	4.637844325565062
0.293622793801207	28.594324032250512	13.90317875813141	0.4989206455629084	1.1335225124663928	4.0822901896801405
0.2494483082240292	27.145537079915744	12.546995850061103	0.4984379583428288	1.0264136468817149	3.129826888091657
0.2971476408127307	22.047563077519577	10.042938618263088	0.4654691485043256	0.9600515299836823	2.9842355172439423
0.35955576447639714	26.419855559264654	10.031590346135028	0.4586502727366285	0.6134857757976185	3.6069161358186252
0.27663517477400373	28.47155230072304	9.109494199942622	0.446785684891134	0.9292415456172765	2.520006520103901
0.25464543417451696	21.094681125501786	11.780428304116793	0.3529088813770795	0.7532296954880291	2.9998322802635893
0.2979231288055306	25.556383015077543	8.408541016552894	0.37868430304429634	1.0831732434675843	2.505098848341075
0.30351500992216635	28.733652811661745	8.868879563766605	0.3306535320153675	3.4981909962276574	2.6918380687951196
0.2287948816544607	17.7606823009829	8.023837729466758	0.3680158884162	2.95084999386732	1.8358130037279436
0.3119578928829972	20.38319348244161	12.724963772485411	0.4266304589106855	3.8326971691589353	3.9696528854770237
0.2927294026578765	28.685643208674943	10.941718762143424	0.4425790035927673	4.892524492151452	3.202962797292724
0.3591528509193855	31.51215891046842	10.012168081885555	0.4532521462388843	4.301606228068854	3.5958987104932723
0.4253267169138632	34.621748344871584	8.515967767207206	0.4458150542267223	4.498145245278352	3.622068611770523
0.4791805461448973	33.09693321097972	8.292028131360656	0.45266303691088927	4.890121192855871	3.973378568634251
0.4637257626394156	31.101344097159743	7.733612415191659	0.4567483953668158	4.284841698166393	3.5862753151924047
0.3448597309058871	37.97270040266312	9.209872066044733	0.4889594748886405	2.6740607264908074	3.1761140023738332
0.4077278381078279	27.73977440955855	9.44035536863731	0.48734720010855315	2.2700552623209886	3.849095685424117
0.2296709120854292	25.558922853278045	10.511871396006567	0.4608334548902151	2.748136276650678	2.414271091245562
0.24836224655408332	18.140717354653745	12.578540694013812	0.45232329137531807	2.62143716154612	3.1240346251372286
0.18120192249498449	16.535893290746717	10.63487513138233	0.3794821713468836	1.6406581626059673	1.927059819300579
0.3753498847385851	22.681394965862	7.540929791865939	0.30171474789044406	1.956019425186981	2.830487128198643
0.3172277266553164	13.105879033042056	9.792249543016135	0.30237222262318225	2.4074314726953108	3.1063730613725693
0.4844660554413317	14.141879246292948	11.860264518140216	0.3044438862246033	3.450806350153356	5.745895567594177
0.38334188506826594	16.37076908613486	11.6799444410062	0.30046793011297634	3.365863968257859	4.47741191950793
0.20836195470957816	28.460760868205544	10.1045334836208	0.3658987385106583	4.651394387530494	2.105400348075613
0.1973127943654407	35.55255695153856	13.253030196555084	0.40068172810649777	2.5394864236593833	2.6149924218918494
0.2428151244108691	29.210634110698944	9.239820637923891	0.3866126123463138	2.458891428518793	2.2435681977316055
0.4616698611215216	22.656886301927383	10.13749068808682	0.34841434990523634	0.833481372932199	4.68017391808976
0.38214456903659166	24.56000900367661	7.76190229784224	0.3746631908608597	2.3433950126286303	2.966168808513053
0.4452205445408055	22.270476389943234	8.927997498412433	0.41162944246817057	1.078774445089823	3.9749279079021327
0.33848248259408614	18.347830603260075	10.958577169789685	0.376060465751746	2.634587168995049	3.7092864061292867
0.22068464549996353	16.331001976400536	11.587217629718804	0.4380552640546002	4.0600833887341805	2.5571210149454218
0.1818553631942736	13.79279492325002	10.357925390386493	0.4651011237907951	4.657957155599319	1.8836442838079237
0.19965519773793255	15.19307194611884	10.327982156694459	0.41891415572520474	4.159242141755958	2.0620353197286714
0.2305170334765398	19.579965574463348	11.908241553722904	0.3929312631324617	4.3384826507118275	2.7450525168862647
0.1345513555853907	22.63725046711368	11.67795711132496	0.47196369384943127	0.6644960972488678	1.5712849597968266
0.120756677803427	23.518600339110986	9.482581921907373	0.47099327946855346	2.0908715682169148	1.1450850898883702
0.17108751596130956	23.970428078713624	8.204042134662956	0.4430441067645243	1.762193706848437	1.4036091896614045
0.13027681618762377	22.70702177112689	10.004475793670556	0.3592479186413639	0.684605407646894	1.3033512540255505
0.322665677394638	22.54953563409168	10.270859809523996	0.43195483988723593	1.8101795982966224	3.3140539378654226
0.48407912884883486	22.873015439863785	9.962154698575622	0.3172863632213277	0.9528135053166265	4.822471167943815
0.46916163144821793	22.2188693298406	10.242394834269957	0.31432563855553874	0.9983325163624408	4.805338670382893
0.4282196924321256	22.78997099103653	10.170658680401196	0.3201195778503078	1.4103704593138648	4.355276331953529
0.49362987994054813	21.880030113861064	13.127299547740895	0.3864860369888816	0.9632665194178496	6.4800272996949495
0.49425912183353327	20.278245808482456	13.098315586724496	0.38505480248647506	0.8307321074158784	6.4739619593929305
0.4875036936497568	21.661408603998314	12.87852086439308	0.3899923278612103	0.859322518166595	6.278326490137085
0.38732686980758146	27.606460255822142	13.824213166679712	0.3894936513853036	0.9927632615741642	5.354489213402807
0.35742729583963406	27.962159926108903	13.65424300834948	0.39256930980645927	1.0490672350929806	4.880399155211585
0.2539048186806526	25.92469967255572	13.142376926581184	0.4198044159137642	2.2001257853575407	3.336912830576388
0.17810618103377857	31.729986459147955	13.485750803050047	0.4694879747910308	4.667613843916857	2.4018955739044565
0.1979350345404268	30.494469591727487	13.599385834745972	0.4735170501632486	4.296530443222845	2.6917949049290346
0.3659698959429483	35.00009402360908	12.566554536068375	0.4961616599094608	3.375156197842012	4.598980655926328
0.1644094095302402	26.853607045207458	11.283386621873197	0.32838478896965384	3.7462678232418254	1.8550949320035839
0.3595103299318379	16.25793242882556	12.698145582571671	0.4399558209705463	3.555649080446273	4.565114507912852
0.2730105395833796	15.770263400343891	12.630838401510722	0.41908733348490623	4.853668789189616	3.4483520073869145
0.2478212490597868	16.573136771162847	12.704370281491355	0.4327507766472307	4.761490373544859	3.148412911677223
0.2547114715385516	16.785002775477345	12.468762865533819	0.43371273982946257	4.851735510730969	3.1759369377453663
0.2575035185387075	18.060686990379804	12.033322916737914	0.4359262101826816	4.727019549118865	3.0986229907724754
0.2709869908362915	18.343282082224263	11.691861288338298	0.4295190675372992	4.753069038650708	3.168342307802122
0.17643170718173956	19.41579819600524	8.33712068357048	0.45653888344037286	3.972567082484877	1.4709324351825315
0.1891093644822145	16.85951954716893	7.1040451687182715	0.4597553143825081	4.909856415817448	1.3434414671092585
0.19361239159427177	19.348630053960395	7.0855180156825295	0.45833318728180233	4.8414615163813215	1.3718440887005934
0.1838082877673112	19.054194729501504	7.829608625671177	0.44821244498784574	4.834167048235224	1.4391469553727898
0.27160340148759093	20.90636531512971	7.460215270559637	0.43468851364155503	3.497858626174584	2.026219843313666
0.2208263924942122	17.133092999297908	7.557590534786445	0.39360082755663617	2.001556293185904	1.6689154537452946
0.19103203474710456	22.830855202049424	9.302781680222305	0.390392275767794	2.948650470057806	1.7771293131809551
0.36809166478287	21.58308046201812	9.836200753122176	0.3696632957160999	2.8153200513766494	3.6206235103552613
0.46033553301401214	22.71840401787848	8.804882208812046	0.36534140975297774	2.0691987309106694	4.053200144719086
0.3542555384768648	24.409427080476792	9.749171357391418	0.3718658357747758	4.952056320941616	3.453697948915924
0.35096639666521107	24.99568964477872	9.388458122576008	0.3992645627373643	4.899332198417325	3.295033317522734
0.12732797944970412	21.117877339137173	13.54069105335798	0.41918595669357056	4.191181257030348	1.7241088321767573
0.13566212069695985	20.24254930665431	12.790785334403177	0.4414205342339532	3.3314045678665822	1.7352250638447078
0.29864012815803626	18.729277060281717	9.660252433014232	0.32082648288676446	1.9865732015852304	2.884939024634352
0.2715417004177136	29.728450641423954	8.471582421902797	0.3102450637550881	1.6879804411646515	2.300387896072298
0.2740372546673874	24.437652346882807	10.029283450794647	0.37542852638655455	1.315201174239306	2.7483973031368265
0.34569949109391934	23.331945899536144	10.394407846971832	0.4190096397780508	1.3323983371822172	3.5933415029208042
0.27285846885433057	23.520145468539845	10.24038466691278	0.39566764689153777	3.879583552875247	2.794175680693185
0.34447437793777175	21.934652327665574	9.042417781742884	0.36973818406097647	2.6215573153903766	3.114881240419326
0.23282797870200328	20.70619683413601	7.626012779732224	0.3052195960314196	3.5938382081073827	1.7755491410606992
0.41609147164051247	17.417179062307696	10.213068873293063	0.320778269921424	0.8153535125286185	4.249570857454421
0.31573168582943345	20.18934642812531	12.208839708448416	0.47286114695210646	2.1419911224020884	3.854717543169747
0.2369393930413128	21.185532462542383	12.789217391249563	0.45842551079283766	3.4332040008254534	3.0302694061560738
0.26546880321157346	20.912579938302954	13.323724828830382	0.4112030965242838	3.0303876505937444	3.537033284629928
0.25613812385013585	24.661309914094044	9.321295952353118	0.30655871266662327	3.4505688123448395	2.387539257087593
0.15816599624328773	27.043409755746502	12.28583346696014	0.3034489762703356	2.08526433661674	1.943201089980876
0.45374348289527966	21.539794916110644	11.472826575848904	0.3965486650525004	1.0040812314116243	5.205720289179207
0.3544836646178668	19.62030215223615	8.303180191086454	0.33279986667989214	0.6338868012675973	2.9433417421188057
0.20325400071321917	24.05809987786928	7.874335277470808	0.42362097923571346	1.4611493609541073	1.6004901481031786
0.3206556882215066	30.2622714342835	7.940264054361168	0.3320890599886092	1.9899726944790488	2.5460908350116704
0.26511994907092606	30.23341170075681	7.13348844576579	0.37321644629507944	1.3252905484690327	1.891230093439466
0.2996559880196733	30.73755646261416	7.260445724421312	0.35490440458132083	1.8527827385388933	2.175636037014681
0.20578471667658368	23.093187036895166	9.737572184084003	0.39770829444766087	3.2671935422517606	2.003843533019509
0.2503907595770361	18.614004373725724	7.922949487852946	0.389525748055686	3.4817507407324566	1.9838333403539883
0.27498810389650574	25.107430456623455	8.36400275967209	0.47557656091249995	3.320943037507345	2.3000012598673694
0.4752230984451739	22.91350821868822	9.252725014453118	0.47467194884872654	3.48641159484939	4.397108650429577
0.41560401976369266	22.527963680560408	9.322045202574218	0.4853286425896274	3.288434804479531	3.8742794586086915
0.28659840664334185	21.5970687212704	9.138349551740394	0.36893787907083847	4.617669230515459	2.619036420878694
0.35216096967489113	21.156222955895533	9.125481954933763	0.3900895811228948	4.2432510491503	3.213638574000195
0.224330562564721	24.0191850718695	10.35250551587602	0.4152330883708645	3.764752090073189	2.322383386330845
0.12306745824616312	24.47150707785405	10.15219264790557	0.40198357050850064	4.119514276445125	1.249404544803123
0.2249045609474697	24.13211151226015	8.219782490317856	0.415054884270142	1.2253570253730084	1.8486665720686364
0.22473314831670071	21.874904303931608	7.999727310091165	0.44732094146273754	1.9955106736115489	1.7978039040718792
0.30300797465495966	27.70655871234454	8.594428998093168	0.33680420161782904	1.348559316514784	2.604180524028065
