t	stream	y_obs	y_pred_q05	y_pred_q25	y_pred_q50	y_pred_q75	y_pred_q95	log_score	crps	pit	ess
7	joint	82	30.000000	36.750000	41.000000	47.000000	55.000000	-14.473119	36.003631	1.000000	19.69
7	weekly_cases	82	30.000000	36.750000	41.000000	47.000000	55.000000	-14.473119	36.003631	1.000000	19.69
14	joint	98	26.000000	33.000000	39.000000	45.000000	54.000000	-14.716754	53.904801	1.000000	1.01
14	weekly_cases	98	26.000000	33.000000	39.000000	45.000000	54.000000	-14.716754	53.904801	1.000000	1.01
21	joint	118	42.000000	50.000000	56.000000	63.000000	72.050000	-16.098152	56.104197	1.000000	3.33
21	weekly_cases	118	42.000000	50.000000	56.000000	63.000000	72.050000	-16.098152	56.104197	1.000000	3.33
28	joint	153	60.000000	78.000000	89.000000	100.000000	118.000000	-9.235653	54.135296	0.999000	36.20
28	weekly_cases	153	60.000000	78.000000	89.000000	100.000000	118.000000	-9.235653	54.135296	0.999000	36.20
35	joint	206	102.000000	129.000000	150.000000	172.000000	207.000000	-5.851075	38.178827	0.947000	544.14
35	weekly_cases	206	102.000000	129.000000	150.000000	172.000000	207.000000	-5.851075	38.178827	0.947000	544.14
42	joint	217	154.000000	189.000000	218.000000	248.000000	308.000000	-4.711754	10.538692	0.498000	1545.31
42	weekly_cases	217	154.000000	189.000000	218.000000	248.000000	308.000000	-4.711754	10.538692	0.498000	1545.31
49	joint	226	168.000000	207.750000	245.000000	287.000000	360.000000	-4.953074	16.195304	0.368500	1339.70
49	weekly_cases	226	168.000000	207.750000	245.000000	287.000000	360.000000	-4.953074	16.195304	0.368500	1339.70
56	joint	239	175.000000	217.000000	252.000000	293.250000	370.050000	-4.939358	14.536956	0.403000	1388.89
56	weekly_cases	239	175.000000	217.000000	252.000000	293.250000	370.050000	-4.939358	14.536956	0.403000	1388.89
63	joint	279	182.950000	228.000000	264.000000	305.000000	388.000000	-5.092196	15.217147	0.601000	1371.38
63	weekly_cases	279	182.950000	228.000000	264.000000	305.000000	388.000000	-5.092196	15.217147	0.601000	1371.38
70	joint	244	211.000000	265.000000	307.000000	358.000000	442.000000	-5.405648	39.057645	0.153000	981.37
70	weekly_cases	244	211.000000	265.000000	307.000000	358.000000	442.000000	-5.405648	39.057645	0.153000	981.37
77	joint	286	199.000000	243.000000	283.000000	326.000000	409.050000	-5.063895	14.591031	0.526000	1429.40
77	weekly_cases	286	199.000000	243.000000	283.000000	326.000000	409.050000	-5.063895	14.591031	0.526000	1429.40
84	joint	363	215.950000	267.000000	310.000000	359.000000	450.050000	-5.545170	31.240560	0.765500	1142.84
84	weekly_cases	363	215.950000	267.000000	310.000000	359.000000	450.050000	-5.545170	31.240560	0.765500	1142.84
91	joint	300	273.000000	335.000000	392.000000	454.000000	577.050000	-5.826336	57.281241	0.117000	839.87
91	weekly_cases	300	273.000000	335.000000	392.000000	454.000000	577.050000	-5.826336	57.281241	0.117000	839.87
98	joint	324	247.000000	306.750000	353.000000	408.000000	516.050000	-5.236695	22.337365	0.345500	1373.94
98	weekly_cases	324	247.000000	306.750000	353.000000	408.000000	516.050000	-5.236695	22.337365	0.345500	1373.94
105	joint	273	250.000000	308.000000	350.000000	407.000000	512.000000	-5.706734	50.696534	0.117000	871.22
105	weekly_cases	273	250.000000	308.000000	350.000000	407.000000	512.000000	-5.706734	50.696534	0.117000	871.22
112	joint	283	211.950000	258.000000	295.500000	340.000000	421.000000	-4.989573	15.362402	0.413000	1499.68
112	weekly_cases	283	211.950000	258.000000	295.500000	340.000000	421.000000	-4.989573	15.362402	0.413000	1499.68
119	joint	207	192.000000	232.000000	265.000000	301.000000	365.000000	-5.426369	36.604496	0.106000	924.92
119	weekly_cases	207	192.000000	232.000000	265.000000	301.000000	365.000000	-5.426369	36.604496	0.106000	924.92
126	joint	213	156.000000	193.000000	222.000000	256.000000	313.000000	-4.730474	11.726797	0.436500	1520.79
126	weekly_cases	213	156.000000	193.000000	222.000000	256.000000	313.000000	-4.730474	11.726797	0.436500	1520.79
133	joint	210	152.000000	190.000000	223.000000	264.000000	328.050000	-4.833636	13.788748	0.417500	1373.97
133	weekly_cases	210	152.000000	190.000000	223.000000	264.000000	328.050000	-4.833636	13.788748	0.417500	1373.97
140	joint	213	156.000000	195.000000	230.000000	266.000000	333.000000	-4.860921	14.453494	0.384500	1360.83
140	weekly_cases	213	156.000000	195.000000	230.000000	266.000000	333.000000	-4.860921	14.453494	0.384500	1360.83
147	joint	217	162.000000	203.000000	235.000000	275.000000	340.000000	-4.875509	15.057054	0.372000	1367.86
147	weekly_cases	217	162.000000	203.000000	235.000000	275.000000	340.000000	-4.875509	15.057054	0.372000	1367.86
154	joint	271	166.000000	207.000000	240.500000	281.000000	351.100000	-5.179676	19.152344	0.701000	1226.54
154	weekly_cases	271	166.000000	207.000000	240.500000	281.000000	351.100000	-5.179676	19.152344	0.701000	1226.54
161	joint	242	203.000000	250.000000	292.000000	340.250000	434.000000	-5.269376	31.118290	0.203500	1086.51
161	weekly_cases	242	203.000000	250.000000	292.000000	340.250000	434.000000	-5.269376	31.118290	0.203500	1086.51
168	joint	199	194.000000	237.000000	276.500000	322.000000	399.000000	-5.855551	51.488863	0.073500	633.71
168	weekly_cases	199	194.000000	237.000000	276.500000	322.000000	399.000000	-5.855551	51.488863	0.073500	633.71
175	joint	139	161.950000	201.000000	232.000000	270.000000	341.050000	-7.015281	70.081988	0.010000	236.11
175	weekly_cases	139	161.950000	201.000000	232.000000	270.000000	341.050000	-7.015281	70.081988	0.010000	236.11
182	joint	129	122.950000	152.000000	179.000000	209.250000	261.000000	-5.324675	32.139444	0.082500	678.26
182	weekly_cases	129	122.950000	152.000000	179.000000	209.250000	261.000000	-5.324675	32.139444	0.082500	678.26
189	joint	130	101.000000	127.000000	151.000000	176.000000	225.050000	-4.554796	13.283133	0.281000	1223.02
189	weekly_cases	130	101.000000	127.000000	151.000000	176.000000	225.050000	-4.554796	13.283133	0.281000	1223.02
196	joint	130	98.000000	124.000000	144.000000	168.000000	216.050000	-4.463678	10.373406	0.337000	1298.97
196	weekly_cases	130	98.000000	124.000000	144.000000	168.000000	216.050000	-4.463678	10.373406	0.337000	1298.97
203	joint	90	98.000000	124.000000	144.000000	168.250000	211.000000	-5.922592	39.161805	0.019500	345.51
203	weekly_cases	90	98.000000	124.000000	144.000000	168.250000	211.000000	-5.922592	39.161805	0.019500	345.51
210	joint	73	75.000000	93.000000	109.000000	127.000000	162.000000	-5.240447	24.956179	0.042500	528.82
210	weekly_cases	73	75.000000	93.000000	109.000000	127.000000	162.000000	-5.240447	24.956179	0.042500	528.82
217	joint	47	56.000000	70.000000	81.000000	93.000000	115.000000	-6.134999	25.395162	0.013000	224.39
217	weekly_cases	47	56.000000	70.000000	81.000000	93.000000	115.000000	-6.134999	25.395162	0.013000	224.39
224	joint	36	36.000000	47.000000	57.000000	67.000000	83.000000	-4.580127	14.086960	0.057500	513.28
224	weekly_cases	36	36.000000	47.000000	57.000000	67.000000	83.000000	-4.580127	14.086960	0.057500	513.28
231	joint	39	25.000000	33.000000	39.000000	46.000000	60.000000	-3.194276	2.347258	0.505500	1563.92
231	weekly_cases	39	25.000000	33.000000	39.000000	46.000000	60.000000	-3.194276	2.347258	0.505500	1563.92
238	joint	21	22.000000	29.000000	35.000000	41.000000	53.000000	-4.314198	9.587452	0.049000	529.39
238	weekly_cases	21	22.000000	29.000000	35.000000	41.000000	53.000000	-4.314198	9.587452	0.049000	529.39
245	joint	27	15.000000	21.000000	26.000000	31.000000	40.000000	-2.987991	1.897795	0.598500	1477.87
245	weekly_cases	27	15.000000	21.000000	26.000000	31.000000	40.000000	-2.987991	1.897795	0.598500	1477.87
252	joint	14	13.000000	19.000000	23.000000	29.000000	39.000000	-3.745306	6.391761	0.073500	610.14
252	weekly_cases	14	13.000000	19.000000	23.000000	29.000000	39.000000	-3.745306	6.391761	0.073500	610.14
259	joint	29	10.000000	14.000000	18.000000	22.000000	29.000000	-4.285444	7.593727	0.952500	514.38
259	weekly_cases	29	10.000000	14.000000	18.000000	22.000000	29.000000	-4.285444	7.593727	0.952500	514.38
266	joint	19	13.000000	19.000000	24.000000	30.000000	40.000000	-3.078200	3.195847	0.270500	1144.12
266	weekly_cases	19	13.000000	19.000000	24.000000	30.000000	40.000000	-3.078200	3.195847	0.270500	1144.12
273	joint	27	13.000000	19.000000	24.000000	30.000000	42.000000	-3.133754	2.249532	0.641000	1305.20
273	weekly_cases	27	13.000000	19.000000	24.000000	30.000000	42.000000	-3.133754	2.249532	0.641000	1305.20
280	joint	38	17.000000	24.000000	31.000000	38.000000	50.000000	-3.626163	4.342935	0.753500	1055.86
280	weekly_cases	38	17.000000	24.000000	31.000000	38.000000	50.000000	-3.626163	4.342935	0.753500	1055.86
287	joint	28	25.000000	35.000000	43.000000	52.000000	68.000000	-4.042753	9.618265	0.105000	663.32
287	weekly_cases	28	25.000000	35.000000	43.000000	52.000000	68.000000	-4.042753	9.618265	0.105000	663.32
294	joint	54	23.000000	31.000000	39.000000	48.000000	64.000000	-4.288576	9.033715	0.865000	748.36
294	weekly_cases	54	23.000000	31.000000	39.000000	48.000000	64.000000	-4.288576	9.033715	0.865000	748.36
301	joint	65	35.000000	49.000000	59.000000	70.000000	92.000000	-3.854942	4.788034	0.664000	1259.39
301	weekly_cases	65	35.000000	49.000000	59.000000	70.000000	92.000000	-3.854942	4.788034	0.664000	1259.39
308	joint	80	47.000000	62.000000	73.000000	87.000000	113.000000	-4.044491	5.419269	0.651500	1259.23
308	weekly_cases	80	47.000000	62.000000	73.000000	87.000000	113.000000	-4.044491	5.419269	0.651500	1259.23
315	joint	57	54.000000	70.000000	82.000000	97.000000	123.000000	-4.656290	16.585038	0.080500	676.97
315	weekly_cases	57	54.000000	70.000000	82.000000	97.000000	123.000000	-4.656290	16.585038	0.080500	676.97
322	joint	65	47.000000	61.000000	73.000000	86.000000	111.000000	-3.808892	5.823322	0.331500	1337.64
322	weekly_cases	65	47.000000	61.000000	73.000000	86.000000	111.000000	-3.808892	5.823322	0.331500	1337.64
329	joint	110	48.000000	64.000000	76.000000	91.000000	117.050000	-5.241381	22.248517	0.923500	543.76
329	weekly_cases	110	48.000000	64.000000	76.000000	91.000000	117.050000	-5.241381	22.248517	0.923500	543.76
336	joint	84	81.950000	104.000000	122.000000	145.000000	186.000000	-5.130898	25.797232	0.067000	586.25
336	weekly_cases	84	81.950000	104.000000	122.000000	145.000000	186.000000	-5.130898	25.797232	0.067000	586.25
343	joint	123	74.000000	94.000000	112.000000	133.000000	169.000000	-4.422183	8.344131	0.657000	1264.79
343	weekly_cases	123	74.000000	94.000000	112.000000	133.000000	169.000000	-4.422183	8.344131	0.657000	1264.79
350	joint	114	92.000000	117.000000	140.000000	164.000000	209.050000	-4.632432	15.809768	0.219000	1046.65
350	weekly_cases	114	92.000000	117.000000	140.000000	164.000000	209.050000	-4.632432	15.809768	0.219000	1046.65
357	joint	163	91.950000	116.000000	138.000000	163.000000	207.000000	-4.859597	14.855165	0.752000	1061.44
357	weekly_cases	163	91.950000	116.000000	138.000000	163.000000	207.000000	-4.859597	14.855165	0.752000	1061.44
364	joint	155	120.000000	153.000000	180.000000	208.000000	264.000000	-4.732735	15.377206	0.274000	1206.77
364	weekly_cases	155	120.000000	153.000000	180.000000	208.000000	264.000000	-4.732735	15.377206	0.274000	1206.77
371	joint	240	115.000000	143.000000	166.000000	191.000000	235.000000	-6.336781	52.160513	0.962000	408.12
371	weekly_cases	240	115.000000	143.000000	166.000000	191.000000	235.000000	-6.336781	52.160513	0.962000	408.12
378	joint	210	152.000000	185.000000	211.000000	243.000000	297.000000	-4.664498	10.212613	0.491000	1554.84
378	weekly_cases	210	152.000000	185.000000	211.000000	243.000000	297.000000	-4.664498	10.212613	0.491000	1554.84
385	joint	290	157.000000	191.000000	222.000000	259.000000	322.000000	-5.811600	41.421596	0.881000	741.31
385	weekly_cases	290	157.000000	191.000000	222.000000	259.000000	322.000000	-5.811600	41.421596	0.881000	741.31
392	joint	381	216.950000	274.000000	322.000000	373.000000	469.050000	-5.665551	35.415639	0.781500	1069.64
392	weekly_cases	381	216.950000	274.000000	322.000000	373.000000	469.050000	-5.665551	35.415639	0.781500	1069.64
399	joint	573	304.950000	376.750000	433.000000	505.000000	626.050000	-6.579343	86.158471	0.892500	689.69
399	weekly_cases	573	304.950000	376.750000	433.000000	505.000000	626.050000	-6.579343	86.158471	0.892500	689.69
406	joint	814	463.950000	560.000000	650.500000	745.250000	910.000000	-6.650555	99.754952	0.864500	863.98
406	weekly_cases	814	463.950000	560.000000	650.500000	745.250000	910.000000	-6.650555	99.754952	0.864500	863.98
413	joint	640	663.950000	799.500000	924.000000	1059.000000	1331.200000	-7.417414	197.514074	0.034500	471.82
413	weekly_cases	640	663.950000	799.500000	924.000000	1059.000000	1331.200000	-7.417414	197.514074	0.034500	471.82
420	joint	977	567.950000	693.000000	809.000000	934.250000	1153.000000	-6.665030	99.507839	0.808500	992.07
420	weekly_cases	977	567.950000	693.000000	809.000000	934.250000	1153.000000	-6.665030	99.507839	0.808500	992.07
427	joint	986	765.000000	936.000000	1070.000000	1238.000000	1522.050000	-6.328983	66.279335	0.345500	1383.78
427	weekly_cases	986	765.000000	936.000000	1070.000000	1238.000000	1522.050000	-6.328983	66.279335	0.345500	1383.78
434	joint	1072	799.900000	987.000000	1129.000000	1296.000000	1581.100000	-6.353481	61.625118	0.395500	1436.30
434	weekly_cases	1072	799.900000	987.000000	1129.000000	1296.000000	1581.100000	-6.353481	61.625118	0.395500	1436.30
441	joint	1498	847.850000	1039.000000	1204.000000	1372.250000	1703.100000	-7.292489	180.014953	0.850500	847.32
441	weekly_cases	1498	847.850000	1039.000000	1204.000000	1372.250000	1703.100000	-7.292489	180.014953	0.850500	847.32
448	joint	1601	1174.950000	1408.000000	1628.000000	1882.250000	2323.100000	-6.762984	83.209421	0.469000	1431.28
448	weekly_cases	1601	1174.950000	1408.000000	1628.000000	1882.250000	2323.100000	-6.762984	83.209421	0.469000	1431.28
455	joint	1652	1265.750000	1532.750000	1759.000000	2021.000000	2513.150000	-6.806613	99.271505	0.380500	1416.78
455	weekly_cases	1652	1265.750000	1532.750000	1759.000000	2021.000000	2513.150000	-6.806613	99.271505	0.380500	1416.78
462	joint	1688	1287.000000	1574.750000	1812.000000	2097.250000	2589.000000	-6.809334	106.478297	0.367500	1423.60
462	weekly_cases	1688	1287.000000	1574.750000	1812.000000	2097.250000	2589.000000	-6.809334	106.478297	0.367500	1423.60
469	joint	1651	1340.700000	1604.750000	1836.500000	2111.000000	2563.050000	-6.856087	125.333382	0.296000	1361.20
469	weekly_cases	1651	1340.700000	1604.750000	1836.500000	2111.000000	2563.050000	-6.856087	125.333382	0.296000	1361.20
476	joint	1314	1225.950000	1499.000000	1707.000000	1976.000000	2421.100000	-7.387437	259.095718	0.095500	795.01
476	weekly_cases	1314	1225.950000	1499.000000	1707.000000	1976.000000	2421.100000	-7.387437	259.095718	0.095500	795.01
483	joint	1058	961.000000	1169.000000	1324.000000	1500.000000	1781.100000	-6.920660	169.095101	0.122000	1005.33
483	weekly_cases	1058	961.000000	1169.000000	1324.000000	1500.000000	1781.100000	-6.920660	169.095101	0.122000	1005.33
490	joint	815	797.000000	942.000000	1079.000000	1206.000000	1449.250000	-7.069720	168.830826	0.068000	789.18
490	weekly_cases	815	797.000000	942.000000	1079.000000	1206.000000	1449.250000	-7.069720	168.830826	0.068000	789.18
497	joint	822	667.950000	797.000000	915.500000	1052.000000	1262.000000	-6.157469	62.281439	0.307500	1368.41
497	weekly_cases	822	667.950000	797.000000	915.500000	1052.000000	1262.000000	-6.157469	62.281439	0.307500	1368.41
504	joint	819	613.950000	751.000000	863.000000	997.000000	1215.200000	-6.087232	48.019078	0.397500	1429.82
504	weekly_cases	819	613.950000	751.000000	863.000000	997.000000	1215.200000	-6.087232	48.019078	0.397500	1429.82
511	joint	614	622.950000	763.000000	878.000000	1012.000000	1242.200000	-7.210809	182.622697	0.044500	529.22
511	weekly_cases	614	622.950000	763.000000	878.000000	1012.000000	1242.200000	-7.210809	182.622697	0.044500	529.22
518	joint	508	500.950000	618.000000	717.000000	821.000000	998.050000	-6.864164	139.527264	0.057500	562.24
518	weekly_cases	508	500.950000	618.000000	717.000000	821.000000	998.050000	-6.864164	139.527264	0.057500	562.24
525	joint	472	391.950000	499.000000	577.000000	668.000000	825.050000	-5.982325	65.097153	0.183500	1041.19
525	weekly_cases	472	391.950000	499.000000	577.000000	668.000000	825.050000	-5.982325	65.097153	0.183500	1041.19
532	joint	412	363.000000	438.000000	509.000000	591.000000	734.050000	-5.847611	59.841311	0.166500	1026.91
532	weekly_cases	412	363.000000	438.000000	509.000000	591.000000	734.050000	-5.847611	59.841311	0.166500	1026.91
539	joint	342	322.950000	389.750000	454.000000	521.000000	641.000000	-6.083721	70.586014	0.096500	765.41
539	weekly_cases	342	322.950000	389.750000	454.000000	521.000000	641.000000	-6.083721	70.586014	0.096500	765.41
546	joint	249	269.000000	328.000000	378.000000	441.000000	554.050000	-6.854296	94.352115	0.020500	392.56
546	weekly_cases	249	269.000000	328.000000	378.000000	441.000000	554.050000	-6.854296	94.352115	0.020500	392.56
553	joint	220	213.950000	256.000000	297.000000	346.250000	433.050000	-5.747096	51.021625	0.070500	732.34
553	weekly_cases	220	213.950000	256.000000	297.000000	346.250000	433.050000	-5.747096	51.021625	0.070500	732.34
560	joint	207	174.000000	214.000000	248.000000	290.000000	358.000000	-5.063085	25.845851	0.199000	1127.11
560	weekly_cases	207	174.000000	214.000000	248.000000	290.000000	358.000000	-5.063085	25.845851	0.199000	1127.11
567	joint	153	154.000000	194.000000	223.000000	260.000000	324.050000	-5.907406	48.906422	0.048000	521.36
567	weekly_cases	153	154.000000	194.000000	223.000000	260.000000	324.050000	-5.907406	48.906422	0.048000	521.36
574	joint	129	120.000000	150.750000	176.000000	204.000000	259.000000	-5.235131	30.348949	0.088500	744.48
574	weekly_cases	129	120.000000	150.750000	176.000000	204.000000	259.000000	-5.235131	30.348949	0.088500	744.48
581	joint	113	96.000000	116.000000	134.000000	154.000000	185.000000	-4.406591	12.614785	0.218500	1257.24
581	weekly_cases	113	96.000000	116.000000	134.000000	154.000000	185.000000	-4.406591	12.614785	0.218500	1257.24
588	joint	61	76.000000	93.750000	109.000000	123.000000	150.050000	-6.983724	36.112645	0.005000	200.96
588	weekly_cases	61	76.000000	93.750000	109.000000	123.000000	150.050000	-6.983724	36.112645	0.005000	200.96
595	joint	66	52.000000	67.000000	78.000000	89.000000	108.000000	-3.871712	7.015337	0.242500	1361.20
595	weekly_cases	66	52.000000	67.000000	78.000000	89.000000	108.000000	-3.871712	7.015337	0.242500	1361.20
602	joint	61	41.000000	53.000000	63.000000	72.000000	90.000000	-3.577450	3.356539	0.469000	1559.58
602	weekly_cases	61	41.000000	53.000000	63.000000	72.000000	90.000000	-3.577450	3.356539	0.469000	1559.58
609	joint	48	36.000000	47.000000	55.000000	64.000000	80.000000	-3.520836	4.318089	0.311000	1413.66
609	weekly_cases	48	36.000000	47.000000	55.000000	64.000000	80.000000	-3.520836	4.318089	0.311000	1413.66
616	joint	36	29.000000	38.000000	46.000000	53.000000	66.050000	-3.608192	5.791942	0.201000	1143.61
616	weekly_cases	36	29.000000	38.000000	46.000000	53.000000	66.050000	-3.608192	5.791942	0.201000	1143.61
623	joint	46	23.000000	31.000000	36.000000	43.000000	55.000000	-3.765606	5.655699	0.832500	1059.83
623	weekly_cases	46	23.000000	31.000000	36.000000	43.000000	55.000000	-3.765606	5.655699	0.832500	1059.83
630	joint	51	25.000000	33.000000	41.000000	49.000000	63.000000	-3.858969	5.979888	0.806000	1051.59
630	weekly_cases	51	25.000000	33.000000	41.000000	49.000000	63.000000	-3.858969	5.979888	0.806000	1051.59
637	joint	35	32.000000	42.000000	52.000000	62.250000	81.000000	-4.143786	10.682459	0.103000	702.79
637	weekly_cases	35	32.000000	42.000000	52.000000	62.250000	81.000000	-4.143786	10.682459	0.103000	702.79
644	joint	33	28.000000	37.000000	45.000000	54.000000	69.000000	-3.774793	7.368900	0.158000	925.90
644	weekly_cases	33	28.000000	37.000000	45.000000	54.000000	69.000000	-3.774793	7.368900	0.158000	925.90
651	joint	48	25.000000	34.000000	41.000000	50.000000	65.000000	-3.636867	4.047557	0.711500	1230.48
651	weekly_cases	48	25.000000	34.000000	41.000000	50.000000	65.000000	-3.636867	4.047557	0.711500	1230.48
658	joint	40	32.000000	43.000000	52.000000	62.000000	80.000000	-3.804163	7.203547	0.193500	1009.05
658	weekly_cases	40	32.000000	43.000000	52.000000	62.000000	80.000000	-3.804163	7.203547	0.193500	1009.05
665	joint	47	30.950000	41.000000	50.000000	60.000000	77.000000	-3.556145	3.555362	0.432000	1335.53
665	weekly_cases	47	30.950000	41.000000	50.000000	60.000000	77.000000	-3.556145	3.555362	0.432000	1335.53
672	joint	32	33.000000	44.000000	53.000000	64.000000	84.000000	-4.739026	14.717269	0.046000	414.48
672	weekly_cases	32	33.000000	44.000000	53.000000	64.000000	84.000000	-4.739026	14.717269	0.046000	414.48
679	joint	23	26.000000	34.000000	41.000000	49.000000	62.000000	-4.862796	13.022420	0.034000	343.18
679	weekly_cases	23	26.000000	34.000000	41.000000	49.000000	62.000000	-4.862796	13.022420	0.034000	343.18
686	joint	35	18.000000	25.000000	32.000000	39.000000	52.000000	-3.349316	2.770409	0.648500	1296.68
686	weekly_cases	35	18.000000	25.000000	32.000000	39.000000	52.000000	-3.349316	2.770409	0.648500	1296.68
693	joint	42	21.000000	29.000000	37.000000	46.000000	60.050000	-3.575519	3.639049	0.661500	1188.16
693	weekly_cases	42	21.000000	29.000000	37.000000	46.000000	60.050000	-3.575519	3.639049	0.661500	1188.16
700	joint	43	27.000000	37.000000	45.000000	55.000000	72.000000	-3.467246	3.294060	0.446000	1344.04
700	weekly_cases	43	27.000000	37.000000	45.000000	55.000000	72.000000	-3.467246	3.294060	0.446000	1344.04
707	joint	33	30.000000	41.000000	49.000000	59.000000	75.000000	-4.146977	10.576016	0.091500	697.86
707	weekly_cases	33	30.000000	41.000000	49.000000	59.000000	75.000000	-4.146977	10.576016	0.091500	697.86
714	joint	42	27.000000	36.000000	43.000000	52.000000	67.000000	-3.367257	2.893014	0.483000	1435.73
714	weekly_cases	42	27.000000	36.000000	43.000000	52.000000	67.000000	-3.367257	2.893014	0.483000	1435.73
721	joint	52	29.000000	38.000000	46.000000	57.000000	75.000000	-3.656216	4.041956	0.657000	1292.46
721	weekly_cases	52	29.000000	38.000000	46.000000	57.000000	75.000000	-3.656216	4.041956	0.657000	1292.46
728	joint	69	35.000000	46.000000	56.000000	67.000000	87.000000	-4.132678	7.594407	0.787500	1032.14
728	weekly_cases	69	35.000000	46.000000	56.000000	67.000000	87.000000	-4.132678	7.594407	0.787500	1032.14
735	joint	88	44.000000	57.000000	68.000000	80.000000	100.000000	-4.540828	12.030596	0.865500	877.05
735	weekly_cases	88	44.000000	57.000000	68.000000	80.000000	100.000000	-4.540828	12.030596	0.865500	877.05
742	joint	86	52.000000	66.000000	78.000000	90.250000	111.050000	-4.001222	5.629971	0.682500	1371.88
742	weekly_cases	86	52.000000	66.000000	78.000000	90.250000	111.050000	-4.001222	5.629971	0.682500	1371.88
749	joint	109	56.000000	70.000000	83.000000	98.000000	124.000000	-4.818038	15.544730	0.872500	808.77
749	weekly_cases	109	56.000000	70.000000	83.000000	98.000000	124.000000	-4.818038	15.544730	0.872500	808.77
756	joint	100	75.000000	95.000000	113.000000	133.000000	168.000000	-4.238654	8.926546	0.329000	1275.71
756	weekly_cases	100	75.000000	95.000000	113.000000	133.000000	168.000000	-4.238654	8.926546	0.329000	1275.71
763	joint	221	78.000000	98.000000	116.000000	137.000000	172.000000	-8.598414	85.341330	0.997000	55.78
763	weekly_cases	221	78.000000	98.000000	116.000000	137.000000	172.000000	-8.598414	85.341330	0.997000	55.78
770	joint	237	156.000000	195.000000	227.000000	261.000000	326.000000	-4.845980	12.170824	0.593000	1425.56
770	weekly_cases	237	156.000000	195.000000	227.000000	261.000000	326.000000	-4.845980	12.170824	0.593000	1425.56
777	joint	353	186.950000	229.000000	262.000000	304.250000	379.000000	-6.232858	58.207762	0.917000	624.72
777	weekly_cases	353	186.950000	229.000000	262.000000	304.250000	379.000000	-6.232858	58.207762	0.917000	624.72
784	joint	389	261.950000	328.000000	380.500000	441.000000	533.000000	-5.361369	19.835091	0.542500	1424.75
784	weekly_cases	389	261.950000	328.000000	380.500000	441.000000	533.000000	-5.361369	19.835091	0.542500	1424.75
791	joint	372	308.000000	376.000000	430.000000	491.000000	610.000000	-5.493185	35.731420	0.237500	1268.64
791	weekly_cases	372	308.000000	376.000000	430.000000	491.000000	610.000000	-5.493185	35.731420	0.237500	1268.64
798	joint	557	300.000000	360.000000	420.000000	485.000000	600.000000	-6.631407	87.704863	0.909500	635.43
798	weekly_cases	557	300.000000	360.000000	420.000000	485.000000	600.000000	-6.631407	87.704863	0.909500	635.43
805	joint	430	408.000000	504.000000	578.000000	660.000000	835.000000	-6.455277	97.163009	0.083000	726.27
805	weekly_cases	430	408.000000	504.000000	578.000000	660.000000	835.000000	-6.455277	97.163009	0.083000	726.27
812	joint	597	364.000000	440.000000	507.500000	583.250000	719.000000	-6.081217	52.075423	0.782000	1120.93
812	weekly_cases	597	364.000000	440.000000	507.500000	583.250000	719.000000	-6.081217	52.075423	0.782000	1120.93
819	joint	675	438.950000	536.000000	617.000000	712.250000	867.100000	-5.948837	40.730225	0.671000	1367.97
819	weekly_cases	675	438.950000	536.000000	617.000000	712.250000	867.100000	-5.948837	40.730225	0.671000	1367.97
826	joint	736	506.950000	623.000000	719.000000	831.000000	1022.000000	-5.962764	36.703318	0.543500	1460.73
826	weekly_cases	736	506.950000	623.000000	719.000000	831.000000	1022.000000	-5.962764	36.703318	0.543500	1460.73
833	joint	950	553.000000	681.000000	790.000000	913.000000	1110.050000	-6.622541	93.344542	0.803000	1017.98
833	weekly_cases	950	553.000000	681.000000	790.000000	913.000000	1110.050000	-6.622541	93.344542	0.803000	1017.98
840	joint	935	703.000000	849.000000	966.500000	1116.000000	1341.100000	-6.170618	48.640980	0.431500	1482.17
840	weekly_cases	935	703.000000	849.000000	966.500000	1116.000000	1341.100000	-6.170618	48.640980	0.431500	1482.17
847	joint	1054	656.950000	789.000000	892.000000	1015.000000	1218.000000	-6.597335	95.367019	0.812500	1147.48
847	weekly_cases	1054	656.950000	789.000000	892.000000	1015.000000	1218.000000	-6.597335	95.367019	0.812500	1147.48
854	joint	1056	696.900000	834.000000	940.000000	1063.250000	1237.000000	-6.375282	69.618274	0.741000	1381.85
854	weekly_cases	1056	696.900000	834.000000	940.000000	1063.250000	1237.000000	-6.375282	69.618274	0.741000	1381.85
861	joint	928	741.950000	898.000000	1031.000000	1176.250000	1465.050000	-6.240694	68.853487	0.302500	1395.08
861	weekly_cases	928	741.950000	898.000000	1031.000000	1176.250000	1465.050000	-6.240694	68.853487	0.302500	1395.08
868	joint	836	707.000000	861.000000	974.000000	1118.000000	1359.000000	-6.325128	86.715910	0.204500	1225.87
868	weekly_cases	836	707.000000	861.000000	974.000000	1118.000000	1359.000000	-6.325128	86.715910	0.204500	1225.87
875	joint	1034	652.800000	779.000000	884.000000	1010.000000	1235.000000	-6.571427	85.889955	0.785000	1162.50
875	weekly_cases	1034	652.800000	779.000000	884.000000	1010.000000	1235.000000	-6.571427	85.889955	0.785000	1162.50
882	joint	967	748.950000	898.000000	1026.000000	1176.000000	1426.050000	-6.203308	54.823528	0.374000	1492.84
882	weekly_cases	967	748.950000	898.000000	1026.000000	1176.000000	1426.050000	-6.203308	54.823528	0.374000	1492.84
889	joint	1073	722.000000	869.750000	1007.000000	1146.000000	1388.000000	-6.339889	55.996339	0.636500	1433.34
889	weekly_cases	1073	722.000000	869.750000	1007.000000	1146.000000	1388.000000	-6.339889	55.996339	0.636500	1433.34
896	joint	1081	793.950000	945.000000	1091.000000	1241.000000	1500.150000	-6.249374	50.281784	0.483500	1550.22
896	weekly_cases	1081	793.950000	945.000000	1091.000000	1241.000000	1500.150000	-6.249374	50.281784	0.483500	1550.22
903	joint	977	813.000000	977.000000	1112.000000	1271.000000	1542.000000	-6.355184	85.525243	0.251000	1338.18
903	weekly_cases	977	813.000000	977.000000	1112.000000	1271.000000	1542.000000	-6.355184	85.525243	0.251000	1338.18
910	joint	866	744.000000	905.000000	1024.000000	1167.250000	1393.050000	-6.418800	97.749038	0.191000	1192.46
910	weekly_cases	866	744.000000	905.000000	1024.000000	1167.250000	1393.050000	-6.418800	97.749038	0.191000	1192.46
917	joint	797	659.900000	795.000000	913.500000	1036.250000	1259.000000	-6.194541	71.025785	0.252500	1304.78
917	weekly_cases	797	659.900000	795.000000	913.500000	1036.250000	1259.000000	-6.194541	71.025785	0.252500	1304.78
924	joint	630	587.000000	718.000000	827.000000	950.000000	1147.150000	-6.632494	126.001562	0.095000	821.50
924	weekly_cases	630	587.000000	718.000000	827.000000	950.000000	1147.150000	-6.632494	126.001562	0.095000	821.50
931	joint	492	478.950000	588.750000	671.500000	766.000000	938.150000	-6.771352	120.668128	0.072000	636.18
931	weekly_cases	492	478.950000	588.750000	671.500000	766.000000	938.150000	-6.771352	120.668128	0.072000	636.18
938	joint	478	378.000000	459.000000	529.000000	609.250000	749.000000	-5.632690	35.458507	0.310000	1354.77
938	weekly_cases	478	378.000000	459.000000	529.000000	609.250000	749.000000	-5.632690	35.458507	0.310000	1354.77
945	joint	376	321.950000	389.000000	438.000000	496.000000	592.000000	-5.527123	38.732625	0.203000	1283.94
945	weekly_cases	376	321.950000	389.000000	438.000000	496.000000	592.000000	-5.527123	38.732625	0.203000	1283.94
952	joint	350	257.000000	306.000000	345.000000	390.000000	466.050000	-5.058932	14.813439	0.532000	1661.20
952	weekly_cases	350	257.000000	306.000000	345.000000	390.000000	466.050000	-5.058932	14.813439	0.532000	1661.20
959	joint	255	217.950000	261.000000	294.000000	329.000000	388.050000	-5.099303	23.700169	0.217000	1374.16
959	weekly_cases	255	217.950000	261.000000	294.000000	329.000000	388.050000	-5.099303	23.700169	0.217000	1374.16
966	joint	161	172.950000	208.000000	234.000000	266.000000	315.050000	-6.291835	53.173887	0.022000	492.17
966	weekly_cases	161	172.950000	208.000000	234.000000	266.000000	315.050000	-6.291835	53.173887	0.022000	492.17
973	joint	125	123.000000	145.000000	165.000000	187.000000	224.050000	-5.235860	26.386414	0.067000	881.73
973	weekly_cases	125	123.000000	145.000000	165.000000	187.000000	224.050000	-5.235860	26.386414	0.067000	881.73
980	joint	93	91.000000	110.000000	124.000000	142.000000	167.000000	-5.002765	21.447953	0.063000	842.12
980	weekly_cases	93	91.000000	110.000000	124.000000	142.000000	167.000000	-5.002765	21.447953	0.063000	842.12
987	joint	78	67.000000	82.000000	94.000000	108.000000	130.000000	-4.114845	9.812990	0.184500	1275.35
987	weekly_cases	78	67.000000	82.000000	94.000000	108.000000	130.000000	-4.114845	9.812990	0.184500	1275.35
994	joint	82	54.000000	67.000000	79.000000	91.000000	112.000000	-3.839654	4.346717	0.587500	1517.31
994	weekly_cases	82	54.000000	67.000000	79.000000	91.000000	112.000000	-3.839654	4.346717	0.587500	1517.31
1001	joint	69	53.000000	68.000000	80.000000	94.000000	119.000000	-3.964364	7.247503	0.271500	1258.54
1001	weekly_cases	69	53.000000	68.000000	80.000000	94.000000	119.000000	-3.964364	7.247503	0.271500	1258.54
1008	joint	91	49.000000	64.000000	75.000000	90.000000	116.000000	-4.332221	9.160629	0.770500	1090.47
1008	weekly_cases	91	49.000000	64.000000	75.000000	90.000000	116.000000	-4.332221	9.160629	0.770500	1090.47
1015	joint	72	60.000000	77.000000	94.000000	110.000000	139.000000	-4.343159	13.106671	0.168500	957.39
1015	weekly_cases	72	60.000000	77.000000	94.000000	110.000000	139.000000	-4.343159	13.106671	0.168500	957.39
1022	joint	116	56.000000	71.000000	83.000000	99.000000	126.000000	-5.176308	20.377905	0.902000	619.40
1022	weekly_cases	116	56.000000	71.000000	83.000000	99.000000	126.000000	-5.176308	20.377905	0.902000	619.40
1029	joint	105	75.000000	99.000000	117.000000	139.000000	171.000000	-4.260870	8.925638	0.336500	1292.67
1029	weekly_cases	105	75.000000	99.000000	117.000000	139.000000	171.000000	-4.260870	8.925638	0.336500	1292.67
1036	joint	119	78.000000	99.000000	115.000000	136.000000	170.000000	-4.263802	6.606483	0.548500	1414.84
1036	weekly_cases	119	78.000000	99.000000	115.000000	136.000000	170.000000	-4.263802	6.606483	0.548500	1414.84
1043	joint	157	82.950000	101.000000	117.000000	137.000000	171.000000	-5.262748	24.526007	0.904000	748.50
1043	weekly_cases	157	82.950000	101.000000	117.000000	137.000000	171.000000	-5.262748	24.526007	0.904000	748.50
1050	joint	141	100.000000	125.000000	144.000000	167.000000	207.050000	-4.351338	7.510676	0.464500	1501.28
1050	weekly_cases	141	100.000000	125.000000	144.000000	167.000000	207.050000	-4.351338	7.510676	0.464500	1501.28
1057	joint	215	102.000000	128.000000	149.000000	172.000000	213.000000	-6.099317	45.518765	0.953000	454.59
1057	weekly_cases	215	102.000000	128.000000	149.000000	172.000000	213.000000	-6.099317	45.518765	0.953000	454.59
1064	joint	221	153.000000	188.750000	218.000000	251.000000	311.000000	-4.785251	10.848465	0.531000	1475.49
1064	weekly_cases	221	153.000000	188.750000	218.000000	251.000000	311.000000	-4.785251	10.848465	0.531000	1475.49
1071	joint	239	163.000000	205.000000	238.500000	277.000000	345.050000	-4.879647	12.456614	0.509500	1450.47
1071	weekly_cases	239	163.000000	205.000000	238.500000	277.000000	345.050000	-4.879647	12.456614	0.509500	1450.47
1078	joint	243	178.000000	221.000000	255.000000	297.000000	363.000000	-4.885928	13.928921	0.419500	1453.76
1078	weekly_cases	243	178.000000	221.000000	255.000000	297.000000	363.000000	-4.885928	13.928921	0.419500	1453.76
1085	joint	239	181.000000	226.000000	262.000000	303.000000	373.000000	-4.924028	17.065027	0.341500	1406.97
1085	weekly_cases	239	181.000000	226.000000	262.000000	303.000000	373.000000	-4.924028	17.065027	0.341500	1406.97
1092	joint	229	181.950000	223.750000	259.000000	298.000000	367.000000	-4.969360	19.706519	0.291000	1327.94
1092	weekly_cases	229	181.950000	223.750000	259.000000	298.000000	367.000000	-4.969360	19.706519	0.291000	1327.94
1099	joint	359	166.000000	202.000000	233.000000	270.000000	328.050000	-7.464608	93.874567	0.985000	214.17
1099	weekly_cases	359	166.000000	202.000000	233.000000	270.000000	328.050000	-7.464608	93.874567	0.985000	214.17
1106	joint	291	224.000000	266.000000	303.000000	344.000000	415.000000	-4.941903	14.622883	0.422500	1611.92
1106	weekly_cases	291	224.000000	266.000000	303.000000	344.000000	415.000000	-4.941903	14.622883	0.422500	1611.92
1113	joint	378	205.000000	247.000000	283.000000	324.000000	390.050000	-6.338991	62.235627	0.931000	614.55
1113	weekly_cases	378	205.000000	247.000000	283.000000	324.000000	390.050000	-6.338991	62.235627	0.931000	614.55
1120	joint	418	254.950000	317.000000	367.000000	425.000000	510.100000	-5.576220	30.324659	0.726500	1247.09
1120	weekly_cases	418	254.950000	317.000000	367.000000	425.000000	510.100000	-5.576220	30.324659	0.726500	1247.09
1127	joint	482	309.000000	376.750000	432.000000	500.250000	615.050000	-5.656190	31.730904	0.695000	1319.41
1127	weekly_cases	482	309.000000	376.750000	432.000000	500.250000	615.050000	-5.656190	31.730904	0.695000	1319.41
1134	joint	583	362.000000	437.000000	501.000000	574.000000	724.100000	-6.019976	48.383541	0.772000	1151.03
1134	weekly_cases	583	362.000000	437.000000	501.000000	574.000000	724.100000	-6.019976	48.383541	0.772000	1151.03
1141	joint	597	425.900000	515.000000	594.000000	686.000000	841.000000	-5.725654	29.169624	0.511500	1491.55
1141	weekly_cases	597	425.900000	515.000000	594.000000	686.000000	841.000000	-5.725654	29.169624	0.511500	1491.55
1148	joint	644	447.950000	545.750000	630.000000	724.000000	885.050000	-5.828508	31.502450	0.549000	1453.30
1148	weekly_cases	644	447.950000	545.750000	630.000000	724.000000	885.050000	-5.828508	31.502450	0.549000	1453.30
1155	joint	656	481.000000	582.750000	666.000000	764.000000	919.200000	-5.808359	31.363191	0.475500	1506.84
1155	weekly_cases	656	481.000000	582.750000	666.000000	764.000000	919.200000	-5.808359	31.363191	0.475500	1506.84
1162	joint	574	491.950000	592.000000	673.000000	770.000000	958.050000	-6.005299	61.843353	0.200000	1184.14
1162	weekly_cases	574	491.950000	592.000000	673.000000	770.000000	958.050000	-6.005299	61.843353	0.200000	1184.14
1169	joint	499	443.000000	533.000000	614.000000	707.000000	852.000000	-6.036490	70.208386	0.164500	1040.43
1169	weekly_cases	499	443.000000	533.000000	614.000000	707.000000	852.000000	-6.036490	70.208386	0.164500	1040.43
1176	joint	513	386.000000	466.750000	534.000000	615.000000	761.050000	-5.588695	27.725635	0.429500	1490.63
1176	weekly_cases	513	386.000000	466.750000	534.000000	615.000000	761.050000	-5.588695	27.725635	0.429500	1490.63
1183	joint	541	372.950000	463.000000	530.000000	605.250000	748.050000	-5.646006	25.527873	0.544000	1484.69
1183	weekly_cases	541	372.950000	463.000000	530.000000	605.250000	748.050000	-5.646006	25.527873	0.544000	1484.69
1190	joint	440	399.000000	480.000000	550.000000	633.000000	772.000000	-6.008696	69.064124	0.137000	993.09
1190	weekly_cases	440	399.000000	480.000000	550.000000	633.000000	772.000000	-6.008696	69.064124	0.137000	993.09
1197	joint	525	348.000000	423.000000	480.500000	555.000000	696.000000	-5.679820	30.403890	0.673000	1401.31
1197	weekly_cases	525	348.000000	423.000000	480.500000	555.000000	696.000000	-5.679820	30.403890	0.673000	1401.31
1204	joint	490	370.000000	449.000000	519.000000	594.000000	730.000000	-5.580296	28.245938	0.394500	1456.90
1204	weekly_cases	490	370.000000	449.000000	519.000000	594.000000	730.000000	-5.580296	28.245938	0.394500	1456.90
1211	joint	408	334.000000	403.750000	467.000000	529.000000	631.000000	-5.517284	35.213953	0.267000	1344.44
1211	weekly_cases	408	334.000000	403.750000	467.000000	529.000000	631.000000	-5.517284	35.213953	0.267000	1344.44
1218	joint	363	287.000000	343.000000	390.000000	439.000000	523.050000	-5.177802	20.493585	0.362000	1589.18
1218	weekly_cases	363	287.000000	343.000000	390.000000	439.000000	523.050000	-5.177802	20.493585	0.362000	1589.18
1225	joint	499	256.950000	313.000000	361.000000	412.000000	502.000000	-6.849197	94.677532	0.948500	488.56
1225	weekly_cases	499	256.950000	313.000000	361.000000	412.000000	502.000000	-6.849197	94.677532	0.948500	488.56
1232	joint	532	343.000000	428.000000	490.000000	561.000000	689.000000	-5.686270	30.001821	0.650000	1379.97
1232	weekly_cases	532	343.000000	428.000000	490.000000	561.000000	689.000000	-5.686270	30.001821	0.650000	1379.97
1239	joint	548	397.000000	481.000000	549.000000	628.000000	756.000000	-5.631851	25.700612	0.495500	1526.30
1239	weekly_cases	548	397.000000	481.000000	549.000000	628.000000	756.000000	-5.631851	25.700612	0.495500	1526.30
1246	joint	545	411.000000	493.750000	572.000000	656.250000	807.000000	-5.675469	30.450124	0.414000	1453.05
1246	weekly_cases	545	411.000000	493.750000	572.000000	656.250000	807.000000	-5.675469	30.450124	0.414000	1453.05
1253	joint	681	407.950000	489.000000	564.000000	643.000000	791.050000	-6.339020	70.120170	0.829000	986.61
1253	weekly_cases	681	407.950000	489.000000	564.000000	643.000000	791.050000	-6.339020	70.120170	0.829000	986.61
1260	joint	515	479.950000	589.750000	670.000000	767.000000	925.000000	-6.446103	101.474880	0.097500	800.84
1260	weekly_cases	515	479.950000	589.750000	670.000000	767.000000	925.000000	-6.446103	101.474880	0.097500	800.84
1267	joint	637	414.950000	499.000000	569.000000	647.250000	794.000000	-5.922800	41.204667	0.716000	1340.46
1267	weekly_cases	637	414.950000	499.000000	569.000000	647.250000	794.000000	-5.922800	41.204667	0.716000	1340.46
1274	joint	439	452.000000	551.000000	633.000000	724.000000	886.000000	-6.989711	134.756756	0.037000	523.75
1274	weekly_cases	439	452.000000	551.000000	633.000000	724.000000	886.000000	-6.989711	134.756756	0.037000	523.75
1281	joint	556	360.950000	438.000000	506.000000	586.000000	701.000000	-5.747640	33.844339	0.675000	1381.20
1281	weekly_cases	556	360.950000	438.000000	506.000000	586.000000	701.000000	-5.747640	33.844339	0.675000	1381.20
1288	joint	473	395.000000	478.000000	552.000000	632.000000	770.050000	-5.776197	47.908550	0.236500	1235.44
1288	weekly_cases	473	395.000000	478.000000	552.000000	632.000000	770.050000	-5.776197	47.908550	0.236500	1235.44
1295	joint	455	364.000000	438.750000	501.000000	576.000000	698.050000	-5.567525	32.452708	0.321500	1389.29
1295	weekly_cases	455	364.000000	438.750000	501.000000	576.000000	698.050000	-5.567525	32.452708	0.321500	1389.29
1302	joint	373	334.000000	402.000000	464.000000	534.000000	658.200000	-5.791458	56.288335	0.142500	1029.86
1302	weekly_cases	373	334.000000	402.000000	464.000000	534.000000	658.200000	-5.791458	56.288335	0.142500	1029.86
1309	joint	366	268.000000	324.000000	370.000000	420.000000	506.050000	-5.160861	16.975838	0.477500	1596.24
1309	weekly_cases	366	268.000000	324.000000	370.000000	420.000000	506.050000	-5.160861	16.975838	0.477500	1596.24
1316	joint	303	238.000000	285.000000	322.000000	363.000000	429.000000	-4.973031	16.084964	0.379000	1617.83
1316	weekly_cases	303	238.000000	285.000000	322.000000	363.000000	429.000000	-4.973031	16.084964	0.379000	1617.83
1323	joint	229	197.000000	235.000000	267.000000	301.000000	359.000000	-5.021060	22.840727	0.207500	1329.86
1323	weekly_cases	229	197.000000	235.000000	267.000000	301.000000	359.000000	-5.021060	22.840727	0.207500	1329.86
1330	joint	143	156.000000	184.000000	208.500000	236.000000	283.000000	-6.242528	47.864329	0.022000	508.20
1330	weekly_cases	143	156.000000	184.000000	208.500000	236.000000	283.000000	-6.242528	47.864329	0.022000	508.20
1337	joint	110	106.000000	130.000000	147.000000	168.000000	203.000000	-5.148581	25.097826	0.069000	804.20
1337	weekly_cases	110	106.000000	130.000000	147.000000	168.000000	203.000000	-5.148581	25.097826	0.069000	804.20
1344	joint	61	78.000000	94.000000	107.000000	124.000000	150.000000	-7.340844	36.440970	0.004000	242.69
1344	weekly_cases	61	78.000000	94.000000	107.000000	124.000000	150.000000	-7.340844	36.440970	0.004000	242.69
1351	joint	36	54.000000	67.000000	78.000000	88.000000	106.000000	-8.722147	33.422978	0.000000	81.77
1351	weekly_cases	36	54.000000	67.000000	78.000000	88.000000	106.000000	-8.722147	33.422978	0.000000	81.77
1358	joint	48	41.000000	51.000000	58.000000	66.000000	81.000000	-3.672676	6.175707	0.183000	1326.13
1358	weekly_cases	48	41.000000	51.000000	58.000000	66.000000	81.000000	-3.672676	6.175707	0.183000	1326.13
1365	joint	39	35.000000	44.000000	53.000000	63.000000	80.000000	-3.930709	8.715390	0.124500	922.35
1365	weekly_cases	39	35.000000	44.000000	53.000000	63.000000	80.000000	-3.930709	8.715390	0.124500	922.35
1372	joint	32	28.000000	38.000000	46.000000	55.000000	70.000000	-3.928793	8.716547	0.122500	795.97
1372	weekly_cases	32	28.000000	38.000000	46.000000	55.000000	70.000000	-3.928793	8.716547	0.122500	795.97
1379	joint	50	23.000000	31.000000	39.000000	47.000000	61.000000	-3.954949	6.509042	0.816000	953.04
1379	weekly_cases	50	23.000000	31.000000	39.000000	47.000000	61.000000	-3.954949	6.509042	0.816000	953.04
1386	joint	63	30.000000	41.000000	50.000000	60.000000	78.000000	-4.109442	7.653073	0.809500	984.46
1386	weekly_cases	63	30.000000	41.000000	50.000000	60.000000	78.000000	-4.109442	7.653073	0.809500	984.46
1393	joint	41	41.000000	53.000000	64.000000	76.000000	97.000000	-4.718583	15.580414	0.051500	499.31
1393	weekly_cases	41	41.000000	53.000000	64.000000	76.000000	97.000000	-4.718583	15.580414	0.051500	499.31
1400	joint	67	34.000000	44.000000	54.000000	64.000000	84.050000	-4.130656	7.803881	0.792000	1023.78
1400	weekly_cases	67	34.000000	44.000000	54.000000	64.000000	84.050000	-4.130656	7.803881	0.792000	1023.78
1407	joint	72	41.000000	54.000000	65.000000	78.000000	99.000000	-3.913071	5.294422	0.660000	1295.17
1407	weekly_cases	72	41.000000	54.000000	65.000000	78.000000	99.000000	-3.913071	5.294422	0.660000	1295.17
1414	joint	116	46.000000	59.000000	69.000000	81.000000	101.000000	-6.718223	35.953031	0.991000	174.82
1414	weekly_cases	116	46.000000	59.000000	69.000000	81.000000	101.000000	-6.718223	35.953031	0.991000	174.82
1421	joint	120	74.000000	92.000000	108.500000	127.000000	160.050000	-4.391524	8.066895	0.660500	1283.40
1421	weekly_cases	120	74.000000	92.000000	108.500000	127.000000	160.050000	-4.391524	8.066895	0.660500	1283.40
1428	joint	121	86.000000	111.000000	131.000000	156.000000	195.000000	-4.398692	8.993294	0.381000	1302.56
1428	weekly_cases	121	86.000000	111.000000	131.000000	156.000000	195.000000	-4.398692	8.993294	0.381000	1302.56
1435	joint	149	90.000000	114.000000	135.000000	157.000000	198.000000	-4.553879	9.886877	0.669500	1293.42
1435	weekly_cases	149	90.000000	114.000000	135.000000	157.000000	198.000000	-4.553879	9.886877	0.669500	1293.42
1442	joint	156	108.000000	135.000000	156.000000	181.000000	228.000000	-4.462098	8.139355	0.507000	1476.19
1442	weekly_cases	156	108.000000	135.000000	156.000000	181.000000	228.000000	-4.462098	8.139355	0.507000	1476.19
1449	joint	133	115.000000	144.000000	168.000000	194.000000	243.000000	-4.848881	21.007371	0.158500	1003.27
1449	weekly_cases	133	115.000000	144.000000	168.000000	194.000000	243.000000	-4.848881	21.007371	0.158500	1003.27
1456	joint	115	102.000000	129.000000	152.000000	176.000000	220.000000	-4.929848	22.887232	0.106500	845.58
1456	weekly_cases	115	102.000000	129.000000	152.000000	176.000000	220.000000	-4.929848	22.887232	0.106500	845.58
1463	joint	251	83.000000	105.000000	123.000000	145.000000	183.000000	-9.675206	107.289227	0.999000	21.79
1463	weekly_cases	251	83.000000	105.000000	123.000000	145.000000	183.000000	-9.675206	107.289227	0.999000	21.79
1470	joint	226	150.000000	181.750000	207.000000	233.250000	287.100000	-4.753499	12.982128	0.696000	1475.43
1470	weekly_cases	226	150.000000	181.750000	207.000000	233.250000	287.100000	-4.753499	12.982128	0.696000	1475.43
1477	joint	240	146.000000	179.000000	202.000000	228.000000	274.000000	-5.147848	22.227909	0.831000	1215.88
1477	weekly_cases	240	146.000000	179.000000	202.000000	228.000000	274.000000	-5.147848	22.227909	0.831000	1215.88
1484	joint	284	160.000000	198.000000	229.000000	265.000000	333.000000	-5.546126	32.574452	0.835000	935.39
1484	weekly_cases	284	160.000000	198.000000	229.000000	265.000000	333.000000	-5.546126	32.574452	0.835000	935.39
1491	joint	340	206.000000	254.000000	293.000000	341.000000	422.050000	-5.469701	27.308017	0.746500	1169.98
1491	weekly_cases	340	206.000000	254.000000	293.000000	341.000000	422.050000	-5.469701	27.308017	0.746500	1169.98
1498	joint	511	254.000000	310.000000	359.000000	417.000000	523.000000	-6.966454	102.887264	0.939000	436.90
1498	weekly_cases	511	254.000000	310.000000	359.000000	417.000000	523.000000	-6.966454	102.887264	0.939000	436.90
1505	joint	649	379.000000	463.000000	530.500000	612.000000	746.000000	-6.303756	69.992189	0.834500	970.69
1505	weekly_cases	649	379.000000	463.000000	530.500000	612.000000	746.000000	-6.303756	69.992189	0.834500	970.69
1512	joint	766	483.000000	583.000000	671.000000	776.000000	936.000000	-6.204791	56.111872	0.730500	1227.09
1512	weekly_cases	766	483.000000	583.000000	671.000000	776.000000	936.000000	-6.204791	56.111872	0.730500	1227.09
1519	joint	932	582.000000	706.750000	811.000000	927.000000	1129.050000	-6.418306	71.446948	0.757500	1190.65
1519	weekly_cases	932	582.000000	706.750000	811.000000	927.000000	1129.050000	-6.418306	71.446948	0.757500	1190.65
1526	joint	1303	698.000000	844.750000	970.000000	1118.000000	1366.000000	-7.569378	216.737207	0.917500	568.66
1526	weekly_cases	1303	698.000000	844.750000	970.000000	1118.000000	1366.000000	-7.569378	216.737207	0.917500	568.66
1533	joint	1257	974.850000	1169.000000	1328.000000	1519.500000	1863.050000	-6.472003	69.285969	0.391500	1494.58
1533	weekly_cases	1257	974.850000	1169.000000	1328.000000	1519.500000	1863.050000	-6.472003	69.285969	0.391500	1494.58
1540	joint	1716	983.900000	1188.000000	1356.000000	1539.250000	1875.200000	-7.508017	225.720216	0.891000	795.79
1540	weekly_cases	1716	983.900000	1188.000000	1356.000000	1539.250000	1875.200000	-7.508017	225.720216	0.891000	795.79
1547	joint	1425	1236.950000	1509.750000	1710.000000	1953.250000	2335.050000	-6.978432	177.641499	0.167000	1132.73
1547	weekly_cases	1425	1236.950000	1509.750000	1710.000000	1953.250000	2335.050000	-6.978432	177.641499	0.167000	1132.73
1554	joint	1719	1141.000000	1350.000000	1543.000000	1775.000000	2133.150000	-6.897555	109.391739	0.698000	1330.76
1554	weekly_cases	1719	1141.000000	1350.000000	1543.000000	1775.000000	2133.150000	-6.897555	109.391739	0.698000	1330.76
1561	joint	1809	1239.000000	1486.000000	1695.500000	1945.250000	2370.250000	-6.839740	94.112005	0.632000	1466.64
1561	weekly_cases	1809	1239.000000	1486.000000	1695.500000	1945.250000	2370.250000	-6.839740	94.112005	0.632000	1466.64
1568	joint	1360	1309.950000	1596.000000	1804.500000	2061.000000	2480.750000	-7.549210	298.356750	0.068000	739.02
1568	weekly_cases	1360	1309.950000	1596.000000	1804.500000	2061.000000	2480.750000	-7.549210	298.356750	0.068000	739.02
1575	joint	1147	1042.950000	1238.000000	1386.000000	1584.000000	1897.000000	-6.834820	154.521280	0.131000	1125.80
1575	weekly_cases	1147	1042.950000	1238.000000	1386.000000	1584.000000	1897.000000	-6.834820	154.521280	0.131000	1125.80
1582	joint	1101	826.950000	975.000000	1083.000000	1208.250000	1444.200000	-6.142168	41.361729	0.544500	1711.09
1582	weekly_cases	1101	826.950000	975.000000	1083.000000	1208.250000	1444.200000	-6.142168	41.361729	0.544500	1711.09
1589	joint	936	741.950000	884.000000	1000.000000	1132.000000	1359.050000	-6.120628	51.860914	0.356500	1552.61
1589	weekly_cases	936	741.950000	884.000000	1000.000000	1132.000000	1359.050000	-6.120628	51.860914	0.356500	1552.61
1596	joint	1040	669.900000	809.000000	926.500000	1064.000000	1285.100000	-6.436046	69.912711	0.715000	1297.32
1596	weekly_cases	1040	669.900000	809.000000	926.500000	1064.000000	1285.100000	-6.436046	69.912711	0.715000	1297.32
1603	joint	994	730.000000	883.000000	1009.000000	1158.250000	1399.000000	-6.198573	47.403108	0.471000	1526.34
1603	weekly_cases	994	730.000000	883.000000	1009.000000	1158.250000	1399.000000	-6.198573	47.403108	0.471000	1526.34
1610	joint	1134	725.000000	879.500000	1002.500000	1146.000000	1389.050000	-6.517605	77.994897	0.737500	1302.40
1610	weekly_cases	1134	725.000000	879.500000	1002.500000	1146.000000	1389.050000	-6.517605	77.994897	0.737500	1302.40
1617	joint	818	806.900000	979.000000	1117.000000	1276.500000	1554.150000	-7.286242	201.291037	0.060000	646.48
1617	weekly_cases	818	806.900000	979.000000	1117.000000	1276.500000	1554.150000	-7.286242	201.291037	0.060000	646.48
1624	joint	1083	655.950000	795.000000	909.000000	1035.000000	1245.000000	-6.703740	102.183886	0.813000	1066.98
1624	weekly_cases	1083	655.950000	795.000000	909.000000	1035.000000	1245.000000	-6.703740	102.183886	0.813000	1066.98
1631	joint	755	752.950000	908.750000	1035.000000	1179.000000	1440.000000	-7.254144	189.657282	0.052000	616.08
1631	weekly_cases	755	752.950000	908.750000	1035.000000	1179.000000	1440.000000	-7.254144	189.657282	0.052000	616.08
1638	joint	880	608.950000	735.000000	834.000000	960.000000	1176.100000	-6.140307	44.001219	0.604000	1449.76
1638	weekly_cases	880	608.950000	735.000000	834.000000	960.000000	1176.100000	-6.140307	44.001219	0.604000	1449.76
1645	joint	680	614.000000	756.750000	860.000000	979.000000	1188.050000	-6.499133	113.271487	0.127000	947.71
1645	weekly_cases	680	614.000000	756.750000	860.000000	979.000000	1188.050000	-6.499133	113.271487	0.127000	947.71
1652	joint	585	525.000000	626.000000	707.000000	811.250000	990.100000	-6.155975	77.469946	0.151000	1101.93
1652	weekly_cases	585	525.000000	626.000000	707.000000	811.250000	990.100000	-6.155975	77.469946	0.151000	1101.93
1659	joint	602	442.000000	529.000000	603.000000	693.000000	830.050000	-5.680415	28.013658	0.498000	1557.37
1659	weekly_cases	602	442.000000	529.000000	603.000000	693.000000	830.050000	-5.680415	28.013658	0.498000	1557.37
1666	joint	552	426.000000	514.000000	586.000000	676.250000	810.100000	-5.662869	32.348998	0.382500	1480.45
1666	weekly_cases	552	426.000000	514.000000	586.000000	676.250000	810.100000	-5.662869	32.348998	0.382500	1480.45
1673	joint	457	378.000000	461.000000	517.000000	587.000000	708.050000	-5.619729	38.535662	0.241000	1348.24
1673	weekly_cases	457	378.000000	461.000000	517.000000	587.000000	708.050000	-5.619729	38.535662	0.241000	1348.24
1680	joint	430	307.000000	368.000000	413.000000	469.000000	556.050000	-5.268603	18.831509	0.591500	1649.69
1680	weekly_cases	430	307.000000	368.000000	413.000000	469.000000	556.050000	-5.268603	18.831509	0.591500	1649.69
1687	joint	287	271.000000	320.000000	360.000000	402.000000	475.050000	-5.647784	45.793572	0.106000	1052.11
1687	weekly_cases	287	271.000000	320.000000	360.000000	402.000000	475.050000	-5.647784	45.793572	0.106000	1052.11
1694	joint	189	198.000000	240.000000	272.000000	306.000000	359.000000	-6.420746	58.734962	0.030000	535.48
1694	weekly_cases	189	198.000000	240.000000	272.000000	306.000000	359.000000	-6.420746	58.734962	0.030000	535.48
1701	joint	149	138.000000	170.000000	193.000000	219.000000	260.000000	-5.197713	28.731651	0.093500	919.53
1701	weekly_cases	149	138.000000	170.000000	193.000000	219.000000	260.000000	-5.197713	28.731651	0.093500	919.53
1708	joint	120	101.000000	123.000000	140.000000	160.000000	190.000000	-4.402325	12.172690	0.226000	1338.31
1708	weekly_cases	120	101.000000	123.000000	140.000000	160.000000	190.000000	-4.402325	12.172690	0.226000	1338.31
1715	joint	88	75.950000	93.000000	106.000000	121.000000	148.000000	-4.239386	11.183041	0.177000	1239.19
1715	weekly_cases	88	75.950000	93.000000	106.000000	121.000000	148.000000	-4.239386	11.183041	0.177000	1239.19
1722	joint	83	57.000000	71.000000	82.000000	94.000000	116.000000	-3.768531	3.978231	0.535000	1623.31
1722	weekly_cases	83	57.000000	71.000000	82.000000	94.000000	116.000000	-3.768531	3.978231	0.535000	1623.31
1729	joint	91	51.000000	66.000000	78.000000	91.000000	116.000000	-4.201234	7.900651	0.761500	1215.54
1729	weekly_cases	91	51.000000	66.000000	78.000000	91.000000	116.000000	-4.201234	7.900651	0.761500	1215.54
1736	joint	94	58.000000	74.000000	89.000000	104.000000	135.000000	-4.102972	5.755314	0.601500	1350.47
1736	weekly_cases	94	58.000000	74.000000	89.000000	104.000000	135.000000	-4.102972	5.755314	0.601500	1350.47
1743	joint	79	65.000000	82.750000	97.000000	114.000000	142.000000	-4.271315	11.148530	0.208500	1096.86
1743	weekly_cases	79	65.000000	82.750000	97.000000	114.000000	142.000000	-4.271315	11.148530	0.208500	1096.86
1750	joint	78	59.000000	75.000000	89.000000	105.000000	134.050000	-4.037030	7.423065	0.309000	1275.46
1750	weekly_cases	78	59.000000	75.000000	89.000000	105.000000	134.050000	-4.037030	7.423065	0.309000	1275.46
1757	joint	86	56.000000	73.000000	85.000000	99.000000	127.000000	-3.979474	4.809160	0.525500	1418.84
1757	weekly_cases	86	56.000000	73.000000	85.000000	99.000000	127.000000	-3.979474	4.809160	0.525500	1418.84
1764	joint	119	58.000000	76.000000	90.000000	106.000000	135.000000	-4.954173	17.828113	0.869500	768.28
1764	weekly_cases	119	58.000000	76.000000	90.000000	106.000000	135.000000	-4.954173	17.828113	0.869500	768.28
1771	joint	123	77.000000	98.000000	115.000000	135.000000	167.050000	-4.305615	7.222113	0.613000	1385.70
1771	weekly_cases	123	77.000000	98.000000	115.000000	135.000000	167.050000	-4.305615	7.222113	0.613000	1385.70
1778	joint	108	82.000000	102.000000	117.000000	136.000000	167.000000	-4.156900	7.333398	0.347500	1467.54
1778	weekly_cases	108	82.000000	102.000000	117.000000	136.000000	167.000000	-4.156900	7.333398	0.347500	1467.54
1785	joint	135	77.000000	97.000000	114.000000	133.000000	165.050000	-4.613026	12.323307	0.781000	1142.05
1785	weekly_cases	135	77.000000	97.000000	114.000000	133.000000	165.050000	-4.613026	12.323307	0.781000	1142.05
1792	joint	127	91.000000	116.000000	135.000000	158.000000	198.000000	-4.341496	7.939899	0.409000	1405.09
1792	weekly_cases	127	91.000000	116.000000	135.000000	158.000000	198.000000	-4.341496	7.939899	0.409000	1405.09
1799	joint	157	95.000000	118.000000	138.000000	159.000000	201.000000	-4.674351	11.790462	0.734000	1233.52
1799	weekly_cases	157	95.000000	118.000000	138.000000	159.000000	201.000000	-4.674351	11.790462	0.734000	1233.52
1806	joint	176	109.000000	137.000000	159.000000	184.000000	231.000000	-4.697134	11.543880	0.694500	1318.89
1806	weekly_cases	176	109.000000	137.000000	159.000000	184.000000	231.000000	-4.697134	11.543880	0.694500	1318.89
1813	joint	180	129.000000	157.000000	182.000000	209.000000	261.000000	-4.596640	9.190535	0.482500	1474.09
1813	weekly_cases	180	129.000000	157.000000	182.000000	209.000000	261.000000	-4.596640	9.190535	0.482500	1474.09
1820	joint	110	130.000000	163.000000	189.000000	219.250000	265.000000	-7.020240	59.749655	0.012000	212.48
1820	weekly_cases	110	130.000000	163.000000	189.000000	219.250000	265.000000	-7.020240	59.749655	0.012000	212.48
1827	joint	294	99.000000	121.000000	140.000000	160.000000	198.000000	-10.867510	134.765956	1.000000	11.45
1827	weekly_cases	294	99.000000	121.000000	140.000000	160.000000	198.000000	-10.867510	134.765956	1.000000	11.45
1834	joint	318	174.000000	206.000000	231.000000	256.000000	289.050000	-7.423296	66.989028	0.991500	557.64
1834	weekly_cases	318	174.000000	206.000000	231.000000	256.000000	289.050000	-7.423296	66.989028	0.991500	557.64
1841	joint	320	176.950000	207.000000	230.000000	256.250000	303.050000	-6.948153	65.561867	0.969500	384.02
1841	weekly_cases	320	176.950000	207.000000	230.000000	256.250000	303.050000	-6.948153	65.561867	0.969500	384.02
1848	joint	357	205.000000	247.000000	288.000000	330.000000	395.050000	-5.736035	42.128825	0.859500	934.37
1848	weekly_cases	357	205.000000	247.000000	288.000000	330.000000	395.050000	-5.736035	42.128825	0.859500	934.37
1855	joint	487	259.000000	318.000000	362.000000	413.000000	497.000000	-6.608899	83.504573	0.935000	589.30
1855	weekly_cases	487	259.000000	318.000000	362.000000	413.000000	497.000000	-6.608899	83.504573	0.935000	589.30
1862	joint	496	355.950000	429.000000	491.000000	561.000000	677.000000	-5.508988	22.893186	0.526500	1535.09
1862	weekly_cases	496	355.950000	429.000000	491.000000	561.000000	677.000000	-5.508988	22.893186	0.526500	1535.09
1869	joint	809	378.000000	453.000000	515.000000	599.000000	731.200000	-8.313966	218.991769	0.980500	197.01
1869	weekly_cases	809	378.000000	453.000000	515.000000	599.000000	731.200000	-8.313966	218.991769	0.980500	197.01
1876	joint	777	583.950000	712.000000	808.000000	920.000000	1108.000000	-5.972974	38.795114	0.422000	1506.28
1876	weekly_cases	777	583.950000	712.000000	808.000000	920.000000	1108.000000	-5.972974	38.795114	0.422000	1506.28
1883	joint	831	596.000000	721.000000	825.000000	947.000000	1167.100000	-6.012322	40.147742	0.517500	1547.96
1883	weekly_cases	831	596.000000	721.000000	825.000000	947.000000	1167.100000	-6.012322	40.147742	0.517500	1547.96
1890	joint	1081	612.000000	733.000000	839.000000	964.000000	1182.100000	-7.084995	148.942777	0.889000	770.77
1890	weekly_cases	1081	612.000000	733.000000	839.000000	964.000000	1182.100000	-7.084995	148.942777	0.889000	770.77
1897	joint	1034	765.950000	935.000000	1058.000000	1208.000000	1455.000000	-6.224363	49.749662	0.451000	1535.87
1897	weekly_cases	1034	765.950000	935.000000	1058.000000	1208.000000	1455.000000	-6.224363	49.749662	0.451000	1535.87
1904	joint	1231	767.800000	929.000000	1055.500000	1197.250000	1489.050000	-6.704854	102.597757	0.783000	1198.54
1904	weekly_cases	1231	767.800000	929.000000	1055.500000	1197.250000	1489.050000	-6.704854	102.597757	0.783000	1198.54
1911	joint	1274	876.950000	1064.000000	1212.000000	1386.250000	1660.050000	-6.471772	62.301707	0.597000	1491.92
1911	weekly_cases	1274	876.950000	1064.000000	1212.000000	1386.250000	1660.050000	-6.471772	62.301707	0.597000	1491.92
1918	joint	1487	930.900000	1123.750000	1275.500000	1456.000000	1747.100000	-6.917011	121.267443	0.785500	1165.11
1918	weekly_cases	1487	930.900000	1123.750000	1275.500000	1456.000000	1747.100000	-6.917011	121.267443	0.785500	1165.11
1925	joint	1753	1050.950000	1277.750000	1461.000000	1668.000000	2005.150000	-7.195077	169.762085	0.833000	1051.47
1925	weekly_cases	1753	1050.950000	1277.750000	1461.000000	1668.000000	2005.150000	-7.195077	169.762085	0.833000	1051.47
1932	joint	1635	1251.950000	1502.000000	1702.500000	1929.250000	2294.150000	-6.668235	80.133602	0.410000	1544.05
1932	weekly_cases	1635	1251.950000	1502.000000	1702.500000	1929.250000	2294.150000	-6.668235	80.133602	0.410000	1544.05
1939	joint	1699	1163.850000	1382.000000	1572.000000	1766.000000	2089.050000	-6.760412	89.821668	0.684500	1480.24
1939	weekly_cases	1699	1163.850000	1382.000000	1572.000000	1766.000000	2089.050000	-6.760412	89.821668	0.684500	1480.24
1946	joint	1541	1083.950000	1297.750000	1445.000000	1619.000000	1899.050000	-6.519170	70.875939	0.650000	1637.84
1946	weekly_cases	1541	1083.950000	1297.750000	1445.000000	1619.000000	1899.050000	-6.519170	70.875939	0.650000	1637.84
1953	joint	1170	1016.000000	1206.000000	1356.000000	1516.500000	1782.100000	-6.620697	113.348874	0.199500	1332.49
1953	weekly_cases	1170	1016.000000	1206.000000	1356.000000	1516.500000	1782.100000	-6.620697	113.348874	0.199500	1332.49
1960	joint	1108	870.950000	1036.000000	1173.000000	1336.000000	1604.000000	-6.300852	59.940064	0.382000	1530.31
1960	weekly_cases	1108	870.950000	1036.000000	1173.000000	1336.000000	1604.000000	-6.300852	59.940064	0.382000	1530.31
1967	joint	1105	786.900000	938.750000	1070.000000	1217.000000	1470.000000	-6.288233	50.535856	0.566500	1549.19
1967	weekly_cases	1105	786.900000	938.750000	1070.000000	1217.000000	1470.000000	-6.288233	50.535856	0.566500	1549.19
1974	joint	953	779.000000	937.750000	1060.000000	1225.000000	1489.050000	-6.305406	73.343829	0.285000	1380.43
1974	weekly_cases	953	779.000000	937.750000	1060.000000	1225.000000	1489.050000	-6.305406	73.343829	0.285000	1380.43
1981	joint	1083	700.000000	835.000000	953.500000	1081.250000	1315.200000	-6.489526	77.462984	0.753000	1290.08
1981	weekly_cases	1083	700.000000	835.000000	953.500000	1081.250000	1315.200000	-6.489526	77.462984	0.753000	1290.08
1988	joint	801	752.900000	905.000000	1020.000000	1167.250000	1397.050000	-6.778528	144.427608	0.101500	889.51
1988	weekly_cases	801	752.900000	905.000000	1020.000000	1167.250000	1397.050000	-6.778528	144.427608	0.101500	889.51
1995	joint	908	602.000000	734.000000	844.500000	966.000000	1168.000000	-6.184702	49.696910	0.649000	1436.39
1995	weekly_cases	908	602.000000	734.000000	844.500000	966.000000	1168.000000	-6.184702	49.696910	0.649000	1436.39
2002	joint	613	617.950000	744.750000	854.000000	966.250000	1173.000000	-7.209457	164.962682	0.045500	581.64
2002	weekly_cases	613	617.950000	744.750000	854.000000	966.250000	1173.000000	-7.209457	164.962682	0.045500	581.64
2009	joint	714	492.000000	589.000000	666.000000	754.000000	918.000000	-5.894735	36.429400	0.646500	1497.22
2009	weekly_cases	714	492.000000	589.000000	666.000000	754.000000	918.000000	-5.894735	36.429400	0.646500	1497.22
2016	joint	523	489.000000	585.000000	668.000000	769.000000	930.000000	-6.333677	93.109841	0.105000	910.21
2016	weekly_cases	523	489.000000	585.000000	668.000000	769.000000	930.000000	-6.333677	93.109841	0.105000	910.21
2023	joint	490	395.000000	479.000000	544.000000	621.000000	764.050000	-5.596954	36.196030	0.291500	1424.15
2023	weekly_cases	490	395.000000	479.000000	544.000000	621.000000	764.050000	-5.596954	36.196030	0.291500	1424.15
2030	joint	379	355.000000	424.000000	482.000000	551.000000	673.050000	-5.993265	66.859174	0.100000	932.02
2030	weekly_cases	379	355.000000	424.000000	482.000000	551.000000	673.050000	-5.993265	66.859174	0.100000	932.02
2037	joint	303	276.000000	330.000000	379.000000	431.000000	513.050000	-5.660476	46.837374	0.118000	1017.99
2037	weekly_cases	303	276.000000	330.000000	379.000000	431.000000	513.050000	-5.660476	46.837374	0.118000	1017.99
2044	joint	273	211.000000	252.000000	283.000000	320.250000	382.050000	-4.840136	12.957079	0.413500	1645.34
2044	weekly_cases	273	211.000000	252.000000	283.000000	320.250000	382.050000	-4.840136	12.957079	0.413500	1645.34
2051	joint	223	170.000000	202.000000	229.000000	258.000000	307.000000	-4.628041	10.291246	0.442500	1681.29
2051	weekly_cases	223	170.000000	202.000000	229.000000	258.000000	307.000000	-4.628041	10.291246	0.442500	1681.29
2058	joint	158	136.000000	166.000000	187.000000	210.000000	253.050000	-4.725142	17.893943	0.179000	1280.81
2058	weekly_cases	158	136.000000	166.000000	187.000000	210.000000	253.050000	-4.725142	17.893943	0.179000	1280.81
2065	joint	120	102.950000	125.000000	141.000000	161.000000	192.000000	-4.461508	13.172031	0.192500	1311.07
2065	weekly_cases	120	102.950000	125.000000	141.000000	161.000000	192.000000	-4.461508	13.172031	0.192500	1311.07
2072	joint	92	76.950000	95.000000	108.000000	123.000000	147.000000	-4.209359	9.881823	0.220000	1315.85
2072	weekly_cases	92	76.950000	95.000000	108.000000	123.000000	147.000000	-4.209359	9.881823	0.220000	1315.85
2079	joint	66	57.950000	72.000000	83.000000	95.000000	114.000000	-4.163864	10.493437	0.148500	1128.31
2079	weekly_cases	66	57.950000	72.000000	83.000000	95.000000	114.000000	-4.163864	10.493437	0.148500	1128.31
2086	joint	42	42.000000	54.000000	63.000000	73.000000	89.000000	-4.658305	14.173400	0.052000	585.69
2086	weekly_cases	42	42.000000	54.000000	63.000000	73.000000	89.000000	-4.658305	14.173400	0.052000	585.69
2093	joint	50	30.000000	40.000000	48.000000	57.000000	73.000000	-3.486452	3.105239	0.571000	1448.63
2093	weekly_cases	50	30.000000	40.000000	48.000000	57.000000	73.000000	-3.486452	3.105239	0.571000	1448.63
2100	joint	40	30.000000	39.000000	48.000000	57.000000	75.000000	-3.565650	4.950142	0.279500	1201.45
2100	weekly_cases	40	30.000000	39.000000	48.000000	57.000000	75.000000	-3.565650	4.950142	0.279500	1201.45
2107	joint	28	27.000000	36.000000	43.000000	52.000000	69.000000	-4.196462	10.283862	0.077500	599.28
2107	weekly_cases	28	27.000000	36.000000	43.000000	52.000000	69.000000	-4.196462	10.283862	0.077500	599.28
2114	joint	44	21.000000	29.000000	35.000000	43.000000	56.000000	-3.711060	5.000644	0.792000	1086.08
2114	weekly_cases	44	21.000000	29.000000	35.000000	43.000000	56.000000	-3.711060	5.000644	0.792000	1086.08
2121	joint	40	25.950000	35.000000	43.000000	52.000000	66.000000	-3.409032	3.121659	0.428000	1354.60
2121	weekly_cases	40	25.950000	35.000000	43.000000	52.000000	66.000000	-3.409032	3.121659	0.428000	1354.60
2128	joint	63	26.000000	35.000000	43.000000	51.000000	68.000000	-4.754177	13.185175	0.920000	560.53
2128	weekly_cases	63	26.000000	35.000000	43.000000	51.000000	68.000000	-4.754177	13.185175	0.920000	560.53
2135	joint	33	38.000000	49.000000	58.000000	70.000000	90.000000	-5.326480	18.444592	0.024000	312.18
2135	weekly_cases	33	38.000000	49.000000	58.000000	70.000000	90.000000	-5.326480	18.444592	0.024000	312.18
2142	joint	28	27.000000	36.000000	43.000000	52.000000	65.000000	-4.257864	10.303577	0.076000	583.05
2142	weekly_cases	28	27.000000	36.000000	43.000000	52.000000	65.000000	-4.257864	10.303577	0.076000	583.05
2149	joint	23	21.000000	29.000000	35.000000	42.000000	56.000000	-3.881687	7.898961	0.097000	698.50
2149	weekly_cases	23	21.000000	29.000000	35.000000	42.000000	56.000000	-3.881687	7.898961	0.097000	698.50
2156	joint	28	17.000000	24.000000	29.000000	36.000000	48.000000	-3.030727	2.115662	0.456000	1466.56
2156	weekly_cases	28	17.000000	24.000000	29.000000	36.000000	48.000000	-3.030727	2.115662	0.456000	1466.56
2163	joint	31	17.000000	24.000000	29.000000	36.000000	48.000000	-3.151490	2.268709	0.587500	1395.09
2163	weekly_cases	31	17.000000	24.000000	29.000000	36.000000	48.000000	-3.151490	2.268709	0.587500	1395.09
2170	joint	26	19.000000	26.000000	32.000000	40.000000	51.000000	-3.289152	3.923847	0.266500	1154.98
2170	weekly_cases	26	19.000000	26.000000	32.000000	40.000000	51.000000	-3.289152	3.923847	0.266500	1154.98
2177	joint	34	17.000000	24.000000	30.000000	37.000000	48.000000	-3.319368	2.750832	0.658000	1292.98
2177	weekly_cases	34	17.000000	24.000000	30.000000	37.000000	48.000000	-3.319368	2.750832	0.658000	1292.98
2184	joint	32	20.000000	27.000000	34.000000	41.000000	55.000000	-3.241795	2.572773	0.441000	1367.55
2184	weekly_cases	32	20.000000	27.000000	34.000000	41.000000	55.000000	-3.241795	2.572773	0.441000	1367.55
2191	joint	47	20.000000	28.000000	34.000000	41.000000	53.000000	-4.107268	7.914257	0.880000	801.83
2191	weekly_cases	47	20.000000	28.000000	34.000000	41.000000	53.000000	-4.107268	7.914257	0.880000	801.83
2198	joint	43	25.000000	33.000000	40.000000	48.000000	61.000000	-3.403637	2.876893	0.624500	1408.94
2198	weekly_cases	43	25.000000	33.000000	40.000000	48.000000	61.000000	-3.403637	2.876893	0.624500	1408.94
2205	joint	54	24.000000	33.000000	39.000000	46.000000	58.000000	-4.332142	9.569046	0.911000	749.58
2205	weekly_cases	54	24.000000	33.000000	39.000000	46.000000	58.000000	-4.332142	9.569046	0.911000	749.58
2212	joint	36	28.000000	38.000000	46.000000	54.000000	69.000000	-3.608374	5.846756	0.194500	1101.06
2212	weekly_cases	36	28.000000	38.000000	46.000000	54.000000	69.000000	-3.608374	5.846756	0.194500	1101.06
2219	joint	24	26.000000	35.000000	42.000000	50.000000	64.000000	-4.706746	12.667499	0.035000	389.48
2219	weekly_cases	24	26.000000	35.000000	42.000000	50.000000	64.000000	-4.706746	12.667499	0.035000	389.48
2226	joint	42	19.000000	27.000000	34.000000	41.000000	53.050000	-3.679251	4.764704	0.783500	1090.76
2226	weekly_cases	42	19.000000	27.000000	34.000000	41.000000	53.050000	-3.679251	4.764704	0.783500	1090.76
2233	joint	38	25.000000	33.000000	41.000000	49.000000	65.000000	-3.357644	3.092509	0.420500	1369.45
2233	weekly_cases	38	25.000000	33.000000	41.000000	49.000000	65.000000	-3.357644	3.092509	0.420500	1369.45
2240	joint	71	25.000000	34.000000	42.000000	50.000000	64.050000	-5.727739	21.746948	0.976500	242.03
2240	weekly_cases	71	25.000000	34.000000	42.000000	50.000000	64.050000	-5.727739	21.746948	0.976500	242.03
2247	joint	45	42.000000	56.000000	68.000000	80.000000	99.050000	-4.609251	14.871024	0.079500	578.62
2247	weekly_cases	45	42.000000	56.000000	68.000000	80.000000	99.050000	-4.609251	14.871024	0.079500	578.62
2254	joint	75	36.000000	48.000000	57.000000	68.000000	86.000000	-4.453123	10.900387	0.860500	843.66
2254	weekly_cases	75	36.000000	48.000000	57.000000	68.000000	86.000000	-4.453123	10.900387	0.860500	843.66
2261	joint	60	48.000000	61.000000	73.000000	86.000000	110.000000	-3.941588	7.921457	0.231000	1171.82
2261	weekly_cases	60	48.000000	61.000000	73.000000	86.000000	110.000000	-3.941588	7.921457	0.231000	1171.82
2268	joint	54	44.000000	58.000000	69.000000	81.000000	103.000000	-4.048405	9.221678	0.182500	1010.43
2268	weekly_cases	54	44.000000	58.000000	69.000000	81.000000	103.000000	-4.048405	9.221678	0.182500	1010.43
2275	joint	98	39.000000	52.000000	62.000000	74.000000	94.000000	-5.724785	25.533483	0.972500	336.85
2275	weekly_cases	98	39.000000	52.000000	62.000000	74.000000	94.000000	-5.724785	25.533483	0.972500	336.85
2282	joint	118	61.000000	80.000000	93.000000	109.000000	137.000000	-4.761381	14.766741	0.855000	906.29
2282	weekly_cases	118	61.000000	80.000000	93.000000	109.000000	137.000000	-4.761381	14.766741	0.855000	906.29
2289	joint	91	81.000000	102.000000	120.000000	139.000000	180.000000	-4.673527	18.080682	0.123500	877.32
2289	weekly_cases	91	81.000000	102.000000	120.000000	139.000000	180.000000	-4.673527	18.080682	0.123500	877.32
2296	joint	171	73.000000	90.000000	107.000000	125.000000	155.000000	-6.725351	47.723498	0.980000	217.94
2296	weekly_cases	171	73.000000	90.000000	107.000000	125.000000	155.000000	-6.725351	47.723498	0.980000	217.94
2303	joint	174	109.950000	135.000000	157.000000	183.000000	226.000000	-4.675693	11.285124	0.668000	1342.98
2303	weekly_cases	174	109.950000	135.000000	157.000000	183.000000	226.000000	-4.675693	11.285124	0.668000	1342.98
2310	joint	203	113.000000	138.000000	158.000000	182.250000	225.050000	-5.342930	27.472049	0.886500	857.39
2310	weekly_cases	203	113.000000	138.000000	158.000000	182.250000	225.050000	-5.342930	27.472049	0.886500	857.39
2317	joint	141	127.000000	155.000000	178.000000	206.000000	246.000000	-4.964759	23.488388	0.127500	1002.78
2317	weekly_cases	141	127.000000	155.000000	178.000000	206.000000	246.000000	-4.964759	23.488388	0.127500	1002.78
2324	joint	262	109.000000	137.000000	158.000000	183.000000	230.000000	-7.494755	80.256115	0.986500	146.10
2324	weekly_cases	262	109.000000	137.000000	158.000000	183.000000	230.000000	-7.494755	80.256115	0.986500	146.10
2331	joint	366	183.000000	227.000000	262.000000	308.000000	377.000000	-6.321116	67.692257	0.935000	540.91
2331	weekly_cases	366	183.000000	227.000000	262.000000	308.000000	377.000000	-6.321116	67.692257	0.935000	540.91
2338	joint	463	271.950000	333.000000	383.500000	437.000000	523.050000	-5.890348	47.765141	0.838000	1049.67
2338	weekly_cases	463	271.950000	333.000000	383.500000	437.000000	523.050000	-5.890348	47.765141	0.838000	1049.67
2345	joint	478	341.000000	416.000000	476.000000	550.250000	677.100000	-5.525862	23.836628	0.513000	1491.98
2345	weekly_cases	478	341.000000	416.000000	476.000000	550.250000	677.100000	-5.525862	23.836628	0.513000	1491.98
2352	joint	613	361.000000	437.000000	500.000000	575.250000	696.000000	-6.223219	66.091330	0.839000	979.59
2352	weekly_cases	613	361.000000	437.000000	500.000000	575.250000	696.000000	-6.223219	66.091330	0.839000	979.59
2359	joint	529	448.950000	545.000000	623.500000	708.000000	866.000000	-5.894163	57.132999	0.203500	1221.10
2359	weekly_cases	529	448.950000	545.000000	623.500000	708.000000	866.000000	-5.894163	57.132999	0.203500	1221.10
2366	joint	645	415.000000	502.000000	579.500000	665.000000	813.000000	-5.961490	41.666984	0.698000	1276.50
2366	weekly_cases	645	415.000000	502.000000	579.500000	665.000000	813.000000	-5.961490	41.666984	0.698000	1276.50
2373	joint	626	470.950000	574.750000	658.500000	752.000000	910.050000	-5.791678	34.010761	0.400000	1468.37
2373	weekly_cases	626	470.950000	574.750000	658.500000	752.000000	910.050000	-5.791678	34.010761	0.400000	1468.37
2380	joint	649	472.000000	573.000000	663.000000	757.000000	942.000000	-5.825440	32.844913	0.468500	1477.07
2380	weekly_cases	649	472.000000	573.000000	663.000000	757.000000	942.000000	-5.825440	32.844913	0.468500	1477.07
2387	joint	647	482.000000	588.000000	670.000000	768.000000	940.000000	-5.821915	33.349642	0.436500	1479.55
2387	weekly_cases	647	482.000000	588.000000	670.000000	768.000000	940.000000	-5.821915	33.349642	0.436500	1479.55
2394	joint	601	476.000000	581.750000	671.000000	770.000000	938.000000	-5.868799	46.549035	0.304500	1358.90
2394	weekly_cases	601	476.000000	581.750000	671.000000	770.000000	938.000000	-5.868799	46.549035	0.304500	1358.90
2401	joint	580	435.950000	528.000000	606.000000	693.000000	837.050000	-5.700876	30.301458	0.416500	1506.13
2401	weekly_cases	580	435.950000	528.000000	606.000000	693.000000	837.050000	-5.700876	30.301458	0.416500	1506.13
2408	joint	664	390.000000	469.000000	527.000000	594.250000	710.000000	-6.515308	86.191944	0.897000	864.99
2408	weekly_cases	664	390.000000	469.000000	527.000000	594.250000	710.000000	-6.515308	86.191944	0.897000	864.99
2415	joint	474	405.950000	480.000000	538.000000	606.000000	712.050000	-5.631705	40.056289	0.231000	1420.77
2415	weekly_cases	474	405.950000	480.000000	538.000000	606.000000	712.050000	-5.631705	40.056289	0.231000	1420.77
2422	joint	362	329.000000	386.000000	438.000000	497.000000	586.000000	-5.688412	47.125013	0.145000	1164.11
2422	weekly_cases	362	329.000000	386.000000	438.000000	497.000000	586.000000	-5.688412	47.125013	0.145000	1164.11
2429	joint	316	248.000000	300.000000	339.500000	384.000000	464.000000	-5.047208	18.286522	0.358500	1573.38
2429	weekly_cases	316	248.000000	300.000000	339.500000	384.000000	464.000000	-5.047208	18.286522	0.358500	1573.38
2436	joint	199	205.000000	245.000000	276.000000	313.000000	375.000000	-6.096777	54.445712	0.037500	632.78
2436	weekly_cases	199	205.000000	245.000000	276.000000	313.000000	375.000000	-6.096777	54.445712	0.037500	632.78
2443	joint	162	142.000000	175.000000	200.000000	227.000000	270.000000	-4.977591	23.178931	0.151000	1092.89
2443	weekly_cases	162	142.000000	175.000000	200.000000	227.000000	270.000000	-4.977591	23.178931	0.151000	1092.89
2450	joint	146	108.000000	133.000000	151.000000	173.000000	211.000000	-4.295327	7.402528	0.434000	1610.08
2450	weekly_cases	146	108.000000	133.000000	151.000000	173.000000	211.000000	-4.295327	7.402528	0.434000	1610.08
2457	joint	201	97.000000	121.000000	139.000000	162.000000	203.000000	-6.095288	42.043370	0.947500	433.26
2457	weekly_cases	201	97.000000	121.000000	139.000000	162.000000	203.000000	-6.095288	42.043370	0.947500	433.26
2464	joint	217	141.000000	172.000000	203.000000	240.000000	308.000000	-4.905446	13.435060	0.610000	1310.81
2464	weekly_cases	217	141.000000	172.000000	203.000000	240.000000	308.000000	-4.905446	13.435060	0.610000	1310.81
2471	joint	289	164.950000	205.000000	240.000000	278.000000	353.050000	-5.469835	29.139135	0.799000	1016.99
2471	weekly_cases	289	164.950000	205.000000	240.000000	278.000000	353.050000	-5.469835	29.139135	0.799000	1016.99
2478	joint	303	219.000000	268.000000	311.000000	360.000000	452.150000	-5.128233	16.515835	0.461500	1428.20
2478	weekly_cases	303	219.000000	268.000000	311.000000	360.000000	452.150000	-5.128233	16.515835	0.461500	1428.20
2485	joint	366	234.000000	289.000000	337.000000	392.000000	487.050000	-5.385190	21.902481	0.644500	1336.44
2485	weekly_cases	366	234.000000	289.000000	337.000000	392.000000	487.050000	-5.385190	21.902481	0.644500	1336.44
2492	joint	471	279.000000	341.000000	397.000000	462.000000	569.050000	-5.831556	43.578104	0.780000	1098.93
2492	weekly_cases	471	279.000000	341.000000	397.000000	462.000000	569.050000	-5.831556	43.578104	0.780000	1098.93
2499	joint	512	359.000000	432.000000	500.000000	574.000000	709.300000	-5.578190	24.520764	0.550000	1475.67
2499	weekly_cases	512	359.000000	432.000000	500.000000	574.000000	709.300000	-5.578190	24.520764	0.550000	1475.67
2506	joint	544	374.000000	450.000000	515.000000	585.000000	706.000000	-5.616949	26.966017	0.630500	1502.03
2506	weekly_cases	544	374.000000	450.000000	515.000000	585.000000	706.000000	-5.616949	26.966017	0.630500	1502.03
2513	joint	766	401.950000	484.000000	555.000000	631.250000	786.000000	-7.226202	143.486163	0.937000	503.21
2513	weekly_cases	766	401.950000	484.000000	555.000000	631.250000	786.000000	-7.226202	143.486163	0.937000	503.21
2520	joint	827	558.000000	697.000000	807.000000	928.250000	1149.050000	-6.063141	41.039461	0.555500	1441.68
2520	weekly_cases	827	558.000000	697.000000	807.000000	928.250000	1149.050000	-6.063141	41.039461	0.555500	1441.68
2527	joint	1210	647.000000	798.000000	906.000000	1033.250000	1253.100000	-7.490045	199.700377	0.928000	597.40
2527	weekly_cases	1210	647.000000	798.000000	906.000000	1033.250000	1253.100000	-7.490045	199.700377	0.928000	597.40
2534	joint	1236	916.950000	1110.000000	1272.000000	1454.000000	1787.100000	-6.453869	62.686545	0.440500	1482.56
2534	weekly_cases	1236	916.950000	1110.000000	1272.000000	1454.000000	1787.100000	-6.453869	62.686545	0.440500	1482.56
2541	joint	1534	973.850000	1183.750000	1353.000000	1536.000000	1903.050000	-6.860685	108.774985	0.748500	1247.24
2541	weekly_cases	1534	973.850000	1183.750000	1353.000000	1536.000000	1903.050000	-6.860685	108.774985	0.748500	1247.24
2548	joint	1556	1156.900000	1400.750000	1598.000000	1829.250000	2218.300000	-6.687297	77.112099	0.439500	1486.31
2548	weekly_cases	1556	1156.900000	1400.750000	1598.000000	1829.250000	2218.300000	-6.687297	77.112099	0.439500	1486.31
2555	joint	1922	1198.950000	1452.500000	1654.000000	1891.000000	2302.000000	-7.174388	155.561607	0.779000	1165.73
2555	weekly_cases	1922	1198.950000	1452.500000	1654.000000	1891.000000	2302.000000	-7.174388	155.561607	0.779000	1165.73
2562	joint	2753	1339.950000	1593.750000	1805.500000	2052.250000	2427.150000	-9.771841	730.001869	0.990000	181.38
2562	weekly_cases	2753	1339.950000	1593.750000	1805.500000	2052.250000	2427.150000	-9.771841	730.001869	0.990000	181.38
2569	joint	2425	1755.850000	2074.000000	2316.000000	2558.000000	2950.200000	-6.927339	97.426989	0.630000	1702.00
2569	weekly_cases	2425	1755.850000	2074.000000	2316.000000	2558.000000	2950.200000	-6.927339	97.426989	0.630000	1702.00
2576	joint	2185	1698.700000	2027.000000	2295.000000	2587.000000	3085.200000	-6.921469	108.887124	0.386500	1598.02
2576	weekly_cases	2185	1698.700000	2027.000000	2295.000000	2587.000000	3085.200000	-6.921469	108.887124	0.386500	1598.02
2583	joint	2210	1606.000000	1967.750000	2230.000000	2567.000000	3105.100000	-6.986509	103.476092	0.482000	1521.64
2583	weekly_cases	2210	1606.000000	1967.750000	2230.000000	2567.000000	3105.100000	-6.986509	103.476092	0.482000	1521.64
2590	joint	2368	1625.950000	1950.750000	2261.000000	2578.250000	3064.050000	-7.091396	116.802514	0.597500	1474.92
2590	weekly_cases	2368	1625.950000	1950.750000	2261.000000	2578.250000	3064.050000	-7.091396	116.802514	0.597500	1474.92
2597	joint	2929	1735.000000	2088.750000	2387.000000	2726.500000	3272.150000	-7.848460	324.495812	0.856500	936.42
2597	weekly_cases	2929	1735.000000	2088.750000	2387.000000	2726.500000	3272.150000	-7.848460	324.495812	0.856500	936.42
2604	joint	3178	2072.850000	2526.000000	2881.000000	3308.500000	4000.050000	-7.474319	190.398221	0.685000	1361.73
2604	weekly_cases	3178	2072.850000	2526.000000	2881.000000	3308.500000	4000.050000	-7.474319	190.398221	0.685000	1361.73
2611	joint	3746	2323.000000	2793.000000	3201.500000	3615.750000	4331.200000	-7.851038	319.249367	0.793000	1154.49
2611	weekly_cases	3746	2323.000000	2793.000000	3201.500000	3615.750000	4331.200000	-7.851038	319.249367	0.793000	1154.49
2618	joint	3315	2679.950000	3207.500000	3611.500000	4091.000000	4934.200000	-7.439539	212.602797	0.304000	1492.65
2618	weekly_cases	3315	2679.950000	3207.500000	3611.500000	4091.000000	4934.200000	-7.439539	212.602797	0.304000	1492.65
2625	joint	3501	2473.900000	2990.750000	3370.500000	3798.250000	4565.000000	-7.398158	152.478114	0.580500	1569.95
2625	weekly_cases	3501	2473.900000	2990.750000	3370.500000	3798.250000	4565.000000	-7.398158	152.478114	0.580500	1569.95
2632	joint	3136	2508.850000	3010.000000	3366.000000	3767.500000	4469.150000	-7.343169	175.451019	0.334500	1539.06
2632	weekly_cases	3136	2508.850000	3010.000000	3366.000000	3767.500000	4469.150000	-7.343169	175.451019	0.334500	1539.06
2639	joint	2518	2266.900000	2723.000000	3094.000000	3507.500000	4204.000000	-7.690896	358.339246	0.133000	1047.58
2639	weekly_cases	2518	2266.900000	2723.000000	3094.000000	3507.500000	4204.000000	-7.690896	358.339246	0.133000	1047.58
2646	joint	2360	1873.900000	2246.000000	2560.000000	2903.000000	3522.050000	-7.104562	145.923382	0.339500	1481.96
2646	weekly_cases	2360	1873.900000	2246.000000	2560.000000	2903.000000	3522.050000	-7.104562	145.923382	0.339500	1481.96
2653	joint	2083	1670.950000	1984.000000	2267.000000	2558.250000	3058.100000	-6.967933	129.879179	0.331500	1484.26
2653	weekly_cases	2083	1670.950000	1984.000000	2267.000000	2558.250000	3058.100000	-6.967933	129.879179	0.331500	1484.26
2660	joint	1610	1488.800000	1765.000000	2002.000000	2280.500000	2752.050000	-7.296833	248.313579	0.113500	1010.56
2660	weekly_cases	1610	1488.800000	1765.000000	2002.000000	2280.500000	2752.050000	-7.296833	248.313579	0.113500	1010.56
2667	joint	1211	1172.950000	1391.000000	1574.000000	1794.000000	2138.100000	-7.373660	242.781201	0.072500	818.98
2667	weekly_cases	1211	1172.950000	1391.000000	1574.000000	1794.000000	2138.100000	-7.373660	242.781201	0.072500	818.98
2674	joint	1017	862.950000	1011.000000	1131.000000	1274.000000	1510.050000	-6.292132	72.726155	0.260500	1461.85
2674	weekly_cases	1017	862.950000	1011.000000	1131.000000	1274.000000	1510.050000	-6.292132	72.726155	0.260500	1461.85
2681	joint	871	674.950000	797.000000	901.500000	1010.000000	1185.050000	-5.935599	38.858708	0.428500	1681.82
2681	weekly_cases	871	674.950000	797.000000	901.500000	1010.000000	1185.050000	-5.935599	38.858708	0.428500	1681.82
2688	joint	881	581.000000	698.750000	795.000000	904.000000	1078.150000	-6.188594	53.904672	0.703500	1380.87
2688	weekly_cases	881	581.000000	698.750000	795.000000	904.000000	1078.150000	-6.188594	53.904672	0.703500	1380.87
2695	joint	701	586.000000	707.000000	810.000000	923.000000	1106.000000	-6.110746	66.963761	0.230000	1281.04
2695	weekly_cases	701	586.000000	707.000000	810.000000	923.000000	1106.000000	-6.110746	66.963761	0.230000	1281.04
2702	joint	748	506.950000	606.000000	698.000000	792.000000	983.000000	-5.975824	39.735111	0.656000	1458.05
2702	weekly_cases	748	506.950000	606.000000	698.000000	792.000000	983.000000	-5.975824	39.735111	0.656000	1458.05
2709	joint	540	512.000000	615.000000	701.000000	801.000000	981.100000	-6.452871	104.695757	0.082500	860.95
2709	weekly_cases	540	512.000000	615.000000	701.000000	801.000000	981.100000	-6.452871	104.695757	0.082500	860.95
2716	joint	420	409.000000	495.000000	559.000000	641.000000	771.100000	-6.452110	94.703841	0.067500	738.85
2716	weekly_cases	420	409.000000	495.000000	559.000000	641.000000	771.100000	-6.452110	94.703841	0.067500	738.85
2723	joint	426	317.000000	383.000000	436.000000	496.000000	603.050000	-5.342915	20.075533	0.450500	1550.65
2723	weekly_cases	426	317.000000	383.000000	436.000000	496.000000	603.050000	-5.342915	20.075533	0.450500	1550.65
2730	joint	335	293.000000	354.000000	406.000000	465.000000	550.000000	-5.594716	43.521750	0.174500	1110.25
2730	weekly_cases	335	293.000000	354.000000	406.000000	465.000000	550.000000	-5.594716	43.521750	0.174500	1110.25
2737	joint	230	241.000000	292.000000	337.000000	386.000000	467.050000	-6.584383	74.840931	0.029000	492.07
2737	weekly_cases	230	241.000000	292.000000	337.000000	386.000000	467.050000	-6.584383	74.840931	0.029000	492.07
2744	joint	226	183.000000	221.000000	255.000000	289.000000	354.000000	-4.879311	18.157246	0.292000	1403.83
2744	weekly_cases	226	183.000000	221.000000	255.000000	289.000000	354.000000	-4.879311	18.157246	0.292000	1403.83
2751	joint	187	156.000000	191.000000	220.000000	251.000000	308.000000	-4.864035	20.044904	0.227500	1254.46
2751	weekly_cases	187	156.000000	191.000000	220.000000	251.000000	308.000000	-4.864035	20.044904	0.227500	1254.46
2758	joint	155	133.000000	163.000000	187.000000	214.000000	263.050000	-4.797121	19.479040	0.182500	1165.90
2758	weekly_cases	155	133.000000	163.000000	187.000000	214.000000	263.050000	-4.797121	19.479040	0.182500	1165.90
2765	joint	114	107.000000	135.000000	155.000000	177.000000	219.000000	-5.152419	26.529011	0.088500	768.50
2765	weekly_cases	114	107.000000	135.000000	155.000000	177.000000	219.000000	-5.152419	26.529011	0.088500	768.50
2772	joint	93	79.000000	97.000000	112.000000	129.000000	157.000000	-4.338020	11.735041	0.192000	1196.49
2772	weekly_cases	93	79.000000	97.000000	112.000000	129.000000	157.000000	-4.338020	11.735041	0.192000	1196.49
2779	joint	69	59.000000	74.000000	85.000000	98.000000	120.000000	-4.114296	9.973170	0.174000	1182.40
2779	weekly_cases	69	59.000000	74.000000	85.000000	98.000000	120.000000	-4.114296	9.973170	0.174000	1182.40
2786	joint	58	43.000000	55.000000	65.000000	75.000000	91.000000	-3.590914	4.618526	0.330000	1512.36
2786	weekly_cases	58	43.000000	55.000000	65.000000	75.000000	91.000000	-3.590914	4.618526	0.330000	1512.36
2793	joint	51	33.000000	43.000000	50.000000	58.000000	72.000000	-3.376744	2.660687	0.560000	1599.78
2793	weekly_cases	51	33.000000	43.000000	50.000000	58.000000	72.000000	-3.376744	2.660687	0.560000	1599.78
2800	joint	68	27.000000	35.000000	42.000000	49.000000	62.000000	-5.780029	19.513322	0.981500	263.57
2800	weekly_cases	68	27.000000	35.000000	42.000000	49.000000	62.000000	-5.780029	19.513322	0.981500	263.57
2807	joint	50	30.000000	38.000000	46.000000	54.000000	66.000000	-3.436591	3.174147	0.648000	1497.25
2807	weekly_cases	50	30.000000	38.000000	46.000000	54.000000	66.000000	-3.436591	3.174147	0.648000	1497.25
2814	joint	35	27.000000	34.000000	41.000000	48.000000	59.000000	-3.300985	3.529903	0.302500	1390.82
2814	weekly_cases	35	27.000000	34.000000	41.000000	48.000000	59.000000	-3.300985	3.529903	0.302500	1390.82
2821	joint	41	21.000000	29.000000	36.000000	42.000000	53.000000	-3.450798	3.452994	0.731500	1303.05
2821	weekly_cases	41	21.000000	29.000000	36.000000	42.000000	53.000000	-3.450798	3.452994	0.731500	1303.05
2828	joint	18	23.000000	31.000000	38.000000	46.000000	59.000000	-5.450488	14.769007	0.015000	182.73
2828	weekly_cases	18	23.000000	31.000000	38.000000	46.000000	59.000000	-5.450488	14.769007	0.015000	182.73
2835	joint	22	16.000000	22.000000	28.000000	34.000000	45.000000	-3.168154	3.501267	0.270500	1144.58
2835	weekly_cases	22	16.000000	22.000000	28.000000	34.000000	45.000000	-3.168154	3.501267	0.270500	1144.58
2842	joint	32	13.950000	20.000000	24.000000	30.000000	41.000000	-3.545910	4.386896	0.824000	1007.66
2842	weekly_cases	32	13.950000	20.000000	24.000000	30.000000	41.000000	-3.545910	4.386896	0.824000	1007.66
2849	joint	71	17.000000	25.000000	31.000000	38.000000	52.000000	-7.989016	33.103713	0.998000	46.80
2849	weekly_cases	71	17.000000	25.000000	31.000000	38.000000	52.000000	-7.989016	33.103713	0.998000	46.80
2856	joint	53	41.000000	52.000000	62.000000	74.000000	92.000000	-3.713214	5.690503	0.278500	1259.63
2856	weekly_cases	53	41.000000	52.000000	62.000000	74.000000	92.000000	-3.713214	5.690503	0.278500	1259.63
2863	joint	65	39.000000	50.000000	60.000000	71.000000	90.000000	-3.753462	4.221455	0.630500	1381.34
2863	weekly_cases	65	39.000000	50.000000	60.000000	71.000000	90.000000	-3.753462	4.221455	0.630500	1381.34
2870	joint	50	41.000000	53.000000	63.000000	74.000000	91.000000	-3.864891	7.669230	0.194000	1121.94
2870	weekly_cases	50	41.000000	53.000000	63.000000	74.000000	91.000000	-3.864891	7.669230	0.194000	1121.94
2877	joint	47	35.000000	47.000000	55.000000	65.000000	82.000000	-3.633994	5.112665	0.279500	1277.10
2877	weekly_cases	47	35.000000	47.000000	55.000000	65.000000	82.000000	-3.633994	5.112665	0.279500	1277.10
2884	joint	22	32.000000	43.000000	52.000000	62.000000	79.000000	-6.957021	23.355049	0.002500	70.65
2884	weekly_cases	22	32.000000	43.000000	52.000000	62.000000	79.000000	-6.957021	23.355049	0.002500	70.65
2891	joint	28	21.000000	28.000000	35.000000	42.000000	54.000000	-3.283899	3.980018	0.265000	1202.03
2891	weekly_cases	28	21.000000	28.000000	35.000000	42.000000	54.000000	-3.283899	3.980018	0.265000	1202.03
2898	joint	30	20.000000	27.000000	32.000000	39.000000	51.000000	-3.103205	2.417855	0.411000	1445.39
2898	weekly_cases	30	20.000000	27.000000	32.000000	39.000000	51.000000	-3.103205	2.417855	0.411000	1445.39
2905	joint	16	19.000000	27.000000	33.000000	40.000000	51.050000	-4.995035	12.226248	0.018500	236.47
2905	weekly_cases	16	19.000000	27.000000	33.000000	40.000000	51.050000	-4.995035	12.226248	0.018500	236.47
2912	joint	28	14.000000	20.000000	25.000000	31.000000	41.000000	-3.141716	2.394440	0.667000	1308.52
2912	weekly_cases	28	14.000000	20.000000	25.000000	31.000000	41.000000	-3.141716	2.394440	0.667000	1308.52
2919	joint	19	16.000000	22.000000	27.000000	34.000000	45.000000	-3.421052	5.370224	0.145500	873.81
2919	weekly_cases	19	16.000000	22.000000	27.000000	34.000000	45.000000	-3.421052	5.370224	0.145500	873.81
2926	joint	46	13.000000	18.000000	23.000000	28.000000	36.000000	-6.567059	18.719648	0.995000	87.83
2926	weekly_cases	46	13.000000	18.000000	23.000000	28.000000	36.000000	-6.567059	18.719648	0.995000	87.83
2933	joint	33	20.000000	27.000000	34.000000	40.000000	51.000000	-3.143099	2.237248	0.496000	1478.05
2933	weekly_cases	33	20.000000	27.000000	34.000000	40.000000	51.000000	-3.143099	2.237248	0.496000	1478.05
2940	joint	44	19.000000	27.000000	33.000000	40.000000	51.000000	-3.883434	6.437839	0.870000	936.51
2940	weekly_cases	44	19.000000	27.000000	33.000000	40.000000	51.000000	-3.883434	6.437839	0.870000	936.51
2947	joint	41	25.000000	34.000000	41.000000	50.000000	64.000000	-3.388731	2.790891	0.509500	1385.08
2947	weekly_cases	41	25.000000	34.000000	41.000000	50.000000	64.000000	-3.388731	2.790891	0.509500	1385.08
2954	joint	50	27.000000	36.000000	44.000000	53.000000	68.000000	-3.653042	4.056053	0.695500	1247.94
2954	weekly_cases	50	27.000000	36.000000	44.000000	53.000000	68.000000	-3.653042	4.056053	0.695500	1247.94
2961	joint	65	32.000000	43.000000	51.000000	61.000000	79.000000	-4.140124	7.989528	0.827500	981.74
2961	weekly_cases	65	32.000000	43.000000	51.000000	61.000000	79.000000	-4.140124	7.989528	0.827500	981.74
2968	joint	103	42.000000	56.000000	66.000000	78.000000	97.000000	-5.814730	26.863298	0.972500	312.35
2968	weekly_cases	103	42.000000	56.000000	66.000000	78.000000	97.000000	-5.814730	26.863298	0.972500	312.35
2975	joint	123	66.000000	84.000000	100.000000	118.000000	152.000000	-4.668303	13.276475	0.801000	1029.85
2975	weekly_cases	123	66.000000	84.000000	100.000000	118.000000	152.000000	-4.668303	13.276475	0.801000	1029.85
2982	joint	153	85.000000	108.000000	126.000000	148.250000	187.000000	-4.862363	15.388195	0.796500	1031.52
2982	weekly_cases	153	85.000000	108.000000	126.000000	148.250000	187.000000	-4.862363	15.388195	0.796500	1031.52
2989	joint	218	110.000000	137.000000	159.000000	185.250000	232.000000	-5.743969	38.126179	0.917000	614.24
2989	weekly_cases	218	110.000000	137.000000	159.000000	185.250000	232.000000	-5.743969	38.126179	0.917000	614.24
2996	joint	256	156.000000	192.000000	223.000000	258.000000	316.050000	-5.136331	19.387741	0.743500	1234.42
2996	weekly_cases	256	156.000000	192.000000	223.000000	258.000000	316.050000	-5.136331	19.387741	0.743500	1234.42
3003	joint	201	184.000000	230.000000	268.000000	310.000000	384.000000	-5.539350	42.812336	0.104500	798.24
3003	weekly_cases	201	184.000000	230.000000	268.000000	310.000000	384.000000	-5.539350	42.812336	0.104500	798.24
3010	joint	270	164.000000	203.000000	235.000000	271.000000	333.000000	-5.214241	20.470423	0.747500	1189.10
3010	weekly_cases	270	164.000000	203.000000	235.000000	271.000000	333.000000	-5.214241	20.470423	0.747500	1189.10
3017	joint	231	193.000000	239.000000	277.000000	321.000000	395.050000	-5.168223	28.489310	0.210500	1137.39
3017	weekly_cases	231	193.000000	239.000000	277.000000	321.000000	395.050000	-5.168223	28.489310	0.210500	1137.39
3024	joint	210	179.000000	219.000000	256.000000	295.250000	365.000000	-5.132275	27.776141	0.191500	1109.22
3024	weekly_cases	210	179.000000	219.000000	256.000000	295.250000	365.000000	-5.132275	27.776141	0.191500	1109.22
3031	joint	294	162.000000	197.000000	227.000000	263.000000	332.050000	-5.843358	41.099150	0.880500	750.57
3031	weekly_cases	294	162.000000	197.000000	227.000000	263.000000	332.050000	-5.843358	41.099150	0.880500	750.57
3038	joint	275	190.000000	231.000000	267.000000	309.000000	372.000000	-4.967294	13.737303	0.562500	1503.54
3038	weekly_cases	275	190.000000	231.000000	267.000000	309.000000	372.000000	-4.967294	13.737303	0.562500	1503.54
3045	joint	222	187.000000	224.000000	256.000000	291.000000	345.000000	-4.960445	20.688528	0.236500	1343.36
3045	weekly_cases	222	187.000000	224.000000	256.000000	291.000000	345.000000	-4.960445	20.688528	0.236500	1343.36
3052	joint	240	163.000000	202.000000	233.000000	268.250000	331.000000	-4.859889	11.895442	0.561500	1458.52
3052	weekly_cases	240	163.000000	202.000000	233.000000	268.250000	331.000000	-4.859889	11.895442	0.561500	1458.52
3059	joint	320	170.000000	213.000000	246.000000	284.000000	351.050000	-5.946388	46.253080	0.888000	740.50
3059	weekly_cases	320	170.000000	213.000000	246.000000	284.000000	351.050000	-5.946388	46.253080	0.888000	740.50
3066	joint	330	226.000000	279.000000	324.000000	375.000000	467.000000	-5.196136	16.842803	0.544000	1443.75
3066	weekly_cases	330	226.000000	279.000000	324.000000	375.000000	467.000000	-5.196136	16.842803	0.544000	1443.75
3073	joint	519	251.950000	310.000000	355.000000	409.000000	496.050000	-7.212505	116.771921	0.966500	365.01
3073	weekly_cases	519	251.950000	310.000000	355.000000	409.000000	496.050000	-7.212505	116.771921	0.966500	365.01
3080	joint	553	376.950000	459.000000	527.000000	603.000000	736.000000	-5.689626	27.707129	0.605000	1451.37
3080	weekly_cases	553	376.950000	459.000000	527.000000	603.000000	736.000000	-5.689626	27.707129	0.605000	1451.37
3087	joint	745	419.950000	511.000000	584.000000	668.000000	810.050000	-6.679342	99.173479	0.882500	791.49
3087	weekly_cases	745	419.950000	511.000000	584.000000	668.000000	810.050000	-6.679342	99.173479	0.882500	791.49
3094	joint	639	544.950000	660.000000	760.000000	867.000000	1049.000000	-6.125718	71.941858	0.202000	1182.36
3094	weekly_cases	639	544.950000	660.000000	760.000000	867.000000	1049.000000	-6.125718	71.941858	0.202000	1182.36
3101	joint	714	504.000000	608.000000	701.000000	806.000000	993.050000	-5.891157	35.010351	0.534500	1498.92
3101	weekly_cases	714	504.000000	608.000000	701.000000	806.000000	993.050000	-5.891157	35.010351	0.534500	1498.92
3108	joint	605	531.750000	634.000000	738.000000	850.000000	1031.050000	-6.192810	80.199059	0.174500	1060.86
3108	weekly_cases	605	531.750000	634.000000	738.000000	850.000000	1031.050000	-6.192810	80.199059	0.174500	1060.86
3115	joint	791	462.900000	566.750000	647.500000	745.000000	927.150000	-6.518533	84.234935	0.833500	956.22
3115	weekly_cases	791	462.900000	566.750000	647.500000	745.000000	927.150000	-6.518533	84.234935	0.833500	956.22
3122	joint	730	569.000000	689.750000	795.500000	906.000000	1124.100000	-6.017665	49.236744	0.340000	1406.49
3122	weekly_cases	730	569.000000	689.750000	795.500000	906.000000	1124.100000	-6.017665	49.236744	0.340000	1406.49
3129	joint	844	545.900000	670.000000	775.500000	886.000000	1081.250000	-6.172033	48.431452	0.666000	1361.37
3129	weekly_cases	844	545.900000	670.000000	775.500000	886.000000	1081.250000	-6.172033	48.431452	0.666000	1361.37
3136	joint	944	577.000000	693.750000	789.000000	895.250000	1081.050000	-6.577246	91.548687	0.825500	1070.36
3136	weekly_cases	944	577.000000	693.750000	789.000000	895.250000	1081.050000	-6.577246	91.548687	0.825500	1070.36
3143	joint	926	597.950000	721.750000	810.500000	914.000000	1084.050000	-6.302146	67.132216	0.778000	1332.09
3143	weekly_cases	926	597.950000	721.750000	810.500000	914.000000	1084.050000	-6.302146	67.132216	0.778000	1332.09
3150	joint	751	596.000000	704.000000	780.000000	878.250000	1037.100000	-5.806573	33.143289	0.401000	1669.62
3150	weekly_cases	751	596.000000	704.000000	780.000000	878.250000	1037.100000	-5.806573	33.143289	0.401000	1669.62
3157	joint	573	500.000000	589.750000	667.000000	748.000000	885.050000	-5.888136	55.752229	0.200500	1338.26
3157	weekly_cases	573	500.000000	589.750000	667.000000	748.000000	885.050000	-5.888136	55.752229	0.200500	1338.26
3164	joint	412	390.000000	471.000000	530.000000	598.250000	700.000000	-6.244371	77.108665	0.083000	924.57
3164	weekly_cases	412	390.000000	471.000000	530.000000	598.250000	700.000000	-6.244371	77.108665	0.083000	924.57
3171	joint	280	294.000000	350.000000	397.000000	451.000000	529.000000	-6.715231	82.748930	0.032000	562.19
3171	weekly_cases	280	294.000000	350.000000	397.000000	451.000000	529.000000	-6.715231	82.748930	0.032000	562.19
3178	joint	240	208.950000	253.000000	284.500000	322.000000	382.000000	-5.154769	27.719416	0.169000	1264.79
3178	weekly_cases	240	208.950000	253.000000	284.500000	322.000000	382.000000	-5.154769	27.719416	0.169000	1264.79
3185	joint	272	168.000000	204.000000	233.000000	267.000000	322.000000	-5.192242	22.685485	0.781000	1216.81
3185	weekly_cases	272	168.000000	204.000000	233.000000	267.000000	322.000000	-5.192242	22.685485	0.781000	1216.81
3192	joint	354	186.000000	226.000000	265.000000	306.000000	388.000000	-6.128845	57.347298	0.902000	678.48
3192	weekly_cases	354	186.000000	226.000000	265.000000	306.000000	388.000000	-6.128845	57.347298	0.902000	678.48
3199	joint	554	259.000000	316.000000	369.000000	426.000000	528.000000	-7.463325	133.524771	0.970000	300.97
3199	weekly_cases	554	259.000000	316.000000	369.000000	426.000000	528.000000	-7.463325	133.524771	0.970000	300.97
3206	joint	682	421.000000	523.000000	608.000000	699.250000	846.000000	-6.042528	46.760343	0.710000	1241.72
3206	weekly_cases	682	421.000000	523.000000	608.000000	699.250000	846.000000	-6.042528	46.760343	0.710000	1241.72
3213	joint	964	536.000000	658.000000	749.500000	855.250000	1065.150000	-6.977837	134.438173	0.888500	760.72
3213	weekly_cases	964	536.000000	658.000000	749.500000	855.250000	1065.150000	-6.977837	134.438173	0.888500	760.72
3220	joint	1094	735.900000	889.000000	1021.000000	1190.000000	1469.000000	-6.419538	61.854184	0.629000	1376.14
3220	weekly_cases	1094	735.900000	889.000000	1021.000000	1190.000000	1469.000000	-6.419538	61.854184	0.629000	1376.14
3227	joint	1252	848.950000	1034.750000	1181.000000	1367.250000	1658.050000	-6.532634	65.633291	0.609500	1399.91
3227	weekly_cases	1252	848.950000	1034.750000	1181.000000	1367.250000	1658.050000	-6.532634	65.633291	0.609500	1399.91
3234	joint	989	917.800000	1107.000000	1267.000000	1445.000000	1771.000000	-6.974185	178.346966	0.101000	906.31
3234	weekly_cases	989	917.800000	1107.000000	1267.000000	1445.000000	1771.000000	-6.974185	178.346966	0.101000	906.31
3241	joint	1208	794.950000	931.000000	1058.000000	1194.000000	1448.000000	-6.613158	90.142508	0.767500	1275.09
3241	weekly_cases	1208	794.950000	931.000000	1058.000000	1194.000000	1448.000000	-6.613158	90.142508	0.767500	1275.09
3248	joint	1129	861.950000	1048.750000	1207.000000	1387.250000	1685.000000	-6.384755	67.408678	0.376500	1447.72
3248	weekly_cases	1129	861.950000	1048.750000	1207.000000	1387.250000	1685.000000	-6.384755	67.408678	0.376500	1447.72
3255	joint	1560	869.000000	1054.000000	1203.000000	1386.000000	1682.100000	-7.477301	220.675661	0.897500	734.06
3255	weekly_cases	1560	869.000000	1054.000000	1203.000000	1386.000000	1682.100000	-7.477301	220.675661	0.897500	734.06
3262	joint	1488	1171.700000	1407.000000	1612.500000	1824.250000	2228.050000	-6.644718	92.752490	0.348000	1472.11
3262	weekly_cases	1488	1171.700000	1407.000000	1612.500000	1824.250000	2228.050000	-6.644718	92.752490	0.348000	1472.11
3269	joint	1404	1146.900000	1421.000000	1623.500000	1843.000000	2231.150000	-6.771425	133.492447	0.230500	1274.49
3269	weekly_cases	1404	1146.900000	1421.000000	1623.500000	1843.000000	2231.150000	-6.771425	133.492447	0.230500	1274.49
3276	joint	1797	1088.900000	1321.000000	1505.500000	1729.000000	2116.050000	-7.215858	170.766887	0.815000	1046.56
3276	weekly_cases	1797	1088.900000	1321.000000	1505.500000	1729.000000	2116.050000	-7.215858	170.766887	0.815000	1046.56
3283	joint	996	1325.000000	1604.750000	1822.500000	2070.250000	2517.000000	-10.808455	660.615495	0.002500	70.32
3283	weekly_cases	996	1325.000000	1604.750000	1822.500000	2070.250000	2517.000000	-10.808455	660.615495	0.002500	70.32
3290	joint	2705	891.000000	1071.750000	1231.000000	1421.000000	1733.100000	-13.657832	1299.096997	1.000000	3.12
3290	weekly_cases	2705	891.000000	1071.750000	1231.000000	1421.000000	1733.100000	-13.657832	1299.096997	1.000000	3.12
3297	joint	1905	1817.950000	2164.000000	2467.500000	2769.000000	3169.050000	-7.687312	360.854488	0.079500	858.54
3297	weekly_cases	1905	1817.950000	2164.000000	2467.500000	2769.000000	3169.050000	-7.687312	360.854488	0.079500	858.54
3304	joint	1777	1485.950000	1773.000000	1983.500000	2247.250000	2698.150000	-6.881096	132.444629	0.255500	1440.60
3304	weekly_cases	1777	1485.950000	1773.000000	1983.500000	2247.250000	2698.150000	-6.881096	132.444629	0.255500	1440.60
3311	joint	1421	1326.850000	1593.750000	1794.000000	2046.000000	2525.050000	-7.307644	242.596525	0.106000	911.43
3311	weekly_cases	1421	1326.850000	1593.750000	1794.000000	2046.000000	2525.050000	-7.307644	242.596525	0.106000	911.43
3318	joint	1470	1108.850000	1317.000000	1495.000000	1718.250000	2094.000000	-6.581060	69.081450	0.473500	1532.03
3318	weekly_cases	1470	1108.850000	1317.000000	1495.000000	1718.250000	2094.000000	-6.581060	69.081450	0.473500	1532.03
3325	joint	1661	1039.850000	1287.000000	1478.000000	1688.000000	2020.050000	-6.887023	112.203334	0.721000	1295.30
3325	weekly_cases	1661	1039.850000	1287.000000	1478.000000	1688.000000	2020.050000	-6.887023	112.203334	0.721000	1295.30
3332	joint	1507	1182.950000	1434.000000	1644.000000	1869.250000	2300.050000	-6.691699	97.181703	0.340000	1441.99
3332	weekly_cases	1507	1182.950000	1434.000000	1644.000000	1869.250000	2300.050000	-6.691699	97.181703	0.340000	1441.99
3339	joint	1832	1130.900000	1351.000000	1550.000000	1772.000000	2154.200000	-7.152064	164.226301	0.800000	1124.25
3339	weekly_cases	1832	1130.900000	1351.000000	1550.000000	1772.000000	2154.200000	-7.152064	164.226301	0.800000	1124.25
3346	joint	1624	1269.900000	1558.000000	1759.000000	2004.250000	2447.150000	-6.743465	101.960587	0.329500	1467.43
3346	weekly_cases	1624	1269.900000	1558.000000	1759.000000	2004.250000	2447.150000	-6.743465	101.960587	0.329500	1467.43
3353	joint	1621	1233.000000	1459.000000	1664.500000	1876.000000	2257.100000	-6.638916	74.574568	0.451500	1587.45
3353	weekly_cases	1621	1233.000000	1459.000000	1664.500000	1876.000000	2257.100000	-6.638916	74.574568	0.451500	1587.45
3360	joint	1371	1174.900000	1423.000000	1607.000000	1827.000000	2228.550000	-6.838871	147.677779	0.190000	1218.06
3360	weekly_cases	1371	1174.900000	1423.000000	1607.000000	1827.000000	2228.550000	-6.838871	147.677779	0.190000	1218.06
3367	joint	1439	1033.000000	1231.000000	1411.500000	1602.500000	1928.050000	-6.560676	65.504983	0.542500	1529.82
3367	weekly_cases	1439	1033.000000	1231.000000	1411.500000	1602.500000	1928.050000	-6.560676	65.504983	0.542500	1529.82
3374	joint	1133	1022.800000	1230.000000	1406.000000	1616.250000	1965.050000	-6.941806	171.759595	0.133500	998.63
3374	weekly_cases	1133	1022.800000	1230.000000	1406.000000	1616.250000	1965.050000	-6.941806	171.759595	0.133500	998.63
3381	joint	953	860.950000	1039.000000	1188.500000	1352.000000	1630.050000	-6.764350	146.072230	0.129500	998.51
3381	weekly_cases	953	860.950000	1039.000000	1188.500000	1352.000000	1630.050000	-6.764350	146.072230	0.129500	998.51
3388	joint	1032	705.000000	861.000000	977.000000	1119.000000	1370.000000	-6.235822	50.994456	0.600000	1505.83
3388	weekly_cases	1032	705.000000	861.000000	977.000000	1119.000000	1370.000000	-6.235822	50.994456	0.600000	1505.83
3395	joint	835	702.950000	859.750000	980.000000	1121.000000	1358.000000	-6.346795	90.943508	0.217500	1215.90
3395	weekly_cases	835	702.950000	859.750000	980.000000	1121.000000	1358.000000	-6.346795	90.943508	0.217500	1215.90
3402	joint	629	594.950000	708.000000	797.000000	900.250000	1085.000000	-6.514930	108.917580	0.097000	950.83
3402	weekly_cases	629	594.950000	708.000000	797.000000	900.250000	1085.000000	-6.514930	108.917580	0.097000	950.83
3409	joint	419	449.000000	534.000000	602.500000	676.250000	804.000000	-7.351409	133.155935	0.021500	486.67
3409	weekly_cases	419	449.000000	534.000000	602.500000	676.250000	804.000000	-7.351409	133.155935	0.021500	486.67
3416	joint	369	332.000000	404.000000	459.000000	525.000000	633.100000	-5.822128	56.934084	0.132000	1037.59
3416	weekly_cases	369	332.000000	404.000000	459.000000	525.000000	633.100000	-5.822128	56.934084	0.132000	1037.59
3423	joint	305	278.000000	335.000000	381.500000	435.000000	532.000000	-5.636187	48.106958	0.122500	1000.28
3423	weekly_cases	305	278.000000	335.000000	381.500000	435.000000	532.000000	-5.636187	48.106958	0.122500	1000.28
3430	joint	345	230.950000	278.000000	315.000000	362.000000	443.000000	-5.275104	20.056165	0.672000	1392.63
3430	weekly_cases	345	230.950000	278.000000	315.000000	362.000000	443.000000	-5.275104	20.056165	0.672000	1392.63
3437	joint	269	230.000000	287.000000	333.000000	381.000000	457.000000	-5.441978	38.019755	0.171500	1044.82
3437	weekly_cases	269	230.000000	287.000000	333.000000	381.000000	457.000000	-5.441978	38.019755	0.171500	1044.82
3444	joint	297	201.000000	249.000000	286.000000	329.000000	399.050000	-5.069909	14.785127	0.574000	1449.10
3444	weekly_cases	297	201.000000	249.000000	286.000000	329.000000	399.050000	-5.069909	14.785127	0.574000	1449.10
3451	joint	207	206.000000	252.000000	291.000000	332.000000	404.000000	-6.030841	56.448342	0.052000	599.58
3451	weekly_cases	207	206.000000	252.000000	291.000000	332.000000	404.000000	-6.030841	56.448342	0.052000	599.58
3458	joint	291	164.000000	202.000000	230.000000	265.000000	318.050000	-5.668704	36.685495	0.874500	886.99
3458	weekly_cases	291	164.000000	202.000000	230.000000	265.000000	318.050000	-5.668704	36.685495	0.874500	886.99
3465	joint	173	190.950000	235.000000	271.000000	312.000000	386.050000	-6.777384	71.413888	0.018500	324.78
3465	weekly_cases	173	190.950000	235.000000	271.000000	312.000000	386.050000	-6.777384	71.413888	0.018500	324.78
3472	joint	145	143.000000	178.000000	206.000000	235.000000	287.050000	-5.694355	40.952126	0.055500	579.78
3472	weekly_cases	145	143.000000	178.000000	206.000000	235.000000	287.050000	-5.694355	40.952126	0.055500	579.78
3479	joint	110	114.000000	138.750000	161.000000	186.000000	232.000000	-5.565604	35.155577	0.039000	549.50
3479	weekly_cases	110	114.000000	138.750000	161.000000	186.000000	232.000000	-5.565604	35.155577	0.039000	549.50
3486	joint	107	88.000000	108.000000	125.000000	145.000000	179.000000	-4.334551	11.275014	0.238000	1263.06
3486	weekly_cases	107	88.000000	108.000000	125.000000	145.000000	179.000000	-4.334551	11.275014	0.238000	1263.06
3493	joint	65	76.000000	93.000000	109.000000	128.000000	159.050000	-6.215698	33.015374	0.014000	271.33
3493	weekly_cases	65	76.000000	93.000000	109.000000	128.000000	159.050000	-6.215698	33.015374	0.014000	271.33
3500	joint	80	51.000000	65.000000	77.000000	89.000000	110.000000	-3.821857	4.355545	0.578000	1516.85
3500	weekly_cases	80	51.000000	65.000000	77.000000	89.000000	110.000000	-3.821857	4.355545	0.578000	1516.85
3507	joint	50	45.000000	57.000000	67.000000	77.000000	95.000000	-4.194999	10.603267	0.130500	913.03
3507	weekly_cases	50	45.000000	57.000000	67.000000	77.000000	95.000000	-4.194999	10.603267	0.130500	913.03
3514	joint	67	32.000000	42.000000	50.000000	58.000000	73.000000	-4.426704	10.839254	0.902000	804.15
3514	weekly_cases	67	32.000000	42.000000	50.000000	58.000000	73.000000	-4.426704	10.839254	0.902000	804.15
3521	joint	29	32.000000	42.000000	49.000000	57.000000	72.000000	-5.094657	14.518831	0.025000	381.32
3521	weekly_cases	29	32.000000	42.000000	49.000000	57.000000	72.000000	-5.094657	14.518831	0.025000	381.32
3528	joint	20	22.000000	30.000000	35.000000	41.000000	52.000000	-4.737143	11.020305	0.031500	389.63
3528	weekly_cases	20	22.000000	30.000000	35.000000	41.000000	52.000000	-4.737143	11.020305	0.031500	389.63
3535	joint	27	15.000000	21.000000	25.000000	30.000000	38.000000	-2.918554	1.841917	0.645500	1560.71
3535	weekly_cases	27	15.000000	21.000000	25.000000	30.000000	38.000000	-2.918554	1.841917	0.645500	1560.71
3542	joint	19	12.000000	17.000000	21.000000	26.000000	33.000000	-2.796015	1.811983	0.395500	1427.99
3542	weekly_cases	19	12.000000	17.000000	21.000000	26.000000	33.000000	-2.796015	1.811983	0.395500	1427.99
3549	joint	16	10.000000	15.000000	18.000000	22.250000	30.000000	-2.718608	1.724141	0.375000	1393.86
3549	weekly_cases	16	10.000000	15.000000	18.000000	22.250000	30.000000	-2.718608	1.724141	0.375000	1393.86
3556	joint	13	8.950000	13.000000	17.000000	21.000000	29.000000	-2.826955	2.443344	0.274500	1172.62
3556	weekly_cases	13	8.950000	13.000000	17.000000	21.000000	29.000000	-2.826955	2.443344	0.274500	1172.62
3563	joint	9	8.000000	12.000000	16.000000	20.000000	28.000000	-3.344487	4.583016	0.104000	660.48
3563	weekly_cases	9	8.000000	12.000000	16.000000	20.000000	28.000000	-3.344487	4.583016	0.104000	660.48
3570	joint	13	6.000000	10.000000	14.000000	18.000000	24.000000	-2.589746	1.283924	0.492000	1369.38
3570	weekly_cases	13	6.000000	10.000000	14.000000	18.000000	24.000000	-2.589746	1.283924	0.492000	1369.38
3577	joint	13	7.000000	11.000000	14.500000	19.000000	26.000000	-2.669073	1.496849	0.425500	1296.37
3577	weekly_cases	13	7.000000	11.000000	14.500000	19.000000	26.000000	-2.669073	1.496849	0.425500	1296.37
3584	joint	19	7.000000	11.000000	15.000000	19.000000	27.000000	-3.031163	2.414230	0.763500	1136.80
3584	weekly_cases	19	7.000000	11.000000	15.000000	19.000000	27.000000	-3.031163	2.414230	0.763500	1136.80
3591	joint	12	9.000000	14.000000	18.000000	23.000000	32.000000	-3.199060	4.102514	0.149000	839.17
3591	weekly_cases	12	9.000000	14.000000	18.000000	23.000000	32.000000	-3.199060	4.102514	0.149000	839.17
3598	joint	31	8.000000	12.000000	16.000000	20.000000	27.000000	-5.192101	11.216408	0.982500	225.47
3598	weekly_cases	31	8.000000	12.000000	16.000000	20.000000	27.000000	-5.192101	11.216408	0.982500	225.47
3605	joint	24	13.000000	19.000000	24.000000	30.000000	40.000000	-3.021300	1.897191	0.518500	1362.30
3605	weekly_cases	24	13.000000	19.000000	24.000000	30.000000	40.000000	-3.021300	1.897191	0.518500	1362.30
3612	joint	15	15.000000	21.000000	27.000000	32.000000	43.000000	-3.914227	7.763173	0.066000	521.75
3612	weekly_cases	15	15.000000	21.000000	27.000000	32.000000	43.000000	-3.914227	7.763173	0.066000	521.75
3619	joint	20	12.000000	17.000000	21.000000	26.000000	35.000000	-2.846706	1.691794	0.460000	1404.41
3619	weekly_cases	20	12.000000	17.000000	21.000000	26.000000	35.000000	-2.846706	1.691794	0.460000	1404.41
3626	joint	12	12.000000	17.000000	22.000000	28.000000	38.050000	-3.856958	6.941710	0.068500	499.79
3626	weekly_cases	12	12.000000	17.000000	22.000000	28.000000	38.050000	-3.856958	6.941710	0.068500	499.79
3633	joint	17	9.000000	14.000000	18.000000	23.000000	31.000000	-2.784008	1.625211	0.452000	1370.18
3633	weekly_cases	17	9.000000	14.000000	18.000000	23.000000	31.000000	-2.784008	1.625211	0.452000	1370.18
3640	joint	12	10.000000	15.000000	19.000000	24.000000	33.000000	-3.253861	4.407628	0.141500	774.56
3640	weekly_cases	12	10.000000	15.000000	19.000000	24.000000	33.000000	-3.253861	4.407628	0.141500	774.56
3647	joint	1	8.000000	13.000000	16.000000	21.000000	30.000000	-9.808669	12.623447	0.000000	66.68
3647	weekly_cases	1	8.000000	13.000000	16.000000	21.000000	30.000000	-9.808669	12.623447	0.000000	66.68
3654	joint	9	5.000000	8.000000	11.000000	14.000000	19.000000	-2.300345	1.252999	0.388000	1438.05
3654	weekly_cases	9	5.000000	8.000000	11.000000	14.000000	19.000000	-2.300345	1.252999	0.388000	1438.05
3661	joint	13	4.000000	7.000000	10.000000	13.000000	18.000000	-2.746405	1.901637	0.813500	1156.38
3661	weekly_cases	13	4.000000	7.000000	10.000000	13.000000	18.000000	-2.746405	1.901637	0.813500	1156.38
3668	joint	18	4.000000	8.000000	10.000000	13.000000	19.000000	-3.894424	5.161065	0.945500	531.98
3668	weekly_cases	18	4.000000	8.000000	10.000000	13.000000	19.000000	-3.894424	5.161065	0.945500	531.98
3675	joint	12	7.000000	11.000000	14.000000	19.000000	26.000000	-2.656539	1.777023	0.369000	1259.08
3675	weekly_cases	12	7.000000	11.000000	14.000000	19.000000	26.000000	-2.656539	1.777023	0.369000	1259.08
3682	joint	11	7.000000	11.000000	15.000000	19.000000	25.000000	-2.721707	2.291811	0.273500	1141.28
3682	weekly_cases	11	7.000000	11.000000	15.000000	19.000000	25.000000	-2.721707	2.291811	0.273500	1141.28
3689	joint	19	6.000000	10.000000	14.000000	18.000000	25.000000	-3.164768	2.973093	0.810000	1007.61
3689	weekly_cases	19	6.000000	10.000000	14.000000	18.000000	25.000000	-3.164768	2.973093	0.810000	1007.61
3696	joint	16	10.000000	14.000000	18.000000	23.000000	32.000000	-2.785690	1.888526	0.401500	1309.33
3696	weekly_cases	16	10.000000	14.000000	18.000000	23.000000	32.000000	-2.785690	1.888526	0.401500	1309.33
3703	joint	29	9.000000	14.000000	19.000000	24.000000	33.000000	-3.967458	6.436281	0.906000	646.49
3703	weekly_cases	29	9.000000	14.000000	19.000000	24.000000	33.000000	-3.967458	6.436281	0.906000	646.49
3710	joint	33	16.000000	22.000000	28.000000	35.000000	47.000000	-3.404054	3.148435	0.696500	1178.20
3710	weekly_cases	33	16.000000	22.000000	28.000000	35.000000	47.000000	-3.404054	3.148435	0.696500	1178.20
3717	joint	33	20.000000	28.000000	35.000000	43.000000	57.000000	-3.290888	2.674586	0.460500	1332.13
3717	weekly_cases	33	20.000000	28.000000	35.000000	43.000000	57.000000	-3.290888	2.674586	0.460500	1332.13
3724	joint	41	22.000000	30.000000	37.000000	45.000000	60.000000	-3.450807	3.130520	0.652000	1294.18
3724	weekly_cases	41	22.000000	30.000000	37.000000	45.000000	60.000000	-3.450807	3.130520	0.652000	1294.18
3731	joint	57	26.000000	36.000000	44.000000	53.000000	69.000000	-4.090426	7.568277	0.833000	922.06
3731	weekly_cases	57	26.000000	36.000000	44.000000	53.000000	69.000000	-4.090426	7.568277	0.833000	922.06
3738	joint	32	37.000000	49.000000	59.000000	70.250000	90.050000	-5.542444	19.745067	0.016000	251.91
3738	weekly_cases	32	37.000000	49.000000	59.000000	70.250000	90.050000	-5.542444	19.745067	0.016000	251.91
3745	joint	45	27.000000	37.000000	46.000000	56.000000	73.000000	-3.535128	3.306363	0.468000	1306.08
3745	weekly_cases	45	27.000000	37.000000	46.000000	56.000000	73.000000	-3.535128	3.306363	0.468000	1306.08
3752	joint	67	30.000000	41.000000	49.000000	59.000000	77.000000	-4.442454	10.873407	0.885500	773.50
3752	weekly_cases	67	30.000000	41.000000	49.000000	59.000000	77.000000	-4.442454	10.873407	0.885500	773.50
3759	joint	67	42.000000	56.000000	67.000000	79.000000	102.000000	-3.792213	3.999584	0.516000	1386.09
3759	weekly_cases	67	42.000000	56.000000	67.000000	79.000000	102.000000	-3.792213	3.999584	0.516000	1386.09
3766	joint	93	44.000000	57.000000	67.000000	79.000000	98.000000	-4.914427	16.444439	0.928500	681.38
3766	weekly_cases	93	44.000000	57.000000	67.000000	79.000000	98.000000	-4.914427	16.444439	0.928500	681.38
3773	joint	72	54.000000	67.000000	78.000000	91.000000	114.000000	-3.806801	5.052171	0.368000	1450.51
3773	weekly_cases	72	54.000000	67.000000	78.000000	91.000000	114.000000	-3.806801	5.052171	0.368000	1450.51
3780	joint	71	49.000000	64.000000	75.000000	88.000000	111.000000	-3.802382	4.544590	0.428500	1433.01
3780	weekly_cases	71	49.000000	64.000000	75.000000	88.000000	111.000000	-3.802382	4.544590	0.428500	1433.01
3787	joint	58	49.950000	64.000000	76.000000	90.000000	115.000000	-4.210752	11.089525	0.150500	939.74
3787	weekly_cases	58	49.950000	64.000000	76.000000	90.000000	115.000000	-4.210752	11.089525	0.150500	939.74
3794	joint	61	44.000000	58.000000	70.000000	83.000000	105.000000	-3.883201	5.832822	0.326500	1234.28
3794	weekly_cases	61	44.000000	58.000000	70.000000	83.000000	105.000000	-3.883201	5.832822	0.326500	1234.28
3801	joint	42	43.000000	56.000000	68.000000	81.000000	104.000000	-4.899442	17.819098	0.049000	443.45
3801	weekly_cases	42	43.000000	56.000000	68.000000	81.000000	104.000000	-4.899442	17.819098	0.049000	443.45
3808	joint	68	34.000000	45.000000	54.000000	65.000000	83.000000	-4.181366	8.083973	0.817500	986.69
3808	weekly_cases	68	34.000000	45.000000	54.000000	65.000000	83.000000	-4.181366	8.083973	0.817500	986.69
3815	joint	83	45.000000	58.000000	68.000000	81.000000	106.000000	-4.262036	8.487602	0.789000	1075.17
3815	weekly_cases	83	45.000000	58.000000	68.000000	81.000000	106.000000	-4.262036	8.487602	0.789000	1075.17
3822	joint	93	58.000000	73.000000	88.000000	102.000000	129.000000	-4.042602	5.501017	0.606500	1408.04
3822	weekly_cases	93	58.000000	73.000000	88.000000	102.000000	129.000000	-4.042602	5.501017	0.606500	1408.04
3829	joint	81	66.950000	85.000000	101.000000	118.000000	150.050000	-4.316075	11.858393	0.196500	1052.69
3829	weekly_cases	81	66.950000	85.000000	101.000000	118.000000	150.050000	-4.316075	11.858393	0.196500	1052.69
3836	joint	94	62.000000	79.000000	95.000000	111.000000	142.000000	-4.044951	5.470722	0.495000	1415.21
3836	weekly_cases	94	62.000000	79.000000	95.000000	111.000000	142.000000	-4.044951	5.470722	0.495000	1415.21
3843	joint	121	68.000000	86.000000	102.000000	120.000000	151.000000	-4.554120	11.005104	0.766500	1116.01
3843	weekly_cases	121	68.000000	86.000000	102.000000	120.000000	151.000000	-4.554120	11.005104	0.766500	1116.01
3850	joint	191	85.000000	108.000000	127.000000	151.000000	190.000000	-6.081642	43.305277	0.953000	399.70
3850	weekly_cases	191	85.000000	108.000000	127.000000	151.000000	190.000000	-6.081642	43.305277	0.953000	399.70
3857	joint	169	135.950000	171.000000	200.000000	232.000000	287.050000	-4.821118	18.859451	0.242500	1190.34
3857	weekly_cases	169	135.950000	171.000000	200.000000	232.000000	287.050000	-4.821118	18.859451	0.242500	1190.34
3864	joint	147	126.000000	156.000000	179.000000	208.000000	257.000000	-4.833648	20.281568	0.164500	1082.30
3864	weekly_cases	147	126.000000	156.000000	179.000000	208.000000	257.000000	-4.833648	20.281568	0.164500	1082.30
3871	joint	126	104.000000	129.000000	148.000000	168.000000	204.000000	-4.487308	13.257861	0.218500	1295.54
3871	weekly_cases	126	104.000000	129.000000	148.000000	168.000000	204.000000	-4.487308	13.257861	0.218500	1295.54
3878	joint	123	85.000000	104.000000	121.000000	139.000000	169.000000	-4.159678	6.025211	0.541500	1584.12
3878	weekly_cases	123	85.000000	104.000000	121.000000	139.000000	169.000000	-4.159678	6.025211	0.541500	1584.12
3885	joint	105	74.000000	94.000000	108.000000	125.000000	152.000000	-4.046518	5.641112	0.455000	1554.63
3885	weekly_cases	105	74.000000	94.000000	108.000000	125.000000	152.000000	-4.046518	5.641112	0.455000	1554.63
3892	joint	81	64.000000	82.000000	95.000000	109.000000	133.000000	-4.060819	8.349665	0.246500	1301.15
3892	weekly_cases	81	64.000000	82.000000	95.000000	109.000000	133.000000	-4.060819	8.349665	0.246500	1301.15
3899	joint	63	53.000000	67.000000	78.000000	91.000000	111.050000	-4.038684	9.162119	0.185500	1142.54
3899	weekly_cases	63	53.000000	67.000000	78.000000	91.000000	111.050000	-4.038684	9.162119	0.185500	1142.54
3906	joint	57	42.000000	54.000000	62.000000	72.000000	89.000000	-3.590653	4.203123	0.349000	1488.96
3906	weekly_cases	57	42.000000	54.000000	62.000000	72.000000	89.000000	-3.590653	4.203123	0.349000	1488.96
3913	joint	87	36.000000	46.000000	55.000000	65.000000	80.000000	-5.858486	23.707636	0.976000	287.08
3913	weekly_cases	87	36.000000	46.000000	55.000000	65.000000	80.000000	-5.858486	23.707636	0.976000	287.08
3920	joint	80	51.000000	67.000000	80.000000	96.000000	125.000000	-3.940882	4.956370	0.508000	1370.00
3920	weekly_cases	80	51.000000	67.000000	80.000000	96.000000	125.000000	-3.940882	4.956370	0.508000	1370.00
3927	joint	125	60.000000	76.000000	91.000000	109.000000	140.000000	-5.120654	21.008922	0.890500	686.30
3927	weekly_cases	125	60.000000	76.000000	91.000000	109.000000	140.000000	-5.120654	21.008922	0.890500	686.30
3934	joint	159	92.000000	117.750000	137.000000	162.000000	203.000000	-4.734477	12.895309	0.730000	1181.37
3934	weekly_cases	159	92.000000	117.750000	137.000000	162.000000	203.000000	-4.734477	12.895309	0.730000	1181.37
3941	joint	185	119.000000	152.750000	179.000000	210.000000	268.000000	-4.714394	10.523993	0.554500	1364.39
3941	weekly_cases	185	119.000000	152.750000	179.000000	210.000000	268.000000	-4.714394	10.523993	0.554500	1364.39
3948	joint	204	144.000000	181.000000	210.000000	246.000000	310.050000	-4.776648	11.722053	0.451000	1406.82
3948	weekly_cases	204	144.000000	181.000000	210.000000	246.000000	310.050000	-4.776648	11.722053	0.451000	1406.82
3955	joint	254	158.000000	199.000000	234.000000	274.000000	350.000000	-5.063923	15.571624	0.632500	1287.27
3955	weekly_cases	254	158.000000	199.000000	234.000000	274.000000	350.000000	-5.063923	15.571624	0.632500	1287.27
3962	joint	285	188.000000	237.000000	275.000000	319.250000	404.000000	-5.088482	15.248537	0.569000	1403.13
3962	weekly_cases	285	188.000000	237.000000	275.000000	319.250000	404.000000	-5.088482	15.248537	0.569000	1403.13
3969	joint	209	205.000000	251.000000	289.000000	333.000000	410.000000	-5.938548	54.196483	0.062000	649.78
3969	weekly_cases	209	205.000000	251.000000	289.000000	333.000000	410.000000	-5.938548	54.196483	0.062000	649.78
3976	joint	262	177.000000	216.000000	251.000000	296.000000	367.050000	-4.997738	14.403354	0.567000	1408.93
3976	weekly_cases	262	177.000000	216.000000	251.000000	296.000000	367.050000	-4.997738	14.403354	0.567000	1408.93
3983	joint	273	199.000000	249.000000	287.000000	338.000000	424.000000	-5.072647	16.902689	0.400500	1378.19
3983	weekly_cases	273	199.000000	249.000000	287.000000	338.000000	424.000000	-5.072647	16.902689	0.400500	1378.19
3990	joint	390	214.000000	267.000000	311.000000	359.250000	454.000000	-5.948482	47.394084	0.847000	867.62
3990	weekly_cases	390	214.000000	267.000000	311.000000	359.250000	454.000000	-5.948482	47.394084	0.847000	867.62
3997	joint	473	296.950000	365.000000	422.000000	492.000000	627.050000	-5.713209	32.509946	0.693500	1238.41
3997	weekly_cases	473	296.950000	365.000000	422.000000	492.000000	627.050000	-5.713209	32.509946	0.693500	1238.41
4004	joint	548	370.000000	459.000000	532.000000	613.000000	756.050000	-5.718280	28.091419	0.561000	1406.63
4004	weekly_cases	548	370.000000	459.000000	532.000000	613.000000	756.050000	-5.718280	28.091419	0.561000	1406.63
4011	joint	550	436.950000	528.000000	607.000000	703.000000	883.050000	-5.777114	40.547858	0.323500	1331.96
4011	weekly_cases	550	436.950000	528.000000	607.000000	703.000000	883.050000	-5.777114	40.547858	0.323500	1331.96
4018	joint	988	427.000000	524.000000	607.500000	694.000000	846.000000	-8.940397	298.221282	0.985000	134.13
4018	weekly_cases	988	427.000000	524.000000	607.500000	694.000000	846.000000	-8.940397	298.221282	0.985000	134.13
4025	joint	1004	682.000000	823.750000	929.000000	1066.000000	1293.050000	-6.267686	54.172031	0.654500	1456.65
4025	weekly_cases	1004	682.000000	823.750000	929.000000	1066.000000	1293.050000	-6.267686	54.172031	0.654500	1456.65
4032	joint	791	712.950000	842.750000	949.500000	1076.000000	1286.150000	-6.436492	98.730597	0.147000	1145.35
4032	weekly_cases	791	712.950000	842.750000	949.500000	1076.000000	1286.150000	-6.436492	98.730597	0.147000	1145.35
4039	joint	656	632.900000	772.750000	884.000000	1016.000000	1248.100000	-6.879129	151.283327	0.070500	704.23
4039	weekly_cases	656	632.900000	772.750000	884.000000	1016.000000	1248.100000	-6.879129	151.283327	0.070500	704.23
4046	joint	1137	527.000000	649.000000	750.000000	866.250000	1092.150000	-8.196293	278.436833	0.963000	281.77
4046	weekly_cases	1137	527.000000	649.000000	750.000000	866.250000	1092.150000	-8.196293	278.436833	0.963000	281.77
4053	joint	1295	860.000000	1063.500000	1220.000000	1402.250000	1688.050000	-6.536482	67.402185	0.618500	1440.56
4053	weekly_cases	1295	860.000000	1063.500000	1220.000000	1402.250000	1688.050000	-6.536482	67.402185	0.618500	1440.56
4060	joint	1945	1029.000000	1250.000000	1441.000000	1650.000000	1984.200000	-8.014024	337.722804	0.936000	552.26
4060	weekly_cases	1945	1029.000000	1250.000000	1441.000000	1650.000000	1984.200000	-8.014024	337.722804	0.936000	552.26
4067	joint	2402	1500.950000	1803.000000	2059.000000	2362.750000	2885.100000	-7.391935	198.349592	0.771500	1176.63
4067	weekly_cases	2402	1500.950000	1803.000000	2059.000000	2362.750000	2885.100000	-7.391935	198.349592	0.771500	1176.63
4074	joint	2694	1854.850000	2269.000000	2572.000000	2931.250000	3600.000000	-7.210984	130.110528	0.599500	1478.20
4074	weekly_cases	2694	1854.850000	2269.000000	2572.000000	2931.250000	3600.000000	-7.210984	130.110528	0.599500	1478.20
4081	joint	3412	2079.750000	2500.000000	2863.500000	3277.250000	3988.100000	-7.849915	318.057041	0.819000	1072.92
4081	weekly_cases	3412	2079.750000	2500.000000	2863.500000	3277.250000	3988.100000	-7.849915	318.057041	0.819000	1072.92
4088	joint	2626	2564.650000	3073.000000	3509.000000	4007.000000	4838.300000	-8.307118	586.089211	0.066500	712.27
4088	weekly_cases	2626	2564.650000	3073.000000	3509.000000	4007.000000	4838.300000	-8.307118	586.089211	0.066500	712.27
4095	joint	3685	2162.800000	2613.500000	3008.500000	3457.000000	4160.000000	-8.076766	399.961928	0.834500	924.81
4095	weekly_cases	3685	2162.800000	2613.500000	3008.500000	3457.000000	4160.000000	-8.076766	399.961928	0.834500	924.81
4102	joint	3337	2699.000000	3233.750000	3665.000000	4152.250000	5048.250000	-7.497126	226.863266	0.304500	1429.97
4102	weekly_cases	3337	2699.000000	3233.750000	3665.000000	4152.250000	5048.250000	-7.497126	226.863266	0.304500	1429.97
4109	joint	4103	2547.900000	3036.000000	3474.000000	3955.000000	4789.250000	-7.947461	367.249323	0.809500	1133.27
4109	weekly_cases	4103	2547.900000	3036.000000	3474.000000	3955.000000	4789.250000	-7.947461	367.249323	0.809500	1133.27
4116	joint	3089	2977.650000	3565.750000	4050.000000	4653.250000	5591.200000	-8.354473	649.117290	0.068500	765.49
4116	weekly_cases	3089	2977.650000	3565.750000	4050.000000	4653.250000	5591.200000	-8.354473	649.117290	0.068500	765.49
4123	joint	3291	2461.750000	2989.000000	3388.500000	3861.250000	4629.250000	-7.384632	157.099826	0.441000	1545.60
4123	weekly_cases	3291	2461.750000	2989.000000	3388.500000	3861.250000	4629.250000	-7.384632	157.099826	0.441000	1545.60
4130	joint	2614	2281.950000	2751.750000	3086.500000	3513.000000	4208.000000	-7.512285	301.330680	0.178000	1190.00
4130	weekly_cases	2614	2281.950000	2751.750000	3086.500000	3513.000000	4208.000000	-7.512285	301.330680	0.178000	1190.00
4137	joint	1789	1808.000000	2157.000000	2417.000000	2700.750000	3199.850000	-8.170260	437.739518	0.044500	716.03
4137	weekly_cases	1789	1808.000000	2157.000000	2417.000000	2700.750000	3199.850000	-8.170260	437.739518	0.044500	716.03
4144	joint	1236	1397.950000	1650.750000	1856.000000	2096.000000	2507.050000	-9.012713	467.113040	0.008500	463.66
4144	weekly_cases	1236	1397.950000	1650.750000	1856.000000	2096.000000	2507.050000	-9.012713	467.113040	0.008500	463.66
4151	joint	1063	1054.950000	1269.000000	1438.000000	1641.000000	1983.000000	-7.501635	257.057327	0.053000	706.09
4151	weekly_cases	1063	1054.950000	1269.000000	1438.000000	1641.000000	1983.000000	-7.501635	257.057327	0.053000	706.09
4158	joint	962	813.000000	982.000000	1113.500000	1275.000000	1591.000000	-6.429081	95.072476	0.223500	1258.58
4158	weekly_cases	962	813.000000	982.000000	1113.500000	1275.000000	1591.000000	-6.429081	95.072476	0.223500	1258.58
4165	joint	923	703.950000	842.000000	963.000000	1102.000000	1350.100000	-6.170336	48.874377	0.418000	1475.80
4165	weekly_cases	923	703.950000	842.000000	963.000000	1102.000000	1350.100000	-6.170336	48.874377	0.418000	1475.80
4172	joint	792	650.950000	794.000000	908.000000	1034.000000	1267.000000	-6.221171	73.562661	0.246500	1279.28
4172	weekly_cases	792	650.950000	794.000000	908.000000	1034.000000	1267.000000	-6.221171	73.562661	0.246500	1279.28
4179	joint	932	583.000000	703.750000	814.000000	931.000000	1141.050000	-6.392462	71.018118	0.752500	1222.94
4179	weekly_cases	932	583.000000	703.750000	814.000000	931.000000	1141.050000	-6.392462	71.018118	0.752500	1222.94
4186	joint	496	660.000000	800.000000	902.000000	1024.000000	1256.100000	-10.098157	324.847915	0.001500	115.87
4186	weekly_cases	496	660.000000	800.000000	902.000000	1024.000000	1256.100000	-10.098157	324.847915	0.001500	115.87
4193	joint	506	480.950000	576.000000	653.000000	738.000000	898.000000	-6.416175	94.924659	0.082000	881.31
4193	weekly_cases	506	480.950000	576.000000	653.000000	738.000000	898.000000	-6.416175	94.924659	0.082000	881.31
4200	joint	342	376.950000	468.750000	542.000000	626.000000	772.050000	-7.423973	145.292213	0.015500	303.34
4200	weekly_cases	342	376.950000	468.750000	542.000000	626.000000	772.050000	-7.423973	145.292213	0.015500	303.34
4207	joint	380	276.000000	337.000000	387.000000	437.000000	542.100000	-5.243947	18.081492	0.465500	1530.79
4207	weekly_cases	380	276.000000	337.000000	387.000000	437.000000	542.100000	-5.243947	18.081492	0.465500	1530.79
4214	joint	272	262.000000	326.750000	373.000000	428.000000	525.050000	-6.120957	67.647261	0.073000	643.88
4214	weekly_cases	272	262.000000	326.750000	373.000000	428.000000	525.050000	-6.120957	67.647261	0.073000	643.88
4221	joint	192	209.000000	258.000000	296.000000	340.000000	431.100000	-6.694632	74.922931	0.018500	356.29
4221	weekly_cases	192	209.000000	258.000000	296.000000	340.000000	431.100000	-6.694632	74.922931	0.018500	356.29
4228	joint	166	146.000000	180.000000	206.000000	238.000000	297.000000	-5.008378	25.223708	0.155500	1040.41
4228	weekly_cases	166	146.000000	180.000000	206.000000	238.000000	297.000000	-5.008378	25.223708	0.155500	1040.41
4235	joint	130	111.000000	134.000000	153.000000	176.000000	214.000000	-4.546812	14.309655	0.212000	1265.78
4235	weekly_cases	130	111.000000	134.000000	153.000000	176.000000	214.000000	-4.546812	14.309655	0.212000	1265.78
4242	joint	124	84.000000	103.000000	118.000000	136.000000	165.050000	-4.158405	6.389899	0.605500	1581.24
4242	weekly_cases	124	84.000000	103.000000	118.000000	136.000000	165.050000	-4.158405	6.389899	0.605500	1581.24
4249	joint	82	72.000000	89.000000	102.000000	118.000000	145.000000	-4.354917	12.490076	0.157000	1104.88
4249	weekly_cases	82	72.000000	89.000000	102.000000	118.000000	145.000000	-4.354917	12.490076	0.157000	1104.88
4256	joint	76	54.000000	67.000000	78.000000	90.000000	109.000000	-3.734997	4.020582	0.467000	1586.27
4256	weekly_cases	76	54.000000	67.000000	78.000000	90.000000	109.000000	-3.734997	4.020582	0.467000	1586.27
4263	joint	58	44.000000	56.000000	65.500000	75.000000	93.000000	-3.628491	4.880182	0.307000	1453.94
4263	weekly_cases	58	44.000000	56.000000	65.500000	75.000000	93.000000	-3.628491	4.880182	0.307000	1453.94
4270	joint	38	35.000000	44.000000	52.000000	60.250000	76.000000	-4.044752	8.973337	0.099000	879.78
4270	weekly_cases	38	35.000000	44.000000	52.000000	60.250000	76.000000	-4.044752	8.973337	0.099000	879.78
4277	joint	22	26.000000	34.000000	41.000000	48.000000	60.000000	-5.180335	13.658758	0.019500	276.94
4277	weekly_cases	22	26.000000	34.000000	41.000000	48.000000	60.000000	-5.180335	13.658758	0.019500	276.94
4284	joint	24	18.000000	25.000000	31.000000	37.000000	48.000000	-3.276855	4.062080	0.225000	1121.55
4284	weekly_cases	24	18.000000	25.000000	31.000000	37.000000	48.000000	-3.276855	4.062080	0.225000	1121.55
4291	joint	32	15.000000	22.000000	27.000000	34.000000	44.000000	-3.318602	2.981693	0.711500	1235.06
4291	weekly_cases	32	15.000000	22.000000	27.000000	34.000000	44.000000	-3.318602	2.981693	0.711500	1235.06
4298	joint	29	18.000000	26.000000	33.000000	40.000000	53.000000	-3.237538	2.955694	0.367000	1281.30
4298	weekly_cases	29	18.000000	26.000000	33.000000	40.000000	53.000000	-3.237538	2.955694	0.367000	1281.30
4305	joint	41	19.000000	27.000000	33.000000	41.000000	53.000000	-3.646810	4.594131	0.770000	1084.29
4305	weekly_cases	41	19.000000	27.000000	33.000000	41.000000	53.000000	-3.646810	4.594131	0.770000	1084.29
4312	joint	33	25.000000	34.000000	42.000000	51.000000	65.050000	-3.536586	5.434321	0.230500	1085.07
4312	weekly_cases	33	25.000000	34.000000	42.000000	51.000000	65.050000	-3.536586	5.434321	0.230500	1085.07
4319	joint	33	24.000000	32.000000	40.000000	48.000000	62.000000	-3.423863	4.360717	0.281500	1208.50
4319	weekly_cases	33	24.000000	32.000000	40.000000	48.000000	62.000000	-3.423863	4.360717	0.281500	1208.50
4326	joint	28	23.000000	31.000000	38.000000	46.000000	59.000000	-3.610329	6.289123	0.175000	944.49
4326	weekly_cases	28	23.000000	31.000000	38.000000	46.000000	59.000000	-3.610329	6.289123	0.175000	944.49
4333	joint	36	19.000000	26.000000	31.500000	38.000000	49.000000	-3.297992	2.928382	0.698000	1349.15
4333	weekly_cases	36	19.000000	26.000000	31.500000	38.000000	49.000000	-3.297992	2.928382	0.698000	1349.15
4340	joint	30	20.000000	28.000000	35.000000	43.000000	57.000000	-3.274971	3.479729	0.320000	1265.05
4340	weekly_cases	30	20.000000	28.000000	35.000000	43.000000	57.000000	-3.274971	3.479729	0.320000	1265.05
4347	joint	29	21.000000	28.000000	35.000000	42.000000	55.000000	-3.298458	3.595788	0.307000	1238.74
4347	weekly_cases	29	21.000000	28.000000	35.000000	42.000000	55.000000	-3.298458	3.595788	0.307000	1238.74
4354	joint	22	20.000000	27.000000	34.000000	41.000000	55.000000	-3.807801	7.658865	0.107000	703.65
4354	weekly_cases	22	20.000000	27.000000	34.000000	41.000000	55.000000	-3.807801	7.658865	0.107000	703.65
4361	joint	20	16.000000	23.000000	29.000000	36.000000	47.000000	-3.485048	5.494003	0.158500	856.13
4361	weekly_cases	20	16.000000	23.000000	29.000000	36.000000	47.000000	-3.485048	5.494003	0.158500	856.13
4368	joint	13	15.000000	20.000000	26.000000	31.000000	42.000000	-4.324983	8.832288	0.032000	380.63
4368	weekly_cases	13	15.000000	20.000000	26.000000	31.000000	42.000000	-4.324983	8.832288	0.032000	380.63
4375	joint	15	10.000000	16.000000	20.000000	26.000000	35.000000	-3.041929	3.291160	0.227000	1056.96
4375	weekly_cases	15	10.000000	16.000000	20.000000	26.000000	35.000000	-3.041929	3.291160	0.227000	1056.96
4382	joint	22	10.000000	14.000000	19.000000	23.000000	31.000000	-3.019819	2.178723	0.721500	1254.11
4382	weekly_cases	22	10.000000	14.000000	19.000000	23.000000	31.000000	-3.019819	2.178723	0.721500	1254.11
4389	joint	26	11.000000	16.000000	20.000000	25.000000	33.000000	-3.322551	3.405352	0.805500	1067.36
4389	weekly_cases	26	11.000000	16.000000	20.000000	25.000000	33.000000	-3.322551	3.405352	0.805500	1067.36
4396	joint	26	12.000000	17.000000	21.000000	27.000000	34.000000	-3.132561	2.700899	0.749500	1259.81
4396	weekly_cases	26	12.000000	17.000000	21.000000	27.000000	34.000000	-3.132561	2.700899	0.749500	1259.81
4403	joint	20	14.000000	19.000000	24.000000	30.000000	39.000000	-3.005499	2.698067	0.310000	1256.88
4403	weekly_cases	20	14.000000	19.000000	24.000000	30.000000	39.000000	-3.005499	2.698067	0.310000	1256.88
4410	joint	22	13.000000	19.000000	23.000000	29.000000	39.000000	-2.946059	1.924036	0.462000	1369.77
4410	weekly_cases	22	13.000000	19.000000	23.000000	29.000000	39.000000	-2.946059	1.924036	0.462000	1369.77
4417	joint	26	14.000000	20.000000	24.000000	31.000000	40.000000	-3.065257	1.971410	0.583000	1350.34
4417	weekly_cases	26	14.000000	20.000000	24.000000	31.000000	40.000000	-3.065257	1.971410	0.583000	1350.34
4424	joint	51	16.000000	23.000000	29.000000	35.000000	47.000000	-5.536007	16.611795	0.973000	231.86
4424	weekly_cases	51	16.000000	23.000000	29.000000	35.000000	47.000000	-5.536007	16.611795	0.973000	231.86
4431	joint	61	30.000000	40.000000	50.000000	60.000000	78.000000	-4.040133	6.621086	0.773000	1023.15
4431	weekly_cases	61	30.000000	40.000000	50.000000	60.000000	78.000000	-4.040133	6.621086	0.773000	1023.15
4438	joint	49	42.000000	55.000000	65.500000	77.000000	99.000000	-4.118339	10.182196	0.144500	909.72
4438	weekly_cases	49	42.000000	55.000000	65.500000	77.000000	99.000000	-4.118339	10.182196	0.144500	909.72
4445	joint	76	38.000000	50.000000	61.000000	72.250000	93.000000	-4.249544	8.874526	0.809000	1008.27
4445	weekly_cases	76	38.000000	50.000000	61.000000	72.250000	93.000000	-4.249544	8.874526	0.809000	1008.27
4452	joint	54	51.000000	65.000000	78.000000	94.000000	119.050000	-4.581725	15.776011	0.082000	664.94
4452	weekly_cases	54	51.000000	65.000000	78.000000	94.000000	119.050000	-4.581725	15.776011	0.082000	664.94
4459	joint	56	45.000000	58.000000	68.000000	80.000000	103.000000	-3.896350	7.495950	0.225000	1177.75
4459	weekly_cases	56	45.000000	58.000000	68.000000	80.000000	103.000000	-3.896350	7.495950	0.225000	1177.75
4466	joint	66	41.000000	54.000000	65.000000	77.000000	97.000000	-3.779595	4.021861	0.543500	1375.63
4466	weekly_cases	66	41.000000	54.000000	65.000000	77.000000	97.000000	-3.779595	4.021861	0.543500	1375.63
4473	joint	76	45.950000	60.000000	72.000000	86.000000	108.000000	-3.916159	4.852668	0.595000	1343.73
4473	weekly_cases	76	45.950000	60.000000	72.000000	86.000000	108.000000	-3.916159	4.852668	0.595000	1343.73
4480	joint	75	54.950000	70.000000	83.000000	99.000000	123.000000	-3.929736	6.307818	0.345500	1341.79
4480	weekly_cases	75	54.950000	70.000000	83.000000	99.000000	123.000000	-3.929736	6.307818	0.345500	1341.79
4487	joint	114	55.000000	70.000000	84.000000	101.000000	129.000000	-4.949286	18.145584	0.883500	744.03
4487	weekly_cases	114	55.000000	70.000000	84.000000	101.000000	129.000000	-4.949286	18.145584	0.883500	744.03
4494	joint	83	76.000000	95.000000	112.000000	131.000000	167.000000	-4.698212	18.693328	0.097000	813.88
4494	weekly_cases	83	76.000000	95.000000	112.000000	131.000000	167.000000	-4.698212	18.693328	0.097000	813.88
4501	joint	80	60.950000	77.000000	90.000000	104.000000	128.000000	-3.976107	6.694520	0.313000	1386.69
4501	weekly_cases	80	60.950000	77.000000	90.000000	104.000000	128.000000	-3.976107	6.694520	0.313000	1386.69
4508	joint	94	54.000000	69.000000	80.000000	93.000000	115.000000	-4.190148	8.069085	0.771000	1258.67
4508	weekly_cases	94	54.000000	69.000000	80.000000	93.000000	115.000000	-4.190148	8.069085	0.771000	1258.67
4515	joint	166	61.000000	78.000000	92.000000	109.000000	139.000000	-7.472765	58.152835	0.992000	110.99
4515	weekly_cases	166	61.000000	78.000000	92.000000	109.000000	139.000000	-7.472765	58.152835	0.992000	110.99
4522	joint	206	116.000000	146.000000	172.500000	205.000000	269.000000	-5.125521	19.433966	0.761000	1004.43
4522	weekly_cases	206	116.000000	146.000000	172.500000	205.000000	269.000000	-5.125521	19.433966	0.761000	1004.43
4529	joint	249	157.000000	194.000000	226.500000	264.000000	330.000000	-5.078427	16.006600	0.662500	1274.48
4529	weekly_cases	249	157.000000	194.000000	226.500000	264.000000	330.000000	-5.078427	16.006600	0.662500	1274.48
4536	joint	316	186.950000	235.000000	270.000000	314.000000	386.000000	-5.403967	26.351976	0.764000	1141.64
4536	weekly_cases	316	186.950000	235.000000	270.000000	314.000000	386.000000	-5.403967	26.351976	0.764000	1141.64
4543	joint	317	236.950000	294.000000	338.000000	391.000000	480.000000	-5.173715	19.504023	0.380000	1426.12
4543	weekly_cases	317	236.950000	294.000000	338.000000	391.000000	480.000000	-5.173715	19.504023	0.380000	1426.12
4550	joint	282	246.000000	303.000000	350.500000	403.250000	498.050000	-5.512775	41.668330	0.161000	1021.98
4550	weekly_cases	282	246.000000	303.000000	350.500000	403.250000	498.050000	-5.512775	41.668330	0.161000	1021.98
4557	joint	280	226.000000	276.000000	319.000000	369.000000	457.000000	-5.173891	24.868857	0.280500	1296.74
4557	weekly_cases	280	226.000000	276.000000	319.000000	369.000000	457.000000	-5.173891	24.868857	0.280500	1296.74
4564	joint	374	213.000000	265.000000	307.000000	355.000000	439.050000	-5.764820	39.725154	0.824000	976.06
4564	weekly_cases	374	213.000000	265.000000	307.000000	355.000000	439.050000	-5.764820	39.725154	0.824000	976.06
4571	joint	305	272.000000	339.000000	390.000000	453.000000	558.000000	-5.768019	53.844302	0.124500	901.29
4571	weekly_cases	305	272.000000	339.000000	390.000000	453.000000	558.000000	-5.768019	53.844302	0.124500	901.29
4578	joint	329	246.950000	303.000000	354.500000	411.000000	505.050000	-5.232232	21.693382	0.375000	1401.22
4578	weekly_cases	329	246.950000	303.000000	354.500000	411.000000	505.050000	-5.232232	21.693382	0.375000	1401.22
4585	joint	287	250.950000	308.000000	359.000000	411.000000	517.000000	-5.565242	43.156942	0.166000	1003.14
4585	weekly_cases	287	250.950000	308.000000	359.000000	411.000000	517.000000	-5.565242	43.156942	0.166000	1003.14
4592	joint	363	220.000000	273.000000	314.000000	363.000000	450.000000	-5.527203	28.650584	0.751000	1153.93
4592	weekly_cases	363	220.000000	273.000000	314.000000	363.000000	450.000000	-5.527203	28.650584	0.751000	1153.93
4599	joint	258	242.000000	295.000000	334.000000	382.000000	464.000000	-5.704995	49.486849	0.096500	879.46
4599	weekly_cases	258	242.000000	295.000000	334.000000	382.000000	464.000000	-5.704995	49.486849	0.096500	879.46
4606	joint	225	189.000000	228.000000	258.000000	292.000000	354.000000	-4.972712	20.414751	0.230500	1350.67
4606	weekly_cases	225	189.000000	228.000000	258.000000	292.000000	354.000000	-4.972712	20.414751	0.230500	1350.67
4613	joint	245	154.950000	188.000000	214.000000	240.000000	291.000000	-5.021543	18.809895	0.782000	1321.28
4613	weekly_cases	245	154.950000	188.000000	214.000000	240.000000	291.000000	-5.021543	18.809895	0.782000	1321.28
4620	joint	186	149.000000	182.000000	206.500000	236.000000	286.000000	-4.685266	13.789234	0.294500	1419.90
4620	weekly_cases	186	149.000000	182.000000	206.500000	236.000000	286.000000	-4.685266	13.789234	0.294500	1419.90
4627	joint	172	123.000000	151.000000	173.000000	198.000000	239.050000	-4.452279	8.253061	0.488000	1591.97
4627	weekly_cases	172	123.000000	151.000000	173.000000	198.000000	239.050000	-4.452279	8.253061	0.488000	1591.97
4634	joint	104	110.000000	134.000000	154.000000	175.000000	216.000000	-5.790492	35.634211	0.027000	489.12
4634	weekly_cases	104	110.000000	134.000000	154.000000	175.000000	216.000000	-5.790492	35.634211	0.027000	489.12
4641	joint	98	78.000000	97.000000	112.000000	130.000000	157.050000	-4.149487	9.090357	0.268000	1378.36
4641	weekly_cases	98	78.000000	97.000000	112.000000	130.000000	157.050000	-4.149487	9.090357	0.268000	1378.36
4648	joint	85	69.000000	85.000000	100.000000	117.000000	144.000000	-4.137069	9.209296	0.262500	1254.42
4648	weekly_cases	85	69.000000	85.000000	100.000000	117.000000	144.000000	-4.137069	9.209296	0.262500	1254.42
4655	joint	100	62.000000	81.000000	95.000000	113.000000	145.000000	-4.163004	5.989293	0.584000	1354.41
4655	weekly_cases	100	62.000000	81.000000	95.000000	113.000000	145.000000	-4.163004	5.989293	0.584000	1354.41
4662	joint	140	72.000000	92.000000	111.000000	131.000000	171.000000	-4.925274	17.397459	0.825000	885.39
4662	weekly_cases	140	72.000000	92.000000	111.000000	131.000000	171.000000	-4.925274	17.397459	0.825000	885.39
4669	joint	146	103.000000	131.000000	154.000000	183.000000	234.050000	-4.526223	9.818611	0.412000	1326.63
4669	weekly_cases	146	103.000000	131.000000	154.000000	183.000000	234.050000	-4.526223	9.818611	0.412000	1326.63
4676	joint	190	114.000000	141.000000	167.000000	196.000000	245.000000	-4.886138	14.542450	0.715500	1199.24
4676	weekly_cases	190	114.000000	141.000000	167.000000	196.000000	245.000000	-4.886138	14.542450	0.715500	1199.24
4683	joint	195	146.000000	179.000000	210.000000	248.000000	309.000000	-4.793946	13.605790	0.374000	1346.77
4683	weekly_cases	195	146.000000	179.000000	210.000000	248.000000	309.000000	-4.793946	13.605790	0.374000	1346.77
4690	joint	193	154.000000	191.000000	221.000000	260.000000	329.050000	-4.892578	18.668671	0.263000	1238.68
4690	weekly_cases	193	154.000000	191.000000	221.000000	260.000000	329.050000	-4.892578	18.668671	0.263000	1238.68
4697	joint	232	144.000000	177.000000	206.000000	237.000000	294.000000	-5.001472	16.331491	0.726500	1281.12
4697	weekly_cases	232	144.000000	177.000000	206.000000	237.000000	294.000000	-5.001472	16.331491	0.726500	1281.12
4704	joint	220	164.950000	204.000000	238.000000	274.000000	340.000000	-4.842577	14.687045	0.383000	1416.31
4704	weekly_cases	220	164.950000	204.000000	238.000000	274.000000	340.000000	-4.842577	14.687045	0.383000	1416.31
4711	joint	314	174.000000	214.000000	249.000000	290.250000	366.100000	-5.712844	38.507396	0.851500	870.46
4711	weekly_cases	314	174.000000	214.000000	249.000000	290.250000	366.100000	-5.712844	38.507396	0.851500	870.46
4718	joint	266	240.000000	297.000000	345.000000	402.000000	506.000000	-5.695090	50.531183	0.122500	863.17
4718	weekly_cases	266	240.000000	297.000000	345.000000	402.000000	506.000000	-5.695090	50.531183	0.122500	863.17
4725	joint	390	225.000000	275.000000	319.000000	370.000000	461.000000	-5.780396	41.742617	0.819500	990.00
4725	weekly_cases	390	225.000000	275.000000	319.000000	370.000000	461.000000	-5.780396	41.742617	0.819500	990.00
4732	joint	397	297.950000	369.000000	428.000000	495.000000	624.150000	-5.438081	26.082030	0.368000	1373.08
4732	weekly_cases	397	297.950000	369.000000	428.000000	495.000000	624.150000	-5.438081	26.082030	0.368000	1373.08
4739	joint	397	322.950000	396.000000	450.500000	527.250000	653.000000	-5.534651	36.575555	0.259000	1270.00
4739	weekly_cases	397	322.950000	396.000000	450.500000	527.250000	653.000000	-5.534651	36.575555	0.259000	1270.00
4746	joint	438	320.000000	387.000000	450.500000	526.000000	661.100000	-5.495603	24.889090	0.453500	1413.56
4746	weekly_cases	438	320.000000	387.000000	450.500000	526.000000	661.100000	-5.495603	24.889090	0.453500	1413.56
4753	joint	798	319.000000	390.000000	444.000000	508.000000	618.000000	-10.091003	292.703514	0.997500	37.36
4753	weekly_cases	798	319.000000	390.000000	444.000000	508.000000	618.000000	-10.091003	292.703514	0.997500	37.36
4760	joint	674	521.950000	619.750000	702.000000	789.000000	907.000000	-5.722912	31.554056	0.409500	1657.15
4760	weekly_cases	674	521.950000	619.750000	702.000000	789.000000	907.000000	-5.722912	31.554056	0.409500	1657.15
4767	joint	680	510.000000	616.000000	701.000000	794.000000	973.100000	-5.809341	32.907562	0.442500	1553.27
4767	weekly_cases	680	510.000000	616.000000	701.000000	794.000000	973.100000	-5.809341	32.907562	0.442500	1553.27
4774	joint	682	518.950000	638.000000	735.500000	852.000000	1062.050000	-5.966065	45.095357	0.369500	1365.43
4774	weekly_cases	682	518.950000	638.000000	735.500000	852.000000	1062.050000	-5.966065	45.095357	0.369500	1365.43
4781	joint	971	536.950000	656.000000	748.000000	872.000000	1095.050000	-7.009506	134.956243	0.879000	745.80
4781	weekly_cases	971	536.950000	656.000000	748.000000	872.000000	1095.050000	-7.009506	134.956243	0.879000	745.80
4788	joint	1353	748.000000	902.000000	1040.500000	1191.250000	1464.000000	-7.347960	198.044389	0.896500	715.18
4788	weekly_cases	1353	748.000000	902.000000	1040.500000	1191.250000	1464.000000	-7.347960	198.044389	0.896500	715.18
4795	joint	1508	1055.900000	1293.750000	1487.000000	1699.250000	2072.000000	-6.661377	72.534334	0.529500	1463.00
4795	weekly_cases	1508	1055.900000	1293.750000	1487.000000	1699.250000	2072.000000	-6.661377	72.534334	0.529500	1463.00
4802	joint	1945	1196.800000	1452.750000	1664.000000	1911.000000	2370.100000	-7.174990	164.042067	0.777000	1156.94
4802	weekly_cases	1945	1196.800000	1452.750000	1664.000000	1911.000000	2370.100000	-7.174990	164.042067	0.777000	1156.94
4809	joint	1876	1508.000000	1820.000000	2070.000000	2368.250000	2931.550000	-6.947586	134.381365	0.304000	1384.99
4809	weekly_cases	1876	1508.000000	1820.000000	2070.000000	2368.250000	2931.550000	-6.947586	134.381365	0.304000	1384.99
4816	joint	2225	1481.950000	1808.750000	2066.000000	2365.250000	2941.000000	-7.078975	121.635927	0.641500	1429.67
4816	weekly_cases	2225	1481.950000	1808.750000	2066.000000	2365.250000	2941.000000	-7.078975	121.635927	0.641500	1429.67
4823	joint	1832	1687.000000	2040.000000	2328.500000	2685.250000	3225.150000	-7.535789	319.536865	0.121500	890.11
4823	weekly_cases	1832	1687.000000	2040.000000	2328.500000	2685.250000	3225.150000	-7.535789	319.536865	0.121500	890.11
4830	joint	2034	1460.000000	1787.750000	2057.500000	2354.250000	2888.350000	-6.943505	101.586539	0.481500	1491.75
4830	weekly_cases	2034	1460.000000	1787.750000	2057.500000	2354.250000	2888.350000	-6.943505	101.586539	0.481500	1491.75
4837	joint	1724	1521.900000	1844.000000	2111.000000	2419.250000	2989.050000	-7.287226	244.817826	0.151000	1030.65
4837	weekly_cases	1724	1521.900000	1844.000000	2111.000000	2419.250000	2989.050000	-7.287226	244.817826	0.151000	1030.65
4844	joint	2007	1383.950000	1666.000000	1887.500000	2179.000000	2664.050000	-6.959565	102.918884	0.613500	1432.55
4844	weekly_cases	2007	1383.950000	1666.000000	1887.500000	2179.000000	2664.050000	-6.959565	102.918884	0.613500	1432.55
4851	joint	2016	1500.850000	1806.000000	2069.500000	2371.500000	2912.250000	-6.943223	100.315243	0.454000	1480.90
4851	weekly_cases	2016	1500.850000	1806.000000	2069.500000	2371.500000	2912.250000	-6.943223	100.315243	0.454000	1480.90
4858	joint	1767	1484.000000	1799.750000	2056.000000	2361.250000	2836.150000	-7.083205	179.819751	0.222500	1226.86
4858	weekly_cases	1767	1484.000000	1799.750000	2056.000000	2361.250000	2836.150000	-7.083205	179.819751	0.222500	1226.86
4865	joint	1780	1284.950000	1524.750000	1713.000000	1940.000000	2287.150000	-6.717512	77.136855	0.576000	1586.76
4865	weekly_cases	1780	1284.950000	1524.750000	1713.000000	1940.000000	2287.150000	-6.717512	77.136855	0.576000	1586.76
4872	joint	1640	1205.000000	1422.750000	1591.000000	1787.250000	2118.000000	-6.573341	66.855453	0.570500	1665.90
4872	weekly_cases	1640	1205.000000	1422.750000	1591.000000	1787.250000	2118.000000	-6.573341	66.855453	0.570500	1665.90
4879	joint	1169	1154.900000	1389.000000	1582.500000	1796.000000	2206.500000	-7.581929	279.432320	0.059000	699.45
4879	weekly_cases	1169	1154.900000	1389.000000	1582.500000	1796.000000	2206.500000	-7.581929	279.432320	0.059000	699.45
4886	joint	869	938.950000	1139.750000	1296.500000	1491.250000	1809.150000	-8.173910	311.702104	0.019000	373.23
4886	weekly_cases	869	938.950000	1139.750000	1296.500000	1491.250000	1809.150000	-8.173910	311.702104	0.019000	373.23
4893	joint	1071	704.900000	869.000000	999.000000	1138.000000	1373.050000	-6.389737	57.746800	0.653500	1373.51
4893	weekly_cases	1071	704.900000	869.000000	999.000000	1138.000000	1373.050000	-6.389737	57.746800	0.653500	1373.51
4900	joint	893	780.000000	939.000000	1074.000000	1222.000000	1517.050000	-6.506695	109.795920	0.174000	1126.96
4900	weekly_cases	893	780.000000	939.000000	1074.000000	1222.000000	1517.050000	-6.506695	109.795920	0.174000	1126.96
4907	joint	964	683.000000	836.750000	958.000000	1095.000000	1341.050000	-6.186963	44.977649	0.515500	1492.54
4907	weekly_cases	964	683.000000	836.750000	958.000000	1095.000000	1341.050000	-6.186963	44.977649	0.515500	1492.54
4914	joint	856	701.950000	852.750000	986.000000	1134.250000	1389.000000	-6.317232	81.705975	0.254000	1250.86
4914	weekly_cases	856	701.950000	852.750000	986.000000	1134.250000	1389.000000	-6.317232	81.705975	0.254000	1250.86
4921	joint	752	649.000000	786.000000	897.000000	1033.000000	1238.100000	-6.357041	90.211247	0.183000	1128.81
4921	weekly_cases	752	649.000000	786.000000	897.000000	1033.000000	1238.100000	-6.357041	90.211247	0.183000	1128.81
4928	joint	584	581.000000	701.000000	805.000000	922.000000	1132.050000	-6.910079	150.427177	0.055000	659.16
4928	weekly_cases	584	581.000000	701.000000	805.000000	922.000000	1132.050000	-6.910079	150.427177	0.055000	659.16
4935	joint	427	465.000000	565.000000	648.000000	740.000000	911.000000	-7.491942	160.620442	0.020000	359.70
4935	weekly_cases	427	465.000000	565.000000	648.000000	740.000000	911.000000	-7.491942	160.620442	0.020000	359.70
4942	joint	344	356.950000	428.000000	495.000000	566.000000	703.150000	-6.745075	104.951804	0.032000	523.32
4942	weekly_cases	344	356.950000	428.000000	495.000000	566.000000	703.150000	-6.745075	104.951804	0.032000	523.32
4949	joint	255	279.000000	342.000000	388.000000	450.000000	557.100000	-7.009909	98.571464	0.020500	349.78
4949	weekly_cases	255	279.000000	342.000000	388.000000	450.000000	557.100000	-7.009909	98.571464	0.020500	349.78
4956	joint	219	202.950000	248.000000	289.000000	332.000000	415.050000	-5.594665	44.567963	0.101000	795.17
4956	weekly_cases	219	202.950000	248.000000	289.000000	332.000000	415.050000	-5.594665	44.567963	0.101000	795.17
4963	joint	216	148.950000	185.000000	213.000000	245.000000	301.000000	-4.756172	10.688455	0.529500	1475.19
4963	weekly_cases	216	148.950000	185.000000	213.000000	245.000000	301.000000	-4.756172	10.688455	0.529500	1475.19
4970	joint	162	133.000000	164.000000	187.000000	213.000000	255.000000	-4.672487	15.574390	0.236500	1325.51
4970	weekly_cases	162	133.000000	164.000000	187.000000	213.000000	255.000000	-4.672487	15.574390	0.236500	1325.51
4977	joint	148	106.000000	131.000000	150.000000	173.000000	207.050000	-4.303078	7.235049	0.479500	1608.18
4977	weekly_cases	148	106.000000	131.000000	150.000000	173.000000	207.050000	-4.303078	7.235049	0.479500	1608.18
4984	joint	90	92.000000	113.000000	128.000000	147.000000	178.000000	-5.354983	27.074835	0.044500	629.56
4984	weekly_cases	90	92.000000	113.000000	128.000000	147.000000	178.000000	-5.354983	27.074835	0.044500	629.56
4991	joint	60	64.950000	80.000000	93.000000	108.000000	133.000000	-5.535801	23.667810	0.027000	408.26
4991	weekly_cases	60	64.950000	80.000000	93.000000	108.000000	133.000000	-5.535801	23.667810	0.027000	408.26
4998	joint	53	43.000000	55.000000	65.000000	76.000000	93.050000	-3.839801	7.168894	0.218500	1203.37
4998	weekly_cases	53	43.000000	55.000000	65.000000	76.000000	93.050000	-3.839801	7.168894	0.218500	1203.37
5005	joint	28	33.000000	43.000000	50.000000	58.000000	71.000000	-5.479748	16.607412	0.020000	271.32
5005	weekly_cases	28	33.000000	43.000000	50.000000	58.000000	71.000000	-5.479748	16.607412	0.020000	271.32
5012	joint	28	23.000000	30.000000	36.000000	44.000000	57.000000	-3.472947	5.224538	0.191000	1058.15
5012	weekly_cases	28	23.000000	30.000000	36.000000	44.000000	57.000000	-3.472947	5.224538	0.191000	1058.15
5019	joint	20	19.000000	27.000000	33.000000	40.000000	54.000000	-4.134029	8.793288	0.063500	560.19
5019	weekly_cases	20	19.000000	27.000000	33.000000	40.000000	54.000000	-4.134029	8.793288	0.063500	560.19
5026	joint	23	16.000000	23.000000	28.000000	35.000000	46.000000	-3.194303	3.419190	0.275000	1171.96
5026	weekly_cases	23	16.000000	23.000000	28.000000	35.000000	46.000000	-3.194303	3.419190	0.275000	1171.96
5033	joint	24	15.000000	22.000000	28.000000	35.000000	46.000000	-3.179591	2.941838	0.339000	1209.47
5033	weekly_cases	24	15.000000	22.000000	28.000000	35.000000	46.000000	-3.179591	2.941838	0.339000	1209.47
5040	joint	27	16.000000	23.000000	29.000000	35.000000	47.000000	-3.126382	2.273034	0.453500	1337.84
5040	weekly_cases	27	16.000000	23.000000	29.000000	35.000000	47.000000	-3.126382	2.273034	0.453500	1337.84
5047	joint	23	17.000000	25.000000	31.000000	38.000000	50.000000	-3.369418	4.700040	0.205000	1011.01
5047	weekly_cases	23	17.000000	25.000000	31.000000	38.000000	50.000000	-3.369418	4.700040	0.205000	1011.01
5054	joint	23	16.000000	23.000000	29.000000	36.000000	47.000000	-3.240920	3.575565	0.283500	1134.85
5054	weekly_cases	23	16.000000	23.000000	29.000000	36.000000	47.000000	-3.240920	3.575565	0.283500	1134.85
5061	joint	30	14.000000	21.000000	26.000000	32.000000	42.000000	-3.261398	2.783468	0.708500	1239.88
5061	weekly_cases	30	14.000000	21.000000	26.000000	32.000000	42.000000	-3.261398	2.783468	0.708500	1239.88
5068	joint	36	16.000000	23.000000	29.000000	36.000000	47.000000	-3.511750	4.075831	0.782500	1122.90
5068	weekly_cases	36	16.000000	23.000000	29.000000	36.000000	47.000000	-3.511750	4.075831	0.782500	1122.90
5075	joint	31	22.000000	30.000000	37.000000	45.000000	59.050000	-3.342167	3.885986	0.304500	1222.19
5075	weekly_cases	31	22.000000	30.000000	37.000000	45.000000	59.050000	-3.342167	3.885986	0.304500	1222.19
5082	joint	37	22.000000	30.000000	37.000000	46.000000	60.000000	-3.347741	2.656821	0.520500	1353.67
5082	weekly_cases	37	22.000000	30.000000	37.000000	46.000000	60.000000	-3.347741	2.656821	0.520500	1353.67
5089	joint	44	25.000000	34.000000	42.000000	50.000000	65.050000	-3.472832	2.984454	0.593500	1339.25
5089	weekly_cases	44	25.000000	34.000000	42.000000	50.000000	65.050000	-3.472832	2.984454	0.593500	1339.25
5096	joint	40	30.000000	40.000000	48.000000	59.000000	76.000000	-3.612033	5.385498	0.270500	1158.92
5096	weekly_cases	40	30.000000	40.000000	48.000000	59.000000	76.000000	-3.612033	5.385498	0.270500	1158.92
5103	joint	35	30.000000	40.000000	49.000000	58.250000	78.000000	-3.921308	8.620376	0.148000	836.87
5103	weekly_cases	35	30.000000	40.000000	49.000000	58.250000	78.000000	-3.921308	8.620376	0.148000	836.87
5110	joint	23	27.000000	37.000000	45.000000	54.000000	70.000000	-5.237597	16.032085	0.022000	227.16
5110	weekly_cases	23	27.000000	37.000000	45.000000	54.000000	70.000000	-5.237597	16.032085	0.022000	227.16
5117	joint	27	18.000000	25.000000	31.000000	38.000000	49.000000	-3.191475	3.005585	0.331500	1279.04
5117	weekly_cases	27	18.000000	25.000000	31.000000	38.000000	49.000000	-3.191475	3.005585	0.331500	1279.04
5124	joint	39	16.000000	22.000000	27.000000	33.000000	43.000000	-4.083481	7.367428	0.905000	721.31
5124	weekly_cases	39	16.000000	22.000000	27.000000	33.000000	43.000000	-4.083481	7.367428	0.905000	721.31
5131	joint	18	19.000000	27.000000	33.000000	40.000000	52.050000	-4.532812	10.514319	0.040000	374.80
5131	weekly_cases	18	19.000000	27.000000	33.000000	40.000000	52.050000	-4.532812	10.514319	0.040000	374.80
5138	joint	39	16.000000	21.000000	27.000000	33.000000	44.050000	-4.041319	7.474712	0.896000	716.88
5138	weekly_cases	39	16.000000	21.000000	27.000000	33.000000	44.050000	-4.041319	7.474712	0.896000	716.88
5145	joint	56	23.000000	31.000000	39.000000	48.000000	64.000000	-4.416113	10.537627	0.896000	678.80
5145	weekly_cases	56	23.000000	31.000000	39.000000	48.000000	64.000000	-4.416113	10.537627	0.896000	678.80
5152	joint	64	37.950000	50.000000	59.000000	70.000000	92.000000	-3.768602	4.341707	0.641000	1355.35
5152	weekly_cases	64	37.950000	50.000000	59.000000	70.000000	92.000000	-3.768602	4.341707	0.641000	1355.35
5159	joint	89	46.000000	60.000000	71.000000	84.000000	107.000000	-4.397240	10.362379	0.822500	994.62
5159	weekly_cases	89	46.000000	60.000000	71.000000	84.000000	107.000000	-4.397240	10.362379	0.822500	994.62
5166	joint	153	63.000000	81.000000	97.000000	115.000000	145.000000	-6.253263	40.598098	0.968000	282.05
5166	weekly_cases	153	63.000000	81.000000	97.000000	115.000000	145.000000	-6.253263	40.598098	0.968000	282.05
5173	joint	110	113.000000	141.000000	165.000000	193.000000	236.000000	-5.652205	38.129041	0.041500	492.28
5173	weekly_cases	110	113.000000	141.000000	165.000000	193.000000	236.000000	-5.652205	38.129041	0.041500	492.28
5180	joint	210	94.950000	121.000000	141.000000	164.000000	207.000000	-6.309131	48.171657	0.957000	371.77
5180	weekly_cases	210	94.950000	121.000000	141.000000	164.000000	207.000000	-6.309131	48.171657	0.957000	371.77
5187	joint	140	149.000000	190.000000	225.500000	262.000000	323.050000	-6.392047	59.733820	0.030000	322.51
5187	weekly_cases	140	149.000000	190.000000	225.500000	262.000000	323.050000	-6.392047	59.733820	0.030000	322.51
5194	joint	232	122.000000	151.000000	178.000000	211.000000	266.000000	-5.556915	31.845505	0.856500	771.35
5194	weekly_cases	232	122.000000	151.000000	178.000000	211.000000	266.000000	-5.556915	31.845505	0.856500	771.35
5201	joint	165	168.000000	212.000000	247.000000	286.000000	368.050000	-6.121559	56.548892	0.046500	449.79
5201	weekly_cases	165	168.000000	212.000000	247.000000	286.000000	368.050000	-6.121559	56.548892	0.046500	449.79
5208	joint	250	138.000000	177.000000	206.000000	241.000000	304.000000	-5.381004	25.928449	0.801500	991.93
5208	weekly_cases	250	138.000000	177.000000	206.000000	241.000000	304.000000	-5.381004	25.928449	0.801500	991.93
5215	joint	281	182.000000	228.000000	264.000000	311.000000	386.000000	-5.141245	16.317803	0.592500	1319.77
5215	weekly_cases	281	182.000000	228.000000	264.000000	311.000000	386.000000	-5.141245	16.317803	0.592500	1319.77
5222	joint	444	218.000000	260.750000	304.000000	352.000000	432.000000	-6.986917	98.738188	0.961500	383.67
5222	weekly_cases	444	218.000000	260.750000	304.000000	352.000000	432.000000	-6.986917	98.738188	0.961500	383.67
5229	joint	294	304.950000	367.750000	422.000000	480.000000	585.000000	-6.685254	88.474046	0.037000	525.39
5229	weekly_cases	294	304.950000	367.750000	422.000000	480.000000	585.000000	-6.685254	88.474046	0.037000	525.39
5236	joint	283	238.950000	292.000000	333.000000	380.000000	451.050000	-5.322377	30.909895	0.203000	1242.72
5236	weekly_cases	283	238.950000	292.000000	333.000000	380.000000	451.050000	-5.322377	30.909895	0.203000	1242.72
5243	joint	349	213.000000	264.750000	309.000000	358.000000	454.000000	-5.423392	25.187678	0.712500	1226.99
5243	weekly_cases	349	213.000000	264.750000	309.000000	358.000000	454.000000	-5.423392	25.187678	0.712500	1226.99
5250	joint	436	256.000000	322.000000	374.000000	432.250000	550.000000	-5.769991	37.292836	0.762000	1087.20
5250	weekly_cases	436	256.000000	322.000000	374.000000	432.250000	550.000000	-5.769991	37.292836	0.762000	1087.20
5257	joint	596	336.000000	411.000000	473.000000	548.000000	678.000000	-6.338734	73.280642	0.858000	866.43
5257	weekly_cases	596	336.000000	411.000000	473.000000	548.000000	678.000000	-6.338734	73.280642	0.858000	866.43
5264	joint	549	462.000000	560.000000	646.000000	751.250000	908.050000	-5.949737	59.802384	0.215000	1174.66
5264	weekly_cases	549	462.000000	560.000000	646.000000	751.250000	908.050000	-5.949737	59.802384	0.215000	1174.66
5271	joint	592	447.950000	545.750000	633.000000	734.250000	906.000000	-5.770592	37.521735	0.387000	1434.61
5271	weekly_cases	592	447.950000	545.750000	633.000000	734.250000	906.000000	-5.770592	37.521735	0.387000	1434.61
5278	joint	457	459.000000	565.000000	656.000000	751.000000	930.000000	-6.896011	134.228479	0.046500	535.77
5278	weekly_cases	457	459.000000	565.000000	656.000000	751.000000	930.000000	-6.896011	134.228479	0.046500	535.77
5285	joint	515	377.000000	470.000000	544.000000	627.000000	791.000000	-5.633872	30.155652	0.402000	1419.65
5285	weekly_cases	515	377.000000	470.000000	544.000000	627.000000	791.000000	-5.633872	30.155652	0.402000	1419.65
5292	joint	475	395.000000	483.750000	558.000000	642.000000	792.100000	-5.805947	50.558397	0.230500	1188.31
5292	weekly_cases	475	395.000000	483.750000	558.000000	642.000000	792.100000	-5.805947	50.558397	0.230500	1188.31
5299	joint	483	374.000000	461.000000	531.000000	613.000000	779.000000	-5.656703	35.226928	0.328500	1342.94
5299	weekly_cases	483	374.000000	461.000000	531.000000	613.000000	779.000000	-5.656703	35.226928	0.328500	1342.94
5306	joint	537	377.000000	461.000000	529.000000	607.250000	741.050000	-5.644833	26.074413	0.528500	1470.53
5306	weekly_cases	537	377.000000	461.000000	529.000000	607.250000	741.050000	-5.644833	26.074413	0.528500	1470.53
5313	joint	568	415.000000	502.000000	576.500000	673.250000	833.000000	-5.740059	30.627880	0.477500	1432.63
5313	weekly_cases	568	415.000000	502.000000	576.500000	673.250000	833.000000	-5.740059	30.627880	0.477500	1432.63
5320	joint	508	426.000000	526.000000	608.000000	701.000000	873.000000	-5.940144	61.537438	0.205500	1127.76
5320	weekly_cases	508	426.000000	526.000000	608.000000	701.000000	873.000000	-5.940144	61.537438	0.205500	1127.76
5327	joint	461	372.950000	451.000000	515.000000	591.000000	723.050000	-5.579679	35.982374	0.289000	1380.52
5327	weekly_cases	461	372.950000	451.000000	515.000000	591.000000	723.050000	-5.579679	35.982374	0.289000	1380.52
5334	joint	318	318.950000	378.000000	431.000000	489.000000	594.000000	-6.405739	77.373978	0.050000	697.85
5334	weekly_cases	318	318.950000	378.000000	431.000000	489.000000	594.000000	-6.405739	77.373978	0.050000	697.85
5341	joint	283	245.000000	291.000000	327.000000	368.250000	439.000000	-5.210633	27.068314	0.207500	1339.94
5341	weekly_cases	283	245.000000	291.000000	327.000000	368.250000	439.000000	-5.210633	27.068314	0.207500	1339.94
5348	joint	221	197.000000	235.000000	268.000000	306.000000	366.000000	-5.193354	28.949091	0.150000	1149.63
5348	weekly_cases	221	197.000000	235.000000	268.000000	306.000000	366.000000	-5.193354	28.949091	0.150000	1149.63
5355	joint	199	156.000000	189.000000	213.000000	243.000000	295.000000	-4.628128	11.535606	0.359500	1556.75
5355	weekly_cases	199	156.000000	189.000000	213.000000	243.000000	295.000000	-4.628128	11.535606	0.359500	1556.75
5362	joint	118	129.950000	157.000000	181.000000	207.000000	249.000000	-6.272511	45.500480	0.018500	395.35
5362	weekly_cases	118	129.950000	157.000000	181.000000	207.000000	249.000000	-6.272511	45.500480	0.018500	395.35
5369	joint	94	90.000000	112.000000	129.000000	148.000000	180.000000	-5.041837	23.433241	0.070500	724.91
5369	weekly_cases	94	90.000000	112.000000	129.000000	148.000000	180.000000	-5.041837	23.433241	0.070500	724.91
5376	joint	100	70.000000	88.000000	102.000000	121.000000	150.000000	-4.091036	5.748453	0.465000	1463.12
5376	weekly_cases	100	70.000000	88.000000	102.000000	121.000000	150.000000	-4.091036	5.748453	0.465000	1463.12
5383	joint	120	69.000000	89.000000	107.000000	127.000000	163.050000	-4.498074	9.165135	0.687500	1159.91
5383	weekly_cases	120	69.000000	89.000000	107.000000	127.000000	163.050000	-4.498074	9.165135	0.687500	1159.91
5390	joint	122	88.000000	113.000000	133.000000	156.000000	203.050000	-4.400217	9.282981	0.367500	1309.34
5390	weekly_cases	122	88.000000	113.000000	133.000000	156.000000	203.050000	-4.400217	9.282981	0.367500	1309.34
5397	joint	164	96.000000	122.000000	142.000000	168.250000	213.000000	-4.784609	13.013145	0.714500	1160.04
5397	weekly_cases	164	96.000000	122.000000	142.000000	168.250000	213.000000	-4.784609	13.013145	0.714500	1160.04
5404	joint	198	122.000000	156.000000	185.000000	217.000000	268.000000	-4.810683	11.955694	0.608500	1321.86
5404	weekly_cases	198	122.000000	156.000000	185.000000	217.000000	268.000000	-4.810683	11.955694	0.608500	1321.86
5411	joint	243	156.000000	192.000000	226.000000	264.000000	335.000000	-4.990735	14.494275	0.615500	1333.36
5411	weekly_cases	243	156.000000	192.000000	226.000000	264.000000	335.000000	-4.990735	14.494275	0.615500	1333.36
5418	joint	300	188.000000	237.000000	276.000000	323.000000	407.000000	-5.204641	18.394784	0.643000	1310.71
5418	weekly_cases	300	188.000000	237.000000	276.000000	323.000000	407.000000	-5.204641	18.394784	0.643000	1310.71
5425	joint	307	223.000000	275.000000	321.000000	368.000000	455.050000	-5.129608	17.330880	0.425500	1452.69
5425	weekly_cases	307	223.000000	275.000000	321.000000	368.000000	455.050000	-5.129608	17.330880	0.425500	1452.69
5432	joint	326	231.950000	282.000000	327.000000	374.000000	464.050000	-5.153705	16.044922	0.499000	1476.26
5432	weekly_cases	326	231.950000	282.000000	327.000000	374.000000	464.050000	-5.153705	16.044922	0.499000	1476.26
5439	joint	387	250.950000	311.000000	361.000000	419.250000	524.050000	-5.419062	22.174653	0.626000	1351.59
5439	weekly_cases	387	250.950000	311.000000	361.000000	419.250000	524.050000	-5.419062	22.174653	0.626000	1351.59
5446	joint	398	306.950000	381.000000	440.000000	506.000000	636.050000	-5.495195	29.454449	0.321000	1329.12
5446	weekly_cases	398	306.950000	381.000000	440.000000	506.000000	636.050000	-5.495195	29.454449	0.321000	1329.12
5453	joint	561	316.000000	399.000000	462.000000	539.000000	677.000000	-6.135429	57.838479	0.804500	980.75
5453	weekly_cases	561	316.000000	399.000000	462.000000	539.000000	677.000000	-6.135429	57.838479	0.804500	980.75
5460	joint	633	437.000000	545.000000	630.000000	728.000000	912.000000	-5.885716	31.777117	0.516500	1402.47
5460	weekly_cases	633	437.000000	545.000000	630.000000	728.000000	912.000000	-5.885716	31.777117	0.516500	1402.47
5467	joint	666	512.000000	625.000000	724.500000	841.000000	1041.050000	-5.983840	46.297246	0.349000	1335.62
5467	weekly_cases	666	512.000000	625.000000	724.500000	841.000000	1041.050000	-5.983840	46.297246	0.349000	1335.62
5474	joint	617	543.900000	661.750000	764.000000	885.250000	1090.150000	-6.288617	90.553281	0.153000	1007.79
5474	weekly_cases	617	543.900000	661.750000	764.000000	885.250000	1090.150000	-6.288617	90.553281	0.153000	1007.79
