scenario,noise_type,sigma,variable,realization,cp_time,delay,is_delay,tau_var_bp,tau_ac_bp,tau_var_cp,tau_ac_cp
MN low,multiplicative,0.05,I,0,66.345,51.84874815310283,True,-0.6401399300349824,-0.44780942861902373,0.9655010589943123,0.06396325646700458
MN low,multiplicative,0.05,I,1,79.425,64.92874815310283,True,-0.9072977796815876,-0.7786402037076698,0.9897194260012849,-0.1902981842412127
MN low,multiplicative,0.05,I,2,77.98,63.48374815310284,True,-0.8595464172675565,-0.723559172794555,0.9553385212155826,-0.052056828728492884
MN low,multiplicative,0.05,I,3,81.355,66.85874815310284,True,-0.6058256585992717,-0.41898955284262623,0.9215458937198066,0.1415016301373123
MN low,multiplicative,0.05,I,4,117.305,102.80874815310284,True,0.08074343780490706,0.2971133480878608,0.9161676304704789,0.5383203636277099
MN low,multiplicative,0.05,I,5,97.255,82.75874815310283,True,0.1716884414935389,-0.14751957354656,0.8931086837533613,0.1612612741248423
MN low,multiplicative,0.05,I,6,88.915,74.41874815310284,True,0.775030579948121,0.7824554389471929,0.9362280764379712,0.2950629447181171
MN low,multiplicative,0.05,I,7,81.525,67.02874815310284,True,0.5197106208800361,0.4572561338378429,0.6762666285904665,-0.060604935627424375
MN low,multiplicative,0.05,I,8,91.295,76.79874815310284,True,0.14541205587682346,0.3897603579162799,0.9543694819257036,0.289831274838771
MN low,multiplicative,0.05,I,9,102.095,87.59874815310283,True,0.3011970205373503,0.4031251041146093,0.8761628709454795,-0.01114014421360748
MN low,multiplicative,0.05,I,10,85.905,71.40874815310283,True,-0.10520930011184883,0.3720891934984888,0.9900278432212463,-0.06836296137645462
MN low,multiplicative,0.05,I,11,100.36,85.86374815310283,True,-0.2938806787082649,-0.2566650008329168,0.9839699198020035,-0.5605016539349371
MN low,multiplicative,0.05,I,12,98.575,84.07874815310284,True,0.5430970229171128,0.7648185431093976,0.7087284928964088,-0.16897360843387826
MN low,multiplicative,0.05,I,13,106.58,92.08374815310283,True,0.541286499607339,0.7658751576592655,0.8828109754646485,-0.37853359034768325
MN low,multiplicative,0.05,I,14,115.02,100.52374815310283,True,0.46258489802717684,0.6125251659884342,0.8973979676828251,0.2147469122581566
MN low,multiplicative,0.05,I,15,100.215,85.71874815310284,True,0.20029509054996308,0.07104162204611979,0.02688084529163989,-0.22207848456724014
MN low,multiplicative,0.05,I,16,86.21000000000001,71.71374815310284,True,0.6800437876299944,0.6609676114323789,0.9156269484305465,-0.3939049522857618
MN low,multiplicative,0.05,I,17,88.26,73.76374815310284,True,-0.5112881654410889,-0.308351538516456,0.8771242949953593,-0.1284814735489398
MN low,multiplicative,0.05,I,18,98.015,83.51874815310283,True,-0.12199138525975105,0.30429832702696263,0.8798124747150232,0.17324004664334497
MN low,multiplicative,0.05,I,19,104.74000000000001,90.24374815310284,True,-0.7639865781395015,-0.4019466457247566,0.9748735156231406,0.0638623545370172
MN low,multiplicative,0.05,I,20,95.115,80.61874815310283,True,-0.7007058375574116,-0.3693686490088289,0.20080340781989953,-0.7610052116798742
MN low,multiplicative,0.05,I,21,107.89,93.39374815310283,True,-0.009499059993812616,0.09062992313367124,0.9282473049189689,0.41016348968372945
MN low,multiplicative,0.05,I,22,107.44,92.94374815310283,True,-0.20953047285880866,-0.02493324766188334,0.812071107303491,0.09778444111277693
MN low,multiplicative,0.05,I,23,81.545,67.04874815310284,True,0.5128968848908878,0.462615358987173,0.9484562480664428,0.4845205968444348
MN low,multiplicative,0.05,I,24,82.705,68.20874815310283,True,-0.03968777516003902,-0.007979819614002522,0.9420956188572379,-0.41493634135313284
MN low,multiplicative,0.05,I,25,105.94,91.44374815310283,True,-0.6958530258680183,-0.4886804216939149,0.8757611670355296,0.42910449537136186
MN low,multiplicative,0.05,I,26,82.905,68.40874815310283,True,0.24383522524452053,0.4391946883701006,0.9078974798315126,-0.5549406249256323
MN low,multiplicative,0.05,I,27,90.365,75.86874815310283,True,0.0377991956402751,0.31738702077532654,0.9279388876990075,0.24726779467409146
MN low,multiplicative,0.05,I,28,89.135,74.63874815310284,True,-0.0548935056281383,-0.03962685324004664,0.7211146807548605,-0.468591418576426
MN low,multiplicative,0.05,I,29,110.81,96.31374815310284,True,0.5089293448513837,0.7525180267009351,0.8070659908141166,0.013262892363342136
MN low,multiplicative,0.05,I,30,83.315,68.81874815310283,True,-0.499983341662502,-0.16508031698436496,0.9221417862497322,0.3583969919802003
MN low,multiplicative,0.05,I,31,102.185,87.68874815310284,True,-0.5533795007258274,-0.018511696532686035,0.7948187810856475,-0.07249613288593798
MN low,multiplicative,0.05,I,32,108.595,94.09874815310283,True,0.16017800623497772,0.5300616358487422,0.5791285309726087,-0.407399157564075
MN low,multiplicative,0.05,I,33,92.17,77.67374815310284,True,0.13079841031865017,0.5893462792413315,0.9424820922871896,0.4869574736441302
MN low,multiplicative,0.05,I,34,84.505,70.00874815310283,True,-0.6338935294257633,0.395087218295614,0.9935860641108015,0.020638252302420213
MN low,multiplicative,0.05,I,35,102.055,87.55874815310284,True,0.43321101354084857,0.5950177292306227,0.7447314438019084,0.5709935508436258
MN low,multiplicative,0.05,I,36,89.13,74.63374815310283,True,-0.6893933985388256,-0.0816134789747983,0.9245443944694318,0.1422422122272197
MN low,multiplicative,0.05,I,37,87.88,73.38374815310283,True,0.6699421717712571,0.7471511863116059,0.9597724947050283,-0.1350134456581233
MN low,multiplicative,0.05,I,38,99.895,85.39874815310283,True,-0.3429190166821351,-0.34929487637133805,0.8342485899907188,0.39468170676566466
MN low,multiplicative,0.05,I,39,94.58,80.08374815310283,True,0.20132314794983455,0.0019409342947573828,0.9219209442897598,-0.12092525165988433
MN low,multiplicative,0.05,I,40,86.305,71.80874815310284,True,-0.7328726113133908,-0.49795388020275566,0.9821784345922275,0.4637519335570309
MN low,multiplicative,0.05,I,41,113.9,99.40374815310284,True,0.11241712477094784,0.3519278456010089,0.7472444730015944,0.2697651174412793
MN low,multiplicative,0.05,I,42,96.905,82.40874815310283,True,-0.08583993717426999,-0.0025577687346802786,0.9329592346683799,0.4764750957854405
MN low,multiplicative,0.05,I,43,89.44500000000001,74.94874815310284,True,-0.42827253040146585,0.05581114204802359,0.9485933223864257,0.2457923419242759
MN low,multiplicative,0.05,I,44,76.34,61.84374815310284,True,-0.7966026510554246,-0.6189657552176291,0.46771566597653547,-0.10771471407153564
MN low,multiplicative,0.05,I,45,75.33,60.83374815310283,True,-0.7748973132481377,-0.4446928916494133,0.9217952928297755,-0.30467337759691576
MN low,multiplicative,0.05,I,46,84.795,70.29874815310284,True,-0.44249970252968746,-0.300431688917446,0.8212170105423477,-0.01577782537302777
MN low,multiplicative,0.05,I,47,79.185,64.68874815310284,True,0.3890159682063729,0.6805806620499273,0.9773313343328334,-0.5579296066252587
MN low,multiplicative,0.05,I,48,69.89,55.393748153102834,True,-0.23955736417505527,-0.12399419337950071,0.9770495704528687,0.25918945289260126
MN low,multiplicative,0.05,I,49,75.51,61.01374815310284,True,-0.2890564241688679,-0.28165441088979315,0.8541053282882366,0.12393898288950761
MN low,multiplicative,0.05,I,50,119.27,104.77374815310283,True,-0.9572137740653481,-0.525471549939316,0.8722714833059658,-0.04007996001999
MN low,multiplicative,0.05,I,51,105.46000000000001,90.96374815310284,True,-0.0037495537945313054,0.08570857428428641,0.9006687132624163,0.28197805858975267
MN low,multiplicative,0.05,I,52,87.755,73.25874815310283,True,0.6717393684110325,0.6144289759881962,0.4758944337355131,-0.525094595559363
MN low,multiplicative,0.05,I,53,97.955,83.45874815310283,True,0.13571785535803524,-0.01344756193331905,0.1560733918754908,-0.565535327574308
MN low,multiplicative,0.05,I,54,79.25,64.75374815310283,True,0.19834178149020726,0.6776963899002879,0.7913938268960756,0.3870169677066228
MN low,multiplicative,0.05,I,55,68.34,53.84374815310284,True,-0.3616943908997881,-0.4398267532900216,0.9237067180695365,-0.18096190000237974
MN low,multiplicative,0.05,I,56,116.495,101.99874815310284,True,-0.791102543966112,-0.342087051712239,0.8003798100949524,-0.43804288332024455
MN low,multiplicative,0.05,I,57,88.69,74.19374815310283,True,-0.7146493419956687,-0.5125637181409295,0.929821755788772,0.12580090906927488
MN low,multiplicative,0.05,I,58,83.19,68.69374815310283,True,-0.6461540658242306,0.17296399419337946,0.7454072963518239,-0.6863453987292067
MN low,multiplicative,0.05,I,59,82.46000000000001,67.96374815310284,True,-0.7315437519335569,-0.7507608100711548,0.6998814878275147,0.03604769044049403
MN low,multiplicative,0.05,I,60,93.02,78.52374815310283,True,-0.8675157659265603,-0.6268798933866399,-0.7241645843744793,-0.8171942600128506
MN low,multiplicative,0.05,I,61,113.43,98.93374815310284,True,-0.9081240332214843,-0.6366826110754146,0.7584617215201921,-0.11455510340068059
MN low,multiplicative,0.05,I,62,117.805,103.30874815310284,True,-0.7313666976035791,-0.6254977273268127,0.9114461816710691,0.009965493443754312
MN low,multiplicative,0.05,I,63,113.845,99.34874815310283,True,-0.5957411770305322,0.04104899930986887,0.7075957259465504,0.5285462030889316
MN low,multiplicative,0.05,I,64,80.98,66.48374815310284,True,0.22156826348730393,0.38977178077627844,0.9675076747340614,-0.3106627638561671
MN low,multiplicative,0.05,I,65,88.49,73.99374815310283,True,-0.5009657076223791,-0.3397891530425263,0.8515332809785582,-0.42509507151186304
MN low,multiplicative,0.05,I,66,82.145,67.64874815310283,True,0.6597663073225292,0.6971057328478616,0.523607719949549,-0.1923733371409533
MN low,multiplicative,0.05,I,67,107.11,92.61374815310283,True,-0.8723285976059588,-0.4382218414602222,0.8374089145903237,0.5178010994502747
MN low,multiplicative,0.05,I,68,65.095,50.59874815310283,True,-0.43555650746055535,-0.3457537897717807,0.8685780919064277,0.17302301230337208
MN low,multiplicative,0.05,I,69,91.025,76.52874815310284,True,0.6119235620285094,0.8271131101116107,0.9699559743937554,-0.35668927441041376
MN low,multiplicative,0.05,I,70,81.26,66.76374815310284,True,-0.43066942719116624,0.02287142143214107,0.6825568168296803,-0.6650684181718663
MN low,multiplicative,0.05,I,71,81.57000000000001,67.07374815310284,True,-0.7476138121415481,-0.5038271340520215,0.7968615692153922,0.02595178601175602
MN low,multiplicative,0.05,I,72,84.3,69.80374815310283,True,-0.374215749268223,-0.18580328883177455,0.9335855881583016,0.4050346255443706
MN low,multiplicative,0.05,I,73,95.535,81.03874815310283,True,-0.811863592013517,-0.6084967040289379,0.8447385830894075,-0.16508222079436471
MN low,multiplicative,0.05,I,74,84.255,69.75874815310283,True,-0.6374917303253135,0.14608410080673945,0.8634339972870706,0.07079603055615048
MN low,multiplicative,0.05,I,75,77.735,63.23874815310283,True,-0.8148221127531471,-0.6281306965564836,0.9639742033745031,0.4157702101330287
MN low,multiplicative,0.05,I,76,102.035,87.53874815310283,True,-0.5374198614978224,0.2691616096713548,-0.13196734965850404,-0.6521739130434782
MN low,multiplicative,0.05,I,77,95.675,81.17874815310283,True,0.17154946336355628,-0.20443397348944573,0.5716636919635419,-0.40585326384426823
MN low,multiplicative,0.05,I,78,86.67,72.17374815310284,True,-0.5896527926512933,-0.4327445800909068,0.5950748435306155,-0.5243387829894576
MN low,multiplicative,0.05,I,79,112.79,98.29374815310284,True,-0.8809718950048784,-0.021295066752338113,0.8867537659741557,0.45087456271864057
MN low,multiplicative,0.05,I,80,98.745,84.24874815310284,True,-0.45799100449775104,0.35236952952095374,0.3458908640917636,-0.5352000190380999
MN low,multiplicative,0.05,I,81,85.235,70.73874815310283,True,-0.8715080554960614,-0.6686799457414149,0.8455972013993002,-0.47517669736560286
MN low,multiplicative,0.05,I,82,83.005,68.50874815310283,True,-0.7061221770067346,-0.4847699959544036,0.950110658956236,0.171823612003522
MN low,multiplicative,0.05,I,83,86.35000000000001,71.85374815310284,True,0.5421717712572284,0.62871897384641,0.9366716641679158,0.1942181290307227
MN low,multiplicative,0.05,I,84,90.455,75.95874815310283,True,-0.6772623212203421,-0.10730158730158727,0.9587634754051544,0.5192346683800956
MN low,multiplicative,0.05,I,85,97.39,82.89374815310283,True,-0.7997039575450369,-0.5480640632064919,0.9322015182884746,-0.14982508745627185
MN low,multiplicative,0.05,I,86,95.035,80.53874815310283,True,0.4010689893148663,0.4917227100735346,0.5419223721472596,-0.6349463363556316
MN low,multiplicative,0.05,I,87,79.83,65.33374815310283,True,0.4598529306775183,0.33993193879250844,0.4451041146093619,0.09815378025273076
MN low,multiplicative,0.05,I,88,86.875,72.37874815310283,True,-0.5919659218010042,0.35436281859070456,0.9866885604816638,-0.5278874848290139
MN low,multiplicative,0.05,I,89,93.755,79.25874815310283,True,0.6416039599247995,0.6231693676971037,0.926286380619214,0.10187192118226598
MN low,multiplicative,0.05,I,90,92.36,77.86374815310283,True,-0.6683010875514622,-0.33184455391351936,0.7507017919611622,0.07676828252540395
MN low,multiplicative,0.05,I,91,107.10000000000001,92.60374815310284,True,0.9254886842293137,0.8521558268484805,0.5948635206206419,-0.4355793531805525
MN low,multiplicative,0.05,I,92,87.515,73.01874815310283,True,0.8527859879584015,0.7255239047143094,0.889390542823826,0.1778453630327693
MN low,multiplicative,0.05,I,93,95.675,81.17874815310283,True,0.6169096404178862,0.6493448513838317,0.4020285095547464,-0.25187501487351555
MN low,multiplicative,0.05,I,94,104.845,90.34874815310283,True,-0.8130763189833653,-0.7084448252064443,0.805335427524333,-0.22343970871707
MN low,multiplicative,0.05,I,95,86.43,71.93374815310284,True,-0.0842102758144737,0.32506318269436707,0.8047890340544013,0.16957140477380356
MN low,multiplicative,0.05,I,96,97.57000000000001,83.07374815310284,True,0.5231565169796054,0.7832721734370908,0.6462245067942217,-0.46225173127721847
MN low,multiplicative,0.05,I,97,84.4,69.90374815310284,True,0.49079936222365,0.3838928154970133,0.7066647628566667,-0.3859317960067584
MN low,multiplicative,0.05,I,98,91.635,77.13874815310284,True,-0.33542942814307125,-0.0073172937340853375,0.8484300706789462,-0.36977987196877743
MN low,multiplicative,0.05,I,99,74.355,59.85874815310284,True,-0.7969224911353845,-0.5316989124485375,0.9274039170890743,0.10564146498179479
MN low,multiplicative,0.05,I,100,88.765,74.26874815310283,True,-0.8548782751481401,-0.49424145070321973,0.921861926179767,0.060142309797482196
MN low,multiplicative,0.05,I,101,89.39,74.89374815310283,True,0.34701030437162367,0.78055924418743,0.8735356131458079,-0.5682730063539657
MN low,multiplicative,0.05,I,102,96.465,81.96874815310284,True,-0.736950572332881,-0.5534575569358177,0.8298203279312724,-0.463447323957069
MN low,multiplicative,0.05,I,103,87.485,72.98874815310283,True,0.40970276766378705,0.552998738725875,0.3711163465886104,-0.48894695509388153
MN low,multiplicative,0.05,I,104,89.65,75.15374815310284,True,0.22380904785702382,0.3962256966754717,0.7383384498227075,-0.002121796244734775
MN low,multiplicative,0.05,I,105,80.85000000000001,66.35374815310284,True,-0.7492244354013469,-0.05322196044834724,0.9835168130220602,0.4025254039646842
MN low,multiplicative,0.05,I,106,80.715,66.21874815310284,True,-0.18202803360224648,0.46321886675709756,0.795487018395564,-0.29043287879869584
MN low,multiplicative,0.05,I,107,84.47500000000001,69.97874815310284,True,0.5338616406082672,0.6140920016182384,0.7230337212346206,-0.7101335046762332
MN low,multiplicative,0.05,I,108,70.23,55.73374815310284,True,-0.53512005901811,-0.33098974322362623,0.8419856738297516,-0.5047580971419051
MN low,multiplicative,0.05,I,109,87.905,73.40874815310283,True,-0.19060660146117414,0.21785202636776846,0.9143894719307012,0.043135575069608044
MN low,multiplicative,0.05,I,110,94.775,80.27874815310284,True,-0.41550177292306223,-0.23038099997620232,0.8155779253230526,0.09654886842293138
MN low,multiplicative,0.05,I,111,82.255,67.75874815310283,True,-0.7507208300611597,-0.022279336522215077,0.7397967682825253,-0.6598481711525188
MN low,multiplicative,0.05,I,112,96.97500000000001,82.47874815310284,True,-0.6375545560553055,-0.37219009542847614,0.8340924775707383,-0.2666333499916708
MN low,multiplicative,0.05,I,113,86.19500000000001,71.69874815310284,True,-0.9128607125008923,-0.711591823136051,0.8400913828799884,0.4645496299469312
MN low,multiplicative,0.05,I,114,94.24,79.74374815310283,True,0.2973189595678351,0.2930791746983651,0.36268056447966485,-0.6971190595178599
MN low,multiplicative,0.05,I,115,99.285,84.78874815310283,True,0.6300916208562385,0.8110849337236142,0.958382713405202,0.4129563789533804
MN low,multiplicative,0.05,I,116,95.89,81.39374815310283,True,0.2780619214202422,0.2753718378905785,0.5352095380880987,-0.1353047285880869
MN low,multiplicative,0.05,I,117,85.205,70.70874815310283,True,0.41501439756312314,0.4014897313248137,0.988422931391447,0.20512505651935933
MN low,multiplicative,0.05,I,118,106.42,91.92374815310284,True,0.594614121510673,-0.1920439780109945,0.7850293900668711,-0.020516408462435444
MN low,multiplicative,0.05,I,119,67.74,53.24374815310283,True,0.30114371385735694,0.3287794198139025,0.9509331048761333,0.41762452107279685
MN low,multiplicative,0.05,I,120,82.885,68.38874815310284,True,-0.6365436329454319,-0.10217653078222791,0.8156540777230431,-0.08680136122414982
MN low,multiplicative,0.05,I,121,85.91,71.41374815310283,True,-0.454343304538207,-0.37232526593845927,0.9531396206658574,0.5590928345351133
MN low,multiplicative,0.05,I,122,95.295,80.79874815310284,True,0.6612246257823468,0.6654567954118178,0.9301035196687369,-0.38738249922657714
MN low,multiplicative,0.05,I,123,120.29,105.79374815310284,True,-0.7592746483900905,-0.21902858094762137,0.8217862497322765,0.32797601199400295
MN low,multiplicative,0.05,I,124,87.17,72.67374815310284,True,-0.12297565502962803,-0.16478903405440135,0.9206491992099187,-0.11788677090026413
MN low,multiplicative,0.05,I,125,91.625,77.12874815310283,True,-0.43809047857023864,0.13374741200828152,0.6708693272411412,-0.52855952975893
MN low,multiplicative,0.05,I,126,100.04,85.54374815310284,True,-0.7411161086123603,-0.47871016872516114,0.6183679588777039,-0.3197020537350372
MN low,multiplicative,0.05,I,127,100.935,86.43874815310284,True,-0.8427681397396538,-0.4255177173318102,0.9451531377168557,0.7539230384807595
MN low,multiplicative,0.05,I,128,103.07000000000001,88.57374815310284,True,-0.11847885581019012,0.27423907094072003,-0.1294885890388139,-0.6637471740320315
MN low,multiplicative,0.05,I,129,92.59,78.09374815310284,True,0.47176126222602977,0.6714975845410627,0.8492734585088407,-0.6737555032007805
MN low,multiplicative,0.05,I,130,102.56,88.06374815310284,True,-0.06299421717712571,0.4687170700364103,0.7679655410390042,0.5063325480117083
MN low,multiplicative,0.05,I,131,87.08500000000001,72.58874815310284,True,0.5772723162228408,0.5235182408795601,0.915071035910616,-0.31823992765521997
MN low,multiplicative,0.05,I,132,68.09,53.59374815310284,True,0.7143847124057018,0.6466928440541634,0.8411004021798624,-0.11151281502106088
MN low,multiplicative,0.05,I,133,107.385,92.88874815310284,True,0.24928392946383945,0.3442764332119654,0.9561228909354844,0.6526917493634135
MN low,multiplicative,0.05,I,134,77.565,63.06874815310283,True,-0.4372185335903476,0.26482092287189735,0.6568572856428927,-0.5097060993312866
MN low,multiplicative,0.05,I,135,88.03,73.53374815310283,True,-0.8350196330406223,-0.6280240831964968,0.45203588681849544,-0.6462206991742222
MN low,multiplicative,0.05,I,136,90.785,76.28874815310283,True,-0.6088241593488968,-0.3415292353823088,0.8976054829727992,-0.5919430760810069
MN low,multiplicative,0.05,I,137,96.86,82.36374815310283,True,0.30776706884652905,0.695495109588063,0.9414578425073176,0.12385902286951761
MN low,multiplicative,0.05,I,138,104.94,90.44374815310283,True,-0.6943471121582065,-0.557143333095357,-0.6332881178458388,-0.7514842578710643
MN low,multiplicative,0.05,I,139,93.07000000000001,78.57374815310284,True,-0.6718726351110158,0.4006901311249137,0.9727145950834105,0.23341757692582274
MN low,multiplicative,0.05,I,140,110.45,95.95374815310284,True,0.18230408605221196,0.5447476261869064,0.9245158373194353,0.378183289307727
MN low,multiplicative,0.05,I,141,103.265,88.76874815310283,True,0.16824254539396966,0.7634573189595677,0.9684843292639392,0.28122224601984713
MN low,multiplicative,0.05,I,142,114.145,99.64874815310283,True,-0.7933775969158277,-0.6675871588015515,-0.1352495180980938,-0.5914994883510625
MN low,multiplicative,0.05,I,143,100.93,86.43374815310284,True,-0.7089664691463791,-0.10162252207229716,0.9532671759358414,-0.5515004402560624
MN low,multiplicative,0.05,I,144,99.85000000000001,85.35374815310284,True,0.42737202827157844,0.7599048095000118,0.9466000333166749,0.3731610385283548
MN low,multiplicative,0.05,I,145,86.9,72.40374815310284,True,-0.7088731824563906,-0.30513790723685774,0.9749325337331333,-0.1520525451559934
MN low,multiplicative,0.05,I,146,69.72500000000001,55.22874815310284,True,0.34238214226220215,0.4598415078175197,0.7015016301373121,-0.2501825277837271
MN low,multiplicative,0.05,I,147,93.72,79.22374815310283,True,-0.3850560434068679,-0.17170938340353628,0.7024935151471883,-0.7825106494371861
MN low,multiplicative,0.05,I,148,87.42,72.92374815310284,True,-0.8600090430974987,-0.24586468670426687,0.3365450608029318,-0.629151138716356
MN low,multiplicative,0.05,I,149,78.165,63.66874815310284,True,-0.8136265200732966,-0.3359720139930034,0.9498288950762712,-0.2199500249875062
MN low,multiplicative,0.05,I,150,105.92,91.42374815310284,True,-0.5503638656862043,-0.33705908950286756,0.9801470693224815,0.6676042930915493
MN low,multiplicative,0.05,I,151,83.2,68.70374815310284,True,-0.6186135503676732,-0.5037928654720258,0.9380595416577424,-0.0754375193355703
MN low,multiplicative,0.05,I,152,106.13,91.63374815310283,True,-0.5003450655624567,0.43569738940053776,0.9375550320078054,0.1573870207753266
MN low,multiplicative,0.05,I,153,85.08500000000001,70.58874815310284,True,-0.18753765974155776,-0.052285285928464334,0.910838866281145,-0.431743176031032
MN low,multiplicative,0.05,I,154,92.755,78.25874815310283,True,-0.6160205611479973,-0.4667923181266509,0.8402741486399656,0.20501463553937313
MN low,multiplicative,0.05,I,155,90.405,75.90874815310283,True,-0.20810071154898738,-0.0523671497584541,0.4146545774731681,-0.6368577615953926
MN low,multiplicative,0.05,I,156,79.58500000000001,65.08874815310284,True,-0.672742676280907,-0.5555764974655528,0.6541919516432259,-0.02313224340210847
MN low,multiplicative,0.05,I,157,103.60000000000001,89.10374815310284,True,-0.6935741652983031,-0.33907522429261555,0.9314514171485684,0.51935841603008
MN low,multiplicative,0.05,I,158,92.555,78.05874815310284,True,0.357239475500345,0.4272825492015896,0.903750981652031,-0.21231955450846002
MN low,multiplicative,0.05,I,159,84.565,70.06874815310283,True,-0.9202931867399632,-0.7170119702053733,0.9792256252825967,-0.03865210252016848
MN low,multiplicative,0.05,I,160,84.72,70.22374815310283,True,-0.8983955641227004,-0.6191618476476046,0.9517479355560313,0.14674091525665736
MN low,multiplicative,0.05,I,161,72.61,58.11374815310283,True,-0.7843230765569594,-0.523303110349587,0.9843735275219532,-0.5987168320601604
MN low,multiplicative,0.05,I,162,93.98,79.48374815310284,True,-0.5199162323600104,-0.1453301920468337,0.7293543704338306,-0.5648061683443991
MN low,multiplicative,0.05,I,163,68.84,54.34374815310284,True,-0.4146260203231717,-0.5003336427024582,0.847375359939078,-0.5640655862544917
MN low,multiplicative,0.05,I,164,90.97,76.47374815310283,True,-0.8273567977915803,-0.18636300897170457,0.8107708050736535,0.4888765141238903
MN low,multiplicative,0.05,I,165,91.855,77.35874815310284,True,-0.5512815021060897,-0.36616263296922963,0.8711825039861021,0.3376340401227957
MN low,multiplicative,0.05,I,166,80.49,65.99374815310283,True,0.030378144261202725,0.35114537969110676,0.9892396658813449,0.1571204873753599
MN low,multiplicative,0.05,I,167,75.675,61.17874815310283,True,-0.6618624021322671,-0.25886580519264174,0.7704557245186929,0.08540206087432473
MN low,multiplicative,0.05,I,168,76.58500000000001,62.08874815310284,True,0.6579957640227505,0.6908974084386377,0.7501344565812331,-0.4570486185478688
MN low,multiplicative,0.05,I,169,116.18,101.68374815310284,True,0.6983089407677113,0.7847095499869112,0.9850684181718663,0.5194612217700673
MN low,multiplicative,0.05,I,170,115.605,101.10874815310284,True,-0.6260346017467455,-0.36408938387948875,0.9593460412650816,0.160143737654982
MN low,multiplicative,0.05,I,171,81.755,67.25874815310283,True,0.35995430856000565,0.5556279003355464,0.9410104471573736,0.2913771685585778
MN low,multiplicative,0.05,I,172,88.06,73.56374815310284,True,-0.06668189714666475,0.2143414007282073,0.8789214916351346,0.08722591085409674
MN low,multiplicative,0.05,I,173,97.47,82.97374815310283,True,-0.05408057875823991,0.052905927988386746,0.8754184812355725,0.18823445420147067
MN low,multiplicative,0.05,I,174,33.08,18.583748153102835,True,-0.9065076985316863,-0.7234430403845694,0.4942090859332238,0.23360034268579993
MN low,multiplicative,0.05,I,175,93.715,79.21874815310284,True,-0.6781552081102306,-0.11972204374003471,0.859495014397563,-0.35070369577116195
MN low,multiplicative,0.05,I,176,85.94500000000001,71.44874815310284,True,0.7489045953213868,0.6832745531995906,0.8860055686442491,-0.3390771281026153
MN low,multiplicative,0.05,I,177,76.44,61.94374815310283,True,-0.15144332595606955,0.3445486780419314,0.9097594060112799,-0.3402003760024749
MN low,multiplicative,0.05,I,178,108.79,94.29374815310284,True,-0.46228028842721486,-0.3101106589562361,0.8651398110468573,0.10868565717141426
MN low,multiplicative,0.05,I,179,79.8,65.30374815310283,True,-0.27945931796006757,0.34849717998143775,0.9928397705908949,0.6811632279098544
MN low,multiplicative,0.05,I,180,108.825,94.32874815310284,True,-0.7211889293448512,-0.40330025463458735,0.14753290021655838,-0.30494752623688154
MN low,multiplicative,0.05,I,181,81.875,67.37874815310283,True,-0.6621536850622306,-0.5869950738916255,0.9718693034435161,0.3000185621474976
MN low,multiplicative,0.05,I,182,82.015,67.51874815310283,True,-0.6417238999547844,-0.6519149948835105,0.8940206087432473,-0.4650941196068632
MN low,multiplicative,0.05,I,183,98.28,83.78374815310283,True,-0.8906013659836747,-0.40534875419433136,0.8592360962375953,0.363695295209538
MN low,multiplicative,0.05,I,184,69.18,54.68374815310284,True,-0.7395169082125602,0.13687917945789008,0.8873401394540823,0.3212936388948382
MN low,multiplicative,0.05,I,185,73.555,59.05874815310284,True,-0.5237333714095332,0.14506365864686702,0.9040251302919967,0.15347469122581564
MN low,multiplicative,0.05,I,186,72.865,58.36874815310283,True,0.19601532567049804,0.4912162966135979,0.6217491254372812,-0.22218509792722682
MN low,multiplicative,0.05,I,187,77.105,62.60874815310284,True,0.7958772994455151,0.7322272197234715,0.8910030698936244,-0.45935032483758115
MN low,multiplicative,0.05,I,188,80.815,66.31874815310283,True,-0.2852811689393398,0.0971485685728564,0.823766212132029,-0.12426643820946667
MN low,multiplicative,0.05,I,189,106.88,92.38374815310283,True,-0.7379386497227576,0.23230575188596173,0.5413398062873325,-0.7579457890102567
MN low,multiplicative,0.05,I,190,92.27,77.77374815310283,True,-0.00300135646462483,0.14505223578686846,0.9855386592418075,0.4937826324932771
MN low,multiplicative,0.05,I,191,117.645,103.14874815310283,True,0.6414497513148186,0.6019000023797624,0.874150543775731,-0.2905851835986768
MN low,multiplicative,0.05,I,192,87.215,72.71874815310284,True,-0.45508388662811444,-0.17138383189357698,0.9684748102139404,0.5114537969110682
MN low,multiplicative,0.05,I,193,72.425,57.92874815310283,True,-0.32854334737393204,0.2709226339211346,0.9261988053592249,0.1718997644035125
MN low,multiplicative,0.05,I,194,86.67,72.17374815310284,True,-0.3663016110992122,-0.26871231051141087,0.8089222055638845,0.10109135908236357
MN low,multiplicative,0.05,I,195,89.905,75.40874815310283,True,-0.645350658004331,-0.26684657671164413,0.5675381356940576,-0.29031293876871084
MN low,multiplicative,0.05,I,196,86.405,71.90874815310283,True,-0.8413840698698268,-0.7494643154613169,0.9693962542538253,-0.6659213250517597
MN low,multiplicative,0.05,I,197,36.375,21.878748153102837,True,-0.9224368767996952,-0.7188167820851478,0.8965717141429284,-0.16874324742390706
MN low,multiplicative,0.05,I,198,84.235,69.73874815310283,True,-0.7793864972275766,-0.5330772708883652,0.8808043597248993,-0.361479260369815
MN low,multiplicative,0.05,I,199,112.51,98.01374815310284,True,0.6990190618976225,0.799319387925085,0.8139615906332547,0.439887675210014
MN low,multiplicative,0.05,W,0,64.115,49.61874815310283,True,0.9221836700697269,0.05348087860831488,0.9237657361795291,0.480391232954951
MN low,multiplicative,0.05,W,1,73.805,59.30874815310284,True,0.857566454867804,0.27422003284072244,0.9658970514742626,0.4126175007734227
MN low,multiplicative,0.05,W,2,71.11,56.61374815310283,True,0.5799795340425025,-0.24823683396397034,0.9051331477118582,-0.25111539468361055
MN low,multiplicative,0.05,W,3,75.295,60.798748153102835,True,0.7457385592917826,-0.6812508031698435,0.9661064705742365,0.35671402394041063
MN low,multiplicative,0.05,W,4,110.715,96.21874815310284,True,0.8715194783560599,-0.26790128745151226,0.3878146640965231,-0.4461702482092287
MN low,multiplicative,0.05,W,5,93.265,78.76874815310283,True,0.8714223840460721,-0.6027129292496608,0.9074824492515645,-0.03848456724018942
MN low,multiplicative,0.05,W,6,74.22500000000001,59.72874815310284,True,0.9537850122557767,-0.19878727303015156,0.8832183908045975,-0.1929692296708788
MN low,multiplicative,0.05,W,7,73.59,59.09374815310284,True,0.7942704838057161,-0.12676423692915445,0.9678122843340233,-0.4481121344089859
MN low,multiplicative,0.05,W,8,87.17,72.67374815310284,True,0.7357321339330334,0.05977297065752837,0.8658803931367648,-0.33855738797268026
MN low,multiplicative,0.05,W,9,96.405,81.90874815310283,True,0.5037852502320268,-0.6097132386187857,0.8827538611646556,-0.25474215273315715
MN low,multiplicative,0.05,W,10,79.915,65.41874815310284,True,0.7228166868946477,0.027431046381571116,0.9878651150615168,-0.09729896956283761
MN low,multiplicative,0.05,W,11,96.925,82.42874815310283,True,0.8011299112348587,-0.3674762618690654,0.8582023274077246,0.14453820708693269
MN low,multiplicative,0.05,W,12,97.18,82.68374815310284,True,0.5161961876204754,0.1490350063063706,0.9874348540015705,-0.14105804240736772
MN low,multiplicative,0.05,W,13,101.44,86.94374815310283,True,0.49753694581280783,-0.24767140239404103,0.9246224506794221,-0.069967873206254
MN low,multiplicative,0.05,W,14,112.21000000000001,97.71374815310284,True,0.7357835368030269,-0.17962161776254726,0.6008015040098996,-0.5099593060612551
MN low,multiplicative,0.05,W,15,90.545,76.04874815310284,True,0.8579015254277622,-0.5746279241331714,0.9016720211322908,-0.11629708955046283
MN low,multiplicative,0.05,W,16,83.065,68.56874815310283,True,0.7288003617238997,0.18740629685157417,0.3620465957497441,-0.5891806477713524
MN low,multiplicative,0.05,W,17,84.795,70.29874815310284,True,0.6353727897955782,-0.4285600057114299,0.7280350301039955,0.06690273910663715
MN low,multiplicative,0.05,W,18,94.045,79.54874815310284,True,0.7622217462697221,-0.13146093619856736,0.8621889055472263,0.42818685895147657
MN low,multiplicative,0.05,W,19,103.11,88.61374815310283,True,0.6960948097379881,-0.2168068346778991,0.41568453868303934,-0.09949406249256322
MN low,multiplicative,0.05,W,20,86.91,72.41374815310283,True,0.47203731467599525,-0.4283391637514575,0.7395473691725565,-0.23973632231503292
MN low,multiplicative,0.05,W,21,100.76,86.26374815310284,True,0.9384688608076912,0.5195678351300539,0.9381870969277264,0.354271435710716
MN low,multiplicative,0.05,W,22,102.25,87.75374815310283,True,0.5702681992337163,-0.2090830775088646,0.895526522453059,0.45358939577830126
MN low,multiplicative,0.05,W,23,78.215,63.71874815310284,True,0.8630608505271172,-0.7582313605102209,0.7341519716332309,-0.37561504961804804
MN low,multiplicative,0.05,W,24,77.48,62.98374815310284,True,0.8710873134861139,-0.7822859998572141,0.9684576759239426,0.046655719759168025
MN low,multiplicative,0.05,W,25,99.44500000000001,84.94874815310284,True,0.9071492825016062,-0.049267747078841524,0.9263092263392112,0.22889602817638796
MN low,multiplicative,0.05,W,26,77.525,63.02874815310284,True,0.9364508222079434,-0.4116141929035481,0.9763280264629588,0.5077166178815353
MN low,multiplicative,0.05,W,27,85.985,71.48874815310283,True,0.8663982294567001,-0.48300897170462376,0.9292620356488421,0.24661478784417312
MN low,multiplicative,0.05,W,28,81.275,66.77874815310284,True,0.8557216629780346,-0.11098926727112633,0.752687465790914,-0.41981390257252316
MN low,multiplicative,0.05,W,29,103.09,88.59374815310284,True,0.881510673234811,-0.11362794793079649,0.8583108445777109,0.5334485138383188
MN low,multiplicative,0.05,W,30,78.325,63.828748153102836,True,0.7523504914209561,0.05021965207872253,0.46878370338640196,0.10541110397182359
MN low,multiplicative,0.05,W,31,97.21000000000001,82.71374815310284,True,0.35783536803027055,-0.7224587706146925,0.9072844530115893,0.3677104304990361
MN low,multiplicative,0.05,W,32,101.67,87.17374815310284,True,0.6694205278313223,-0.006344446824206943,0.6869222531591346,-0.6645144094619356
MN low,multiplicative,0.05,W,33,86.77,72.27374815310283,True,0.3584426834201946,-0.7099069512862615,0.8452868803693391,0.27798957664025126
MN low,multiplicative,0.05,W,34,78.305,63.80874815310284,True,0.6453792151543275,-0.6482596796839675,0.992142976130982,0.5369477166178814
MN low,multiplicative,0.05,W,35,93.14,78.64374815310283,True,0.875014873515623,0.4346464862806691,0.8843054663144617,0.5640579710144926
MN low,multiplicative,0.05,W,36,84.865,70.36874815310283,True,0.824502986601937,0.2198262773375217,0.8960138978129981,0.2155236667380595
MN low,multiplicative,0.05,W,37,82.075,67.57874815310284,True,0.7978591656552674,-0.08125746650484279,0.8977140001427856,0.23074653149615665
MN low,multiplicative,0.05,W,38,94.955,80.45874815310283,True,0.9682520644439683,0.04987315865876584,0.9010513790723683,-0.04780942861902381
MN low,multiplicative,0.05,W,39,85.81,71.31374815310284,True,0.9473253849265841,0.22341305537707332,0.96063872825492,0.5418804883272649
MN low,multiplicative,0.05,W,40,78.655,64.15874815310283,True,0.7655952975893004,-0.5587463411151565,0.9756293281930462,-0.23729754170533776
MN low,multiplicative,0.05,W,41,103.97,89.47374815310283,True,0.5821632041122294,-0.6570686085528663,0.9259075224292614,-0.1811846457723519
MN low,multiplicative,0.05,W,42,92.92,78.42374815310284,True,0.8547602389281548,0.2676842531115394,0.9514338069060706,-0.013769305823278833
MN low,multiplicative,0.05,W,43,83.255,68.75874815310283,True,0.7931738892458531,0.12371814092953522,0.8190181099926226,-0.7968863187453891
MN low,multiplicative,0.05,W,44,72.15,57.65374815310284,True,0.8525917993384259,-0.05606815639799147,0.6960300801979961,-0.4945936555531757
MN low,multiplicative,0.05,W,45,67.815,53.31874815310283,True,0.875894433735513,0.2168277765878965,0.884518693034435,-0.4476913923990385
MN low,multiplicative,0.05,W,46,78.27,63.77374815310283,True,0.8691701768163536,-0.4962594893029675,0.8178129982627732,0.0937255181932843
MN low,multiplicative,0.05,W,47,72.965,58.46874815310284,True,0.49440898598319877,-0.6145622426881796,0.9773046809928367,0.6794250493800718
MN low,multiplicative,0.05,W,48,64.545,50.048748153102835,True,0.7774788796078149,-0.3368306323028961,0.9867551938316554,0.16747530996406557
MN low,multiplicative,0.05,W,49,68.115,53.61874815310283,True,0.785311153946836,-0.02694938245163132,0.9862792413317149,0.6243763832369529
MN low,multiplicative,0.05,W,50,116.33,101.83374815310283,True,0.7492263392113466,-0.34456581233192923,0.728278717783965,-0.382927583827134
MN low,multiplicative,0.05,W,51,104.82000000000001,90.32374815310284,True,0.8675405154565573,0.35093976821113243,-0.1936355631707955,-0.7320406463434947
MN low,multiplicative,0.05,W,52,78.38,63.88374815310283,True,0.908550486661431,-0.594199090930725,0.8897275171937838,-0.24913733609385777
MN low,multiplicative,0.05,W,53,87.355,72.85874815310284,True,0.7048428166868945,-0.6369282025653838,0.7478270388615215,-0.6848794650293899
MN low,multiplicative,0.05,W,54,74.925,60.42874815310283,True,0.7786820875276647,-0.1266309702291711,0.407863687204017,-0.48071678446491034
MN low,multiplicative,0.05,W,55,64.865,50.36874815310283,True,0.7141124675757358,-0.37650984031793616,0.9107760405511528,-0.7822269817472215
MN low,multiplicative,0.05,W,56,112.045,97.54874815310284,True,0.7178210894552722,-0.19530901216058635,0.8732443302158444,-0.2037581209395302
MN low,multiplicative,0.05,W,57,84.5,70.00374815310283,True,0.8408205421098972,-0.5053444706218319,0.910039266081245,0.08396658813450415
MN low,multiplicative,0.05,W,58,76.5,62.00374815310283,True,0.7655838747293019,-0.2682706265914661,0.8268522881416432,-0.4320097094309987
MN low,multiplicative,0.05,W,59,75.25,60.75374815310283,True,0.7873501344565811,-0.39058661145617657,0.8341591109207299,-0.2367397253754075
MN low,multiplicative,0.05,W,60,78.84,64.34374815310284,True,0.8307684253111538,0.13116203802860474,0.02960900502129887,-0.797343233145332
MN low,multiplicative,0.05,W,61,108.86,94.36374815310283,True,0.5459146617167605,-0.16034744532495654,0.494911591823136,-0.26491040194188614
MN low,multiplicative,0.05,W,62,114.26,99.76374815310284,True,0.595710716070536,-0.1256790652292901,0.8324342590609455,0.1747326336831584
MN low,multiplicative,0.05,W,63,109.165,94.66874815310284,True,0.7177544561052805,-0.7107008400561623,0.9244549153994429,-0.16447300159444087
MN low,multiplicative,0.05,W,64,77.58,63.08374815310283,True,0.8023464458247066,-0.21372456628828437,0.9796273291925464,0.07996668332500416
MN low,multiplicative,0.05,W,65,82.525,68.02874815310284,True,0.790222983746222,-0.3508864615311391,0.9248299659693962,-0.0602927107874634
MN low,multiplicative,0.05,W,66,78.54,64.04374815310284,True,0.8671159658266103,0.5013693153423288,0.910006901311249,-0.6287075509864114
MN low,multiplicative,0.05,W,67,96.505,82.00874815310283,True,0.6871088265391113,-0.4221156088622355,0.878198043835225,0.3721329811284833
MN low,multiplicative,0.05,W,68,61.675000000000004,47.178748153102845,True,0.8854325218343208,0.08161728659479782,0.9965693343804287,0.47101877632612255
MN low,multiplicative,0.05,W,69,86.47,71.97374815310283,True,0.836750196330406,-0.07837319435520333,0.8453097260893362,0.23956497941505434
MN low,multiplicative,0.05,W,70,75.48,60.98374815310284,True,0.9508664715261415,-0.3378910544727635,0.917367030770329,-0.18221079936222362
MN low,multiplicative,0.05,W,71,73.96000000000001,59.46374815310284,True,0.8544651483781917,0.00572951619428381,0.6819209442897598,0.05510673234811165
MN low,multiplicative,0.05,W,72,79.12,64.62374815310284,True,0.7211927369648508,0.046636681659170405,0.6262173675067227,-0.46979081887627605
MN low,multiplicative,0.05,W,73,94.42,79.92374815310284,True,0.9189871730801263,0.4696061493062991,0.5949739416006281,-0.4122576806834677
MN low,multiplicative,0.05,W,74,78.455,63.95874815310283,True,0.6316660717260416,-0.38812308131648454,0.9738111896432734,0.00013612241498298466
MN low,multiplicative,0.05,W,75,74.065,59.56874815310283,True,0.5202094190999738,-0.41082220794364716,0.939542609647557,0.06042026605744746
MN low,multiplicative,0.05,W,76,92.33,77.83374815310283,True,0.8305171223911852,-0.29067656647866535,0.7680531162989933,-0.3174498465053187
MN low,multiplicative,0.05,W,77,83.525,69.02874815310284,True,0.7770029271078744,-0.0781694866852288,0.8409785583398776,0.10844006568144497
MN low,multiplicative,0.05,W,78,83.57000000000001,69.07374815310284,True,0.5036405606720448,-0.5301320768187334,0.7142495418957188,0.31237428904595316
MN low,multiplicative,0.05,W,79,105.645,91.14874815310283,True,0.7645539135194306,-0.09922562528259679,0.7089264891363841,0.3485923704814259
MN low,multiplicative,0.05,W,80,94.38,79.88374815310283,True,0.8200195140524974,-0.027585254991551837,0.9688574760238927,0.6020047119297494
MN low,multiplicative,0.05,W,81,80.215,65.71874815310284,True,0.5817081935222864,-0.22276956759715377,0.9228804645296398,-0.5661445467742319
MN low,multiplicative,0.05,W,82,78.615,64.11874815310283,True,0.7036377049570451,-0.5964017991004497,0.8714833059660645,0.49088884129363886
MN low,multiplicative,0.05,W,83,82.675,68.17874815310283,True,0.8525499155184311,-0.3239056662145117,0.7969834130553769,-0.169487637133814
MN low,multiplicative,0.05,W,84,86.235,71.73874815310283,True,0.9077565978915303,0.02012612741248423,0.8827824183146521,0.4317298493610337
MN low,multiplicative,0.05,W,85,93.265,78.76874815310283,True,-0.6754194331405724,-0.8443197448894598,0.700326979367459,-0.6253873063468265
MN low,multiplicative,0.05,W,86,90.265,75.76874815310283,True,0.8793917327050759,-0.18979367459127575,0.820198472192475,-0.15329002165583874
MN low,multiplicative,0.05,W,87,74.52,60.02374815310283,True,0.685639085219295,-0.2952990171580876,0.18327502915209057,-0.7118297993860212
MN low,multiplicative,0.05,W,88,82.47,67.97374815310283,True,0.23805906570524257,-0.7090273910663715,0.6477075747840364,-0.3877442231265319
MN low,multiplicative,0.05,W,89,87.89,73.39374815310283,True,0.7754589371980675,0.0785102686751862,0.4980719164227409,0.2584907546226886
MN low,multiplicative,0.05,W,90,89.32000000000001,74.82374815310284,True,0.6506565764736678,-0.39214392803598197,0.2521491635134813,-0.3798738725875157
MN low,multiplicative,0.05,W,91,101.06,86.56374815310284,True,0.7218038599747744,-0.6468965517241377,0.7950339116156206,0.383494919207063
MN low,multiplicative,0.05,W,92,84.415,69.91874815310284,True,0.8373498964803311,-0.24371528521453553,0.9316513171985434,0.05443849503819518
MN low,multiplicative,0.05,W,93,83.38,68.88374815310283,True,0.868831298636396,-0.5370105423478736,0.9814111991623233,0.0545927036481759
MN low,multiplicative,0.05,W,94,99.14,84.64374815310283,True,0.709470978796316,-0.45515432759810565,0.9075167178315603,-0.39831036862521113
MN low,multiplicative,0.05,W,95,84.705,70.20874815310283,True,0.8712510411460935,0.3392694129125913,0.8704438257061944,0.4572618452678422
MN low,multiplicative,0.05,W,96,95.76,81.26374815310284,True,0.6174255729278216,-0.12393517526950808,0.947814664096523,0.6045215487494346
MN low,multiplicative,0.05,W,97,79.43,64.93374815310284,True,0.9167863687204015,-0.2624849480021893,0.9083715285214533,-0.2423788105947026
MN low,multiplicative,0.05,W,98,86.78,72.28374815310283,True,0.8409062135598866,-0.5823421622522071,0.9264348777991954,0.44362866185954636
MN low,multiplicative,0.05,W,99,71.385,56.88874815310284,True,0.9069988815116249,-0.5843925656219509,0.9521325051759832,0.03703386402037076
MN low,multiplicative,0.05,W,100,84.56,70.06374815310284,True,0.6113790723685775,0.17120677756359912,0.9263987054092,-0.20757906760905256
MN low,multiplicative,0.05,W,101,84.355,69.85874815310284,True,0.7250365293543702,0.17729516194283806,0.9405935127674256,0.4859484543442564
MN low,multiplicative,0.05,W,102,92.9,78.40374815310284,True,0.6767216391804096,-0.03440279860069964,0.9717874396135264,-0.2773042050403369
MN low,multiplicative,0.05,W,103,80.455,65.95874815310283,True,0.6035220484995597,-0.5133461840508317,0.9233449941695817,-0.19972394755003445
MN low,multiplicative,0.05,W,104,85.64,71.14374815310283,True,0.10353204350205847,-0.8564355917279454,0.939614954427548,0.13494110087813233
MN low,multiplicative,0.05,W,105,74.425,59.92874815310283,True,0.9259303681492586,-0.017704481092786935,0.7977468408652815,0.5303091311487113
MN low,multiplicative,0.05,W,106,74.73,60.23374815310284,True,0.9512853097260892,0.42599557364175045,0.9955317579305584,0.4022322172247209
MN low,multiplicative,0.05,W,107,82.035,67.53874815310283,True,0.8091144903738605,-0.37016824920872893,0.8813564646248302,-0.06389662311701291
MN low,multiplicative,0.05,W,108,66.33500000000001,51.83874815310284,True,0.8866490564241687,-0.6854277623093213,0.9306879893386638,-0.04441874300944765
MN low,multiplicative,0.05,W,109,80.57000000000001,66.07374815310284,True,0.8456638347492919,0.2446900359344137,0.6779172318602603,-0.4590514266676185
MN low,multiplicative,0.05,W,110,92.58500000000001,78.08874815310284,True,0.8959720139930033,-0.17177601675352797,0.9728802265533898,-0.38185764260726773
MN low,multiplicative,0.05,W,111,79.13,64.63374815310283,True,0.518735870160158,-0.43884438733014436,0.9532233883058469,-0.24993122486375857
MN low,multiplicative,0.05,W,112,88.775,74.27874815310284,True,0.8300849575212392,0.129543799528807,0.808286333023964,0.2275633611765545
MN low,multiplicative,0.05,W,113,80.895,66.39874815310283,True,0.8243126056019608,-0.23798100949525233,0.9545865162656765,0.14393469931700814
MN low,multiplicative,0.05,W,114,88.22,73.72374815310283,True,0.91847885581019,-0.08182099426477236,0.9699883391637513,0.5476813973965396
MN low,multiplicative,0.05,W,115,94.285,79.78874815310283,True,0.8470783655791151,-0.5330753670783654,0.970022607743747,0.3309002641536374
MN low,multiplicative,0.05,W,116,86.97,72.47374815310283,True,0.8273758358915779,-0.0327255419909093,0.8601670593274789,0.23659313200542584
MN low,multiplicative,0.05,W,117,81.2,66.70374815310284,True,0.11890721306013657,-0.7812712691273409,0.9419928131172507,-0.33111349087361075
MN low,multiplicative,0.05,W,118,100.33,85.83374815310283,True,0.650534732633683,-0.22113990623735746,0.8144051783631991,0.06753480402655813
MN low,multiplicative,0.05,W,119,63.965,49.46874815310284,True,0.866782799076652,0.4041741034244781,0.9495166702363103,-0.4034506556245686
MN low,multiplicative,0.05,W,120,76.36,61.86374815310283,True,0.9350781751981151,-0.565255467504343,0.828055496061493,-0.37646414887794194
MN low,multiplicative,0.05,W,121,80.26,65.76374815310284,True,0.6579976678327503,0.056563146997929595,0.8732386187858451,-0.506446776611694
MN low,multiplicative,0.05,W,122,91.56,77.06374815310284,True,0.8663544418267056,-0.49787392018276566,0.8272844530115893,0.03016682135122914
MN low,multiplicative,0.05,W,123,101.9,87.40374815310284,True,0.6696128126412982,-0.6034573189595677,0.5547978391756501,0.1826125032721734
MN low,multiplicative,0.05,W,124,83.02,68.52374815310283,True,0.9669631850741294,0.2514466576235691,0.24002189381499722,-0.5142314557007209
MN low,multiplicative,0.05,W,125,85.75,71.25374815310283,True,0.6657271364317839,-0.28214178624973224,0.913327145950834,-0.24919445039385063
MN low,multiplicative,0.05,W,126,92.29,77.79374815310284,True,0.8918064777135241,0.05413769305823278,0.7619780585897525,0.2851897860593512
MN low,multiplicative,0.05,W,127,88.795,74.29874815310284,True,0.5641702958044786,-0.02509507151186311,0.9481364079864828,-0.4044120796744484
MN low,multiplicative,0.05,W,128,100.425,85.92874815310283,True,0.8184964660526879,0.21905904190761757,0.420847671402394,-0.190231550891221
MN low,multiplicative,0.05,W,129,88.76,74.26374815310284,True,0.7826248780371718,-0.536951524237881,0.9748525737131433,0.5625920373146759
MN low,multiplicative,0.05,W,130,99.645,85.14874815310283,True,0.7172594655053424,0.0585583398776802,-0.1633725994145784,-0.7655610290093047
MN low,multiplicative,0.05,W,131,83.505,69.00874815310283,True,0.8139615906332547,-0.2366445348754194,0.7442250303419717,-0.5284453011589442
MN low,multiplicative,0.05,W,132,66.13,51.63374815310283,True,0.9651298160443587,-0.29065752837866776,0.96775897765403,0.31676066728540486
MN low,multiplicative,0.05,W,133,100.69,86.19374815310283,True,0.8197605958925297,0.07993241474500842,0.9743728135932033,-0.21530092096808734
MN low,multiplicative,0.05,W,134,69.97,55.47374815310283,True,0.8363789533804524,-0.37194450393850687,0.8476913923990383,0.16413221960448343
MN low,multiplicative,0.05,W,135,80.925,66.42874815310283,True,0.7106589562361675,-0.6040532114894932,0.7848561433568929,0.14329311534708833
MN low,multiplicative,0.05,W,136,85.935,71.43874815310284,True,0.7621608243497298,-0.476111468075486,0.9691887389638512,0.32631969729421
MN low,multiplicative,0.05,W,137,93.735,79.23874815310283,True,0.1852245305918469,-0.386767568596654,0.9037471740320315,-0.6659327479117583
MN low,multiplicative,0.05,W,138,93.535,79.03874815310283,True,0.8897713048237784,-0.439647795150044,0.7514937769210631,-0.39073130101615855
MN low,multiplicative,0.05,W,139,90.63,76.13374815310283,True,0.7723823802384521,-0.5643054663144617,0.9569205873253848,0.255623616763047
MN low,multiplicative,0.05,W,140,106.875,92.37874815310283,True,0.7961533518954808,-0.47848171152518965,0.9785897527426761,0.3442745294019656
MN low,multiplicative,0.05,W,141,101.52,87.02374815310283,True,0.70919873396635,-0.8453630327693294,0.8669370076866327,0.09852692701268412
MN low,multiplicative,0.05,W,142,96.105,81.60874815310284,True,0.8577720663477784,-0.26324076057209483,0.6516503652935436,-0.3616163346897979
MN low,multiplicative,0.05,W,143,97.185,82.68874815310284,True,0.7250060683943741,-0.6465310202041835,0.7714495133385687,-0.4743713857357035
MN low,multiplicative,0.05,W,144,94.885,80.38874815310284,True,0.8136036743532994,-0.578279431712715,0.9005811380024271,-0.012727921753409007
MN low,multiplicative,0.05,W,145,83.11,68.61374815310283,True,0.5359653506580042,-0.36683087027914607,0.9754313319530709,-0.042273149139715846
MN low,multiplicative,0.05,W,146,65.655,51.158748153102835,True,0.9321120392184858,-0.15470264867566214,0.9252259584493466,-0.23280645391589916
MN low,multiplicative,0.05,W,147,88.285,73.78874815310283,True,0.851462840008567,-0.33831750791271026,0.8475238571190594,-0.4597615477975297
MN low,multiplicative,0.05,W,148,80.285,65.78874815310283,True,0.8046405368744198,0.09937221865257846,0.8561081364079863,-0.30381285547702336
MN low,multiplicative,0.05,W,149,73.33,58.83374815310283,True,0.7103733847362032,-0.641223197924847,0.9647776111944026,0.13082506365864685
MN low,multiplicative,0.05,W,150,99.71000000000001,85.21374815310284,True,0.9336560291282928,-0.12623688155922036,0.7512291473310962,-0.14754432307655693
MN low,multiplicative,0.05,W,151,79.665,65.16874815310284,True,0.8845796149544274,0.6024159348896979,0.9798329406725207,-0.12591894528926012
MN low,multiplicative,0.05,W,152,101.385,86.88874815310284,True,0.9139382689607576,-0.27759548797030054,0.30243640084719536,-0.4674091525665737
MN low,multiplicative,0.05,W,153,79.575,65.07874815310284,True,0.9133633183408294,-0.6281687727564788,0.867022679136622,-0.08440446443444943
MN low,multiplicative,0.05,W,154,85.82000000000001,71.32374815310284,True,0.04725161228909354,-0.8445672401894289,0.7621722472097283,0.4143537754932057
MN low,multiplicative,0.05,W,155,85.27,70.77374815310283,True,0.726110278194236,0.2487718045739035,0.9826848480521642,0.6379695866352537
MN low,multiplicative,0.05,W,156,76.915,62.41874815310284,True,0.61647937935794,-0.6371642750053543,0.7910854096761142,0.19617334190047828
MN low,multiplicative,0.05,W,157,98.62,84.12374815310284,True,0.847590490469051,-0.04833297636895837,0.7789714666476284,0.2758972894505128
MN low,multiplicative,0.05,W,158,87.51,73.01374815310284,True,0.634510363865686,-0.8257861545417765,0.8144946574331879,-0.6392927345850883
MN low,multiplicative,0.05,W,159,78.15,63.65374815310284,True,0.49535708336308026,-0.13035291877870586,0.909974536541253,0.37380643011827414
MN low,multiplicative,0.05,W,160,81.38,66.88374815310283,True,0.8524185526284476,0.03583255991052093,0.47220484995597434,-0.6617767306822778
MN low,multiplicative,0.05,W,161,69.125,54.62874815310283,True,0.8787863211251515,-0.21029961209871254,0.9239599247995048,-0.11318055258085241
MN low,multiplicative,0.05,W,162,89.705,75.20874815310283,True,0.7817605482972798,-0.6893972061588252,0.9507103591061611,0.19720330311034956
MN low,multiplicative,0.05,W,163,63.875,49.37874815310283,True,0.8556378953380451,-0.5629175888246352,0.8254663144618165,-0.5675171937840603
MN low,multiplicative,0.05,W,164,84.73,70.23374815310284,True,0.7260874324742389,-0.10035648842245541,0.9009085933223863,0.2732528973608433
MN low,multiplicative,0.05,W,165,84.04,69.54374815310284,True,0.4605097451274362,-0.6421770067347278,0.8474857809190641,-0.19546322077056708
MN low,multiplicative,0.05,W,166,76.375,61.87874815310283,True,0.7946740915256656,-0.30072487565740935,0.9358244687180217,0.06016896313747887
MN low,multiplicative,0.05,W,167,72.385,57.88874815310284,True,0.7690259632088716,-0.14978891506627634,0.9455700721068037,-0.05500202279812474
MN low,multiplicative,0.05,W,168,73.215,58.71874815310284,True,0.7335636943433044,0.01368173056328978,0.9765850408129267,-0.3945065562456866
MN low,multiplicative,0.05,W,169,112.825,98.32874815310284,True,0.4416334689797958,-0.6368558577853929,0.9345717617381784,-0.2646286380619214
MN low,multiplicative,0.05,W,170,113.42,98.92374815310284,True,0.6807291592299087,-0.3649955974393755,0.9357311820280334,0.4127640941434044
MN low,multiplicative,0.05,W,171,78.3,63.80374815310283,True,0.8661297922467337,-0.12488327264938957,0.9884419694914446,0.25432141072320974
MN low,multiplicative,0.05,W,172,79.895,65.39874815310283,True,0.7849932176768757,-0.2322029461459746,0.7654049165893243,-0.24233121534470856
MN low,multiplicative,0.05,W,173,89.135,74.63874815310284,True,0.4423226481997096,-0.06378429832702695,0.8746531496156682,0.03627805145046524
MN low,multiplicative,0.05,W,174,32.665,18.168748153102836,True,0.9572880226553387,-0.18137121915232857,0.7808352966373954,-0.31687679969539034
MN low,multiplicative,0.05,W,175,88.305,73.80874815310284,True,0.8330244401608717,-0.3351686061731039,0.9937935794007756,0.6376992456152875
MN low,multiplicative,0.05,W,176,81.075,66.57874815310284,True,0.9012741248423405,-0.3886485328764189,0.9065838509316768,-0.5303395921087074
MN low,multiplicative,0.05,W,177,67.745,53.24874815310284,True,0.84623878536922,0.19112253397110965,0.9873130101615857,0.3223483496347064
MN low,multiplicative,0.05,W,178,104.54,90.04374815310284,True,0.9021555888722304,-0.4456219509292972,0.9698246115037717,0.47363651507579535
MN low,multiplicative,0.05,W,179,76.22500000000001,61.72874815310284,True,0.7154089621855738,-0.41471549939316044,0.8476990076390374,-0.510471430951191
MN low,multiplicative,0.05,W,180,106.41,91.91374815310283,True,0.9136698317507911,-0.4241526855619809,0.8122576806834676,0.2189124485376359
MN low,multiplicative,0.05,W,181,77.415,62.91874815310284,True,0.8895066752338114,-0.6343237904857094,0.9664205992241973,0.24832060160395988
MN low,multiplicative,0.05,W,182,74.69,60.19374815310283,True,0.3822269817472216,-0.7123228861759595,0.9717169986435352,0.1385926084576759
MN low,multiplicative,0.05,W,183,94.33500000000001,79.83874815310284,True,0.316111468075486,-0.2972618452678422,0.5644977511244377,-0.29596725446800404
MN low,multiplicative,0.05,W,184,66.35,51.85374815310283,True,0.8555788772280525,-0.4411898812498512,0.9844116037219484,0.6037162371195354
MN low,multiplicative,0.05,W,185,70.715,56.21874815310284,True,0.5314247638085718,-0.702295518907213,0.9685528664239307,-0.24528592846433922
MN low,multiplicative,0.05,W,186,69.125,54.62874815310283,True,0.8128402465433948,-0.4930115894433735,0.9129140191808855,0.3253696961043287
MN low,multiplicative,0.05,W,187,72.43,57.93374815310284,True,0.8284781418814401,0.3617020061397872,0.9906580043311676,0.13169700863853784
MN low,multiplicative,0.05,W,188,77.485,62.98874815310283,True,0.5417224720972845,-0.013904476333261938,0.928222555388972,0.22886747102639152
MN low,multiplicative,0.05,W,189,101.48,86.98374815310284,True,0.6613255277123342,-0.6119654458485042,0.9136260441207965,0.1126893696009138
MN low,multiplicative,0.05,W,190,88.43,73.93374815310284,True,0.6609542847623806,-0.6370119702053734,0.9233925894195757,0.41388924585326375
MN low,multiplicative,0.05,W,191,115.095,100.59874815310283,True,0.8910354346636203,-0.6562518740629685,0.9793303348325836,-0.3488322505413959
MN low,multiplicative,0.05,W,192,81.715,67.21874815310284,True,0.79231907855596,0.17894195759263223,0.9106446776611693,-0.021015206682373097
MN low,multiplicative,0.05,W,193,69.32000000000001,54.82374815310284,True,0.7426334451821707,-0.768742295518907,0.8958101901430235,-0.5831055900621117
MN low,multiplicative,0.05,W,194,83.095,68.59874815310283,True,0.8609590442873799,-0.7260874324742389,0.7504904690511885,-0.38778610694652665
MN low,multiplicative,0.05,W,195,82.24,67.74374815310283,True,0.8265495823516812,0.03584588658051926,0.9850988791318624,0.07847980771519002
MN low,multiplicative,0.05,W,196,82.125,67.62874815310283,True,0.8339801527807523,0.45235572689845543,0.9558830108755144,-0.3700578282287427
MN low,multiplicative,0.05,W,197,36.965,22.46874815310284,True,0.6210961186073629,0.14033459460745815,0.8168915542228884,0.05139239903857594
MN low,multiplicative,0.05,W,198,80.33500000000001,65.83874815310284,True,0.4931296256633587,-0.3213507531948311,0.9803850455724518,0.40211037338473615
MN low,multiplicative,0.05,W,199,100.345,85.84874815310283,True,0.8911667975536041,0.11277123343090358,-0.23840746293519902,-0.7359815330430022
MN low,multiplicative,0.05,M,0,30.61,16.113748153102836,True,0.8332471859308439,0.038994788320125644,0.2411203921848599,-0.07542419266557196
MN low,multiplicative,0.05,M,1,95.09,80.59374815310284,True,0.5842174151019727,0.25037100497370357,-0.38477808714690265,0.25296780181337897
MN low,multiplicative,0.05,M,2,32.88,18.38374815310284,True,-0.9065533899716807,-0.2793184360200851,0.714375193355703,0.580623021822422
MN low,multiplicative,0.05,M,3,70.965,56.46874815310284,True,0.09453463744318315,0.1488103567263987,-0.25209966445348747,0.5217476975797815
MN low,multiplicative,0.05,M,4,19.255,4.758748153102836,True,-0.3825848980271768,0.7572223412103471,0.6795183360700601,0.7710858856286141
MN low,multiplicative,0.05,M,5,77.18,62.68374815310284,True,0.030273434711215817,0.15568120701553984,-0.4080597796339924,-0.7032645581970918
MN low,multiplicative,0.05,M,6,54.635,40.13874815310284,True,0.8073706004140785,-0.8100987601437376,0.0012193903048475759,0.12844720496894407
MN low,multiplicative,0.05,M,7,79.08500000000001,64.58874815310284,True,-0.26234787368220647,0.019692058732538487,-0.8655224768568095,0.8824568668046927
MN low,multiplicative,0.05,M,8,65.965,51.46874815310284,True,0.1289174460388853,0.7491463791913565,0.32997882011375257,0.015341852883082265
MN low,multiplicative,0.05,M,9,87.735,73.23874815310283,True,0.24746579091406673,0.567399157564075,0.9282301706289711,0.8381095166702361
MN low,multiplicative,0.05,M,10,47.67,33.173748153102835,True,-0.5138678279907665,-0.11879869589015014,-0.5485304966564336,-0.8663810951667023
MN low,multiplicative,0.05,M,11,109.7,95.20374815310284,True,0.03037243283120344,0.3277780157540277,-0.687782775279027,-0.6143851883582018
MN low,multiplicative,0.05,M,12,111.925,97.42874815310283,True,-0.6703533947312057,-0.35194307608100706,-0.4048899359843887,0.652950667523381
MN low,multiplicative,0.05,M,13,9.735,-4.761251846897164,False,,,,
MN low,multiplicative,0.05,M,14,18.98,4.483748153102837,True,-0.8967735180029032,-0.6371966397753503,-0.6586601937126674,-0.6328692796458912
MN low,multiplicative,0.05,M,15,40.15,25.653748153102836,True,0.43804288332024455,-0.046964136979129475,0.012387139763451606,-0.41755027248280613
MN low,multiplicative,0.05,M,16,36.935,22.43874815310284,True,0.16690226315413717,-0.3328516694033935,-0.8233245282120842,-0.8499778682087527
MN low,multiplicative,0.05,M,17,69.23,54.73374815310284,True,0.6512981604435876,-0.17033292877370834,-0.6244829965969395,-0.687015539849123
MN low,multiplicative,0.05,M,18,80.14,65.64374815310283,True,-0.19449608529068796,0.7510996882511124,-0.38306275433711706,-0.14766426310654193
MN low,multiplicative,0.05,M,19,43.07,28.573748153102837,True,-0.9258408890792696,-0.8158368434830203,0.6869127341091358,0.8170800314128648
MN low,multiplicative,0.05,M,20,61.050000000000004,46.553748153102845,True,-0.6545079841031864,-0.5416139549272981,0.283535375169558,-0.017091454272863564
MN low,multiplicative,0.05,M,21,112.77,98.27374815310283,True,-0.24494133885438227,-0.006312082054210988,-0.880526403464934,-0.9256029128292994
MN low,multiplicative,0.05,M,22,42.145,27.64874815310284,True,-0.1958173294305228,0.1567302063254087,-0.8025844220746768,-0.4662211751267223
MN low,multiplicative,0.05,M,23,77.765,63.268748153102834,True,0.7387173080126602,0.39304633397586913,-0.8253235287118343,-0.5861478784417314
MN low,multiplicative,0.05,M,24,79.53,65.03374815310283,True,0.8306732348111657,0.4013126769948358,0.8286875609814139,0.7245205968444348
MN low,multiplicative,0.05,M,25,124.61,110.11374815310283,True,0.0993151043525856,0.6353004450155874,0.8008062635348991,0.30568049308678985
MN low,multiplicative,0.05,M,26,12.26,-2.2362518468971633,False,,,,
MN low,multiplicative,0.05,M,27,57.855000000000004,43.35874815310284,True,0.7692106327788485,-0.06278860569715142,-0.122775754979653,0.18845148854144353
MN low,multiplicative,0.05,M,28,49.285000000000004,34.788748153102844,True,0.7281816234739772,-0.12060731538992406,-0.5233849741795769,-0.219559743937555
MN low,multiplicative,0.05,M,29,92.34,77.84374815310284,True,-0.35853216249018344,-0.014492753623188404,-0.8595787820375524,-0.6859532138692558
MN low,multiplicative,0.05,M,30,33.455,18.958748153102835,True,0.13169129720853856,-0.22482949001689628,0.28056352775992954,0.3962352157254705
MN low,multiplicative,0.05,M,31,64.92,50.423748153102835,True,-0.5118535970110182,-0.21657076223792862,0.20261964255967252,0.4821408343447323
MN low,multiplicative,0.05,M,32,32.195,17.698748153102837,True,-0.18579948121177503,-0.5099059993812617,0.39954594131505666,0.6822027081697245
MN low,multiplicative,0.05,M,33,54.125,39.62874815310283,True,-0.6515646938435543,-0.41136288998357956,0.2592180100425977,-0.4994674091525665
MN low,multiplicative,0.05,M,34,117.12,102.62374815310284,True,-0.1338254682182718,-0.25370648009328667,-0.32907451036386565,-0.051889293448513826
MN low,multiplicative,0.05,M,35,40.78,26.283748153102838,True,0.5636562671045429,0.43663406392042065,-0.4485880869089264,0.289463839508817
MN low,multiplicative,0.05,M,36,68.44500000000001,53.94874815310284,True,0.6351614668856046,0.3200504509649936,0.7198124747150233,0.614383284548202
MN low,multiplicative,0.05,M,37,104.94500000000001,90.44874815310284,True,-0.5660931439042381,-0.5863896623117012,-0.6330120653958734,-0.21345232145831844
MN low,multiplicative,0.05,M,38,59.01,44.51374815310284,True,-0.8053735037243281,-0.5563494443254562,0.7481183217914851,0.7455519859118058
MN low,multiplicative,0.05,M,39,46.965,32.46874815310284,True,-0.29886866090764136,-0.5580190856952475,0.30030413364746195,0.49542371671307195
MN low,multiplicative,0.05,M,40,24.905,10.408748153102838,True,0.11683396397039573,0.2061150377192356,0.8128040741533994,0.5871397634516075
MN low,multiplicative,0.05,M,41,83.46000000000001,68.96374815310284,True,-0.7296190000237975,-0.47044192189619466,0.8767549558554055,0.5049560933818804
MN low,multiplicative,0.05,M,42,82.69,68.19374815310283,True,-0.7779662549677541,-0.7705718569286784,0.28443016586944614,0.040561623949929786
MN low,multiplicative,0.05,M,43,62.24,47.74374815310284,True,-0.3022764808072154,-0.0247047904619119,0.45308107850836477,0.4605935127674257
MN low,multiplicative,0.05,M,44,67.61,53.11374815310283,True,0.31950405749506194,-0.24563432569429566,-0.5837605007020298,0.9356873943980389
MN low,multiplicative,0.05,M,45,48.82,34.32374815310284,True,0.6313367125960828,0.6062787653792151,0.6209856976273767,0.37523619142809544
MN low,multiplicative,0.05,M,46,53.660000000000004,39.163748153102844,True,0.48872420932390936,-0.5372047309678493,0.16634254301420714,0.4599995240475
MN low,multiplicative,0.05,M,47,34.235,19.738748153102836,True,0.6550029747031245,0.509639465981295,0.4117817281835272,0.08275195735465599
MN low,multiplicative,0.05,M,48,40.980000000000004,26.48374815310284,True,-0.642614883034673,-0.6132295756883461,0.09774636491278169,-0.5462535398967182
MN low,multiplicative,0.05,M,49,21.62,7.123748153102838,True,-0.2679469788915066,-0.41385116965326857,-0.45623569167797046,-0.6618090954522737
MN low,multiplicative,0.05,M,50,26.445,11.948748153102837,True,-0.513047285880869,-0.5077185216915351,0.7680112324789984,0.9136355631707953
MN low,multiplicative,0.05,M,51,62.57,48.07374815310284,True,0.22006234977749217,-0.006932724114133408,-0.6479855310440017,-0.042949001689631366
MN low,multiplicative,0.05,M,52,77.8,63.30374815310283,True,0.6813574165298302,0.6860750577092405,-0.7273439470740819,-0.538942909497632
MN low,multiplicative,0.05,M,53,111.065,96.56874815310283,True,0.7482668189714665,0.814991551843126,0.6769824611503771,0.4863539658742057
MN low,multiplicative,0.05,M,54,68.955,54.45874815310283,True,-0.36474048689940736,-0.617943409247757,-0.40273101544465856,0.12489850312938768
MN low,multiplicative,0.05,M,55,35.275,20.778748153102836,True,-0.34793365222150824,-0.4919302253635086,-0.477423193165322,-0.16626829442421642
MN low,multiplicative,0.05,M,56,34.77,20.27374815310284,True,0.3198524547250184,0.36325361128959327,-0.7231726993646033,-0.6907984103186501
MN low,multiplicative,0.05,M,57,59.025,44.52874815310284,True,0.8254263344518216,0.6298174722162727,0.01564836629304395,-0.515215725470598
MN low,multiplicative,0.05,M,58,121.155,106.65874815310283,True,0.5086209276314223,0.4107041717236619,0.2561471645129816,-0.23312629399585916
MN low,multiplicative,0.05,M,59,118.205,103.70874815310283,True,0.5884057971014491,0.5175497965303062,0.08310416220461196,0.28138787748982647
MN low,multiplicative,0.05,M,60,64.48,49.98374815310284,True,-0.2950305799481211,-0.7498907689012636,-0.7799481211775063,0.814606982223174
MN low,multiplicative,0.05,M,61,43.03,28.533748153102838,True,0.6255148616168106,0.7612907831798384,-0.7565464886604316,-0.6471021632041121
MN low,multiplicative,0.05,M,62,14.33,-0.166251846897163,False,,,,
MN low,multiplicative,0.05,M,63,43.315,28.818748153102835,True,0.5038937674020132,0.6757126198805359,-0.8240822445919896,-0.3820423121772446
MN low,multiplicative,0.05,M,64,20.71,6.213748153102838,True,-0.14460103281692485,0.16724494895409436,0.01635467980295566,0.14491135384688605
MN low,multiplicative,0.05,M,65,27.34,12.843748153102837,True,-0.5914937769210632,-0.29224149829846974,-0.5432245781870968,-0.5093481830513313
MN low,multiplicative,0.05,M,66,110.01,95.51374815310284,True,-0.1716579805335427,-0.3322767187834654,0.9140163251707478,0.9390685609576163
MN low,multiplicative,0.05,M,67,61.81,47.313748153102836,True,-0.6315461316960566,0.7269384355441325,-0.7777892006377762,-0.5738644963232669
MN low,multiplicative,0.05,M,68,106.345,91.84874815310283,True,0.25751410009281067,-0.45280121843839977,-0.9746279241331713,0.9463468265867064
MN low,multiplicative,0.05,M,69,75.075,60.578748153102836,True,0.698350824587706,-0.5625444420646818,-0.1204702410699412,-0.7626786606696649
MN low,multiplicative,0.05,M,70,58.755,44.25874815310284,True,0.12428928392946381,0.24254634587468166,0.8151286261631088,0.8016477475547938
MN low,multiplicative,0.05,M,71,123.39,108.89374815310283,True,-0.7245472501844314,-0.8238518835820184,0.6639280359820088,0.8502291711287212
MN low,multiplicative,0.05,M,72,101.885,87.38874815310284,True,0.8252530877418432,0.6564175055329476,-0.6399895290450012,-0.7358825349230145
MN low,multiplicative,0.05,M,73,50.83,36.33374815310283,True,0.3755160514980604,-0.5191356702601079,0.5167140239404107,-0.14670855048666143
MN low,multiplicative,0.05,M,74,24.0,9.503748153102837,True,0.6409052616548867,0.6072554199090929,-0.18831441422146064,-0.20581613954927297
MN low,multiplicative,0.05,M,75,112.08500000000001,97.58874815310284,True,-0.7840965231669877,-0.5895556983413054,0.9350001189881249,0.8726979367459126
MN low,multiplicative,0.05,M,76,64.96000000000001,50.46374815310284,True,0.4089583779538801,-0.27507293972061586,0.695399919088075,0.6271864067966015
MN low,multiplicative,0.05,M,77,49.115,34.61874815310284,True,0.2457238047642845,0.2503557744937055,0.7941010447157372,0.6234796887270649
MN low,multiplicative,0.05,M,78,78.185,63.688748153102836,True,0.5886685228814162,0.6691197258513599,-0.39515765926560525,0.7324347350134456
MN low,multiplicative,0.05,M,79,129.935,115.43874815310284,True,-0.8793003498250873,-0.7112300992360961,-0.24730967849408625,-0.16371528521453557
MN low,multiplicative,0.05,M,80,126.86,112.36374815310283,True,0.10580519264177433,0.10076580757240425,-0.48474143880440723,-0.4082044691939744
MN low,multiplicative,0.05,M,81,65.83500000000001,51.33874815310284,True,0.38980604935627416,-0.2211227719473596,-0.8062473525142189,-0.9624035601246994
MN low,multiplicative,0.05,M,82,45.24,30.74374815310284,True,-0.16420837200447394,-0.8245639085219294,-0.9367516241879059,0.8610770805073652
MN low,multiplicative,0.05,M,83,105.675,91.17874815310283,True,-0.31643701958544534,-0.3920544489659931,-0.12224268817971964,0.6287475309964063
MN low,multiplicative,0.05,M,84,54.195,39.69874815310284,True,0.24513362366435826,-0.32311368125461076,-0.3650850765093643,0.6556807310630398
MN low,multiplicative,0.05,M,85,94.94500000000001,80.44874815310284,True,-0.6690530925013682,-0.22428500035696433,0.3810923109873634,0.27448466243068936
MN low,multiplicative,0.05,M,86,37.17,22.67374815310284,True,-0.5454596511268174,-0.5182332643202208,-0.9074824492515645,-0.5860583993717426
MN low,multiplicative,0.05,M,87,50.27,35.773748153102844,True,-0.35828466719021435,-0.7730982127983625,-0.7854672663668164,0.43178886747102635
MN low,multiplicative,0.05,M,88,36.805,22.308748153102837,True,-0.3592137264700982,-0.17153042526355866,0.8084500606839435,0.5731486637633563
MN low,multiplicative,0.05,M,89,94.60000000000001,80.10374815310284,True,0.5733047761833368,0.2653825468218271,0.603775255229528,0.14451155374693603
MN low,multiplicative,0.05,M,90,66.93,52.43374815310284,True,-0.3440346493419956,0.3123952309559505,-0.8662440208467194,-0.9077318483615334
MN low,multiplicative,0.05,M,91,51.49,36.99374815310284,True,-0.6771842650103518,-0.5349106399181361,-0.5301149425287356,-0.2007957925799005
MN low,multiplicative,0.05,M,92,111.36500000000001,96.86874815310284,True,-0.18801741986149778,0.24132219604483468,-0.6447243045144094,-0.7079231812665094
MN low,multiplicative,0.05,M,93,15.995000000000001,1.498748153102838,True,0.4730691796958663,0.5994536065300682,0.691342899978582,0.8591599438376049
MN low,multiplicative,0.05,M,94,82.79,68.29374815310284,True,0.725087932224364,0.7094766902263153,0.06152447585730943,-0.6034573189595677
MN low,multiplicative,0.05,M,95,105.22500000000001,90.72874815310284,True,0.7482782418314651,0.6250617548368672,0.762886175959639,0.9539868161157515
MN low,multiplicative,0.05,M,96,67.91,53.41374815310283,True,0.3270202993741224,0.6047728516694033,-0.4050422407843696,-0.7088332024463957
MN low,multiplicative,0.05,M,97,78.235,63.73874815310283,True,0.6793831655600769,0.19501011399062368,-0.4789557602151305,0.8092344304038456
MN low,multiplicative,0.05,M,98,137.32500000000002,122.82874815310285,True,0.25993384260250824,0.5370828871278645,0.4226658099521667,0.10437162371195352
MN low,multiplicative,0.05,M,99,101.66,87.16374815310283,True,0.07612860236548391,-0.2389805097451274,-0.9515804002760523,0.9276952000190379
MN low,multiplicative,0.05,M,100,43.595,29.098748153102836,True,0.023067513862116557,0.39334713595583154,0.3018538349872682,-0.01202541586349682
MN low,multiplicative,0.05,M,101,129.195,114.69874815310283,True,-0.2448461483543942,-0.30232978748720873,-0.8120273196734964,-0.8142909497632136
MN low,multiplicative,0.05,M,102,90.255,75.75874815310283,True,-0.9294200518788224,-0.41414626020323164,-0.12018086194997737,-0.17342852383332139
MN low,multiplicative,0.05,M,103,74.94,60.44374815310283,True,0.20900311748887457,-0.32706789462411645,-0.18245639085219292,0.2527888436734014
MN low,multiplicative,0.05,M,104,70.56,56.063748153102836,True,-0.7025068418171866,-0.44215892053973005,-0.2990171580876228,0.20222174626972225
MN low,multiplicative,0.05,M,105,34.82,20.323748153102837,True,0.6053611289593298,0.7972994455153375,-0.07699293210537586,-0.2325932271959258
MN low,multiplicative,0.05,M,106,80.73,66.23374815310284,True,-0.12879369838890076,-0.44921824801884763,-0.7149406249256323,-0.15351847885581016
MN low,multiplicative,0.05,M,107,48.555,34.05874815310284,True,0.710023083696247,0.759950500940006,0.47056947716617875,0.3042107517669736
MN low,multiplicative,0.05,M,108,35.515,21.018748153102838,True,0.3790837914376145,0.6405168844149353,0.757479355560315,0.2293891149663263
MN low,multiplicative,0.05,M,109,51.08,36.58374815310283,True,0.488111182503986,-0.308631398586421,0.6331148711358605,0.8063158896742104
MN low,multiplicative,0.05,M,110,87.75,73.25374815310283,True,0.6635739273220531,0.667158801551605,0.4006158825349229,-0.013053473263368313
MN low,multiplicative,0.05,M,111,25.545,11.048748153102839,True,-0.6022940910497131,-0.26128554770233925,0.5775940601128006,-0.04024368767996953
MN low,multiplicative,0.05,M,112,34.54,20.043748153102836,True,0.9143571071607053,0.6126907974584136,-0.7119973346660001,-0.10436591228195424
MN low,multiplicative,0.05,M,113,58.75,44.25374815310283,True,0.32676138121415477,-0.39462268865567207,0.9188672330501414,0.9457585492967799
MN low,multiplicative,0.05,M,114,122.815,108.31874815310283,True,0.8877361319340328,0.9238913876395135,0.4945384450631826,0.11554508460055685
MN low,multiplicative,0.05,M,115,90.35000000000001,75.85374815310284,True,0.490007377263749,0.28702886651912135,-0.16171628471478544,-0.10472953999190879
MN low,multiplicative,0.05,M,116,87.22500000000001,72.72874815310284,True,-0.2627590966421551,-0.02219747269222531,0.5799433616525069,0.5457871064467765
MN low,multiplicative,0.05,M,117,42.43,27.933748153102837,True,-0.5822203184122223,0.20740772470907398,0.2816448918397943,-0.6994607458175673
MN low,multiplicative,0.05,M,118,20.0,5.503748153102837,True,-0.34095428476238065,0.45732276718783454,-0.7325413483734322,-0.6880683467789913
MN low,multiplicative,0.05,M,119,8.845,-5.651251846897162,False,,,,
MN low,multiplicative,0.05,M,120,34.32,19.823748153102837,True,0.7381499726327312,0.6018828680897645,0.13189310106851335,0.14734823064658145
MN low,multiplicative,0.05,M,121,52.585,38.08874815310284,True,-0.46721496394659806,-0.429447181171319,0.11574308084053209,0.5043716237119535
MN low,multiplicative,0.05,M,122,105.03,90.53374815310283,True,0.08057780633492777,-0.6756193331905475,-0.34193855453225763,-0.6414973465648127
MN low,multiplicative,0.05,M,123,27.405,12.908748153102838,True,-0.7471892625116011,-0.23424383046571948,0.30924632921634415,0.20352966373955875
MN low,multiplicative,0.05,M,124,122.24000000000001,107.74374815310284,True,-0.3973241950453344,-0.8562585373979675,0.3874243830465719,0.33795959163275496
MN low,multiplicative,0.05,M,125,86.63,72.13374815310283,True,-0.5197068132600365,-0.46036695937745403,-0.7106532448061682,-0.733607481973299
MN low,multiplicative,0.05,M,126,37.465,22.96874815310284,True,-0.29349039765831364,-0.4399600199900049,0.3754056305180742,0.3591946883701006
MN low,multiplicative,0.05,M,127,120.635,106.13874815310284,True,-0.8296737345612907,-0.8925527712334307,0.6629494776421312,0.3066666666666666
MN low,multiplicative,0.05,M,128,69.875,55.37874815310283,True,0.5437252802170341,0.7016577425572926,-0.5012817400823397,-0.6217129530472858
MN low,multiplicative,0.05,M,129,68.505,54.00874815310283,True,-0.8439313676495084,-0.7606187382499225,-0.4357811570405273,-0.3510140168011232
MN low,multiplicative,0.05,M,130,130.705,116.20874815310285,True,0.7590690369101162,0.7776825872777895,-0.38158539777730177,-0.39658551676542675
MN low,multiplicative,0.05,M,131,51.525,37.02874815310284,True,-0.8165222150829347,-0.4088841293638894,0.2540986649532376,0.22511125389686104
MN low,multiplicative,0.05,M,132,116.58500000000001,102.08874815310284,True,0.5326298755384211,-0.8241736274719781,-0.41500107089312477,-0.3616410842197948
MN low,multiplicative,0.05,M,133,115.86,101.36374815310283,True,-0.40944384950381946,-0.6344380190856951,0.6751681302206038,0.49402441636324684
MN low,multiplicative,0.05,M,134,107.58500000000001,93.08874815310284,True,-0.570614692653673,-0.9026734251921656,-0.595183360700602,0.03516813022060398
MN low,multiplicative,0.05,M,135,56.04,41.54374815310284,True,-0.6324161728659479,-0.7494072011613239,-0.49616810642297887,0.4493343804288331
MN low,multiplicative,0.05,M,136,89.665,75.16874815310284,True,0.26982794317127146,0.5801984721924751,0.09964827110254396,-0.3824763808571904
MN low,multiplicative,0.05,M,137,77.125,62.62874815310283,True,-0.22450393850693695,0.29122867137859637,0.6172294804978462,0.7462811451417147
MN low,multiplicative,0.05,M,138,23.115000000000002,8.618748153102839,True,0.3844430165869446,0.4554722638680659,-0.6492972561338377,-0.4620099474072487
MN low,multiplicative,0.05,M,139,56.54,42.04374815310284,True,0.5940905737607386,0.507880345541515,0.2177301825277837,-0.7386164060826729
MN low,multiplicative,0.05,M,140,92.12,77.62374815310284,True,-0.7953594631255799,-0.7690640394088668,-0.5012512791223436,-0.7284576759239427
MN low,multiplicative,0.05,M,141,88.575,74.07874815310284,True,-0.7589243473501343,-0.7827505294971561,0.34824778087146896,-0.7138535494157682
MN low,multiplicative,0.05,M,142,17.900000000000002,3.403748153102839,True,-0.9102505889912185,-0.8004959425049378,-0.38214702172723153,-0.34928154970133973
MN low,multiplicative,0.05,M,143,64.01,49.51374815310284,True,-0.4417039099497869,0.6855172413793102,-0.6535979629233002,-0.6727103115109111
MN low,multiplicative,0.05,M,144,82.295,67.79874815310284,True,-0.6783741462602032,-0.7115746888460531,-0.34967373456129075,-0.7588577140001427
MN low,multiplicative,0.05,M,145,128.26500000000001,113.76874815310285,True,-0.07569453368553816,-0.3896080531162989,0.15213060136598366,0.22881797196639772
MN low,multiplicative,0.05,M,146,101.58,87.08374815310283,True,-0.17465838509316767,-0.9285614335689297,-0.5328088336783988,-0.03903667214012041
MN low,multiplicative,0.05,M,147,100.07000000000001,85.57374815310284,True,0.35726993646034116,0.24877941981390253,-0.7694352823588204,-0.6352890221555888
MN low,multiplicative,0.05,M,148,77.81,63.313748153102836,True,-0.7678417933890197,-0.8157264225030341,-0.838006710930249,-0.7451921658218508
MN low,multiplicative,0.05,M,149,24.1,9.603748153102838,True,-0.8850612788843671,-0.49303062754337107,0.7304547726136931,-0.6561376454629827
MN low,multiplicative,0.05,M,150,31.765,17.268748153102838,True,-0.7515623140810546,-0.8471964017991003,-0.41741129435282354,0.3961704861854786
MN low,multiplicative,0.05,M,151,38.075,23.57874815310284,True,0.9015235239523094,0.6880664429689916,0.8305609100211797,0.5555803050855523
MN low,multiplicative,0.05,M,152,25.115000000000002,10.618748153102839,True,-0.9279921943790008,-0.9198553104400179,-0.3155745936555531,-0.14960424549629944
MN low,multiplicative,0.05,M,153,118.97500000000001,104.47874815310284,True,-0.6341695818757287,-0.5198990980700126,-0.8896132885937982,-0.8452849765593393
MN low,multiplicative,0.05,M,154,43.295,28.79874815310284,True,0.639384117465077,0.588847481021394,0.1622855239047143,-0.5664967516241878
MN low,multiplicative,0.05,M,155,30.39,15.893748153102838,True,-0.7925323052759333,0.029961209871254845,-0.551791723186026,-0.8268256348016466
MN low,multiplicative,0.05,M,156,99.33,84.83374815310283,True,-0.018311796482711022,0.212511839318436,-0.6472982556340876,-0.215399919088075
MN low,multiplicative,0.05,M,157,37.160000000000004,22.66374815310284,True,-0.42669046429166363,-0.34683896147164506,-0.5852131077318483,-0.5735084838533113
MN low,multiplicative,0.05,M,158,42.980000000000004,28.48374815310284,True,-0.18218985745222624,0.2579386497227576,-0.12477094785940361,-0.3199019537850122
MN low,multiplicative,0.05,M,159,86.97,72.47374815310283,True,0.29796435115775444,-0.7862878084767139,0.2164013231479498,0.6752861664405891
MN low,multiplicative,0.05,M,160,134.32,119.82374815310283,True,0.9269546179291305,0.7470103043716236,-0.6845348754194329,-0.22478570238690174
MN low,multiplicative,0.05,M,161,117.92,103.42374815310284,True,-0.7061792913067274,-0.6537388448632825,0.6845215487494346,0.4823331191547083
MN low,multiplicative,0.05,M,162,124.63000000000001,110.13374815310284,True,-0.4446681421194164,-0.42577853930177756,0.5997163323100353,0.6416001523047999
MN low,multiplicative,0.05,M,163,103.86500000000001,89.36874815310284,True,-0.5432988267770876,-0.35142904738107134,-0.843230765569596,0.6991294828776087
MN low,multiplicative,0.05,M,164,48.215,33.71874815310284,True,0.46953761214630774,0.6253378072868326,-0.2734699317008162,0.4123928511934508
MN low,multiplicative,0.05,M,165,25.29,10.793748153102836,True,-0.8441712477094785,-0.6807957925799004,0.2585935603626758,-0.15661407391542323
MN low,multiplicative,0.05,M,166,39.27,24.77374815310284,True,-0.8092039694438494,-0.6006244496799218,0.8086728064539157,0.44233597486970794
MN low,multiplicative,0.05,M,167,135.75,121.25374815310283,True,0.698527878917684,0.7930977368458627,0.5520506413459936,0.35863496823017055
MN low,multiplicative,0.05,M,168,39.115,24.61874815310284,True,-0.5217039099497869,-0.4690083529663739,0.641263177934842,0.37945503438756806
MN low,multiplicative,0.05,M,169,11.525,-2.9712518468971627,False,,,,
MN low,multiplicative,0.05,M,170,11.535,-2.961251846897163,False,,,,
MN low,multiplicative,0.05,M,171,128.54500000000002,114.04874815310285,True,0.2936826824682896,0.10906451536136691,-0.364574855429428,-0.22767187834654096
MN low,multiplicative,0.05,M,172,94.665,80.16874815310284,True,-0.28756954855905376,0.5274496085290687,-0.38533019204683366,-0.2987411056376573
MN low,multiplicative,0.05,M,173,111.285,96.78874815310283,True,0.352615121010923,0.5966207372504223,0.738062397372742,0.6958682563480164
MN low,multiplicative,0.05,M,174,36.12,21.623748153102834,True,0.8904528688036932,-0.9938525975107683,0.9990499988101186,0.8668475286166439
MN low,multiplicative,0.05,M,175,112.435,97.93874815310284,True,0.7321739130434781,0.6424302134646961,-0.18448394850193947,-0.1918364627210204
MN low,multiplicative,0.05,M,176,23.075,8.578748153102836,True,0.6754708360105661,0.860534494657433,-0.5780205135527473,-0.6770947859403631
MN low,multiplicative,0.05,M,177,34.660000000000004,20.16374815310284,True,0.0056229028342971365,0.20039599247995046,-0.32153732657480777,-0.7722833821184645
MN low,multiplicative,0.05,M,178,25.38,10.883748153102836,True,-0.527495299969063,0.702103234097237,-0.9126189286309225,-0.8334566050308178
MN low,multiplicative,0.05,M,179,42.4,27.903748153102836,True,0.05960353156754955,0.24413793103448272,0.2653920658718259,-0.5942466861807191
MN low,multiplicative,0.05,M,180,57.89,43.393748153102834,True,-0.5084800456914399,-0.4925451559934318,-0.40349253944456337,-0.1510644677661169
MN low,multiplicative,0.05,M,181,54.775,40.27874815310284,True,-0.5151985911806001,-0.5228861759596392,0.4911896432736012,0.17267842269341516
MN low,multiplicative,0.05,M,182,41.025,26.528748153102836,True,-0.6211951167273505,-0.3497651174412793,0.5316627400585421,0.49560267485304954
MN low,multiplicative,0.05,M,183,15.795,1.2987481531028369,True,-0.15739653982532542,0.5718064777135241,-0.1174679327003165,0.583023726232122
MN low,multiplicative,0.05,M,184,25.740000000000002,11.243748153102839,True,0.5691506627638561,0.48904785702386894,0.4767263987054091,-0.24508793222436395
MN low,multiplicative,0.05,M,185,96.63,82.13374815310283,True,0.5140315556507459,0.6247571452369052,-0.8520815782584896,-0.8888289188738961
MN low,multiplicative,0.05,M,186,85.91,71.41374815310283,True,-0.8583374979177076,-0.8421303633897336,-0.7930901216058636,0.8389281549701338
MN low,multiplicative,0.05,M,187,101.175,86.67874815310283,True,0.8860455486542442,0.41522381666309693,-0.29787106446776607,0.6755565074605553
MN low,multiplicative,0.05,M,188,57.525,43.02874815310284,True,-0.21927226862759094,-0.19213536089098304,-0.5008000761524,-0.45150282001856207
MN low,multiplicative,0.05,M,189,107.72500000000001,93.22874815310284,True,0.4501758644487279,0.6836267580495465,-0.37470883605816135,-0.8100111848837485
MN low,multiplicative,0.05,M,190,109.235,94.73874815310283,True,-0.44408557625948925,0.1519782965660027,0.6503957545037004,0.40700316508412454
MN low,multiplicative,0.05,M,191,30.21,15.713748153102838,True,-0.7229099735846362,0.7614621260798171,0.5091311487113584,0.6190419076176197
MN low,multiplicative,0.05,M,192,119.36,104.86374815310283,True,-0.7783984198377,-0.8719040479760118,0.9135403726708073,0.8218205183122723
MN low,multiplicative,0.05,M,193,31.11,16.613748153102836,True,0.376439399347945,-0.06713500392660811,-0.6854410889793198,-0.4471392874991075
MN low,multiplicative,0.05,M,194,63.88,49.38374815310284,True,-0.4137140953332856,-0.3138402227457699,-0.8077380357440326,-0.7639218485995096
MN low,multiplicative,0.05,M,195,54.64,40.143748153102834,True,-0.5584931343851882,-0.24679374598415074,-0.18587753742176527,0.13645462982794312
MN low,multiplicative,0.05,M,196,66.44500000000001,51.94874815310284,True,0.23054472763618186,0.05958830108755145,0.19300349825087454,-0.2001389781299826
MN low,multiplicative,0.05,M,197,41.165,26.668748153102836,True,0.06628400085671449,-0.39599343185550073,0.9995069132100616,0.4898645915137668
MN low,multiplicative,0.05,M,198,63.35,48.85374815310284,True,-0.5110806501511148,-0.6072382856190951,-0.10503034197187118,-0.6067052188191617
MN low,multiplicative,0.05,M,199,15.23,0.7337481531028374,True,-0.5781042811927369,-0.48567620951429036,-0.4889659931938792,-0.2367244948954094
AWN low,additive,1.0,I,0,81.32000000000001,66.82374815310284,True,-0.5671116822541109,-0.5567283025154088,0.41453082982318357,0.3648642345493919
AWN low,additive,1.0,I,1,86.72500000000001,72.22874815310284,True,-0.13674400894790698,-0.09813093453273361,0.5088189238713976,0.4779372218652578
AWN low,additive,1.0,I,2,89.875,75.37874815310283,True,-0.7903657694962041,-0.6986135503676731,0.0415687394398039,-0.13166654767854166
AWN low,additive,1.0,I,3,79.715,65.21874815310284,True,0.49319625901335035,0.46334642202708165,-0.07340044263582493,-0.12267866066966515
AWN low,additive,1.0,I,4,81.665,67.16874815310284,True,0.8500654434687417,0.7828590466671426,0.10645058423169367,0.002034220984745722
AWN low,additive,1.0,I,5,82.985,68.48874815310283,True,0.623287403917089,0.6525603864734298,0.4059122819542609,0.36220461197972437
AWN low,additive,1.0,I,6,75.495,60.99874815310284,True,0.11966112182004233,0.0341895718807263,0.4219633040622545,0.13915232859760593
AWN low,additive,1.0,I,7,75.13,60.63374815310283,True,0.38603269793674583,0.1586054591751743,0.44965231669879335,0.23338140453582729
AWN low,additive,1.0,I,8,78.27,63.77374815310283,True,-0.3043973251469503,-0.12505461554936814,0.39948311558506455,0.2919749648985031
AWN low,additive,1.0,I,9,77.75,63.25374815310283,True,0.5178753480402655,0.27949358654006323,0.16872230551390968,-0.05841555412769805
AWN low,additive,1.0,I,10,74.77,60.27374815310283,True,0.891494252873563,0.81815949168273,0.08072249589490968,-0.027198781561600147
AWN low,additive,1.0,I,11,76.705,62.20874815310283,True,-0.2327074557959115,-0.1529854120558768,-0.04247876061969015,-0.17704385902286948
AWN low,additive,1.0,I,12,79.175,64.67874815310283,True,-0.8355850646105517,-0.6488669950738915,0.3516898693510387,0.29718569286785174
AWN low,additive,1.0,I,13,88.345,73.84874815310283,True,-0.07469693724566287,-0.004964184574379476,0.4984660050926917,0.477735418005283
AWN low,additive,1.0,I,14,73.60000000000001,59.10374815310284,True,0.6001675352799789,0.5651926417743508,0.1787572880226553,-0.13980343161752454
AWN low,additive,1.0,I,15,74.8,60.30374815310283,True,-0.20077294685990332,-0.14941767211632279,0.4692177720663477,0.041111825039861015
AWN low,additive,1.0,I,16,89.255,74.75874815310283,True,0.06549582351681302,0.09666119321291733,0.41535327574308073,0.4570847909378643
AWN low,additive,1.0,I,17,73.33,58.83374815310283,True,0.46246686180719154,0.36939339853882575,0.09355227148330594,0.12945241664881843
AWN low,additive,1.0,I,18,95.17,80.67374815310284,True,-0.8050612788843672,-0.6986173579876727,0.3576811594202898,0.30123128911734603
AWN low,additive,1.0,I,19,77.47,62.97374815310283,True,-0.5588243973251469,-0.35151471883106056,0.0228999785821375,-0.04101092310987363
AWN low,additive,1.0,I,20,81.81,67.31374815310284,True,0.20504509649936933,-0.0015944408748006945,0.4633007305870873,0.2751605149806049
AWN low,additive,1.0,I,21,97.565,83.06874815310283,True,0.31781918564527256,0.2734413745508198,0.18154636967230667,0.15374122462578232
AWN low,additive,1.0,I,22,72.60000000000001,58.10374815310284,True,0.8357602151305299,0.7028514314271435,0.07345374931581826,-0.1373741700578282
AWN low,additive,1.0,I,23,74.69500000000001,60.19874815310284,True,-0.2489602817638799,-0.2596044834725494,0.13597867732800265,-0.14722638680659667
AWN low,additive,1.0,I,24,77.125,62.62874815310283,True,-0.6813840698698268,-0.7080983317864876,0.11706242117036718,-0.02676852050165393
AWN low,additive,1.0,I,25,78.76,64.26374815310284,True,0.3999019537850122,0.49495918707312997,0.3923780966659527,0.34835820185145516
AWN low,additive,1.0,I,26,74.075,59.578748153102836,True,0.3624064158396991,0.32795316627400584,0.03739749173032531,-0.19606672854049162
AWN low,additive,1.0,I,27,76.465,61.96874815310284,True,0.9400528307274932,0.8566392993979199,0.6298003379262748,0.5928816544108896
AWN low,additive,1.0,I,28,76.67,62.173748153102835,True,0.47556888222555377,0.4658842007567644,0.04289569500963803,-0.10034125794245732
AWN low,additive,1.0,I,29,74.02,59.52374815310283,True,0.6305770924061778,0.38460674424692404,0.26984507746126934,0.03532043502058494
AWN low,additive,1.0,I,30,79.98,65.48374815310284,True,0.050440494038694925,-0.06309321529711334,0.5520982365959876,0.5539963351657504
AWN low,additive,1.0,I,31,73.875,59.37874815310283,True,-0.1846667142619166,-0.21354560814830675,0.2529620903833797,0.22755384212655572
AWN low,additive,1.0,I,32,79.47500000000001,64.97874815310284,True,-0.8051945455843504,-0.8276880607315389,0.005807572404274053,-0.37909521429761306
AWN low,additive,1.0,I,33,78.7,64.20374815310284,True,0.3642531115394683,0.44679469788915055,0.41722472097284685,0.3156773993955403
AWN low,additive,1.0,I,34,88.665,74.16874815310284,True,-0.39157088122605355,-0.3792170581375978,0.3646776611694152,0.07459222769567596
AWN low,additive,1.0,I,35,76.82000000000001,62.32374815310284,True,-0.6191599438376049,-0.5885238333214344,0.15879774398515026,-0.1626967468646629
AWN low,additive,1.0,I,36,67.21000000000001,52.71374815310284,True,-0.2767387734704076,-0.27557173794055345,0.1712676994835915,0.10927393446134075
AWN low,additive,1.0,I,37,73.895,59.39874815310283,True,0.31124913733609383,0.06120653958734917,0.4846500559244186,0.3881249851264843
AWN low,additive,1.0,I,38,71.285,56.78874815310283,True,0.280367435329954,0.4316936769710382,0.5413188643773351,0.5467942219366506
AWN low,additive,1.0,I,39,74.355,59.85874815310284,True,-0.40910306751386205,-0.4200937626424882,0.015756883463030384,-0.4034335213345708
AWN low,additive,1.0,I,40,70.735,56.23874815310283,True,0.12422074676947238,0.22172818352728393,-0.06082577758739677,-0.4309569025011303
AWN low,additive,1.0,I,41,72.005,57.50874815310283,True,0.7310487613336188,0.4545907998381761,0.26964136979129477,0.023716713072035406
AWN low,additive,1.0,I,42,75.3,60.80374815310283,True,0.9434930153970632,0.8752852145355892,0.2714195283310725,0.030697984341162745
AWN low,additive,1.0,I,43,75.985,61.48874815310283,True,0.08565526760429307,-0.054935389448133067,0.10998024797125244,-0.019090454772613688
AWN low,additive,1.0,I,44,72.825,58.328748153102836,True,-0.3914528450060683,-0.513711715570786,-0.11059517860117558,-0.4419342709597581
AWN low,additive,1.0,I,45,68.9,54.40374815310284,True,0.3046924156969134,0.2775935841603008,0.25784726684276904,-0.001958068584755241
AWN low,additive,1.0,I,46,76.015,61.518748153102834,True,0.9454653625568167,0.8451079222293614,0.2337659741557792,0.15997429856500317
AWN low,additive,1.0,I,47,77.54,63.04374815310284,True,0.8751138716356106,0.7550957854406128,0.2556121939030484,0.20416363246947952
AWN low,additive,1.0,I,48,80.295,65.79874815310284,True,0.6747150234406605,0.6809918850098758,0.19857404631017822,-0.2581632993027295
AWN low,additive,1.0,I,49,80.155,65.65874815310283,True,0.6238604507270172,0.5933633183408296,0.07336807786582898,0.04121463077984817
AWN low,additive,1.0,I,50,72.405,57.908748153102835,True,0.7197344185050331,0.6561719140429784,0.4178834392327645,0.3950358154256205
AWN low,additive,1.0,I,51,75.74,61.24374815310283,True,0.41406630018324164,0.3261940458342257,0.23374312843578207,0.09249756074343778
AWN low,additive,1.0,I,52,90.565,76.06874815310283,True,0.5501144665762355,0.6088412936388948,0.42865710002141777,0.18237833464220268
AWN low,additive,1.0,I,53,75.33,60.83374815310283,True,0.6742923776207133,0.5622760048547154,0.08526689036434162,0.12298517407962684
AWN low,additive,1.0,I,54,79.665,65.16874815310284,True,-0.7943466362057064,-0.728358677803955,0.23865495823516808,0.06781656790652292
AWN low,additive,1.0,I,55,79.385,64.88874815310284,True,0.6962889983579638,0.5958972894505127,0.1673877347040765,0.19195259513100588
AWN low,additive,1.0,I,56,83.685,69.18874815310284,True,0.5166968896504127,0.5149701339806287,0.4146660003331667,0.24362009471454746
AWN low,additive,1.0,I,57,69.51,55.01374815310284,True,0.05515623140810546,-0.1245653363794293,0.3898936246162632,0.40987030294376614
AWN low,additive,1.0,I,58,71.36,56.86374815310283,True,0.8973865448228265,0.8549658504081291,0.062367863687204005,0.027023631041622042
AWN low,additive,1.0,I,59,70.325,55.828748153102836,True,0.5801870493324764,0.5727164988934103,0.35171652269103537,0.3609176364198852
AWN low,additive,1.0,I,60,73.67,59.173748153102835,True,-0.45020442159872437,-0.362383570119702,0.1360605411579924,-0.11191451893101066
AWN low,additive,1.0,I,61,71.505,57.00874815310283,True,0.6027852740296518,0.20830822683896144,0.11621903334047261,-0.12745531995906806
AWN low,additive,1.0,I,62,76.815,62.31874815310283,True,-0.5925275457509339,-0.5675743080840531,0.2049099259893862,0.079983817615002
AWN low,additive,1.0,I,63,75.69500000000001,61.19874815310284,True,0.0442911877394636,-0.19829989767021247,0.13580923823802382,0.12866043168891744
AWN low,additive,1.0,I,64,85.65,71.15374815310284,True,0.033884962280764375,0.040462625829942166,-0.022924728112134408,-0.2774831631803146
AWN low,additive,1.0,I,65,78.55,64.05374815310283,True,0.5154974893505627,0.39359463125580063,-0.006173103924228361,0.012147259703481591
AWN low,additive,1.0,I,66,88.255,73.75874815310283,True,0.311087313486114,0.33575688346303034,0.37011113490873604,0.16112039218485993
AWN low,additive,1.0,I,67,83.60000000000001,69.10374815310284,True,-0.8154046786130743,-0.737327526712834,0.22066966516741626,0.01686299707289212
AWN low,additive,1.0,I,68,73.03,58.533748153102835,True,0.8485081268889363,0.8048880321743889,0.1955774493705528,-0.26044787130244396
AWN low,additive,1.0,I,69,78.46000000000001,63.96374815310284,True,0.041536374669807946,-0.138687798957664,0.5086742343114156,0.4764027510054496
AWN low,additive,1.0,I,70,79.665,65.16874815310284,True,0.6900159444087478,0.6815820661098021,-0.055529378168058814,-0.42269627091216294
AWN low,additive,1.0,I,71,76.3,61.80374815310283,True,0.09282882368339637,0.06704362104661954,0.5448447204968943,0.420615406582423
AWN low,additive,1.0,I,72,94.47500000000001,79.97874815310284,True,-0.3256438447442945,-0.03307965065086504,0.2272644630065919,-0.15092739344613404
AWN low,additive,1.0,I,73,82.245,67.74874815310284,True,-0.6845310677994334,-0.5104828538111895,0.44281954260964745,-0.0015906332548011705
AWN low,additive,1.0,I,74,71.115,56.61874815310283,True,0.1377092406177863,0.12356012469955496,0.5233259560695841,0.461271269127341
AWN low,additive,1.0,I,75,79.895,65.39874815310283,True,0.37916755907760397,0.46068870326741385,0.3566778515504152,0.3802470193474691
AWN low,additive,1.0,I,76,76.99,62.49374815310283,True,-0.5848570952618928,-0.5456728778467907,0.2991237714476095,0.25878013374265246
AWN low,additive,1.0,I,77,78.03,63.533748153102835,True,0.9279465029390065,0.7840489279169938,0.26421360748197326,0.252695556983413
AWN low,additive,1.0,I,78,85.2,70.70374815310284,True,0.36860331738892455,0.6039903857595011,0.32147640465481536,0.4347207348706598
AWN low,additive,1.0,I,79,80.665,66.16874815310284,True,0.6684267390114466,0.6138540253682682,0.0023940410747007443,-0.03645891340044263
AWN low,additive,1.0,I,80,83.285,68.78874815310283,True,0.5735332333833082,0.518206610980224,0.07194973941600627,-0.006603364984174578
AWN low,additive,1.0,I,81,81.02,66.52374815310283,True,-0.6478179957640227,-0.4960729159229908,0.35373265748078336,0.23634182908545723
AWN low,additive,1.0,I,82,74.555,60.05874815310284,True,0.6976102424977987,0.5806039837224244,0.3165721900954284,0.2687618095714047
AWN low,additive,1.0,I,83,78.46000000000001,63.96374815310284,True,0.37734561290783175,0.23311867875586012,0.11184407796101946,0.06014040598748244
AWN low,additive,1.0,I,84,76.685,62.188748153102836,True,-0.09598534066300181,-0.2758515980105185,0.1574917303253135,0.07957259465505341
AWN low,additive,1.0,I,85,72.055,57.55874815310284,True,0.8759896242355011,0.7969796054353774,-0.07340425025582445,-0.12803027057899619
AWN low,additive,1.0,I,86,86.055,71.55874815310284,True,-0.5423659598772042,-0.5758730158730158,0.22878560719640176,0.024308797981961398
AWN low,additive,1.0,I,87,86.97,72.47374815310283,True,0.27181361700102324,0.33910758906261146,0.31404393041574447,0.13961876204754764
AWN low,additive,1.0,I,88,72.32000000000001,57.82374815310284,True,0.6910839818186144,0.5415682634873039,0.06014992503748125,0.030865519621141802
AWN low,additive,1.0,I,89,76.615,62.11874815310283,True,0.6940520216082433,0.65639846743295,0.23531377168558576,0.16451678922443536
AWN low,additive,1.0,I,90,76.955,62.45874815310283,True,0.6257166654767853,0.5522848099759643,0.0805454415649318,0.1553613669355798
AWN low,additive,1.0,I,91,74.10000000000001,59.60374815310284,True,0.7570814592703646,0.7485238333214344,-0.011777920563527758,-0.3383117964827109
AWN low,additive,1.0,I,92,94.905,80.40874815310283,True,0.025163608671854545,0.2184574379476928,0.5856129078317983,-0.03748697080031412
AWN low,additive,1.0,I,93,76.665,62.16874815310284,True,-0.6510430499036195,-0.6652987791818376,0.23280835772589892,0.17932271959258464
AWN low,additive,1.0,I,94,76.57000000000001,62.07374815310284,True,0.17106208800361722,0.2718079055710239,0.3058727778967658,0.35269698484091283
AWN low,additive,1.0,I,95,77.75,63.25374815310283,True,-0.5520182765759977,-0.37548939815806376,0.16859284643392586,0.17837271840270338
AWN low,additive,1.0,I,96,69.33,54.83374815310283,True,-0.4377040051402869,-0.48421408343447314,-0.09975488446253063,-0.22604792841674395
AWN low,additive,1.0,I,97,76.15,61.65374815310284,True,-0.9080040931914993,-0.8039075700245114,0.4786092667951738,0.47892339544513446
AWN low,additive,1.0,I,98,73.75,59.25374815310283,True,-0.5135632183908044,-0.382407843697199,-0.04547154993931605,-0.19752504700030935
AWN low,additive,1.0,I,99,79.7,65.20374815310284,True,0.8430670379096166,0.7775531281978058,0.6191523285976058,0.46169581875728793
AWN low,additive,1.0,I,100,81.78,67.28374815310283,True,0.9060412650817447,0.8165621950929296,0.41156279003355456,0.22461055186692364
AWN low,additive,1.0,I,101,86.295,71.79874815310284,True,0.2741724375907284,0.32305085552461854,0.1967958877704005,-0.06275814473715523
AWN low,additive,1.0,I,102,75.04,60.54374815310284,True,-0.1086037933414245,-0.4154503700530686,0.0570390994978701,-0.03296732586087908
AWN low,additive,1.0,I,103,87.01,72.51374815310284,True,0.5683129863639608,0.5477632612265295,-0.02405749506199281,-0.1571414292853573
AWN low,additive,1.0,I,104,79.455,64.95874815310283,True,-0.34611932129173506,-0.3886808976464148,0.1783365460127079,0.02738916256157635
AWN low,additive,1.0,I,105,80.925,66.42874815310283,True,-0.422279336522215,-0.1318950048785131,0.669854596511268,0.18050879322243635
AWN low,additive,1.0,I,106,75.405,60.908748153102835,True,0.538287998857714,0.167743747174032,0.4740439304157444,0.43597344185050324
AWN low,additive,1.0,I,107,73.97500000000001,59.47874815310284,True,-0.7451312439018585,-0.637663073225292,0.3692848813688393,0.19958496942005186
AWN low,additive,1.0,I,108,80.53,66.03374815310283,True,-0.4545489160181813,-0.4283010875514623,0.4038847243045144,0.3350524737631184
AWN low,additive,1.0,I,109,75.51,61.01374815310284,True,0.9230042121796244,0.7982475428952189,0.6067585254991551,0.6159253706480092
AWN low,additive,1.0,I,110,77.62,63.12374815310284,True,-0.5853768353918278,-0.5199562123700053,-0.0669103543466362,-0.13235953451845503
AWN low,additive,1.0,I,111,80.84,66.34374815310284,True,0.910086861331239,0.8163451607529567,0.5354589371980675,0.4791994478951
AWN low,additive,1.0,I,112,69.97,55.47374815310283,True,-0.6607258275624092,-0.6077980057590252,0.1523533471359558,-0.15891197258513598
AWN low,additive,1.0,I,113,79.125,64.62874815310283,True,-0.07259703481592536,-0.09653363794293328,0.25317341329335324,0.32060445967492435
AWN low,additive,1.0,I,114,74.44,59.94374815310283,True,-0.45549891720806257,-0.4103424478237071,0.3290497608338687,0.31494443254563187
AWN low,additive,1.0,I,115,70.525,56.02874815310284,True,0.7380186097427476,0.6630370529021202,0.31422479236572187,0.20173437090978316
AWN low,additive,1.0,I,116,73.43,58.93374815310284,True,-0.8240765331619904,-0.611895004878513,0.0066452488041693425,-0.16489755122438776
AWN low,additive,1.0,I,117,76.09,61.59374815310284,True,0.471374788796078,0.2985297827276837,0.01660598272292425,-0.025628138311796476
AWN low,additive,1.0,I,118,71.565,57.06874815310283,True,0.5250317698293709,0.4809204921348848,0.6186592418076675,0.6524480616834439
AWN low,additive,1.0,I,119,81.53,67.03374815310283,True,-0.46925013683634365,-0.45792627495775917,0.564518693034435,0.3414283334523214
AWN low,additive,1.0,I,120,74.315,59.81874815310283,True,0.05358558815830179,-0.03655220009043097,0.31541086599557355,0.17393493729325812
AWN low,additive,1.0,I,121,70.44,55.94374815310283,True,0.6826672378096664,0.49722281716284705,0.3932500416458437,0.48055876823493004
AWN low,additive,1.0,I,122,71.505,57.00874815310283,True,0.7294362342638203,0.6679450750815068,0.4425967968396753,0.4042121796244734
AWN low,additive,1.0,I,123,73.84,59.34374815310284,True,0.7544427786106945,0.6151847885581018,0.29944932295756876,0.08623402584422073
AWN low,additive,1.0,I,124,74.08,59.58374815310283,True,-0.5012379524523453,-0.549311058756336,0.1840974750719878,0.1481078508364865
AWN low,additive,1.0,I,125,75.12,60.62374815310284,True,-0.22347207348706596,-0.027819423621522565,0.41391589919326044,0.4159168035030103
AWN low,additive,1.0,I,126,74.82000000000001,60.32374815310284,True,0.8130725113633658,0.699967159277504,0.2546583850931677,0.2810604221698674
AWN low,additive,1.0,I,127,70.98,56.48374815310284,True,0.35178886747102633,0.07107779443611525,-0.03013636039123295,-0.14343780490707025
AWN low,additive,1.0,I,128,86.31,71.81374815310284,True,0.8156350396230455,0.715551747935556,0.34858856286142637,0.3084467290164441
AWN low,additive,1.0,I,129,79.435,64.93874815310284,True,0.6489298208038837,0.23352609409580918,0.4037495537945312,0.34884748102139396
AWN low,additive,1.0,I,130,80.205,65.70874815310283,True,0.2944594369481925,0.05376073867827989,0.5214335689298207,0.5217838699697769
AWN low,additive,1.0,I,131,82.595,68.09874815310283,True,-0.4462844768092144,-0.32271959258466,0.5129635182408794,0.4954389471930701
AWN low,additive,1.0,I,132,85.44,70.94374815310283,True,-0.01767973156279003,-0.004853763594393278,0.2547402489231574,0.1942828585707146
AWN low,additive,1.0,I,133,72.22,57.72374815310283,True,0.5993412817400823,0.6181909045477261,0.36759810570905016,0.3743928035982008
AWN low,additive,1.0,I,134,75.075,60.578748153102836,True,0.7647252564194092,0.6635796387520524,0.3347135955831608,0.3440498798219937
AWN low,additive,1.0,I,135,75.05,60.55374815310283,True,-0.38568049308678987,-0.39042859522619633,0.15708812260536395,-0.00532590847433426
AWN low,additive,1.0,I,136,80.025,65.52874815310284,True,0.8035591727945549,0.6994835915375645,0.026802789081649646,-0.026494371861688196
AWN low,additive,1.0,I,137,73.935,59.438748153102836,True,-0.4954656005330667,-0.4907650936436542,0.19240379810094949,0.09895147664263106
AWN low,additive,1.0,I,138,89.32000000000001,74.82374815310284,True,-0.1542381190357202,-0.1474814973465648,0.49702672473287157,0.371607529568549
AWN low,additive,1.0,I,139,83.105,68.60874815310284,True,-0.8048994550343874,-0.7427724233121532,0.05971395254753575,0.024137455081982815
AWN low,additive,1.0,I,140,80.38,65.88374815310283,True,0.6546184050831726,0.58303895671212,0.13132576568858426,-0.030121129911234855
AWN low,additive,1.0,I,141,78.18,63.68374815310284,True,-0.38095333285738076,-0.48128411984483943,0.03892244354013469,-0.28852335736893453
AWN low,additive,1.0,I,142,73.36,58.86374815310283,True,-0.8371538040503557,-0.8231113014921109,0.2121900954284762,0.19670640870041167
AWN low,additive,1.0,I,143,78.34,63.84374815310284,True,-0.42015278075248086,-0.043760024749529995,0.42500368863187443,0.32164013231479494
AWN low,additive,1.0,I,144,83.03,68.53374815310283,True,0.08454344256443205,-0.05422526831822183,-0.004136027224482996,-0.20035030103995619
AWN low,additive,1.0,I,145,84.055,69.55874815310284,True,-0.8643325956069583,-0.7243283120344588,0.3634820684895647,0.3199742985650032
AWN low,additive,1.0,I,146,78.395,63.89874815310283,True,0.08204945146474381,0.18525499155184308,0.37470122081816226,0.4797553604150305
AWN low,additive,1.0,I,147,69.10000000000001,54.60374815310284,True,0.27753266224030837,0.11126912734109135,0.29186264010851715,0.16504033697436993
AWN low,additive,1.0,I,148,75.245,60.74874815310284,True,0.7591337664501081,0.7098783941362651,0.6250598510268675,0.47718140929535224
AWN low,additive,1.0,I,149,78.60000000000001,64.10374815310284,True,0.31674543680540673,0.33284405416339446,0.31052759334618396,0.37691725565788525
AWN low,additive,1.0,I,150,73.735,59.23874815310283,True,-0.6831793626996024,-0.4504290711786963,0.2510830299136146,0.005103162704362103
AWN low,additive,1.0,I,151,81.19500000000001,66.69874815310284,True,0.31453320958568326,0.3594402798600699,0.2503119868637109,0.27936412746007944
AWN low,additive,1.0,I,152,70.83500000000001,56.33874815310284,True,-0.022675329002165578,-0.33399966683324994,0.18305037957211867,0.07894624116513171
AWN low,additive,1.0,I,153,74.53,60.033748153102835,True,0.6710292472811211,0.6173132481378357,0.4601232716974845,0.30579091406677605
AWN low,additive,1.0,I,154,87.79,73.29374815310284,True,-0.5634106756145735,-0.48624544870421926,0.4672168677565978,0.39555745936555525
AWN low,additive,1.0,I,155,82.905,68.40874815310283,True,0.6612112991123484,0.5435082458770614,-0.04160110420979985,-0.12636824444920394
AWN low,additive,1.0,I,156,81.17,66.67374815310284,True,-0.678863425430142,-0.6689712286713785,0.35804669094024405,-0.04677565978915303
AWN low,additive,1.0,I,157,77.32000000000001,62.82374815310284,True,-0.2482082768139739,-0.2862045167892244,0.12980271768877463,0.054425168368196844
AWN low,additive,1.0,I,158,76.08,61.58374815310283,True,0.5406563384974179,0.47261988053592247,0.4868242069441469,0.3473072987315865
AWN low,additive,1.0,I,159,80.865,66.36874815310283,True,-0.40966469146379186,-0.27148235406106463,0.6126869898384141,0.6159177554080102
AWN low,additive,1.0,I,160,85.5,71.00374815310283,True,0.13325051759834364,0.10495609338188047,0.5493396159063325,0.5269984055591251
AWN low,additive,1.0,I,161,69.83500000000001,55.33874815310284,True,-0.8014611741748172,-0.625606244496799,0.16746007948406746,0.021346469622331686
AWN low,additive,1.0,I,162,72.63,58.13374815310283,True,0.19463125580067103,0.022808595702148923,0.034166726160729154,-0.07073320482615834
AWN low,additive,1.0,I,163,71.89,57.393748153102834,True,-0.37203779062849524,-0.24845196449394347,0.3443544894219556,0.4102263154137216
AWN low,additive,1.0,I,164,79.755,65.25874815310283,True,0.3040755812569905,0.21170081625853737,0.08281478308464812,-0.0021027581447371547
AWN low,additive,1.0,I,165,73.47,58.97374815310283,True,0.7978858189952641,0.6794840674900644,0.15831988767520996,0.057935794007758015
AWN low,additive,1.0,I,166,80.465,65.96874815310284,True,-0.7265119821041859,-0.7338987649032624,0.2398581661550177,0.10923205064134597
AWN low,additive,1.0,I,167,75.61,61.11374815310283,True,0.45414340448823204,0.45436043882820487,0.40345446324456813,0.3957649746555293
AWN low,additive,1.0,I,168,77.86,63.36374815310283,True,0.0445767592394279,0.021474024892315743,0.4517122391185359,0.47573260988553334
AWN low,additive,1.0,I,169,86.895,72.39874815310283,True,-0.739374122462578,-0.8215254277623092,0.665607196401799,0.6737098117607861
AWN low,additive,1.0,I,170,80.205,65.70874815310283,True,0.5631098736346112,0.44877085266890354,0.4428500035696437,0.4562128459579733
AWN low,additive,1.0,I,171,90.755,76.25874815310283,True,-0.25241760072344777,-0.2254291901668213,0.5100373622712452,0.39321386925584817
AWN low,additive,1.0,I,172,81.615,67.11874815310283,True,-0.5137535993907807,-0.36610551866923674,0.15998572142500178,0.07242569191594678
AWN low,additive,1.0,I,173,80.795,66.29874815310284,True,0.5872654149115917,0.5049522857618809,0.03279788677090026,-0.037231860260346014
AWN low,additive,1.0,I,174,74.125,59.62874815310283,True,-0.2832745531995906,-0.3855186692368101,-0.09852121558268483,-0.17615287594298087
AWN low,additive,1.0,I,175,80.01,65.51374815310284,True,0.002255062944718117,-0.010338640203707668,0.4361714380904785,0.45358939577830126
AWN low,additive,1.0,I,176,80.37,65.87374815310284,True,-0.08709454796411316,0.008448156873943978,0.3882544442064681,0.3156336117655457
AWN low,additive,1.0,I,177,74.29,59.79374815310284,True,0.4804045596249494,0.4614483234573189,0.33926179767259224,0.08492610837438422
AWN low,additive,1.0,I,178,80.555,66.05874815310284,True,-0.7421536850622307,-0.6116265676685465,0.4628304895171461,0.15173841650603268
AWN low,additive,1.0,I,179,79.925,65.42874815310283,True,-0.39704623878536915,-0.3282006615739749,0.44663668165917036,0.3376511744127935
AWN low,additive,1.0,I,180,74.875,60.37874815310283,True,-0.6598653054425168,-0.6545955593631754,0.26072773137240896,0.18133695057233284
AWN low,additive,1.0,I,181,78.385,63.88874815310284,True,0.3104019418861997,0.3646643344994169,0.44997025296875365,0.0015068656148116415
AWN low,additive,1.0,I,182,80.5,66.00374815310283,True,-0.38775374217653075,-0.3715656457485543,0.41609576164298795,0.48298231836462713
AWN low,additive,1.0,I,183,65.685,51.188748153102836,True,0.09172080626353488,0.09717902953285261,0.20695842554913016,0.1679398396040075
AWN low,additive,1.0,I,184,70.505,56.00874815310283,True,0.8618633540372669,0.700391708907451,0.19302634397087165,0.23533661740558287
AWN low,additive,1.0,I,185,74.305,59.80874815310284,True,-0.09312772185335902,-0.23839794388520022,0.09128292996358961,-0.08274624592465671
AWN low,additive,1.0,I,186,79.9,65.40374815310284,True,-0.3349382451631327,-0.24417981485447748,0.33111349087361075,0.09257180933342851
AWN low,additive,1.0,I,187,74.145,59.64874815310283,True,0.935982484948002,0.8223802384522023,0.022471621332191043,-0.28363437328954566
AWN low,additive,1.0,I,188,80.525,66.02874815310284,True,0.19899288451012584,0.015501772923062275,0.5228557149996429,0.4350443825706194
AWN low,additive,1.0,I,189,91.815,77.31874815310283,True,-0.8500597320387424,-0.8091487589538562,0.43096261393112956,0.14189000737726373
AWN low,additive,1.0,I,190,73.19500000000001,58.69874815310284,True,0.3201570643249803,0.3777130482377858,0.29541134194807356,0.29243378310844576
AWN low,additive,1.0,I,191,69.97500000000001,55.47874815310284,True,-0.5786601937126673,-0.399351752695081,-0.0027443421146569565,-0.17494586040313173
AWN low,additive,1.0,I,192,83.635,69.13874815310284,True,0.813422812403322,0.6937950072582755,0.18205278313224335,-0.02193093929225863
AWN low,additive,1.0,I,193,79.175,64.67874815310283,True,-0.5437405106970323,-0.6319307013160086,0.28193807857975767,0.20662716260917155
AWN low,additive,1.0,I,194,87.525,73.02874815310284,True,0.7640513076794935,0.7178724923252658,0.09892482330263438,-0.10167011732229123
AWN low,additive,1.0,I,195,76.17,61.673748153102835,True,-0.24253301920468334,-0.2577768258727779,0.48004854715499384,0.4523880916684514
AWN low,additive,1.0,I,196,78.075,63.578748153102836,True,-0.6085024154589371,-0.7150053544656242,0.5815063896623116,0.5019575926322553
AWN low,additive,1.0,I,197,77.22,62.72374815310283,True,0.27134337593108204,-0.06568239689678969,0.02201470693224816,-0.11216582185097924
AWN low,additive,1.0,I,198,73.815,59.31874815310283,True,0.8741600628257299,0.5138202327407724,0.38576616453677914,0.3447847504819019
AWN low,additive,1.0,I,199,91.83,77.33374815310283,True,-0.3080697746364912,-0.35463125580067106,0.5792370481425952,0.6095761642988029
AWN low,additive,1.0,W,0,75.44,60.94374815310283,True,-0.8501035196687369,-0.8080845291639893,-0.16224744770471902,-0.12001713428999784
AWN low,additive,1.0,W,1,81.265,66.76874815310283,True,0.12747626186906544,-0.02621831941172271,0.3264986554341876,0.3551700340306037
AWN low,additive,1.0,W,2,84.2,69.70374815310284,True,0.8940643963732418,0.8068242069441468,-0.47230194426596217,-0.6153028247780871
AWN low,additive,1.0,W,3,73.19,58.69374815310283,True,0.6569848409128768,0.626038409366745,-0.5948882701506389,-0.48776849670402883
AWN low,additive,1.0,W,4,75.555,61.05874815310284,True,0.8980604935627423,0.6994569381975678,0.41719426001285065,0.19758025749030245
AWN low,additive,1.0,W,5,77.37,62.87374815310284,True,-0.8846157873444228,-0.6623897575022011,0.038324647200209415,0.08672901644415885
AWN low,additive,1.0,W,6,68.69500000000001,54.19874815310284,True,0.1634792127745651,0.019556888222555385,-0.3760738678279907,-0.41766830870279137
AWN low,additive,1.0,W,7,70.3,55.80374815310283,True,-0.14445634325694293,-0.14062206991742224,0.1651812189143523,0.0005340187049332476
AWN low,additive,1.0,W,8,70.635,56.13874815310284,True,-0.8636757811570405,-0.8226182147021726,0.5688193998238975,0.40938673520382657
AWN low,additive,1.0,W,9,69.595,55.09874815310283,True,-0.5091178220413601,-0.33036910116370377,-0.3427667118821541,-0.40566859427429136
AWN low,additive,1.0,W,10,69.56,55.063748153102836,True,0.37622046119797237,0.18605459175174316,-0.5127464839009066,-0.4663182694367102
AWN low,additive,1.0,W,11,70.15,55.65374815310284,True,0.9171176316603601,0.8465567216391803,0.11022964708122127,0.32388091668451485
AWN low,additive,1.0,W,12,72.375,57.87874815310283,True,-0.3860669665167416,-0.4265648128316793,-0.5591251993051093,-0.6587382499226576
AWN low,additive,1.0,W,13,83.58,69.08374815310283,True,-0.4080654910639917,-0.4388558101901429,0.05569691344803787,-0.07940505937507435
AWN low,additive,1.0,W,14,68.32000000000001,53.82374815310284,True,-0.09398824397325145,-0.1582989457652126,0.6240584469669925,0.5985397777301824
AWN low,additive,1.0,W,15,66.575,52.078748153102836,True,0.9785116965326859,0.8016401323147948,0.47130625163608664,0.4218719211822659
AWN low,additive,1.0,W,16,82.885,68.38874815310284,True,0.31069512862616305,0.2520577806334927,0.5466647628566669,0.569382927583827
AWN low,additive,1.0,W,17,66.745,52.24874815310284,True,-0.7223388305847075,-0.18601270793174837,0.31930415744508694,-0.11757644987030293
AWN low,additive,1.0,W,18,90.09,75.59374815310284,True,0.5953585112205801,0.4901216058637347,0.0974855429428143,0.06618119511672733
AWN low,additive,1.0,W,19,68.05,53.55374815310283,True,-0.0028490516646438677,0.17860117560267483,0.3700483091787439,0.11022964708122127
AWN low,additive,1.0,W,20,77.115,62.61874815310283,True,0.5250736536493656,0.32293091549463354,-0.46692368101663445,-0.47320244639584963
AWN low,additive,1.0,W,21,93.315,78.81874815310283,True,0.9597458413650316,0.8623716713072034,0.8011394302848575,0.552998738725875
AWN low,additive,1.0,W,22,63.935,49.438748153102836,True,-0.03500249875062469,-0.05944741914756906,-0.05573308583803335,-0.39299302729587576
AWN low,additive,1.0,W,23,68.955,54.45874815310283,True,-0.17231669879346037,-0.1903781442612027,0.8301439756312319,0.6142214606982223
AWN low,additive,1.0,W,24,71.075,56.578748153102836,True,-0.1008990742723876,-0.07169082125603864,0.8981918564527259,0.7554403750505698
AWN low,additive,1.0,W,25,72.425,57.92874815310283,True,0.35315009162085614,0.011429523333571308,0.8382199376502224,0.7162085623854738
AWN low,additive,1.0,W,26,66.715,52.21874815310284,True,0.22367768496704024,0.0413631279598296,-0.5607301111349086,-0.6184593417576925
AWN low,additive,1.0,W,27,70.765,56.268748153102834,True,0.5964341638704457,0.46841436424644817,0.6899150424787606,0.5628166868946478
AWN low,additive,1.0,W,28,70.82000000000001,56.32374815310284,True,-0.46025082696746855,-0.3995078651150614,0.6277632612265295,0.45049760833868774
AWN low,additive,1.0,W,29,67.925,53.42874815310283,True,0.11961923800004756,0.0323447799909569,-0.45765974155779243,-0.4878808214940148
AWN low,additive,1.0,W,30,71.63,57.13374815310283,True,-0.9386287808476712,-0.880286523404964,0.31712429499535943,0.23229432902596317
AWN low,additive,1.0,W,31,67.43,52.93374815310284,True,0.39328050260583985,0.15749363413531328,-0.3137202827157849,-0.3397110968325361
AWN low,additive,1.0,W,32,72.635,58.13874815310284,True,0.9024392565621949,0.7612146307798481,-0.2543271221532091,-0.22876276147640462
AWN low,additive,1.0,W,33,73.92,59.423748153102835,True,0.6520444539634943,0.6223278836772088,0.3859013350467623,0.3761214630779848
AWN low,additive,1.0,W,34,83.86,69.36374815310283,True,-0.7616696413697912,-0.668822731491397,0.85007877013874,0.7415444658623068
AWN low,additive,1.0,W,35,72.81,58.313748153102836,True,-0.34713976345160746,-0.5314514171485685,-0.4855239047143094,-0.40674995835415617
AWN low,additive,1.0,W,36,61.64,47.143748153102834,True,-0.5478013374265247,-0.5423602484472049,0.7165131719854357,0.5332448061683442
AWN low,additive,1.0,W,37,67.39,52.893748153102834,True,0.8742438304657193,0.7581285547702338,0.4870602793841174,0.4014611741748173
AWN low,additive,1.0,W,38,64.71000000000001,50.21374815310284,True,0.44520311272934954,0.03434187668070726,-0.14748911258656383,-0.1975060089003117
AWN low,additive,1.0,W,39,67.92,53.423748153102835,True,-0.28594369481925697,-0.389975488446253,-0.5002060874324742,-0.6000437876299944
AWN low,additive,1.0,W,40,63.475,48.97874815310284,True,-0.84983889007877,-0.7091606577663548,-0.22001856214749763,-0.25325146950334354
AWN low,additive,1.0,W,41,64.535,50.03874815310283,True,-0.7786154541776729,-0.7084657671164417,0.669030246781371,0.5552966373955879
AWN low,additive,1.0,W,42,69.58,55.08374815310283,True,-0.8548687560981413,-0.8174036791128244,0.40339163751457596,0.4647419147569072
AWN low,additive,1.0,W,43,70.45,55.953748153102836,True,-0.7964446348254443,-0.7061316960567334,-0.5325232621784345,-0.5099574022512552
AWN low,additive,1.0,W,44,66.685,52.188748153102836,True,-0.7888750862663905,-0.7108379143761451,0.20947145474881604,-0.1975364698603079
AWN low,additive,1.0,W,45,64.02,49.52374815310283,True,0.4837685918945288,0.43548225887056463,-0.6576416553627947,-0.47392970181575866
AWN low,additive,1.0,W,46,69.62,55.12374815310284,True,-0.6639699198020037,-0.6769786535303776,0.8539054282382617,0.6876971038290378
AWN low,additive,1.0,W,47,70.81,56.313748153102836,True,0.3958753956355155,0.3759215630280097,0.8453382832393326,0.6709683253611288
AWN low,additive,1.0,W,48,71.82000000000001,57.32374815310284,True,0.36623878536922005,0.4717726850860283,-0.32468432450441437,-0.2645391589919326
AWN low,additive,1.0,W,49,75.0,60.50374815310283,True,0.8783275029152089,0.8111725089836033,-0.5768496704028937,-0.5241883819994764
AWN low,additive,1.0,W,50,62.645,48.148748153102844,True,-0.7047876061969014,-0.6192779800575902,0.5915413721710572,0.4476742581090406
AWN low,additive,1.0,W,51,70.505,56.00874815310283,True,0.06605554365674304,0.1362471145379691,-0.18550819828181145,-0.20938387948882697
AWN low,additive,1.0,W,52,86.4,71.90374815310284,True,0.4234616025320672,0.07106256395611717,0.4816858237547892,0.3690450013088693
AWN low,additive,1.0,W,53,67.9,53.40374815310284,True,0.41453082982318357,0.36589419575926313,0.4713976345160752,0.32458151876442726
AWN low,additive,1.0,W,54,73.205,58.70874815310283,True,-0.3046276861569215,-0.10783465410152066,-0.35197353704100326,-0.4702248875562218
AWN low,additive,1.0,W,55,71.59,57.09374815310284,True,-0.5911663216011042,-0.6122281716284714,0.8550439066181194,0.2494819257038147
AWN low,additive,1.0,W,56,76.10000000000001,61.60374815310284,True,-0.7956393231955449,-0.7890692748863662,-0.3768925061278884,-0.3630670379096166
AWN low,additive,1.0,W,57,61.745000000000005,47.24874815310284,True,-0.8764922300754383,-0.8506042216986743,-0.4249332476618833,-0.3900973322862378
AWN low,additive,1.0,W,58,64.735,50.23874815310283,True,-0.333959686823255,-0.4115723090835534,0.9373132481378357,0.6302382142262201
AWN low,additive,1.0,W,59,65.105,50.60874815310284,True,-0.24832821684395895,-0.29250612788843666,0.4356688322505413,0.36422265057947206
AWN low,additive,1.0,W,60,66.305,51.80874815310284,True,-0.3837823945170271,-0.43007543847124047,0.4782246971752218,0.36417124770947856
AWN low,additive,1.0,W,61,65.905,51.408748153102835,True,0.6086985078889126,0.5579867209252516,0.8429090216796362,0.6646800409319149
AWN low,additive,1.0,W,62,71.555,57.05874815310284,True,-0.3820004283572499,-0.4613607481973298,0.8083624854239546,0.7484115085314484
AWN low,additive,1.0,W,63,67.2,52.703748153102836,True,-0.4681897146664762,-0.39171366697603577,-0.5219456938197566,-0.5205292591799338
AWN low,additive,1.0,W,64,80.485,65.98874815310283,True,-0.46539872920682507,-0.38985364460626826,-0.32576949620427875,-0.3708707550986411
AWN low,additive,1.0,W,65,73.305,58.80874815310284,True,0.6900216558387472,0.6529259179933842,0.8249237286118845,0.7654696461293161
AWN low,additive,1.0,W,66,83.025,68.52874815310284,True,-0.6885557221389305,-0.40769424811403815,-0.4992846433925893,-0.5678579757740176
AWN low,additive,1.0,W,67,78.605,64.10874815310284,True,-0.6429708955046286,-0.6570533780728681,-0.2698222317412721,-0.293663644368292
AWN low,additive,1.0,W,68,67.4,52.90374815310284,True,0.5820584945622427,0.3265234049641845,0.851742700078532,0.627926988886509
AWN low,additive,1.0,W,69,73.27,58.77374815310283,True,-0.6140444063682443,-0.5317084314985363,0.30509031198686365,0.26648294900168956
AWN low,additive,1.0,W,70,73.605,59.10874815310284,True,-0.8134285238333213,-0.7035329954070583,-0.7330401465933699,-0.7335484638633063
AWN low,additive,1.0,W,71,69.74,55.24374815310283,True,-0.6333795007258274,-0.6451260084243591,-0.20416744008947904,-0.07049522857618808
AWN low,additive,1.0,W,72,89.915,75.41874815310284,True,-0.780207039337474,-0.7132500416458436,0.8122729111634657,0.5812988743723375
AWN low,additive,1.0,W,73,75.775,61.27874815310284,True,-0.07409723709573783,0.003585826134551771,-0.19271602294091048,-0.20799600199900045
AWN low,additive,1.0,W,74,62.675000000000004,48.178748153102845,True,-0.014850669903143664,-0.30434211465695715,0.1362014230979748,0.25967111682254107
AWN low,additive,1.0,W,75,74.605,60.10874815310284,True,0.7965607672354297,0.7041479260369814,0.7888179719663976,0.6433478498845814
AWN low,additive,1.0,W,76,72.815,58.31874815310283,True,0.4864891363841888,0.38069631850741287,0.6573579876728302,0.5732324314033459
AWN low,additive,1.0,W,77,73.805,59.30874815310284,True,0.692454725018443,0.651054472763618,0.8609114490373859,0.521431665119821
AWN low,additive,1.0,W,78,80.58500000000001,66.08874815310284,True,0.7742861902382141,0.6447395349944075,-0.5266614311891672,-0.5695142904738106
AWN low,additive,1.0,W,79,74.41,59.91374815310283,True,0.8284667190214415,0.7569443849503819,-0.2849251564693843,-0.48043311677494577
AWN low,additive,1.0,W,80,78.0,63.50374815310283,True,0.0036695937745413,-0.01667071226291616,-0.37758930058780127,-0.35952785512005897
AWN low,additive,1.0,W,81,75.23,60.73374815310284,True,0.6714214321410722,0.6160300801979961,0.8296128126412983,0.6643049903619618
AWN low,additive,1.0,W,82,69.14,54.643748153102834,True,-0.793743128435782,-0.7765536279479306,0.7982246971752218,0.7687194497989099
AWN low,additive,1.0,W,83,71.905,57.408748153102835,True,-0.23079603055615044,-0.33414245258323216,0.2634692177720663,0.10766711882154159
AWN low,additive,1.0,W,84,71.22500000000001,56.72874815310284,True,0.8767549558554055,0.6894257633088217,0.6325932271959257,0.4794850193950643
AWN low,additive,1.0,W,85,66.58500000000001,52.08874815310284,True,-0.6025092215796862,-0.661215106732348,0.7990757002451154,0.7496166202612977
AWN low,additive,1.0,W,86,80.655,66.15874815310283,True,-0.5469027391066371,-0.47899954784512494,-0.2636500797220437,-0.1981133242902358
AWN low,additive,1.0,W,87,80.61,66.11374815310283,True,0.45249089740843856,0.3467361557316579,0.010814592703648174,-0.04620451678922442
AWN low,additive,1.0,W,88,64.58,50.08374815310283,True,0.788406749006449,0.7359529758930058,-0.4862587753742176,-0.4787615715951547
AWN low,additive,1.0,W,89,71.88,57.38374815310283,True,-0.05547987910806501,-0.04666143118916731,-0.07297779681587777,-0.17129244901358842
AWN low,additive,1.0,W,90,70.75,56.25374815310283,True,-0.1498822017562647,-0.19160610171104922,-0.007886532924014183,-0.18711311011161083
AWN low,additive,1.0,W,91,67.91,53.41374815310283,True,0.33015587444373046,0.3889226815163846,-0.8897522667237807,-0.8090859332238641
AWN low,additive,1.0,W,92,89.715,75.21874815310284,True,0.456207134527974,0.4862854287142142,0.6060274624592464,0.5309469074986316
AWN low,additive,1.0,W,93,68.895,54.39874815310283,True,-0.8738154732157729,-0.764727160229409,0.42365007972204366,0.4310292472811213
AWN low,additive,1.0,W,94,69.665,55.16874815310284,True,0.5259836748292519,0.443575355179553,0.43151662264106033,0.31766497703529184
AWN low,additive,1.0,W,95,71.47,56.97374815310283,True,0.5282568239689679,0.3804374003474453,0.866422978986697,0.7568967897003878
AWN low,additive,1.0,W,96,62.005,47.50874815310284,True,0.2868917921991385,0.0735622664858047,0.23099021917612617,0.12881083267889862
AWN low,additive,1.0,W,97,70.415,55.91874815310284,True,0.7533633183408294,0.5553080602555864,0.7309364365436328,0.35423907094072005
AWN low,additive,1.0,W,98,68.77,54.27374815310283,True,-0.5829856500321268,-0.4038161871445229,-0.23601627757549792,-0.013706480093286687
AWN low,additive,1.0,W,99,73.525,59.02874815310284,True,-0.40636158111420473,-0.4907289212536588,-0.18289426715213816,-0.14627638561671544
AWN low,additive,1.0,W,100,75.165,60.66874815310284,True,0.8625734751671782,0.6630675138621164,0.290335784488708,0.0783294067252088
AWN low,additive,1.0,W,101,81.36,66.86374815310283,True,-0.7564436829204444,-0.7316370386235452,0.9832217224720972,0.8176587896527925
AWN low,additive,1.0,W,102,69.865,55.36874815310283,True,-0.0011375264748578091,-0.18896361343137952,0.48211418100473563,0.3047019347469122
AWN low,additive,1.0,W,103,80.965,66.46874815310284,True,0.8930287237333713,0.8394440874800693,-0.24236738773470404,-0.32041217486494844
AWN low,additive,1.0,W,104,73.715,59.21874815310284,True,0.6160472144879939,0.646374907784203,0.5516565526760429,0.4993074891125865
AWN low,additive,1.0,W,105,76.46000000000001,61.96374815310284,True,-0.7272411413340947,-0.5740453582732442,0.6083443992289568,0.530783179838652
AWN low,additive,1.0,W,106,70.27,55.77374815310283,True,-0.7108778943861401,-0.6710787463411151,-0.5420613502772422,-0.6048813688393898
AWN low,additive,1.0,W,107,66.98,52.48374815310284,True,-0.2322733871159658,-0.2574950619928131,-0.33419766307322524,-0.35505009400061865
AWN low,additive,1.0,W,108,76.055,61.55874815310284,True,0.8929049760833867,0.824575331381928,-0.31115585064610546,-0.43806192142024214
AWN low,additive,1.0,W,109,68.85000000000001,54.35374815310284,True,-0.7991499488351061,-0.6560196092429975,-0.03469217772066347,-0.06713881154660764
AWN low,additive,1.0,W,110,70.8,56.30374815310283,True,0.6008110230598985,0.5880669189214915,-0.04502225077937221,-0.014921110873134857
AWN low,additive,1.0,W,111,74.095,59.59874815310283,True,0.4308921729611384,0.3925018443159372,0.31839984769519997,0.5360967135479878
AWN low,additive,1.0,W,112,62.545,48.048748153102835,True,0.744542966611932,0.642991837414626,0.39175555079603047,0.2522005663834749
AWN low,additive,1.0,W,113,74.485,59.98874815310283,True,0.29821755788772275,0.2817134289997858,0.2895171461888103,0.2753775493205778
AWN low,additive,1.0,W,114,67.535,53.03874815310283,True,0.611735084838533,0.4364056067204492,-0.042176054829727985,-0.14076485566740435
AWN low,additive,1.0,W,115,63.755,49.25874815310284,True,-0.4490297708288712,-0.552279098545965,-0.36122605363984667,-0.2679812474715023
AWN low,additive,1.0,W,116,67.745,53.24874815310284,True,0.5049579971918802,0.6260117560267484,0.5172718402703409,0.3134518455058185
AWN low,additive,1.0,W,117,70.045,55.548748153102835,True,0.09753123438280857,-0.025496775421812896,0.3054139596868232,0.3250898360343637
AWN low,additive,1.0,W,118,65.685,51.188748153102836,True,0.5084362580614453,0.4923490635634563,0.0755231907855596,-0.10156160015230478
AWN low,additive,1.0,W,119,74.48,59.98374815310284,True,0.6895837795388019,0.4176092905927988,-0.47819994764522494,-0.5308383903286451
AWN low,additive,1.0,W,120,67.665,53.16874815310284,True,0.715534613645558,0.41898003379262744,0.6136217605482972,0.4308750386711405
AWN low,additive,1.0,W,121,65.24,50.74374815310283,True,0.5485476309464314,0.4657699721567787,0.9125751410009278,0.798135218105233
AWN low,additive,1.0,W,122,64.63,50.13374815310283,True,0.05303919468837009,0.12585231193926844,-0.18658194712167722,-0.18693415197163318
AWN low,additive,1.0,W,123,66.12,51.62374815310284,True,0.7754189571880725,0.651239142333595,0.35901953785012247,0.4054363294543204
AWN low,additive,1.0,W,124,68.12,53.62374815310284,True,-0.04514028699935745,-0.37186454391851687,0.4058837248042645,0.4853011589443373
AWN low,additive,1.0,W,125,66.66,52.16374815310283,True,-0.4880217034339972,-0.4211827419623521,0.371487589538564,0.2723257418909592
AWN low,additive,1.0,W,126,69.025,54.52874815310284,True,0.8219099973822611,0.8065081744841863,-0.055428476238071435,-0.0729111634658861
AWN low,additive,1.0,W,127,66.59,52.09374815310284,True,-0.16177911044477758,-0.21073368077865823,0.42844577711144416,0.39258751576592654
AWN low,additive,1.0,W,128,80.02,65.52374815310283,True,0.7321739130434781,0.33747031246281617,-0.8181690107327287,-0.7084105566264485
AWN low,additive,1.0,W,129,75.08500000000001,60.58874815310284,True,0.6602327407724708,0.5470969277266128,0.2808966945098879,0.19743556793032052
AWN low,additive,1.0,W,130,71.81,57.313748153102836,True,0.27580971419052375,0.23346326836581704,0.602863330239642,0.47406487232574185
AWN low,additive,1.0,W,131,76.05,61.55374815310283,True,-0.6211303871873586,-0.46266866566716636,0.5517288974560338,0.23597058613550362
AWN low,additive,1.0,W,132,80.385,65.88874815310284,True,-0.07398110468575235,-0.13756835867780395,-0.371527569548559,-0.43854168154018225
AWN low,additive,1.0,W,133,64.14,49.643748153102834,True,0.8007434378049069,0.7184855191451892,-0.1723243140334594,0.0588039313676495
AWN low,additive,1.0,W,134,68.84,54.34374815310284,True,0.4913152947335855,0.4983156041027105,0.8379629233002545,0.749502391661312
AWN low,additive,1.0,W,135,70.41,55.91374815310283,True,-0.042764332119654455,0.1261550177292306,0.04300421217962447,0.06866757097641654
AWN low,additive,1.0,W,136,72.795,58.298748153102835,True,0.8027614764046547,0.6395078651150614,0.2972942100378382,-0.006056971514242878
AWN low,additive,1.0,W,137,68.145,53.64874815310283,True,-0.811863592013517,-0.6845443944694317,-0.47803812379524513,-0.6340020465957497
AWN low,additive,1.0,W,138,84.495,69.99874815310284,True,-0.7312619880535922,-0.7875309964065585,0.42718164727160224,0.245727612384284
AWN low,additive,1.0,W,139,77.955,63.45874815310283,True,0.40646248304419214,0.1934604126508174,-0.46353870683705756,-0.5166093143904238
AWN low,additive,1.0,W,140,73.81,59.313748153102836,True,0.7704500130886937,0.7351762214131028,-0.559846743295019,-0.6742809547607147
AWN low,additive,1.0,W,141,71.905,57.408748153102835,True,0.5066428690416696,0.5075376597415577,-0.25755788772280525,-0.2891306727588586
AWN low,additive,1.0,W,142,67.89,53.393748153102834,True,-0.2913828799885771,-0.20238928154970132,0.7589814616501273,0.6664029889816996
AWN low,additive,1.0,W,143,72.255,57.75874815310283,True,-0.40918112372385224,-0.27271983056091,0.6077256609790342,0.5303243616287093
AWN low,additive,1.0,W,144,77.78,63.283748153102835,True,0.3956145736655481,0.366311130149211,-0.6046928916494133,-0.6266571476166677
AWN low,additive,1.0,W,145,78.37,63.87374815310284,True,0.6187392018276574,0.6280259870064966,0.3926408224459198,0.38646676661669155
AWN low,additive,1.0,W,146,73.21000000000001,58.71374815310284,True,0.2550467623331191,0.3425154089621855,0.6169648509078792,0.43799909569025003
AWN low,additive,1.0,W,147,63.745000000000005,49.24874815310284,True,0.6189257752076341,0.38961947597629754,-0.045620047119297485,-0.28301944265962253
AWN low,additive,1.0,W,148,68.17,53.673748153102835,True,-0.3294895409438138,-0.32434163870445726,-0.4099693010637538,-0.4992865472025891
AWN low,additive,1.0,W,149,69.22500000000001,54.72874815310284,True,0.16271768877466025,-0.10978605935127672,-0.5117926750910258,-0.5407724709074033
AWN low,additive,1.0,W,150,69.935,55.438748153102836,True,0.19101782442112272,0.25590538064301177,0.1762309321529711,0.20106994121986624
AWN low,additive,1.0,W,151,76.97,62.47374815310283,True,0.1743709097832036,0.10964517741129433,-0.39815425620523065,-0.5322662478284667
AWN low,additive,1.0,W,152,64.86,50.36374815310283,True,-0.7812541348373431,-0.6737650222507793,0.30940624925632415,0.3143047523857118
AWN low,additive,1.0,W,153,70.425,55.92874815310283,True,0.7191651793151043,0.7579515004402559,0.8862416410842197,0.7577173318102852
AWN low,additive,1.0,W,154,81.575,67.07874815310284,True,-0.2879484067490064,0.16945336855381832,-0.07578972418552628,-0.10464006092191998
AWN low,additive,1.0,W,155,77.505,63.00874815310283,True,-0.7850389091168699,-0.7432217224720972,-0.25714666476285664,-0.3306508650436686
AWN low,additive,1.0,W,156,76.765,62.268748153102834,True,0.08252540396468432,0.044466338259441705,0.7997915328050259,0.7219390304847575
AWN low,additive,1.0,W,157,70.765,56.268748153102834,True,-0.5778206135027723,-0.4902624878037171,0.6278356060065204,0.6320335070559957
AWN low,additive,1.0,W,158,70.5,56.00374815310283,True,0.7021850979272267,0.5276342780990456,0.2825396825396825,0.12205801860974273
AWN low,additive,1.0,W,159,76.65,62.15374815310284,True,0.6790480950001189,0.5222255538897217,-0.4852687941743413,-0.6774660288903167
AWN low,additive,1.0,W,160,81.22,66.72374815310283,True,0.08286428214464195,0.20244829965969394,0.7785050331976867,0.6461407391542323
AWN low,additive,1.0,W,161,62.26,47.76374815310284,True,-0.4983879488827014,-0.23176506984602932,-0.22420884795697385,-0.2295661692963042
AWN low,additive,1.0,W,162,67.105,52.60874815310284,True,0.8019999524047499,0.6075962018990504,0.23589062611551362,0.21256324218842954
AWN low,additive,1.0,W,163,63.685,49.188748153102836,True,0.6677280407415339,0.41937412246257816,0.3291563741938554,0.193791675590776
AWN low,additive,1.0,W,164,73.845,59.34874815310283,True,0.45134099616858225,0.3261788153542276,-0.01610908831298636,-0.2745227386306846
AWN low,additive,1.0,W,165,68.07000000000001,53.57374815310284,True,-0.40002379762499696,-0.364687180219414,0.09783774779277025,0.02869898384141262
AWN low,additive,1.0,W,166,74.075,59.578748153102836,True,-0.7210175864448727,-0.6312358106660955,0.6271578496466051,0.3979524523452559
AWN low,additive,1.0,W,167,70.67,56.173748153102835,True,0.4143613907332047,0.46557197591680344,0.319391732705076,0.12576092905927985
AWN low,additive,1.0,W,168,71.69500000000001,57.19874815310284,True,-0.05498679231812664,-0.015475119583065609,0.0389319625901335,-0.1306175483686728
AWN low,additive,1.0,W,169,81.26,66.76374815310284,True,-0.3860821969967397,-0.5130853620808642,0.8876333261940457,0.7886523404964183
AWN low,additive,1.0,W,170,74.515,60.018748153102834,True,0.5378425073177696,0.4207258275624092,0.02008805121248899,-0.07767639989529043
AWN low,additive,1.0,W,171,84.57000000000001,70.07374815310284,True,0.3555450846005568,0.2606706170724161,-0.14264010851716996,-0.1619942409747507
AWN low,additive,1.0,W,172,74.545,60.048748153102835,True,-0.7944456343256941,-0.6581461650127316,0.386607648556674,0.339823421622522
AWN low,additive,1.0,W,173,75.105,60.60874815310284,True,-0.9342519216582182,-0.8881816234739771,0.09342852383332141,-0.21014730729873154
AWN low,additive,1.0,W,174,66.95,52.453748153102836,True,0.4267133100116608,0.6342609647557172,0.7412646057923418,0.619135194307608
AWN low,additive,1.0,W,175,73.83500000000001,59.33874815310284,True,-0.18008043597248993,-0.3393398538825824,-0.47801908569524754,-0.5302939006687132
AWN low,additive,1.0,W,176,74.94,60.44374815310283,True,-0.16645296399419335,-0.22771756978653526,-0.40712310511410954,-0.550687513386164
AWN low,additive,1.0,W,177,68.55,54.05374815310283,True,0.6812641298398419,0.5860279384117465,0.2766321601104209,0.37736465100782934
AWN low,additive,1.0,W,178,74.925,60.42874815310283,True,-0.48638061921420234,-0.5480488327264939,-0.40612931629423377,-0.5040041883819993
AWN low,additive,1.0,W,179,73.3,58.80374815310283,True,-0.7221198924347348,-0.6880435972489944,-0.43155279503105587,-0.37777206634777843
AWN low,additive,1.0,W,180,69.125,54.62874815310283,True,0.5704357345136954,0.3686851812189143,0.5218809642797648,0.4158977654030127
AWN low,additive,1.0,W,181,70.01,55.51374815310284,True,0.4279108065015111,0.38549582351681294,-0.5587577639751551,-0.6463501582542062
AWN low,additive,1.0,W,182,73.455,58.95874815310283,True,0.7422717212822159,0.6955255705480592,0.3561980914304752,0.33793674591275785
AWN low,additive,1.0,W,183,60.605000000000004,46.10874815310284,True,0.41651650365293535,0.4135579829133052,-0.605711429999286,-0.6086014135789246
AWN low,additive,1.0,W,184,61.025,46.52874815310284,True,0.1693772161538278,0.2545879441231765,0.8782589657552174,0.4380257490302467
AWN low,additive,1.0,W,185,70.08,55.58374815310283,True,0.7654601270793173,0.6561966635729752,-0.6408462435448941,-0.5752676042930914
AWN low,additive,1.0,W,186,74.325,59.828748153102836,True,0.6217738749672782,0.5486028414364245,0.3207301111349087,0.13994621736750668
AWN low,additive,1.0,W,187,68.775,54.27874815310284,True,-0.42392422836200944,-0.404935627424383,-0.2726627162609171,-0.42225458699221813
AWN low,additive,1.0,W,188,76.125,61.62874815310283,True,0.9147588110706549,0.8848518597843933,0.012352871183455889,-0.17086980319364123
AWN low,additive,1.0,W,189,87.08500000000001,72.58874815310284,True,-0.15355274743580588,0.17077461269365313,-0.2199500249875062,-0.24219223721472594
AWN low,additive,1.0,W,190,65.97,51.47374815310283,True,-0.2026938911496632,-0.15782108945527232,-0.6612855477023392,-0.7818271816472715
AWN low,additive,1.0,W,191,64.895,50.39874815310283,True,0.15774684086528162,0.03299778682087527,0.24106708550486655,0.3233935413245757
AWN low,additive,1.0,W,192,77.14,62.643748153102834,True,-0.7851360034268579,-0.6857152376192855,0.08448061683443991,0.021230337212346205
AWN low,additive,1.0,W,193,72.08,57.58374815310283,True,0.0896589800337926,-0.08175816853478021,0.415831132053021,-0.0038542633445182166
AWN low,additive,1.0,W,194,82.075,67.57874815310284,True,-0.7252935437043382,-0.5976278527402964,0.5239637324195044,0.12377525522952808
AWN low,additive,1.0,W,195,69.94500000000001,55.44874815310284,True,0.44459198971942593,0.26401370743199826,0.5690345303538706,0.46836296137645456
AWN low,additive,1.0,W,196,73.735,59.23874815310283,True,-0.6363227909854595,-0.635574593655553,0.25820899074272385,0.2664467766116941
AWN low,additive,1.0,W,197,70.235,55.73874815310283,True,-0.2922281716284714,-0.33493634135313294,-0.06701125627662358,-0.047672354299040945
AWN low,additive,1.0,W,198,65.89,51.393748153102834,True,-0.6965669546179291,-0.6214825920373146,0.6315404202660573,0.21478498845815186
AWN low,additive,1.0,W,199,87.08500000000001,72.58874815310284,True,0.8346274481806714,0.49179505485352554,-0.28151352894981074,-0.1927750410509031
AWN low,additive,1.0,M,0,133.63,119.13374815310283,True,-0.3277665928940291,-0.3277742081340282,-0.30696937245662875,-0.48976749720377893
AWN low,additive,1.0,M,1,60.11,45.61374815310283,True,-0.4431888817496013,-0.4747064562956616,0.20984269769876962,0.192247685680969
AWN low,additive,1.0,M,2,113.79,99.29374815310284,True,-0.3093243854263344,-0.18822303134147209,0.4331386687608576,0.4585526284476808
AWN low,additive,1.0,M,3,48.120000000000005,33.62374815310284,True,0.42166440589229187,0.37609671354798785,-0.5754008709930748,-0.6697860593512767
AWN low,additive,1.0,M,4,58.25,43.75374815310283,True,0.7365774255729277,0.7696427976487945,-0.7552119178505984,-0.7484686228314412
AWN low,additive,1.0,M,5,83.055,68.55874815310284,True,0.14562909021679632,0.16197139525475354,-0.427063611051617,-0.44263677684967034
AWN low,additive,1.0,M,6,31.73,17.233748153102837,True,0.31350895980581134,0.10826491516146687,-0.6915656457485542,-0.3463763356417029
AWN low,additive,1.0,M,7,122.13,107.63374815310283,True,0.4851507579543561,0.2773632231503296,-0.1384574379476928,-0.12429118773946357
AWN low,additive,1.0,M,8,117.715,103.21874815310284,True,-0.3610090192998738,-0.33449275362318837,-0.4697051474262868,-0.6015801622998024
AWN low,additive,1.0,M,9,140.185,125.68874815310284,True,0.6517531710335307,0.6087803717189023,-0.9237543133195305,-0.7668708502891409
AWN low,additive,1.0,M,10,33.93,19.433748153102837,True,0.4259651126817543,0.0963413531329573,-0.1143742414507032,-0.11767164037029103
AWN low,additive,1.0,M,11,125.295,110.79874815310284,True,0.40749244425406334,0.34445539135194303,0.6481492587039812,0.6768187334903976
AWN low,additive,1.0,M,12,122.435,107.93874815310284,True,0.06147497679731562,0.15424002284571997,-0.7233954451345754,-0.6263525380167059
AWN low,additive,1.0,M,13,55.035000000000004,40.538748153102844,True,-0.4017315151947835,-0.4363618190904547,0.6860979034292377,0.6628219223721471
AWN low,additive,1.0,M,14,34.415,19.918748153102836,True,0.2862064205992242,0.48304324028461953,-0.7261578734442301,-0.7008105471073985
AWN low,additive,1.0,M,15,54.25,39.75374815310283,True,0.6726912734109135,0.7330801266033649,0.7968748958853905,0.7516232360010469
AWN low,additive,1.0,M,16,86.42,71.92374815310284,True,-0.3549853644606268,-0.3909121629661359,0.617743509197782,0.5274039170890744
AWN low,additive,1.0,M,17,120.47,105.97374815310283,True,-0.32852621308393415,0.028853192451393343,0.5088817496013897,0.44881464029889806
AWN low,additive,1.0,M,18,137.095,122.59874815310283,True,0.8485937983389256,0.8306313509911709,-0.06532257680683466,0.13032245781870969
AWN low,additive,1.0,M,19,101.08,86.58374815310283,True,0.5647966492944003,0.648006472953999,0.20237595487970295,0.20793698388900783
AWN low,additive,1.0,M,20,127.285,112.78874815310283,True,0.17704766664286903,0.2573008733728373,-0.3534984888508126,-0.3295428476238071
AWN low,additive,1.0,M,21,121.66,107.16374815310283,True,0.9020965707622377,0.8587411056376572,0.5902334547012207,0.5878479807715189
AWN low,additive,1.0,M,22,82.9,68.40374815310284,True,-0.492031127293496,-0.5314875895385639,0.48479474548440055,0.5204778563099401
AWN low,additive,1.0,M,23,35.85,21.35374815310284,True,-0.7692772661288402,-0.7722814783084647,0.39375835891578015,0.3205778063349277
AWN low,additive,1.0,M,24,52.660000000000004,38.163748153102844,True,-0.4735508436258061,-0.6722686275909663,-0.432327645700959,-0.43646081721044233
AWN low,additive,1.0,M,25,116.815,102.31874815310283,True,0.7557887722805262,0.634015373265748,0.7644168391994477,0.6964527260179433
AWN low,additive,1.0,M,26,130.57,116.07374815310283,True,0.2045462982794317,-0.09170176816353727,0.4846900359344137,0.42528545251183925
AWN low,additive,1.0,M,27,90.59,76.09374815310284,True,0.5903800480712024,0.47828371528521446,-0.9658056685942741,-0.8641631565169795
AWN low,additive,1.0,M,28,109.83,95.33374815310283,True,-0.5374255729278217,-0.5941572071107302,0.5667461507341566,0.49138763951357645
AWN low,additive,1.0,M,29,91.185,76.68874815310284,True,-0.24876609314390422,-0.2916132409985483,-0.4498179481687727,-0.40681278408414834
AWN low,additive,1.0,M,30,95.58500000000001,81.08874815310284,True,0.25606720449299153,0.25361509721329806,0.7464658147116916,0.7310221079936221
AWN low,additive,1.0,M,31,57.72,43.22374815310283,True,-0.2800114228599985,-0.4124042740534494,-0.1238894838295138,-0.18621451179172313
AWN low,additive,1.0,M,32,102.595,88.09874815310283,True,0.055333285738083327,0.03986673330001665,-0.43990290569001206,-0.20354489421955688
AWN low,additive,1.0,M,33,51.885,37.38874815310284,True,0.5269698484091287,0.5643206967944597,-0.6453297160943336,-0.6056847766592892
AWN low,additive,1.0,M,34,17.185,2.6887481531028357,True,-0.5759415530330072,-0.5803983722424501,-0.38799362223650075,-0.49120677756359904
AWN low,additive,1.0,M,35,76.31,61.813748153102836,True,0.040871944979891,0.02447252564194093,-0.8881149901239854,-0.8711996382760999
AWN low,additive,1.0,M,36,91.95,77.45374815310284,True,0.3594383760500701,0.4447024106994121,0.5199466933200065,0.5317845838985268
AWN low,additive,1.0,M,37,110.595,96.09874815310283,True,0.7386011756026748,0.5350267723281216,0.3515699293210537,0.3577630232502796
AWN low,additive,1.0,M,38,82.97,68.47374815310283,True,-0.19363365936079574,-0.2283210775564598,-0.14495704528688033,0.0005073653649365793
AWN low,additive,1.0,M,39,92.5,78.00374815310283,True,0.5284529163989432,0.4239546893220056,0.6473020632540871,0.5984560100901929
AWN low,additive,1.0,M,40,116.06,101.56374815310284,True,-0.6866290664191712,-0.6373546560053305,-0.7854958235168128,-0.7382813355227147
AWN low,additive,1.0,M,41,115.46000000000001,100.96374815310284,True,0.8573608433878297,0.8417210442397847,0.6761276504604838,0.6445700959044286
AWN low,additive,1.0,M,42,49.555,35.05874815310284,True,0.43128055020108985,0.5651222008043596,0.7869446229266318,0.7412189143523474
AWN low,additive,1.0,M,43,23.14,8.643748153102838,True,0.7135394207658073,0.5602770043549653,-0.6220956188572379,-0.6205954165774255
AWN low,additive,1.0,M,44,10.215,-4.281251846897163,False,,,,
AWN low,additive,1.0,M,45,112.785,98.28874815310283,True,0.5863249327717093,0.6713890673710763,-0.6658984793317625,-0.5323233621284595
AWN low,additive,1.0,M,46,109.025,94.52874815310284,True,0.7253773113443277,0.6263582494467052,0.3533290497608338,0.344327836081959
AWN low,additive,1.0,M,47,41.325,26.82874815310284,True,-0.36237214725970346,-0.13686775659789152,-0.6116284714785463,-0.5918821541610146
AWN low,additive,1.0,M,48,82.64,68.14374815310283,True,-0.599718236120035,-0.661734846862283,-0.5506037457461743,-0.4862987553842126
AWN low,additive,1.0,M,49,66.67,52.173748153102835,True,-0.43303015159087116,-0.2881159420289855,-0.22228219223721468,-0.22335784488708024
AWN low,additive,1.0,M,50,94.005,79.50874815310283,True,0.7640817686394896,0.7738406986982698,0.6827395825896574,0.6303771923562027
AWN low,additive,1.0,M,51,136.01500000000001,121.51874815310285,True,0.5791323385926083,0.4776840151352894,0.648550962613931,0.6573579876728302
AWN low,additive,1.0,M,52,29.54,15.043748153102836,True,-0.23437519335570306,-0.3569310582803835,0.272727445800909,0.23729183027533848
AWN low,additive,1.0,M,53,62.785000000000004,48.288748153102844,True,0.29778158539777727,0.20039218485995094,0.6096561243187929,0.3488608076913924
AWN low,additive,1.0,M,54,102.72,88.22374815310283,True,-0.32466147878441726,-0.18389376740201324,0.2531886437733514,0.24054544156493177
AWN low,additive,1.0,M,55,59.14,44.643748153102834,True,0.1013902572523262,0.14822969467647126,0.11403155565074605,0.12922967087884626
AWN low,additive,1.0,M,56,45.95,31.45374815310284,True,-0.08007710430499035,-0.0723990385759501,-0.6714576045310676,-0.5974279526903215
AWN low,additive,1.0,M,57,22.865000000000002,8.368748153102839,True,-0.3397206158825349,-0.3209376264248827,0.6088165441088977,0.6042854763094642
AWN low,additive,1.0,M,58,83.48,68.98374815310284,True,-0.027372028271578492,0.14495133385688105,-0.3175259989053092,-0.2915389924085576
AWN low,additive,1.0,M,59,32.595,18.098748153102836,True,0.05716475095785439,0.10152923538230883,0.8062835249042144,0.7184131743651981
AWN low,additive,1.0,M,60,79.07000000000001,64.57374815310284,True,-0.7705699531186786,-0.6362637728754669,0.07543561552557054,0.0770462387853692
AWN low,additive,1.0,M,61,126.36,111.86374815310283,True,0.83871873587016,0.748342971371457,-0.6794364722400703,-0.5571890245353512
AWN low,additive,1.0,M,62,101.235,86.73874815310283,True,-0.5758844387330144,-0.4247028866519121,-0.3735817805383022,-0.30867518621641554
AWN low,additive,1.0,M,63,23.465,8.968748153102837,True,0.5112938768710882,0.6270797934366149,-0.5612270055448465,-0.598263725280217
AWN low,additive,1.0,M,64,119.71000000000001,105.21374815310284,True,-0.6806111230099235,-0.6191409057376073,-0.5678160919540228,-0.16130506175483683
AWN low,additive,1.0,M,65,63.25,48.75374815310283,True,-0.7888198757763973,-0.8135598867233048,0.01129054520358868,0.0241431665119821
AWN low,additive,1.0,M,66,118.065,103.56874815310283,True,-0.737687346802789,-0.6749815568406271,-0.2075638371290545,-0.3301711049237286
AWN low,additive,1.0,M,67,57.78,43.283748153102835,True,-0.6959843887580018,-0.7165721900954283,-0.5093596059113299,-0.37230051640846235
AWN low,additive,1.0,M,68,54.295,39.798748153102835,True,0.6630256300421217,0.571174412793603,-0.2563775255229528,-0.10375859689203015
AWN low,additive,1.0,M,69,59.445,44.94874815310284,True,-0.5951871683206015,-0.4963013731229622,-0.2898560243687679,-0.10861712001142285
AWN low,additive,1.0,M,70,107.38,92.88374815310283,True,0.2777230432402846,0.19824087956021985,-0.5220484995597439,-0.5266005092691748
AWN low,additive,1.0,M,71,107.485,92.98874815310283,True,0.6384893267651887,0.6635453701720567,0.2156436067680445,0.2404788082149401
AWN low,additive,1.0,M,72,114.385,99.88874815310284,True,-0.4813393303348325,-0.5500383141762452,0.7964503462554435,0.7844354013469454
AWN low,additive,1.0,M,73,41.550000000000004,27.05374815310284,True,0.5807943647224006,0.5882287427714713,0.019389352942576328,0.34145117917231854
AWN low,additive,1.0,M,74,61.03,46.533748153102835,True,-0.47194022036600736,-0.41707812760286517,0.7362652007329668,0.769446705218819
AWN low,additive,1.0,M,75,69.65,55.15374815310284,True,-0.28978177577877723,-0.26594226696175716,0.8090992598938624,0.7601523047999809
AWN low,additive,1.0,M,76,75.795,61.298748153102835,True,0.3299693010637538,0.38803550605649545,0.4152752195330905,0.36683087027914607
AWN low,additive,1.0,M,77,112.165,97.66874815310284,True,-0.5692763142238404,-0.555454653625568,0.77335903476833,0.7560115180504984
AWN low,additive,1.0,M,78,23.235,8.738748153102836,True,0.24240546393469928,0.15472359058565952,-0.20699079031912612,0.0020247019347469117
AWN low,additive,1.0,M,79,81.84,67.34374815310284,True,-0.9376426072677946,-0.8381818614502271,-0.6506337307536706,-0.5951567073606053
AWN low,additive,1.0,M,80,87.395,72.89874815310283,True,-0.7615573165798052,-0.528991694628876,0.30361866685704764,0.2676271388115466
AWN low,additive,1.0,M,81,133.185,118.68874815310284,True,-0.7003764784274528,-0.6482006615739747,0.947030294376621,0.8295690250113038
AWN low,additive,1.0,M,82,100.175,85.67874815310283,True,0.5781328383427333,0.6021722472097283,0.6350396230456199,0.6646819447419147
AWN low,additive,1.0,M,83,105.785,91.28874815310283,True,0.3466733300016658,0.06422217462697222,-0.5961961876204753,-0.6429937412246257
AWN low,additive,1.0,M,84,61.410000000000004,46.913748153102844,True,-0.31751647985531034,-0.6017191404297849,0.5866219271316722,0.5320282715784964
AWN low,additive,1.0,M,85,107.635,93.13874815310284,True,0.7399395540325074,0.7169243949453844,0.3733209585683348,0.36186382998976696
AWN low,additive,1.0,M,86,71.025,56.52874815310284,True,-0.3601123247899859,-0.1914100092810737,0.7436919635420384,0.7736446062682943
AWN low,additive,1.0,M,87,102.755,88.25874815310283,True,-0.5903495871112062,-0.6037790628495275,-0.28842816686894646,-0.30668189714666466
AWN low,additive,1.0,M,88,80.37,65.87374815310284,True,0.8608524309273933,0.7586654291901667,0.29963018490754617,0.3375578877228052
AWN low,additive,1.0,M,89,67.145,52.64874815310283,True,-0.5039089978820114,-0.4027424383046571,0.6306361105161704,0.6390357202351205
AWN low,additive,1.0,M,90,99.795,85.29874815310284,True,0.31562218890554716,0.33906760905261646,-0.1379262749577592,-0.2509764165536279
AWN low,additive,1.0,M,91,91.705,77.20874815310283,True,-0.4167259227529092,-0.44438828204945136,-0.016308988362961373,-0.04016372765997953
AWN low,additive,1.0,M,92,77.165,62.66874815310284,True,0.26870850289141135,0.5520144689559981,-0.044205516289474306,-0.13908188762761475
AWN low,additive,1.0,M,93,82.935,68.43874815310284,True,0.33661359796292323,0.4102720068537159,-0.8089469550938815,-0.8000028557149995
AWN low,additive,1.0,M,94,85.165,70.66874815310284,True,0.6282125603864733,0.5959163275505104,0.31443230765569585,0.32839675400395035
AWN low,additive,1.0,M,95,118.63,104.13374815310283,True,0.640903357844887,0.6605716189524284,-0.20660812450917396,-0.16406368244449201
AWN low,additive,1.0,M,96,23.69,9.193748153102838,True,0.5381947121677255,0.5091006877513623,-0.7390980700126126,-0.6608095952023987
AWN low,additive,1.0,M,97,67.255,52.75874815310283,True,-0.9187682349301538,-0.8453287641893338,0.026233549891720803,0.08779895766402512
AWN low,additive,1.0,M,98,71.45,56.953748153102836,True,-0.17148473382356436,0.012800266533399964,-0.16172009233478496,-0.14256585992717924
AWN low,additive,1.0,M,99,37.47,22.973748153102836,True,0.5198343685300206,0.07894433735513195,-0.48585707146426776,-0.49925799005259264
AWN low,additive,1.0,M,100,92.08,77.58374815310283,True,0.377831084457771,0.5667137859641607,-0.6070783655791151,-0.5835149092120605
AWN low,additive,1.0,M,101,74.25,59.75374815310283,True,0.45079079507865105,0.39550796030556146,0.33101258894362334,0.34871802194141016
AWN low,additive,1.0,M,102,8.44,-6.056251846897164,False,,,,
AWN low,additive,1.0,M,103,58.745000000000005,44.24874815310284,True,0.8235777349420526,0.7794017277075747,-0.43560600652054915,-0.49340377430332444
AWN low,additive,1.0,M,104,41.46,26.963748153102838,True,-0.5935232383808094,-0.4886023654839246,0.35841603008019796,0.18470479046191188
AWN low,additive,1.0,M,105,91.175,76.67874815310283,True,-0.7839727755170033,-0.7200161823849979,-0.09836319935270457,0.01764165536279479
AWN low,additive,1.0,M,106,78.09,63.59374815310284,True,-0.1001470693224816,-0.17545608148306796,0.625790914066776,0.6057495061992813
AWN low,additive,1.0,M,107,98.61500000000001,84.11874815310284,True,-0.48358392232455194,-0.3006030318174246,-0.01434806406320649,0.01991861212251017
AWN low,additive,1.0,M,108,85.4,70.90374815310284,True,-0.2786825634801647,-0.18079626853240044,-0.4472725541990909,-0.41607672354299036
AWN low,additive,1.0,M,109,47.255,32.75874815310284,True,-0.27966112182004227,-0.3380224173627472,0.17245567692344302,0.1516508412460436
AWN low,additive,1.0,M,110,120.715,106.21874815310284,True,0.6085462030889316,0.5129045001308868,-0.6773974917303252,-0.671935460841008
AWN low,additive,1.0,M,111,67.855,53.35874815310284,True,0.7140096618357487,0.7685043192689368,-0.1626244020846719,-0.12242735774969656
AWN low,additive,1.0,M,112,88.595,74.09874815310283,True,0.3251164893743604,-0.0589543323576307,-0.8259936698317506,-0.8115075795435615
AWN low,additive,1.0,M,113,108.075,93.57874815310284,True,0.6992722686275908,0.6375469408153065,-0.5223473977297065,-0.5110996882511124
AWN low,additive,1.0,M,114,101.8,87.30374815310283,True,0.10683134623164606,0.27266462007091685,-0.796758763475405,-0.7623778586897026
AWN low,additive,1.0,M,115,66.155,51.658748153102835,True,0.5412731729373407,0.4965793293829275,-0.6129896956283761,-0.5153375693105827
AWN low,additive,1.0,M,116,94.365,79.86874815310283,True,0.6541138954332356,0.6180081387877489,0.7227824183146521,0.529791294828776
AWN low,additive,1.0,M,117,131.855,117.35874815310282,True,-0.9005544846624305,-0.8378677328002664,0.5123181266509602,0.5113547987910805
AWN low,additive,1.0,M,118,121.73,107.23374815310284,True,0.2197748744675281,0.009948359153756454,-0.2557359415530329,-0.40722400704409695
AWN low,additive,1.0,M,119,50.115,35.61874815310284,True,-0.19741843364032266,-0.2201651555174793,0.48053021108493366,0.515847790390519
AWN low,additive,1.0,M,120,119.655,105.15874815310283,True,-0.48352300040455953,-0.5396473191975439,0.8314004902310748,0.7159553556555054
AWN low,additive,1.0,M,121,114.63,100.13374815310283,True,0.728471002593941,0.6846205468694223,-0.4083586778039551,-0.41590538064301175
AWN low,additive,1.0,M,122,93.97500000000001,79.47874815310284,True,0.11424858999071891,0.06831726993646034,-0.34863806192142016,-0.24409985483448746
AWN low,additive,1.0,M,123,45.395,30.89874815310284,True,0.5226767568596653,0.4069289164941338,0.13729611384783796,0.044837581209395294
AWN low,additive,1.0,M,124,52.625,38.12874815310283,True,-0.4868108802741486,-0.32295185740463095,0.45268698983841404,0.46394612217700665
AWN low,additive,1.0,M,125,101.355,86.85874815310284,True,-0.28052925917993377,-0.3762737678779657,-0.22610885033673633,-0.19287594298089047
AWN low,additive,1.0,M,126,81.33500000000001,66.83874815310284,True,0.46515123390685603,0.48669855548416263,0.7110663715761165,0.7897717807762784
AWN low,additive,1.0,M,127,55.1,40.60374815310284,True,-0.7160581613954926,-0.6920054258584992,-0.866710454296661,-0.8503795721187024
AWN low,additive,1.0,M,128,45.84,31.34374815310284,True,0.6007710430499035,0.4691473310963565,-0.5868427690916446,-0.522895695009638
AWN low,additive,1.0,M,129,94.21000000000001,79.71374815310284,True,-0.5182979938602127,-0.5176868708502891,-0.1866695223816663,-0.052671759358416025
AWN low,additive,1.0,M,130,121.33,106.83374815310283,True,-0.15467599533566548,0.2195235715475595,0.4050879322243639,0.5636239023345468
AWN low,additive,1.0,M,131,121.16,106.66374815310283,True,-0.8540120415982484,-0.6975226672378095,-0.8888136883938981,-0.8892344304038455
AWN low,additive,1.0,M,132,90.63,76.13374815310283,True,0.45126293995859207,0.3427172128221603,-0.5067723281216534,-0.434783560600652
AWN low,additive,1.0,M,133,41.905,27.408748153102838,True,-0.1465905142666762,-0.14918921491635131,-0.19299397920087571,-0.22960424549629943
AWN low,additive,1.0,M,134,52.095,37.59874815310283,True,0.29423859498822014,0.1655486542443064,0.7401128007424858,0.743255991052093
AWN low,additive,1.0,M,135,134.79,120.29374815310283,True,-0.4386977939601627,-0.5039013826420122,-0.7017434140072819,-0.6961005211679874
AWN low,additive,1.0,M,136,140.065,125.56874815310283,True,0.9240189429094975,0.8524604364484423,-0.6230989267271125,-0.6388758001951403
AWN low,additive,1.0,M,137,98.395,83.89874815310283,True,-0.8598243735275217,-0.8275643130815542,0.06943290259632087,0.17102020418362246
AWN low,additive,1.0,M,138,80.465,65.96874815310284,True,0.6126374907784202,0.5731981628233501,0.8346369672306702,0.8125775207634277
AWN low,additive,1.0,M,139,49.92,35.423748153102835,True,0.46824873277646883,0.4027690916446538,-0.6096922967087883,-0.48240546393469924
AWN low,additive,1.0,M,140,134.18,119.68374815310284,True,-0.5948273482306464,-0.5723661978534541,-0.14743770971657028,-0.32667380595416573
AWN low,additive,1.0,M,141,105.295,90.79874815310284,True,0.6828176387996477,0.557735418005283,-0.7653953975393255,-0.7572508983603435
AWN low,additive,1.0,M,142,134.325,119.82874815310282,True,0.4421303633897336,0.41136860141357884,-0.7805421098974321,-0.7240503557744936
AWN low,additive,1.0,M,143,43.935,29.43874815310284,True,-0.6091877870588513,-0.2018390804597701,-0.48427119773446603,-0.5109968825111253
AWN low,additive,1.0,M,144,89.47500000000001,74.97874815310284,True,0.19120439780109943,0.0590247733276219,-0.6947373932081577,-0.5478222793365222
AWN low,additive,1.0,M,145,104.93,90.43374815310284,True,0.193791675590776,0.17863354037267076,-0.374815449418148,-0.418631636562671
AWN low,additive,1.0,M,146,111.595,97.09874815310283,True,-0.09873063468265866,-0.09668403893291448,-0.8218262297422716,-0.736383236952952
AWN low,additive,1.0,M,147,67.25,52.75374815310283,True,-0.5530825063658646,-0.5964874705504389,-0.5777140001427856,-0.5833626044120795
AWN low,additive,1.0,M,148,101.655,87.15874815310283,True,-0.60967897003879,-0.5337550272482805,-0.08539444563432569,-0.04106613359986673
AWN low,additive,1.0,M,149,108.33500000000001,93.83874815310284,True,0.30319030960710114,0.4639727755170033,0.6021893814997262,0.567366792794079
AWN low,additive,1.0,M,150,77.73,63.23374815310284,True,0.6368425311153946,0.6372975417053377,0.589454796411318,0.5557611670355298
AWN low,additive,1.0,M,151,67.55,53.05374815310283,True,-0.6468584755241426,-0.4992351443325955,0.0626743770971657,0.22476476047690436
AWN low,additive,1.0,M,152,52.18,37.68374815310284,True,-0.23197448894600314,-0.4695338045263082,-0.49891149663263595,-0.4463473025392065
AWN low,additive,1.0,M,153,92.44500000000001,77.94874815310284,True,-0.4790833154851145,-0.4697660693462792,0.3516936769710382,0.30356536017705427
AWN low,additive,1.0,M,154,56.04,41.54374815310284,True,-0.7643463982294566,-0.7065219771066846,-0.8265381594916826,-0.8077856309940267
AWN low,additive,1.0,M,155,72.595,58.09874815310283,True,-0.2330101615858737,-0.36633968729920746,0.3998600699650174,0.42983555841127047
AWN low,additive,1.0,M,156,69.7,55.203748153102836,True,-0.2364674805454415,-0.24722400704409697,-0.40727350610409074,-0.45179219913852586
AWN low,additive,1.0,M,157,36.730000000000004,22.23374815310284,True,-0.6495314247638084,-0.5532271959258465,-0.4775869208253015,-0.5133043002308368
AWN low,additive,1.0,M,158,109.11,94.61374815310283,True,0.5088322505413959,0.393927798005759,0.4312291473310963,0.3998010518550248
AWN low,additive,1.0,M,159,93.525,79.02874815310284,True,0.453711239618286,0.3378244211227719,0.46383570119702044,0.44345160752956847
AWN low,additive,1.0,M,160,54.0,39.50374815310283,True,0.6231198686371099,0.6202089431474738,-0.16890126365388733,-0.29241664881844787
AWN low,additive,1.0,M,161,94.075,79.57874815310284,True,-0.5027153090121604,-0.4696442255062944,-0.26670379096166197,-0.3531615144808547
AWN low,additive,1.0,M,162,23.075,8.578748153102836,True,0.34958235168130214,0.353719330810785,-0.18187382499226573,-0.13009400061873821
AWN low,additive,1.0,M,163,78.83500000000001,64.33874815310284,True,0.6022522072297184,0.5540839104257393,0.08521929511434757,0.08875657409390542
AWN low,additive,1.0,M,164,80.65,66.15374815310284,True,-0.6192570381475928,-0.5696684990837914,0.6783570119702053,0.5434606506270673
AWN low,additive,1.0,M,165,51.145,36.648748153102844,True,0.29897527426762804,0.30151686061731037,0.3855338997168082,0.4471240570191094
AWN low,additive,1.0,M,166,93.845,79.34874815310283,True,-0.4092382380238451,-0.57847933176269,0.4766559577354179,0.33825848980271767
AWN low,additive,1.0,M,167,118.57000000000001,104.07374815310284,True,0.7525694295709288,0.7725099355084362,-0.403551557554556,-0.3041003307869874
AWN low,additive,1.0,M,168,134.26500000000001,119.76874815310285,True,-0.5251459984293567,-0.48367720901454025,0.7060307941267461,0.7236924394945383
AWN low,additive,1.0,M,169,117.76,103.26374815310284,True,-0.4442816686894647,-0.476351348135456,0.1227262559196592,0.08316698793460411
AWN low,additive,1.0,M,170,68.405,53.908748153102835,True,-0.27250089241093733,-0.3060764855667404,-0.31805906570524256,-0.4202041836224744
AWN low,additive,1.0,M,171,72.425,57.92874815310283,True,0.6371338140453581,0.6456171914042977,0.14652197710668471,0.1501316008662335
AWN low,additive,1.0,M,172,129.975,115.47874815310283,True,0.5650898360343637,0.44351443325956064,-0.5877280407415338,-0.6611065895623616
AWN low,additive,1.0,M,173,53.605000000000004,39.10874815310284,True,0.839046191190119,0.8071497584541061,0.7647252564194092,0.7119706813260035
AWN low,additive,1.0,M,174,59.295,44.798748153102835,True,0.19264558197091927,0.038499797720187516,0.2780771519002403,0.3638342733395207
AWN low,additive,1.0,M,175,92.35000000000001,77.85374815310284,True,-0.40471097784441107,-0.4739601627757549,0.12293948263963253,0.033662216510792216
AWN low,additive,1.0,M,176,61.845,47.34874815310283,True,0.6956493181980438,0.5840574950619928,0.6381847171652267,0.5680102805739986
AWN low,additive,1.0,M,177,92.84,78.34374815310284,True,-0.011359082363580113,-0.1349829846981271,-0.40151828847481014,-0.4395069132100615
AWN low,additive,1.0,M,178,129.645,115.14874815310284,True,-0.6203783822374527,-0.6534589847933175,-0.3647880821494014,-0.2686609076414173
AWN low,additive,1.0,M,179,59.730000000000004,45.23374815310284,True,-0.39685585778539295,-0.3141810047357273,0.8275890626115513,0.8089698008138787
AWN low,additive,1.0,M,180,99.59,85.09374815310284,True,0.4341857642607267,0.2873544180290806,-0.5143361652507079,-0.434783560600652
AWN low,additive,1.0,M,181,24.39,9.893748153102838,True,-0.7645996049594249,-0.7689460031888816,0.9471806953666022,0.825110301991861
AWN low,additive,1.0,M,182,67.96000000000001,53.46374815310284,True,-0.19071321482116083,-0.17828323933271456,-0.2684324504414459,-0.29490302467813706
AWN low,additive,1.0,M,183,128.685,114.18874815310284,True,0.5109854596511267,0.4860912400942385,0.6115903952785511,0.5657618809642797
AWN low,additive,1.0,M,184,89.91,75.41374815310283,True,0.8063120820542108,0.7701872873087264,0.2154037267080745,0.24389233954451342
AWN low,additive,1.0,M,185,68.32000000000001,53.82374815310284,True,0.4615949168273006,0.2571181076128602,-0.6526251160134217,-0.6836400847195448
AWN low,additive,1.0,M,186,64.58,50.08374815310283,True,0.4167411532329073,0.3129187787058851,0.33871730801266026,0.344967516241879
AWN low,additive,1.0,M,187,106.405,91.90874815310283,True,-0.6603564884224553,-0.5962380714404701,-0.7710877894386139,-0.6665552937816804
AWN low,additive,1.0,M,188,97.11500000000001,82.61874815310284,True,0.5590223935651222,0.5403098450774612,-0.5898412698412697,-0.607295399919088
AWN low,additive,1.0,M,189,134.405,119.90874815310283,True,0.4230161109921229,0.3754570333880678,-0.5444887080269388,-0.5435939173270506
AWN low,additive,1.0,M,190,56.75,42.25374815310283,True,0.32273482306465806,0.22380714404702406,0.6451412389043573,0.5860488803217438
AWN low,additive,1.0,M,191,86.87,72.37374815310284,True,-0.7679960019990003,-0.7680740582089907,0.6700430737012445,0.7266090764141737
AWN low,additive,1.0,M,192,20.23,5.733748153102837,True,0.4526927012684133,0.5546512458056685,-0.591086361581114,-0.5194326646200709
AWN low,additive,1.0,M,193,52.215,37.71874815310284,True,-0.16659955736417503,-0.016324218842959468,0.43938506937007676,0.4228638061921419
AWN low,additive,1.0,M,194,100.655,86.15874815310283,True,-0.7228109754646485,-0.7095871112063016,-0.011014492753623187,-0.11258466005092689
AWN low,additive,1.0,M,195,88.655,74.15874815310283,True,-0.07135575069608051,-0.06206896551724137,-0.02344066062206991,0.04613217200923347
AWN low,additive,1.0,M,196,67.715,53.21874815310284,True,-0.7556193331905475,-0.7526379667309201,0.05633278598795839,-0.04515170985935603
AWN low,additive,1.0,M,197,114.42,99.92374815310284,True,0.5268080245591489,0.4822512553247185,0.09686490088289186,0.13220342209847455
AWN low,additive,1.0,M,198,110.125,95.62874815310283,True,0.7782689607577162,0.6367720901454034,0.6510963565836128,0.6019418861997571
AWN low,additive,1.0,M,199,74.8,60.30374815310283,True,0.39472549439565924,-0.02236691178220413,-0.25572071107303485,-0.04295280930963089
DS,demographic,0.0,I,0,137.475,122.97874815310283,True,0.8725570548059303,0.39239903857595004,0.8299497870112561,-0.4667923181266509
DS,demographic,0.0,I,1,106.515,92.01874815310283,True,0.40359534518455054,0.688174960138978,0.9291858832488515,0.2174826872278146
DS,demographic,0.0,I,2,92.65,78.15374815310284,True,-0.5320758668284904,-0.5912824540110896,0.9143361652507077,0.22534732633683152
DS,demographic,0.0,I,3,129.84,115.34374815310284,True,-0.8747883201256513,-0.35659979534042496,0.9301149425287355,-0.05075081506865614
DS,demographic,0.0,I,4,101.685,87.18874815310284,True,-0.8086156921539229,-0.7555755455605528,0.9526293995859211,0.7150491420956187
DS,demographic,0.0,I,5,119.65,105.15374815310284,True,-0.34934247162133214,0.2650836486518645,0.9794236215225718,0.38632398086670944
DS,demographic,0.0,I,6,101.665,87.16874815310284,True,-0.7731686537683538,-0.3942057542657242,0.6708997882011374,-0.18719307013160083
DS,demographic,0.0,I,7,142.375,127.87874815310283,True,0.7562533019204681,0.5012284334023464,0.9227224482996594,-0.3148720877656409
DS,demographic,0.0,I,8,106.06,91.56374815310284,True,0.11092263392113465,0.11598296090050211,0.884071297684491,0.47661407391542315
DS,demographic,0.0,I,9,81.745,67.24874815310284,True,0.8711558506461053,0.7224416363246947,0.528367244948954,-0.24964374955379448
DS,demographic,0.0,I,10,146.26500000000001,131.76874815310285,True,-0.01793293829275838,0.2862026129792246,0.9939953832607503,-0.7182513505152185
DS,demographic,0.0,I,11,138.0,123.50374815310283,True,-0.905670022131791,-0.20745151233906853,0.8840084719544987,-0.6455067704243115
DS,demographic,0.0,I,12,87.735,73.23874815310283,True,-0.8201718188524784,0.2970943099878632,0.8760429309154945,0.35489588539063793
DS,demographic,0.0,I,13,98.06,83.56374815310284,True,-0.6533085838033362,-0.7959420289855071,0.8792013517050997,0.46362818590704635
DS,demographic,0.0,I,14,92.235,77.73874815310283,True,0.25861259846267337,-0.6284200756764474,0.7445886580519263,-0.4708360105661454
DS,demographic,0.0,I,15,121.595,107.09874815310283,True,-0.9288374860188952,-0.20517645938935292,0.16296708788462907,-0.4743809047857023
DS,demographic,0.0,I,16,115.805,101.30874815310284,True,-0.30939673020632535,0.13828799885771398,0.9619675876347539,0.583455891102068
DS,demographic,0.0,I,17,80.24,65.74374815310283,True,-0.9500992360962375,0.4638109516670236,0.4980623973727421,0.22561195592679845
DS,demographic,0.0,I,18,101.77,87.27374815310283,True,0.31626567668546673,0.5396225696675471,0.8246000809119248,0.40171247709478586
DS,demographic,0.0,I,19,101.94500000000001,87.44874815310284,True,-0.6858656386092666,-0.40510125889436227,0.952206753765974,0.628111658456486
DS,demographic,0.0,I,20,102.125,87.62874815310283,True,-0.8211884533923514,-0.6715413721710572,0.9589957402251253,0.5328012184383998
DS,demographic,0.0,I,21,120.13,105.63374815310283,True,-0.6746122177006734,0.524215035339473,0.8486166440589228,0.3040755812569905
DS,demographic,0.0,I,22,102.925,88.42874815310283,True,0.9387848932676517,0.6888717545988909,0.7292667951738414,-0.11075700245115536
DS,demographic,0.0,I,23,146.365,131.86874815310284,True,-0.5152195330905975,0.7456110040217985,0.8884576759239426,0.30144451583731935
DS,demographic,0.0,I,24,105.235,90.73874815310283,True,0.3820708693272411,0.5486047452464242,0.8181861450227266,0.3855643606768044
DS,demographic,0.0,I,25,106.05,91.55374815310283,True,0.6207896051974012,0.3520820542109897,0.6750272482806216,0.20430641821946166
DS,demographic,0.0,I,26,95.31,80.81374815310284,True,-0.8984488708026938,-0.12883367839889578,0.2226229742271721,-0.43517003403060367
DS,demographic,0.0,I,27,78.875,64.37874815310283,True,0.6323057518859617,0.44491944503938496,0.8746798029556648,0.612951619428381
DS,demographic,0.0,I,28,87.145,72.64874815310283,True,0.046945098879131855,-0.7631926893696008,0.9614116751148234,0.19110349587111203
DS,demographic,0.0,I,29,87.14,72.64374815310283,True,0.41638704457295156,0.31184693367601907,0.7005249756074343,0.415711192023036
DS,demographic,0.0,I,30,88.86,74.36374815310283,True,0.7535974869708001,0.6369738940053782,0.7641940934294755,0.3219637800147545
DS,demographic,0.0,I,31,99.97500000000001,85.47874815310284,True,-0.9375950120178004,-0.5219628281097546,0.9338940053782631,0.1793798338925775
DS,demographic,0.0,I,32,110.25,95.75374815310283,True,0.3573003974203374,-0.1415663596773042,0.7087856071964017,0.2936027224482996
DS,demographic,0.0,I,33,115.37,100.87374815310284,True,-0.9366335879679206,0.0938454582232693,0.5036158111420479,-0.03416101473072987
DS,demographic,0.0,I,34,97.605,83.10874815310284,True,-0.7414664096523166,0.5113281454510838,0.9394759762975653,0.1897003879012874
DS,demographic,0.0,I,35,143.85,129.35374815310283,True,0.8292244354013468,0.846293995859213,0.8889717046238784,-0.6781285547702338
DS,demographic,0.0,I,36,89.165,74.66874815310284,True,0.6964184574379475,0.29038528354870174,0.8395659313200542,-0.015324718593084407
DS,demographic,0.0,I,37,145.555,131.05874815310284,True,0.2640118036219985,0.07025154089621855,0.9801661074224791,0.1768572856428928
DS,demographic,0.0,I,38,116.645,102.14874815310283,True,-0.3754932057780633,0.0059598772042550145,0.8812860236548391,0.32828252540396463
DS,demographic,0.0,I,39,114.055,99.55874815310284,True,-0.8325656219509291,-0.14171104923728609,0.8585735703576782,-0.01477070988315366
DS,demographic,0.0,I,40,133.55,119.05374815310284,True,-0.17656600271292922,0.34332072059208485,0.9246529116394182,-0.024423026581947116
DS,demographic,0.0,I,41,85.395,70.89874815310283,True,0.6855705480593035,0.4820970467147378,-0.0022588705647176408,-0.41056138597367975
DS,demographic,0.0,I,42,131.04500000000002,116.54874815310285,True,0.436647390590419,0.3341729135432283,0.8775812093953022,0.29985673829751786
DS,demographic,0.0,I,43,125.28,110.78374815310283,True,-0.07123009923609623,-0.24207229718474094,0.9055481782918063,0.19815711192023033
DS,demographic,0.0,I,44,87.95,73.45374815310284,True,0.28162775754979646,0.2748787511006401,0.8707217819661596,0.09894195759263223
DS,demographic,0.0,I,45,84.375,69.87874815310283,True,-0.9137707336807785,-0.43548606649056415,0.9076556959615428,0.6918093334285237
DS,demographic,0.0,I,46,144.89000000000001,130.39374815310285,True,0.6842397848694699,-0.1312134408985983,0.8078884367340139,0.036479855310440006
DS,demographic,0.0,I,47,144.37,129.87374815310284,True,-0.9714847338235643,-0.5692172961138477,0.45496394659812944,-0.5796063872825491
DS,demographic,0.0,I,48,130.03,115.53374815310283,True,-0.6034268579995715,-0.6686018895314246,0.9642197948644724,0.1448542395468932
DS,demographic,0.0,I,49,111.89,97.39374815310283,True,-0.16676328502415455,-0.37785964160776747,0.6696356583612953,-0.33589015016301366
DS,demographic,0.0,I,50,115.435,100.93874815310284,True,-0.8596168582375477,-0.8419095214297612,0.7292458532638441,-0.01431189167321101
DS,demographic,0.0,I,51,89.255,74.75874815310283,True,0.8561595392779799,0.7117193784060349,0.8692634635063419,0.0828014564146498
DS,demographic,0.0,I,52,141.74,127.24374815310284,True,-0.9465105542466861,-0.5857157135717854,0.8975845410628018,0.06787939363651507
DS,demographic,0.0,I,53,87.26,72.76374815310284,True,-0.08598081911425239,-0.2322372147259703,-0.5565436329454319,-0.8025311153946835
DS,demographic,0.0,I,54,99.125,84.62874815310283,True,0.4493248613788343,0.38678470288665184,0.8157435567930319,-0.35571642750053534
DS,demographic,0.0,I,55,103.74000000000001,89.24374815310284,True,-0.3008962185573879,-0.48887461031389057,0.8344979891006876,-0.11818186145022724
DS,demographic,0.0,I,56,112.86500000000001,98.36874815310284,True,0.16040646343494916,-0.05174841150853144,0.9636200947145473,0.3293657932938292
DS,demographic,0.0,I,57,98.535,84.03874815310283,True,0.7340929535232382,0.7730468099283689,0.7459822469717521,-0.12875752599890528
DS,demographic,0.0,I,58,99.81,85.31374815310284,True,-0.8403046095999618,0.2834668380095666,0.4537207586682848,-0.26745198829156847
DS,demographic,0.0,I,59,133.83,119.33374815310285,True,-0.6112800742485899,0.8333461840508316,0.664702886651912,-0.26524547250184427
DS,demographic,0.0,I,60,107.94500000000001,93.44874815310284,True,0.5319635420385044,0.22865043668641866,0.9695961543038003,0.6351766973656029
DS,demographic,0.0,I,61,94.655,80.15874815310283,True,-0.138567858927679,-0.44593417576925815,0.7152642726255918,-0.29329811284833773
DS,demographic,0.0,I,62,76.415,61.91874815310284,True,-0.6229542371671306,-0.33240808167344893,0.6773156279003354,0.164463482544442
DS,demographic,0.0,I,63,143.195,128.69874815310283,True,-0.7630289617096212,-0.5409000261773874,0.7911920230361008,-0.3143237904857095
DS,demographic,0.0,I,64,106.555,92.05874815310284,True,0.6894562242688179,0.7195783060850526,0.7911863116061015,-0.20344970371956875
DS,demographic,0.0,I,65,144.145,129.64874815310284,True,0.7164846148354393,0.4802503510149686,0.9132947811808381,0.21149710858856283
DS,demographic,0.0,I,66,95.685,81.18874815310284,True,0.21127817043859018,-0.1332333833083458,0.8650160633968729,0.466183098926727
DS,demographic,0.0,I,67,94.82000000000001,80.32374815310284,True,0.2550220128031222,0.5505066514361866,0.6671607053616048,-0.2711891673211013
DS,demographic,0.0,I,68,108.75,94.25374815310283,True,-0.7612888793698387,-0.6355327098355583,0.9603779062849526,0.15231146331596104
DS,demographic,0.0,I,69,90.73,76.23374815310284,True,0.7657323719092833,0.6863663406392041,0.7524133171509482,-0.19789057852026362
DS,demographic,0.0,I,70,130.65,116.15374815310284,True,-0.8034944432545631,-0.4759743937555031,0.7178934342352632,-0.21040241783869965
DS,demographic,0.0,I,71,115.81,101.31374815310284,True,-0.5136012945907997,-0.5701101830037362,0.968141643463982,0.17904476333261937
DS,demographic,0.0,I,72,112.425,97.92874815310283,True,-0.8233016824920871,0.26929106875133857,0.9041088979319862,0.13551985911805997
DS,demographic,0.0,I,73,73.155,58.658748153102835,True,0.9178525023202683,0.7599619238000046,0.8846824206944145,0.624918969086885
DS,demographic,0.0,I,74,94.09,79.59374815310284,True,-0.9503886152162012,0.15381928083577256,0.9375378977178076,0.5016377525522951
DS,demographic,0.0,I,75,93.075,78.57874815310284,True,-0.2558006710930249,-0.26245448704219315,0.8569857928178766,0.33311820280336013
DS,demographic,0.0,I,76,102.28,87.78374815310283,True,0.5836024844720497,0.21321624901834793,0.9752637966730919,0.7679312724590084
DS,demographic,0.0,I,77,122.595,108.09874815310283,True,0.5531377168558577,0.18010328169248704,0.6888241593488968,-0.5077642131315294
DS,demographic,0.0,I,78,85.315,70.81874815310283,True,-0.8746778991456651,-0.400823397824897,0.7610775564598652,-0.2767159277504105
DS,demographic,0.0,I,79,124.08,109.58374815310283,True,0.8395335665500582,0.3560724399704909,0.875662168915542,0.6576016753527997
DS,demographic,0.0,I,80,124.655,110.15874815310283,True,0.8290835534613644,0.36859760595892527,0.9555117679255608,0.22829442421646318
DS,demographic,0.0,I,81,97.755,83.25874815310283,True,0.10595940125175506,-0.1793741224625782,0.9459165655267603,-0.07755455605530566
DS,demographic,0.0,I,82,78.235,63.73874815310283,True,0.5410180623973726,0.13767116441779106,0.6103414959187071,-0.2120301753884962
DS,demographic,0.0,I,83,85.765,71.26874815310283,True,0.5682844292139643,0.4237243283120344,0.42452392851193443,-0.4799704909450036
DS,demographic,0.0,I,84,103.24000000000001,88.74374815310284,True,0.44105661454986783,0.5228899835796387,0.9874367578115703,0.6761980914304752
DS,demographic,0.0,I,85,100.68,86.18374815310284,True,0.20292425215963442,0.5659046667142619,0.3532033983008495,-0.3766088384379238
DS,demographic,0.0,I,86,137.96,123.46374815310284,True,-0.6430089717046238,-0.5809695152423787,0.9331477118583563,0.020027129292496604
DS,demographic,0.0,I,87,112.205,97.70874815310283,True,-0.836255205730468,0.3489788439113776,0.3076128602365483,-0.058992408557625935
DS,demographic,0.0,I,88,90.72500000000001,76.22874815310284,True,-0.8592722686275909,0.1038461721520192,0.020742961852407125,-0.363023250279622
DS,demographic,0.0,I,89,86.79,72.29374815310284,True,-0.9571204873753598,0.4017981485447752,0.7424240260821968,-0.2404845196449394
DS,demographic,0.0,I,90,91.46000000000001,76.96374815310284,True,-0.7378834392327643,-0.7182189857452226,0.7698769662787652,0.2828214464196473
DS,demographic,0.0,I,91,109.13,94.63374815310283,True,-0.9757740177530281,-0.3780405035577449,0.6213550367673305,-0.2885081268889364
DS,demographic,0.0,I,92,88.395,73.89874815310283,True,-0.5480773898764902,-0.3306051736036743,0.9461031389067369,0.5849237286118845
DS,demographic,0.0,I,93,89.74,75.24374815310283,True,-0.9981837652602268,-0.1556279003355465,0.6592084909925988,-0.2882949001689631
DS,demographic,0.0,I,94,107.64,93.14374815310283,True,-0.49757882963280253,-0.5733885438233263,0.246279717284215,-0.5050969753218628
DS,demographic,0.0,I,95,108.06,93.56374815310284,True,-0.20489279169938837,0.7324651959734417,0.918351300540206,0.3574203374503224
DS,demographic,0.0,I,96,109.93,95.43374815310284,True,-0.32195997239475493,0.23137669260607785,0.5457490302467813,0.15560315080554957
DS,demographic,0.0,I,97,97.19,82.69374815310283,True,0.65079936222365,0.10159015730230121,0.8827862259346516,0.4029556650246305
DS,demographic,0.0,I,98,122.385,107.88874815310284,True,-0.4919702053735036,-0.655301872873087,0.9696932486137881,0.5251022107993621
DS,demographic,0.0,I,99,83.135,68.63874815310284,True,0.16495276171438086,-0.3800947145474881,-0.11494728826063158,-0.35587825135051515
DS,demographic,0.0,I,100,86.26,71.76374815310284,True,0.5205540087099306,0.6137588348682801,0.3939468361057566,0.03044668142119416
DS,demographic,0.0,I,101,110.855,96.35874815310284,True,0.5973556079103305,0.5887389638514076,0.8154941576830631,-0.13824421122771946
DS,demographic,0.0,I,102,96.26,81.76374815310284,True,0.11930320554008708,-0.2540339354132457,0.8878979557840125,0.23044572951619424
DS,demographic,0.0,I,103,124.065,109.56874815310283,True,-0.5230289617096213,-0.674598891030675,0.965078413174365,0.47699483591537556
DS,demographic,0.0,I,104,118.845,104.34874815310283,True,-0.8785788058351774,-0.6293300968563336,0.9190956902501128,0.20010090192998733
DS,demographic,0.0,I,105,144.49,129.99374815310284,True,-0.9093767402013277,-0.37378168058827727,0.9980866709502391,0.5146750434306655
DS,demographic,0.0,I,106,81.565,67.06874815310283,True,0.8821922372147258,0.5626224982746721,0.7750343875681205,0.5623769067847029
DS,demographic,0.0,I,107,117.64,103.14374815310283,True,-0.16162680564479662,-0.419495966302563,0.9460993312867374,0.5150824587706145
DS,demographic,0.0,I,108,81.455,66.95874815310283,True,0.5266385854691701,0.26690369101163697,0.4021941410247256,-0.5925275457509339
DS,demographic,0.0,I,109,111.435,96.93874815310284,True,-0.9664815211441896,-0.2646419647319197,0.8540920016182383,-0.16212750767473402
DS,demographic,0.0,I,110,121.685,107.18874815310284,True,-0.7228452440446441,0.1422707693772161,0.8431964969896003,0.3085742842864282
DS,demographic,0.0,I,111,103.965,89.46874815310284,True,-0.6756497941505436,0.14688370100663953,0.9324642440684417,0.250671806953666
DS,demographic,0.0,I,112,104.24000000000001,89.74374815310284,True,0.872071583255991,0.7137050522357867,0.927975060089003,0.14811165845648602
DS,demographic,0.0,I,113,81.87,67.37374815310284,True,-0.9439613526570046,-0.567911282454011,0.661654886842293,-0.0870831251041146
DS,demographic,0.0,I,114,80.4,65.90374815310284,True,0.6485147902239355,0.28529259179933836,0.9204378762999451,0.07853121058518359
DS,demographic,0.0,I,115,102.015,87.51874815310283,True,-0.9215611241998047,0.6148382951381451,0.25934746912258155,-0.32266628590466667
DS,demographic,0.0,I,116,93.175,78.67874815310283,True,-0.8980052830727492,-0.07823992765521999,0.847190690369101,0.3691459032388567
DS,demographic,0.0,I,117,79.03,64.53374815310283,True,0.8833250041645841,0.5422745769972156,-0.15827800385521523,-0.6175055329478117
DS,demographic,0.0,I,118,78.395,63.89874815310283,True,0.4899140905737607,0.4353413769305823,0.6379219913852596,-0.4379248471002593
DS,demographic,0.0,I,119,96.635,82.13874815310284,True,0.2870916922491135,-0.13039289878870086,0.819071416672616,0.5736055781632992
DS,demographic,0.0,I,120,96.95,82.45374815310284,True,-0.9206396801599199,-0.2773061088503367,0.9157925799005258,0.13426715213821658
DS,demographic,0.0,I,121,99.33,84.83374815310283,True,0.6097722567287784,0.4636338973370457,0.7691687489588538,0.44605221198924344
DS,demographic,0.0,I,122,114.5,100.00374815310283,True,-0.8119283215535088,-0.655246662383094,0.5499431236762571,-0.7320120891934984
DS,demographic,0.0,I,123,118.60000000000001,104.10374815310284,True,-0.8737926274957757,0.4981328383427333,0.829110206801361,0.1920020941909997
DS,demographic,0.0,I,124,86.08500000000001,71.58874815310284,True,0.1718788224935151,-0.32327550510459047,0.7394045834225743,0.47035815425620514
DS,demographic,0.0,I,125,99.07000000000001,84.57374815310284,True,0.6924433021584444,0.5032179148520977,0.9195240475000593,-0.14762809071654645
DS,demographic,0.0,I,126,110.11500000000001,95.61874815310284,True,-0.8568182575378976,0.01591870731301016,0.993342376430832,0.4387168320601603
DS,demographic,0.0,I,127,94.12,79.62374815310284,True,-0.6346112657956735,-0.3463572975417053,0.9516051498060492,0.7490740344113657
DS,demographic,0.0,I,128,95.575,81.07874815310284,True,0.9389314866376335,0.4338716356107659,0.9179553080602555,0.21840984269769873
DS,demographic,0.0,I,129,78.05,63.55374815310283,True,0.9493491349563312,0.6473953499440755,0.5433616525070797,-0.2485509626139311
DS,demographic,0.0,I,130,135.055,120.55874815310284,True,-0.9684614835439421,-0.1272516122890935,0.9883753361414529,0.6970010232978747
DS,demographic,0.0,I,131,145.12,130.62374815310284,True,0.49885818995264264,0.5145265462506842,0.9300597320387423,-0.3756131458080483
DS,demographic,0.0,I,132,107.015,92.51874815310283,True,-0.41240237024344967,0.5589538564051306,0.8562909021679634,0.0794431355750696
DS,demographic,0.0,I,133,143.025,128.52874815310284,True,0.8579053330477617,0.6361742938054781,0.9636391328145449,-0.45950643725756163
DS,demographic,0.0,I,134,85.56,71.06374815310284,True,0.6917255657885342,0.004246448204469193,0.41427000785321616,-0.06084671949739415
DS,demographic,0.0,I,135,94.73,80.23374815310284,True,-0.07693581780538301,-0.1504095571261988,-0.05054901120868136,-0.32672140120415977
DS,demographic,0.0,I,136,114.44,99.94374815310283,True,-0.5284795697389401,-0.375927274458009,0.8588572380476427,-0.1405725708574284
DS,demographic,0.0,I,137,87.655,73.15874815310283,True,0.45710192522786214,-0.5447895100069012,0.6918588324885175,0.34601841936174765
DS,demographic,0.0,I,138,125.31,110.81374815310284,True,-0.3820899074272387,0.3089188738963851,0.45013017300873365,-0.09412531829323431
DS,demographic,0.0,I,139,87.75,73.25374815310283,True,-0.5148159253706479,-0.6542205087932224,0.3506827538611646,-0.539319863877585
DS,demographic,0.0,I,140,113.62,99.12374815310284,True,0.8538901977582636,0.7701415958687321,-0.21541134194807354,-0.6434411365745698
DS,demographic,0.0,I,141,88.965,74.46874815310284,True,0.7159591632755049,0.36535922514933006,0.736246162632969,0.015084838533114393
DS,demographic,0.0,I,142,100.395,85.89874815310283,True,-0.6400180861949976,0.4843873301444515,0.8593046333975868,0.5927521953309058
DS,demographic,0.0,I,143,119.505,105.00874815310283,True,-0.8555693581780537,0.412943052283382,0.9377834892077769,0.30273149139715855
DS,demographic,0.0,I,144,97.22500000000001,82.72874815310284,True,0.826871326241641,0.11616191904047973,0.9063934699317007,-0.1337854882082768
DS,demographic,0.0,I,145,93.72,79.22374815310283,True,-0.9165826610504271,-0.3477623093215297,0.7399395540325074,0.1290868851288641
DS,demographic,0.0,I,146,97.525,83.02874815310284,True,0.7792399038575949,0.30538159491682726,0.8833954451345755,0.5464667666166916
DS,demographic,0.0,I,147,135.025,120.52874815310284,True,0.5011294352823588,0.35135099117108104,0.933062040408367,0.4180128983127483
DS,demographic,0.0,I,148,95.56,81.06374815310284,True,-0.9956821589205396,0.09992813117250897,0.9023174127222101,0.4148906499131386
DS,demographic,0.0,I,149,104.955,90.45874815310283,True,0.7689878870088764,0.7120506413459936,0.9674734061540656,0.4274291425715713
DS,demographic,0.0,I,150,84.075,69.57874815310284,True,-0.9622645819947168,0.08936960091382878,0.6434087718045738,-0.06886556721639178
DS,demographic,0.0,I,151,94.285,79.78874815310283,True,0.6007577163799052,0.5235467980295565,0.8299840555912518,0.5824525832321933
DS,demographic,0.0,I,152,115.895,101.39874815310283,True,-0.23179933842602504,-0.19444468242069438,0.696919159467885,-0.18672092525165987
DS,demographic,0.0,I,153,102.10000000000001,87.60374815310284,True,0.5656971514242878,0.49399205159325094,0.8942928535732132,0.6665362556816828
DS,demographic,0.0,I,154,127.22,112.72374815310283,True,-0.8826986506746626,-0.45908569524761417,0.9885999857214248,0.5241807667594773
DS,demographic,0.0,I,155,109.14,94.64374815310283,True,0.5005811380024273,-0.11183646272102042,0.6273101544465861,-0.40171818852478514
DS,demographic,0.0,I,156,74.0,59.50374815310283,True,-0.4554303800480711,-0.760702505889912,0.45701054234787364,-0.3063620570667047
DS,demographic,0.0,I,157,120.28,105.78374815310283,True,-0.5723205064134599,-0.16467670926441538,0.039099497870112555,-0.33703243616287093
DS,demographic,0.0,I,158,149.355,134.85874815310282,True,-0.9166264486804215,-0.5267014111991623,0.9810608981223672,0.6463711001642035
DS,demographic,0.0,I,159,143.1,128.60374815310283,True,-0.5991318626401084,-0.46903310249637076,0.5373037290878369,0.443095595059613
DS,demographic,0.0,I,160,89.03,74.53374815310283,True,-0.8108279193736464,-0.8368587135003924,0.8421208443397347,0.3317855358035267
DS,demographic,0.0,I,161,140.175,125.67874815310284,True,0.1654629827943171,-0.1728288236833964,0.01638894838295138,-0.5037890578520263
DS,demographic,0.0,I,162,97.55,83.05374815310283,True,-0.8029670878846289,-0.5876537921515432,0.793870683705766,0.5603455415149567
DS,demographic,0.0,I,163,86.4,71.90374815310284,True,-0.11431141572071106,-0.06901216058637347,0.7269098783941361,-0.3499002879512624
DS,demographic,0.0,I,164,91.645,77.14874815310283,True,-0.20229409104971321,-0.27378215654077714,0.361511625139811,-0.49174174817353217
DS,demographic,0.0,I,165,89.615,75.11874815310283,True,0.8738326075057707,0.31204683372599407,-0.0456695461792913,-0.5465391113966825
DS,demographic,0.0,I,166,106.94500000000001,92.44874815310284,True,0.15686537683539178,0.6529183027533851,0.9414521310773183,0.26815830180148015
DS,demographic,0.0,I,167,105.28,90.78374815310283,True,-0.9954670283905664,0.19541752933057277,0.6582108945527235,-0.02230027843221246
DS,demographic,0.0,I,168,77.895,63.39874815310283,True,-0.09378834392327644,-0.5319216582185097,0.8069936460341257,0.5301720568287284
DS,demographic,0.0,I,169,133.6,119.10374815310283,True,0.6936845862782893,0.6931324813783583,0.9505789962161775,0.4643649603769543
DS,demographic,0.0,I,170,78.435,63.938748153102836,True,0.9567816091954021,0.5259208490992598,0.41222721972347154,-0.017615002022798122
DS,demographic,0.0,I,171,109.03,94.53374815310283,True,0.25109826039361266,-0.6068023131291496,0.7413312391423335,-0.32387710906451533
DS,demographic,0.0,I,172,87.99,73.49374815310283,True,-0.45376454629827934,-0.14175293305728084,0.8750605649556172,0.6589628995026295
DS,demographic,0.0,I,173,95.36,80.86374815310283,True,-0.3500963803812379,-0.2564803312629399,0.9450160633968728,0.35498726827062654
DS,demographic,0.0,I,174,138.915,124.41874815310283,True,-0.9663101782442111,0.17422812403322147,0.933631279598296,0.24902310749387205
DS,demographic,0.0,I,175,90.23,75.73374815310284,True,0.3117212822160348,-0.26411651317198537,0.6477913424240259,-0.2046262582994217
DS,demographic,0.0,I,176,131.485,116.98874815310285,True,0.625975583636753,0.09006639537374168,0.9068751338616404,0.12085290687989336
DS,demographic,0.0,I,177,92.855,78.35874815310284,True,0.43975250470003086,0.35864639109016916,0.4783541562552056,-0.5607377263749076
DS,demographic,0.0,I,178,115.38,100.88374815310283,True,-0.989454796411318,-0.17785297827276833,0.6693976821113251,-0.2252749815568406
DS,demographic,0.0,I,179,95.045,80.54874815310284,True,-0.9445724756669283,-0.47519192784560094,0.9505047476261868,0.3726907974584136
DS,demographic,0.0,I,180,84.685,70.18874815310284,True,-0.7245891340044261,-0.7359320339830084,0.8569591394778799,0.2340629685157421
DS,demographic,0.0,I,181,100.505,86.00874815310283,True,-0.8823654839247042,0.6674881606815638,0.9805145046524355,0.6677642131315293
DS,demographic,0.0,I,182,122.97500000000001,108.47874815310284,True,0.060568763237428894,-0.07538992408557624,0.8491877870588513,0.3148416268056447
DS,demographic,0.0,I,183,100.33,85.83374815310283,True,-0.6226343970871706,0.012191047333476117,0.9193565122200803,0.6073487065990814
DS,demographic,0.0,I,184,89.76,75.26374815310284,True,0.014538445063182692,0.28004949905999377,0.8570562337878679,0.48378382237452694
DS,demographic,0.0,I,185,89.07000000000001,74.57374815310284,True,-0.7216877275647888,-0.7232602746245923,0.7928597605958924,-0.4236043882820494
DS,demographic,0.0,I,186,81.855,67.35874815310284,True,-0.709663263606292,-0.4756145736655481,0.5820889555222388,-0.03679017634040122
DS,demographic,0.0,I,187,79.41,64.91374815310283,True,-0.9336008186382997,-0.7474500844815687,0.585607196401799,0.34986411556126695
DS,demographic,0.0,I,188,94.28,79.78374815310283,True,0.7400594940624924,-0.22958330358630205,0.6040532114894932,0.29953689821755786
DS,demographic,0.0,I,189,94.06,79.56374815310284,True,-0.6508640917636418,-0.43315009162085616,0.5732381428333452,-0.435975345660503
DS,demographic,0.0,I,190,79.555,65.05874815310284,True,-0.40648913638418877,0.7098060493562741,0.9882515884914683,0.46539872920682507
DS,demographic,0.0,I,191,120.52,106.02374815310283,True,-0.6836362770995453,-0.36543918516932,0.9683967540039503,0.11028104995121485
DS,demographic,0.0,I,192,103.505,89.00874815310283,True,0.5667233050141595,0.4978567858927678,0.7852045405868493,-0.00660526879417434
DS,demographic,0.0,I,193,98.89,84.39374815310283,True,-0.23446467242569186,-0.25916470336260433,0.933966350158254,0.16727921753409006
DS,demographic,0.0,I,194,89.47,74.97374815310283,True,-0.18229647081221292,0.6101092310987362,0.9705099831036861,0.5590300088051212
DS,demographic,0.0,I,195,141.13,126.63374815310283,True,-0.9498479331762688,-0.5545217867256846,0.4667923181266509,-0.19018014802122746
DS,demographic,0.0,I,196,89.465,74.96874815310284,True,-0.9351295780681086,-0.7081135622664857,0.8520187525284975,0.5755626948430546
DS,demographic,0.0,I,197,90.82000000000001,76.32374815310284,True,0.5818852478522643,-0.0697927226862759,0.9744718117131909,0.467719473596535
DS,demographic,0.0,I,198,127.32000000000001,112.82374815310284,True,0.5808514790223934,0.7309345327336331,0.9064258347016967,0.17553604150305796
DS,demographic,0.0,I,199,136.14000000000001,121.64374815310285,True,0.15462268865567214,0.7634135313295732,0.7658599271792674,-0.6701116108612359
DS,demographic,0.0,W,0,136.06,121.56374815310284,True,0.7211660836248541,-0.6470678946241164,0.9451150615168604,0.25216249018347964
DS,demographic,0.0,W,1,102.715,88.21874815310284,True,0.41935889198258003,-0.023349277742081335,0.12117465076985315,-0.7585778539301776
DS,demographic,0.0,W,2,89.44500000000001,74.94874815310284,True,0.25436329454320455,-0.3701054234787367,0.9737007686632873,0.7243949453844505
DS,demographic,0.0,W,3,126.48,111.98374815310284,True,-0.9905799481211773,-0.5608595702148925,0.9806382523024201,0.6004283572499464
DS,demographic,0.0,W,4,95.14,80.64374815310283,True,0.4396097189500487,0.4559329858880083,0.9376026272577995,0.535575069608053
DS,demographic,0.0,W,5,117.79,103.29374815310284,True,-0.4556759715380404,-0.3674705504390661,0.971806477713524,0.44285381118964323
DS,demographic,0.0,W,6,95.355,80.85874815310284,True,0.9774931581828132,0.595230955950596,0.8913171985435852,-0.3826838961471644
DS,demographic,0.0,W,7,140.78,126.28374815310283,True,0.5523952309559506,-0.4236481759120439,0.9683853311439518,0.35054567954118176
DS,demographic,0.0,W,8,103.065,88.56874815310283,True,0.8987154042026604,0.5657257085742842,0.7557126198805358,0.29737607386782794
DS,demographic,0.0,W,9,75.385,60.88874815310284,True,0.8643211727469597,0.6204335927274457,-0.2602993741224625,-0.8026015563646747
DS,demographic,0.0,W,10,145.935,131.43874815310284,True,-0.6447566692844053,-0.42523404964184564,0.9933176269008351,0.22821827181647267
DS,demographic,0.0,W,11,137.77,123.27374815310284,True,-0.5605416339449322,-0.22946907498631633,0.6331015444658622,-0.7626082196996739
DS,demographic,0.0,W,12,82.49,67.99374815310283,True,0.1644349253944456,0.30700935246662375,0.20006282572999212,-0.7125684776659288
DS,demographic,0.0,W,13,91.33500000000001,76.83874815310284,True,0.9854491801718187,0.7700863853787391,0.2196511268175436,-0.3698788700887651
DS,demographic,0.0,W,14,87.425,72.92874815310283,True,0.48880797696389894,-0.4681954260964755,0.8790509507151185,0.38712929249660877
DS,demographic,0.0,W,15,118.135,103.63874815310284,True,-0.9796520787225432,-0.7501001880012373,0.8642888079769637,-0.6874534161490682
DS,demographic,0.0,W,16,112.265,97.76874815310283,True,0.6578986697127626,0.2284962280764379,0.9675762118940529,0.09340758192332403
DS,demographic,0.0,W,17,74.79,60.29374815310284,True,-0.37907236857761584,0.7468123081316483,0.5011637038623544,-0.7200123747649984
DS,demographic,0.0,W,18,97.08,82.58374815310283,True,0.6026976987696627,-0.6183279788677088,0.8786016515551747,-0.39095785440613023
DS,demographic,0.0,W,19,98.955,84.45874815310283,True,0.7737493158182811,-0.8433716475095784,0.887309678494086,0.56295947264463
DS,demographic,0.0,W,20,98.815,84.31874815310283,True,-0.07507769924561528,-0.24762761476404652,0.9456176673567976,0.3708041217486494
DS,demographic,0.0,W,21,116.77,102.27374815310283,True,-0.6910420979986196,-0.42096380381237947,0.8898169962637728,0.2875200494990599
DS,demographic,0.0,W,22,98.47,83.97374815310283,True,0.8034030603745744,0.4323638180909545,0.935750220128031,0.13455843506818016
DS,demographic,0.0,W,23,145.98,131.48374815310282,True,-0.04511553746936055,0.6981528283477307,0.8946050784131742,-0.0582975179077128
DS,demographic,0.0,W,24,101.35000000000001,86.85374815310284,True,-0.17658884843292638,-0.5862621070417172,0.787709954546536,0.3551338616406082
DS,demographic,0.0,W,25,101.745,87.24874815310284,True,0.8667923181266508,0.5020299374122461,0.8483843792389518,-0.6724494895409437
DS,demographic,0.0,W,26,87.17,72.67374815310284,True,-0.028569524761428804,-0.015844458723019438,0.8625201684871848,0.5309564265486304
DS,demographic,0.0,W,27,72.04,57.54374815310284,True,-0.5021955688822255,-0.8109859356036266,0.8893067751838365,0.2672044929915994
DS,demographic,0.0,W,28,82.875,68.37874815310283,True,0.5410827919373645,-0.554599842935675,-0.4079741081840032,-0.840822445919897
DS,demographic,0.0,W,29,80.47500000000001,65.97874815310284,True,0.9627214963946596,0.6126565288784178,0.6777516003902809,-0.09774826872278145
DS,demographic,0.0,W,30,79.855,65.35874815310284,True,-0.12113276694985838,-0.5423240760572093,0.7186321125151708,0.11501392161062324
DS,demographic,0.0,W,31,95.01,80.51374815310284,True,-0.7770619452178671,0.4273092025415863,0.8889717046238784,0.4160081863829989
DS,demographic,0.0,W,32,108.38,93.88374815310283,True,0.8782932343352132,0.37654791651793146,0.577055281882868,-0.35782013755027237
DS,demographic,0.0,W,33,112.055,97.55874815310284,True,-0.6830860760096141,-0.42596701649175406,0.948646629066419,0.35269317722091326
DS,demographic,0.0,W,34,97.37,82.87374815310284,True,0.018513600342685798,-0.01759406011280074,0.8923319292734584,0.05061564455867303
DS,demographic,0.0,W,35,142.735,128.23874815310285,True,0.271495680731063,-0.7400004759524998,0.943662454487042,-0.2657042907117869
DS,demographic,0.0,W,36,83.185,68.68874815310284,True,0.997774446110278,0.44548678041931405,0.680982365959877,-0.18601270793174837
DS,demographic,0.0,W,37,146.345,131.84874815310283,True,0.557663073225292,0.45052045405868485,0.4661773874967277,-0.8143804288332023
DS,demographic,0.0,W,38,113.97,99.47374815310283,True,0.8319164227410103,0.6577711144427786,0.8282515884914684,0.4447880821494014
DS,demographic,0.0,W,39,110.955,96.45874815310283,True,0.8877075747840364,0.8314499892910686,0.8898512648437684,-0.08684514885414434
DS,demographic,0.0,W,40,132.205,117.70874815310285,True,-0.6433307155945835,-0.5190614216701173,0.9143133195307106,0.26422693415197157
DS,demographic,0.0,W,41,79.38,64.88374815310283,True,0.6899645415387543,-0.5275238571190594,0.7295047714238119,0.013908283953261463
DS,demographic,0.0,W,42,127.805,113.30874815310284,True,0.9774170057828226,0.8378658289902666,0.011869303443516334,-0.9033949691820755
DS,demographic,0.0,W,43,123.77,109.27374815310283,True,0.209031674638871,-0.7086161681064228,0.9971861688203516,0.6337317055757834
DS,demographic,0.0,W,44,82.38,67.88374815310283,True,0.028101187501487348,0.011890245353513717,0.8194750243925655,-0.4522948049784631
DS,demographic,0.0,W,45,78.285,63.78874815310283,True,-0.7729649460983793,-0.06712929249660883,-0.2805711429999286,-0.7658542157492682
DS,demographic,0.0,W,46,144.725,130.22874815310283,True,0.9018985745222625,0.5997620237500297,0.9468513362366434,0.027467218771566593
DS,demographic,0.0,W,47,145.59,131.09374815310284,True,-0.4502253635087217,0.65479926703315,0.9107550986411554,-0.49400537826324925
DS,demographic,0.0,W,48,126.465,111.96874815310284,True,0.3379653030627543,-0.3633868779895766,0.9572347159753455,-0.10739297018157587
DS,demographic,0.0,W,49,109.22500000000001,94.72874815310284,True,0.24966659527379165,-0.571223911853597,0.6032650341495918,-0.6673891625615762
DS,demographic,0.0,W,50,110.5,96.00374815310283,True,0.9590109707051234,0.7029256800171342,0.43780681088027407,-0.48180385997477443
DS,demographic,0.0,W,51,86.61,72.11374815310283,True,-0.24233121534470856,-0.6046909878394136,0.2976426072677946,-0.7924275957259465
DS,demographic,0.0,W,52,138.05,123.55374815310284,True,0.26172913543228377,0.8335251421908092,0.9603055615049616,-0.58423835701197
DS,demographic,0.0,W,53,84.345,69.84874815310283,True,-0.052081578258489795,-0.05137336093857832,0.26636872040170384,-0.5305851835986768
DS,demographic,0.0,W,54,95.07000000000001,80.57374815310284,True,-0.8626591466171675,-0.51303967064087,0.5520715832559909,-0.5871454748816067
DS,demographic,0.0,W,55,98.44,83.94374815310283,True,0.948406749006449,0.3822098474572237,0.9200418838199945,0.2598614978225173
DS,demographic,0.0,W,56,106.985,92.48874815310283,True,0.9930644201708667,0.21009019299873868,0.9199619238000046,-0.6426853240046642
DS,demographic,0.0,W,57,94.01,79.51374815310284,True,0.967726612884034,0.40729635182408785,0.8070983555841126,-0.5033816425120772
DS,demographic,0.0,W,58,95.95,81.45374815310284,True,-0.7035329954070583,-0.8076561719140429,0.5909150186811356,0.2911563265986054
DS,demographic,0.0,W,59,133.215,118.71874815310284,True,0.06356345636705456,0.5811084933723613,0.5501144665762355,-0.25656409890292947
DS,demographic,0.0,W,60,104.9,90.40374815310284,True,0.8740896218557387,-0.23439994288569996,0.7671697484591037,-0.7236448442445442
DS,demographic,0.0,W,61,92.51,78.01374815310284,True,0.5770686085528663,-0.3733038242783369,0.5878137121915232,-0.3153366174055829
DS,demographic,0.0,W,62,69.775,55.27874815310284,True,0.956918683515385,0.7212346207848456,-0.022490659432188663,-0.7081535422764806
DS,demographic,0.0,W,63,143.18,128.68374815310284,True,0.5861783394017276,0.6547897479831511,0.85311915470836,-0.5913814521310773
DS,demographic,0.0,W,64,103.395,88.89874815310283,True,-0.19959068085005113,-0.018260393612717446,0.5987130244401608,-0.05753218628780847
DS,demographic,0.0,W,65,144.585,130.08874815310284,True,0.7627814664096522,0.0806254015849218,0.9914442778610694,-0.3806239737274219
DS,demographic,0.0,W,66,86.5,72.00374815310283,True,0.29392446633825936,0.061989005497251365,-0.3822269817472216,-0.6982860950477141
DS,demographic,0.0,W,67,91.47,76.97374815310283,True,0.4530525213583684,0.09348563813331427,0.8293938744913256,0.09320577806334926
DS,demographic,0.0,W,68,106.205,91.70874815310283,True,0.893830227743271,0.7863334999167081,0.7915537469360556,-0.7042355012969704
DS,demographic,0.0,W,69,89.47,74.97374815310283,True,0.9451874062968514,0.2530667999333666,0.3950643725756169,-0.2878722543490159
DS,demographic,0.0,W,70,128.4,113.90374815310284,True,-0.5260807691392398,-0.7649936936293756,0.8948849384831392,-0.7595487970300562
DS,demographic,0.0,W,71,112.18,97.68374815310284,True,0.7497137145712857,-0.2348758953856405,0.9358682563480163,-0.2762018990504747
DS,demographic,0.0,W,72,107.15,92.65374815310284,True,0.9210851716998641,0.7984626734251921,0.8603003260274623,0.3266642869041669
DS,demographic,0.0,W,73,66.705,52.20874815310283,True,0.9871683206016038,0.4667656647866542,0.5094052973513242,0.08126888936484138
DS,demographic,0.0,W,74,86.14,71.64374815310283,True,-0.9662473525142189,-0.5471845029866018,0.6991028295376119,-0.17677161419290352
DS,demographic,0.0,W,75,87.255,72.75874815310283,True,0.9592203898050973,0.7368706123128911,0.9909797482211274,0.7280197996239974
DS,demographic,0.0,W,76,103.395,88.89874815310283,True,0.9717398443635323,0.6520349349134955,0.9967501963304061,0.7108455296161441
DS,demographic,0.0,W,77,119.545,105.04874815310284,True,0.7642740534494656,-0.42905118869136855,0.9141857642607266,0.4537721615382784
DS,demographic,0.0,W,78,80.915,66.41874815310284,True,-0.8397239475500343,-0.5092739344613407,0.6460607791342423,-0.23842078960519736
DS,demographic,0.0,W,79,119.495,104.99874815310284,True,0.8329235382308844,-0.7117764927060277,0.8804902310749386,-0.4555769734180528
DS,demographic,0.0,W,80,121.705,107.20874815310283,True,0.6563756217129529,-0.7412646057923418,0.9030884557721138,0.37138287998857705
DS,demographic,0.0,W,81,90.705,76.20874815310283,True,-0.7874396135265699,-0.45425763308821776,0.8431317674496084,-0.01333142952333357
DS,demographic,0.0,W,82,71.62,57.12374815310284,True,-0.5159486923205063,-0.6408367244948953,0.8763132719354607,0.3664520120891934
DS,demographic,0.0,W,83,81.135,66.63874815310284,True,-0.528919349848885,-0.6459446467242568,-0.36914780704885647,-0.6095666452488041
DS,demographic,0.0,W,84,98.165,83.66874815310284,True,-0.06329311534708834,-0.6671454748816067,0.16393231955450843,-0.7129454320458817
DS,demographic,0.0,W,85,96.405,81.90874815310283,True,0.9498403179362698,0.7010332928773707,-0.39689393398538814,-0.7363603912329548
DS,demographic,0.0,W,86,136.18,121.68374815310284,True,0.7436500797220436,0.5516394183860449,0.965782822874277,-0.04706884652911639
DS,demographic,0.0,W,87,106.545,92.04874815310284,True,-0.9463392113467074,-0.8400970943099877,0.9559686823255037,0.39485495347564303
DS,demographic,0.0,W,88,82.885,68.38874815310284,True,0.7771095404678612,0.17535137193308103,0.26939768211132525,-0.28122224601984713
DS,demographic,0.0,W,89,79.26,64.76374815310284,True,-0.7845686680469287,-0.7352123938030983,0.8089374360438827,-0.5531643701958543
DS,demographic,0.0,W,90,87.32000000000001,72.82374815310284,True,0.8817010542347872,0.14008519549748932,0.8923109873634609,0.49173794055353265
DS,demographic,0.0,W,91,105.10000000000001,90.60374815310284,True,0.7634116275195735,0.7266262107041717,0.8698726827062658,-0.3439394588420075
DS,demographic,0.0,W,92,82.055,67.55874815310284,True,0.4917722091335284,-0.073847837985769,0.765446800409319,-0.06313129149710857
DS,demographic,0.0,W,93,84.05,69.55374815310283,True,-0.9256809690392898,-0.5115375645510577,0.5921772447109777,-0.4123776207134527
DS,demographic,0.0,W,94,103.655,89.15874815310283,True,0.95615906332548,0.7812541348373431,0.9688346303038955,-0.19043906618119508
DS,demographic,0.0,W,95,103.89,89.39374815310283,True,-0.25844887080269385,-0.1433102496370862,0.8033935413245756,-0.4875076747340614
DS,demographic,0.0,W,96,105.655,91.15874815310283,True,0.845391589919326,0.5050017848218747,0.8029061659646366,0.14341876680707263
DS,demographic,0.0,W,97,92.35000000000001,77.85374815310284,True,0.9329935032483757,0.6707094072011612,0.657702577282787,-0.058901025677637366
DS,demographic,0.0,W,98,118.49000000000001,103.99374815310284,True,-0.22447347754694078,-0.44818067156897734,0.9869512862616309,0.17780728683277408
DS,demographic,0.0,W,99,77.345,62.84874815310283,True,0.15148901739606385,-0.417967206872754,0.8040198948144973,0.3228604745246424
DS,demographic,0.0,W,100,81.315,66.81874815310283,True,0.31098831536612637,-0.5553442326455819,0.32140977130482373,-0.28047976011993997
DS,demographic,0.0,W,101,107.14,92.64374815310283,True,-0.8004940386949381,-0.6695537945313057,0.618575474167678,-0.7837062421170365
DS,demographic,0.0,W,102,92.94,78.44374815310283,True,-0.6378058589752741,-0.7584369719901952,0.7463706242117035,-0.28099188500987593
DS,demographic,0.0,W,103,121.245,106.74874815310284,True,0.81527902715309,-0.4358820589705147,0.9380138502177481,0.33452892601318385
DS,demographic,0.0,W,104,115.58500000000001,101.08874815310284,True,0.12615692153923036,0.6207020299374121,0.9037814426120272,0.40921919992384753
DS,demographic,0.0,W,105,143.025,128.52874815310284,True,0.21530092096808734,0.510838866281145,0.9900830537112395,0.3803345946074581
DS,demographic,0.0,W,106,75.62,61.12374815310284,True,0.5566426310654196,-0.6973646510078293,0.9700397420337449,0.7874091525665737
DS,demographic,0.0,W,107,114.21000000000001,99.71374815310284,True,0.46809262035648835,-0.06517407962685323,0.9156593132005424,-0.22009471454748814
DS,demographic,0.0,W,108,75.63,61.13374815310283,True,0.3654201470693224,-0.05187787058851526,0.6369662787653791,-0.43723186026034594
DS,demographic,0.0,W,109,107.54,93.04374815310284,True,-0.6003046095999618,-0.2330044501558744,0.8975616953428046,0.01807382023274077
DS,demographic,0.0,W,110,117.765,103.26874815310283,True,0.5637343233145331,0.6279307965065085,0.9824049879821992,0.5287632374289045
DS,demographic,0.0,W,111,101.04,86.54374815310284,True,0.5634297137145712,0.44796744484900397,0.6619880535922514,-0.20198948144975126
DS,demographic,0.0,W,112,99.96000000000001,85.46374815310284,True,0.9027914614121508,-0.40280716784464904,0.9213993003498249,-0.07396016277575497
DS,demographic,0.0,W,113,79.2,64.70374815310284,True,-0.3746574331881678,0.3771000214178625,-0.38681326003664823,-0.6585478689226814
DS,demographic,0.0,W,114,74.78,60.283748153102835,True,-0.33007972204374,-0.749262511601342,0.19761071845029862,-0.6780352680802455
DS,demographic,0.0,W,115,94.105,79.60874815310284,True,-0.34925489636134305,-0.6894809737988148,0.8307855596011516,0.15873872587515764
DS,demographic,0.0,W,116,83.645,69.14874815310283,True,-0.8642374051069701,-0.6495066752338116,0.9346555293781679,0.6548392470431449
DS,demographic,0.0,W,117,73.19,58.69374815310283,True,0.9494005378263248,0.5368296803978961,0.8434211465695722,-0.004790937864401132
DS,demographic,0.0,W,118,72.83500000000001,58.33874815310284,True,0.3200504509649936,0.6429461459746316,0.8323276457009589,0.08472430451440946
DS,demographic,0.0,W,119,87.14,72.64374815310283,True,0.6309597582161298,-0.3118888174960139,0.9644044644344493,0.20672806453915896
DS,demographic,0.0,W,120,90.76,76.26374815310284,True,-0.5147359653506579,0.019735846362533015,0.87663882344542,0.056060541157992416
DS,demographic,0.0,W,121,94.315,79.81874815310283,True,0.8002846195949642,0.6315956307560504,0.8466462007091691,-0.6202603460174674
DS,demographic,0.0,W,122,107.705,93.20874815310283,True,0.23122819542609643,-0.8096037695437993,0.9289307727088835,0.6226401085171699
DS,demographic,0.0,W,123,115.125,100.62874815310283,True,0.10160348397229954,0.6106061255086742,0.8920939530234882,0.5542266961757216
DS,demographic,0.0,W,124,78.185,63.688748153102836,True,-0.528511934508936,-0.5313505152185811,0.701773874967278,-0.29992527545750924
DS,demographic,0.0,W,125,91.745,77.24874815310284,True,0.032974941100878126,-0.7623359748697078,0.7844182670569476,-0.7356635967730418
DS,demographic,0.0,W,126,107.215,92.71874815310284,True,0.24102900930487134,0.010089241093738844,0.9247519097594058,0.5398243735275219
DS,demographic,0.0,W,127,89.5,75.00374815310283,True,0.86199852454725,0.024202184621974723,0.8197072892125364,-0.3175831132053021
DS,demographic,0.0,W,128,90.73,76.23374815310284,True,0.9817234240022844,0.6826462958996691,0.9233278598795839,0.10393945884200755
DS,demographic,0.0,W,129,72.0,57.50374815310283,True,0.9916689274410412,0.6104271673686965,0.794502748625687,-0.01881820994264772
DS,demographic,0.0,W,130,132.33,117.83374815310285,True,-0.9611889293448512,0.27557935318055254,0.6214883034673139,-0.5698055734037741
DS,demographic,0.0,W,131,147.28,132.78374815310283,True,-0.7553718378905784,-0.7642074200994738,0.9615201922848099,-0.5005145046524355
DS,demographic,0.0,W,132,103.95,89.45374815310284,True,-0.012866899883391635,-0.004665286404416838,0.7731876918683515,-0.1770933580828633
DS,demographic,0.0,W,133,141.685,127.18874815310284,True,0.5162894743104638,-0.28460531638942427,0.9340843863782393,0.5399614478475047
DS,demographic,0.0,W,134,76.815,62.31874815310283,True,0.9500078532162489,-0.20308988362961372,0.7884924204564383,-0.06365103162704361
DS,demographic,0.0,W,135,90.13,75.63374815310283,True,-0.7910701791961161,-0.9091768401513527,-0.5878251350515218,-0.8448985031293875
DS,demographic,0.0,W,136,108.995,94.49874815310284,True,0.29542086099807235,-0.6942176530782227,0.8666057447466742,0.33354465624330687
DS,demographic,0.0,W,137,80.805,66.30874815310284,True,0.7993803098450772,0.34186811356226643,0.8219937650222506,0.5757359415530329
DS,demographic,0.0,W,138,122.33500000000001,107.83874815310284,True,0.05136003426857999,-0.11370790795078649,0.26472382856190946,-0.7309383403536326
DS,demographic,0.0,W,139,80.37,65.87374815310284,True,0.9773199114728348,0.7584274529401964,0.7107941267461506,-0.2945565312581804
DS,demographic,0.0,W,140,108.61500000000001,94.11874815310284,True,0.9857994812117749,0.770590895028676,0.8743447323957068,-0.17160086623354984
DS,demographic,0.0,W,141,85.79,71.29374815310284,True,-0.10778134742152731,-0.6916893933985387,0.879871492825016,0.30711025439661116
DS,demographic,0.0,W,142,95.23,80.73374815310284,True,-0.016430832202946142,0.6671378596416077,0.49439565931320045,-0.6690188239213725
DS,demographic,0.0,W,143,116.43,101.93374815310284,True,0.1338292758382713,0.6037866780895266,0.8862587753742175,-0.4920463577734941
DS,demographic,0.0,W,144,93.72500000000001,79.22874815310284,True,0.7472692225315912,-0.1948444825206444,0.9079279407915087,0.041496394659812946
DS,demographic,0.0,W,145,86.76,72.26374815310284,True,-0.09898764903262652,0.08928964089383877,0.613151519478356,-0.5551805049856023
DS,demographic,0.0,W,146,92.51,78.01374815310284,True,0.8530944051783631,-0.19309678494086288,0.860094714547488,0.1947550034506556
DS,demographic,0.0,W,147,134.625,120.12874815310283,True,0.10063825230242021,-0.5116460817210442,0.8701277932462339,-0.5738530734632683
DS,demographic,0.0,W,148,90.14,75.64374815310283,True,-0.8935655981533042,-0.07320435020584944,0.8474343780490705,0.3500487851312438
DS,demographic,0.0,W,149,103.02,88.52374815310283,True,0.2515742128935532,-0.6033868779895766,0.8218319411722709,-0.5566521501154184
DS,demographic,0.0,W,150,78.52,64.02374815310283,True,-0.9809752266723779,-0.6611256276623592,0.8941196068632349,0.4362513981104685
DS,demographic,0.0,W,151,89.96000000000001,75.46374815310284,True,0.9743994669331999,0.023303586302087047,0.4562775754979652,-0.025601484971799808
DS,demographic,0.0,W,152,114.65,100.15374815310284,True,0.9286680469289164,0.2730510935008686,0.9669841269841268,0.41113824040360764
DS,demographic,0.0,W,153,96.605,82.10874815310284,True,-0.922918540729635,-0.7780671568977414,0.7967454368054067,-0.35645891340044256
DS,demographic,0.0,W,154,125.11,110.61374815310283,True,-0.9861593013017299,-0.40537350372432823,0.7217695913947787,-0.2564860426929392
DS,demographic,0.0,W,155,104.5,90.00374815310283,True,0.9551614668856047,0.5883715285214535,0.9439632564670044,-0.5668070726541491
DS,demographic,0.0,W,156,73.89,59.393748153102834,True,0.985934651721758,0.5699883391637514,0.4955665024630541,-0.45738749672782647
DS,demographic,0.0,W,157,114.15,99.65374815310284,True,-0.46387758501701526,-0.18445919897194257,0.7998638775850169,-0.6550734156731156
DS,demographic,0.0,W,158,43.17,28.67374815310284,True,-0.9398453154375193,-0.5545884200756763,-0.19004878513124387,0.5568558577853929
DS,demographic,0.0,W,159,70.29,55.79374815310284,True,0.22931867399633513,0.2985202636776849,0.183023726232122,-0.4614883034673139
DS,demographic,0.0,W,160,80.39,65.89374815310283,True,-0.6299811998762522,-0.7115080554960613,0.7855605530568048,0.25714666476285664
DS,demographic,0.0,W,161,139.82,125.32374815310283,True,0.958782513505152,0.5316608362485423,0.8811108731348609,-0.28787986958901496
DS,demographic,0.0,W,162,90.74,76.24374815310283,True,-0.2198357963875205,-0.4655262844768091,0.7303234097237095,-0.008783227433902094
DS,demographic,0.0,W,163,81.12,66.62374815310284,True,-0.3823469217772066,-0.6445320197044334,0.9921486875609813,0.5848970752718877
DS,demographic,0.0,W,164,84.485,69.98874815310283,True,0.4459817710192522,0.22495514147688056,0.7710801741986147,-0.2787777539801527
DS,demographic,0.0,W,165,84.8,70.30374815310283,True,-0.14807358225649075,-0.382767663787154,0.8460027129292496,-0.7900364103662453
DS,demographic,0.0,W,166,102.185,87.68874815310284,True,-0.5525380167059326,-0.6624563908521929,0.6968220651578971,-0.6584031793626994
DS,demographic,0.0,W,167,98.82000000000001,84.32374815310284,True,-0.8435658361295542,-0.11469027391066369,0.9345260702981841,0.38354632207705663
DS,demographic,0.0,W,168,76.11,61.61374815310283,True,0.9752047785630992,0.6914799742985649,0.7582199376502223,0.19463315961067082
DS,demographic,0.0,W,169,132.325,117.82874815310282,True,-0.830094476571238,-0.14419742509697528,0.9625444420646817,-0.2500416458437448
DS,demographic,0.0,W,170,67.47,52.97374815310283,True,0.9282929963589631,0.5542190809357226,0.9333647461983292,0.7195630756050545
DS,demographic,0.0,W,171,106.43,91.93374815310284,True,0.9525113633659359,0.5869360557816329,0.5880079008114989,-0.5717093834035363
DS,demographic,0.0,W,172,83.995,69.49874815310284,True,-0.2586811356226648,-0.17787392018276574,0.7455253325718092,0.06696175721662977
DS,demographic,0.0,W,173,91.525,77.02874815310284,True,0.5481935222864758,0.6055153375693105,0.8370509983103684,0.04557245186930344
DS,demographic,0.0,W,174,137.11,122.61374815310285,True,-0.9508188762761475,-0.17486590038314173,0.8438476000095189,0.2065510102091811
DS,demographic,0.0,W,175,80.675,66.17874815310283,True,-0.5066847528616643,-0.77319911472835,0.3912262916160966,-0.22209561885723803
DS,demographic,0.0,W,176,131.095,116.59874815310283,True,0.9752371433330952,-0.0709007401061374,0.8955950596130505,0.17629946931296253
DS,demographic,0.0,W,177,85.69,71.19374815310283,True,-0.1842059922419742,-0.419071416672616,0.8466176435591727,0.48239975250469996
DS,demographic,0.0,W,178,112.88,98.38374815310283,True,-0.5133252421408342,0.43771923562028503,0.8474743580590655,-0.39301016158587365
DS,demographic,0.0,W,179,90.81,76.31374815310284,True,0.4858056685942742,0.7979714904452534,0.7185635753551795,-0.4831079698246114
DS,demographic,0.0,W,180,78.61,64.11374815310283,True,0.7766849908379143,-0.16020465957497437,0.7235496537445562,-0.0682830013564646
DS,demographic,0.0,W,181,97.005,82.50874815310283,True,-0.9868713262416409,-0.7556935817805381,0.6847481021394063,-0.6323343090359581
DS,demographic,0.0,W,182,117.04,102.54374815310284,True,-0.5311734608886033,-0.707302539206587,0.6267352038266579,0.3712914971085885
DS,demographic,0.0,W,183,94.87,80.37374815310284,True,-0.591590871231051,0.2537578829632802,0.9673115823040859,0.454223364508222
DS,demographic,0.0,W,184,85.095,70.59874815310283,True,0.5531262939958591,-0.6650703219818661,0.4047947454844006,-0.0026053639846743294
DS,demographic,0.0,W,185,85.545,71.04874815310284,True,-0.38482758620689644,-0.6634520834820683,0.16534494657433185,-0.7284519644939433
DS,demographic,0.0,W,186,75.09,60.59374815310284,True,0.4470878846291139,-0.1532367149758454,0.7984855191451892,0.1563989433854501
DS,demographic,0.0,W,187,69.2,54.703748153102836,True,-0.715167178315604,-0.7448037885818994,-0.815766402513029,-0.8973522762428309
DS,demographic,0.0,W,188,91.35000000000001,76.85374815310284,True,0.9770971657028626,0.5253706480093286,0.7545817567406772,-0.6530344351633706
DS,demographic,0.0,W,189,86.235,71.73874815310283,True,0.9897251374312842,0.7041688679469787,0.795254753575593,0.0599766783275029
DS,demographic,0.0,W,190,76.08500000000001,61.58874815310284,True,-0.8990276290426213,-0.6759087123105112,0.9532348111658454,0.5413245758073344
DS,demographic,0.0,W,191,115.385,100.88874815310284,True,-0.20723257418909588,-0.6738107136907735,0.7710420979986196,0.18203374503224576
DS,demographic,0.0,W,192,100.34,85.84374815310284,True,-0.392119178505985,-0.4367463887104066,0.9351410009281071,0.6146593369981674
DS,demographic,0.0,W,193,94.3,79.80374815310283,True,0.7610337688298706,0.36148306798981455,0.7538126175007732,-0.01050046405368744
DS,demographic,0.0,W,194,87.79,73.29374815310284,True,0.8195435615525569,0.0921815282834773,0.9785688108326788,0.6393403298350823
DS,demographic,0.0,W,195,141.35,126.85374815310283,True,-0.5525837081459268,-0.5561895242854762,0.9604730967849407,0.21237476499845312
DS,demographic,0.0,W,196,86.415,71.91874815310284,True,-0.4276690226315413,-0.1417872016372766,-0.07254563194593178,-0.8764103662454485
DS,demographic,0.0,W,197,87.135,72.63874815310284,True,0.3830170628971228,-0.4062625829942171,0.9833454701220816,0.23878822493515142
DS,demographic,0.0,W,198,126.31,111.81374815310284,True,0.6063358796792079,0.5951300540206087,0.9585597677351798,0.6078227552890221
DS,demographic,0.0,W,199,134.75,120.25374815310283,True,-0.7854920158968133,-0.8372394755003449,0.9703767164037028,0.6306399181361699
DS,demographic,0.0,M,0,100.83,86.33374815310283,True,0.8095752123938029,-0.28916113371885477,0.8191894528926013,-0.7839080459770114
DS,demographic,0.0,M,1,50.31,35.813748153102836,True,-0.25638894838295134,0.12068917921991383,0.0731567549558554,-0.5583941362652006
DS,demographic,0.0,M,2,86.74,72.24374815310283,True,-0.8204688132124413,0.3912453297160942,-0.9025953689821754,0.0936893458032888
DS,demographic,0.0,M,3,52.935,38.438748153102836,True,-0.8562071345279739,0.28438828204945144,0.44852526117893426,-0.9070598034316174
DS,demographic,0.0,M,4,136.775,122.27874815310284,True,0.3506066014611741,-0.5733790247733275,0.7156374193855451,-0.8318136170010232
DS,demographic,0.0,M,5,101.095,86.59874815310283,True,-0.5255819709193021,0.28824349729896953,0.22889031674638866,-0.39823992765522
DS,demographic,0.0,M,6,82.205,67.70874815310283,True,-0.6900654434687417,0.21829751790771276,0.20883748601889526,0.68919920991885
DS,demographic,0.0,M,7,29.895,15.398748153102837,True,0.043887580019514046,-0.673511815520811,-0.6345579591156801,0.4300468813212441
DS,demographic,0.0,M,8,73.855,59.35874815310284,True,-0.3198581661550177,-0.23950405749506196,-0.645367792294329,-0.037475547940315546
DS,demographic,0.0,M,9,102.645,88.14874815310283,True,0.6694966802313128,-0.8192960662525878,0.568950762713881,-0.8716279955260464
DS,demographic,0.0,M,10,46.67,32.173748153102835,True,0.3447047904619118,0.04991694628876037,-0.39872159158515974,0.8147840365531519
DS,demographic,0.0,M,11,79.08,64.58374815310283,True,-0.9173403774303323,0.7713276694985839,-0.6460417410342447,0.4659908141167511
DS,demographic,0.0,M,12,74.805,60.30874815310284,True,0.13347326336831583,0.07789533804526307,0.7781947121677255,-0.05749601389781299
DS,demographic,0.0,M,13,54.405,39.908748153102835,True,-0.4833383308345826,-0.7627624283096546,0.5079488827015063,0.4298336546012707
DS,demographic,0.0,M,14,95.345,80.84874815310283,True,-0.43387544323076555,-0.5509845077461268,0.007679017634040121,-0.11979058090002616
DS,demographic,0.0,M,15,131.64000000000001,117.14374815310285,True,-0.7534737393208156,0.5608119749648984,0.6593798338925774,-0.7685176459389351
DS,demographic,0.0,M,16,87.595,73.09874815310283,True,-0.2154932057780633,-0.31218010042597744,0.1793988719925751,-0.7585340663001832
DS,demographic,0.0,M,17,86.745,72.24874815310284,True,-0.6156721639180408,-0.08152971133480877,-0.33692011137288497,-0.042592989219675866
DS,demographic,0.0,M,18,51.1,36.60374815310284,True,-0.04892506127888436,-0.33044144594369473,-0.09198733966350156,-0.4617472216272815
DS,demographic,0.0,M,19,39.745,25.248748153102834,True,-0.6666638109516669,-0.29728659479783914,0.2309045477261369,-0.23671878346541012
DS,demographic,0.0,M,20,107.325,92.82874815310284,True,-0.28035982008995497,-0.32318983365460124,-0.49718854858285133,0.7784764760476903
DS,demographic,0.0,M,21,64.73,50.23374815310284,True,-0.7343556793032053,0.4116865376835391,0.5622303134147211,-0.7473453749315817
DS,demographic,0.0,M,22,27.060000000000002,12.56374815310284,True,-0.6364998453154374,0.4076428452440446,0.6595131005925607,-0.3746993170081625
DS,demographic,0.0,M,23,25.295,10.798748153102839,True,0.4088289188738963,-0.423543466362057,0.7235896337545512,0.6757392732205325
DS,demographic,0.0,M,24,26.21,11.713748153102838,True,-0.7923761928559528,0.06404892791699386,0.482327407724709,0.7114928250160633
DS,demographic,0.0,M,25,46.115,31.61874815310284,True,0.11304728588086907,0.2129668499083791,0.305775683586778,-0.845958925299255
DS,demographic,0.0,M,26,65.235,50.73874815310283,True,-0.7706689512386663,-0.6037447942695319,0.1816739249422907,0.28715261416910587
DS,demographic,0.0,M,27,32.275,17.778748153102836,True,-0.08000856714499892,-0.7664196473191973,0.483551557554556,-0.2282068489564741
DS,demographic,0.0,M,28,95.59,81.09374815310284,True,-0.6888051212488993,0.13090502367863685,0.6734566050308177,0.3882582518264676
DS,demographic,0.0,M,29,90.45,75.95374815310284,True,0.5930206325408723,-0.468591418576426,0.3571385735703576,-0.8156921539230384
DS,demographic,0.0,M,30,132.76500000000001,118.26874815310285,True,0.34935579829133045,-0.5196135265700482,-0.08071678446491039,-0.6417543609147806
DS,demographic,0.0,M,31,29.67,15.173748153102839,True,-0.1092263392113467,0.8440208467194973,-0.32075295685490585,-0.6659803431617524
DS,demographic,0.0,M,32,140.57500000000002,126.07874815310285,True,-0.5310915970586134,0.4365921801004259,0.5339701577782536,0.8813469455748314
DS,demographic,0.0,M,33,92.29,77.79374815310284,True,0.23832559910520926,0.07708431498536444,0.43999999999999995,-0.14787939363651506
DS,demographic,0.0,M,34,70.63,56.13374815310283,True,-0.3919345089360081,0.48530306275433704,0.18940148973132478,-0.1590357202351205
DS,demographic,0.0,M,35,35.745,21.248748153102834,True,0.6351081602056113,0.0882711025439661,0.6267256847766591,0.7113062516360865
DS,demographic,0.0,M,36,123.075,108.57874815310284,True,-0.42246019847219235,-0.10710549487161179,-0.2377030532352871,-0.382503034197187
DS,demographic,0.0,M,37,78.26,63.76374815310284,True,-0.018306085052711737,-0.4637538373670307,-0.7805383022774326,-0.6531543751933556
DS,demographic,0.0,M,38,94.645,80.14874815310283,True,0.678486471050189,-0.005518193284310225,0.517382261250327,-0.7155650746055543
DS,demographic,0.0,M,39,107.11500000000001,92.61874815310284,True,-0.46038790128745144,0.6276452250065442,0.3194659812950667,-0.23884724304514404
DS,demographic,0.0,M,40,113.89,99.39374815310283,True,0.4372737440803407,0.2854144356393231,-0.6147354893981579,-0.39799623997525035
DS,demographic,0.0,M,41,69.31,54.813748153102836,True,0.7842050403369742,-0.8090478570238688,0.46452678422693405,-0.11551462364056064
DS,demographic,0.0,M,42,91.395,76.89874815310283,True,-0.5791228195426095,0.0556854905880393,0.12358297041955212,0.6972332881178457
DS,demographic,0.0,M,43,115.215,100.71874815310284,True,0.7749772732681277,-0.7727974108184001,-0.06067728040741533,-0.7224187906046976
DS,demographic,0.0,M,44,121.485,106.98874815310283,True,-0.2268437209966445,0.4601251755074843,-0.26789747983151274,-0.157887722805264
DS,demographic,0.0,M,45,86.33,71.83374815310283,True,0.8363922800504507,0.1053901620618262,-0.6282791937364649,0.027733752171533278
DS,demographic,0.0,M,46,70.035,55.53874815310283,True,-0.1746679041431665,-0.24109945027486251,-0.03233526094095809,-0.7934404226458197
DS,demographic,0.0,M,47,44.985,30.488748153102836,True,0.09557221389305345,0.5566502463054186,0.8037495537945312,-0.11539087599057612
DS,demographic,0.0,M,48,78.495,63.99874815310284,True,0.32197139525475355,-0.01947692820256538,-0.7121572547059802,0.7054729777968157
DS,demographic,0.0,M,49,38.45,23.95374815310284,True,-0.15359463125580064,0.5084495847314437,0.35373836891078264,-0.41506960805311627
DS,demographic,0.0,M,50,8.585,-5.911251846897162,False,,,,
DS,demographic,0.0,M,51,56.845,42.34874815310283,True,0.20307274933961586,0.21394731205825654,-0.44656433687917935,-0.07560695842554911
DS,demographic,0.0,M,52,114.60000000000001,100.10374815310284,True,0.30556626448680413,0.5393369981675828,-0.22211656076723538,0.34444967992194375
DS,demographic,0.0,M,53,77.33,62.83374815310283,True,0.6306418219461697,-0.8398534066300182,-0.158359867685205,0.11918516932010184
DS,demographic,0.0,M,54,98.81,84.31374815310284,True,-0.22618500273672684,0.043617238999547836,0.28893458032888314,0.3469265367316341
DS,demographic,0.0,M,55,138.185,123.68874815310284,True,-0.6383693867352037,-0.7079060469765116,0.20628638061921417,0.6974446110278193
DS,demographic,0.0,M,56,60.355000000000004,45.85874815310284,True,0.6396658813450417,-0.7174993455653124,-0.0919454558435068,0.8309721329811284
DS,demographic,0.0,M,57,99.045,84.54874815310284,True,0.5643816187144522,-0.8648237785868969,-0.32536208086432966,0.27473786916065773
DS,demographic,0.0,M,58,115.985,101.48874815310283,True,0.22408319649698957,0.6223012303372122,-0.13209300111848837,-0.3519335570310082
DS,demographic,0.0,M,59,71.4,56.90374815310284,True,-0.789446229266319,0.4811794102948525,-0.6993141524475855,0.09881820994264771
DS,demographic,0.0,M,60,99.105,84.60874815310284,True,-0.3206882273149139,-0.6159329858880083,-0.5159563075605054,0.3390466671426191
DS,demographic,0.0,M,61,80.625,66.12874815310283,True,0.2917446038885319,-0.42730158730158724,-0.05338568810832678,0.404143642464482
DS,demographic,0.0,M,62,22.47,7.973748153102836,True,0.8693129625663357,-0.7897603579162799,-0.5603645796149543,-0.09753504200280809
DS,demographic,0.0,M,63,28.575,14.078748153102836,True,0.7460165155517477,0.322679612574665,-0.5028619023821422,0.3723766688084528
DS,demographic,0.0,M,64,88.655,74.15874815310283,True,0.17110016420361243,0.6714081054710739,0.2214730729873158,0.08093191499488349
DS,demographic,0.0,M,65,33.29,18.793748153102836,True,0.5654172913543227,-0.7106894171961637,-0.22466195473691722,-0.6954265724280716
DS,demographic,0.0,M,66,80.805,66.30874815310284,True,0.33165036529354364,-0.7771114442778609,-0.8595635515575544,0.45286785178839145
DS,demographic,0.0,M,67,108.055,93.55874815310284,True,-0.03955450846005568,-0.5128492896408937,-0.5042478760619689,-0.7599447895100068
DS,demographic,0.0,M,68,80.105,65.60874815310284,True,0.1819614002522548,0.23951357654506075,-0.43165940839104244,-0.25702101330287236
DS,demographic,0.0,M,69,64.015,49.518748153102834,True,0.4265096023416862,-0.47356988172580367,-0.6388662811451415,0.34127793246234017
DS,demographic,0.0,M,70,72.26,57.76374815310284,True,0.5669955498441255,0.04616834439922895,0.38981937602627253,0.34752623688155915
DS,demographic,0.0,M,71,69.805,55.30874815310284,True,-0.31878251350515213,-0.4729168748958853,0.6825225482496845,-0.16812831679398393
DS,demographic,0.0,M,72,142.3,127.80374815310284,True,-0.379295114347588,-0.3977106684752861,-0.228071678446491,0.16777040051402867
DS,demographic,0.0,M,73,40.665,26.168748153102836,True,0.015418005283072746,0.4211046857523618,-0.3933928273958258,0.25013683634373285
DS,demographic,0.0,M,74,110.185,95.68874815310284,True,-0.8218566907022677,0.792246733775969,0.2620356488422455,0.4393336665000832
DS,demographic,0.0,M,75,107.505,93.00874815310283,True,-0.5910673234811165,-0.7643368791794578,-0.491991147283501,0.8022303134147211
DS,demographic,0.0,M,76,115.235,100.73874815310283,True,0.4284115085314485,0.44259870064967505,0.15132719354608407,0.5545636705456793
DS,demographic,0.0,M,77,51.96,37.46374815310284,True,0.5526141691059232,-0.7084486328264438,0.4301363603912329,-0.3243778110944527
DS,demographic,0.0,M,78,131.585,117.08874815310284,True,-0.6705095071511862,0.7047457223769067,-0.6888451012588942,-0.596175245710478
DS,demographic,0.0,M,79,100.77,86.27374815310283,True,0.09400728207324907,-0.22720544489659927,0.10254586992218175,0.4537474120082815
DS,demographic,0.0,M,80,75.935,61.438748153102836,True,0.601559220389805,-0.8761171795054852,0.6777287546702838,-0.6951771733181028
DS,demographic,0.0,M,81,70.755,56.25874815310283,True,-0.49427191166321593,-0.1022526831822184,-0.3586387758501701,0.2590980700126127
DS,demographic,0.0,M,82,88.355,73.85874815310284,True,-0.762471145379691,-0.04514219080935721,0.11486923205064133,0.030039266081245086
DS,demographic,0.0,M,83,15.97,1.4737481531028376,True,-0.040919540229885046,-0.3287889388639013,0.28563908521929504,-0.2074781656790652
DS,demographic,0.0,M,84,114.805,100.30874815310284,True,0.5715532709835557,-0.08869755598391278,0.2890469051188691,-0.3874529401965683
DS,demographic,0.0,M,85,120.145,105.64874815310283,True,-0.562942338354632,0.5108026938911496,0.255743556793032,-0.7719597344185049
DS,demographic,0.0,M,86,78.915,64.41874815310284,True,0.10986411556126696,-0.5612860236548392,-0.6435210965945597,0.4012098712548487
DS,demographic,0.0,M,87,4.9750000000000005,-9.521251846897162,False,,,,
DS,demographic,0.0,M,88,6.68,-7.816251846897163,False,,,,
DS,demographic,0.0,M,89,127.235,112.73874815310283,True,0.6124090335784488,0.20190571380976174,-0.5717055757835368,0.7973565598153303
DS,demographic,0.0,M,90,115.5,101.00374815310283,True,0.09703433997287068,-0.7057147616667855,0.1908807501011399,-0.2972675566978415
DS,demographic,0.0,M,91,19.81,5.313748153102836,True,-0.5975269508103089,0.45027676637871533,-0.7281454510839817,0.8191209157326097
DS,demographic,0.0,M,92,82.705,68.20874815310283,True,-0.7440746293519905,0.2817324670997834,0.2078779657790152,-0.7294438495038194
DS,demographic,0.0,M,93,91.395,76.89874815310283,True,-0.5423069417672115,0.8459532138692557,0.8456961995192878,-0.7859279883867588
DS,demographic,0.0,M,94,69.2,54.703748153102836,True,-0.2929687537183789,-0.7469113062516359,-0.4138416506032697,0.2206677613574165
DS,demographic,0.0,M,95,99.87,85.37374815310284,True,0.19610099712048734,-0.641343137954832,0.04983508245877061,-0.328351062563956
DS,demographic,0.0,M,96,83.02,68.52374815310283,True,0.09381499726327311,-0.1165445848504319,0.09025677637371789,0.048348206848956465
DS,demographic,0.0,M,97,110.55,96.05374815310283,True,-0.03686823255039146,-0.8072544680040931,0.48015516051498053,0.09438804407320148
DS,demographic,0.0,M,98,116.825,102.32874815310284,True,0.7603084172199613,-0.23675876347540512,0.2939701577782537,-0.4958292282430212
DS,demographic,0.0,M,99,128.89000000000001,114.39374815310285,True,0.6455676923443039,-0.1017615002022798,-0.5954327598105708,-0.5969558078103804
DS,demographic,0.0,M,100,65.83,51.33374815310283,True,-0.017554080102805736,-0.2371300064253587,0.30611836938673515,-0.6096161443087978
DS,demographic,0.0,M,101,76.03,61.533748153102835,True,0.41744746674281896,-0.5525627662359295,-0.09713524190285808,-0.3461859546417267
DS,demographic,0.0,M,102,26.115000000000002,11.618748153102839,True,0.10524356869184454,0.5605302110849336,0.7292782180338402,-0.8995625996525546
DS,demographic,0.0,M,103,99.35000000000001,84.85374815310284,True,0.02546250684181718,-0.044255015349468116,-0.43430760810071145,0.19184027034101994
DS,demographic,0.0,M,104,11.525,-2.9712518468971627,False,,,,
DS,demographic,0.0,M,105,106.705,92.20874815310283,True,-0.67399919088075,-0.17710097332286234,0.7912015420860996,0.7413959686823254
DS,demographic,0.0,M,106,134.5,120.00374815310283,True,0.7029199685871348,-0.5490692748863663,0.5140049023107492,0.39273410913590817
DS,demographic,0.0,M,107,105.10000000000001,90.60374815310284,True,0.7131681778158538,-0.6530134932533732,0.3012122510173484,-0.6852526117893434
DS,demographic,0.0,M,108,62.805,48.30874815310284,True,-0.18457913900192757,-0.863262654387092,0.8735413245758071,0.2213950167773256
DS,demographic,0.0,M,109,18.695,4.198748153102837,True,0.6050831726993645,0.43296542205087923,-0.02914447538135694,-0.06557387972680326
DS,demographic,0.0,M,110,107.84,93.34374815310284,True,0.06989362461626329,0.4721401204159824,0.5892244354013468,-0.8570962137978628
DS,demographic,0.0,M,111,127.825,113.32874815310284,True,-0.11370790795078649,-0.6173208633778348,-0.6604497751124437,0.8904090811736987
DS,demographic,0.0,M,112,98.39,83.89374815310283,True,0.42244116037219476,0.06439542133695056,-0.0992998738725875,0.2331548511458556
DS,demographic,0.0,M,113,141.73,127.23374815310282,True,-0.6043635325194544,0.6012698412698412,-0.7411789343423525,0.7212765046048403
DS,demographic,0.0,M,114,68.44,53.94374815310283,True,-0.7349572832631301,-0.4837419385545322,0.03877775398015277,0.44506794221936646
DS,demographic,0.0,M,115,99.82000000000001,85.32374815310284,True,0.2555569834130553,0.6877028152590371,0.8043206967944598,-0.4442911877394635
DS,demographic,0.0,M,116,31.585,17.088748153102838,True,0.35915661217010536,0.6102405939887199,-0.47887389638514066,-0.7552614169105922
DS,demographic,0.0,M,117,85.775,71.27874815310284,True,-0.5041165131719854,-0.07612860236548391,0.1567263987054092,-0.5522162728159729
DS,demographic,0.0,M,118,94.22,79.72374815310283,True,0.6816258537397966,-0.23783822374527017,-0.39162228409604716,-0.6311786963661025
DS,demographic,0.0,M,119,74.345,59.84874815310283,True,-0.42975179077128095,0.27845791390019276,-0.4521881916184764,0.628551438566431
DS,demographic,0.0,M,120,13.290000000000001,-1.2062518468971621,False,,,,
DS,demographic,0.0,M,121,55.24,40.74374815310284,True,0.6460055686442492,0.026762809071654643,-0.8267171176316602,0.7536222365007972
DS,demographic,0.0,M,122,78.925,64.42874815310283,True,0.36256062444967985,-0.7758815830180147,0.5470169677066228,0.07620475476547439
DS,demographic,0.0,M,123,87.33500000000001,72.83874815310284,True,-0.01996430356250446,0.7338987649032624,0.7644739534994407,-0.742087051712239
DS,demographic,0.0,M,124,49.68,35.18374815310284,True,-0.11389067371076364,0.5408695652173913,-0.6531657980533542,0.6422550629447179
DS,demographic,0.0,M,125,80.94,66.44374815310283,True,-0.604582470669427,0.683855215249518,-0.34101520668237306,-0.5106085052711739
DS,demographic,0.0,M,126,70.32000000000001,55.82374815310284,True,-0.1901725327812284,-0.6458856286142642,-0.2484043692439494,0.14376335641702953
DS,demographic,0.0,M,127,79.12,64.62374815310284,True,-0.4942281240332214,-0.15247709478594035,-0.2707570024511553,0.7144856143356892
DS,demographic,0.0,M,128,57.345,42.84874815310283,True,-0.7127360129459079,-0.3017338949572832,0.328975512243878,0.8303990861712
DS,demographic,0.0,M,129,103.775,89.27874815310284,True,0.45280502605839934,-0.7472425691915946,-0.18447252564194092,0.3955422288855571
DS,demographic,0.0,M,130,89.98,75.48374815310284,True,0.3578372718402703,0.8521958068584754,-0.6663649127817042,-0.22514552247685676
DS,demographic,0.0,M,131,116.385,101.88874815310284,True,-0.20401703909949784,-0.4127850360534018,-0.3987901287451512,0.6256424168867946
DS,demographic,0.0,M,132,109.665,95.16874815310284,True,-0.5321767687584777,0.3307612860236548,-0.8256776373717901,-0.4497075271887865
DS,demographic,0.0,M,133,60.96,46.46374815310284,True,0.08125937031484257,-0.5844553913519429,-0.4727474358059065,-0.7332819304633397
DS,demographic,0.0,M,134,103.63,89.13374815310283,True,0.7051150615168604,-0.4787920325551509,-0.4826567668546678,-0.29596725446800404
DS,demographic,0.0,M,135,121.145,106.64874815310283,True,0.5668965517241378,0.5132928773708383,0.20484329263939455,-0.1279788677090026
DS,demographic,0.0,M,136,102.095,87.59874815310283,True,0.0660783893767402,-0.442855714999643,0.5125694295709288,0.17395587920325548
DS,demographic,0.0,M,137,69.69500000000001,55.19874815310284,True,0.13341234144832342,-0.27298636396087667,0.042912829299635885,0.4337707336807786
DS,demographic,0.0,M,138,77.09,62.59374815310284,True,0.43556221889055463,-0.4755803050855524,0.8255900621118012,0.06478570238690178
DS,demographic,0.0,M,139,101.32000000000001,86.82374815310284,True,-0.03475881107065514,-0.5013293353323337,-0.70991837414626,-0.7368192094428975
DS,demographic,0.0,M,140,23.7,9.203748153102836,True,-0.4973770257728278,0.08522500654434687,-0.7077765878965278,0.7497251374312842
DS,demographic,0.0,M,141,96.69500000000001,82.19874815310284,True,0.42902072773137234,-0.14376906784702886,-0.3138821065657647,-0.2684419694914447
DS,demographic,0.0,M,142,75.3,60.80374815310283,True,0.5787706146926536,0.15614573665548176,0.7453063944218365,0.5734037743033243
DS,demographic,0.0,M,143,81.63,67.13374815310283,True,0.7277589776540301,0.11487494348064062,-0.2617710192522786,-0.5860622069917422
DS,demographic,0.0,M,144,116.99000000000001,102.49374815310284,True,0.5814987744223126,-0.6875200494990599,-0.758838675900145,0.5907189262511601
DS,demographic,0.0,M,145,85.2,70.70374815310284,True,0.34882463530139685,-0.8647704719069036,0.08673472787415815,-0.6341981390257251
DS,demographic,0.0,M,146,12.16,-2.336251846897163,False,,,,
DS,demographic,0.0,M,147,79.2,64.70374815310284,True,-0.4298907689012636,-0.4818457437947692,0.41511720330311025,-0.6359724899455033
DS,demographic,0.0,M,148,107.39,92.89374815310283,True,0.546982699126627,0.9243406867994572,-0.7743604388282048,0.6289702767663785
DS,demographic,0.0,M,149,114.64,100.14374815310283,True,-0.3325737131434282,-0.7810485233573687,-0.6990933104876131,0.7308583803336426
DS,demographic,0.0,M,150,98.13,83.63374815310283,True,-0.32829775588396276,0.3458680183717664,0.4711844077961019,-0.048068346778991446
DS,demographic,0.0,M,151,18.125,3.628748153102837,True,-0.051055424668618066,-0.45247185930844097,0.30388139263701475,-0.8376107184502986
DS,demographic,0.0,M,152,65.735,51.23874815310283,True,0.17424906594321882,0.5984293567501963,0.2694586040313176,-0.6246752814069154
DS,demographic,0.0,M,153,19.045,4.548748153102839,True,0.2544299278931962,0.26124937531234377,0.7027886056971513,0.8352652245305917
DS,demographic,0.0,M,154,109.36,94.86374815310283,True,0.7051455224768567,0.8373841650603269,-0.0749710858856286,-0.6433783108445776
DS,demographic,0.0,M,155,84.86,70.36374815310283,True,0.4772042550153494,-0.3577154280002855,-0.5239580209895052,0.4303667214012041
DS,demographic,0.0,M,156,97.505,83.00874815310283,True,0.6319307013160086,-0.9236914875895385,-0.613631279598296,-0.11664548678041929
DS,demographic,0.0,M,157,112.255,97.75874815310283,True,-0.6691616096713546,-0.46276385616715443,0.6357897241855262,0.13355131957830607
DS,demographic,0.0,M,158,89.51,75.01374815310284,True,0.35791342424026074,0.4977444611027818,0.3331105875633611,-0.033797387020775324
DS,demographic,0.0,M,159,10.74,-3.756251846897163,False,,,,
DS,demographic,0.0,M,160,40.24,25.74374815310284,True,0.5844458723019441,-0.8347873682206514,-0.2551876442731015,-0.38858380333642695
DS,demographic,0.0,M,161,12.275,-2.2212518468971627,False,,,,
DS,demographic,0.0,M,162,70.485,55.98874815310283,True,0.5171499964303561,-0.8540196568382474,0.357391780300326,-0.5929482877608814
DS,demographic,0.0,M,163,99.245,84.74874815310284,True,0.4089717046238785,0.6805540087099305,0.45583969919802,0.3233611765545798
DS,demographic,0.0,M,164,122.53,108.03374815310283,True,-0.10123604864234548,0.043596297089550456,0.5753646986030793,-0.013438042883320242
DS,demographic,0.0,M,165,114.11500000000001,99.61874815310284,True,-0.6142195568882225,-0.041149901239856256,-0.23784583898526923,-0.39893672211513287
DS,demographic,0.0,M,166,75.99,61.49374815310283,True,0.6670807453416149,-0.02425929892196758,0.09873634611265794,-0.5394245734275719
DS,demographic,0.0,M,167,135.635,121.13874815310282,True,0.10264486804216937,0.7540924775707384,-0.33154375193355695,0.06179291306727588
DS,demographic,0.0,M,168,112.145,97.64874815310283,True,-0.016920111372884985,-0.5573946360153256,0.4439123295495109,-0.4941957592632254
DS,demographic,0.0,M,169,122.075,107.57874815310284,True,0.6313690773660787,-0.06461816710692271,0.6611084933723613,0.04227124532971609
DS,demographic,0.0,M,170,129.67000000000002,115.17374815310285,True,0.3288822255538897,-0.3421708193522286,-0.30585183598676846,0.2810261535898717
DS,demographic,0.0,M,171,46.125,31.628748153102837,True,-0.4061007591442374,0.6540034744532495,-0.3853416149068322,0.7983160800552103
DS,demographic,0.0,M,172,97.65,83.15374815310284,True,0.5905342566811831,-0.36182956140977124,-0.06217177125722852,-0.42393755503200775
DS,demographic,0.0,M,173,17.945,3.448748153102837,True,0.21135051521858117,-0.03164037029104495,-0.6242964232169628,0.7636001047095499
DS,demographic,0.0,M,174,117.18,102.68374815310284,True,0.5943647224007043,0.6215930130173007,0.6569886485328763,-0.3638647342995168
DS,demographic,0.0,M,175,75.615,61.11874815310283,True,0.6728854620308892,0.3549853644606268,-0.46204611979724414,0.6118512172485184
DS,demographic,0.0,M,176,96.33500000000001,81.83874815310284,True,-0.5323652459484542,-0.6515056757335617,0.29171033530853613,0.8818762047547654
DS,demographic,0.0,M,177,98.08500000000001,83.58874815310284,True,0.5850646105518668,-0.6502586801837176,-0.7752476142880939,0.5321900954284761
DS,demographic,0.0,M,178,105.11500000000001,90.61874815310284,True,-0.006748054544156491,0.8240403607719948,-0.07330144451583731,0.8444777611194402
DS,demographic,0.0,M,179,104.015,89.51874815310283,True,0.2271483305966064,0.7092215796863471,0.4223992765522,-0.31173270507603335
DS,demographic,0.0,M,180,112.21000000000001,97.71374815310284,True,-0.6106651436186668,0.5324813783584398,0.10666000333166747,-0.6505575783536802
DS,demographic,0.0,M,181,55.6,41.10374815310284,True,0.48774945860403124,0.6988115466076484,-0.5606044596749243,0.4158939577830132
DS,demographic,0.0,M,182,79.815,65.31874815310283,True,-0.7311325289736084,-0.22851526617643556,0.3345232145831845,-0.015301872873087262
DS,demographic,0.0,M,183,66.08500000000001,51.58874815310284,True,0.30785845172651766,0.6382323124152208,0.11713476595035814,-0.26233073939220863
DS,demographic,0.0,M,184,114.88,100.38374815310283,True,-0.007838937674020132,-0.7805763784774278,-0.0006787082649151613,-0.7814692653673162
DS,demographic,0.0,M,185,116.32000000000001,101.82374815310284,True,-0.7409447657123818,0.46602317888674705,0.500527831322434,0.7500335546512457
DS,demographic,0.0,M,186,71.17,56.673748153102835,True,-0.29364841388829394,0.0887318245639085,0.8182108945527234,-0.7421308393422336
DS,demographic,0.0,M,187,110.2,95.70374815310284,True,0.5047085980819113,0.47458842007567636,0.050389091168701355,-0.6326255919659217
DS,demographic,0.0,M,188,50.185,35.688748153102836,True,-0.5244777611194401,0.7381861450227266,-0.13872777896765898,-0.6058999071892623
DS,demographic,0.0,M,189,131.245,116.74874815310284,True,0.2307750886461531,-0.6640936674519882,-0.41408343447323953,-0.5950691321006162
DS,demographic,0.0,M,190,111.7,97.20374815310284,True,0.7688013136288997,0.5366373955879202,-0.6782427833702195,0.12091382879988574
DS,demographic,0.0,M,191,138.28,123.78374815310283,True,0.36961424049879815,-0.1119126151210109,-0.14711025439661118,-0.45592156302800974
DS,demographic,0.0,M,192,133.32,118.82374815310283,True,0.03727945551034006,-0.7060422169867446,-0.07853882582518264,-0.49641369791294815
DS,demographic,0.0,M,193,111.58,97.08374815310283,True,-0.48458532638442675,-0.2516694033935413,-0.4806349206349205,0.7794359962875703
DS,demographic,0.0,M,194,8.88,-5.616251846897162,False,,,,
DS,demographic,0.0,M,195,22.475,7.978748153102838,True,-0.2358772994455153,0.2043901858594512,0.5256676423692914,-0.18357392732205324
DS,demographic,0.0,M,196,76.19500000000001,61.69874815310284,True,0.22017086694747862,0.08468051688441493,0.6630560910021178,-0.4154180052830727
DS,demographic,0.0,M,197,45.89,31.393748153102838,True,-0.3761100402179862,-0.1474662668665667,0.14585373979676824,0.23993622236500792
DS,demographic,0.0,M,198,54.065,39.56874815310283,True,-0.5083524904214559,0.32176387996477945,0.6381066609552366,0.5904999881011874
DS,demographic,0.0,M,199,54.7,40.203748153102836,True,0.8277851550415266,-0.48072059208490986,0.18225839461221766,-0.6520653958734918
