study,base,pattern,level,method,bias,bias2,rmse,coverage,sd,n_rep,spearman,bias_ref,bias2_ref,rmse_ref,coverage_ref,sd_ref,n_rep_ref,spearman_ref,d_bias,d_bias2,d_rmse,d_coverage,d_sd,d_spearman
headtohead,block,crisis_dist,high,amatrix,-0.025283891112648702,0.00109513579542305,0.050884059208798224,0.927734375,0.048071986250536665,8,0.9168744460825382,-0.028294975636468718,0.0015222390142508365,0.0560394522317198,0.873046875,0.0439981056240098,8,0.9003091679166385,0.003011084523820016,-0.0004271032188277865,-0.0051553930229215755,0.0546875,0.004073880626526867,0.0165652781658997
headtohead,block,crisis_dist,high,amatrix_proj,-0.008468984972582002,0.00028985234477698377,0.04125868862539849,0.962890625,0.045171680791296624,8,0.921235988931367,-0.028294975636468718,0.0015222390142508365,0.0560394522317198,0.873046875,0.0439981056240098,8,0.9003091679166385,0.019825990663886718,-0.0012323866694738527,-0.014780763606321308,0.08984375,0.0011735751672868264,0.020926821014728536
headtohead,block,crisis_dist,high,pp,0.01476316892351475,0.0011032261517962114,0.04643487555171362,0.4990234375,0.01662412840435285,8,0.9089027881147462,-0.028294975636468718,0.0015222390142508365,0.0560394522317198,0.873046875,0.0439981056240098,8,0.9003091679166385,0.04305814455998347,-0.00041901286245462515,-0.00960457668000618,-0.3740234375,-0.027373977219656946,0.008593620198107721
headtohead,block,crisis_dist,high,pp_sample,0.008209088418810762,0.0003852583309933206,0.04526982905876911,0.8583984375,0.03522936600761067,8,0.9144377769079194,-0.028294975636468718,0.0015222390142508365,0.0560394522317198,0.873046875,0.0439981056240098,8,0.9003091679166385,0.03650406405527948,-0.0011369806832575158,-0.010769623172950687,-0.0146484375,-0.00876873961639913,0.014128608991280878
headtohead,block,crisis_dist,low,amatrix,-0.004906274893524293,0.00027248752969859116,0.04106801673392021,0.9658203125,0.04840879098253759,8,0.9198841274597619,-0.005488769828950332,0.0002844160537674666,0.0422845356572642,0.943359375,0.0439981056240098,8,0.917528646160815,0.000582494935426039,-1.1928524068875452e-05,-0.0012165189233439913,0.0224609375,0.004410685358527795,0.0023554812989469154
headtohead,block,crisis_dist,low,amatrix_proj,-0.0019314067470254687,0.0002517112333652537,0.04081361061348895,0.9677734375,0.04781223925859433,8,0.919944570224419,-0.005488769828950332,0.0002844160537674666,0.0422845356572642,0.943359375,0.0439981056240098,8,0.917528646160815,0.0035573630819248636,-3.27048204022129e-05,-0.0014709250437752522,0.0244140625,0.003814133634584535,0.0024159240636040247
headtohead,block,crisis_dist,low,pp,0.0055253108742516965,0.00046049240839226224,0.04243587330995298,0.52734375,0.01709708485554685,8,0.9177732781356163,-0.005488769828950332,0.0002844160537674666,0.0422845356572642,0.943359375,0.0439981056240098,8,0.917528646160815,0.011014080703202029,0.00017607635462479562,0.0001513376526887794,-0.416015625,-0.026901020768462947,0.0002446319748012904
headtohead,block,crisis_dist,low,pp_sample,0.011761101381062664,0.00041122501782837835,0.04639323149976356,0.845703125,0.035326599845767276,8,0.9139782568278637,-0.005488769828950332,0.0002844160537674666,0.0422845356572642,0.943359375,0.0439981056240098,8,0.917528646160815,0.017249871210012997,0.00012680896406091173,0.0041086958424993575,-0.09765625,-0.008671505778242522,-0.003550389332951265
headtohead,block,crisis_dist,medium,amatrix,-0.01488986596737249,0.0005477066079248987,0.04347784153749923,0.9736328125,0.047668789463108804,8,0.9221051018561989,-0.016484455051139494,0.0007038016503458577,0.046634873272079824,0.9248046875,0.0439981056240098,8,0.9132418224420745,0.0015945890837670042,-0.00015609504242095897,-0.0031570317345805954,0.048828125,0.0036706838390990065,0.008863279414124348
headtohead,block,crisis_dist,medium,amatrix_proj,-0.0044132222230907625,0.00023490875252288435,0.03933387128071261,0.9755859375,0.045863541505102065,8,0.9251912626078802,-0.016484455051139494,0.0007038016503458577,0.046634873272079824,0.9248046875,0.0439981056240098,8,0.9132418224420745,0.012071232828048731,-0.00046889289782297335,-0.007301001991367212,0.05078125,0.0018654358810922672,0.01194944016580568
headtohead,block,crisis_dist,medium,pp,0.014070000366536087,0.0009421213310903635,0.04401624590165603,0.5087890625,0.016863114431530116,8,0.919736746278419,-0.016484455051139494,0.0007038016503458577,0.046634873272079824,0.9248046875,0.0439981056240098,8,0.9132418224420745,0.030554455417675583,0.00023831968074450587,-0.002618627370423794,-0.416015625,-0.027134991192479682,0.006494923836344424
headtohead,block,crisis_dist,medium,pp_sample,0.012060023186661406,0.00042089050494995196,0.04450130959988981,0.8701171875,0.035262386158823725,8,0.9218468785829871,-0.016484455051139494,0.0007038016503458577,0.046634873272079824,0.9248046875,0.0439981056240098,8,0.9132418224420745,0.028544478237800902,-0.0002829111453959057,-0.002133563672190017,-0.0546875,-0.008735719465186073,0.00860505614091256
headtohead,block,crisis_idp,high,amatrix,-0.01703930776764308,0.0006111275580169577,0.0474431707448451,0.9501953125,0.04941533313355979,8,0.9154839080739301,-0.017193353696617144,0.0006358965045441583,0.04870648116122388,0.9072265625,0.0439981056240098,8,0.9135075326866462,0.00015404592897406283,-2.4768946527200684e-05,-0.0012633104163787753,0.04296875,0.005417227509549989,0.001976375387283902
headtohead,block,crisis_idp,high,amatrix_proj,-0.0052032452230169534,0.00023698590488626747,0.04149199840024576,0.9736328125,0.04770758068443916,8,0.9166652257642744,-0.017193353696617144,0.0006358965045441583,0.04870648116122388,0.9072265625,0.0439981056240098,8,0.9135075326866462,0.01199010847360019,-0.0003989105996578909,-0.007214482760978115,0.06640625,0.0037094750604293597,0.003157693077628254
headtohead,block,crisis_idp,high,pp,0.010867010361751453,0.0006734394594873102,0.04418407996020832,0.5419921875,0.017443960012677433,8,0.9102396865065235,-0.017193353696617144,0.0006358965045441583,0.04870648116122388,0.9072265625,0.0439981056240098,8,0.9135075326866462,0.0280603640583686,3.75429549431519e-05,-0.004522401201015561,-0.365234375,-0.026554145611332364,-0.0032678461801226577
headtohead,block,crisis_idp,high,pp_sample,0.008993731912132161,0.0004016587688543136,0.04631939261936659,0.857421875,0.03559452806875139,8,0.9110680020862322,-0.017193353696617144,0.0006358965045441583,0.04870648116122388,0.9072265625,0.0439981056240098,8,0.9135075326866462,0.026187085608749307,-0.00023423773568984475,-0.0023870885418572907,-0.0498046875,-0.008403577555258411,-0.0024395306004140194
headtohead,block,crisis_idp,low,amatrix,-0.0035572736687297514,0.000282545355824457,0.04166921148195836,0.96875,0.04867376674674851,8,0.9173694625235813,-0.0037320778200206654,0.00028188401593535236,0.042492553447167285,0.9462890625,0.0439981056240098,8,0.916304023124545,0.00017480415129091402,6.613398891046536e-07,-0.0008233419652089249,0.0224609375,0.004675661122738713,0.0010654393990363609
headtohead,block,crisis_idp,low,amatrix_proj,-0.0017494918958317455,0.00027990694890172587,0.04153647191099552,0.9697265625,0.04835317024062034,8,0.9171763313091374,-0.0037320778200206654,0.00028188401593535236,0.042492553447167285,0.9462890625,0.0439981056240098,8,0.916304023124545,0.00198258592418892,-1.9770670336264912e-06,-0.0009560815361717642,0.0234375,0.004355064616610539,0.0008723081845924963
headtohead,block,crisis_idp,low,pp,0.0012814587131126075,0.00030855639466703736,0.042086210950385325,0.548828125,0.016913935815356614,8,0.9165375688454096,-0.0037320778200206654,0.00028188401593535236,0.042492553447167285,0.9462890625,0.0439981056240098,8,0.916304023124545,0.005013536533133273,2.6672378731685002e-05,-0.00040634249678195983,-0.3974609375,-0.027084169808653184,0.00023354572086464742
headtohead,block,crisis_idp,low,pp_sample,0.010403266977617598,0.0003948119145877907,0.047268115948658956,0.8447265625,0.03528225308925447,8,0.9113752499046012,-0.0037320778200206654,0.00028188401593535236,0.042492553447167285,0.9462890625,0.0439981056240098,8,0.916304023124545,0.014135344797638262,0.00011292789865243835,0.004775562501491672,-0.1015625,-0.008715852534755326,-0.004928773219943783
headtohead,block,crisis_idp,medium,amatrix,-0.011975555367688935,0.00042858474359218384,0.043507766151104806,0.96484375,0.04855284285681338,8,0.9153491310827417,-0.0121318112982277,0.00043977645347454525,0.044799611243125655,0.9345703125,0.0439981056240098,8,0.9134718275009502,0.00015625593053876508,-1.1191709882361412e-05,-0.001291845092020849,0.0302734375,0.004554737232803585,0.0018773035817915007
headtohead,block,crisis_idp,medium,amatrix_proj,-0.004864783766762388,0.00029388629784374244,0.041391445195261306,0.9775390625,0.04760946859660364,8,0.9156599286839947,-0.0121318112982277,0.00043977645347454525,0.044799611243125655,0.9345703125,0.0439981056240098,8,0.9134718275009502,0.007267027531465312,-0.00014589015563080282,-0.0034081660478643486,0.04296875,0.0036113629725938387,0.0021881011830444663
headtohead,block,crisis_idp,medium,pp,0.005829193018647591,0.000503390623751146,0.04317398017783728,0.533203125,0.017340445439660693,8,0.9115290727775492,-0.0121318112982277,0.00043977645347454525,0.044799611243125655,0.9345703125,0.0439981056240098,8,0.9134718275009502,0.017961004316875293,6.36141702766008e-05,-0.0016256310652883743,-0.4013671875,-0.026657660184349105,-0.0019427547234009968
headtohead,block,crisis_idp,medium,pp_sample,0.008561500807388787,0.00036483652892991755,0.04634492369499992,0.8466796875,0.035503362171917324,8,0.9093356074256713,-0.0121318112982277,0.00043977645347454525,0.044799611243125655,0.9345703125,0.0439981056240098,8,0.9134718275009502,0.020693312105616486,-7.49399245446277e-05,0.0015453124518742672,-0.087890625,-0.008494743452092474,-0.004136220075278918
headtohead,block,distance,high,amatrix,-0.009805560208817647,0.0016894210073298392,0.04910976330728402,0.7490234375,0.032971691429933656,8,0.9229153758889483,-0.00963536678876849,0.0021705128637714917,0.06223962341534315,0.7900390625,0.0439981056240098,8,0.8845642267221264,-0.0001701934200491577,-0.0004810918564416525,-0.013129860108059131,-0.041015625,-0.011026414194076142,0.03835114916682192
headtohead,block,distance,high,amatrix_proj,-0.016823294944668967,0.00036142730897367005,0.029762060196942868,0.7919921875,0.019697762572601064,8,0.9395489554425913,-0.00963536678876849,0.0021705128637714917,0.06223962341534315,0.7900390625,0.0439981056240098,8,0.8845642267221264,-0.007187928155900478,-0.0018090855547978216,-0.032477563218400285,0.001953125,-0.024300343051408733,0.05498472872046489
headtohead,block,distance,high,pp,0.0091834664699044,0.0003585592006235724,0.029614540865509575,0.509765625,0.011838984458810778,8,0.9391963115142957,-0.00963536678876849,0.0021705128637714917,0.06223962341534315,0.7900390625,0.0439981056240098,8,0.8845642267221264,0.01881883325867289,-0.0018119536631479192,-0.032625082549833574,-0.2802734375,-0.03215912116519902,0.0546320847921693
headtohead,block,distance,high,pp_sample,0.022103341636592208,0.0007649582835215254,0.037440090529252165,0.8408203125,0.028405653211364942,8,0.9246982611221939,-0.00963536678876849,0.0021705128637714917,0.06223962341534315,0.7900390625,0.0439981056240098,8,0.8845642267221264,0.031738708425360695,-0.0014055545802499664,-0.024799532886090984,0.05078125,-0.015592452412644855,0.040134034400067464
headtohead,block,distance,low,amatrix,-0.002476581161551718,0.00025272981547608335,0.03981067900809555,0.9765625,0.046616635454314485,8,0.9171629330075051,-0.0022029820151389687,0.00028728709890753337,0.042619985280425175,0.94921875,0.0439981056240098,8,0.9124262178569482,-0.00027359914641274935,-3.4557283431450024e-05,-0.0028093062723296286,0.02734375,0.0026185298303046875,0.004736715150556847
headtohead,block,distance,low,amatrix_proj,-0.004359375138502061,0.0002644618982744898,0.03790807055001834,0.9658203125,0.042087690957957634,8,0.9191621952339921,-0.0022029820151389687,0.00028728709890753337,0.042619985280425175,0.94921875,0.0439981056240098,8,0.9124262178569482,-0.0021563931233630922,-2.282520063304357e-05,-0.004711914730406837,0.0166015625,-0.001910414666052164,0.0067359773770439
headtohead,block,distance,low,pp,0.005953641352518375,0.0006673694592108758,0.039397265145952445,0.5087890625,0.015342761019142432,8,0.9220695321835893,-0.0022029820151389687,0.00028728709890753337,0.042619985280425175,0.94921875,0.0439981056240098,8,0.9124262178569482,0.008156623367657344,0.00038008236030334246,-0.00322272013447273,-0.4404296875,-0.028655344604867364,0.009643314326641117
headtohead,block,distance,low,pp_sample,0.016489805587171478,0.0005743780998973045,0.04309951255818515,0.8427734375,0.03303852941972862,8,0.9179747987190834,-0.0022029820151389687,0.00028728709890753337,0.042619985280425175,0.94921875,0.0439981056240098,8,0.9124262178569482,0.018692787602310447,0.0002870910009897711,0.00047952727775997517,-0.1064453125,-0.010959576204281181,0.005548580862135166
headtohead,block,distance,medium,amatrix,-0.006997805805162472,0.0007406818530778528,0.041410901455455076,0.9296875,0.04050546593946294,8,0.9279620074947534,-0.006589462683896983,0.0010185964200190645,0.050207922729880665,0.88671875,0.0439981056240098,8,0.9062923666035089,-0.00040834312126548835,-0.00027791456694121173,-0.008797021274425589,0.04296875,-0.0034926396845468555,0.021669640891244568
headtohead,block,distance,medium,amatrix_proj,-0.012012079253858528,0.00027518728871286734,0.030422827207421507,0.9326171875,0.028311711760292114,8,0.9385076681660535,-0.006589462683896983,0.0010185964200190645,0.050207922729880665,0.88671875,0.0439981056240098,8,0.9062923666035089,-0.005422616569961545,-0.0007434091313061972,-0.01978509552245916,0.0458984375,-0.015686393863717684,0.032215301562544596
headtohead,block,distance,medium,pp,0.009138650687773208,0.0005408387697314408,0.03238819977359337,0.51953125,0.012880974943849318,8,0.9467872594901023,-0.006589462683896983,0.0010185964200190645,0.050207922729880665,0.88671875,0.0439981056240098,8,0.9062923666035089,0.01572811337167019,-0.00047775765028762376,-0.017819722956287296,-0.3671875,-0.03111713068016048,0.04049489288659347
headtohead,block,distance,medium,pp_sample,0.020989326186831053,0.0006411970094215666,0.037139331333840155,0.853515625,0.029919784884776677,8,0.9372759221737725,-0.006589462683896983,0.0010185964200190645,0.050207922729880665,0.88671875,0.0439981056240098,8,0.9062923666035089,0.027578788870728038,-0.0003773994105974979,-0.01306859139604051,-0.033203125,-0.014078320739233121,0.030983555570263666
headtohead,block,into_hotcold,high,amatrix,0.0005463175429276821,0.0004632462170895413,0.053819399414710554,0.9326171875,0.05550964696851338,8,0.893287490803901,0.001016610852653892,0.0007357603714217126,0.055967126610238095,0.841796875,0.0439981056240098,8,0.8838955600775353,-0.00047029330972620984,-0.00027251415433217135,-0.0021477271955275407,0.0908203125,0.011511541344503586,0.009391930726365683
headtohead,block,into_hotcold,high,amatrix_proj,0.0021930021939117394,0.0004392879385455292,0.05276456840969298,0.9189453125,0.054560430819797195,8,0.8954984858230047,0.001016610852653892,0.0007357603714217126,0.055967126610238095,0.841796875,0.0439981056240098,8,0.8838955600775353,0.0011763913412578474,-0.00029647243287618346,-0.0032025582005451164,0.0771484375,0.010562325195787398,0.011602925745469395
headtohead,block,into_hotcold,high,pp,0.0028725111930098116,0.00042080727726707517,0.05309274269584141,0.443359375,0.016691235538466832,8,0.8947756723805704,0.001016610852653892,0.0007357603714217126,0.055967126610238095,0.841796875,0.0439981056240098,8,0.8838955600775353,0.0018559003403559196,-0.00031495309415463746,-0.0028743839143966846,-0.3984375,-0.027306870085542966,0.010880112303035094
headtohead,block,into_hotcold,high,pp_sample,0.013626856010356833,0.0007514592375651741,0.059078676075741625,0.71875,0.03530348158925237,8,0.8860396748236479,0.001016610852653892,0.0007357603714217126,0.055967126610238095,0.841796875,0.0439981056240098,8,0.8838955600775353,0.012610245157702942,1.5698866143461503e-05,0.0031115494655035297,-0.123046875,-0.008694624034757431,0.0021441147461125354
headtohead,block,into_hotcold,low,amatrix,-0.0007712908883198747,0.00032120785556423545,0.04161455112000594,0.966796875,0.04899555287655065,8,0.9212455033348708,-0.00030394374223041394,0.00034416526722587224,0.04249884286925043,0.939453125,0.0439981056240098,8,0.919465837644244,-0.00046734714608946074,-2.295741166163679e-05,-0.0008842917492444882,0.02734375,0.004997447252540851,0.0017796656906267083
headtohead,block,into_hotcold,low,amatrix_proj,-4.7890824537475464e-05,0.0003033463010680518,0.040787029296766725,0.9765625,0.04854131382172734,8,0.9238949737036487,-0.00030394374223041394,0.00034416526722587224,0.04249884286925043,0.939453125,0.0439981056240098,8,0.919465837644244,0.00025605291769293845,-4.081896615782044e-05,-0.0017118135724837058,0.037109375,0.004543208197717544,0.004429136059404648
headtohead,block,into_hotcold,low,pp,0.0006627752039884508,0.0002898760921467255,0.04135507702738978,0.552734375,0.016659267854901374,8,0.923112077917938,-0.00030394374223041394,0.00034416526722587224,0.04249884286925043,0.939453125,0.0439981056240098,8,0.919465837644244,0.0009667189462188647,-5.428917507914672e-05,-0.0011437658418606486,-0.38671875,-0.027338837769108424,0.003646240273693979
headtohead,block,into_hotcold,low,pp_sample,0.011930677308159783,0.0004582501149271885,0.04741675970513459,0.83203125,0.03522979053118836,8,0.9166057121728992,-0.00030394374223041394,0.00034416526722587224,0.04249884286925043,0.939453125,0.0439981056240098,8,0.919465837644244,0.012234621050390197,0.00011408484770131623,0.004917916835884162,-0.107421875,-0.008768315092821437,-0.002860125471344843
headtohead,block,into_hotcold,medium,amatrix,-0.0027690874959235777,0.0004572402663660569,0.0474353516217747,0.9453125,0.05082109282714706,8,0.9088900975512821,-0.001870752974979455,0.0006292108098451425,0.04898826619036287,0.8994140625,0.0439981056240098,8,0.9025621973451561,-0.0008983345209441227,-0.0001719705434790856,-0.0015529145685881651,0.0458984375,0.00682298720313726,0.006327900206126058
headtohead,block,into_hotcold,medium,amatrix_proj,-0.0013190402456822142,0.0004076458976123154,0.04602121658814067,0.931640625,0.049877781106846326,8,0.9120542261458513,-0.001870752974979455,0.0006292108098451425,0.04898826619036287,0.8994140625,0.0439981056240098,8,0.9025621973451561,0.0005517127292972409,-0.0002215649122328271,-0.002967049602222195,0.0322265625,0.005879675482836529,0.009492028800695218
headtohead,block,into_hotcold,medium,pp,-0.00019602096633291303,0.0003958961039260645,0.04655817442340902,0.48828125,0.016685196369187142,8,0.9107706214718266,-0.001870752974979455,0.0006292108098451425,0.04898826619036287,0.8994140625,0.0439981056240098,8,0.9025621973451561,0.001674732008646542,-0.000233314705919078,-0.00243009176695385,-0.4111328125,-0.027312909254822656,0.008208424126670555
headtohead,block,into_hotcold,medium,pp_sample,0.010743599465116684,0.0006053218011636896,0.05249531337480036,0.7900390625,0.035257203812236154,8,0.9024237867591005,-0.001870752974979455,0.0006292108098451425,0.04898826619036287,0.8994140625,0.0439981056240098,8,0.9025621973451561,0.012614352440096139,-2.3889008681452937e-05,0.0035070471844374923,-0.109375,-0.008740901811773644,-0.00013841058605557066
headtohead,block,into_urban,high,amatrix,0.005386027224201452,0.0007221851093770105,0.05829860743346232,0.916015625,0.056624071387440016,8,0.8837179757656659,0.0017328440370272468,0.0009202087071230673,0.05970331033515984,0.8232421875,0.0439981056240098,8,0.8744780620720453,0.0036531831871742058,-0.00019802359774605683,-0.001404702901697523,0.0927734375,0.012625965763430218,0.00923991369362065
headtohead,block,into_urban,high,amatrix_proj,-0.0017808301218844502,0.0006085341550344913,0.055968129984366725,0.9013671875,0.054522924698177766,8,0.8873971364359092,0.0017328440370272468,0.0009202087071230673,0.05970331033515984,0.8232421875,0.0439981056240098,8,0.8744780620720453,-0.003513674158911697,-0.000311674552088576,-0.0037351803507931144,0.078125,0.010524819074167968,0.01291907436386397
headtohead,block,into_urban,high,pp,0.0006609264924937305,0.0006491392156386717,0.05756606025224831,0.412109375,0.016767728138797316,8,0.8834679855962172,0.0017328440370272468,0.0009202087071230673,0.05970331033515984,0.8232421875,0.0439981056240098,8,0.8744780620720453,-0.0010719175445335163,-0.0002710694914843956,-0.002137250082911532,-0.4111328125,-0.02723037748521248,0.008989923524171939
headtohead,block,into_urban,high,pp_sample,0.01266996412232254,0.000980680477000526,0.06308678042805119,0.7021484375,0.03535849585362199,8,0.8743124741188257,0.0017328440370272468,0.0009202087071230673,0.05970331033515984,0.8232421875,0.0439981056240098,8,0.8744780620720453,0.010937120085295293,6.047176987745864e-05,0.003383470092891347,-0.12109375,-0.008639609770387809,-0.0001655879532195259
headtohead,block,into_urban,low,amatrix,0.0013856191768732518,0.0002930472075521357,0.042326706199403985,0.96484375,0.04924619091991783,8,0.9166177136569493,0.0009959381701390702,0.0003051462181034271,0.04291387671113623,0.9306640625,0.0439981056240098,8,0.915241477581731,0.0003896810067341816,-1.2099010551291402e-05,-0.0005871705117322448,0.0341796875,0.005248085295908034,0.0013762360752183067
headtohead,block,into_urban,low,amatrix_proj,-0.0003037501783887945,0.0002926710722494633,0.041755358266972076,0.970703125,0.048638382150499974,8,0.9187990201020448,0.0009959381701390702,0.0003051462181034271,0.04291387671113623,0.9306640625,0.0439981056240098,8,0.915241477581731,-0.0012996883485278648,-1.24751458539638e-05,-0.0011585184441641541,0.0400390625,0.004640276526490177,0.0035575425203138167
headtohead,block,into_urban,low,pp,0.0007240288308303466,0.00028662044415449787,0.04252497153862762,0.53125,0.01663585122964113,8,0.9165712195195933,0.0009959381701390702,0.0003051462181034271,0.04291387671113623,0.9306640625,0.0439981056240098,8,0.915241477581731,-0.00027190933930872356,-1.8525773948929226e-05,-0.0003889051725086065,-0.3994140625,-0.02736225439436867,0.0013297419378622832
headtohead,block,into_urban,low,pp_sample,0.012450119401764843,0.0004608638908998533,0.04824956424553247,0.8271484375,0.035248726035703504,8,0.910397469007661,0.0009959381701390702,0.0003051462181034271,0.04291387671113623,0.9306640625,0.0439981056240098,8,0.915241477581731,0.011454181231625773,0.0001557176727964262,0.005335687534396241,-0.103515625,-0.008749379588306294,-0.004844008574069969
headtohead,block,into_urban,medium,amatrix,0.0037456803034792495,0.0004616782695161239,0.04685813869104887,0.9521484375,0.051344324602554385,8,0.9103465424649346,0.0016389442081078045,0.0005638056772634834,0.04769603365648908,0.9072265625,0.0439981056240098,8,0.9046091185980063,0.002106736095371445,-0.00010212740774735946,-0.0008378949654402057,0.044921875,0.007346218978544587,0.005737423866928326
headtohead,block,into_urban,medium,amatrix_proj,-0.0012633916482848821,0.0003800260901542363,0.04487303688659157,0.947265625,0.04986066578076145,8,0.9154459264617347,0.0016389442081078045,0.0005638056772634834,0.04769603365648908,0.9072265625,0.0439981056240098,8,0.9046091185980063,-0.0029023358563926866,-0.0001837795871092471,-0.002822996769897508,0.0400390625,0.005862560156751649,0.010836807863728426
headtohead,block,into_urban,medium,pp,0.0008756353443950675,0.0004109904034840707,0.04617747857269802,0.4951171875,0.016738553296213963,8,0.9105979729281329,0.0016389442081078045,0.0005638056772634834,0.04769603365648908,0.9072265625,0.0439981056240098,8,0.9046091185980063,-0.0007633088637127369,-0.00015281527377941265,-0.0015185550837910552,-0.412109375,-0.027259552327795835,0.005988854330126636
headtohead,block,into_urban,medium,pp_sample,0.012768460875715383,0.0006766925079250935,0.05254653548865424,0.7822265625,0.03530189378069794,8,0.902144550599011,0.0016389442081078045,0.0005638056772634834,0.04769603365648908,0.9072265625,0.0439981056240098,8,0.9046091185980063,0.011129516667607578,0.00011288683066161011,0.004850501832165163,-0.125,-0.00869621184331186,-0.002464567998995304
headtohead,block,neighbors,high,amatrix,0.00013515792226474069,0.00024137732517957836,0.0324861355122707,0.9443359375,0.03284962501018426,8,0.9256666115681277,-0.0016675166856284763,0.0006246949255564072,0.04758042698394257,0.9150390625,0.0439981056240098,8,0.8921998931576347,0.0018026746078932169,-0.00038331760037682886,-0.015094291471671871,0.029296875,-0.011148480613825541,0.03346671841049298
headtohead,block,neighbors,high,amatrix_proj,-0.0029728311566991363,0.00012538420607855088,0.028084024987334963,0.91796875,0.02564779021459966,8,0.936036666671151,-0.0016675166856284763,0.0006246949255564072,0.04758042698394257,0.9150390625,0.0439981056240098,8,0.8921998931576347,-0.00130531447107066,-0.0004993107194778563,-0.019496401996607605,0.0029296875,-0.018350315409410137,0.043836773513516336
headtohead,block,neighbors,high,pp,0.0029422266365746207,0.0001430537388036975,0.029809808707960416,0.572265625,0.012874146399057394,8,0.9309115455921544,-0.0016675166856284763,0.0006246949255564072,0.04758042698394257,0.9150390625,0.0439981056240098,8,0.8921998931576347,0.004609743322203097,-0.0004816411867527097,-0.017770618275982152,-0.3427734375,-0.031123959224952404,0.03871165243451968
headtohead,block,neighbors,high,pp_sample,0.017483832276758565,0.0005523466834754252,0.038555302088699735,0.841796875,0.030404510397226338,8,0.9206523618719309,-0.0016675166856284763,0.0006246949255564072,0.04758042698394257,0.9150390625,0.0439981056240098,8,0.8921998931576347,0.01915134896238704,-7.234824208098196e-05,-0.009025124895242834,-0.0732421875,-0.01359359522678346,0.028452468714296186
headtohead,block,neighbors,low,amatrix,-0.0012882860714024075,0.00025711745666284666,0.03899686736989974,0.97265625,0.04650969908364388,8,0.9228535058154371,-0.001344177496928201,0.00026646041678260517,0.04139725184711545,0.9404296875,0.0439981056240098,8,0.9197923813950221,5.589142552579361e-05,-9.342960119758511e-06,-0.00240038447721571,0.0322265625,0.0025115934596340803,0.0030611244204150623
headtohead,block,neighbors,low,amatrix_proj,-0.0016653772050370548,0.00024216878328377943,0.03757846005519632,0.962890625,0.04286170056905717,8,0.9246589217726551,-0.001344177496928201,0.00026646041678260517,0.04139725184711545,0.9404296875,0.0439981056240098,8,0.9197923813950221,-0.00032119970810885376,-2.4291633498825732e-05,-0.0038187917919191294,0.0224609375,-0.0011364050549526258,0.004866540377633011
headtohead,block,neighbors,low,pp,0.0007449267582041197,0.00025240289283959846,0.0363726723803353,0.55859375,0.014976062346516735,8,0.9248642127882533,-0.001344177496928201,0.00026646041678260517,0.04139725184711545,0.9404296875,0.0439981056240098,8,0.9197923813950221,0.0020891042551323207,-1.4057523943006702e-05,-0.0050245794667801505,-0.3818359375,-0.02902204327749306,0.0050718313932311965
headtohead,block,neighbors,low,pp_sample,0.013351313483127429,0.00040563808684230336,0.042579630752742195,0.861328125,0.033307296322930904,8,0.9218542326281849,-0.001344177496928201,0.00026646041678260517,0.04139725184711545,0.9404296875,0.0439981056240098,8,0.9197923813950221,0.014695490980055629,0.0001391776700596982,0.001182378905626745,-0.0791015625,-0.010690809301078893,0.002061851233162826
headtohead,block,neighbors,medium,amatrix,-0.0008172140713745856,0.0002100082254359542,0.03505236901434434,0.966796875,0.03946305450662039,8,0.9216456847135097,-0.0013260186450877506,0.0003811348158547334,0.044295159916050646,0.9287109375,0.0439981056240098,8,0.9083443322360806,0.0005088045737131649,-0.00017112659041877923,-0.009242790901706308,0.0380859375,-0.004535051117389409,0.01330135247742914
headtohead,block,neighbors,medium,amatrix_proj,-0.0023906157380464608,0.00014131496085708758,0.031687963165133066,0.9462890625,0.03138620875704243,8,0.9282546989518564,-0.0013260186450877506,0.0003811348158547334,0.044295159916050646,0.9287109375,0.0439981056240098,8,0.9083443322360806,-0.0010645970929587102,-0.00023981985499764585,-0.01260719675091758,0.017578125,-0.01261189686696737,0.01991036671577584
headtohead,block,neighbors,medium,pp,0.0026906258852233437,0.00015308508325631494,0.03225909939207683,0.556640625,0.013457604700413472,8,0.925764024126409,-0.0013260186450877506,0.0003811348158547334,0.044295159916050646,0.9287109375,0.0439981056240098,8,0.9083443322360806,0.004016644530311094,-0.00022804973259841848,-0.012036060523973817,-0.3720703125,-0.030540500923596326,0.017419691890328437
headtohead,block,neighbors,medium,pp_sample,0.016554718270730802,0.00047174535351331647,0.03980611170883997,0.8388671875,0.03131015229997809,8,0.9225430316300546,-0.0013260186450877506,0.0003811348158547334,0.044295159916050646,0.9287109375,0.0439981056240098,8,0.9083443322360806,0.017880736915818554,9.061053765858305e-05,-0.004489048207210675,-0.08984375,-0.012687953324031706,0.014198699393974001
headtohead,block,out_hotcold,high,amatrix,-0.0006197070494197296,0.00021263624487100435,0.03963892502536161,0.974609375,0.04661817002614263,8,0.9152898947115613,-0.0004612719909887102,0.00024433623993940623,0.04239693047443171,0.9501953125,0.0439981056240098,8,0.9105195576834754,-0.00015843505843101942,-3.1699995068401886e-05,-0.0027580054490701014,0.0244140625,0.0026200644021328323,0.004770337028085936
headtohead,block,out_hotcold,high,amatrix_proj,-0.0032045769246565182,0.00022147988627109626,0.03800619040082843,0.97265625,0.04235530214894983,8,0.9179787068704751,-0.0004612719909887102,0.00024433623993940623,0.04239693047443171,0.9501953125,0.0439981056240098,8,0.9105195576834754,-0.0027433049336678082,-2.285635366830997e-05,-0.00439074007360328,0.0224609375,-0.0016428034750599688,0.007459149186999747
headtohead,block,out_hotcold,high,pp,0.00857049994059151,0.0008261719306150326,0.04037891116884923,0.4873046875,0.01457594634393648,8,0.9197862647984031,-0.0004612719909887102,0.00024433623993940623,0.04239693047443171,0.9501953125,0.0439981056240098,8,0.9105195576834754,0.00903177193158022,0.0005818356906756264,-0.002018019305582479,-0.462890625,-0.02942215928007332,0.00926670711492772
headtohead,block,out_hotcold,high,pp_sample,0.020475766033726747,0.0007282633915798081,0.043494139380606214,0.7998046875,0.03168174945988774,8,0.9178506662289455,-0.0004612719909887102,0.00024433623993940623,0.04239693047443171,0.9501953125,0.0439981056240098,8,0.9105195576834754,0.020937038024715457,0.0004839271516404019,0.0010972089061745058,-0.150390625,-0.012316356164122057,0.007331108545470144
headtohead,block,out_hotcold,low,amatrix,-0.0007631001294529671,0.0002759257533116577,0.03998917175623484,0.9775390625,0.048323082882592586,8,0.9219030329333049,-0.0007962830705432593,0.0002604313575794106,0.0407270319405985,0.958984375,0.0439981056240098,8,0.921728857832836,3.3182941090292265e-05,1.549439573224706e-05,-0.0007378601843636562,0.0185546875,0.004324977258582788,0.0001741751004689096
headtohead,block,out_hotcold,low,amatrix_proj,-0.0011199728267003752,0.00028126403189141896,0.03979062446429614,0.98046875,0.04761446912520979,8,0.9223075351821162,-0.0007962830705432593,0.0002604313575794106,0.0407270319405985,0.958984375,0.0439981056240098,8,0.921728857832836,-0.0003236897561571158,2.0832674312008337e-05,-0.0009364074763023589,0.021484375,0.0036163635011999956,0.0005786773492801878
headtohead,block,out_hotcold,low,pp,0.0020522879694419003,0.0004105877637278899,0.03965046947935967,0.537109375,0.016605047387724295,8,0.9214863716160285,-0.0007962830705432593,0.0002604313575794106,0.0407270319405985,0.958984375,0.0439981056240098,8,0.921728857832836,0.0028485710399851595,0.0001501564061484793,-0.001076562461238828,-0.421875,-0.027393058236285503,-0.00024248621680744709
headtohead,block,out_hotcold,low,pp_sample,0.01306917842961583,0.0004457854169146411,0.044516022393054536,0.8564453125,0.034532645951610895,8,0.9190958401166176,-0.0007962830705432593,0.0002604313575794106,0.0407270319405985,0.958984375,0.0439981056240098,8,0.921728857832836,0.013865461500159089,0.00018535405933523046,0.003788990452456037,-0.1025390625,-0.009465459672398903,-0.0026330177162183777
headtohead,block,out_hotcold,medium,amatrix,0.0006442360056584057,0.00023588745977777128,0.03936320525657783,0.9775390625,0.04737993367383206,8,0.9202372918876051,0.0006632450180595481,0.00024971261075412265,0.04129765699119945,0.9462890625,0.0439981056240098,8,0.9173832462631135,-1.9009012401142457e-05,-1.3825150976351372e-05,-0.0019344517346216242,0.03125,0.003381828049822261,0.0028540456244915413
headtohead,block,out_hotcold,medium,amatrix_proj,-0.0010633220362187704,0.0002513302550439119,0.03831487283528706,0.970703125,0.04470462414486413,8,0.9214751181759718,0.0006632450180595481,0.00024971261075412265,0.04129765699119945,0.9462890625,0.0439981056240098,8,0.9173832462631135,-0.0017265670542783184,1.617644289789253e-06,-0.0029827841559123894,0.0244140625,0.0007065185208543351,0.004091871912858314
headtohead,block,out_hotcold,medium,pp,0.007450527433915858,0.0007010090987676035,0.03946707718235102,0.4951171875,0.015496932346080232,8,0.9226296124710368,0.0006632450180595481,0.00024971261075412265,0.04129765699119945,0.9462890625,0.0439981056240098,8,0.9173832462631135,0.00678728241585631,0.0004512964880134809,-0.0018305798088484315,-0.451171875,-0.028501173277929566,0.005246366207923292
headtohead,block,out_hotcold,medium,pp_sample,0.018906705283637953,0.0006649628417721309,0.04356228004623959,0.822265625,0.03288717702620955,8,0.9194687023824748,0.0006632450180595481,0.00024971261075412265,0.04129765699119945,0.9462890625,0.0439981056240098,8,0.9173832462631135,0.018243460265578406,0.00041525023101800825,0.0022646230550401394,-0.1240234375,-0.011110928597800246,0.002085456119361284
headtohead,block,out_urban,high,amatrix,-0.007487634148452075,0.0003238026149288042,0.03971028769670227,0.95703125,0.045248582788150325,8,0.9269564621679058,-0.008330441177537052,0.0004456882157876486,0.04419927363295961,0.9375,0.0439981056240098,8,0.9172702322475046,0.0008428070290849767,-0.00012188560085884441,-0.004488985936257343,0.01953125,0.0012504771641405274,0.009686229920401246
headtohead,block,out_urban,high,amatrix_proj,-0.004181379867427477,0.00016597571030551345,0.03485504448724616,0.9658203125,0.03914744361221925,8,0.9300533516645308,-0.008330441177537052,0.0004456882157876486,0.04419927363295961,0.9375,0.0439981056240098,8,0.9172702322475046,0.004149061310109575,-0.0002797125054821352,-0.00934422914571345,0.0283203125,-0.004850662011790546,0.012783119417026256
headtohead,block,out_urban,high,pp,0.014345893288099158,0.0016920992536680784,0.04507516763654812,0.349609375,0.012126280561530393,8,0.9332632585454969,-0.008330441177537052,0.0004456882157876486,0.04419927363295961,0.9375,0.0439981056240098,8,0.9172702322475046,0.02267633446563621,0.0012464110378804297,0.0008758940035885066,-0.587890625,-0.0318718250624794,0.015993026297992263
headtohead,block,out_urban,high,pp_sample,0.026424735251758338,0.0011803160957709663,0.04356506918719269,0.7490234375,0.02864080206060692,8,0.9340894297589178,-0.008330441177537052,0.0004456882157876486,0.04419927363295961,0.9375,0.0439981056240098,8,0.9172702322475046,0.03475517642929539,0.0007346278799833176,-0.0006342044457669227,-0.1884765625,-0.01535730356340288,0.016819197511413253
headtohead,block,out_urban,low,amatrix,-0.001845489286862218,0.00023404714585130334,0.04031672213877275,0.9765625,0.04800101467596915,8,0.9172669821297024,-0.0019857338081793823,0.00023828690577246502,0.041589717483861345,0.9521484375,0.0439981056240098,8,0.9161775802781693,0.00014024452131716422,-4.23975992116168e-06,-0.0012729953450885956,0.0244140625,0.004002909051959352,0.0010894018515330561
headtohead,block,out_urban,low,amatrix_proj,-0.001227346774529813,0.00023839989703445372,0.039915523705100216,0.9765625,0.04685260493585416,8,0.9176911553979106,-0.0019857338081793823,0.00023828690577246502,0.041589717483861345,0.9521484375,0.0439981056240098,8,0.9161775802781693,0.0007583870336495694,1.1299126198869918e-07,-0.0016741937787611294,0.0244140625,0.0028544993118443593,0.0015135751197412617
headtohead,block,out_urban,low,pp,0.007200290150497023,0.000783053122146916,0.04164884782931651,0.494140625,0.015876338193278088,8,0.9180023095216868,-0.0019857338081793823,0.00023828690577246502,0.041589717483861345,0.9521484375,0.0439981056240098,8,0.9161775802781693,0.009186023958676405,0.0005447662163744509,5.913034545516199e-05,-0.4580078125,-0.02812176743073171,0.0018247292435175089
headtohead,block,out_urban,low,pp_sample,0.017023862561434473,0.0006156505627913442,0.04497485177702444,0.8369140625,0.03352915789808023,8,0.9162562627767918,-0.0019857338081793823,0.00023828690577246502,0.041589717483861345,0.9521484375,0.0439981056240098,8,0.9161775802781693,0.019009596369613854,0.0003773636570188791,0.003385134293163096,-0.115234375,-0.010468947725929566,7.868249862252874e-05
headtohead,block,out_urban,medium,amatrix,-0.005208363713812965,0.00029679399122835396,0.03938689096709693,0.9716796875,0.04657381400632931,8,0.9239378925801829,-0.005765169007686943,0.0003570055621635913,0.04240941425913076,0.94140625,0.0439981056240098,8,0.9169347516672988,0.0005568052938739777,-6.021157093523736e-05,-0.003022523292033827,0.0302734375,0.0025757083823195123,0.0070031409128841204
headtohead,block,out_urban,medium,amatrix_proj,-0.003226343750939356,0.00023988453349395458,0.03703797421559521,0.9716796875,0.04236268955025403,8,0.9264947313042198,-0.005765169007686943,0.0003570055621635913,0.04240941425913076,0.94140625,0.0439981056240098,8,0.9169347516672988,0.002538825256747587,-0.00011712102866963674,-0.005371440043535548,0.0302734375,-0.001635416073755766,0.009559979636921012
headtohead,block,out_urban,medium,pp,0.013072227456525436,0.0015867137582688982,0.045011723713454195,0.38671875,0.013400395086192882,8,0.926581282078799,-0.005765169007686943,0.0003570055621635913,0.04240941425913076,0.94140625,0.0439981056240098,8,0.9169347516672988,0.01883739646421238,0.0012297081961053068,0.002602309454323437,-0.5546875,-0.030597710537816916,0.00964653041150021
headtohead,block,out_urban,medium,pp_sample,0.023759434361689237,0.0010821618799981365,0.04404054761377537,0.775390625,0.030361616219637674,8,0.9268126814102884,-0.005765169007686943,0.0003570055621635913,0.04240941425913076,0.94140625,0.0439981056240098,8,0.9169347516672988,0.02952460336937618,0.0007251563178345452,0.0016311333546446122,-0.166015625,-0.013636489404372124,0.009877929742989622
headtohead,gradient,crisis_dist,high,amatrix,-0.007802148763351174,0.0004068276053839314,0.0380125641232078,0.9677734375,0.042257045687612335,8,0.7691706369942262,-0.00898372928018836,0.0004221974201463648,0.04015735933874445,0.9287109375,0.03940693030058064,8,0.7501951542076073,0.0011815805168371857,-1.5369814762433405e-05,-0.002144795215536656,0.0390625,0.0028501153870316917,0.01897548278661887
headtohead,gradient,crisis_dist,high,amatrix_proj,-0.003946040128204281,0.0004342414485002645,0.03766394864753219,0.9580078125,0.038872370174111034,8,0.7677625680794649,-0.00898372928018836,0.0004221974201463648,0.04015735933874445,0.9287109375,0.03940693030058064,8,0.7501951542076073,0.005037689151984079,1.2044028353899695e-05,-0.0024934106912122625,0.029296875,-0.000534560126469609,0.017567413871857562
headtohead,gradient,crisis_dist,high,pp,0.001434547051478838,0.0005179097797609013,0.03888731184047806,0.546875,0.015607356876983312,8,0.7466175667726267,-0.00898372928018836,0.0004221974201463648,0.04015735933874445,0.9287109375,0.03940693030058064,8,0.7501951542076073,0.010418276331667198,9.571235961453652e-05,-0.0012700474982663898,-0.3818359375,-0.023799573423597332,-0.0035775874349806003
headtohead,gradient,crisis_dist,high,pp_sample,0.00855627763277101,0.000369268732462324,0.04133463888842022,0.84765625,0.03225062488902204,8,0.742611170958926,-0.00898372928018836,0.0004221974201463648,0.04015735933874445,0.9287109375,0.03940693030058064,8,0.7501951542076073,0.01754000691295937,-5.2928687684040835e-05,0.0011772795496757665,-0.0810546875,-0.007156305411558601,-0.007583983248681259
headtohead,gradient,crisis_dist,low,amatrix,-0.00149869667445774,0.0005392378965612783,0.038532508210718915,0.9716796875,0.04305214803304026,8,0.807994254932266,-0.0017345163333203721,0.000481365694678464,0.038577087604515496,0.9423828125,0.03940693030058064,8,0.803768619779055,0.00023581965886263216,5.7872201882814276e-05,-4.45793937965816e-05,0.029296875,0.00364521773245962,0.004225635153210949
headtohead,gradient,crisis_dist,low,amatrix_proj,-0.000874760446780527,0.0005597521171265051,0.038591605807421395,0.966796875,0.04232063194865938,8,0.80779147400609,-0.0017345163333203721,0.000481365694678464,0.038577087604515496,0.9423828125,0.03940693030058064,8,0.803768619779055,0.0008597558865398451,7.838642244804107e-05,1.4518202905898503e-05,0.0244140625,0.0029137016480787342,0.0040228542270349665
headtohead,gradient,crisis_dist,low,pp,0.0009814292199423647,0.0005373605230299103,0.038723523706506835,0.55859375,0.01665587152205238,8,0.8046824230960827,-0.0017345163333203721,0.000481365694678464,0.038577087604515496,0.9423828125,0.03940693030058064,8,0.803768619779055,0.002715945553262737,5.5994828351446267e-05,0.00014643610199133877,-0.3837890625,-0.022751058778528264,0.0009138033170277282
headtohead,gradient,crisis_dist,low,pp_sample,0.010154772093726463,0.0004672496843987674,0.041731994793756916,0.857421875,0.03298468532257459,8,0.7912651691748727,-0.0017345163333203721,0.000481365694678464,0.038577087604515496,0.9423828125,0.03940693030058064,8,0.803768619779055,0.011889288427046835,-1.411601027969658e-05,0.0031549071892414196,-0.0849609375,-0.006422244978006052,-0.012503450604182342
headtohead,gradient,crisis_dist,medium,amatrix,-0.005383030979987229,0.00039457601602065534,0.037034384774803364,0.9794921875,0.04215572142048464,8,0.7953669306254736,-0.006125742814139558,0.0003666054526252812,0.03813490181207588,0.9482421875,0.03940693030058064,8,0.7832772827601931,0.0007427118341523289,2.7970563395374127e-05,-0.0011005170372725137,0.03125,0.002748791119903997,0.01208964786528044
headtohead,gradient,crisis_dist,medium,amatrix_proj,-0.0029842795874889835,0.00043606672466044047,0.03689236511601362,0.966796875,0.039834550893893705,8,0.7938007799978137,-0.006125742814139558,0.0003666054526252812,0.03813490181207588,0.9482421875,0.03940693030058064,8,0.7832772827601931,0.0031414632266505743,6.946127203515926e-05,-0.0012425366960622589,0.0185546875,0.00042762059331306196,0.010523497237620583
headtohead,gradient,crisis_dist,medium,pp,0.0013443689968029133,0.0005102755999048239,0.03779349979512427,0.548828125,0.01597912442884022,8,0.7780877784642213,-0.006125742814139558,0.0003666054526252812,0.03813490181207588,0.9482421875,0.03940693030058064,8,0.7832772827601931,0.007470111810942471,0.00014367014727954266,-0.0003414020169516044,-0.3994140625,-0.023427805871740422,-0.00518950429597187
headtohead,gradient,crisis_dist,medium,pp_sample,0.009169446031648905,0.0003747434152929012,0.04071308266832837,0.8544921875,0.03257123491912494,8,0.7722548594878484,-0.006125742814139558,0.0003666054526252812,0.03813490181207588,0.9482421875,0.03940693030058064,8,0.7832772827601931,0.015295188845788463,8.13796266762001e-06,0.002578180856252492,-0.09375,-0.006835695381455703,-0.011022423272344706
headtohead,gradient,crisis_idp,high,amatrix,-0.004422454135792676,0.00042704606990973305,0.04043981123866645,0.9677734375,0.04428515634854447,8,0.7632575722967682,-0.004437202229038832,0.0003946359888604209,0.041216831604812,0.9248046875,0.03940693030058064,8,0.7551528691125975,1.474809324615578e-05,3.241008104931214e-05,-0.0007770203661455546,0.04296875,0.004878226047963827,0.00810470318417067
headtohead,gradient,crisis_idp,high,amatrix_proj,-0.0010871312141252276,0.00048269362216989614,0.04001824371430825,0.9599609375,0.041653623038513894,8,0.76512379038392,-0.004437202229038832,0.0003946359888604209,0.041216831604812,0.9248046875,0.03940693030058064,8,0.7551528691125975,0.003350071014913604,8.805763330947523e-05,-0.001198587890503748,0.03515625,0.0022466927379332507,0.009970921271322486
headtohead,gradient,crisis_idp,high,pp,0.002325487279943318,0.0005586001749902335,0.041132197089078476,0.5673828125,0.01642153943448578,8,0.7506568405664966,-0.004437202229038832,0.0003946359888604209,0.041216831604812,0.9248046875,0.03940693030058064,8,0.7551528691125975,0.0067626895089821495,0.00016396418612981258,-8.463451573352543e-05,-0.357421875,-0.022985390866094864,-0.004496028546100872
headtohead,gradient,crisis_idp,high,pp_sample,0.009860253030222817,0.00041199108807846516,0.04363468253621493,0.84375,0.032845132290327754,8,0.7470360041420576,-0.004437202229038832,0.0003946359888604209,0.041216831604812,0.9248046875,0.03940693030058064,8,0.7551528691125975,0.014297455259261647,1.7355099218044248e-05,0.002417850931402926,-0.0810546875,-0.0065617980102528894,-0.008116864970539872
headtohead,gradient,crisis_idp,low,amatrix,-0.001039593691297048,0.0005948364003921171,0.038687775573656054,0.9609375,0.04338659341785861,8,0.8040433076267656,-0.0010200212795738878,0.0005252269945414138,0.038990184435871274,0.9404296875,0.03940693030058064,8,0.7993423526763528,-1.9572411723160158e-05,6.96094058507033e-05,-0.0003024088622152199,0.0205078125,0.0039796631172779665,0.0047009549504127834
headtohead,gradient,crisis_idp,low,amatrix_proj,-0.0005442336315405159,0.0006123027547350587,0.03881619004604596,0.9599609375,0.04290607916194199,8,0.8038308632600756,-0.0010200212795738878,0.0005252269945414138,0.038990184435871274,0.9404296875,0.03940693030058064,8,0.7993423526763528,0.00047578764803337184,8.707576019364495e-05,-0.00017399438982531462,0.01953125,0.003499148861361344,0.0044885105837227934
headtohead,gradient,crisis_idp,low,pp,0.0002741035842486984,0.000557583938476332,0.038905717132620615,0.587890625,0.016908076430071518,8,0.8002876220102233,-0.0010200212795738878,0.0005252269945414138,0.038990184435871274,0.9404296875,0.03940693030058064,8,0.7993423526763528,0.0012941248638225862,3.235694393491817e-05,-8.446730325065849e-05,-0.3525390625,-0.022498853870509126,0.0009452693338705132
headtohead,gradient,crisis_idp,low,pp_sample,0.009963973944075022,0.0004824399547782849,0.04258500347534426,0.84765625,0.033173905005855556,8,0.7818096241025925,-0.0010200212795738878,0.0005252269945414138,0.038990184435871274,0.9404296875,0.03940693030058064,8,0.7993423526763528,0.01098399522364891,-4.27870397631289e-05,0.0035948190394729865,-0.0927734375,-0.006233025294725088,-0.017532728573760314
headtohead,gradient,crisis_idp,medium,amatrix,-0.003205172293206872,0.000551623053642285,0.03961203365270655,0.962890625,0.04341926459868516,8,0.7985633027516911,-0.0032017149008600207,0.0004905582540957684,0.03966328753089367,0.947265625,0.03940693030058064,8,0.7962149764257833,-3.4573923468513013e-06,6.106479954651656e-05,-5.125387818711441e-05,0.015625,0.00401233429810452,0.002348326325907757
headtohead,gradient,crisis_idp,medium,amatrix_proj,-0.0012656106170617295,0.0006176084036782873,0.03974109722845832,0.95703125,0.04179635346495303,8,0.7973404967104374,-0.0032017149008600207,0.0004905582540957684,0.03966328753089367,0.947265625,0.03940693030058064,8,0.7962149764257833,0.0019361042837982912,0.00012705014958251887,7.780969756465e-05,0.009765625,0.0023894231643723854,0.001125520284654069
headtohead,gradient,crisis_idp,medium,pp,0.0012244840281255185,0.0006286558048922768,0.0399664405875946,0.5712890625,0.016632269014990705,8,0.7915093762765353,-0.0032017149008600207,0.0004905582540957684,0.03966328753089367,0.947265625,0.03940693030058064,8,0.7962149764257833,0.004426198928985539,0.00013809755079650845,0.0003031530567009291,-0.3759765625,-0.02277466128558994,-0.004705600149248035
headtohead,gradient,crisis_idp,medium,pp_sample,0.009619547928169271,0.0004607181092681153,0.04233586975650307,0.833984375,0.033030729070129584,8,0.7814973306904838,-0.0032017149008600207,0.0004905582540957684,0.03966328753089367,0.947265625,0.03940693030058064,8,0.7962149764257833,0.012821262829029293,-2.984014482765307e-05,0.002672582225609399,-0.11328125,-0.006376201230451059,-0.014717645735299545
headtohead,gradient,distance,high,amatrix,-0.002089529240546965,0.0002833900457131707,0.029245291548337642,0.9365234375,0.029142814120160055,8,0.7713184068730875,-0.0011927941565676424,0.00043691780796972226,0.037618341909056156,0.9462890625,0.03940693030058064,8,0.6959608319240883,-0.0008967350839793225,-0.00015352776225655153,-0.008373050360718514,-0.009765625,-0.010264116180420588,0.0753575749489992
headtohead,gradient,distance,high,amatrix_proj,-0.0038044882187289034,0.00014250990893479736,0.02443965191618796,0.876953125,0.01909565773235463,8,0.7755379596037418,-0.0011927941565676424,0.00043691780796972226,0.037618341909056156,0.9462890625,0.03940693030058064,8,0.6959608319240883,-0.002611694062161261,-0.0002944078990349249,-0.013178689992868198,-0.0693359375,-0.020311272568226013,0.07957712767965353
headtohead,gradient,distance,high,pp,0.001841435811606846,0.00018145128764605965,0.025672094613662363,0.57421875,0.010958586057669579,8,0.7588528741087261,-0.0011927941565676424,0.00043691780796972226,0.037618341909056156,0.9462890625,0.03940693030058064,8,0.6959608319240883,0.0030342299681744883,-0.0002554665203236626,-0.011946247295393793,-0.3720703125,-0.028448344242911067,0.06289204218463784
headtohead,gradient,distance,high,pp_sample,0.018297726385862904,0.00047949817081690226,0.03238768031343805,0.87890625,0.026770862205667673,8,0.7393216148232298,-0.0011927941565676424,0.00043691780796972226,0.037618341909056156,0.9462890625,0.03940693030058064,8,0.6959608319240883,0.019490520542430546,4.258036284718e-05,-0.005230661595618108,-0.0673828125,-0.01263606809491297,0.04336078289914147
headtohead,gradient,distance,low,amatrix,-0.0011604922947596298,0.0003505922558389558,0.035867252488700485,0.962890625,0.041282738078725394,8,0.7988119687052992,-0.0010580454655501302,0.0002905110608463605,0.03683998984112026,0.9482421875,0.03940693030058064,8,0.7857716977366961,-0.00010244682920949964,6.008119499259528e-05,-0.0009727373524197752,0.0146484375,0.0018758077781447502,0.013040270968603163
headtohead,gradient,distance,low,amatrix_proj,-0.0018809843692474335,0.00042982296755048364,0.035833439213035945,0.9482421875,0.037706512330838264,8,0.7963642137024404,-0.0010580454655501302,0.0002905110608463605,0.03683998984112026,0.9482421875,0.03940693030058064,8,0.7857716977366961,-0.0008229389036973032,0.00013931190670412311,-0.0010065506280843156,0.0,-0.0017004179697423794,0.010592515965744287
headtohead,gradient,distance,low,pp,0.0003492159783784764,0.0005771375236013989,0.036646032647062884,0.537109375,0.01451877729080052,8,0.7883557164153712,-0.0010580454655501302,0.0002905110608463605,0.03683998984112026,0.9482421875,0.03940693030058064,8,0.7857716977366961,0.0014072614439286065,0.0002866264627550384,-0.00019395719405737588,-0.4111328125,-0.024888153009780124,0.002584018678675082
headtohead,gradient,distance,low,pp_sample,0.012603006212803813,0.0004556836553010192,0.03951202926783038,0.8544921875,0.031118508432812466,8,0.77906897851771,-0.0010580454655501302,0.0002905110608463605,0.03683998984112026,0.9482421875,0.03940693030058064,8,0.7857716977366961,0.013661051678353943,0.00016517259445465867,0.0026720394267101197,-0.09375,-0.008288421867768177,-0.006702719218986131
headtohead,gradient,distance,medium,amatrix,-0.0016467776321082573,0.00015511782810582285,0.02967682663103989,0.978515625,0.03531938313441691,8,0.7929126686599399,-0.0010169998311482602,0.0002027105678762689,0.035036429443289024,0.9638671875,0.03940693030058064,8,0.7466313347849911,-0.0006297778009599971,-4.759273977044605e-05,-0.005359602812249134,0.0146484375,-0.0040875471661637325,0.046281333874948816
headtohead,gradient,distance,medium,amatrix_proj,-0.0032370623359714197,0.00022676918990408227,0.02818761040089272,0.9267578125,0.026081711410809748,8,0.7947041348376114,-0.0010169998311482602,0.0002027105678762689,0.035036429443289024,0.9638671875,0.03940693030058064,8,0.7466313347849911,-0.0022200625048231595,2.4058622027813378e-05,-0.006848819042396304,-0.037109375,-0.013325218889770896,0.04807280005262027
headtohead,gradient,distance,medium,pp,0.0014880218509690662,0.00035506725071541445,0.02999550333163932,0.5341796875,0.011976421334910236,8,0.7778184144854665,-0.0010169998311482602,0.0002027105678762689,0.035036429443289024,0.9638671875,0.03940693030058064,8,0.7466313347849911,0.0025050216821173267,0.00015235668283914555,-0.0050409261116497045,-0.4296875,-0.027430508965670408,0.031187079700475406
headtohead,gradient,distance,medium,pp_sample,0.016632145215758124,0.0004446285916049034,0.034627805160631124,0.8623046875,0.028192192635436663,8,0.765354662610481,-0.0010169998311482602,0.0002027105678762689,0.035036429443289024,0.9638671875,0.03940693030058064,8,0.7466313347849911,0.017649145046906383,0.0002419180237286345,-0.00040862428265790035,-0.1015625,-0.01121473766514398,0.01872332782548991
headtohead,gradient,into_hotcold,high,amatrix,-0.0024986920293428544,0.0007751507974469903,0.05383544100088117,0.9375,0.05173240470848703,8,0.6711227087991107,-0.002428653477452717,0.0008428350007798303,0.05587998085240342,0.8017578125,0.03940693030058064,8,0.6505315803402396,-7.003855189013745e-05,-6.768420333283997e-05,-0.0020445398515222535,0.1357421875,0.012325474407906385,0.020591128458871122
headtohead,gradient,into_hotcold,high,amatrix_proj,-0.0018482325692391662,0.0008348043837850573,0.05375317775060725,0.927734375,0.05068512263065329,8,0.6699592700618012,-0.002428653477452717,0.0008428350007798303,0.05587998085240342,0.8017578125,0.03940693030058064,8,0.6505315803402396,0.0005804209082135507,-8.030616994772997e-06,-0.002126803101796172,0.1259765625,0.01127819233007265,0.019427689721561614
headtohead,gradient,into_hotcold,high,pp,-0.0017662455307222518,0.0007603552327132743,0.054392557655837795,0.4482421875,0.0170628678095679,8,0.6600909138420114,-0.002428653477452717,0.0008428350007798303,0.05587998085240342,0.8017578125,0.03940693030058064,8,0.6505315803402396,0.0006624079467304651,-8.247976806655599e-05,-0.0014874231965656265,-0.353515625,-0.022344062491012742,0.009559333501771738
headtohead,gradient,into_hotcold,high,pp_sample,0.008194545366906617,0.0007329235898976927,0.05766483666891036,0.7138671875,0.03323194320502493,8,0.6402111314160223,-0.002428653477452717,0.0008428350007798303,0.05587998085240342,0.8017578125,0.03940693030058064,8,0.6505315803402396,0.010623198844359335,-0.00010991141088213764,0.0017848558165069403,-0.087890625,-0.006174987095555716,-0.010320448924217351
headtohead,gradient,into_hotcold,low,amatrix,-0.0015059647366567862,0.0005871842691827173,0.03882462679824326,0.9658203125,0.04424992915651287,8,0.7986026444292555,-0.0012179502553580736,0.0005791752474942334,0.039598408420260515,0.9287109375,0.03940693030058064,8,0.7920808973367979,-0.00028801448129871254,8.009021688483919e-06,-0.0007737816220172583,0.037109375,0.004842998855932229,0.006521747092457675
headtohead,gradient,into_hotcold,low,amatrix_proj,-0.0009909355915407691,0.0006225476107602996,0.03884579331990881,0.9677734375,0.04339625629362215,8,0.7989695929276707,-0.0012179502553580736,0.0005791752474942334,0.039598408420260515,0.9287109375,0.03940693030058064,8,0.7920808973367979,0.0002270146638173045,4.337236326606628e-05,-0.0007526151003517043,0.0390625,0.003989325993041505,0.006888695590872795
headtohead,gradient,into_hotcold,low,pp,-0.0007686972630180804,0.000566371824568326,0.03914220052000947,0.580078125,0.017041624420589773,8,0.7931481251280986,-0.0012179502553580736,0.0005791752474942334,0.039598408420260515,0.9287109375,0.03940693030058064,8,0.7920808973367979,0.0004492529923399932,-1.2803422925907327e-05,-0.00045620790025104746,-0.3486328125,-0.02236530587999087,0.001067227791300751
headtohead,gradient,into_hotcold,low,pp_sample,0.009228464890334385,0.0005250182792612267,0.04250856115154132,0.85546875,0.033262723538327224,8,0.7768918617159659,-0.0012179502553580736,0.0005791752474942334,0.039598408420260515,0.9287109375,0.03940693030058064,8,0.7920808973367979,0.010446415145692459,-5.415696823300666e-05,0.002910152731280806,-0.0732421875,-0.006144206762253419,-0.015189035620831959
headtohead,gradient,into_hotcold,medium,amatrix,-0.001546842703825432,0.0007142108070851918,0.04449499954187347,0.9521484375,0.04638123754805306,8,0.7634188607963462,-0.0013288631681764114,0.0007979132851705027,0.04610245521166439,0.8720703125,0.03940693030058064,8,0.7472126455926414,-0.00021797953564902067,-8.370247808531087e-05,-0.0016074556697909179,0.080078125,0.006974307247472417,0.0162062152037048
headtohead,gradient,into_hotcold,medium,amatrix_proj,-0.0007700608517904849,0.0007867761662402856,0.04448044057695766,0.9404296875,0.045120533334415264,8,0.7646670613266493,-0.0013288631681764114,0.0007979132851705027,0.04610245521166439,0.8720703125,0.03940693030058064,8,0.7472126455926414,0.0005588023163859265,-1.113711893021706e-05,-0.0016220146347067296,0.068359375,0.00571360303383462,0.017454415734007855
headtohead,gradient,into_hotcold,medium,pp,-0.000670362307540499,0.0007362933587997114,0.04483474528696402,0.5400390625,0.017033470042209564,8,0.7565498254652476,-0.0013288631681764114,0.0007979132851705027,0.04610245521166439,0.8720703125,0.03940693030058064,8,0.7472126455926414,0.0006585008606359124,-6.161992637079134e-05,-0.0012677099247003706,-0.33203125,-0.02237346025837108,0.009337179872606183
headtohead,gradient,into_hotcold,medium,pp_sample,0.009202951316501359,0.0006895140006553847,0.04804585165580601,0.802734375,0.033297059983496316,8,0.7360650341530689,-0.0013288631681764114,0.0007979132851705027,0.04610245521166439,0.8720703125,0.03940693030058064,8,0.7472126455926414,0.01053181448467777,-0.00010839928451511797,0.0019433964441416193,-0.0693359375,-0.006109870317084327,-0.011147611439572547
headtohead,gradient,into_urban,high,amatrix,0.003520879542393888,0.0007087755046802728,0.05401203571479235,0.9501953125,0.05284381339710887,8,0.6795458776913306,0.000993343047564842,0.0007859604377227307,0.05553470585741911,0.8115234375,0.03940693030058064,8,0.6677247924908842,0.0025275364948290457,-7.718493304245796e-05,-0.0015226701426267614,0.138671875,0.013436883096528227,0.011821085200446335
headtohead,gradient,into_urban,high,amatrix_proj,-0.00029248305598792264,0.0007864309451756612,0.053545992482179956,0.9365234375,0.050712060672013136,8,0.681531561218374,0.000993343047564842,0.0007859604377227307,0.05553470585741911,0.8115234375,0.03940693030058064,8,0.6677247924908842,-0.0012858261035527648,4.705074529305067e-07,-0.0019887133752391553,0.125,0.011305130371432492,0.01380676872748976
headtohead,gradient,into_urban,high,pp,0.00027952973989668525,0.0007301878655221446,0.05442329073630186,0.44140625,0.017148563712252693,8,0.6711196189844937,0.000993343047564842,0.0007859604377227307,0.05553470585741911,0.8115234375,0.03940693030058064,8,0.6677247924908842,-0.0007138133076681568,-5.5772572200586115e-05,-0.0011114151211172527,-0.3701171875,-0.02225836658832795,0.0033948264936094485
headtohead,gradient,into_urban,high,pp_sample,0.010677348118077155,0.0007467025875453801,0.05793674025581456,0.6962890625,0.03333164707165838,8,0.6513031971430329,0.000993343047564842,0.0007859604377227307,0.05553470585741911,0.8115234375,0.03940693030058064,8,0.6677247924908842,0.009684005070512314,-3.925785017735062e-05,0.002402034398395446,-0.115234375,-0.006075283228922264,-0.01642159534785137
headtohead,gradient,into_urban,low,amatrix,0.0008189643975684262,0.0005328855271552772,0.0393298542415249,0.9697265625,0.04426694003935603,8,0.7991842098327852,0.0005670788301796684,0.0004991430262500816,0.03955414207842962,0.9375,0.03940693030058064,8,0.7955361797597778,0.0002518855673887578,3.3742500905195594e-05,-0.00022428783690471576,0.0322265625,0.0048600097387753866,0.0036480300730074022
headtohead,gradient,into_urban,low,amatrix_proj,-4.309029385845295e-06,0.000568906562558745,0.03937287856331751,0.966796875,0.04351118333303911,8,0.7980200596287944,0.0005670788301796684,0.0004991430262500816,0.03955414207842962,0.9375,0.03940693030058064,8,0.7955361797597778,-0.0005713878595655137,6.976353630866342e-05,-0.0001812635151121067,0.029296875,0.004104253032458469,0.0024838798690166586
headtohead,gradient,into_urban,low,pp,0.0004329571517077894,0.000495025550308436,0.03942705974782838,0.5556640625,0.01705486653391382,8,0.7957994098289302,0.0005670788301796684,0.0004991430262500816,0.03955414207842962,0.9375,0.03940693030058064,8,0.7955361797597778,-0.00013412167847187906,-4.117475941645566e-06,-0.00012708233060123447,-0.3818359375,-0.022352063766666822,0.0002632300691524092
headtohead,gradient,into_urban,low,pp_sample,0.010630802315701562,0.00047149831118042235,0.04329385876002782,0.826171875,0.03325928043465644,8,0.7798804139704696,0.0005670788301796684,0.0004991430262500816,0.03955414207842962,0.9375,0.03940693030058064,8,0.7955361797597778,0.010063723485521894,-2.7644715069659255e-05,0.0037397166815982055,-0.111328125,-0.006147649865924205,-0.015655765789308163
headtohead,gradient,into_urban,medium,amatrix,0.001736107115525198,0.0005508830134415858,0.04304595991039915,0.9658203125,0.04711729224349923,8,0.7673524062138383,0.00020896256657139075,0.0006075403967944221,0.04396633618959978,0.9130859375,0.03940693030058064,8,0.7611275042875997,0.0015271445489538074,-5.665738335283634e-05,-0.0009203762792006354,0.052734375,0.007710361942918589,0.006224901926238591
headtohead,gradient,into_urban,medium,amatrix_proj,-0.0008918788966432745,0.000633280430257685,0.042730744990424056,0.958984375,0.04518311780331676,8,0.7681732137844031,0.00020896256657139075,0.0006075403967944221,0.04396633618959978,0.9130859375,0.03940693030058064,8,0.7611275042875997,-0.0011008414632146654,2.5740033463262876e-05,-0.0012355911991757257,0.0458984375,0.005776187502736119,0.007045709496803387
headtohead,gradient,into_urban,medium,pp,-0.00032318358268975354,0.0005765009354555188,0.04325005736014216,0.5341796875,0.017114588167796624,8,0.7625602513528331,0.00020896256657139075,0.0006075403967944221,0.04396633618959978,0.9130859375,0.03940693030058064,8,0.7611275042875997,-0.0005321461492611443,-3.1039461338903344e-05,-0.0007162788294576214,-0.37890625,-0.02229234213278402,0.0014327470652334418
headtohead,gradient,into_urban,medium,pp_sample,0.010035104001030762,0.000571645798695728,0.04702538656371058,0.80859375,0.03329943726758734,8,0.7478525941408583,0.00020896256657139075,0.0006075403967944221,0.04396633618959978,0.9130859375,0.03940693030058064,8,0.7611275042875997,0.009826141434459371,-3.5894598098694126e-05,0.0030590503741107986,-0.1044921875,-0.006107493032993301,-0.013274910146741425
headtohead,gradient,neighbors,high,amatrix,-0.0013051219276236734,0.0001627108696271042,0.029429315539512033,0.9384765625,0.029967558607619692,8,0.8643591134490702,-0.00034285973865944887,0.0003993369623561332,0.039920608673734384,0.93359375,0.03940693030058064,8,0.7441958853209192,-0.0009622621889642246,-0.00023662609272902897,-0.01049129313422235,0.0048828125,-0.009439371692960951,0.12016322812815106
headtohead,gradient,neighbors,high,amatrix_proj,-0.0026794457568674952,0.00029008163010622645,0.02958066327848944,0.8935546875,0.025005156642351322,8,0.8709012452086947,-0.00034285973865944887,0.0003993369623561332,0.039920608673734384,0.93359375,0.03940693030058064,8,0.7441958853209192,-0.0023365860182080465,-0.00010925533224990673,-0.010339945395244944,-0.0400390625,-0.014401773658229321,0.12670535988777554
headtohead,gradient,neighbors,high,pp,-0.0007462869400402127,0.00025733407144191186,0.03034252154794935,0.56640625,0.013147806820593692,8,0.8530852727791658,-0.00034285973865944887,0.0003993369623561332,0.039920608673734384,0.93359375,0.03940693030058064,8,0.7441958853209192,-0.0004034272013807639,-0.00014200289091422132,-0.009578087125785034,-0.3671875,-0.026259123479986952,0.10888938745824661
headtohead,gradient,neighbors,high,pp_sample,0.013700739222060224,0.00040379196070627785,0.03621276185166391,0.861328125,0.02928321713685054,8,0.8246159869652798,-0.00034285973865944887,0.0003993369623561332,0.039920608673734384,0.93359375,0.03940693030058064,8,0.7441958853209192,0.014043598960719673,4.454998350144669e-06,-0.003707846822070475,-0.072265625,-0.010123713163730102,0.08042010164436064
headtohead,gradient,neighbors,low,amatrix,-0.0011589084547979362,0.0004094878260298828,0.03712865805843487,0.9638671875,0.04125736899341982,8,0.8083270096769868,-0.0010131249937748387,0.0003714936433635213,0.03873571365253184,0.9365234375,0.03940693030058064,8,0.7862110094835671,-0.00014578346102309754,3.799418266636149e-05,-0.0016070555940969691,0.02734375,0.0018504386928391778,0.022116000193419638
headtohead,gradient,neighbors,low,amatrix_proj,-0.0016641947443986767,0.0004441137328776444,0.037162936254066546,0.9541015625,0.038674943229775556,8,0.8079160702647112,-0.0010131249937748387,0.0003714936433635213,0.03873571365253184,0.9365234375,0.03940693030058064,8,0.7862110094835671,-0.000651069750623838,7.262008951412313e-05,-0.001572777398465293,0.017578125,-0.0007319870708050874,0.021705060781144092
headtohead,gradient,neighbors,low,pp,-0.0010179361102460823,0.0004238921282351823,0.03711527295780384,0.5625,0.015330214805923779,8,0.8020531167472097,-0.0010131249937748387,0.0003714936433635213,0.03873571365253184,0.9365234375,0.03940693030058064,8,0.7862110094835671,-4.8111164712436386e-06,5.239848487166099e-05,-0.0016204406947279981,-0.3740234375,-0.024076715494656863,0.015842107263642546
headtohead,gradient,neighbors,low,pp_sample,0.010981574545135242,0.0004012957463479784,0.040996023934399536,0.8427734375,0.03182477413537106,8,0.7826155547987486,-0.0010131249937748387,0.0003714936433635213,0.03873571365253184,0.9365234375,0.03940693030058064,8,0.7862110094835671,0.01199469953891008,2.9802102984457114e-05,0.0022603102818676973,-0.09375,-0.007582156165209582,-0.0035954546848185887
headtohead,gradient,neighbors,medium,amatrix,-0.0006782358665240656,0.00023175187156361694,0.03206866476008739,0.9521484375,0.03475541682937138,8,0.8440848399048256,-1.4479784925630808e-05,0.000318355897920909,0.03787928980239151,0.943359375,0.03940693030058064,8,0.7730051449063909,-0.0006637560815984348,-8.660402635729205e-05,-0.005810625042304118,0.0087890625,-0.004651513471209262,0.0710796949984347
headtohead,gradient,neighbors,medium,amatrix_proj,-0.0018939784830720745,0.0003269928271237091,0.03212732718721592,0.92578125,0.0294702360616952,8,0.8473058352203992,-1.4479784925630808e-05,0.000318355897920909,0.03787928980239151,0.943359375,0.03940693030058064,8,0.7730051449063909,-0.0018794986981464437,8.636929202800116e-06,-0.00575196261517559,-0.017578125,-0.009936694238885442,0.07430069031400821
headtohead,gradient,neighbors,medium,pp,-0.000333186036214622,0.0003121721828688647,0.032509908292743084,0.5673828125,0.013770320094284836,8,0.8355445184671844,-1.4479784925630808e-05,0.000318355897920909,0.03787928980239151,0.943359375,0.03940693030058064,8,0.7730051449063909,-0.00031870625128899117,-6.183715052044314e-06,-0.005369381509648427,-0.3759765625,-0.025636610206295807,0.06253937356079342
headtohead,gradient,neighbors,medium,pp_sample,0.013450276475328971,0.00042059405374824174,0.03770773675995148,0.8525390625,0.030081882532562644,8,0.8097225536886468,-1.4479784925630808e-05,0.000318355897920909,0.03787928980239151,0.943359375,0.03940693030058064,8,0.7730051449063909,0.013464756260254602,0.00010223815582733275,-0.00017155304244002856,-0.0908203125,-0.009325047768018,0.03671740878225582
headtohead,gradient,out_hotcold,high,amatrix,0.00031043088462419735,0.00036178460179364793,0.03518385462962153,0.9736328125,0.041018780920379805,8,0.813625386496265,0.0007288434243694908,0.00029760673675103064,0.03627409917376303,0.9560546875,0.03940693030058064,8,0.8001838274542158,-0.00041841253974529344,6.41778650426173e-05,-0.0010902445441414998,0.017578125,0.0016118506197991614,0.013441559042049245
headtohead,gradient,out_hotcold,high,amatrix_proj,-0.000964988766653416,0.00041102662562589315,0.03494663863703832,0.9638671875,0.037835655561876895,8,0.8142509162849584,0.0007288434243694908,0.00029760673675103064,0.03627409917376303,0.9560546875,0.03940693030058064,8,0.8001838274542158,-0.0016938321910229068,0.00011341988887486251,-0.0013274605367247089,0.0078125,-0.0015712747387037485,0.014067088830742591
headtohead,gradient,out_hotcold,high,pp,0.001136158906796694,0.0006314465013668203,0.03576702678724306,0.51171875,0.013504347048246526,8,0.8060088713511576,0.0007288434243694908,0.00029760673675103064,0.03627409917376303,0.9560546875,0.03940693030058064,8,0.8001838274542158,0.0004073154824272031,0.00033383976461578963,-0.0005070723865199661,-0.4443359375,-0.02590258325233412,0.005825043896941828
headtohead,gradient,out_hotcold,high,pp_sample,0.014760022643327571,0.0005290102820256662,0.03850314648191327,0.826171875,0.029942426303954,8,0.803458113399045,0.0007288434243694908,0.00029760673675103064,0.03627409917376303,0.9560546875,0.03940693030058064,8,0.8001838274542158,0.01403117921895808,0.00023140354527463554,0.0022290473081502393,-0.1298828125,-0.009464503996626645,0.0032742859448292583
headtohead,gradient,out_hotcold,low,amatrix,0.00015152944374735306,0.0005725146921993213,0.03796133180363259,0.96484375,0.043063393537999345,8,0.8090516238567528,0.0003149000358552954,0.0004894762467849376,0.03808151259617779,0.9423828125,0.03940693030058064,8,0.806587051457527,-0.00016337059210794235,8.303844541438367e-05,-0.00012018079254520059,0.0224609375,0.0036564632374187014,0.0024645723992258173
headtohead,gradient,out_hotcold,low,amatrix_proj,-7.6089931200005285e-06,0.0005835948108905978,0.0380769876558976,0.9619140625,0.042435029763849524,8,0.8090759438581472,0.0003149000358552954,0.0004894762467849376,0.03808151259617779,0.9423828125,0.03940693030058064,8,0.806587051457527,-0.0003225090289752959,9.411856410566021e-05,-4.524940280192791e-06,0.01953125,0.003028099463268881,0.002488892400620224
headtohead,gradient,out_hotcold,low,pp,0.000374131449489109,0.000598070139560009,0.03805424341404335,0.5615234375,0.016124242045399736,8,0.8073753140491481,0.0003149000358552954,0.0004894762467849376,0.03808151259617779,0.9423828125,0.03940693030058064,8,0.806587051457527,5.923141363381359e-05,0.00010859389277507135,-2.726918213444285e-05,-0.380859375,-0.023282688255180907,0.000788262591621125
headtohead,gradient,out_hotcold,low,pp_sample,0.011404268580890541,0.0004982089642111246,0.041192348640197274,0.857421875,0.03255179174387841,8,0.7976525826350557,0.0003149000358552954,0.0004894762467849376,0.03808151259617779,0.9423828125,0.03940693030058064,8,0.806587051457527,0.011089368545035245,8.732717426186937e-06,0.0031108360440194813,-0.0849609375,-0.006855138556702237,-0.008934468822471286
headtohead,gradient,out_hotcold,medium,amatrix,0.0003621786468796717,0.0004597582289420094,0.03764378841940193,0.96875,0.041870762547368295,8,0.8003778211408167,0.0006477762469351538,0.00039445121157705024,0.038188692974548355,0.94921875,0.03940693030058064,8,0.7917656164164072,-0.00028559760005548215,6.530701736495915e-05,-0.0005449045551464277,0.01953125,0.002463832246787652,0.008612204724409489
headtohead,gradient,out_hotcold,medium,amatrix_proj,-0.0004427628703105813,0.0005023388577734583,0.03751222742280283,0.9560546875,0.03987577098312032,8,0.8016188655923823,0.0006477762469351538,0.00039445121157705024,0.038188692974548355,0.94921875,0.03940693030058064,8,0.7917656164164072,-0.001090539117245735,0.0001078876461964081,-0.0006764655517455254,0.0068359375,0.0004688406825396757,0.009853249175975076
headtohead,gradient,out_hotcold,medium,pp,0.0009253665757886465,0.0006874081957763822,0.03837041480078697,0.5048828125,0.014490529221427717,8,0.7927119575169382,0.0006477762469351538,0.00039445121157705024,0.038188692974548355,0.94921875,0.03940693030058064,8,0.7917656164164072,0.0002775903288534927,0.000292956984199332,0.000181721826238615,-0.4443359375,-0.024916401079152925,0.0009463411005310451
headtohead,gradient,out_hotcold,medium,pp_sample,0.013611964833597468,0.0005703483250319689,0.04125491202649965,0.8330078125,0.030970246762677237,8,0.7861362101721295,0.0006477762469351538,0.00039445121157705024,0.038188692974548355,0.94921875,0.03940693030058064,8,0.7917656164164072,0.012964188586662314,0.0001758971134549187,0.0030662190519512925,-0.1162109375,-0.008436683537903406,-0.005629406244277657
headtohead,gradient,out_urban,high,amatrix,-0.0031188764515865663,0.0002616176933196339,0.03312883595167515,0.9736328125,0.03965662967607467,8,0.8088358153362203,-0.0036717532209201618,0.000228721306171431,0.03522951522580249,0.9609375,0.03940693030058064,8,0.7916797086571051,0.0005528767693335954,3.289638714820293e-05,-0.00210067927412734,0.0126953125,0.0002496993754940238,0.017156106679115157
headtohead,gradient,out_urban,high,amatrix_proj,-0.001761119164444114,0.0003287649960273078,0.032713235844286266,0.9560546875,0.03469996364366606,8,0.809524291208235,-0.0036717532209201618,0.000228721306171431,0.03522951522580249,0.9609375,0.03940693030058064,8,0.7916797086571051,0.0019106340564760478,0.00010004368985587679,-0.0025162793815162246,-0.0048828125,-0.004706966656914585,0.01784458255112986
headtohead,gradient,out_urban,high,pp,0.002146579166967159,0.0007857828130836908,0.035918885713455265,0.4453125,0.011224410241399774,8,0.7966521186087054,-0.0036717532209201618,0.000228721306171431,0.03522951522580249,0.9609375,0.03940693030058064,8,0.7916797086571051,0.00581833238788732,0.0005570615069122599,0.000689370487652774,-0.515625,-0.02818252005918087,0.0049724099516003095
headtohead,gradient,out_urban,high,pp_sample,0.017876095340344997,0.0007178942648459698,0.03779803428597201,0.796875,0.027037115834521796,8,0.7945126506909782,-0.0036717532209201618,0.000228721306171431,0.03522951522580249,0.9609375,0.03940693030058064,8,0.7916797086571051,0.021547848561265157,0.0004891729586745388,0.0025685190601695204,-0.1640625,-0.012369814466058848,0.002832942033873076
headtohead,gradient,out_urban,low,amatrix,-0.0003490122791093426,0.0004491179971480408,0.03811406595247554,0.962890625,0.04276419601776906,8,0.7987921610007667,-0.00047206810074881074,0.0003811119800005017,0.03839009676225802,0.9296875,0.03940693030058064,8,0.7941884854153393,0.0001230558216394681,6.80060171475391e-05,-0.0002760308097824807,0.033203125,0.003357265717188418,0.0046036755854274025
headtohead,gradient,out_urban,low,amatrix_proj,-0.00017393455117221607,0.00046672274837604514,0.03805741105283124,0.955078125,0.04172881911605655,8,0.7995696922292987,-0.00047206810074881074,0.0003811119800005017,0.03839009676225802,0.9296875,0.03940693030058064,8,0.7941884854153393,0.00029813354957659464,8.561076837554344e-05,-0.00033268570942678044,0.025390625,0.002321888815475903,0.005381206813959483
headtohead,gradient,out_urban,low,pp,0.0021035458667573023,0.0006466613812995155,0.03873257570294925,0.517578125,0.014997153420525043,8,0.7957017026331363,-0.00047206810074881074,0.0003811119800005017,0.03839009676225802,0.9296875,0.03940693030058064,8,0.7941884854153393,0.002575613967506113,0.0002655494012990138,0.00034247894069123347,-0.412109375,-0.0244097768800556,0.0015132172177970693
headtohead,gradient,out_urban,low,pp_sample,0.013453162135022928,0.000514563851942852,0.04153280161687894,0.84765625,0.03151828444437204,8,0.7854242633667525,-0.00047206810074881074,0.0003811119800005017,0.03839009676225802,0.9296875,0.03940693030058064,8,0.7941884854153393,0.01392523023577174,0.00013345187194235028,0.003142704854620919,-0.08203125,-0.007888645856208604,-0.008764222048586734
headtohead,gradient,out_urban,medium,amatrix,-0.001804997837672242,0.00043005205286413814,0.035303573093266226,0.974609375,0.04097892609502838,8,0.8214573557845524,-0.0021245185226509066,0.0003767679558655237,0.03639008767249456,0.9501953125,0.03940693030058064,8,0.8066109404292354,0.0003195206849786647,5.328409699861445e-05,-0.0010865145792283357,0.0244140625,0.0015719957944477364,0.014846415355316944
headtohead,gradient,out_urban,medium,amatrix_proj,-0.0008843414231860479,0.0005019892931161409,0.03526752372455556,0.95703125,0.037695042185236866,8,0.8219587824686272,-0.0021245185226509066,0.0003767679558655237,0.03639008767249456,0.9501953125,0.03940693030058064,8,0.8066109404292354,0.0012401770994648587,0.00012522133725061726,-0.0011225639479389982,0.0068359375,-0.0017118881153437779,0.015347842039391768
headtohead,gradient,out_urban,medium,pp,0.0028628552306253154,0.0009567413215418462,0.03828123740476425,0.443359375,0.01240684992531147,8,0.8021417523462034,-0.0021245185226509066,0.0003767679558655237,0.03639008767249456,0.9501953125,0.03940693030058064,8,0.8066109404292354,0.0049873737532762225,0.0005799733656763225,0.001891149732269691,-0.5068359375,-0.027000080375269173,-0.004469188083031983
headtohead,gradient,out_urban,medium,pp_sample,0.01692976632625406,0.0007867921257343481,0.03985581679524769,0.8115234375,0.028658643753727415,8,0.8027179331224796,-0.0021245185226509066,0.0003767679558655237,0.03639008767249456,0.9501953125,0.03940693030058064,8,0.8066109404292354,0.01905428484890497,0.0004100241698688244,0.003465729122753128,-0.138671875,-0.010748286546853229,-0.0038930073067557913
headtohead,hotcold,crisis_dist,high,amatrix,-0.010677385830943062,0.00044394433966207585,0.04153589184950443,0.9716796875,0.047188537129063894,8,0.8700749663621454,-0.011989079737401886,0.0005602051044657169,0.045080484904425906,0.9267578125,0.04377235090638752,8,0.860334702939983,0.0013116939064588239,-0.00011626076480364107,-0.0035445930549214757,0.044921875,0.003416186222676372,0.009740263422162387
headtohead,hotcold,crisis_dist,high,amatrix_proj,-0.004146730798555241,0.0003215157698164888,0.038888572379959796,0.9765625,0.043244204861456116,8,0.8699258227357405,-0.011989079737401886,0.0005602051044657169,0.045080484904425906,0.9267578125,0.04377235090638752,8,0.860334702939983,0.007842348938846645,-0.00023868933464922813,-0.00619191252446611,0.0498046875,-0.000528146044931406,0.009591119795757441
headtohead,hotcold,crisis_dist,high,pp,0.007371941751429809,0.000659307291145911,0.041622098914580914,0.5302734375,0.016085220050229294,8,0.861871551052046,-0.011989079737401886,0.0005602051044657169,0.045080484904425906,0.9267578125,0.04377235090638752,8,0.860334702939983,0.019361021488831696,9.910218668019409e-05,-0.003458385989844992,-0.396484375,-0.02768713085615823,0.001536848112063005
headtohead,hotcold,crisis_dist,high,pp_sample,0.011395460758716655,0.00044280778417558284,0.04379033298535883,0.8603515625,0.034666606669426316,8,0.8646397585837327,-0.011989079737401886,0.0005602051044657169,0.045080484904425906,0.9267578125,0.04377235090638752,8,0.860334702939983,0.02338454049611854,-0.00011739732029013408,-0.0012901519190670757,-0.06640625,-0.009105744236961207,0.004305055643749611
headtohead,hotcold,crisis_dist,low,amatrix,-0.00165566047819088,0.00035240705257682316,0.03902013323444802,0.9814453125,0.04794244233221858,8,0.8918112857870506,-0.0019390281701402862,0.0003407491992064353,0.040026120510426234,0.962890625,0.04377235090638752,8,0.8892658913447608,0.0002833676919494063,1.165785337038785e-05,-0.0010059872759782124,0.0185546875,0.004170091425831059,0.00254539444228985
headtohead,hotcold,crisis_dist,low,amatrix_proj,-0.0007736509595170932,0.0003717543464831378,0.03907606220060156,0.9794921875,0.04714314541744694,8,0.8922780189349092,-0.0019390281701402862,0.0003407491992064353,0.040026120510426234,0.962890625,0.04377235090638752,8,0.8892658913447608,0.001165377210623193,3.100514727670252e-05,-0.0009500583098246765,0.0166015625,0.0033707945110594204,0.003012127590148461
headtohead,hotcold,crisis_dist,low,pp,0.002609034810118849,0.0004733243262106025,0.04002195147213648,0.568359375,0.016927003373197868,8,0.8898080888259964,-0.0019390281701402862,0.0003407491992064353,0.040026120510426234,0.962890625,0.04377235090638752,8,0.8892658913447608,0.0045480629802591346,0.00013257512700416718,-4.169038289751625e-06,-0.39453125,-0.026845347533189654,0.0005421974812356289
headtohead,hotcold,crisis_dist,low,pp_sample,0.01215477073548504,0.0004799423620669588,0.04470579564775145,0.8662109375,0.035294248385826295,8,0.8830960739751273,-0.0019390281701402862,0.0003407491992064353,0.040026120510426234,0.962890625,0.04377235090638752,8,0.8892658913447608,0.014093798905625326,0.00013919316286052348,0.004679675137325215,-0.0966796875,-0.008478102520561227,-0.006169817369633401
headtohead,hotcold,crisis_dist,medium,amatrix,-0.007963222067373604,0.0003533026893650446,0.03937839609749118,0.9736328125,0.047190988818999136,8,0.8867697734820412,-0.008816694159144942,0.0004199720176091398,0.041675644867393724,0.9462890625,0.04377235090638752,8,0.8792952442257667,0.000853472091771338,-6.66693282440952e-05,-0.0022972487699025462,0.02734375,0.0034186379126116134,0.007474529256274565
headtohead,hotcold,crisis_dist,medium,amatrix_proj,-0.003977079736695915,0.00032978737640229947,0.038471505728905744,0.9765625,0.04438466770274939,8,0.8869625472887999,-0.008816694159144942,0.0004199720176091398,0.041675644867393724,0.9462890625,0.04377235090638752,8,0.8792952442257667,0.004839614422449027,-9.018464120684033e-05,-0.0032041391384879797,0.0302734375,0.000612316796361867,0.007667303063033204
headtohead,hotcold,crisis_dist,medium,pp,0.0047655163963772115,0.0005447436607108954,0.040056746548940106,0.5556640625,0.01644208788771155,8,0.8849890333426622,-0.008816694159144942,0.0004199720176091398,0.041675644867393724,0.9462890625,0.04377235090638752,8,0.8792952442257667,0.013582210555522153,0.00012477164310175558,-0.0016188983184536182,-0.390625,-0.02733026301867597,0.0056937891168955534
headtohead,hotcold,crisis_dist,medium,pp_sample,0.010848510410046851,0.0003985160220605263,0.04305913104289686,0.880859375,0.03488233970338612,8,0.8831589381671505,-0.008816694159144942,0.0004199720176091398,0.041675644867393724,0.9462890625,0.04377235090638752,8,0.8792952442257667,0.019665204569191793,-2.145599554861352e-05,0.001383486175503136,-0.0654296875,-0.008890011203001404,0.003863693941383861
headtohead,hotcold,crisis_idp,high,amatrix,-0.008143972158965382,0.0004197794168854682,0.04150557807006342,0.974609375,0.04916309122760111,8,0.879021729409469,-0.008018325249489736,0.00044468375824603527,0.0429680578292558,0.939453125,0.04377235090638752,8,0.8743336495938402,-0.00012564690947564593,-2.4904341360567055e-05,-0.0014624797591923783,0.03515625,0.0053907403212135885,0.004688079815628798
headtohead,hotcold,crisis_idp,high,amatrix_proj,-0.0029162065446268863,0.0003819811583398925,0.03959665139177724,0.9775390625,0.0463443649622648,8,0.8777266801978678,-0.008018325249489736,0.00044468375824603527,0.0429680578292558,0.939453125,0.04377235090638752,8,0.8743336495938402,0.00510211870486285,-6.270259990614276e-05,-0.0033714064374785607,0.0380859375,0.0025720140558772794,0.003393030604027625
headtohead,hotcold,crisis_idp,high,pp,0.005183903470772421,0.0005997384803684221,0.041889225172785545,0.5361328125,0.016915322835833024,8,0.8689900016739636,-0.008018325249489736,0.00044468375824603527,0.0429680578292558,0.939453125,0.04377235090638752,8,0.8743336495938402,0.013202228720262157,0.0001550547221223868,-0.001078832656470255,-0.4033203125,-0.026857028070554498,-0.005343647919876626
headtohead,hotcold,crisis_idp,high,pp_sample,0.010707564789604438,0.0005154672291865441,0.045395093997440135,0.8603515625,0.035312216125698584,8,0.8674020334072492,-0.008018325249489736,0.00044468375824603527,0.0429680578292558,0.939453125,0.04377235090638752,8,0.8743336495938402,0.018725890039094174,7.078347094050886e-05,0.002427036168184335,-0.0791015625,-0.008460134780688938,-0.006931616186590994
headtohead,hotcold,crisis_idp,low,amatrix,-0.0014497816393167383,0.00036215216954036745,0.040299079768272614,0.9755859375,0.048437693372019974,8,0.8869031887841237,-0.0015691318348005992,0.0003510011566040731,0.04076524481195151,0.9521484375,0.04377235090638752,8,0.886026589132659,0.00011935019548386092,1.1151012936294331e-05,-0.00046616504367889833,0.0234375,0.004665342465632452,0.0008765996514646934
headtohead,hotcold,crisis_idp,low,amatrix_proj,-0.0007825751857220021,0.000379948862329782,0.04023559091540224,0.9716796875,0.047910474458449905,8,0.8873892353717833,-0.0015691318348005992,0.0003510011566040731,0.04076524481195151,0.9521484375,0.04377235090638752,8,0.886026589132659,0.0007865566490785971,2.8947705725708862e-05,-0.0005296538965492703,0.01953125,0.004138123552062382,0.0013626462391242988
headtohead,hotcold,crisis_idp,low,pp,0.0007886951582683382,0.00039731531790933734,0.040913111011073436,0.5732421875,0.017133115169401938,8,0.8855527029918673,-0.0015691318348005992,0.0003510011566040731,0.04076524481195151,0.9521484375,0.04377235090638752,8,0.886026589132659,0.0023578269930689373,4.631416130526422e-05,0.00014786619912192378,-0.37890625,-0.026639235736985584,-0.00047388614079169056
headtohead,hotcold,crisis_idp,low,pp_sample,0.011268035934086847,0.00045552411442726954,0.04542383922532157,0.861328125,0.035512394419147025,8,0.8781354030759875,-0.0015691318348005992,0.0003510011566040731,0.04076524481195151,0.9521484375,0.04377235090638752,8,0.886026589132659,0.012837167768887447,0.00010452295782319642,0.0046585944133700555,-0.0908203125,-0.008259956487240497,-0.007891186056671495
headtohead,hotcold,crisis_idp,medium,amatrix,-0.006544879698403014,0.0003527619478081126,0.040161770186598944,0.978515625,0.048427820289615384,8,0.8854207536323804,-0.0064863985942780365,0.0003548095120900099,0.04117028784568083,0.9501953125,0.04377235090638752,8,0.8833875134550916,-5.848110412497772e-05,-2.047564281897334e-06,-0.0010085176590818867,0.0283203125,0.0046554693832278615,0.0020332401772887865
headtohead,hotcold,crisis_idp,medium,amatrix_proj,-0.0033563417620803386,0.00036631013830943076,0.039460526508526154,0.9765625,0.04666749365615602,8,0.8848724770073044,-0.0064863985942780365,0.0003548095120900099,0.04117028784568083,0.9501953125,0.04377235090638752,8,0.8833875134550916,0.003130056832197698,1.1500626219420836e-05,-0.0017097613371546763,0.0263671875,0.0028951427497685006,0.0014849635522128368
headtohead,hotcold,crisis_idp,medium,pp,0.002114108184772669,0.0004751618952602116,0.0404472402289126,0.5634765625,0.01706725439732117,8,0.8838177670316654,-0.0064863985942780365,0.0003548095120900099,0.04117028784568083,0.9501953125,0.04377235090638752,8,0.8833875134550916,0.008600506779050705,0.00012035238317020168,-0.0007230476167682312,-0.38671875,-0.026705096509066353,0.00043025357657378027
headtohead,hotcold,crisis_idp,medium,pp_sample,0.009644144031199007,0.0004208791636847709,0.04397860537272345,0.8671875,0.03545077585626764,8,0.8801243169088264,-0.0064863985942780365,0.0003548095120900099,0.04117028784568083,0.9501953125,0.04377235090638752,8,0.8833875134550916,0.016130542625477043,6.606965159476098e-05,0.0028083175270426225,-0.0830078125,-0.008321575050119885,-0.003263196546265168
headtohead,hotcold,distance,high,amatrix,-0.00244061451682097,0.0010115211633695614,0.03994197886951596,0.853515625,0.03205900087439076,8,0.8964118975201121,-0.00038390034676287726,0.0012291610343751595,0.051160266736671095,0.8623046875,0.04377235090638752,8,0.8418967564802795,-0.002056714170058093,-0.0002176398710055981,-0.011218287867155133,-0.0087890625,-0.011713350031996764,0.05451514103983257
headtohead,hotcold,distance,high,amatrix_proj,-0.011585819132411811,0.00022679770790812298,0.02597524051888619,0.84765625,0.01954946070194528,8,0.9083488198733262,-0.00038390034676287726,0.0012291610343751595,0.051160266736671095,0.8623046875,0.04377235090638752,8,0.8418967564802795,-0.011201918785648935,-0.0010023633264670366,-0.025185026217784904,-0.0146484375,-0.02422289020444224,0.06645206339304666
headtohead,hotcold,distance,high,pp,0.0014930301153231983,0.0002030348483520305,0.025936191364827266,0.595703125,0.011539633161470473,8,0.9029740606621323,-0.00038390034676287726,0.0012291610343751595,0.051160266736671095,0.8623046875,0.04377235090638752,8,0.8418967564802795,0.0018769304620860755,-0.001026126186023129,-0.02522407537184383,-0.2666015625,-0.03223271774491705,0.061077304181852754
headtohead,hotcold,distance,high,pp_sample,0.01826054021274319,0.0005895506037445163,0.03413279880145707,0.8681640625,0.027987959782728854,8,0.8928225266024421,-0.00038390034676287726,0.0012291610343751595,0.051160266736671095,0.8623046875,0.04377235090638752,8,0.8418967564802795,0.018644440559506068,-0.0006396104306306432,-0.017027467935214022,0.005859375,-0.01578439112365867,0.050925770122162595
headtohead,hotcold,distance,low,amatrix,-0.002169503565724107,0.00024026626041190362,0.03625993837319818,0.9892578125,0.04614272399804552,8,0.9008876523895546,-0.0018054852473317138,0.00025054511960953427,0.03848944280146157,0.962890625,0.04377235090638752,8,0.8931531116412508,-0.0003640183183923932,-1.0278859197630644e-05,-0.0022295044282633902,0.0263671875,0.0023703730916579957,0.00773454074830382
headtohead,hotcold,distance,low,amatrix_proj,-0.004825985303274461,0.0003307672892460463,0.03592281784188515,0.9736328125,0.04150738375457965,8,0.9012528129618215,-0.0018054852473317138,0.00025054511960953427,0.03848944280146157,0.962890625,0.04377235090638752,8,0.8931531116412508,-0.0030205000559427467,8.022216963651205e-05,-0.0025666249595764218,0.0107421875,-0.0022649671518078715,0.008099701320570696
headtohead,hotcold,distance,low,pp,-0.001612929568040875,0.000603816130618544,0.03734193910912517,0.5458984375,0.015134481198190265,8,0.9026923525884193,-0.0018054852473317138,0.00025054511960953427,0.03848944280146157,0.962890625,0.04377235090638752,8,0.8931531116412508,0.00019255567929083893,0.0003532710110090098,-0.0011475036923363977,-0.4169921875,-0.028637869708197258,0.009539240947168515
headtohead,hotcold,distance,low,pp_sample,0.012057018041915555,0.00042105295800770625,0.03965689710401106,0.875,0.033012531890889776,8,0.8992074123760427,-0.0018054852473317138,0.00025054511960953427,0.03848944280146157,0.962890625,0.04377235090638752,8,0.8931531116412508,0.013862503289247268,0.00017050783839817199,0.0011674543025494907,-0.087890625,-0.010759819015497746,0.006054300734791962
headtohead,hotcold,distance,medium,amatrix,-0.0018728645617680448,0.0003098090923067312,0.032854994384149565,0.96875,0.03945041346852293,8,0.90893594923091,-0.0006924709259782461,0.0004488742083486763,0.04086963651147369,0.94921875,0.04377235090638752,8,0.8804334142098517,-0.0011803936357897987,-0.0001390651160419451,-0.008014642127324126,0.01953125,-0.00432193743786459,0.028502535021058373
headtohead,hotcold,distance,medium,amatrix_proj,-0.00893977158962551,0.0002303354636264555,0.028361280009838202,0.9443359375,0.027836308238742103,8,0.9144737971525361,-0.0006924709259782461,0.0004488742083486763,0.04086963651147369,0.94921875,0.04377235090638752,8,0.8804334142098517,-0.008247300663647265,-0.0002185387447222208,-0.012508356501635488,-0.0048828125,-0.01593604266764542,0.03404038294268441
headtohead,hotcold,distance,medium,pp,0.00047453198370739217,0.00040046320222152684,0.030114943430820332,0.552734375,0.012604696177572317,8,0.9199351080388207,-0.0006924709259782461,0.0004488742083486763,0.04086963651147369,0.94921875,0.04377235090638752,8,0.8804334142098517,0.0011670029096856383,-4.8411006127149455e-05,-0.010754693080653358,-0.396484375,-0.031167654728815206,0.039501693828969064
headtohead,hotcold,distance,medium,pp_sample,0.016353132232769917,0.00041969338961275255,0.033332088797333306,0.8955078125,0.029571072960037376,8,0.9117270474729903,-0.0006924709259782461,0.0004488742083486763,0.04086963651147369,0.94921875,0.04377235090638752,8,0.8804334142098517,0.017045603158748163,-2.9180818735923745e-05,-0.007537547714140384,-0.0537109375,-0.014201277946350146,0.03129363326313861
headtohead,hotcold,into_hotcold,high,amatrix,-0.0011322884486409013,0.0006353546581413713,0.05601659280087909,0.93359375,0.05644336258789754,8,0.8429716934848842,-3.888110842324618e-06,0.0013092398052054833,0.06048616166433771,0.8291015625,0.04377235090638752,8,0.8059133252775198,-0.0011284003377985768,-0.0006738851470641119,-0.004469568863458624,0.1044921875,0.012671011681510018,0.03705836820736441
headtohead,hotcold,into_hotcold,high,amatrix_proj,-0.00040323760708728005,0.0006701968704256018,0.05473987286957601,0.9287109375,0.054657544584127506,8,0.8488521912058229,-3.888110842324618e-06,0.0013092398052054833,0.06048616166433771,0.8291015625,0.04377235090638752,8,0.8059133252775198,-0.0003993494962449554,-0.0006390429347798815,-0.005746288794761703,0.099609375,0.010885193677739984,0.042938865928303094
headtohead,hotcold,into_hotcold,high,pp,-0.00010227692546476176,0.0007059888170628791,0.05617222756730223,0.4267578125,0.017159550060393457,8,0.8402428179154546,-3.888110842324618e-06,0.0013092398052054833,0.06048616166433771,0.8291015625,0.04377235090638752,8,0.8059133252775198,-9.838881462243714e-05,-0.0006032509881426041,-0.004313934097035482,-0.40234375,-0.026612800845994065,0.03432949263793483
headtohead,hotcold,into_hotcold,high,pp_sample,0.011302760538493745,0.0010071860114239484,0.06198500310930371,0.697265625,0.035617563145697986,8,0.816787706897909,-3.888110842324618e-06,0.0013092398052054833,0.06048616166433771,0.8291015625,0.04377235090638752,8,0.8059133252775198,0.01130664864933607,-0.0003020537937815349,0.0014988414449659954,-0.1318359375,-0.008154787760689536,0.010874381620389229
headtohead,hotcold,into_hotcold,low,amatrix,-0.0007819794236415912,0.0003680756781171222,0.04155911172686755,0.9716796875,0.04945856136391953,8,0.8809388920633618,-0.0006711683549601622,0.000523158072872168,0.04307777118293916,0.9296875,0.04377235090638752,8,0.8738159384776476,-0.00011081106868142908,-0.00015508239475504578,-0.0015186594560716096,0.0419921875,0.005686210457532009,0.007122953585714242
headtohead,hotcold,into_hotcold,low,amatrix_proj,-0.0015638327770395705,0.0003949131092316311,0.040734338101741596,0.982421875,0.04819627076327282,8,0.8839603176205837,-0.0006711683549601622,0.000523158072872168,0.04307777118293916,0.9296875,0.04377235090638752,8,0.8738159384776476,-0.0008926644220794084,-0.00012824496364053685,-0.0023434330811975615,0.052734375,0.004423919856885297,0.010144379142936089
headtohead,hotcold,into_hotcold,low,pp,-0.0011043105334602435,0.0003762220823080525,0.04128439384766681,0.5634765625,0.017102185987722406,8,0.8819506844753716,-0.0006711683549601622,0.000523158072872168,0.04307777118293916,0.9296875,0.04377235090638752,8,0.8738159384776476,-0.00043314217850008133,-0.00014693599056411544,-0.0017933773352723503,-0.3662109375,-0.026670164918665116,0.008134745997724013
headtohead,hotcold,into_hotcold,low,pp_sample,0.010632242252183753,0.0005190122379523193,0.046843236697193105,0.828125,0.03557399677705763,8,0.8710885008062887,-0.0006711683549601622,0.000523158072872168,0.04307777118293916,0.9296875,0.04377235090638752,8,0.8738159384776476,0.011303410607143915,-4.145834919848639e-06,0.0037654655142539475,-0.1015625,-0.008198354129329892,-0.0027274376713588566
headtohead,hotcold,into_hotcold,medium,amatrix,-0.0025578234826566073,0.0004890355944337628,0.04707529995575185,0.9462890625,0.051681800452904575,8,0.8632163742947266,-0.0015790858307781503,0.0009594176492866581,0.05003650100142993,0.88671875,0.04377235090638752,8,0.8374423214087284,-0.000978737651878457,-0.0004703820548528953,-0.002961201045678083,0.0595703125,0.007909449546517053,0.02577405288599821
headtohead,hotcold,into_hotcold,medium,amatrix_proj,-0.0024642494397576946,0.0005095234709725788,0.04542530853406408,0.947265625,0.04966608724264236,8,0.8726429563734953,-0.0015790858307781503,0.0009594176492866581,0.05003650100142993,0.88671875,0.04377235090638752,8,0.8374423214087284,-0.0008851636089795443,-0.0004498941783140794,-0.0046111924673658475,0.060546875,0.00589373633625484,0.035200634964766886
headtohead,hotcold,into_hotcold,medium,pp,-0.001810613300794126,0.000502452587749068,0.04631070217951845,0.51953125,0.017143141104882454,8,0.8656237161102058,-0.0015790858307781503,0.0009594176492866581,0.05003650100142993,0.88671875,0.04377235090638752,8,0.8374423214087284,-0.0002315274700159756,-0.00045696506153759017,-0.0037257988219114788,-0.3671875,-0.026629209801505068,0.028181394701477402
headtohead,hotcold,into_hotcold,medium,pp_sample,0.009727344095516585,0.0007280039205953935,0.05239513445178801,0.7763671875,0.03561463191495031,8,0.8443181423876803,-0.0015790858307781503,0.0009594176492866581,0.05003650100142993,0.88671875,0.04377235090638752,8,0.8374423214087284,0.011306429926294735,-0.00023141372869126464,0.002358633450358083,-0.1103515625,-0.008157718991437211,0.0068758209789518965
headtohead,hotcold,into_urban,high,amatrix,-3.630489540797828e-05,0.0007622749307670871,0.057421941675034616,0.927734375,0.0569679476523242,8,0.83584080797451,-0.0011277392506484735,0.0009482069075273417,0.05845967906796962,0.8251953125,0.04377235090638752,8,0.8243745124292479,0.0010914343552404953,-0.00018593197676025467,-0.0010377373929350009,0.1025390625,0.013195596745936677,0.011466295545262128
headtohead,hotcold,into_urban,high,amatrix_proj,-0.0021001045652091653,0.0006977892103718767,0.055058141392959184,0.9287109375,0.05474840979486868,8,0.8458811590816648,-0.0011277392506484735,0.0009482069075273417,0.05845967906796962,0.8251953125,0.04377235090638752,8,0.8243745124292479,-0.0009723653145606917,-0.00025041769715546504,-0.0034015376750104326,0.103515625,0.01097605888848116,0.021506646652416972
headtohead,hotcold,into_urban,high,pp,-0.0012151849297577068,0.0007529736785739702,0.05654968194425453,0.4453125,0.017262261121200016,8,0.8364513199054964,-0.0011277392506484735,0.0009482069075273417,0.05845967906796962,0.8251953125,0.04377235090638752,8,0.8243745124292479,-8.744567910923327e-05,-0.0001952332289533715,-0.0019099971237150834,-0.3798828125,-0.026510089785187506,0.012076807476248508
headtohead,hotcold,into_urban,high,pp_sample,0.01023214109137783,0.0009720640238682854,0.06120509010329102,0.7158203125,0.03568676742518556,8,0.8249771560618435,-0.0011277392506484735,0.0009482069075273417,0.05845967906796962,0.8251953125,0.04377235090638752,8,0.8243745124292479,0.011359880342026304,2.3857116340943673e-05,0.0027454110353214017,-0.109375,-0.00808558348120196,0.0006026436325956563
headtohead,hotcold,into_urban,low,amatrix,-0.0010597235165946918,0.0004314707362452746,0.041463567917114745,0.9677734375,0.04904293102723612,8,0.8861402316125083,-0.0011403154721935705,0.0004473343091618874,0.042168317075901525,0.935546875,0.04377235090638752,8,0.8839321019072139,8.059195559887876e-05,-1.5863572916612826e-05,-0.0007047491587867799,0.0322265625,0.005270580120848599,0.0022081297052943816
headtohead,hotcold,into_urban,low,amatrix_proj,-0.0016231070213528376,0.00044540146663554894,0.04106967143547703,0.970703125,0.048469190711991926,8,0.8869957304818245,-0.0011403154721935705,0.0004473343091618874,0.042168317075901525,0.935546875,0.04377235090638752,8,0.8839321019072139,-0.0004827915491592671,-1.9328425263384717e-06,-0.0010986456404244935,0.03515625,0.004696839805604404,0.0030636285746105107
headtohead,hotcold,into_urban,low,pp,-0.0011391929172979173,0.0004323207340028267,0.04182788848771883,0.5556640625,0.01714990001283862,8,0.8850594140649234,-0.0011403154721935705,0.0004473343091618874,0.042168317075901525,0.935546875,0.04377235090638752,8,0.8839321019072139,1.1225548956531831e-06,-1.5013575159060705e-05,-0.0003404285881826938,-0.3798828125,-0.0266224508935489,0.001127312157709448
headtohead,hotcold,into_urban,low,pp_sample,0.010425717451730711,0.0005299411018680452,0.04681532642954624,0.83984375,0.035584730128255734,8,0.8788520438438712,-0.0011403154721935705,0.0004473343091618874,0.042168317075901525,0.935546875,0.04377235090638752,8,0.8839321019072139,0.011566032923924281,8.260679270615776e-05,0.004647009353644718,-0.095703125,-0.008187620778131788,-0.005080058063342774
headtohead,hotcold,into_urban,medium,amatrix,0.0005923890273147138,0.0004470071213754905,0.04610885449340497,0.94921875,0.05152056691291285,8,0.8672072281225777,9.582879024954319e-05,0.0005603967930537062,0.047212728926716366,0.8935546875,0.04377235090638752,8,0.8601940691582334,0.0004965602370651706,-0.00011338967167821563,-0.0011038744333113984,0.0556640625,0.007748216006525331,0.00701315896434429
headtohead,hotcold,into_urban,medium,amatrix_proj,-0.0009523263130135141,0.00043615906525979175,0.04420274587093736,0.9599609375,0.04975776071874593,8,0.8793233380198417,9.582879024954319e-05,0.0005603967930537062,0.047212728926716366,0.8935546875,0.04377235090638752,8,0.8601940691582334,-0.0010481551032630572,-0.0001242377277939144,-0.003009983055779007,0.06640625,0.005985409812358407,0.019129268861608373
headtohead,hotcold,into_urban,medium,pp,3.979677637943327e-05,0.0004495887634279073,0.04591499548740744,0.5244140625,0.017212860013149013,8,0.8681414103367925,9.582879024954319e-05,0.0005603967930537062,0.047212728926716366,0.8935546875,0.04377235090638752,8,0.8601940691582334,-5.6032013870109916e-05,-0.00011080802962579883,-0.0012977334393089249,-0.369140625,-0.02655949089323851,0.007947341178559109
headtohead,hotcold,into_urban,medium,pp_sample,0.01145660816789618,0.0006010790764112532,0.0512930969668528,0.794921875,0.03567049323520754,8,0.8564344529238945,9.582879024954319e-05,0.0005603967930537062,0.047212728926716366,0.8935546875,0.04377235090638752,8,0.8601940691582334,0.011360779377646636,4.068228335754706e-05,0.004080368040136437,-0.0986328125,-0.008101857671179984,-0.0037596162343388473
headtohead,hotcold,neighbors,high,amatrix,0.00015400234878364837,0.0001990863469904908,0.030933577342396473,0.95703125,0.03243318121774665,8,0.9048610177624006,0.0011195637278582512,0.0004685368936910647,0.04351787347720169,0.9345703125,0.04377235090638752,8,0.8588053684402617,-0.0009655613790746029,-0.0002694505467005739,-0.01258429613480522,0.0224609375,-0.01133916968864087,0.0460556493221389
headtohead,hotcold,neighbors,high,amatrix_proj,-0.004118522217203429,0.00021597773870796078,0.028807946473987076,0.9150390625,0.025874475251567847,8,0.9147285772702352,0.0011195637278582512,0.0004685368936910647,0.04351787347720169,0.9345703125,0.04377235090638752,8,0.8588053684402617,-0.00523808594506168,-0.0002525591549831039,-0.014709927003214617,-0.01953125,-0.017897875654819675,0.05592320882997348
headtohead,hotcold,neighbors,high,pp,-0.001869852461264799,0.00020860076323344433,0.030195221813512304,0.5751953125,0.01304821551940586,8,0.90729876131721,0.0011195637278582512,0.0004685368936910647,0.04351787347720169,0.9345703125,0.04377235090638752,8,0.8588053684402617,-0.00298941618912305,-0.0002599361304576204,-0.01332265166368939,-0.359375,-0.03072413538698166,0.048493392876948316
headtohead,hotcold,neighbors,high,pp_sample,0.014759775664904657,0.00044405051993208554,0.036724764796911134,0.8779296875,0.030597941231063405,8,0.8993550000647367,0.0011195637278582512,0.0004685368936910647,0.04351787347720169,0.9345703125,0.04377235090638752,8,0.8588053684402617,0.013640211937046405,-2.4486373758979166e-05,-0.006793108680290559,-0.056640625,-0.013174409675324118,0.040549631624475
headtohead,hotcold,neighbors,low,amatrix,-9.342902521969197e-05,0.0003249195707060788,0.03675639338951277,0.98828125,0.04608529209218848,8,0.9007487601919906,0.00018311498534871138,0.00035066454823385994,0.039200884623575766,0.9580078125,0.04377235090638752,8,0.8926862600763781,-0.00027654401056840334,-2.5744977527781122e-05,-0.002444491234062998,0.0302734375,0.002312941185800957,0.008062500115612492
headtohead,hotcold,neighbors,low,amatrix_proj,-0.0013124828439403037,0.00031929863975907843,0.035866601869381134,0.984375,0.04253088051976854,8,0.9050047941225365,0.00018311498534871138,0.00035066454823385994,0.039200884623575766,0.9580078125,0.04377235090638752,8,0.8926862600763781,-0.001495597829289015,-3.136590847478151e-05,-0.0033342827541946313,0.0263671875,-0.0012414703866189813,0.012318534046158458
headtohead,hotcold,neighbors,low,pp,-0.0008545315617188836,0.0002998697031229651,0.035645508340520896,0.578125,0.015332728060227823,8,0.9072519090524639,0.00018311498534871138,0.00035066454823385994,0.039200884623575766,0.9580078125,0.04377235090638752,8,0.8926862600763781,-0.001037646547067595,-5.079484511089484e-05,-0.00355537628305487,-0.3798828125,-0.0284396228461597,0.01456564897608581
headtohead,hotcold,neighbors,low,pp_sample,0.012899576790131236,0.00044773083257240026,0.04118799701706106,0.8623046875,0.03371753162292814,8,0.898145782798598,0.00018311498534871138,0.00035066454823385994,0.039200884623575766,0.9580078125,0.04377235090638752,8,0.8926862600763781,0.012716461804782524,9.706628433854032e-05,0.001987112393485292,-0.095703125,-0.01005481928345938,0.005459522722219945
headtohead,hotcold,neighbors,medium,amatrix,-0.0006490607629681595,0.00021949067794700675,0.033098708320382975,0.9638671875,0.03878827416687231,8,0.9074121640289337,7.849720309721921e-05,0.00039264917326913164,0.041614898754653525,0.94140625,0.04377235090638752,8,0.8757769721684118,-0.0007275579660653787,-0.0001731584953221249,-0.00851619043427055,0.0224609375,-0.00498407673951521,0.03163519186052188
headtohead,hotcold,neighbors,medium,amatrix_proj,-0.00388733837070974,0.00022232029022329976,0.03130301069626165,0.935546875,0.031375796379044765,8,0.9137829793847039,7.849720309721921e-05,0.00039264917326913164,0.041614898754653525,0.94140625,0.04377235090638752,8,0.8757769721684118,-0.003965835573806959,-0.00017032888304583188,-0.010311888058391873,-0.005859375,-0.012396554527342757,0.038006007216292104
headtohead,hotcold,neighbors,medium,pp,-0.002303229738570918,0.00018675103391146186,0.03177110650876854,0.59375,0.013679711970542439,8,0.9123659698839528,7.849720309721921e-05,0.00039264917326913164,0.041614898754653525,0.94140625,0.04377235090638752,8,0.8757769721684118,-0.002381726941668137,-0.00020589813935766979,-0.009843792245884983,-0.34765625,-0.030092638935845083,0.03658899771554103
headtohead,hotcold,neighbors,medium,pp_sample,0.013557569047977327,0.00038493968031367654,0.038267703191326365,0.8681640625,0.031551143072913714,8,0.9041600558302946,7.849720309721921e-05,0.00039264917326913164,0.041614898754653525,0.94140625,0.04377235090638752,8,0.8757769721684118,0.013479071844880107,-7.709492955455105e-06,-0.00334719556332716,-0.0732421875,-0.012221207833473809,0.028383083661882802
headtohead,hotcold,out_hotcold,high,amatrix,0.001084663907052087,0.00023369228333178666,0.03708583840511658,0.9775390625,0.04598932446872966,8,0.8961370971433803,0.0021643427273809663,0.00024130754734159158,0.039544569708246366,0.958984375,0.04377235090638752,8,0.8879819687328327,-0.0010796788203288794,-7.6152640098049176e-06,-0.002458731303129784,0.0185546875,0.0022169735623421352,0.008155128410547552
headtohead,hotcold,out_hotcold,high,amatrix_proj,-0.003730889378367672,0.00029472365613793857,0.03646035346836116,0.970703125,0.041554385442280205,8,0.8992929980772753,0.0021643427273809663,0.00024130754734159158,0.039544569708246366,0.958984375,0.04377235090638752,8,0.8879819687328327,-0.005895232105748638,5.341610879634699e-05,-0.0030842162398852027,0.01171875,-0.0022179654641073174,0.011311029344442503
headtohead,hotcold,out_hotcold,high,pp,-0.004059132454495637,0.0004778259350377314,0.03632643253903083,0.521484375,0.014558900389825028,8,0.9094602636879693,0.0021643427273809663,0.00024130754734159158,0.039544569708246366,0.958984375,0.04377235090638752,8,0.8879819687328327,-0.006223475181876603,0.00023651838769613983,-0.0032181371692155333,-0.4375,-0.029213450516562496,0.021478294955136534
headtohead,hotcold,out_hotcold,high,pp_sample,0.012620526245082567,0.00039384766416466756,0.039273482316817036,0.8623046875,0.03149276132620209,8,0.9015032732100347,0.0021643427273809663,0.00024130754734159158,0.039544569708246366,0.958984375,0.04377235090638752,8,0.8879819687328327,0.010456183517701601,0.00015254011682307598,-0.00027108739142932964,-0.0966796875,-0.012279589580185435,0.013521304477201901
headtohead,hotcold,out_hotcold,low,amatrix,-0.0009241458323577487,0.0003429661053200786,0.03944527644689297,0.974609375,0.04808230407245591,8,0.8935517715759986,-0.0007182680262811008,0.00031743247029529206,0.04006756597284494,0.958984375,0.04377235090638752,8,0.8915707487928575,-0.00020587780607664796,2.5533635024786554e-05,-0.0006222895259519745,0.015625,0.0043099531660683865,0.001981022783141162
headtohead,hotcold,out_hotcold,low,amatrix_proj,-0.0018138159877718533,0.0003515125326919492,0.03927575326804629,0.9755859375,0.047178127929209814,8,0.8950528281258998,-0.0007182680262811008,0.00031743247029529206,0.04006756597284494,0.958984375,0.04377235090638752,8,0.8915707487928575,-0.0010955479614907526,3.408006239665715e-05,-0.0007918127047986528,0.0166015625,0.0034057770228222914,0.0034820793330423427
headtohead,hotcold,out_hotcold,low,pp,-0.002575806885089882,0.0003955319592958893,0.03893109515449606,0.5791015625,0.016821916340785118,8,0.8974497976514242,-0.0007182680262811008,0.00031743247029529206,0.04006756597284494,0.958984375,0.04377235090638752,8,0.8915707487928575,-0.0018575388588087812,7.809948900059727e-05,-0.0011364708183488823,-0.3798828125,-0.026950434565602404,0.0058790488585667156
headtohead,hotcold,out_hotcold,low,pp_sample,0.010654767626409907,0.0003948292933453137,0.043405089677522116,0.8515625,0.03469140415324139,8,0.8887750001095374,-0.0007182680262811008,0.00031743247029529206,0.04006756597284494,0.958984375,0.04377235090638752,8,0.8915707487928575,0.011373035652691009,7.739682305002167e-05,0.0033375237046771727,-0.107421875,-0.009080946753146135,-0.0027957486833201095
headtohead,hotcold,out_hotcold,medium,amatrix,-0.00028431887055124577,0.0003058737863308163,0.03706500798951789,0.9814453125,0.04682884238126315,8,0.8984818485625343,0.0002947176737088762,0.0003084473761264867,0.03888719253990402,0.9677734375,0.04377235090638752,8,0.8924654653451748,-0.000579036544260122,-2.5735897956704365e-06,-0.00182218455038613,0.013671875,0.0030564914748756264,0.006016383217359533
headtohead,hotcold,out_hotcold,medium,amatrix_proj,-0.003457022310764707,0.00034932495540658455,0.03654367441997403,0.9833984375,0.044005179141322265,8,0.902295824940487,0.0002947176737088762,0.0003084473761264867,0.03888719253990402,0.9677734375,0.04377235090638752,8,0.8924654653451748,-0.0037517399844735834,4.087757928009783e-05,-0.0023435181199299854,0.015625,0.0002328282349347427,0.0098303595953122
headtohead,hotcold,out_hotcold,medium,pp,-0.0041322947276694185,0.00047545782660780937,0.036183346390350306,0.5712890625,0.015508601797592237,8,0.9067063610144661,0.0002947176737088762,0.0003084473761264867,0.03888719253990402,0.9677734375,0.04377235090638752,8,0.8924654653451748,-0.0044270124013782945,0.00016701045048132264,-0.0027038461495537125,-0.396484375,-0.028263749108795283,0.01424089566929132
headtohead,hotcold,out_hotcold,medium,pp_sample,0.011354815427554293,0.00040768251815796036,0.0401347157800342,0.869140625,0.03278128976758299,8,0.8982436538637611,0.0002947176737088762,0.0003084473761264867,0.03888719253990402,0.9677734375,0.04377235090638752,8,0.8924654653451748,0.011060097753845416,9.923514203147364e-05,0.00124752324013018,-0.0986328125,-0.010991061138804534,0.005778188518586358
headtohead,hotcold,out_urban,high,amatrix,-0.0013270757017325339,0.0002005624894600301,0.03511041224222709,0.9794921875,0.04454100665649074,8,0.9019527731142416,-0.0004015728995506614,0.0002424899917895803,0.03885843403675462,0.9560546875,0.04377235090638752,8,0.8901982511153487,-0.0009255028021818725,-4.1927502329550196e-05,-0.0037480217945275243,0.0234375,0.0007686557501032157,0.01175452199889293
headtohead,hotcold,out_urban,high,amatrix_proj,-0.005438366969515995,0.0002736760970413735,0.0336360995415951,0.9677734375,0.037792735941180114,8,0.9080481995257995,-0.0004015728995506614,0.0002424899917895803,0.03885843403675462,0.9560546875,0.04377235090638752,8,0.8901982511153487,-0.005036794069965334,3.1186105251793225e-05,-0.00522233449515952,0.01171875,-0.005979614965207408,0.017849948410450844
headtohead,hotcold,out_urban,high,pp,0.002070995008686061,0.0010383912598335532,0.04028965508394107,0.361328125,0.011873561704281955,8,0.9125713929199252,-0.0004015728995506614,0.0002424899917895803,0.03885843403675462,0.9560546875,0.04377235090638752,8,0.8901982511153487,0.002472567908236722,0.0007959012680439729,0.0014312210471864525,-0.5947265625,-0.031898789202105565,0.022373141804576502
headtohead,hotcold,out_urban,high,pp_sample,0.018743134662033954,0.0007403814829173197,0.039010503745701156,0.8154296875,0.028262965904274448,8,0.9132291132781849,-0.0004015728995506614,0.0002424899917895803,0.03885843403675462,0.9560546875,0.04377235090638752,8,0.8901982511153487,0.019144707561584616,0.0004978914911277394,0.0001520697089465381,-0.140625,-0.015509385002113074,0.02303086216283623
headtohead,hotcold,out_urban,low,amatrix,-0.0008510242681236963,0.00029452390157886857,0.03828867301077607,0.986328125,0.047701993751036315,8,0.8961231127793271,-0.000786827843934621,0.0002793407210208369,0.03923292323279384,0.9638671875,0.04377235090638752,8,0.8932765767030387,-6.419642418907534e-05,1.5183180558031681e-05,-0.0009442502220177729,0.0224609375,0.003929642844648792,0.002846536076288375
headtohead,hotcold,out_urban,low,amatrix_proj,-0.0018495989944866604,0.0003280072274575486,0.03825475373986392,0.98046875,0.04623598580585207,8,0.8965358399831846,-0.000786827843934621,0.0002793407210208369,0.03923292323279384,0.9638671875,0.04377235090638752,8,0.8932765767030387,-0.0010627711505520393,4.866650643671174e-05,-0.00097816949292992,0.0166015625,0.0024636348994645507,0.0032592632801459187
headtohead,hotcold,out_urban,low,pp,-0.0003823076113871612,0.0007037087710562865,0.04002810553938013,0.5400390625,0.01568638750194071,8,0.8970165221472017,-0.000786827843934621,0.0002793407210208369,0.03923292323279384,0.9638671875,0.04377235090638752,8,0.8932765767030387,0.0004045202325474598,0.0004243680500354496,0.0007951823065862895,-0.423828125,-0.02808596340444681,0.0037399454441630064
headtohead,hotcold,out_urban,low,pp_sample,0.013009973892254315,0.0005218044744770997,0.042822731938876514,0.8466796875,0.03345650864030274,8,0.8908284627288788,-0.000786827843934621,0.0002793407210208369,0.03923292323279384,0.9638671875,0.04377235090638752,8,0.8932765767030387,0.013796801736188935,0.00024246375345626282,0.0035898087060826714,-0.1171875,-0.010315842266084785,-0.0024481139741598934
headtohead,hotcold,out_urban,medium,amatrix,-0.00018299810966731993,0.00019944997365295897,0.03655084189975686,0.98046875,0.04595777324698772,8,0.9009883845786268,0.0003478576608217555,0.00022367426042222018,0.03922302806601054,0.95703125,0.04377235090638752,8,0.8916000739815554,-0.0005308557704890754,-2.4224286769261214e-05,-0.0026721861662536775,0.0234375,0.0021854223406002,0.009388310597071459
headtohead,hotcold,out_urban,medium,amatrix_proj,-0.003099363275187146,0.0002584435346843462,0.03575439371604154,0.96484375,0.04129324409042894,8,0.9036832761116196,0.0003478576608217555,0.00022367426042222018,0.03922302806601054,0.95703125,0.04377235090638752,8,0.8916000739815554,-0.0034472209360089014,3.476927426212601e-05,-0.0034686343499689964,0.0078125,-0.0024791068159585802,0.012083202130064197
headtohead,hotcold,out_urban,medium,pp,0.0019244903403078416,0.000954119897231722,0.04025142280546199,0.4208984375,0.013157265884654575,8,0.9107972887460186,0.0003478576608217555,0.00022367426042222018,0.03922302806601054,0.95703125,0.04377235090638752,8,0.8916000739815554,0.001576632679486086,0.0007304456368095018,0.0010283947394514534,-0.5361328125,-0.03061508502173295,0.019197214764463233
headtohead,hotcold,out_urban,medium,pp_sample,0.01744855279687285,0.0006686938058735501,0.04016422489654499,0.8154296875,0.030112095925252273,8,0.9058477722293865,0.0003478576608217555,0.00022367426042222018,0.03922302806601054,0.95703125,0.04377235090638752,8,0.8916000739815554,0.017100695136051097,0.00044501954545132994,0.000941196830534452,-0.1416015625,-0.01366025498113525,0.01424769824783112
headtohead,random,crisis_dist,high,amatrix,0.0024246360315985775,0.0007658244682378645,0.04417144858732565,0.953125,0.0478178116961593,8,0.7838139861635915,0.0034653878624865643,0.0007223342639728704,0.04596724036862824,0.9267578125,0.04435015148618109,8,0.7833390228331129,-0.0010407518308879868,4.349020426499411e-05,-0.00179579178130259,0.0263671875,0.003467660209978206,0.0004749633304786949
headtohead,random,crisis_dist,high,amatrix_proj,-0.0025531005846737387,0.0009092900760143235,0.04354475772469577,0.9306640625,0.04208840728860613,8,0.7854023082527896,0.0034653878624865643,0.0007223342639728704,0.04596724036862824,0.9267578125,0.04435015148618109,8,0.7833390228331129,-0.0060184884471603025,0.0001869558120414531,-0.0024224826439324665,0.00390625,-0.0022617441975749594,0.002063285419676708
headtohead,random,crisis_dist,high,pp,-0.00299748997686362,0.0009439511814634034,0.04300870459000925,0.521484375,0.015539935393963226,8,0.7938782581699009,0.0034653878624865643,0.0007223342639728704,0.04596724036862824,0.9267578125,0.04435015148618109,8,0.7833390228331129,-0.006462877839350184,0.00022161691749053298,-0.002958535778618987,-0.4052734375,-0.028810216092217865,0.010539235336788022
headtohead,random,crisis_dist,high,pp_sample,0.013278265948371048,0.0006741529046169334,0.04580662765960562,0.828125,0.03434011478551277,8,0.8028005474965598,0.0034653878624865643,0.0007223342639728704,0.04596724036862824,0.9267578125,0.04435015148618109,8,0.7833390228331129,0.009812878085884484,-4.818135935593705e-05,-0.00016061270902261587,-0.0986328125,-0.010010036700668322,0.019461524663446972
headtohead,random,crisis_dist,low,amatrix,-0.0002529575793318072,0.0010633333687669441,0.04568448042306476,0.9462890625,0.04859707498317454,8,0.7950962599512355,-0.00013765873940967078,0.0008907549976490508,0.04508107789521952,0.916015625,0.04435015148618109,8,0.8048275582141305,-0.0001152988399221364,0.0001725783711178933,0.0006034025278452426,0.0302734375,0.004246923496993446,-0.009731298262895094
headtohead,random,crisis_dist,low,amatrix_proj,-0.00138207891417448,0.0011168113830347071,0.04559046403335742,0.9375,0.047430141211290446,8,0.7957207178182399,-0.00013765873940967078,0.0008907549976490508,0.04508107789521952,0.916015625,0.04435015148618109,8,0.8048275582141305,-0.0012444201747648092,0.0002260563853856563,0.0005093861381378975,0.021484375,0.0030799897251093528,-0.009106840395890603
headtohead,random,crisis_dist,low,pp,-0.0022947292135681754,0.0010242558831612908,0.04491438647740007,0.5146484375,0.016880760449178297,8,0.8050128197051469,-0.00013765873940967078,0.0008907549976490508,0.04508107789521952,0.916015625,0.04435015148618109,8,0.8048275582141305,-0.0021570704741585046,0.00013350088551223997,-0.00016669141781944924,-0.4013671875,-0.027469391037002796,0.00018526149101638634
headtohead,random,crisis_dist,low,pp_sample,0.011031187205526512,0.0007057522788406692,0.047620519273717465,0.845703125,0.035641142242216664,8,0.8126364875505355,-0.00013765873940967078,0.0008907549976490508,0.04508107789521952,0.916015625,0.04435015148618109,8,0.8048275582141305,0.011168845944936183,-0.0001850027188083816,0.0025394413784979447,-0.0703125,-0.008709009243964429,0.0078089293364049794
headtohead,random,crisis_dist,medium,amatrix,0.0010631626092107507,0.0007987495312884704,0.04406403696645516,0.9521484375,0.047821432776485956,8,0.7953202300270608,0.0014677722998936117,0.0006993729470927182,0.044810874738015524,0.93359375,0.04435015148618109,8,0.798251526645755,-0.00040460969068286095,9.937658419575219e-05,-0.0007468377715603644,0.0185546875,0.003471281290304863,-0.00293129661869429
headtohead,random,crisis_dist,medium,amatrix_proj,-0.002443364378177031,0.0009164664057523217,0.043622180695301105,0.9375,0.04387296367026461,8,0.7964003326548974,0.0014677722998936117,0.0006993729470927182,0.044810874738015524,0.93359375,0.04435015148618109,8,0.798251526645755,-0.003911136678070642,0.00021709345865960348,-0.0011886940427144194,0.00390625,-0.0004771878159164841,-0.001851193990857647
headtohead,random,crisis_dist,medium,pp,-0.003488737706368991,0.0009330278797959757,0.04355418960298734,0.4833984375,0.016023374979238544,8,0.8003012202410383,0.0014677722998936117,0.0006993729470927182,0.044810874738015524,0.93359375,0.04435015148618109,8,0.798251526645755,-0.004956510006262602,0.00023365493270325742,-0.0012566851350281835,-0.4501953125,-0.02832677650694255,0.002049693595283286
headtohead,random,crisis_dist,medium,pp_sample,0.011903067284413418,0.0006226409830307045,0.04584171037793564,0.8369140625,0.03483775445053781,8,0.8096101276953506,0.0014677722998936117,0.0006993729470927182,0.044810874738015524,0.93359375,0.04435015148618109,8,0.798251526645755,0.010435294984519807,-7.673196406201373e-05,0.0010308356399201177,-0.0966796875,-0.009512397035643286,0.011358601049595518
headtohead,random,crisis_idp,high,amatrix,0.002089738453169404,0.0008351164882601664,0.04625705261919157,0.9560546875,0.050137250648198815,8,0.7792759128436094,0.0019798562039366357,0.0007487375793926979,0.04616250768371179,0.916015625,0.04435015148618109,8,0.7881152293027982,0.00010988224923276849,8.63789088674685e-05,9.454493547978587e-05,0.0400390625,0.0057870991620177226,-0.008839316459188784
headtohead,random,crisis_idp,high,amatrix_proj,-0.0016082187101759686,0.0009774722176243953,0.04527457988850515,0.9423828125,0.04577187545128087,8,0.7815384063569863,0.0019798562039366357,0.0007487375793926979,0.04616250768371179,0.916015625,0.04435015148618109,8,0.7881152293027982,-0.0035880749141126043,0.0002287346382316975,-0.0008879277952066403,0.0263671875,0.0014217239650997776,-0.0065768229458118554
headtohead,random,crisis_idp,high,pp,-0.0020114745220430777,0.0009723106981512297,0.045060113175103986,0.5009765625,0.016497314976351044,8,0.7869017224990577,0.0019798562039366357,0.0007487375793926979,0.04616250768371179,0.916015625,0.04435015148618109,8,0.7881152293027982,-0.003991330725979713,0.0002235731187585319,-0.0011023945086078013,-0.4150390625,-0.02785283650983005,-0.0012135068037405494
headtohead,random,crisis_idp,high,pp_sample,0.01256429308314185,0.0007289110891999795,0.04843656548570248,0.8076171875,0.03525766796558359,8,0.7936427086096807,0.0019798562039366357,0.0007487375793926979,0.04616250768371179,0.916015625,0.04435015148618109,8,0.7881152293027982,0.010584436879205215,-1.9826490192718363e-05,0.002274057801990692,-0.1083984375,-0.009092483520597501,0.005527479306882466
headtohead,random,crisis_idp,low,amatrix,-0.0008840419927757352,0.0010864867208275084,0.04653087240176173,0.9541015625,0.04901844642365797,8,0.7987684577688614,-0.0008830316751150533,0.0009313732375029977,0.04590619840555713,0.923828125,0.04435015148618109,8,0.8055094481502786,-1.0103176606819034e-06,0.00015511348332451064,0.0006246739962045972,0.0302734375,0.004668294937476877,-0.006740990381417178
headtohead,random,crisis_idp,low,amatrix_proj,-0.0014670967767873508,0.001126207483640643,0.04660360339070751,0.9482421875,0.048269245208169984,8,0.7962237775294865,-0.0008830316751150533,0.0009313732375029977,0.04590619840555713,0.923828125,0.04435015148618109,8,0.8055094481502786,-0.0005840651016722975,0.00019483424613764538,0.0006974049851503766,0.0244140625,0.003919093721988891,-0.009285670620792108
headtohead,random,crisis_idp,low,pp,-0.0016611891373992992,0.0009864462976673124,0.04581108564087626,0.5029296875,0.01720076968177091,8,0.8057834087827962,-0.0008830316751150533,0.0009313732375029977,0.04590619840555713,0.923828125,0.04435015148618109,8,0.8055094481502786,-0.0007781574622842458,5.507306016431471e-05,-9.51127646808686e-05,-0.4208984375,-0.02714938180441018,0.0002739606325176114
headtohead,random,crisis_idp,low,pp_sample,0.010750054529153697,0.0007162136145216331,0.048136515474058304,0.8359375,0.035901757907582585,8,0.8151009138277285,-0.0008830316751150533,0.0009313732375029977,0.04590619840555713,0.923828125,0.04435015148618109,8,0.8055094481502786,0.01163308620426875,-0.00021515962298136466,0.0022303170685011725,-0.087890625,-0.008448393578598508,0.00959146567744995
headtohead,random,crisis_idp,medium,amatrix,0.0017137129502160404,0.0009373951630795291,0.046150814790125824,0.951171875,0.04922344252758892,8,0.7863353401538687,0.0015763311370306583,0.0008258541942800442,0.04586630112466516,0.919921875,0.04435015148618109,8,0.7927365566533997,0.0001373818131853821,0.0001115409687994849,0.00028451366546066587,0.03125,0.00487329104140783,-0.0064012164995309595
headtohead,random,crisis_idp,medium,amatrix_proj,-0.000536470981037704,0.0010511086957320616,0.04569549114489042,0.9365234375,0.04654197719717472,8,0.7859934276393058,0.0015763311370306583,0.0008258541942800442,0.04586630112466516,0.919921875,0.04435015148618109,8,0.7927365566533997,-0.0021128021180683624,0.00022525450145201742,-0.00017080997977474144,0.0166015625,0.0021918257109936265,-0.006743129014093907
headtohead,random,crisis_idp,medium,pp,-0.0010284522180572064,0.0009874815232014166,0.04532269513713627,0.509765625,0.01681012205027786,8,0.7932297543296105,0.0015763311370306583,0.0008258541942800442,0.04586630112466516,0.919921875,0.04435015148618109,8,0.7927365566533997,-0.0026047833550878648,0.00016162732892137236,-0.0005436059875288876,-0.41015625,-0.027540029435903234,0.0004931976762108103
headtohead,random,crisis_idp,medium,pp_sample,0.01266274566421305,0.0007306399422496775,0.04884459616510765,0.826171875,0.035548558482740335,8,0.8016398909456797,0.0015763311370306583,0.0008258541942800442,0.04586630112466516,0.919921875,0.04435015148618109,8,0.7927365566533997,0.011086414527182393,-9.521425203036667e-05,0.0029782950404424885,-0.09375,-0.008801593003440758,0.008903334292279963
headtohead,random,distance,high,amatrix,-0.0033893116245137045,0.0007183426517546064,0.040950780273896675,0.9189453125,0.03924052772674917,8,0.6231368590807461,-0.0021818310120252284,0.0014185895472922736,0.05463887521040664,0.8525390625,0.04435015148618109,8,0.5769631905720718,-0.001207480612488476,-0.0007002468955376672,-0.013688094936509965,0.06640625,-0.005109623759431921,0.046173668508674326
headtohead,random,distance,high,amatrix_proj,-0.00812033689301105,0.00015999110821287183,0.025340775531386178,0.8623046875,0.019802770575730128,8,0.6436616762744237,-0.0021818310120252284,0.0014185895472922736,0.05463887521040664,0.8525390625,0.04435015148618109,8,0.5769631905720718,-0.005938505880985821,-0.0012585984390794018,-0.029298099679020462,0.009765625,-0.024547380910450965,0.06669848570235193
headtohead,random,distance,high,pp,0.012338899284411236,0.0004048794462083994,0.029320349110556795,0.5341796875,0.011715516452975257,8,0.5279848440924343,-0.0021818310120252284,0.0014185895472922736,0.05463887521040664,0.8525390625,0.04435015148618109,8,0.5769631905720718,0.014520730296436465,-0.0010137101010838743,-0.025318526099849845,-0.318359375,-0.032634635033205836,-0.0489783464796375
headtohead,random,distance,high,pp_sample,0.026833577931448593,0.0010319552731943137,0.040242188093939334,0.79296875,0.02860739072396016,8,0.6164845775924662,-0.0021818310120252284,0.0014185895472922736,0.05463887521040664,0.8525390625,0.04435015148618109,8,0.5769631905720718,0.02901540894347382,-0.0003866342740979599,-0.014396687116467306,-0.0595703125,-0.015742760762220934,0.03952138702039443
headtohead,random,distance,low,amatrix,-0.0014575210505980646,0.0006510920888630214,0.04113493447982475,0.958984375,0.04729115876534546,8,0.8091273666771164,-0.001286768791485634,0.0004941089145867477,0.041242597003720995,0.9501953125,0.04435015148618109,8,0.8173694135270745,-0.00017075225911243066,0.0001569831742762736,-0.00010766252389624725,0.0087890625,0.0029410072791643677,-0.008242046849958107
headtohead,random,distance,low,amatrix_proj,-0.003208691671387128,0.0007897277185798383,0.04060037945217632,0.943359375,0.042140833751940845,8,0.8108462334914263,-0.001286768791485634,0.0004941089145867477,0.041242597003720995,0.9501953125,0.04435015148618109,8,0.8173694135270745,-0.0019219228799014939,0.0002956188039930905,-0.0006422175515446715,-0.0068359375,-0.0022093177342402473,-0.006523180035648224
headtohead,random,distance,low,pp,0.004634421374901287,0.0012077685285533945,0.042473229672289885,0.513671875,0.015406574401179436,8,0.7840589658507288,-0.001286768791485634,0.0004941089145867477,0.041242597003720995,0.9501953125,0.04435015148618109,8,0.8173694135270745,0.0059211901663869205,0.0007136596139666468,0.00123063266856889,-0.4365234375,-0.028943577085001657,-0.03331044767634572
headtohead,random,distance,low,pp_sample,0.016711188604678268,0.0008165309633862426,0.04363056210679522,0.8408203125,0.03361897197371931,8,0.8184437962591781,-0.001286768791485634,0.0004941089145867477,0.041242597003720995,0.9501953125,0.04435015148618109,8,0.8173694135270745,0.017997957396163902,0.0003224220487994949,0.0023879651030742285,-0.109375,-0.010731179512461782,0.0010743827321035848
headtohead,random,distance,medium,amatrix,-0.0024558264591321233,0.0003134623389062548,0.03750308145145608,0.9658203125,0.04297304280828622,8,0.7337815692487919,-0.0018506141615206094,0.0005131632340073186,0.044655131866550526,0.9423828125,0.04435015148618109,8,0.7185431889272648,-0.0006052122976115139,-0.00019970089510106377,-0.007152050415094445,0.0234375,-0.001377108677894874,0.015238380321527134
headtohead,random,distance,medium,amatrix_proj,-0.006646156418624861,0.0002974988904489578,0.030730522543146822,0.9208984375,0.02824608107764363,8,0.7455425238615229,-0.0018506141615206094,0.0005131632340073186,0.044655131866550526,0.9423828125,0.04435015148618109,8,0.7185431889272648,-0.004795542257104251,-0.0002156643435583608,-0.013924609323403704,-0.021484375,-0.016104070408537462,0.0269993349342581
headtohead,random,distance,medium,pp,0.00955714574860067,0.0006948498110638519,0.03422687066575531,0.5107421875,0.012785015784446335,8,0.6587112312488987,-0.0018506141615206094,0.0005131632340073186,0.044655131866550526,0.9423828125,0.04435015148618109,8,0.7185431889272648,0.01140775991012128,0.00018168657705653333,-0.010428261200795215,-0.431640625,-0.03156513570173476,-0.05983195767836602
headtohead,random,distance,medium,pp_sample,0.02344403434648033,0.0008154583523203638,0.039736627652042285,0.8427734375,0.030251519097015296,8,0.736781540198798,-0.0018506141615206094,0.0005131632340073186,0.044655131866550526,0.9423828125,0.04435015148618109,8,0.7185431889272648,0.02529464850800094,0.0003022951183130452,-0.004918504214508242,-0.099609375,-0.014098632389165797,0.018238351271533282
headtohead,random,into_hotcold,high,amatrix,-0.0010636731821391662,0.001228621124427018,0.061707053721066364,0.921875,0.05708521423216807,8,0.717794992777957,-0.0013823814725762735,0.001365542969356959,0.06413425119055614,0.796875,0.04435015148618109,8,0.7064216624468411,0.0003187082904371073,-0.00013692184492994103,-0.0024271974694897794,0.125,0.012735062745986979,0.011373330331115872
headtohead,random,into_hotcold,high,amatrix_proj,-0.0019226180786483568,0.0013464374272781085,0.06118626385796642,0.9169921875,0.055296314494478485,8,0.7217577730181775,-0.0013823814725762735,0.001365542969356959,0.06413425119055614,0.796875,0.04435015148618109,8,0.7064216624468411,-0.0005402366060720833,-1.9105542078850504e-05,-0.0029479873325897257,0.1201171875,0.010946163008297392,0.015336110571336325
headtohead,random,into_hotcold,high,pp,-0.0007427577634229545,0.0012419611235952623,0.06230827215190111,0.3828125,0.017441840202852395,8,0.7148529375226345,-0.0013823814725762735,0.001365542969356959,0.06413425119055614,0.796875,0.04435015148618109,8,0.7064216624468411,0.0006396237091533189,-0.00012358184576169678,-0.001825979038655036,-0.4140625,-0.026908311283328698,0.008431275075793332
headtohead,random,into_hotcold,high,pp_sample,0.010703365005992473,0.0010570011377144556,0.06530211591663497,0.6962890625,0.036103631327903854,8,0.7163868891100353,-0.0013823814725762735,0.001365542969356959,0.06413425119055614,0.796875,0.04435015148618109,8,0.7064216624468411,0.012085746478568747,-0.0003085418316425034,0.0011678647260788266,-0.1005859375,-0.008246520158277239,0.009965226663194215
headtohead,random,into_hotcold,low,amatrix,-0.0005191948050119702,0.001251262463816966,0.0494099029826691,0.9404296875,0.0500449345387406,8,0.7847792872184581,-0.0006622988825614681,0.0011629872128408774,0.04941634283021447,0.8935546875,0.04435015148618109,8,0.7919737685405603,0.00014310407754949787,8.827525097608851e-05,-6.439847545371136e-06,0.046875,0.005694783052559507,-0.007194481322102209
headtohead,random,into_hotcold,low,amatrix_proj,-0.001040235862457143,0.0013257349413872263,0.0488570590650279,0.931640625,0.048830142292966776,8,0.7863415010986998,-0.0006622988825614681,0.0011629872128408774,0.04941634283021447,0.8935546875,0.04435015148618109,8,0.7919737685405603,-0.00037793697989567496,0.00016274772854634888,-0.0005592837651865676,0.0380859375,0.004479990806785683,-0.005632267441860517
headtohead,random,into_hotcold,low,pp,-0.0004302109499975859,0.0011390526530707372,0.048519036118087194,0.4716796875,0.017385695774359698,8,0.794053143883904,-0.0006622988825614681,0.0011629872128408774,0.04941634283021447,0.8935546875,0.04435015148618109,8,0.7919737685405603,0.0002320879325638822,-2.3934559770140158e-05,-0.0008973067121272743,-0.421875,-0.026964455711821395,0.0020793753433436812
headtohead,random,into_hotcold,low,pp_sample,0.01122832778136601,0.0008671994973549629,0.05116378648541168,0.798828125,0.036086798821152656,8,0.8023270119941402,-0.0006622988825614681,0.0011629872128408774,0.04941634283021447,0.8935546875,0.04435015148618109,8,0.7919737685405603,0.011890626663927479,-0.0002957877154859145,0.0017474436551972103,-0.0947265625,-0.008263352665028437,0.010353243453579908
headtohead,random,into_hotcold,medium,amatrix,0.0002433329739054536,0.0011793107692881033,0.05205982546588535,0.9365234375,0.05211664062306438,8,0.7773470627947313,-0.0002913545311845133,0.0012401296590818915,0.05327731624594471,0.8564453125,0.04435015148618109,8,0.7705263085780153,0.0005346875050899669,-6.0818889793788156e-05,-0.001217490780059359,0.080078125,0.007766489136883284,0.0068207542167160184
headtohead,random,into_hotcold,medium,amatrix_proj,-0.0006813405952612148,0.0012967963218928655,0.051423795140089705,0.9228515625,0.050258861695385994,8,0.7813005303442924,-0.0002913545311845133,0.0012401296590818915,0.05327731624594471,0.8564453125,0.04435015148618109,8,0.7705263085780153,-0.0003899860640767015,5.6666662810973996e-05,-0.0018535211058550022,0.06640625,0.005908710209204901,0.01077422176627707
headtohead,random,into_hotcold,medium,pp,0.00020154250120213045,0.0011422307768180467,0.051664321563095535,0.4541015625,0.01743358387923448,8,0.7791435357821354,-0.0002913545311845133,0.0012401296590818915,0.05327731624594471,0.8564453125,0.04435015148618109,8,0.7705263085780153,0.0004928970323866437,-9.789888226384479e-05,-0.0016129946828491726,-0.40234375,-0.026916567606946613,0.00861722720412006
headtohead,random,into_hotcold,medium,pp_sample,0.011725773509374296,0.0009305766922592358,0.05480559840864975,0.763671875,0.036107642770650636,8,0.780545164481383,-0.0002913545311845133,0.0012401296590818915,0.05327731624594471,0.8564453125,0.04435015148618109,8,0.7705263085780153,0.01201712804055881,-0.0003095529668226556,0.0015282821627050427,-0.0927734375,-0.008242508715530457,0.010018855903367707
headtohead,random,into_urban,high,amatrix,0.004212616833467337,0.00128147110999568,0.06193502624269607,0.9248046875,0.05877983225297176,8,0.7156110852802885,0.00029951691693554886,0.0014972080293460133,0.06260252515508898,0.7841796875,0.04435015148618109,8,0.7106640547975023,0.003913099916531788,-0.00021573691935033328,-0.0006674989123929068,0.140625,0.014429680766790666,0.004947030482786219
headtohead,random,into_urban,high,amatrix_proj,-0.0019405968500822942,0.0015285694730262894,0.06025461437086882,0.9169921875,0.0554079378855538,8,0.7149658780304192,0.00029951691693554886,0.0014972080293460133,0.06260252515508898,0.7841796875,0.04435015148618109,8,0.7106640547975023,-0.002240113767017843,3.1361443680276045e-05,-0.0023479107842201558,0.1328125,0.011057786399372709,0.004301823232916946
headtohead,random,into_urban,high,pp,-0.0007629291517037663,0.0013720266819496022,0.061036657832556275,0.38671875,0.01753361248812943,8,0.7170949772403141,0.00029951691693554886,0.0014972080293460133,0.06260252515508898,0.7841796875,0.04435015148618109,8,0.7106640547975023,-0.001062446068639315,-0.00012518134739641115,-0.0015658673225327005,-0.3974609375,-0.026816538998051663,0.006430922442811848
headtohead,random,into_urban,high,pp_sample,0.01139519310920097,0.001169387525081465,0.06402257957369431,0.6787109375,0.03617610432550081,8,0.7252905492060555,0.00029951691693554886,0.0014972080293460133,0.06260252515508898,0.7841796875,0.04435015148618109,8,0.7106640547975023,0.011095676192265421,-0.00032782050426454824,0.0014200544186053349,-0.10546875,-0.008174047160680285,0.014626494408553237
headtohead,random,into_urban,low,amatrix,-0.00016573405293456085,0.0011271855843491057,0.04962864597800967,0.9375,0.04997549075184774,8,0.785741557051592,-0.000997319582747932,0.001021325324243328,0.04907642723853562,0.896484375,0.04435015148618109,8,0.7933230215950987,0.000831585529813371,0.00010586026010577778,0.0005522187394740516,0.041015625,0.0056253392656666484,-0.007581464543506722
headtohead,random,into_urban,low,amatrix_proj,-0.0016781742273543248,0.0011960374522049816,0.04928714531746638,0.9267578125,0.04903737606183595,8,0.786400346771737,-0.000997319582747932,0.001021325324243328,0.04907642723853562,0.896484375,0.04435015148618109,8,0.7933230215950987,-0.0006808546446063928,0.0001747121279616537,0.0002107180789307564,0.0302734375,0.004687224575654854,-0.00692267482336173
headtohead,random,into_urban,low,pp,-0.001256002966040384,0.0010135216050207473,0.048785852882307,0.484375,0.017432455958720512,8,0.7936656505142307,-0.000997319582747932,0.001021325324243328,0.04907642723853562,0.896484375,0.04435015148618109,8,0.7933230215950987,-0.00025868338329245203,-7.8037192225806e-06,-0.0002905743562286178,-0.412109375,-0.02691769552746058,0.0003426289191319487
headtohead,random,into_urban,low,pp_sample,0.010604202260668766,0.000726538455176584,0.05106411110342931,0.794921875,0.03611123340879057,8,0.8015532649428212,-0.000997319582747932,0.001021325324243328,0.04907642723853562,0.896484375,0.04435015148618109,8,0.7933230215950987,0.011601521843416698,-0.0002947868690667439,0.0019876838648936884,-0.1015625,-0.008238918077390522,0.008230243347722488
headtohead,random,into_urban,medium,amatrix,0.00283082339238158,0.001101785940184799,0.051885315254375945,0.9365234375,0.05304852478825234,8,0.7720059944772374,0.0002855692093836959,0.0011837531414046567,0.052096447923814196,0.8671875,0.04435015148618109,8,0.7724541332873395,0.002545254182997884,-8.196720121985768e-05,-0.00021113266943825065,0.0693359375,0.008698373302071245,-0.00044813881010208334
headtohead,random,into_urban,medium,amatrix_proj,-0.0014375060315881306,0.0012607692753677366,0.0506381448500038,0.931640625,0.05037634354439942,8,0.7728654206610742,0.0002855692093836959,0.0011837531414046567,0.052096447923814196,0.8671875,0.04435015148618109,8,0.7724541332873395,-0.0017230752409718264,7.701613396307984e-05,-0.0014583030738103964,0.064453125,0.006026192058218326,0.0004112873737347478
headtohead,random,into_urban,medium,pp,-0.00047743475244532956,0.0011147587673826164,0.051037633889939954,0.458984375,0.017484754658974477,8,0.7763339195791739,0.0002855692093836959,0.0011837531414046567,0.052096447923814196,0.8671875,0.04435015148618109,8,0.7724541332873395,-0.0007630039618290254,-6.899437402204029e-05,-0.0010588140338742419,-0.408203125,-0.026865396827206615,0.003879786291834386
headtohead,random,into_urban,medium,pp_sample,0.011523655292473227,0.0009080888734973475,0.05394587506119423,0.7734375,0.03614334734926342,8,0.7854389791594215,0.0002855692093836959,0.0011837531414046567,0.052096447923814196,0.8671875,0.04435015148618109,8,0.7724541332873395,0.011238086083089531,-0.0002756642679073092,0.0018494271373800317,-0.09375,-0.00820680413691767,0.01298484587208204
headtohead,random,neighbors,high,amatrix,-0.0021844729195629573,0.0003269869700268785,0.034757148157217393,0.943359375,0.0355440391115998,8,0.7796120751990705,-0.003357025809902225,0.00174383334652753,0.05587231922807128,0.833984375,0.04435015148618109,8,0.5601959128549859,0.001172552890339268,-0.0014168463765006514,-0.021115171070853887,0.109375,-0.008806112374581294,0.21941616234408456
headtohead,random,neighbors,high,amatrix_proj,-0.006383535332676903,0.00025751581610113084,0.029270274946652228,0.916015625,0.026565865208567067,8,0.8007341700759216,-0.003357025809902225,0.00174383334652753,0.05587231922807128,0.833984375,0.04435015148618109,8,0.5601959128549859,-0.0030265095227746774,-0.001486317530426399,-0.026602044281419053,0.08203125,-0.017784286277614025,0.2405382572209357
headtohead,random,neighbors,high,pp,0.001969222591849809,0.00043804408997001013,0.032723985386650105,0.5634765625,0.013535182091754056,8,0.7759636701317787,-0.003357025809902225,0.00174383334652753,0.05587231922807128,0.833984375,0.04435015148618109,8,0.5601959128549859,0.005326248401752034,-0.00130578925655752,-0.023148333841421176,-0.2705078125,-0.030814969394427037,0.21576775727679276
headtohead,random,neighbors,high,pp_sample,0.016947922975660733,0.0008684596258299205,0.04090704542694706,0.8212890625,0.03144552501565901,8,0.7684090374176602,-0.003357025809902225,0.00174383334652753,0.05587231922807128,0.833984375,0.04435015148618109,8,0.5601959128549859,0.020304948785562958,-0.0008753737206976095,-0.014965273801124224,-0.0126953125,-0.012904626470522082,0.20821312456267427
headtohead,random,neighbors,low,amatrix,-0.0014708399171321886,0.0007776536487716761,0.04304012196251707,0.9599609375,0.04769283007849858,8,0.8002760334936342,-0.0015467374519360245,0.0006406021382364021,0.0433150081064847,0.9375,0.04435015148618109,8,0.8055417115767142,7.589753480383588e-05,0.000137051510535274,-0.00027488614396763145,0.0224609375,0.0033426785923174884,-0.005265678083079983
headtohead,random,neighbors,low,amatrix_proj,-0.0026195187204801277,0.0009298409294465795,0.04282619500792157,0.939453125,0.043346387036697034,8,0.7992063016914015,-0.0015467374519360245,0.0006406021382364021,0.0433150081064847,0.9375,0.04435015148618109,8,0.8055417115767142,-0.0010727812685441033,0.0002892387912101774,-0.0004888130985631275,0.001953125,-0.0010037644494840584,-0.006335409885312671
headtohead,random,neighbors,low,pp,0.0011864384661390837,0.0013180178786924592,0.04480844445298009,0.4794921875,0.015789129655918936,8,0.760745359054432,-0.0015467374519360245,0.0006406021382364021,0.0433150081064847,0.9375,0.04435015148618109,8,0.8055417115767142,0.002733175918075108,0.000677415740456057,0.0014934363464953887,-0.4580078125,-0.028561021830262157,-0.0447963525222822
headtohead,random,neighbors,low,pp_sample,0.013829490804734543,0.0008433601510652586,0.045279864257610415,0.826171875,0.034362871230412616,8,0.8116560880104908,-0.0015467374519360245,0.0006406021382364021,0.0433150081064847,0.9375,0.04435015148618109,8,0.8055417115767142,0.015376228256670567,0.0002027580128288565,0.001964856151125717,-0.111328125,-0.009987280255768477,0.006114376433776658
headtohead,random,neighbors,medium,amatrix,-0.003031253409093562,0.0003264901545348904,0.03863295590032002,0.962890625,0.042996845479058333,8,0.7873264381675993,-0.002869598937329965,0.0007841214558103325,0.04666276399269738,0.9248046875,0.04435015148618109,8,0.7190427822752445,-0.00016165447176359673,-0.00045763130127544216,-0.008029808092377355,0.0380859375,-0.0013533060071227593,0.06828365589235474
headtohead,random,neighbors,medium,amatrix_proj,-0.005478598865503523,0.00038758272918473194,0.03443437502024868,0.9306640625,0.032127726016128094,8,0.8023502587245637,-0.002869598937329965,0.0007841214558103325,0.04666276399269738,0.9248046875,0.04435015148618109,8,0.7190427822752445,-0.0026089999281735583,-0.0003965387266256006,-0.012228388972448698,0.005859375,-0.012222425470052999,0.08330747644931913
headtohead,random,neighbors,medium,pp,0.0017945053832233303,0.00065141917423644,0.037253333327692005,0.5107421875,0.014178824291121035,8,0.7684328483577856,-0.002869598937329965,0.0007841214558103325,0.04666276399269738,0.9248046875,0.04435015148618109,8,0.7190427822752445,0.004664104320553295,-0.00013270228157389252,-0.009409430665005374,-0.4140625,-0.030171327195060056,0.04939006608254104
headtohead,random,neighbors,medium,pp_sample,0.016072603142951586,0.0007001834285316354,0.04173264931299485,0.8369140625,0.03244850516182585,8,0.7991711003133903,-0.002869598937329965,0.0007841214558103325,0.04666276399269738,0.9248046875,0.04435015148618109,8,0.7190427822752445,0.01894220208028155,-8.393802727869719e-05,-0.00493011467970253,-0.087890625,-0.011901646324355246,0.0801283180381458
headtohead,random,out_hotcold,high,amatrix,0.0008036625571693658,0.0006743724976100651,0.04200659413648828,0.9560546875,0.04737905346599492,8,0.8015350936557647,0.001274529744737521,0.0005314822502112982,0.04249173625932762,0.9443359375,0.04435015148618109,8,0.8092260053001729,-0.00047086718756815516,0.00014289024739876695,-0.00048514212283933683,0.01171875,0.003028901979813828,-0.0076909116444081604
headtohead,random,out_hotcold,high,amatrix_proj,-0.002339140872458933,0.0008039597613302031,0.04095193948845236,0.939453125,0.04233542985687921,8,0.8049792657290296,0.001274529744737521,0.0005314822502112982,0.04249173625932762,0.9443359375,0.04435015148618109,8,0.8092260053001729,-0.003613670617196454,0.00027247751111890493,-0.0015397967708752555,-0.0048828125,-0.0020147216293018855,-0.004246739571143299
headtohead,random,out_hotcold,high,pp,-0.00630897900282049,0.0017776384812327071,0.04571809477776473,0.4296875,0.014037965217804007,8,0.7091179386938953,0.001274529744737521,0.0005314822502112982,0.04249173625932762,0.9443359375,0.04435015148618109,8,0.8092260053001729,-0.00758350874755801,0.001246156231021409,0.0032263585184371113,-0.5146484375,-0.030312186268377086,-0.10010806660627758
headtohead,random,out_hotcold,high,pp_sample,0.011493961660240698,0.0008992004954511996,0.04287196890641786,0.8193359375,0.03180228455546512,8,0.8012056991548784,0.001274529744737521,0.0005314822502112982,0.04249173625932762,0.9443359375,0.04435015148618109,8,0.8092260053001729,0.010219431915503176,0.00036771824523990136,0.0003802326470902437,-0.125,-0.012547866930715974,-0.008020306145294476
headtohead,random,out_hotcold,low,amatrix,-0.0008693817185745553,0.0010158617920498,0.046582130191130534,0.94140625,0.04870288179689349,8,0.7946284684185323,-0.0009293773434753572,0.0008510167973608182,0.045971342861550454,0.9150390625,0.04435015148618109,8,0.8037428170144152,5.9995624900801865e-05,0.00016484499468898172,0.00061078732958008,0.0263671875,0.004352730310712399,-0.009114348595882893
headtohead,random,out_hotcold,low,amatrix_proj,-0.0015321260769118293,0.0010585067344910742,0.046424268558345985,0.935546875,0.0478721488150824,8,0.7947393391182727,-0.0009293773434753572,0.0008510167973608182,0.045971342861550454,0.9150390625,0.04435015148618109,8,0.8037428170144152,-0.0006027487334364721,0.00020748993713025593,0.00045292569679553085,0.0205078125,0.003521997328901308,-0.009003477896142531
headtohead,random,out_hotcold,low,pp,-0.0034435105201670413,0.0011982961984129063,0.04623163945378435,0.484375,0.016803559200438536,8,0.7935973595489816,-0.0009293773434753572,0.0008510167973608182,0.045971342861550454,0.9150390625,0.04435015148618109,8,0.8037428170144152,-0.002514133176691684,0.00034727940105208806,0.000260296592233894,-0.4306640625,-0.027546592285742556,-0.010145457465433605
headtohead,random,out_hotcold,low,pp_sample,0.01032562373318391,0.0007069546345398463,0.04726017182094519,0.8388671875,0.03516182428771148,8,0.8122126801087672,-0.0009293773434753572,0.0008510167973608182,0.045971342861550454,0.9150390625,0.04435015148618109,8,0.8037428170144152,0.011255001076659268,-0.0001440621628209719,0.001288828959394736,-0.076171875,-0.009188327198469612,0.008469863094352048
headtohead,random,out_hotcold,medium,amatrix,-0.0009692873857238939,0.0008232992547066235,0.043385256850278234,0.95703125,0.04795218588965283,8,0.8027257248755606,-0.0006962636860638497,0.0006588524671192078,0.04330010911598981,0.9375,0.04435015148618109,8,0.810030722168229,-0.00027302369966004415,0.0001644467875874157,8.514773428842243e-05,0.01953125,0.003602034403471739,-0.007304997292668425
headtohead,random,out_hotcold,medium,amatrix_proj,-0.0030175784926388905,0.0009298917636460406,0.043189165751613946,0.943359375,0.044755300801272636,8,0.8014836058340259,-0.0006962636860638497,0.0006588524671192078,0.04330010911598981,0.9375,0.04435015148618109,8,0.810030722168229,-0.002321314806575041,0.00027103929652683276,-0.00011094336437586505,0.005859375,0.0004051493150915436,-0.008547116334203131
headtohead,random,out_hotcold,medium,pp,-0.006602207171364944,0.001714085897751871,0.04687944102683305,0.427734375,0.015095115655828467,8,0.732058411264315,-0.0006962636860638497,0.0006588524671192078,0.04330010911598981,0.9375,0.04435015148618109,8,0.810030722168229,-0.005905943485301094,0.0010552334306326632,0.003579331910843239,-0.509765625,-0.029255035830352626,-0.07797231090391399
headtohead,random,out_hotcold,medium,pp_sample,0.00986715153517542,0.0008504103231887004,0.04434383801685013,0.814453125,0.0331843399679861,8,0.8035794343845626,-0.0006962636860638497,0.0006588524671192078,0.04330010911598981,0.9375,0.04435015148618109,8,0.810030722168229,0.01056341522123927,0.0001915578560694926,0.0010437289008603176,-0.123046875,-0.011165811518194992,-0.006451287783666437
headtohead,random,out_urban,high,amatrix,-0.00768112873949055,0.0005792723921706238,0.04107169434260585,0.962890625,0.046292802082833776,8,0.7898445203298868,-0.008432005754600349,0.0005251525452516001,0.04297350239981761,0.9365234375,0.04435015148618109,8,0.7909417933497658,0.0007508770151097984,5.411984691902367e-05,-0.001901808057211761,0.0263671875,0.0019426505966526827,-0.0010972730198789415
headtohead,random,out_urban,high,amatrix_proj,-0.0046551128690361905,0.0006570119043792885,0.03853848404032583,0.939453125,0.03910794447060218,8,0.7950826608920323,-0.008432005754600349,0.0005251525452516001,0.04297350239981761,0.9365234375,0.04435015148618109,8,0.7909417933497658,0.003776892885564158,0.00013185935912768832,-0.0044350183594917825,0.0029296875,-0.005242207015578912,0.004140867542266502
headtohead,random,out_urban,high,pp,0.014470869912085262,0.0019544512522515307,0.04595786065229731,0.3505859375,0.012075181619827409,8,0.6658716003096251,-0.008432005754600349,0.0005251525452516001,0.04297350239981761,0.9365234375,0.04435015148618109,8,0.7909417933497658,0.022902875666685613,0.0014292987069999307,0.0029843582524796963,-0.5859375,-0.032274969866353684,-0.12507019304014066
headtohead,random,out_urban,high,pp_sample,0.027069515570781633,0.0016079424416539942,0.046402329752104114,0.7236328125,0.029067386237880882,8,0.769835434942975,-0.008432005754600349,0.0005251525452516001,0.04297350239981761,0.9365234375,0.04435015148618109,8,0.7909417933497658,0.03550152132538198,0.001082789896402394,0.003428827352286501,-0.212890625,-0.01528276524830021,-0.02110635840679076
headtohead,random,out_urban,low,amatrix,-0.002161509031433625,0.0010177499811769109,0.04588167207667831,0.953125,0.04857989521876132,8,0.7977665500605771,-0.0023312005508912604,0.000852854866239487,0.04564989684514634,0.9228515625,0.04435015148618109,8,0.804137007972846,0.00016969151945763535,0.0001648951149374238,0.00023177523153197072,0.0302734375,0.004229743732580227,-0.006370457912268979
headtohead,random,out_urban,low,amatrix_proj,-0.001786441845009764,0.0010726938525461756,0.04572532098806239,0.94140625,0.04709563210247702,8,0.7977958764066371,-0.0023312005508912604,0.000852854866239487,0.04564989684514634,0.9228515625,0.04435015148618109,8,0.804137007972846,0.0005447587058814965,0.00021983898630668853,7.542414291605154e-05,0.0185546875,0.0027454806162959255,-0.0063411315662089685
headtohead,random,out_urban,low,pp,0.006869988149897672,0.0015613215403380367,0.0470122317124,0.4755859375,0.016054585424702613,8,0.7793862111365488,-0.0023312005508912604,0.000852854866239487,0.04564989684514634,0.9228515625,0.04435015148618109,8,0.804137007972846,0.009201188700788933,0.0007084666740985497,0.0013623348672536645,-0.447265625,-0.02829556606147848,-0.024750796836297217
headtohead,random,out_urban,low,pp_sample,0.016969827099659975,0.0010285959044089524,0.048133570436987475,0.794921875,0.03423607025769931,8,0.8104899430479302,-0.0023312005508912604,0.000852854866239487,0.04564989684514634,0.9228515625,0.04435015148618109,8,0.804137007972846,0.019301027650551236,0.0001757410381694654,0.0024836735918411373,-0.1279296875,-0.010114081228481786,0.006352935075084165
headtohead,random,out_urban,medium,amatrix,-0.005136575328731701,0.0007333566594171008,0.04288413632517073,0.95703125,0.04725443258389611,8,0.7967516085401408,-0.005588088705490713,0.0005773296842691261,0.043489088166392686,0.9365234375,0.04435015148618109,8,0.8038566839301625,0.0004515133767590126,0.0001560269751479747,-0.0006049518412219596,0.0205078125,0.0029042810977150182,-0.007105075390021698
headtohead,random,out_urban,medium,amatrix_proj,-0.0033669676293439986,0.0008389546733728356,0.041944149754475094,0.9365234375,0.04247268496768035,8,0.7990294794785835,-0.005588088705490713,0.0005773296842691261,0.043489088166392686,0.9365234375,0.04435015148618109,8,0.8038566839301625,0.0022211210761467147,0.00026162498910370954,-0.001544938411917593,0.0,-0.0018774665185007436,-0.004827204451579026
headtohead,random,out_urban,medium,pp,0.013165317078886081,0.0021100793961011228,0.04862649837269518,0.3681640625,0.013382598520679276,8,0.6955516657248226,-0.005588088705490713,0.0005773296842691261,0.043489088166392686,0.9365234375,0.04435015148618109,8,0.8038566839301625,0.018753405784376793,0.0015327497118319967,0.005137410206302491,-0.568359375,-0.030967552965501816,-0.10830501820533989
headtohead,random,out_urban,medium,pp_sample,0.02454278129828095,0.0015498581851291302,0.04784726348187609,0.7373046875,0.030856076877811077,8,0.7848418569599084,-0.005588088705490713,0.0005773296842691261,0.043489088166392686,0.9365234375,0.04435015148618109,8,0.8038566839301625,0.030130870003771664,0.0009725285008600041,0.004358175315483402,-0.19921875,-0.013494074608370016,-0.01901482697025414
