study,base,pattern,level,method,category,bias,bias2,rmse,coverage,sd,n_rep,spearman,bias_ref,bias2_ref,rmse_ref,coverage_ref,sd_ref,n_rep_ref,spearman_ref,d_bias,d_bias2,d_rmse,d_coverage,d_sd,d_spearman
headtohead,block,crisis_idp,high,amatrix,DS,0.011330497632869994,0.0006066523021454466,0.043403330220837734,0.9359375,0.044335959545537186,5,0.8979143857744744,0.011932333589215817,0.0006345775929635514,0.04473054147565271,0.89375,0.03956147967638308,5,0.8988700256116056,-0.0006018359563458222,-2.7925290818104774e-05,-0.0013272112548149764,0.04218749999999993,0.004774479869154108,-0.0009556398371312058
headtohead,block,crisis_idp,high,amatrix,OtherDR,-0.0013004204187117923,8.244129368740853e-05,0.018337555681502946,0.978125,0.022582820099979334,5,0.769210797026305,-0.001392777203233359,8.399134596786674e-05,0.018977830395135873,0.95,0.01998030949130467,5,0.761051207733827,9.235678452156667e-05,-1.5500522804582121e-06,-0.0006402747136329268,0.028125000000000067,0.002602510608674665,0.008159589292478064
headtohead,block,crisis_idp,high,amatrix,RR,-0.006748160205409516,0.0003342353026249449,0.03638638872467564,0.9671875,0.04073749356194993,5,0.8675507432973596,-0.007087293636369258,0.00035173826730754577,0.03757099421220273,0.9203125,0.03613144678720377,5,0.8640200233270658,0.000339133430959742,-1.750296468260086e-05,-0.0011846054875270934,0.046875,0.004606046774746159,0.0035307199702937497
headtohead,block,crisis_idp,high,amatrix,TVD,0.049143177788203624,0.002878504466025402,0.053765762654478154,0.0,,5,,0.05047528009971497,0.0030193661687250638,0.055428456745002554,0.0,,5,,-0.0013321023115113462,-0.00014086170269966185,-0.0016626940905243998,0.0,,
headtohead,block,crisis_idp,high,amatrix,preXDR_XDR,-0.0032819170087485423,0.00010530295645169683,0.01892659343541756,0.9765625,0.022075559032208404,5,0.7307953735739561,-0.003452262749613144,0.00010615186615414787,0.019559993058016253,0.934375,0.019430964503171173,5,0.7216423946719182,0.00017034574086460157,-8.489097024510394e-07,-0.0006333996225986911,0.042187500000000044,0.002644594529037231,0.009152978902037923
headtohead,block,crisis_idp,high,amatrix_proj,DS,0.003165055120497172,0.0005014138909056919,0.04083444271243889,0.9546875,0.042560275338295116,5,0.8992242428801192,0.011932333589215817,0.0006345775929635514,0.04473054147565271,0.89375,0.03956147967638308,5,0.8988700256116056,-0.008767278468718644,-0.0001331637020578595,-0.003896098763213819,0.06093749999999998,0.0029987956619120376,0.00035421726851359026
headtohead,block,crisis_idp,high,amatrix_proj,OtherDR,0.000261780596035085,8.146313993902357e-05,0.01785621009731794,0.9734375,0.02180290499464448,5,0.7674946440105426,-0.001392777203233359,8.399134596786674e-05,0.018977830395135873,0.95,0.01998030949130467,5,0.761051207733827,0.001654557799268444,-2.5282060288431697e-06,-0.0011216202978179338,0.0234375,0.0018225955033398106,0.0064434362767156195
headtohead,block,crisis_idp,high,amatrix_proj,RR,-0.001192238313312456,0.00023564546474605938,0.033707430960627484,0.975,0.03918918971111331,5,0.8638626570433197,-0.007087293636369258,0.00035173826730754577,0.03757099421220273,0.9203125,0.03613144678720377,5,0.8640200233270658,0.005895055323056802,-0.00011609280256148638,-0.003863563251575247,0.0546875,0.0030577429239095413,-0.00015736628374618533
headtohead,block,crisis_idp,high,amatrix_proj,TVD,0.04674690836129437,0.0026502188352487284,0.05100046228282772,0.0,,5,,0.05047528009971497,0.0030193661687250638,0.055428456745002554,0.0,,5,,-0.0037283717384205967,-0.0003691473334763353,-0.004427994462174831,0.0,,
headtohead,block,crisis_idp,high,amatrix_proj,preXDR_XDR,-0.002234597403219685,0.00011038491117994303,0.018813399616262664,0.96875,0.021037777550917045,5,0.7252297647301554,-0.003452262749613144,0.00010615186615414787,0.019559993058016253,0.934375,0.019430964503171173,5,0.7216423946719182,0.0012176653463934588,4.2330450257951565e-06,-0.0007465934417535888,0.034375000000000044,0.0016068130477458718,0.0035873700582372825
headtohead,block,crisis_idp,high,pp,DS,-0.010482000106190294,0.0010171481965872556,0.045613174048444956,0.5046875,0.017004643250158307,5,0.8911236139725667,0.011932333589215817,0.0006345775929635514,0.04473054147565271,0.89375,0.03956147967638308,5,0.8988700256116056,-0.02241433369540611,0.00038257060362370423,0.0008826325727922454,-0.3890625000000001,-0.02255683642622477,-0.007746411639038886
headtohead,block,crisis_idp,high,pp,OtherDR,0.0034719146665363894,0.0001110852494356275,0.018821489023320946,0.6109375,0.008671731611841309,5,0.7549087668124874,-0.001392777203233359,8.399134596786674e-05,0.018977830395135873,0.95,0.01998030949130467,5,0.761051207733827,0.004864691869769748,2.709390346776076e-05,-0.00015634137181492688,-0.33906249999999993,-0.01130857787946336,-0.0061424409213395315
headtohead,block,crisis_idp,high,pp,RR,0.006939508997530427,0.0003984361771018979,0.035158846484121,0.5421875,0.014006110735795335,5,0.8531354424142646,-0.007087293636369258,0.00035173826730754577,0.03757099421220273,0.9203125,0.03613144678720377,5,0.8640200233270658,0.014026802633899684,4.669790979435211e-05,-0.0024121477280817302,-0.37812499999999993,-0.022125336051408435,-0.0108845809128012
headtohead,block,crisis_idp,high,pp,TVD,0.04999640738613868,0.002987203061287388,0.05485111232621835,0.0,,5,,0.05047528009971497,0.0030193661687250638,0.055428456745002554,0.0,,5,,-0.0004788727135762866,-3.2163107437675927e-05,-0.0005773444187842022,0.0,,
headtohead,block,crisis_idp,high,pp,preXDR_XDR,7.057644212347182e-05,0.00012244003130385025,0.019027546957831615,0.5734375,0.008394176693143565,5,0.7201814635529469,-0.003452262749613144,0.00010615186615414787,0.019559993058016253,0.934375,0.019430964503171173,5,0.7216423946719182,0.0035228391917366156,1.6288165149702376e-05,-0.0005324461001846373,-0.3609374999999999,-0.011036787810027609,-0.001460931118971276
headtohead,block,crisis_idp,low,amatrix,DS,0.0002499023450725382,0.0006871892032095041,0.039865225165205166,0.9578125,0.04360718886775323,5,0.910070475221532,0.0006753291456422919,0.0006430503681453516,0.040030177562220354,0.93125,0.03956147967638308,5,0.9097397179721716,-0.0004254268005697537,4.4138835064152474e-05,-0.00016495239701518755,0.026562499999999933,0.00404570919137015,0.00033075724936038053
headtohead,block,crisis_idp,low,amatrix,OtherDR,0.0008771433256808832,9.86233518738178e-05,0.01777266261196267,0.9734375,0.022189562582280005,5,0.7896618928591485,0.0007605694232486646,9.555946131173588e-05,0.018096611958020873,0.9390625,0.01998030949130467,5,0.7864733695590377,0.0001165739024322186,3.063890562081918e-06,-0.0003239493460582034,0.03437499999999993,0.002209253090975336,0.0031885233001107682
headtohead,block,crisis_idp,low,amatrix,RR,0.0004661073783874186,0.00026486336081523067,0.032847306931680594,0.9796875,0.03997975687364972,5,0.8758164482667304,0.00032382629499490566,0.0002681487725212298,0.033550250571509635,0.9484375,0.03613144678720377,5,0.8732699794905023,0.00014228108339251296,-3.285411705999106e-06,-0.0007029436398290415,0.03125,0.0038483100864459482,0.0025464687762281057
headtohead,block,crisis_idp,low,amatrix,TVD,0.04518833114115174,0.0024049304469257746,0.04929060899866628,0.0,,5,,0.04567894058602015,0.002475510450418518,0.04988634012068109,0.0,,5,,-0.000490609444868409,-7.05800034927432e-05,-0.0005957311220148101,0.0,,
headtohead,block,crisis_idp,low,amatrix,preXDR_XDR,-0.0015931530491407092,9.204527108003596e-05,0.01710909357390807,0.9765625,0.021589961563298402,5,0.7869952535357284,-0.0017597248638858039,8.722553931317274e-05,0.017421918737196732,0.9484375,0.019430964503171173,5,0.7823143346495587,0.00016657181474509465,4.819731766863219e-06,-0.00031282516328866306,0.028124999999999956,0.002158997060127229,0.004680918886169727
headtohead,block,crisis_idp,low,amatrix_proj,DS,-0.0008740503293179276,0.0007157126776821375,0.04018878986397624,0.95625,0.043330639542826836,5,0.9099846389281101,0.0006753291456422919,0.0006430503681453516,0.040030177562220354,0.93125,0.03956147967638308,5,0.9097397179721716,-0.0015493794749602194,7.266230953678588e-05,0.0001586123017558866,0.025000000000000022,0.003769159866443758,0.00024492095593853236
headtohead,block,crisis_idp,low,amatrix_proj,OtherDR,0.0010954530595306392,9.81229005833823e-05,0.017698211070882666,0.9734375,0.022019971112847068,5,0.7912304046724097,0.0007605694232486646,9.555946131173588e-05,0.018096611958020873,0.9390625,0.01998030949130467,5,0.7864733695590377,0.0003348836362819746,2.563439271646424e-06,-0.0003984008871382068,0.03437499999999993,0.002039661621542399,0.004757035113371999
headtohead,block,crisis_idp,low,amatrix_proj,RR,0.0013109096574402007,0.00027037874962555764,0.03285011837043468,0.9828125,0.039818475622723615,5,0.8752075843527628,0.00032382629499490566,0.0002681487725212298,0.033550250571509635,0.9484375,0.03613144678720377,5,0.8732699794905023,0.000987083362445295,2.2299771043278634e-06,-0.0007001322010749544,0.03437499999999993,0.0036870288355198427,0.001937604862260467
headtohead,block,crisis_idp,low,amatrix_proj,TVD,0.04521945717517357,0.0023999604243389746,0.04937637635108782,0.0,,5,,0.04567894058602015,0.002475510450418518,0.04988634012068109,0.0,,5,,-0.00045948341084658256,-7.555002607954322e-05,-0.0005099637695932732,0.0,,
headtohead,block,crisis_idp,low,amatrix_proj,preXDR_XDR,-0.0015323123876527867,9.346806058267431e-05,0.017089623169933676,0.9796875,0.021305441513328284,5,0.7871852398558257,-0.0017597248638858039,8.722553931317274e-05,0.017421918737196732,0.9484375,0.019430964503171173,5,0.7823143346495587,0.00022741247623301718,6.242521269501575e-06,-0.0003322955672630558,0.03125,0.0018744770101571107,0.004870905206266984
headtohead,block,crisis_idp,low,pp,DS,-0.0032255031518710025,0.0007376477794024705,0.04081872750563777,0.5515625000000001,0.01671647463805892,5,0.907717422849313,0.0006753291456422919,0.0006430503681453516,0.040030177562220354,0.93125,0.03956147967638308,5,0.9097397179721716,-0.0039008322975132943,9.459741125711894e-05,0.0007885499434174131,-0.37968749999999996,-0.022845005038324158,-0.002022295122858564
headtohead,block,crisis_idp,low,pp,OtherDR,0.0016240223770488955,0.00010154579543207115,0.018089443882118396,0.5984375,0.008589523991301166,5,0.7860607829969809,0.0007605694232486646,9.555946131173588e-05,0.018096611958020873,0.9390625,0.01998030949130467,5,0.7864733695590377,0.0008634529538002309,5.986334120335274e-06,-7.168075902477117e-06,-0.34062500000000007,-0.011390785500003503,-0.00041258656205678257
headtohead,block,crisis_idp,low,pp,RR,0.0027426281834731997,0.000293389707170596,0.033497511193113554,0.5390625,0.013776375470161764,5,0.8706668608809298,0.00032382629499490566,0.0002681487725212298,0.033550250571509635,0.9484375,0.03613144678720377,5,0.8732699794905023,0.002418801888478294,2.5240934649366253e-05,-5.273937839608139e-05,-0.40937500000000004,-0.022355071317042008,-0.002603118609572519
headtohead,block,crisis_idp,low,pp,TVD,0.04599043054084468,0.0024813173171231275,0.050213824421877586,0.0,,5,,0.04567894058602015,0.002475510450418518,0.04988634012068109,0.0,,5,,0.00031148995482453007,5.806866704609684e-06,0.00032748430119649424,0.0,,
headtohead,block,crisis_idp,low,pp,preXDR_XDR,-0.0011411474086511265,8.810632597865645e-05,0.01728696334072841,0.6140625,0.008398979107254704,5,0.7832316350579751,-0.0017597248638858039,8.722553931317274e-05,0.017421918737196732,0.9484375,0.019430964503171173,5,0.7823143346495587,0.0006185774552346774,8.807866654837087e-07,-0.00013495539646832255,-0.3343750000000001,-0.011031985395916469,0.0009173004084164216
headtohead,block,crisis_idp,medium,amatrix,DS,0.00589172634274588,0.000554798812882669,0.03944313687394715,0.953125,0.043636075731418436,5,0.9082796877468411,0.00648226057889825,0.000557417505087003,0.04038416245443465,0.9234375,0.03956147967638308,5,0.9067941549294606,-0.0005905342361523696,-2.6186922043340208e-06,-0.0009410255804875034,0.029687499999999978,0.004074596055035358,0.0014855328173805082
headtohead,block,crisis_idp,medium,amatrix,OtherDR,0.00031031925488364114,8.871380234761772e-05,0.017793425781592806,0.9828125,0.02214672986347644,5,0.773559877154588,0.000185730419030109,9.053752431647609e-05,0.018371899768919526,0.95,0.01998030949130467,5,0.7670289026875523,0.00012458883585353213,-1.8237219688583672e-06,-0.0005784739873267199,0.03281250000000002,0.0021664203721717713,0.006530974467035655
headtohead,block,crisis_idp,medium,amatrix,RR,-0.002993542010068555,0.00022082449242173538,0.03303720730237446,0.96875,0.040119081374433624,5,0.881408768169932,-0.0033124003040327114,0.0002351437060023204,0.034014768329520814,0.9421875,0.03613144678720377,5,0.8772949367405086,0.0003188582939641564,-1.4319213580585017e-05,-0.0009775610271463564,0.026562500000000044,0.003987634587229852,0.0041138314294233425
headtohead,block,crisis_idp,medium,amatrix,TVD,0.04589536675000355,0.0024866058419529178,0.049973044948308024,0.0,,5,,0.04716322474498024,0.0026292823923302327,0.05132643334237347,0.0,,5,,-0.0012678579949766886,-0.0001426765503773149,-0.001353388394065444,0.0,,
headtohead,block,crisis_idp,medium,amatrix,preXDR_XDR,-0.003208503587560813,0.00010853970325846635,0.018156294588327456,0.9703125,0.02158459025872108,5,0.7670971278331267,-0.0033555906938955897,0.00010837646922554605,0.018770072816504235,0.94375,0.019430964503171173,5,0.7547876380710088,0.00014708710633477666,1.632340329202998e-07,-0.0006137782281767784,0.026562500000000044,0.0021536257555499067,0.012309489762117876
headtohead,block,crisis_idp,medium,amatrix_proj,DS,0.0012498786234263286,0.0005965262189884222,0.03935655257844577,0.965625,0.04248837464465174,5,0.9080364860824627,0.00648226057889825,0.000557417505087003,0.04038416245443465,0.9234375,0.03956147967638308,5,0.9067941549294606,-0.0052323819554719216,3.9108713901419255e-05,-0.0010276098759888774,0.04218749999999993,0.002926894968268659,0.0012423311530020964
headtohead,block,crisis_idp,medium,amatrix_proj,OtherDR,0.001194747808013878,9.179811619860649e-05,0.017627461075455902,0.9828125,0.0216427997808888,5,0.7727186848753045,0.000185730419030109,9.053752431647609e-05,0.018371899768919526,0.95,0.01998030949130467,5,0.7670289026875523,0.0010090173889837689,1.2605918821303959e-06,-0.0007444386934636234,0.03281250000000002,0.00166249028958413,0.005689782187752179
headtohead,block,crisis_idp,medium,amatrix_proj,RR,0.00014948889577525703,0.00020949055140350746,0.03207804098009376,0.978125,0.039135806534653914,5,0.8789715997192895,-0.0033124003040327114,0.0002351437060023204,0.034014768329520814,0.9421875,0.03613144678720377,5,0.8772949367405086,0.0034618891998079685,-2.565315459881294e-05,-0.001936727349427056,0.03593750000000007,0.0030043597474501416,0.001676662978780885
headtohead,block,crisis_idp,medium,amatrix_proj,TVD,0.045401326096979853,0.0024332172213735377,0.049389534151893864,0.0,,5,,0.04716322474498024,0.0026292823923302327,0.05132643334237347,0.0,,5,,-0.0017618986480003873,-0.00019606517095669502,-0.0019368991904796032,0.0,,
headtohead,block,crisis_idp,medium,amatrix_proj,preXDR_XDR,-0.0025941153272153006,0.00011389598279567777,0.018190431512176225,0.965625,0.020950196636570235,5,0.7615160485333256,-0.0033555906938955897,0.00010837646922554605,0.018770072816504235,0.94375,0.019430964503171173,5,0.7547876380710088,0.0007614753666802892,5.51951357013172e-06,-0.0005796413043280095,0.021874999999999978,0.0015192321333990615,0.006728410462316758
headtohead,block,crisis_idp,medium,pp,DS,-0.0077658639983474755,0.0009029648769313263,0.042385807595254524,0.5390625,0.01697714724030281,5,0.9042671422231189,0.00648226057889825,0.000557417505087003,0.04038416245443465,0.9234375,0.03956147967638308,5,0.9067941549294606,-0.014248124577245724,0.0003455473718443233,0.002001645140819873,-0.384375,-0.022584332436080268,-0.0025270127063417025
headtohead,block,crisis_idp,medium,pp,OtherDR,0.0033109830063621686,0.00011052167059676568,0.018274937457436854,0.58125,0.008683782216715633,5,0.7627239210406496,0.000185730419030109,9.053752431647609e-05,0.018371899768919526,0.95,0.01998030949130467,5,0.7670289026875523,0.0031252525873320595,1.998414628028959e-05,-9.696231148267204e-05,-0.3687499999999999,-0.011296527274589036,-0.004304981646902739
headtohead,block,crisis_idp,medium,pp,RR,0.005583536662222607,0.0003179778379988661,0.03365313726443247,0.55,0.013974087350261424,5,0.8692801483866252,-0.0033124003040327114,0.0002351437060023204,0.034014768329520814,0.9421875,0.03613144678720377,5,0.8772949367405086,0.008895936966255319,8.283413199654569e-05,-0.0003616310650883456,-0.3921874999999999,-0.02215735943694235,-0.008014788353883473
headtohead,block,crisis_idp,medium,pp,TVD,0.04775340095919636,0.002658240620359222,0.05209782502705486,0.0,,5,,0.04716322474498024,0.0026292823923302327,0.05132643334237347,0.0,,5,,0.0005901762142161218,2.895822802898929e-05,0.0007713916846813912,0.0,,
headtohead,block,crisis_idp,medium,pp,preXDR_XDR,-0.0011286556702373276,0.00011682894120265387,0.0183264997737819,0.590625,0.008403820606702772,5,0.7559841929451304,-0.0033555906938955897,0.00010837646922554605,0.018770072816504235,0.94375,0.019430964503171173,5,0.7547876380710088,0.002226935023658262,8.45247197710782e-06,-0.0004435730427223353,-0.353125,-0.011027143896468401,0.0011965548741216248
headtohead,block,distance,high,amatrix,DS,0.007734250071224733,0.001315345611590518,0.04384835174034921,0.725,0.028132539835457816,5,0.9323838704771312,0.005555086957219934,0.0014535699039840443,0.051988402381465564,0.81875,0.03956147967638308,5,0.8921273786098748,0.002179163114004799,-0.00013822429239352643,-0.00814005064111635,-0.09375,-0.011428939840925263,0.04025649186725644
headtohead,block,distance,high,amatrix,OtherDR,-0.0006632485851188385,8.271243625512201e-05,0.014355440786019016,0.928125,0.013995338943071409,5,0.810317822208129,0.00029824457780908993,0.00011426562244934347,0.018931765101784327,0.9375,0.01998030949130467,5,0.7249485901365389,-0.0009614931629279284,-3.155318619422146e-05,-0.004576324315765311,-0.009375000000000022,-0.00598497054823326,0.08536923207159008
headtohead,block,distance,high,amatrix,RR,-0.0040666705046163,0.0006845627016424131,0.034468382118083084,0.8125,0.026428194963502995,5,0.8876290050905794,-0.0034977704781878746,0.0008467205523920085,0.04476465383563886,0.8609375,0.03613144678720377,5,0.8296176337877587,-0.0005689000264284252,-0.00016215785074959535,-0.010296271717555774,-0.04843750000000002,-0.009703251823700777,0.05801137130282075
headtohead,block,distance,high,amatrix,TVD,0.045702660297466856,0.002232685850605541,0.04961711019482175,0.0,,5,,0.05671632786629434,0.003536423231805155,0.06169344089793497,0.0,,5,,-0.011013667568827483,-0.0013037373811996137,-0.012076330703113224,0.0,,
headtohead,block,distance,high,amatrix,preXDR_XDR,-0.003004330981489534,5.776166731043503e-05,0.013406498789198858,0.9140625,0.013706869409752947,5,0.7894857284845944,-0.0023555610568410925,6.987619915370911e-05,0.017254843669309197,0.9515625,0.019430964503171173,5,0.7113959262984071,-0.0006487699246484416,-1.2114531843274085e-05,-0.003848344880110339,-0.03749999999999998,-0.0057240950934182265,0.07808980218618733
headtohead,block,distance,high,amatrix_proj,DS,0.019610047561568974,0.0005395477667757402,0.030603401141535615,0.75,0.018854592258052548,5,0.938721427601984,0.005555086957219934,0.0014535699039840443,0.051988402381465564,0.81875,0.03956147967638308,5,0.8921273786098748,0.01405496060434904,-0.0009140221372083042,-0.021385001239929948,-0.06874999999999998,-0.02070688741833053,0.04659404899210917
headtohead,block,distance,high,amatrix_proj,OtherDR,-0.003337212217673746,4.033095408025458e-05,0.011632189179780204,0.9046875,0.009619865070673993,5,0.8164385196415493,0.00029824457780908993,0.00011426562244934347,0.018931765101784327,0.9375,0.01998030949130467,5,0.7249485901365389,-0.0036354567954828363,-7.393466836908889e-05,-0.007299575922004123,-0.03281250000000002,-0.010360444420630676,0.09148992950501045
headtohead,block,distance,high,amatrix_proj,RR,-0.01074621408874496,0.0001995528334827375,0.022472947430719953,0.828125,0.016192631920902815,5,0.9049381148963667,-0.0034977704781878746,0.0008467205523920085,0.04476465383563886,0.8609375,0.03613144678720377,5,0.8296176337877587,-0.007248443610557085,-0.000647167718909271,-0.022291706404918905,-0.03281250000000002,-0.019938814866300957,0.075320481108608
headtohead,block,distance,high,amatrix_proj,TVD,0.03235517358937686,0.0011454216217823044,0.035701205263239985,0.0,,5,,0.05671632786629434,0.003536423231805155,0.06169344089793497,0.0,,5,,-0.024361154276917478,-0.00239100161002285,-0.025992235634694986,0.0,,
headtohead,block,distance,high,amatrix_proj,preXDR_XDR,-0.00552662125515011,7.76012216252107e-05,0.012896099845843934,0.8578125,0.009388734790246519,5,0.8069385174989231,-0.0023555610568410925,6.987619915370911e-05,0.017254843669309197,0.9515625,0.019430964503171173,5,0.7113959262984071,-0.0031710601983090175,7.725022471501586e-06,-0.004358743823465263,-0.09375,-0.010042229712924655,0.095542591200516
headtohead,block,distance,high,pp,DS,-0.005095131215716208,0.00038079216326761614,0.028370115031575414,0.5359375000000001,0.011609536120939326,5,0.9366670875590254,0.005555086957219934,0.0014535699039840443,0.051988402381465564,0.81875,0.03956147967638308,5,0.8921273786098748,-0.010650218172936142,-0.0010727777407164283,-0.02361828734989015,-0.2828124999999999,-0.027951943555443753,0.0445397089491506
headtohead,block,distance,high,pp,OtherDR,0.0029993504731369307,4.216329253282573e-05,0.011891478990124663,0.6234375,0.005742366814952213,5,0.8160579558630721,0.00029824457780908993,0.00011426562244934347,0.018931765101784327,0.9375,0.01998030949130467,5,0.7249485901365389,0.0027011058953278406,-7.210232991651774e-05,-0.007040286111659664,-0.3140625,-0.014237942676352457,0.09110936572653316
headtohead,block,distance,high,pp,RR,0.0023546184928752815,0.00014544533828807313,0.02134649329019481,0.559375,0.009387880506842946,5,0.9076373688311138,-0.0034977704781878746,0.0008467205523920085,0.04476465383563886,0.8609375,0.03613144678720377,5,0.8296176337877587,0.005852388971063156,-0.0007012752141039353,-0.023418160545444048,-0.30156250000000007,-0.026743566280360828,0.07801973504335513
headtohead,block,distance,high,pp,TVD,0.031210012608525278,0.0010336466179703724,0.03411117122444975,0.0,,5,,0.05671632786629434,0.003536423231805155,0.06169344089793497,0.0,,5,,-0.02550631525776906,-0.0025027766138347824,-0.02758226967348522,0.0,,
headtohead,block,distance,high,pp,preXDR_XDR,-0.0002588377502959638,5.9341453259348335e-05,0.012755239292946408,0.596875,0.005557532352034329,5,0.7917272090917267,-0.0023555610568410925,6.987619915370911e-05,0.017254843669309197,0.9515625,0.019430964503171173,5,0.7113959262984071,0.0020967233065451287,-1.053474589436078e-05,-0.004499604376362789,-0.35468749999999993,-0.013873432151136844,0.08033128279331958
headtohead,block,distance,low,amatrix,DS,-0.0010234486771810245,0.00037840523988817324,0.034537875875585954,0.978125,0.0412571217648343,5,0.9232022908581327,-0.0010697142435089789,0.000368920415523024,0.03650468347655564,0.95625,0.03956147967638308,5,0.9174026416769927,4.6265566327954345e-05,9.484824365149256e-06,-0.0019668076009696847,0.021874999999999978,0.0016956420884512227,0.005799649181139954
headtohead,block,distance,low,amatrix,OtherDR,0.001324059908276242,5.938741254882278e-05,0.015636162736268198,0.984375,0.020886921997947772,5,0.8242852987674789,0.0014590536098463883,6.689838848390707e-05,0.01677384125427392,0.9640625,0.01998030949130467,5,0.8045452898625765,-0.0001349937015701463,-7.510975935084287e-06,-0.0011376785180057213,0.020312499999999956,0.0009066125066431036,0.019740008904902462
headtohead,block,distance,low,amatrix,RR,0.0010986630491919588,0.00021804380573724563,0.031182412255407993,0.9796875,0.03825500207197078,5,0.8907229921456178,0.00100449189453792,0.00022999146399296216,0.03350126435261695,0.95625,0.03613144678720377,5,0.8794035036972827,9.41711546540388e-05,-1.1947658255716536e-05,-0.0023188520972089594,0.0234375,0.0021235552847670078,0.01131948844833508
headtohead,block,distance,low,amatrix,TVD,0.04104487197631059,0.0019399612761784384,0.0447202648381297,0.0,,5,,0.0436850644967651,0.0022317443258019357,0.04776923295680526,0.0,,5,,-0.0026401925204545054,-0.00029178304962349725,-0.0030489681186755616,0.0,,
headtohead,block,distance,low,amatrix,preXDR_XDR,-0.0013992742802871757,7.731587733126998e-05,0.016348720607653657,0.971875,0.020373719733150684,5,0.7896902697901371,-0.001393831260875272,8.283844315494177e-05,0.017558820565463054,0.9453125,0.019430964503171173,5,0.7600167556794613,-5.443019411903666e-06,-5.52256582367179e-06,-0.001210099957809397,0.026562500000000044,0.0009427552299795111,0.02967351411067587
headtohead,block,distance,low,amatrix_proj,DS,0.0028359066704099515,0.0005265461002644402,0.03516408568979623,0.9546875,0.037667387275786536,5,0.9246918302485474,-0.0010697142435089789,0.000368920415523024,0.03650468347655564,0.95625,0.03956147967638308,5,0.9174026416769927,0.0039056209139189304,0.00015762568474141623,-0.0013405977867594066,-0.0015625000000000222,-0.001894092400596542,0.0072891885715546945
headtohead,block,distance,low,amatrix_proj,OtherDR,0.00036617735882893393,5.988318294502205e-05,0.015082928398473033,0.9796875,0.018936310452630622,5,0.8249210578601313,0.0014590536098463883,6.689838848390707e-05,0.01677384125427392,0.9640625,0.01998030949130467,5,0.8045452898625765,-0.0010928762510174544,-7.015205538885018e-06,-0.001690912855800886,0.015625,-0.001043999038674047,0.020375767997554806
headtohead,block,distance,low,amatrix_proj,RR,-0.0008490933916787274,0.00022008469872805364,0.029577500307460404,0.9765625,0.034459346081376754,5,0.8951618576768958,0.00100449189453792,0.00022999146399296216,0.03350126435261695,0.95625,0.03613144678720377,5,0.8794035036972827,-0.0018535852862166474,-9.906765264908527e-06,-0.003923764045156548,0.020312499999999956,-0.0016721007058270176,0.015758353979613116
headtohead,block,distance,low,amatrix_proj,TVD,0.0405296098199683,0.0018745360421987994,0.0440755693907051,0.0,,5,,0.0436850644967651,0.0022317443258019357,0.04776923295680526,0.0,,5,,-0.003155454676796794,-0.00035720828360313634,-0.0036936635661001596,0.0,,
headtohead,block,distance,low,amatrix_proj,preXDR_XDR,-0.002352990637560119,9.290309615867429e-05,0.016282366547968462,0.9625,0.018387822903225454,5,0.7897097228228356,-0.001393831260875272,8.283844315494177e-05,0.017558820565463054,0.9453125,0.019430964503171173,5,0.7600167556794613,-0.000959159376684847,1.0064653003732512e-05,-0.0012764540174945924,0.017187500000000022,-0.001043141599945719,0.029692967143374327
headtohead,block,distance,low,pp,DS,-0.006005586842629275,0.000987096250507685,0.039078111403646525,0.4859375,0.015013016212274528,5,0.9260537596316103,-0.0010697142435089789,0.000368920415523024,0.03650468347655564,0.95625,0.03956147967638308,5,0.9174026416769927,-0.004935872599120296,0.0006181758349846609,0.0025734279270908864,-0.4703125,-0.02454846346410855,0.008651117954617593
headtohead,block,distance,low,pp,OtherDR,0.002677270616752589,7.33452696740453e-05,0.015095385841429412,0.603125,0.007432175931823221,5,0.8327578956020482,0.0014590536098463883,6.689838848390707e-05,0.01677384125427392,0.9640625,0.01998030949130467,5,0.8045452898625765,0.0012182170069062006,6.446881190138231e-06,-0.0016784554128445074,-0.3609375,-0.012548133559481447,0.028212605739471708
headtohead,block,distance,low,pp,RR,0.003821507682495071,0.00037499193776122417,0.029958900271459744,0.525,0.01217456198912695,5,0.9004499270101537,0.00100449189453792,0.00022999146399296216,0.03350126435261695,0.95625,0.03613144678720377,5,0.8794035036972827,0.002817015787957151,0.000145000473768262,-0.0035423640811572087,-0.43125,-0.023956884798076825,0.021046423312870988
headtohead,block,distance,low,pp,TVD,0.0429852020389862,0.002065851309645179,0.04647653974895928,0.0,,5,,0.0436850644967651,0.0022317443258019357,0.04776923295680526,0.0,,5,,-0.0006998624577788937,-0.00016589301615675678,-0.001292693207845981,0.0,,
headtohead,block,distance,low,pp,preXDR_XDR,-0.0004931914566183599,0.00010401964344879291,0.01614764011205823,0.5703125,0.007237420168510561,5,0.797968860132192,-0.001393831260875272,8.283844315494177e-05,0.017558820565463054,0.9453125,0.019430964503171173,5,0.7600167556794613,0.0009006398042569121,2.118120029385114e-05,-0.0014111804534048256,-0.375,-0.012193544334660612,0.037952104452730784
headtohead,block,distance,medium,amatrix,DS,0.004170454165508583,0.00046535084780994075,0.032848617205994114,0.9390625,0.03477420952724583,5,0.937261069608313,0.0028447504109228253,0.0006414550447862311,0.03954932663491592,0.928125,0.03956147967638308,5,0.9163096570027964,0.0013257037545857577,-0.00017610419697629037,-0.006700709428921807,0.010937500000000044,-0.004787270149137247,0.020951412605516584
headtohead,block,distance,medium,amatrix,OtherDR,0.00011898730088306071,7.18129614971827e-05,0.014664628155416465,0.98125,0.017353183511827866,5,0.805413164194016,0.00084145033213623,0.00010071486960176957,0.018039885415140903,0.953125,0.01998030949130467,5,0.7481759679727465,-0.0007224630312531692,-2.890190810458686e-05,-0.0033752572597244377,0.028124999999999956,-0.0026271259794768027,0.05723719622126944
headtohead,block,distance,medium,amatrix,RR,-0.0022927368566293964,0.0002859051761145791,0.029005101779343633,0.953125,0.032754374267321626,5,0.9043944298526359,-0.002063190921995321,0.00039922182760194884,0.035956217571780275,0.9453125,0.03613144678720377,5,0.871919806938293,-0.00022954593463407526,-0.00011331665148736972,-0.006951115792436641,0.0078125,-0.003377072519882146,0.03247462291434289
headtohead,block,distance,medium,amatrix,TVD,0.037771016335363096,0.001569837865403521,0.041357814820364956,0.0,,5,,0.04623016578087022,0.0024538147599213007,0.05045387603786919,0.0,,5,,-0.008459149445507123,-0.0008839768945177798,-0.009096061217504232,0.0,,
headtohead,block,distance,medium,amatrix,preXDR_XDR,-0.001996704609762225,3.991159866879711e-05,0.013635873452176008,0.965625,0.01701169262028254,5,0.8006739838974568,-0.0016230098210636762,5.681311123198638e-05,0.016385344684763808,0.9640625,0.019430964503171173,5,0.7448210944957572,-0.0003736947886985487,-1.6901512563189273e-05,-0.0027494712325877996,0.0015624999999999112,-0.0024192718828886343,0.055852889401699635
headtohead,block,distance,medium,amatrix_proj,DS,0.013864242278549006,0.0005089594439259209,0.030174086732154305,0.884375,0.025856583057210756,5,0.941945423032666,0.0028447504109228253,0.0006414550447862311,0.03954932663491592,0.928125,0.03956147967638308,5,0.9163096570027964,0.01101949186762618,-0.00013249560086031024,-0.009375239902761616,-0.043749999999999956,-0.013704896619172322,0.02563576602986961
headtohead,block,distance,medium,amatrix_proj,OtherDR,-0.002101530595588859,5.3017009941094616e-05,0.01303069610093925,0.9375,0.012967468579538548,5,0.8096969480329458,0.00084145033213623,0.00010071486960176957,0.018039885415140903,0.953125,0.01998030949130467,5,0.7481759679727465,-0.002942980927725089,-4.769785966067495e-05,-0.005009189314201653,-0.015625,-0.00701284091176612,0.06152098006019924
headtohead,block,distance,medium,amatrix_proj,RR,-0.007544467826289793,0.00018194610497508155,0.023335651025588426,0.9421875,0.023044048996869505,5,0.916903023666191,-0.002063190921995321,0.00039922182760194884,0.035956217571780275,0.9453125,0.03613144678720377,5,0.871919806938293,-0.005481276904294471,-0.0002172757226268673,-0.012620566546191848,-0.0031250000000000444,-0.013087397790334267,0.04498321672789807
headtohead,block,distance,medium,amatrix_proj,TVD,0.03363675803703466,0.001254783093452643,0.03673794724283883,0.0,,5,,0.04623016578087022,0.0024538147599213007,0.05045387603786919,0.0,,5,,-0.012593407743835557,-0.0011990316664686577,-0.013715928795030356,0.0,,
headtohead,block,distance,medium,amatrix_proj,preXDR_XDR,-0.0042182438566703015,7.413358894238901e-05,0.013747582202076567,0.925,0.012610161400996724,5,0.8025990021992649,-0.0016230098210636762,5.681311123198638e-05,0.016385344684763808,0.9640625,0.019430964503171173,5,0.7448210944957572,-0.0025952340356066254,1.732047771040263e-05,-0.002637762482687241,-0.0390625,-0.00682080310217445,0.05777790770350777
headtohead,block,distance,medium,pp,DS,-0.005698320326080562,0.0007352046989181062,0.03314261950975932,0.496875,0.012612967407170302,5,0.9472775532974762,0.0028447504109228253,0.0006414550447862311,0.03954932663491592,0.928125,0.03956147967638308,5,0.9163096570027964,-0.008543070737003387,9.374965413187504e-05,-0.006406707125156598,-0.43124999999999997,-0.026948512269212778,0.030967896294679775
headtohead,block,distance,medium,pp,OtherDR,0.0030314016753016653,6.18394145917939e-05,0.013075075695941994,0.60625,0.006218052617389074,5,0.8148047731650857,0.00084145033213623,0.00010071486960176957,0.018039885415140903,0.953125,0.01998030949130467,5,0.7481759679727465,0.002189951343165435,-3.887545500997567e-05,-0.004964809719198909,-0.34687500000000004,-0.013762256873915595,0.06662880519233916
headtohead,block,distance,medium,pp,RR,0.002608863538598187,0.0002761053644747636,0.02396841350361958,0.5203125,0.01019811343763038,5,0.9232794955553963,-0.002063190921995321,0.00039922182760194884,0.035956217571780275,0.9453125,0.03613144678720377,5,0.871919806938293,0.004672054460593508,-0.00012311646312718525,-0.011987804068160694,-0.42500000000000004,-0.025933333349573394,0.05135968861710338
headtohead,block,distance,medium,pp,TVD,0.03591643814564255,0.0013975706974743826,0.038858172826402804,0.0,,5,,0.04623016578087022,0.0024538147599213007,0.05045387603786919,0.0,,5,,-0.01031372763522767,-0.001056244062446918,-0.011595703211466385,0.0,,
headtohead,block,distance,medium,pp,preXDR_XDR,5.8055112180694596e-05,7.148449049276492e-05,0.01380966044063651,0.5765625,0.006042169691055755,5,0.8116146338230127,-0.0016230098210636762,5.681311123198638e-05,0.016385344684763808,0.9640625,0.019430964503171173,5,0.7448210944957572,0.0016810649332443708,1.4671379260778533e-05,-0.002575684244127298,-0.38750000000000007,-0.013388794812115419,0.06679353932725551
headtohead,block,into_urban,high,amatrix,DS,-0.012442083323174813,0.0010365442140177108,0.05510472599902717,0.9,0.052210434115022325,5,0.8871552590131524,-0.006428117878109176,0.0012054757876741784,0.05631975396633314,0.784375,0.03956147967638308,5,0.8742409270617839,-0.006013965445065637,-0.00016893157365646758,-0.001215027967305972,0.11562499999999998,0.012648954438639247,0.012914331951368485
headtohead,block,into_urban,high,amatrix,OtherDR,0.0049361636765904516,0.000205679495583278,0.0264327398459655,0.959375,0.027243550581524684,5,0.6271662673848956,0.003268389300852703,0.00018851589414996926,0.026683973188805377,0.7828125,0.01998030949130467,5,0.6185254089951585,0.0016677743757377485,1.7163601433308753e-05,-0.000251233342839878,0.17656249999999996,0.007263241090220016,0.00864085838973705
headtohead,block,into_urban,high,amatrix,RR,0.006013108790325649,0.00056403621491105,0.04549019299695472,0.94375,0.04681758158722325,5,0.8209460811390666,0.0032810264083296017,0.0006124400164835033,0.04599478664647953,0.8390625,0.03613144678720377,5,0.8138737369287619,0.0027320823819960475,-4.84038015724533e-05,-0.0005045936495248135,0.10468749999999993,0.010686134800019481,0.007072344210304782
headtohead,block,into_urban,high,amatrix,TVD,0.06486564711094346,0.004958160470346209,0.07000792427857894,0.0,,5,,0.06583547475883185,0.005061346317099255,0.0711060178945072,0.0,,5,,-0.0009698276478883883,-0.00010318584675304658,-0.0010980936159282612,0.0,,
headtohead,block,into_urban,high,amatrix,preXDR_XDR,0.0014928108562586256,0.00019179584126605967,0.026800510284483523,0.9484375,0.026627366706627506,5,0.6401455116003912,-0.00012129783107307227,0.00021235532172119112,0.027306415455942902,0.7781250000000001,0.019430964503171173,5,0.6231086879696768,0.001614108687331698,-2.0559480455131454e-05,-0.0005059051714593789,0.17031249999999998,0.007196402203456333,0.01703682363071446
headtohead,block,into_urban,high,amatrix_proj,DS,-0.0030819242246583585,0.0009522813846421477,0.0537489733562881,0.88125,0.05046632005371082,5,0.8888862919509559,-0.006428117878109176,0.0012054757876741784,0.05631975396633314,0.784375,0.03956147967638308,5,0.8742409270617839,0.0033461936534508177,-0.0002531944030320307,-0.002570780610045037,0.09687499999999993,0.010904840377327744,0.014645364889172008
headtohead,block,into_urban,high,amatrix_proj,OtherDR,0.0025627158966700786,0.00017552066379421702,0.025478695988911403,0.9546875,0.025878867027514067,5,0.6287408090128636,0.003268389300852703,0.00018851589414996926,0.026683973188805377,0.7828125,0.01998030949130467,5,0.6185254089951585,-0.0007056734041826244,-1.2995230355752235e-05,-0.001205277199893974,0.171875,0.0058985575362093985,0.010215400017705045
headtohead,block,into_urban,high,amatrix_proj,RR,0.0012816733022285377,0.0004875378101356278,0.04381483903782206,0.9265625,0.04506879834598323,5,0.8267222925135813,0.0032810264083296017,0.0006124400164835033,0.04599478664647953,0.8390625,0.03613144678720377,5,0.8138737369287619,-0.0019993531061010643,-0.00012490220634787545,-0.002179947608657473,0.08749999999999991,0.008937351558779456,0.012848555584819454
headtohead,block,into_urban,high,amatrix_proj,TVD,0.06318233581006476,0.00470462554282079,0.06814788072426192,0.0,,5,,0.06583547475883185,0.005061346317099255,0.0711060178945072,0.0,,5,,-0.002653138948767092,-0.0003567207742784656,-0.0029581371702452758,0.0,,
headtohead,block,into_urban,high,amatrix_proj,preXDR_XDR,-0.0007624649742403098,0.00020901818611827734,0.026609632825170145,0.9296875,0.025228795677354223,5,0.6339191473140462,-0.00012129783107307227,0.00021235532172119112,0.027306415455942902,0.7781250000000001,0.019430964503171173,5,0.6231086879696768,-0.0006411671431672375,-3.337135602913784e-06,-0.0006967826307727569,0.15156249999999993,0.00579783117418305,0.010810459344369416
headtohead,block,into_urban,high,pp,DS,-0.005517336780405501,0.0009328054027171626,0.05414918001271086,0.45156250000000003,0.016676255051717614,5,0.8851163652464733,-0.006428117878109176,0.0012054757876741784,0.05631975396633314,0.784375,0.03956147967638308,5,0.8742409270617839,0.0009107810977036753,-0.00027267038495701584,-0.0021705739536222804,-0.3328125,-0.022885224624665464,0.01087543818468939
headtohead,block,into_urban,high,pp,OtherDR,0.003078659211422626,0.00017610591656686933,0.026189483285893125,0.44375000000000003,0.008621118537920117,5,0.6239138264084181,0.003268389300852703,0.00018851589414996926,0.026683973188805377,0.7828125,0.01998030949130467,5,0.6185254089951585,-0.000189730089430077,-1.2409977583099929e-05,-0.0004944899029122526,-0.3390625,-0.011359190953384552,0.005388417413259572
headtohead,block,into_urban,high,pp,RR,0.0027543703288707673,0.0005071101996732309,0.04467537851511815,0.421875,0.013756579854249069,5,0.8200774307769411,0.0032810264083296017,0.0006124400164835033,0.04599478664647953,0.8390625,0.03613144678720377,5,0.8138737369287619,-0.0005266560794588344,-0.00010532981681027234,-0.0013194081313613812,-0.41718750000000004,-0.022374866932954703,0.006203693848179204
headtohead,block,into_urban,high,pp,TVD,0.06374859509389773,0.004778310529570639,0.06894302903009328,0.0,,5,,0.06583547475883185,0.005061346317099255,0.0711060178945072,0.0,,5,,-0.0020868796649341215,-0.00028303578752861616,-0.00216298886441392,0.0,,
headtohead,block,into_urban,high,pp,preXDR_XDR,-0.00031569275988792815,0.00020092523860973388,0.026838048259040116,0.440625,0.00846342569964982,5,0.6299755851275975,-0.00012129783107307227,0.00021235532172119112,0.027306415455942902,0.7781250000000001,0.019430964503171173,5,0.6231086879696768,-0.0001943949288148559,-1.1430083111457241e-05,-0.0004683671969027865,-0.3375000000000001,-0.010967538803521353,0.0068668971579207705
headtohead,block,into_urban,low,amatrix,DS,-0.004997819969982238,0.0006804256613863993,0.041526525376277525,0.9390625,0.04423168966678386,5,0.9094182254630512,-0.003844747866922154,0.0006787408043035371,0.04211318923566247,0.896875,0.03956147967638308,5,0.9073049344839832,-0.0011530721030600841,1.684857082862208e-06,-0.0005866638593849463,0.042187500000000044,0.004670209990400784,0.0021132909790679832
headtohead,block,into_urban,low,amatrix,OtherDR,0.003041263002496544,0.00010102742881295753,0.01841606026909752,0.9703125,0.022654299278260168,5,0.780948403507788,0.0026798390780477903,9.777036733162908e-05,0.018725922553449206,0.934375,0.01998030949130467,5,0.7733730855424655,0.0003614239244487537,3.2570614813284506e-06,-0.0003098622843516856,0.03593750000000007,0.002673989786955499,0.0075753179653225144
headtohead,block,into_urban,low,amatrix,RR,0.0027039188489358643,0.0002718688054834446,0.034552550918311095,0.96875,0.040420058253476436,5,0.8781195284079597,0.0022817539663182373,0.00027648284693703704,0.035099951001015005,0.9328125,0.03613144678720377,5,0.8734534850877962,0.00042216488261762703,-4.61404145359241e-06,-0.0005474000827039097,0.035937499999999956,0.004288611466272664,0.004666043320163515
headtohead,block,into_urban,low,amatrix,TVD,0.0471389127802176,0.0025702414309218325,0.05158794163957549,0.0,,5,,0.047831422902525685,0.002651924943438246,0.0523989801710014,0.0,,5,,-0.0006925101223080876,-8.168351251641335e-05,-0.0008110385314259103,0.0,,
headtohead,block,into_urban,low,amatrix,preXDR_XDR,-0.0007473618814500658,9.866084250347514e-05,0.01837600344980095,0.96875,0.022028401086999484,5,0.770774032508493,-0.0011168451774438148,0.00010094612365275693,0.018802434657037043,0.9296875,0.019430964503171173,5,0.7583449650628402,0.00036948329599374903,-2.2852811492817893e-06,-0.0004264312072360943,0.0390625,0.00259743658382831,0.012429067445652753
headtohead,block,into_urban,low,amatrix_proj,DS,-0.002727718666487845,0.0007100535528895129,0.04160461775892464,0.940625,0.04371966437669198,5,0.9116625505179062,-0.003844747866922154,0.0006787408043035371,0.04211318923566247,0.896875,0.03956147967638308,5,0.9073049344839832,0.0011170292004343092,3.131274858597579e-05,-0.0005085714767378291,0.04375000000000007,0.004158184700308903,0.00435761603392304
headtohead,block,into_urban,low,amatrix_proj,OtherDR,0.002441837897068979,9.613617378055783e-05,0.018096556846427428,0.971875,0.02218721324087746,5,0.7812791566491702,0.0026798390780477903,9.777036733162908e-05,0.018725922553449206,0.934375,0.01998030949130467,5,0.7733730855424655,-0.0002380011809788112,-1.6341935510712528e-06,-0.0006293657070217777,0.03750000000000009,0.0022069037495727924,0.007906071106704715
headtohead,block,into_urban,low,amatrix_proj,RR,0.0015975876482394237,0.00026423171699453094,0.03408383885979474,0.9671875,0.04007093540571084,5,0.8774482924169309,0.0022817539663182373,0.00027648284693703704,0.035099951001015005,0.9328125,0.03613144678720377,5,0.8734534850877962,-0.0006841663180788137,-1.2251129942506098e-05,-0.0010161121412202642,0.03437499999999993,0.00393948861850707,0.003994807329134709
headtohead,block,into_urban,low,amatrix_proj,TVD,0.04683595811722206,0.002545196781499644,0.05127492751517227,0.0,,5,,0.047831422902525685,0.002651924943438246,0.0523989801710014,0.0,,5,,-0.0009954647853036222,-0.0001067281619386018,-0.0011240526558291275,0.0,,
headtohead,block,into_urban,low,amatrix_proj,preXDR_XDR,-0.0013117068788205287,0.00010589776033818191,0.018362557403312888,0.9625,0.021553530519502484,5,0.7695442847158334,-0.0011168451774438148,0.00010094612365275693,0.018802434657037043,0.9296875,0.019430964503171173,5,0.7583449650628402,-0.00019486170137671382,4.951636685424977e-06,-0.0004398772537241545,0.03281250000000002,0.0021225660163313106,0.011199319652993145
headtohead,block,into_urban,low,pp,DS,-0.003610355520779233,0.0006541117752719134,0.041645177640409724,0.5265625,0.016584563250491687,5,0.909477162497623,-0.003844747866922154,0.0006787408043035371,0.04211318923566247,0.896875,0.03956147967638308,5,0.9073049344839832,0.00023439234614292112,-2.4629029031623755e-05,-0.0004680115952527472,-0.37031249999999993,-0.02297691642589139,0.0021722280136398098
headtohead,block,into_urban,low,pp,OtherDR,0.0026434775198069084,9.657490615395512e-05,0.018628161407406623,0.5765625,0.008577928279578005,5,0.7750663446460824,0.0026798390780477903,9.777036733162908e-05,0.018725922553449206,0.934375,0.01998030949130467,5,0.7733730855424655,-3.636155824088185e-05,-1.195461177673962e-06,-9.776114604258257e-05,-0.3578125,-0.011402381211726664,0.0016932591036168398
headtohead,block,into_urban,low,pp,RR,0.0021445940695411937,0.0002641530471963542,0.03487127689520169,0.5421875,0.013683672031907977,5,0.8741338781210504,0.0022817539663182373,0.00027648284693703704,0.035099951001015005,0.9328125,0.03613144678720377,5,0.8734534850877962,-0.00013715989677704366,-1.2329799740682854e-05,-0.0002286741058133146,-0.390625,-0.022447774755295795,0.0006803930332541785
headtohead,block,into_urban,low,pp,TVD,0.04747226282714118,0.0026238674791594046,0.05199474786373146,0.0,,5,,0.047831422902525685,0.002651924943438246,0.0523989801710014,0.0,,5,,-0.00035916007538450145,-2.8057464278841236e-05,-0.0004042323072699361,0.0,,
headtohead,block,into_urban,low,pp,preXDR_XDR,-0.0011777160685688644,9.996440183579308e-05,0.018728987499193717,0.5828125,0.008397110610593868,5,0.7603111830290431,-0.0011168451774438148,0.00010094612365275693,0.018802434657037043,0.9296875,0.019430964503171173,5,0.7583449650628402,-6.08708911250496e-05,-9.817218169638487e-07,-7.3447157843326e-05,-0.34687500000000004,-0.011033853892577305,0.001966217966202888
headtohead,block,into_urban,medium,amatrix,DS,-0.009336281030551431,0.0007186308116872522,0.04420110633475913,0.9359375,0.04682142899397962,5,0.9119271368881435,-0.005721447087259582,0.0008689811928870609,0.045779344762876636,0.8546875,0.03956147967638308,5,0.9007060861717984,-0.0036148339432918496,-0.00015035038119980875,-0.0015782384281175094,0.08124999999999993,0.007259949317596541,0.01122105071634516
headtohead,block,into_urban,medium,amatrix,OtherDR,0.004113031271138888,0.00012433270024646937,0.020459296473338696,0.96875,0.024161235448023507,5,0.75373741502789,0.002963282080647365,0.00012395478287272998,0.020834012659919143,0.8875000000000001,0.01998030949130467,5,0.7367931466247535,0.001149749190491523,3.779173737393916e-07,-0.00037471618658044617,0.08124999999999993,0.004180925956718838,0.016944268403136564
headtohead,block,into_urban,medium,amatrix,RR,0.004763133111260791,0.00036201481470985895,0.037505140388248114,0.953125,0.042411460884685635,5,0.8659144697748552,0.0035296627165906855,0.0004011175895487731,0.03795775354488,0.8953125,0.03613144678720377,5,0.8586796433392966,0.0012334703946701052,-3.9102774838914174e-05,-0.00045261315663188556,0.057812500000000044,0.006280014097481863,0.007234826435558617
headtohead,block,into_urban,medium,amatrix,TVD,0.05183654434560505,0.003127491316765677,0.05653315424714887,0.0,,5,,0.05311287243896052,0.0032812892187395384,0.057897726982474966,0.0,,5,,-0.0012763280933554694,-0.00015379790197386127,-0.001364572735326093,0.0,,
headtohead,block,into_urban,medium,amatrix,preXDR_XDR,0.00046011664815182366,0.00014203843555205724,0.020618338213257748,0.965625,0.023635285698668126,5,0.7322019761147328,-0.0007714977099784124,0.00015665436846209292,0.02138558620372245,0.8828125,0.019430964503171173,5,0.7143920856302309,0.0012316143581302362,-1.4615932910035676e-05,-0.000767247990464702,0.08281249999999996,0.004204321195496952,0.017809890484501878
headtohead,block,into_urban,medium,amatrix_proj,DS,-0.0027526570763845397,0.0007437596826183174,0.043617104851106245,0.9046875,0.04516352957598063,5,0.912882775962297,-0.005721447087259582,0.0008689811928870609,0.045779344762876636,0.8546875,0.03956147967638308,5,0.9007060861717984,0.002968790010875042,-0.0001252215102687435,-0.0021622399117703917,0.04999999999999993,0.005602049899597554,0.012176689790498685
headtohead,block,into_urban,medium,amatrix_proj,OtherDR,0.002338672205185051,0.00011441491483113623,0.019852447753728054,0.965625,0.02298324959267645,5,0.7520853373484588,0.002963282080647365,0.00012395478287272998,0.020834012659919143,0.8875000000000001,0.01998030949130467,5,0.7367931466247535,-0.0006246098754623137,-9.539868041593755e-06,-0.0009815649061910882,0.07812499999999989,0.0030029401013717816,0.015292190723705357
headtohead,block,into_urban,medium,amatrix_proj,RR,0.0017340357886734608,0.00032598645366178057,0.03607098871890969,0.95625,0.04106652615328748,5,0.8667808396923598,0.0035296627165906855,0.0004011175895487731,0.03795775354488,0.8953125,0.03613144678720377,5,0.8586796433392966,-0.0017956269279172246,-7.513113588699256e-05,-0.001886764825970312,0.06093750000000009,0.004935079366083707,0.008101196353063167
headtohead,block,into_urban,medium,amatrix_proj,TVD,0.05053739809193348,0.002978990339382999,0.05517471636476806,0.0,,5,,0.05311287243896052,0.0032812892187395384,0.057897726982474966,0.0,,5,,-0.0025754743470270403,-0.0003022988793565393,-0.0027230106177069044,0.0,,
headtohead,block,into_urban,medium,amatrix_proj,preXDR_XDR,-0.001320050917473865,0.0001580196870447399,0.020582802955718522,0.959375,0.02240312121671369,5,0.7327971110784569,-0.0007714977099784124,0.00015665436846209292,0.02138558620372245,0.8828125,0.019430964503171173,5,0.7143920856302309,-0.0005485532074954526,1.365318582646996e-06,-0.0008027832480039278,0.07656249999999998,0.002972156713542517,0.018405025448225976
headtohead,block,into_urban,medium,pp,DS,-0.005054236964747902,0.0007050749528812612,0.044191769626931623,0.5203125,0.016643298203887474,5,0.9080587950201984,-0.005721447087259582,0.0008689811928870609,0.045779344762876636,0.8546875,0.03956147967638308,5,0.9007060861717984,0.0006672101225116793,-0.00016390624000579975,-0.001587575135945013,-0.3343750000000001,-0.022918181472495604,0.0073527088484000025
headtohead,block,into_urban,medium,pp,OtherDR,0.002808526270950592,0.00011622393241849296,0.020470559134773483,0.525,0.008602419708898907,5,0.7442890290476377,0.002963282080647365,0.00012395478287272998,0.020834012659919143,0.8875000000000001,0.01998030949130467,5,0.7367931466247535,-0.00015475580969677308,-7.730850454237018e-06,-0.0003634535251456593,-0.36250000000000004,-0.011377889782405762,0.007495882422884237
headtohead,block,into_urban,medium,pp,RR,0.0031596351917311614,0.000337508841488977,0.03705717572017931,0.4921875,0.01372489669031921,5,0.8632707229152168,0.0035296627165906855,0.0004011175895487731,0.03795775354488,0.8953125,0.03613144678720377,5,0.8586796433392966,-0.0003700275248595241,-6.360874805979612e-05,-0.0009005778247006893,-0.40312499999999996,-0.02240655009688456,0.004591079575920198
headtohead,block,into_urban,medium,pp,TVD,0.05168291444510309,0.0031144946782287156,0.05636030254550215,0.0,,5,,0.05311287243896052,0.0032812892187395384,0.057897726982474966,0.0,,5,,-0.0014299579938574294,-0.0001667945405108228,-0.0015374244369728146,0.0,,
headtohead,block,into_urban,medium,pp,preXDR_XDR,-0.0009139244979338646,0.00015026998150494489,0.02106671067283473,0.528125,0.0084423393384587,5,0.7172395687235437,-0.0007714977099784124,0.00015665436846209292,0.02138558620372245,0.8828125,0.019430964503171173,5,0.7143920856302309,-0.00014242678795545216,-6.384386957148031e-06,-0.0003188755308877189,-0.35468750000000004,-0.010988625164712473,0.0028474830933127304
headtohead,block,neighbors,high,amatrix,DS,-4.268333768451266e-06,0.00031136698355878226,0.030407957303187103,0.9453125,0.029684040584914608,5,0.9360012666877255,-0.0007726808673238138,0.0006584293147088517,0.040859325902991,0.90625,0.03956147967638308,5,0.9113703498941413,0.0007684125335553625,-0.0003470623311500695,-0.0104513685998039,0.0390625,-0.00987743909146847,0.0246309167935842
headtohead,block,neighbors,high,amatrix,OtherDR,0.0017233745302208613,5.9116639034438404e-05,0.014437465978758803,0.9515625,0.015236525850939332,5,0.8340309850634388,0.00217809131304705,0.0001034780929108138,0.018789033738857555,0.921875,0.01998030949130467,5,0.7651693598362765,-0.00045471678282618883,-4.436145387637539e-05,-0.004351567760098752,0.029687499999999978,-0.004743783640365337,0.06886162522716222
headtohead,block,neighbors,high,amatrix,RR,-0.0006806357201109308,0.00018499333520102926,0.02539401667744949,0.95625,0.026881357929252003,5,0.910482545991535,-0.00030710494510677674,0.0003511773675771462,0.0356721614870227,0.921875,0.03613144678720377,5,0.8629534620107453,-0.00037353077500415407,-0.00016618403237611697,-0.01027814480957321,0.034375000000000044,-0.009250088857951769,0.0475290839807897
headtohead,block,neighbors,high,amatrix,TVD,0.03583444688435088,0.0014896790258105753,0.03864878460839988,0.0,,5,,0.047529140427554004,0.002651583972612667,0.05193717157526608,0.0,,5,,-0.01169469354320312,-0.0011619049468020917,-0.013288386966866204,0.0,,
headtohead,block,neighbors,high,amatrix,preXDR_XDR,-0.0010384704763413686,5.5566974037889594e-05,0.014447509018746694,0.9375,0.015032275091434505,5,0.8380246679507424,-0.0010983055006164042,0.00010975189634913413,0.017835198844148675,0.946875,0.019430964503171173,5,0.7618446642446284,5.9835024275035594e-05,-5.418492231124454e-05,-0.0033876898254019804,-0.009375000000000022,-0.004398689411736668,0.076180003706114
headtohead,block,neighbors,high,amatrix_proj,DS,0.00746274889074508,0.000510972484350643,0.03122165144337609,0.8625,0.024509592662075266,5,0.9402633077270632,-0.0007726808673238138,0.0006584293147088517,0.040859325902991,0.90625,0.03956147967638308,5,0.9113703498941413,0.008235429758068893,-0.00014745683035820875,-0.009637674459614914,-0.043749999999999956,-0.015051887014307812,0.028892957832921895
headtohead,block,neighbors,high,amatrix_proj,OtherDR,-0.00042937194007802135,5.9105424098283825e-05,0.01338679526245841,0.9203125,0.012543125474644146,5,0.8471163961066743,0.00217809131304705,0.0001034780929108138,0.018789033738857555,0.921875,0.01998030949130467,5,0.7651693598362765,-0.0026074632531250717,-4.437266881252997e-05,-0.005402238476399144,-0.0015625000000000222,-0.007437184016660523,0.08194703627039779
headtohead,block,neighbors,high,amatrix_proj,RR,-0.00362461245460437,0.00018048554623550857,0.023038039653448295,0.915625,0.021342281342101237,5,0.9220429305931235,-0.00030710494510677674,0.0003511773675771462,0.0356721614870227,0.921875,0.03613144678720377,5,0.8629534620107453,-0.0033175075094975933,-0.00017069182134163766,-0.012634121833574406,-0.006249999999999978,-0.014789165445102535,0.05908946858237818
headtohead,block,neighbors,high,amatrix_proj,TVD,0.034939677996230684,0.0014138679257331454,0.03769845198378313,0.0,,5,,0.047529140427554004,0.002651583972612667,0.05193717157526608,0.0,,5,,-0.01258946243132332,-0.0012377160468795216,-0.01423871959148295,0.0,,
headtohead,block,neighbors,high,amatrix_proj,preXDR_XDR,-0.003408764496062561,8.529752630679003e-05,0.014582617526302263,0.8953125000000001,0.012276570536449281,5,0.8430260418216822,-0.0010983055006164042,0.00010975189634913413,0.017835198844148675,0.946875,0.019430964503171173,5,0.7618446642446284,-0.002310458995446157,-2.4454370042344104e-05,-0.0032525813178464116,-0.051562499999999956,-0.007154393966721892,0.08118137757705379
headtohead,block,neighbors,high,pp,DS,-0.001354344293343042,0.00043765745849960307,0.031167332997425943,0.5359375,0.012751450029518321,5,0.9313964516982798,-0.0007726808673238138,0.0006584293147088517,0.040859325902991,0.90625,0.03956147967638308,5,0.9113703498941413,-0.0005816634260192283,-0.00022077185620924866,-0.00969199290556506,-0.37031250000000004,-0.026810029646864755,0.02002610180413844
headtohead,block,neighbors,high,pp,OtherDR,0.002230916273961197,5.9872536261376036e-05,0.013978891445217865,0.5906250000000001,0.006611086548330334,5,0.8393184832950975,0.00217809131304705,0.0001034780929108138,0.018789033738857555,0.921875,0.01998030949130467,5,0.7651693598362765,5.282496091414679e-05,-4.360555664943776e-05,-0.004810142293639691,-0.33124999999999993,-0.013369222942974334,0.07414912345882096
headtohead,block,neighbors,high,pp,RR,-7.139976600938765e-05,0.00019169591112548303,0.023968687977359675,0.575,0.01058520864362083,5,0.9133689220852904,-0.00030710494510677674,0.0003511773675771462,0.0356721614870227,0.921875,0.03613144678720377,5,0.8629534620107453,0.0002357051790973891,-0.0001594814564516632,-0.011703473509663026,-0.34687500000000004,-0.025546238143582943,0.050415460074545115
headtohead,block,neighbors,high,pp,TVD,0.03554769150098573,0.0014445586252054957,0.03828540233581082,0.0,,5,,0.047529140427554004,0.002651583972612667,0.05193717157526608,0.0,,5,,-0.011981448926568272,-0.0012070253474071712,-0.013651769239455262,0.0,,
headtohead,block,neighbors,high,pp,preXDR_XDR,-0.0008051722146087211,6.403289897545106e-05,0.014477335165463179,0.5828125000000001,0.006509498131144215,5,0.834348028697381,-0.0010983055006164042,0.00010975189634913413,0.017835198844148675,0.946875,0.019430964503171173,5,0.7618446642446284,0.00029313328600768303,-4.571899737368307e-05,-0.003357863678685496,-0.36406249999999996,-0.012921466372026957,0.07250336445275263
headtohead,block,neighbors,low,amatrix,DS,-0.0032579553212161395,0.0006405202942985834,0.03936377337739527,0.9453125,0.041290859016825575,5,0.9118879689703302,-0.0034635427307307116,0.0006283677470386482,0.04140468137866549,0.9187500000000001,0.03956147967638308,5,0.9081243492678801,0.00020558740951457212,1.215254725993526e-05,-0.002040908001270214,0.026562499999999933,0.0017293793404424967,0.003763619702450094
headtohead,block,neighbors,low,amatrix,OtherDR,0.0017224293350213903,8.895277176341206e-05,0.017030033674340028,0.971875,0.020873844258019504,5,0.7983552159725247,0.0018998149427102934,9.273068932306848e-05,0.01811014858349247,0.95,0.01998030949130467,5,0.7811479328929337,-0.00017738560768890306,-3.7779175596564164e-06,-0.001080114909152441,0.02187500000000009,0.0008935347667148354,0.017207283079590963
headtohead,block,neighbors,low,amatrix,RR,0.002293085608566728,0.00023822924613792115,0.03209623099212074,0.96875,0.03822074693228925,5,0.8831809837908914,0.0023446132483557,0.0002526853018368915,0.03446608701981639,0.95,0.03613144678720377,5,0.8732806645754175,-5.15276397889718e-05,-1.4456055698970377e-05,-0.002369856027695648,0.018750000000000044,0.0020893001450854806,0.009900319215473852
headtohead,block,neighbors,low,amatrix,TVD,0.04438669525037643,0.0022794684780545137,0.0483079349103913,0.0,,5,,0.04679855727665037,0.002558675739164103,0.0511754343736488,0.0,,5,,-0.002411862026273935,-0.0002792072611095893,-0.0028674994632574974,0.0,,
headtohead,block,neighbors,low,amatrix,preXDR_XDR,-0.0007575596223719423,0.0001021662216281073,0.016894277171373217,0.96875,0.020410162300116868,5,0.787699488178575,-0.0007808854603352247,0.0001070994801663835,0.017924651196782014,0.9328125,0.019430964503171173,5,0.7683222904450052,2.332583796328246e-05,-4.933258538276198e-06,-0.0010303740254087972,0.035937499999999956,0.0009791977969456946,0.01937719773356983
headtohead,block,neighbors,low,amatrix_proj,DS,-0.0009414455696676133,0.0006725141254888969,0.03881569042499543,0.9328125,0.03852191284406865,5,0.9134330161726358,-0.0034635427307307116,0.0006283677470386482,0.04140468137866549,0.9187500000000001,0.03956147967638308,5,0.9081243492678801,0.0025220971610630982,4.4146378450248686e-05,-0.002588990953670059,0.014062499999999978,-0.0010395668323144314,0.005308666904755732
headtohead,block,neighbors,low,amatrix_proj,OtherDR,0.0011689739300951275,8.514710867214656e-05,0.016621732028325703,0.9671875,0.01950045684978054,5,0.8020335821022639,0.0018998149427102934,9.273068932306848e-05,0.01811014858349247,0.95,0.01998030949130467,5,0.7811479328929337,-0.0007308410126151659,-7.5835806509219145e-06,-0.001488416555166766,0.017187500000000022,-0.0004798526415241283,0.020885649209330226
headtohead,block,neighbors,low,amatrix_proj,RR,0.0012437637336271158,0.00022941273882264964,0.030799326952667235,0.9640625,0.03517052059675298,5,0.8884553177179899,0.0023446132483557,0.0002526853018368915,0.03446608701981639,0.95,0.03613144678720377,5,0.8732806645754175,-0.001100849514728584,-2.327256301424188e-05,-0.003666760067149156,0.014062500000000089,-0.0009609261904507949,0.01517465314257238
headtohead,block,neighbors,low,amatrix_proj,TVD,0.04343223467577313,0.002176111715614477,0.04723874776339089,0.0,,5,,0.04679855727665037,0.002558675739164103,0.0511754343736488,0.0,,5,,-0.003366322600877235,-0.00038256402354962596,-0.0039366866102579084,0.0,,
headtohead,block,neighbors,low,amatrix_proj,preXDR_XDR,-0.00147129209405457,0.0001066211690079552,0.01676941300061382,0.959375,0.018945754718350468,5,0.7931563690885636,-0.0007808854603352247,0.0001070994801663835,0.017924651196782014,0.9328125,0.019430964503171173,5,0.7683222904450052,-0.0006904066337193453,-4.783111584283058e-07,-0.0011552381961681957,0.026562499999999933,-0.0004852097848207053,0.024834078643558355
headtohead,block,neighbors,low,pp,DS,-0.0034205941180457966,0.0006782968245715028,0.03793943159164016,0.503125,0.014900035858394828,5,0.9136184221263861,-0.0034635427307307116,0.0006283677470386482,0.04140468137866549,0.9187500000000001,0.03956147967638308,5,0.9081243492678801,4.294861268491507e-05,4.992907753285458e-05,-0.0034652497870253235,-0.415625,-0.02466144381798825,0.005494072858506005
headtohead,block,neighbors,low,pp,OtherDR,0.0019714515878118182,8.448881864410384e-05,0.01633965335140891,0.5796875,0.007700854219856899,5,0.8077090554523814,0.0018998149427102934,9.273068932306848e-05,0.01811014858349247,0.95,0.01998030949130467,5,0.7811479328929337,7.163664510152486e-05,-8.24187067896464e-06,-0.0017704952320835576,-0.37031249999999993,-0.012279455271447769,0.026561122559447647
headtohead,block,neighbors,low,pp,RR,0.002104841432552594,0.0002491528597347347,0.029692084465995038,0.55625,0.012278874897351431,5,0.892474729948907,0.0023446132483557,0.0002526853018368915,0.03446608701981639,0.95,0.03613144678720377,5,0.8732806645754175,-0.0002397718158031058,-3.532442102156851e-06,-0.004774002553821353,-0.39374999999999993,-0.02385257188985234,0.019194065373489444
headtohead,block,neighbors,low,pp,TVD,0.04243383310443354,0.00207348301595553,0.04611926434719115,0.0,,5,,0.04679855727665037,0.002558675739164103,0.0511754343736488,0.0,,5,,-0.0043647241722168245,-0.00048519272320857306,-0.005056170026457647,0.0,,
headtohead,block,neighbors,low,pp,preXDR_XDR,-0.0006556989023186546,9.616286745087364e-05,0.016562624175944857,0.5765625,0.0075523666113947435,5,0.7887644268055085,-0.0007808854603352247,0.0001070994801663835,0.017924651196782014,0.9328125,0.019430964503171173,5,0.7683222904450052,0.00012518655801657013,-1.0936612715509858e-05,-0.0013620270208371567,-0.35625000000000007,-0.01187859789177643,0.020442136360503294
headtohead,block,neighbors,medium,amatrix,DS,-0.0011049576212806287,0.00032069953464318945,0.03210369932247972,0.9515625,0.03471800846233364,5,0.9289140798353672,-0.0019402971322188191,0.0005091154915755148,0.03967247412123389,0.9265625000000001,0.03956147967638308,5,0.9132049508305021,0.0008353395109381905,-0.0001884159569323253,-0.007568774798754167,0.02499999999999991,-0.00484347121404944,0.015709129004865097
headtohead,block,neighbors,medium,amatrix,OtherDR,0.001578280994778408,6.291476600180025e-05,0.014956914132171067,0.975,0.017568446807388328,5,0.8366753611179115,0.002015150385489196,9.961170731714529e-05,0.01855755034720867,0.9546875,0.01998030949130467,5,0.7768533250878811,-0.00043686939071078804,-3.6696941315345036e-05,-0.003600636215037603,0.020312499999999956,-0.002411862683916341,0.059822036030030445
headtohead,block,neighbors,medium,amatrix,RR,0.000614179866438005,0.00015059313711477865,0.026598839332743155,0.978125,0.03214875989564324,5,0.9073609174274851,0.0009512280921153663,0.0002156718234196616,0.03377411145622286,0.9515625,0.03613144678720377,5,0.8772279055292186,-0.0003370482256773613,-6.507868630488295e-05,-0.0071752721234797055,0.026562500000000044,-0.003982686891560533,0.03013301189826656
headtohead,block,neighbors,medium,amatrix,TVD,0.03729647247817814,0.0016018524756163392,0.04082892703234243,0.0,,5,,0.04600790621385204,0.0024470513239937125,0.05041699820118507,0.0,,5,,-0.008711433735673901,-0.0008451988483773733,-0.009588071168842645,0.0,,
headtohead,block,neighbors,medium,amatrix,preXDR_XDR,-0.0010875032399357445,7.646410776190746e-05,0.015620226980279327,0.9546875,0.017250545949430356,5,0.8210021422428128,-0.0010260813453856885,0.00010305222424927251,0.018306271762831738,0.9421875,0.019430964503171173,5,0.7603320782815083,-6.142189455005608e-05,-2.6588116487365052e-05,-0.0026860447825524103,0.012500000000000067,-0.002180418553740817,0.06067006396130448
headtohead,block,neighbors,medium,amatrix_proj,DS,0.004524012289272255,0.00046611889703068564,0.032380905829581426,0.9,0.02906508088727846,5,0.9302966116322262,-0.0019402971322188191,0.0005091154915755148,0.03967247412123389,0.9265625000000001,0.03956147967638308,5,0.9132049508305021,0.0064643094214910735,-4.299659454482912e-05,-0.007291568291652464,-0.026562500000000044,-0.010496398789104619,0.017091660801724085
headtohead,block,neighbors,medium,amatrix_proj,OtherDR,9.423911545922615e-07,6.361467826760972e-05,0.014303095015909458,0.9640625,0.014750290857063678,5,0.8440875922495511,0.002015150385489196,9.961170731714529e-05,0.01855755034720867,0.9546875,0.01998030949130467,5,0.7768533250878811,-0.002014207994334604,-3.5997029049535565e-05,-0.004254455331299213,0.009375000000000022,-0.005230018634240991,0.06723426716167002
headtohead,block,neighbors,medium,amatrix_proj,RR,-0.0017027508232697994,0.00015555560493861028,0.0247944259298099,0.9671875,0.025935516362491112,5,0.9137797345317272,0.0009512280921153663,0.0002156718234196616,0.03377411145622286,0.9515625,0.03613144678720377,5,0.8772279055292186,-0.0026539789153851657,-6.011621848105132e-05,-0.00897968552641296,0.015625,-0.01019593042471266,0.03655182900250864
headtohead,block,neighbors,medium,amatrix_proj,TVD,0.036562533648277426,0.0015451143519909687,0.03991409968899034,0.0,,5,,0.04600790621385204,0.0024470513239937125,0.05041699820118507,0.0,,5,,-0.009445372565574615,-0.0009019369720027438,-0.010502898512194735,0.0,,
headtohead,block,neighbors,medium,amatrix_proj,preXDR_XDR,-0.002822203857157014,9.792109451418637e-05,0.015641191853115816,0.9109375000000001,0.014393110438119116,5,0.8252355699293472,-0.0010260813453856885,0.00010305222424927251,0.018306271762831738,0.9421875,0.019430964503171173,5,0.7603320782815083,-0.0017961225117713254,-5.131129735086147e-06,-0.0026650799097159214,-0.03124999999999989,-0.005037854065052057,0.06490349164783893
headtohead,block,neighbors,medium,pp,DS,-0.0022954458937253,0.00042848875626675927,0.032420807276681674,0.540625,0.013364930664983909,5,0.929724372688707,-0.0019402971322188191,0.0005091154915755148,0.03967247412123389,0.9265625000000001,0.03956147967638308,5,0.9132049508305021,-0.00035514876150648093,-8.062673530875549e-05,-0.007251666844552217,-0.38593750000000004,-0.02619654901139917,0.016519421858204875
headtohead,block,neighbors,medium,pp,OtherDR,0.0021034839926883492,6.179383344305503e-05,0.014383807462685465,0.6078125,0.006917355539964535,5,0.8430066300115462,0.002015150385489196,9.961170731714529e-05,0.01855755034720867,0.9546875,0.01998030949130467,5,0.7768533250878811,8.833360719915327e-05,-3.781787387409026e-05,-0.004173742884523206,-0.34687500000000004,-0.013062953951340134,0.06615330492366511
headtohead,block,neighbors,medium,pp,RR,0.0009620138635896826,0.000185204875560661,0.025236774800993608,0.575,0.011071993531966928,5,0.911661872762911,0.0009512280921153663,0.0002156718234196616,0.03377411145622286,0.9515625,0.03613144678720377,5,0.8772279055292186,1.0785771474316314e-05,-3.0466947859000588e-05,-0.008537336655229252,-0.3765625,-0.025059453255236844,0.03443396723369241
headtohead,block,neighbors,medium,pp,TVD,0.03678342249876938,0.0015470247482874712,0.040017867947984884,0.0,,5,,0.04600790621385204,0.0024470513239937125,0.05041699820118507,0.0,,5,,-0.009224483715082658,-0.0009000265757062413,-0.01039913025320019,0.0,,
headtohead,block,neighbors,medium,pp,preXDR_XDR,-0.0007700519625527194,8.14530587353634e-05,0.015390974469527039,0.571875,0.00679570026510805,5,0.8178759940479313,-0.0010260813453856885,0.00010305222424927251,0.018306271762831738,0.9421875,0.019430964503171173,5,0.7603320782815083,0.00025602938283296906,-2.159916551390912e-05,-0.002915297293304699,-0.37031249999999993,-0.012635264238063123,0.05754391576642304
headtohead,hotcold,crisis_idp,high,amatrix,DS,0.00909556021488762,0.0005491395305468411,0.0392027383852363,0.9671875,0.04363614429477003,5,0.8851663728637785,0.00916466194394299,0.0005515326983114627,0.04047682515890296,0.915625,0.0387421273786806,5,0.8815080324188035,-6.910172905537013e-05,-2.3931677646215873e-06,-0.0012740867736666592,0.051562499999999956,0.004894016916089428,0.003658340444975039
headtohead,hotcold,crisis_idp,high,amatrix,OtherDR,-0.0016261583580598688,8.069054138427445e-05,0.017898886760311778,0.978125,0.021419426485884213,5,0.6613300862063456,-0.0017150572070202502,8.029043685373837e-05,0.01842546734114382,0.9421875,0.018938240094804156,5,0.6495339040369696,8.88988489603814e-05,4.001045305360786e-07,-0.0005265805808320409,0.03593750000000007,0.002481186391080057,0.011796182169375946
headtohead,hotcold,crisis_idp,high,amatrix,RR,-0.006185907054065467,0.0003789780977004035,0.03512612863786427,0.96875,0.03986681808541275,5,0.8295463928715205,-0.006076027914503015,0.0003898796693113862,0.036237968561279976,0.925,0.03532719667172457,5,0.8236334293706878,-0.0001098791395624521,-1.0901571610982678e-05,-0.0011118399234157084,0.043749999999999956,0.0045396214136881816,0.005912963500832702
headtohead,hotcold,crisis_idp,high,amatrix,TVD,0.046804062732109235,0.0027004389263242125,0.05050565736044176,0.0,,5,,0.04835247940295213,0.0028275683555894476,0.052165612345337384,0.0,,5,,-0.001548416670842892,-0.00012712942926523503,-0.0016599549848956216,0.0,,
headtohead,hotcold,crisis_idp,high,amatrix,preXDR_XDR,-0.001283494802762184,0.00010894230616426415,0.01866934675205521,0.9703125,0.02149863052630196,5,0.647854885827784,-0.001373576822419479,0.00012024577365464025,0.019546596541249014,0.909375,0.01890885837318347,5,0.6315420356181792,9.00820196572949e-05,-1.1303467490376105e-05,-0.0008772497891938041,0.06093749999999998,0.0025897721531184907,0.016312850209604823
headtohead,hotcold,crisis_idp,high,amatrix_proj,DS,0.005006601422829086,0.0005808607704338758,0.038500250044124974,0.953125,0.041289419806100555,5,0.8822759853382527,0.00916466194394299,0.0005515326983114627,0.04047682515890296,0.915625,0.0387421273786806,5,0.8815080324188035,-0.0041580605211139045,2.932807212241309e-05,-0.001976575114777987,0.03749999999999998,0.002547292427419953,0.0007679529194491996
headtohead,hotcold,crisis_idp,high,amatrix_proj,OtherDR,-0.0014361861957202337,8.893540219932899e-05,0.017685134201635345,0.975,0.02010693112140731,5,0.6529610709787224,-0.0017150572070202502,8.029043685373837e-05,0.01842546734114382,0.9421875,0.018938240094804156,5,0.6495339040369696,0.00027887101130001646,8.644965345590622e-06,-0.0007403331395084735,0.03281250000000002,0.0011686910266031532,0.003427166941752713
headtohead,hotcold,crisis_idp,high,amatrix_proj,RR,-0.0026751241092067743,0.00033220545902976995,0.033274527007164406,0.978125,0.037864951652555455,5,0.8253879197922791,-0.006076027914503015,0.0003898796693113862,0.036237968561279976,0.925,0.03532719667172457,5,0.8236334293706878,0.003400903805296241,-5.767421028161625e-05,-0.00296344155411557,0.05312499999999998,0.002537754980830885,0.0017544904215912593
headtohead,hotcold,crisis_idp,high,amatrix_proj,TVD,0.0453987094138748,0.002580681463297747,0.04914174385506009,0.0,,5,,0.04835247940295213,0.0028275683555894476,0.052165612345337384,0.0,,5,,-0.002953769989077329,-0.0002468868922917006,-0.003023868490277297,0.0,,
headtohead,hotcold,crisis_idp,high,amatrix_proj,preXDR_XDR,-0.0008952911179019868,0.00011186531547802669,0.01833641155384169,0.965625,0.02023431940227797,5,0.6414709696297215,-0.001373576822419479,0.00012024577365464025,0.019546596541249014,0.909375,0.01890885837318347,5,0.6315420356181792,0.00047828570451749215,-8.380458176613563e-06,-0.0012101849874073221,0.05624999999999991,0.0013254610290944976,0.009928934011542268
headtohead,hotcold,crisis_idp,high,pp,DS,-0.003813782208425139,0.0007697596483723034,0.04135417775246484,0.5203125000000001,0.016530995584245683,5,0.8731601887302667,0.00916466194394299,0.0005515326983114627,0.04047682515890296,0.915625,0.0387421273786806,5,0.8815080324188035,-0.01297844415236813,0.00021822695006084073,0.0008773525935618781,-0.39531249999999996,-0.02221113179443492,-0.008347843688536805
headtohead,hotcold,crisis_idp,high,pp,OtherDR,-7.554494098406123e-05,8.715479853785765e-05,0.017828994776727267,0.6296875,0.00823353386589469,5,0.6517255858512692,-0.0017150572070202502,8.029043685373837e-05,0.01842546734114382,0.9421875,0.018938240094804156,5,0.6495339040369696,0.001639512266036189,6.86436168411928e-06,-0.0005964725644165524,-0.3125,-0.010704706228909466,0.0021916818142995176
headtohead,hotcold,crisis_idp,high,pp,RR,0.0028408094549593936,0.0004008834390382041,0.03432628219879607,0.5328125,0.013648880981678196,5,0.814521075978722,-0.006076027914503015,0.0003898796693113862,0.036237968561279976,0.925,0.03532719667172457,5,0.8236334293706878,0.008916837369462409,1.1003769726817918e-05,-0.0019116863624839067,-0.3921875,-0.021678315690046374,-0.00911235339196581
headtohead,hotcold,crisis_idp,high,pp,TVD,0.04761053558751891,0.0027467120194987578,0.0514043791306981,0.0,,5,,0.04835247940295213,0.0028275683555894476,0.052165612345337384,0.0,,5,,-0.0007419438154332159,-8.085633609068981e-05,-0.0007612332146392856,0.0,,
headtohead,hotcold,crisis_idp,high,pp,preXDR_XDR,0.0010485176944498385,0.00012527194444297843,0.018844840600770508,0.6109375,0.008320958662069057,5,0.6261520923733633,-0.001373576822419479,0.00012024577365464025,0.019546596541249014,0.909375,0.01890885837318347,5,0.6315420356181792,0.0024220945168693174,5.0261707883381726e-06,-0.0007017559404785059,-0.2984375,-0.010587899711114413,-0.005389943244815898
headtohead,hotcold,crisis_idp,low,amatrix,DS,0.0008540238434616414,0.000486601838701092,0.03737118927307283,0.959375,0.04268598953290001,5,0.9023644323367597,0.0008218245352121173,0.0004571985338110299,0.03790531773732737,0.9359375,0.0387421273786806,5,0.898868619221755,3.219930824952411e-05,2.9403304890062093e-05,-0.0005341284642545394,0.0234375,0.0039438621542194074,0.0034958131150046867
headtohead,hotcold,crisis_idp,low,amatrix,OtherDR,0.0008548785745280214,7.399368505333255e-05,0.01636607490765465,0.984375,0.02092864250069338,5,0.724055514558867,0.0007664938118293938,7.395950061418696e-05,0.016786280977218307,0.9453125,0.018938240094804156,5,0.7071063313552013,8.838476269862762e-05,3.4184439145590155e-08,-0.0004202060695636563,0.0390625,0.0019904024058892238,0.016949183203665674
headtohead,hotcold,crisis_idp,low,amatrix,RR,-0.001462393088286874,0.00026495387821938665,0.03288533881600582,0.9734375,0.03915108707573791,5,0.8547732067290422,-0.0012793602618971793,0.0002728914835275709,0.03356656030134917,0.9484375,0.03532719667172457,5,0.8521546391359116,-0.0001830328263896948,-7.937605308184234e-06,-0.0006812214853433515,0.02499999999999991,0.00382389040401334,0.0026185675931306163
headtohead,hotcold,crisis_idp,low,amatrix,TVD,0.04352493562352722,0.0021116954875800864,0.04746186692803141,0.0,,5,,0.04432132708006496,0.0022075147885349962,0.04831730709431629,0.0,,5,,-0.0007963914565377456,-9.581930095490989e-05,-0.0008554401662848807,0.0,,
headtohead,hotcold,crisis_idp,low,amatrix,preXDR_XDR,-0.00024650932970261824,0.00010620829776301793,0.017410290099833095,0.9671875,0.020924621436479173,5,0.700259859106817,-0.00030895808514408744,0.00010925615228116534,0.01781235252427966,0.9296875,0.01890885837318347,5,0.6883120518649208,6.24487554414692e-05,-3.0478545181474037e-06,-0.00040206242444656634,0.03749999999999998,0.0020157630632957023,0.011947807241896147
headtohead,hotcold,crisis_idp,low,amatrix_proj,DS,0.0001741039838968441,0.0005171928319182489,0.037810909173409825,0.9546875,0.042358841789409664,5,0.9006843360436767,0.0008218245352121173,0.0004571985338110299,0.03790531773732737,0.9359375,0.0387421273786806,5,0.898868619221755,-0.0006477205513152732,5.9994298107218986e-05,-9.440856391754182e-05,0.018750000000000044,0.003616714410729062,0.0018157168219217201
headtohead,hotcold,crisis_idp,low,amatrix_proj,OtherDR,0.0008909664310461153,7.620815119659497e-05,0.016396571747307,0.9796875,0.02071065939330018,5,0.7233447878825027,0.0007664938118293938,7.395950061418696e-05,0.016786280977218307,0.9453125,0.018938240094804156,5,0.7071063313552013,0.00012447261921672156,2.2486505824080105e-06,-0.00038970922991130724,0.034375000000000044,0.0017724192984960238,0.01623845652730138
headtohead,hotcold,crisis_idp,low,amatrix_proj,RR,-0.0008646198253545876,0.0002678570442354943,0.032824662555414046,0.9703125,0.03885065991569121,5,0.8533683589287084,-0.0012793602618971793,0.0002728914835275709,0.03356656030134917,0.9484375,0.03532719667172457,5,0.8521546391359116,0.0004147404365425917,-5.034439292076571e-06,-0.0007418977459351245,0.021874999999999978,0.003523463243966643,0.0012137197927968302
headtohead,hotcold,crisis_idp,low,amatrix_proj,TVD,0.0436960149975759,0.0021228560418938822,0.047653052652438625,0.0,,5,,0.04432132708006496,0.0022075147885349962,0.04831730709431629,0.0,,5,,-0.0006253120824890601,-8.4658746641114e-05,-0.0006642544418776625,0.0,,
headtohead,hotcold,crisis_idp,low,amatrix_proj,preXDR_XDR,-0.0002004505895882436,0.00010611861183074963,0.017329858171905112,0.9640625,0.020726682204066864,5,0.6985488614328546,-0.00030895808514408744,0.00010925615228116534,0.01781235252427966,0.9296875,0.01890885837318347,5,0.6883120518649208,0.00010850749555584385,-3.1375404504157102e-06,-0.00048249435237454966,0.034375000000000044,0.001817823830883393,0.010236809567933713
headtohead,hotcold,crisis_idp,low,pp,DS,-0.0014594063335979317,0.000511979414030099,0.03836047179253675,0.5515625,0.016705988663050484,5,0.8990854979600593,0.0008218245352121173,0.0004571985338110299,0.03790531773732737,0.9359375,0.0387421273786806,5,0.898868619221755,-0.002281230868810049,5.4780880219069115e-05,0.00045515405520938496,-0.384375,-0.022036138715630118,0.00021687873830433801
headtohead,hotcold,crisis_idp,low,pp,OtherDR,0.0010283799304440537,7.642604259102676e-05,0.01664261429742732,0.65625,0.008410568590149119,5,0.7113265987772105,0.0007664938118293938,7.395950061418696e-05,0.016786280977218307,0.9453125,0.018938240094804156,5,0.7071063313552013,0.0002618861186146599,2.466541976839804e-06,-0.00014366667979098802,-0.2890625,-0.010527671504655037,0.004220267422009205
headtohead,hotcold,crisis_idp,low,pp,RR,0.00027650508374258575,0.00027652901054846176,0.03331696202349519,0.54375,0.013761310534211766,5,0.8510805427479735,-0.0012793602618971793,0.0002728914835275709,0.03356656030134917,0.9484375,0.03532719667172457,5,0.8521546391359116,0.001555865345639765,3.637527020890869e-06,-0.0002495982778539796,-0.4046875000000001,-0.021565886137512806,-0.001074096387938095
headtohead,hotcold,crisis_idp,low,pp,TVD,0.04440745180557642,0.0021959646651397383,0.048350372813059796,0.0,,5,,0.04432132708006496,0.0022075147885349962,0.04831730709431629,0.0,,5,,8.612472551145639e-05,-1.1550123395257916e-05,3.3065718743507944e-05,0.0,,
headtohead,hotcold,crisis_idp,low,pp,preXDR_XDR,0.00015452131941131916,0.00010922626352133504,0.017650026130121777,0.6171875,0.008450735049319206,5,0.6910067320267166,-0.00030895808514408744,0.00010925615228116534,0.01781235252427966,0.9296875,0.01890885837318347,5,0.6883120518649208,0.0004634794045554066,-2.9888759830293786e-08,-0.00016232639415788425,-0.3125,-0.010458123323864265,0.0026946801617957483
headtohead,hotcold,crisis_idp,medium,amatrix,DS,0.0033421796120270465,0.00041142935471623457,0.03734876230950824,0.9703125,0.04282708671270794,5,0.8921854339772949,0.003375384771238831,0.0004087562145670627,0.038332015667680484,0.9328125,0.0387421273786806,5,0.8886884762457242,-3.320515921178451e-05,2.673140149171856e-06,-0.0009832533581722452,0.03749999999999998,0.00408495933402734,0.00349695773157066
headtohead,hotcold,crisis_idp,medium,amatrix,OtherDR,5.630701093404372e-05,7.897223803434903e-05,0.01702573615390544,0.975,0.020997895461865552,5,0.658088452677142,1.5468083048643722e-05,8.257732294638499e-05,0.017716749184152347,0.9484375,0.018938240094804156,5,0.6414848963143789,4.0838927885399996e-05,-3.6050849120359565e-06,-0.0006910130302469064,0.026562499999999933,0.0020596553670613957,0.016603556362763117
headtohead,hotcold,crisis_idp,medium,amatrix,RR,-0.0036311176946752137,0.0003145049276429006,0.03427487195674233,0.9671875,0.039210799369244674,5,0.8356797571420568,-0.0035276936834937166,0.0003254860102171107,0.03508115798308088,0.940625,0.03532719667172457,5,0.8323229953356623,-0.0001034240111814971,-1.0981082574210079e-05,-0.0008062860263385527,0.026562499999999933,0.003883602697520104,0.003356761806394437
headtohead,hotcold,crisis_idp,medium,amatrix,TVD,0.044671021999472836,0.0023311384357147104,0.04846656853192493,0.0,,5,,0.04597606086425526,0.0024617100693733957,0.04979554133149008,0.0,,5,,-0.0013050388647824207,-0.00013057163365868532,-0.001328972799565148,0.0,,
headtohead,hotcold,crisis_idp,medium,amatrix,preXDR_XDR,0.00023263107171431557,8.2875821156182e-05,0.01734900987187062,0.98125,0.021027198511158734,5,0.6963579417046002,0.00013684082920648733,8.923565750719364e-05,0.017924959581013995,0.946875,0.01890885837318347,5,0.6805921420693395,9.579024250782825e-05,-6.359836351011637e-06,-0.0005759497091433752,0.03437499999999993,0.002118340137975263,0.015765799635260702
headtohead,hotcold,crisis_idp,medium,amatrix_proj,DS,0.0008891679461344689,0.0004746811628855848,0.0378401894510143,0.9609375,0.041314053936812256,5,0.8905259391483774,0.003375384771238831,0.0004087562145670627,0.038332015667680484,0.9328125,0.0387421273786806,5,0.8886884762457242,-0.002486216825104362,6.59249483185221e-05,-0.0004918262166661858,0.028124999999999956,0.002571926558131654,0.0018374629026531863
headtohead,hotcold,crisis_idp,medium,amatrix_proj,OtherDR,0.000233582025987103,8.579948364634283e-05,0.016937002592763022,0.9734375,0.020110885073827457,5,0.6540741871324451,1.5468083048643722e-05,8.257732294638499e-05,0.017716749184152347,0.9484375,0.018938240094804156,5,0.6414848963143789,0.00021811394293845928,3.222160699957848e-06,-0.0007797465913893242,0.02499999999999991,0.0011726449790233004,0.012589290818066257
headtohead,hotcold,crisis_idp,medium,amatrix_proj,RR,-0.0015133375244541067,0.0002985566136238584,0.03342038491265915,0.9671875,0.037986674098040324,5,0.8344631741893813,-0.0035276936834937166,0.0003254860102171107,0.03508115798308088,0.940625,0.03532719667172457,5,0.8323229953356623,0.0020143561590396097,-2.6929396593252297e-05,-0.0016607730704217352,0.026562499999999933,0.002659477426315754,0.002140178853718977
headtohead,hotcold,crisis_idp,medium,amatrix_proj,TVD,0.044380824812075996,0.002289440972494375,0.048139315063523355,0.0,,5,,0.04597606086425526,0.0024617100693733957,0.04979554133149008,0.0,,5,,-0.0015952360521792608,-0.0001722690968790205,-0.001656226267966722,0.0,,
headtohead,hotcold,crisis_idp,medium,amatrix_proj,preXDR_XDR,0.0003905875523326957,8.539817691266129e-05,0.017092892822102804,0.975,0.020189041046654456,5,0.6938217776259965,0.00013684082920648733,8.923565750719364e-05,0.017924959581013995,0.946875,0.01890885837318347,5,0.6805921420693395,0.0002537467231262084,-3.837480594532348e-06,-0.0008320667589111902,0.028124999999999956,0.001280182673470985,0.013229635556657016
headtohead,hotcold,crisis_idp,medium,pp,DS,-0.004495413610384078,0.0005816196330422957,0.03965061558271753,0.5375,0.01663785693538614,5,0.885574920426164,0.003375384771238831,0.0004087562145670627,0.038332015667680484,0.9328125,0.0387421273786806,5,0.8886884762457242,-0.007870798381622909,0.00017286341847523297,0.0013185999150370428,-0.39531250000000007,-0.022104270443294462,-0.0031135558195601876
headtohead,hotcold,crisis_idp,medium,pp,OtherDR,0.0009748135429173356,8.887206788726047e-05,0.017311104563914406,0.615625,0.008297569402278134,5,0.6408525671206338,1.5468083048643722e-05,8.257732294638499e-05,0.017716749184152347,0.9484375,0.018938240094804156,5,0.6414848963143789,0.0009593454598686919,6.294744940875483e-06,-0.000405644620237941,-0.33281250000000007,-0.010640670692526022,-0.0006323291937451181
headtohead,hotcold,crisis_idp,medium,pp,RR,0.0019010836120358034,0.00032764551033265965,0.03408823148626952,0.55,0.013718043624474919,5,0.8299796711629407,-0.0035276936834937166,0.0003254860102171107,0.03508115798308088,0.940625,0.03532719667172457,5,0.8323229953356623,0.00542877729552952,2.159500115548967e-06,-0.000992926496811361,-0.390625,-0.02160915304724965,-0.0023433241727216503
headtohead,hotcold,crisis_idp,medium,pp,TVD,0.04586432287802627,0.0024122948830881466,0.04969640257366161,0.0,,5,,0.04597606086425526,0.0024617100693733957,0.04979554133149008,0.0,,5,,-0.000111737986228988,-4.941518628524908e-05,-9.913875782846526e-05,0.0,,
headtohead,hotcold,crisis_idp,medium,pp,preXDR_XDR,0.0016195164554309385,9.506361701934539e-05,0.017613428856100007,0.6218750000000001,0.008388632336531294,5,0.6787197755409518,0.00013684082920648733,8.923565750719364e-05,0.017924959581013995,0.946875,0.01890885837318347,5,0.6805921420693395,0.0014826756262244511,5.82795951215175e-06,-0.0003115307249139873,-0.32499999999999996,-0.010520226036652177,-0.0018723665283877367
headtohead,hotcold,distance,high,amatrix,DS,0.004870807538069803,0.0009779839109537018,0.038349598033305114,0.8078125,0.02779591888605367,5,0.9059593023255813,0.0012867246191016837,0.0010751815879592164,0.045980940360102404,0.878125,0.0387421273786806,5,0.8541647592016114,0.003584082918968119,-9.719767700551462e-05,-0.00763134232679729,-0.0703125,-0.010946208492626931,0.051794543123969916
headtohead,hotcold,distance,high,amatrix,OtherDR,-0.0003063757110273452,4.150964664423834e-05,0.013695822164641339,0.9328125,0.01346911496877013,5,0.6701510460486673,0.00045037505375719773,7.100690059821462e-05,0.017557208517828094,0.9453125,0.018938240094804156,5,0.5604435496948614,-0.0007567507647845429,-2.9497253953976282e-05,-0.0038613863531867555,-0.012499999999999956,-0.005469125126034027,0.10970749635380583
headtohead,hotcold,distance,high,amatrix,RR,-0.003669801415298436,0.000499284408649716,0.030537640323208173,0.8718750000000001,0.02567254140346754,5,0.8507509450489759,-0.001683222960485331,0.0006949442156856542,0.039378856447007664,0.89375,0.03532719667172457,5,0.7937764495312372,-0.001986578454813105,-0.00019565980703593823,-0.00884121612379949,-0.021874999999999978,-0.00965465526825703,0.0569744955177387
headtohead,hotcold,distance,high,amatrix,TVD,0.04092638325236768,0.0017806410791564994,0.04474919015486948,0.0,,5,,0.0512744993017972,0.002880402715244614,0.05583367320667168,0.0,,5,,-0.01034811604942952,-0.0010997616360881148,-0.0110844830518022,0.0,,
headtohead,hotcold,distance,high,amatrix,preXDR_XDR,-0.0008946304117439478,7.935970798667306e-05,0.014303101180143307,0.91875,0.013496341700786337,5,0.6654454684644919,-5.387671237330572e-05,9.868373113455359e-05,0.018143429244415022,0.93125,0.01890885837318347,5,0.5629520988713261,-0.0008407536993706421,-1.9324023147880538e-05,-0.003840328064271715,-0.012500000000000067,-0.005412516672397134,0.1024933695931658
headtohead,hotcold,distance,high,amatrix_proj,DS,0.01667305907723315,0.0003926537694252347,0.027524633607362316,0.790625,0.018643604241367764,5,0.9126442043581762,0.0012867246191016837,0.0010751815879592164,0.045980940360102404,0.878125,0.0387421273786806,5,0.8541647592016114,0.015386334458131467,-0.0006825278185339817,-0.018456306752740088,-0.08750000000000002,-0.02009852313731284,0.05847944515656478
headtohead,hotcold,distance,high,amatrix_proj,OtherDR,-0.0031786140111844108,4.327521640315964e-05,0.012477862889403096,0.8609375,0.009310743983250684,5,0.6790201918688996,0.00045037505375719773,7.100690059821462e-05,0.017557208517828094,0.9453125,0.018938240094804156,5,0.5604435496948614,-0.0036289890649416085,-2.7731684195054978e-05,-0.0050793456284249985,-0.08437499999999998,-0.009627496111553472,0.11857664217403818
headtohead,hotcold,distance,high,amatrix_proj,RR,-0.009561664155212467,0.0001676413748987447,0.02151542298212617,0.8421875,0.015968789803339108,5,0.8618850143125801,-0.001683222960485331,0.0006949442156856542,0.039378856447007664,0.89375,0.03532719667172457,5,0.7937764495312372,-0.007878441194727135,-0.0005273028407869095,-0.017863433464881492,-0.05156250000000007,-0.019358406868385462,0.06810856478134297
headtohead,hotcold,distance,high,amatrix_proj,TVD,0.030806724484810928,0.0010214028133947628,0.03372678520309582,0.0,,5,,0.0512744993017972,0.002880402715244614,0.05583367320667168,0.0,,5,,-0.02046777481698627,-0.0018589999018498514,-0.02210688800357586,0.0,,
headtohead,hotcold,distance,high,amatrix_proj,preXDR_XDR,-0.003932780910836124,4.325921862419678e-05,0.011929701340558636,0.8796875,0.00930296788867129,5,0.6819368636200901,-5.387671237330572e-05,9.868373113455359e-05,0.018143429244415022,0.93125,0.01890885837318347,5,0.5629520988713261,-0.003878904198462818,-5.542451251035681e-05,-0.006213727903856386,-0.05156250000000007,-0.009605890484512181,0.11898476474876396
headtohead,hotcold,distance,high,pp,DS,-0.00408259945768825,0.0001848724162496273,0.024592690292197607,0.5984375,0.011440833771041586,5,0.9146962552646034,0.0012867246191016837,0.0010751815879592164,0.045980940360102404,0.878125,0.0387421273786806,5,0.8541647592016114,-0.005369324076789934,-0.0008903091717095891,-0.021388250067904797,-0.2796875000000001,-0.027301293607639016,0.06053149606299202
headtohead,hotcold,distance,high,pp,OtherDR,0.0001557657131420402,3.391452938258064e-05,0.012338480115908072,0.5828125,0.005443276067960648,5,0.6891940385099182,0.00045037505375719773,7.100690059821462e-05,0.017557208517828094,0.9453125,0.018938240094804156,5,0.5604435496948614,-0.00029460934061515754,-3.709237121563398e-05,-0.005218728401920022,-0.36250000000000004,-0.013494964026843508,0.1287504888150568
headtohead,hotcold,distance,high,pp,RR,0.003343732413028752,0.00010593625051297118,0.020580071205423364,0.5859375,0.009286700139610799,5,0.8634918611739669,-0.001683222960485331,0.0006949442156856542,0.039378856447007664,0.89375,0.03532719667172457,5,0.7937764495312372,0.005026955373514083,-0.000589007965172683,-0.0187987852415843,-0.30781250000000004,-0.026040496532113773,0.06971541164272976
headtohead,hotcold,distance,high,pp,TVD,0.029104850492708,0.0008917317385953322,0.031595152081991956,0.0,,5,,0.0512744993017972,0.002880402715244614,0.05583367320667168,0.0,,5,,-0.0221696488090892,-0.001988670976649282,-0.024238521124679724,0.0,,
headtohead,hotcold,distance,high,pp,preXDR_XDR,0.0005831013315173979,2.8751602590401066e-05,0.011622754565918148,0.621875,0.005514557263843035,5,0.6824564639859754,-5.387671237330572e-05,9.868373113455359e-05,0.018143429244415022,0.93125,0.01890885837318347,5,0.5629520988713261,0.0006369780438907036,-6.993212854415253e-05,-0.006520674678496874,-0.30937500000000007,-0.013394301109340437,0.11950436511464924
headtohead,hotcold,distance,low,amatrix,DS,0.0007607123091420795,0.0003766379046924996,0.03454817745633839,0.9765625,0.040473570265965694,5,0.9033945248123054,-0.00011942180674462847,0.00037691607792830306,0.03673746625009369,0.9375,0.0387421273786806,5,0.8935565830433987,0.000880134115886708,-2.7817323580345537e-07,-0.002189288793755302,0.0390625,0.0017314428872850923,0.009837941768906733
headtohead,hotcold,distance,low,amatrix,OtherDR,-0.0003124307470965903,7.156158056892066e-05,0.016078655893022997,0.9703125,0.019771397131318667,5,0.7064820781977443,-0.0002204588293515173,7.857740941177052e-05,0.017418536184038644,0.94375,0.018938240094804156,5,0.6635326015753307,-9.197191774507302e-05,-7.015828842849863e-06,-0.0013398802910156472,0.026562500000000044,0.0008331570365145112,0.04294947662241366
headtohead,hotcold,distance,low,amatrix,RR,-0.0012482810227853237,0.00024837526359900927,0.03203580894019971,0.9703125,0.037263540340497225,5,0.8490485315495832,-0.0006440708178234199,0.0002848525428807272,0.034114298107544516,0.940625,0.03532719667172457,5,0.8365914366089948,-0.0006042102049619038,-3.6477279281717906e-05,-0.0020784891673448075,0.029687499999999978,0.0019363436687726554,0.012457094940588331
headtohead,hotcold,distance,low,amatrix,TVD,0.041558086094956,0.001933694757189348,0.04515523008852454,0.0,,5,,0.04440312435545674,0.0022299271527722675,0.04826782490140354,0.0,,5,,-0.00284503826050074,-0.0002962323955829195,-0.0031125948128790035,0.0,,
headtohead,hotcold,distance,low,amatrix,preXDR_XDR,0.0007999994607399302,7.004431571812869e-05,0.015845146107382302,0.98125,0.019746861496983546,5,0.7145735082820713,0.0009839514539198091,7.868436937018138e-05,0.017043120156909626,0.9609375,0.01890885837318347,5,0.6890292569834457,-0.00018395199317987896,-8.640053652052689e-06,-0.0011979740495273242,0.020312499999999956,0.0008380031238000747,0.025544251298625587
headtohead,hotcold,distance,low,amatrix_proj,DS,0.004436645405206641,0.0004884541008066121,0.03480304433483405,0.9484375,0.03682869421910999,5,0.9041166910822194,-0.00011942180674462847,0.00037691607792830306,0.03673746625009369,0.9375,0.0387421273786806,5,0.8935565830433987,0.0045560672119512695,0.00011153802287830906,-0.0019344219152596445,0.010937500000000044,-0.0019134331595706128,0.010560108038820681
headtohead,hotcold,distance,low,amatrix_proj,OtherDR,-0.001316089270217685,8.10376719209375e-05,0.015877176548070072,0.9546875,0.017916147958581558,5,0.7007745509903257,-0.0002204588293515173,7.857740941177052e-05,0.017418536184038644,0.94375,0.018938240094804156,5,0.6635326015753307,-0.0010956304408661676,2.4602625091669784e-06,-0.001541359635968572,0.010937500000000044,-0.001022092136222598,0.037241949414995035
headtohead,hotcold,distance,low,amatrix_proj,RR,-0.002999962294386431,0.0002367384359045395,0.030498285888396606,0.965625,0.03359082423201277,5,0.8524522146550065,-0.0006440708178234199,0.0002848525428807272,0.034114298107544516,0.940625,0.03532719667172457,5,0.8365914366089948,-0.002355891476563011,-4.811410697618768e-05,-0.00361601221914791,0.02499999999999991,-0.0017363724397118016,0.015860778046011714
headtohead,hotcold,distance,low,amatrix_proj,TVD,0.04086090606343978,0.001876427494022998,0.04432137603565903,0.0,,5,,0.04440312435545674,0.0022299271527722675,0.04826782490140354,0.0,,5,,-0.003542218292016966,-0.0003534996587492695,-0.003946448865744516,0.0,,
headtohead,hotcold,distance,low,amatrix_proj,preXDR_XDR,-0.00012059384060236379,7.070054346937307e-05,0.015457888992084886,0.9703125,0.017932628175108305,5,0.7169792104416916,0.0009839514539198091,7.868436937018138e-05,0.017043120156909626,0.9609375,0.01890885837318347,5,0.6890292569834457,-0.0011045452945221729,-7.98382590080831e-06,-0.00158523116482474,0.009375000000000022,-0.0009762301980751655,0.027949953458245802
headtohead,hotcold,distance,low,pp,DS,-0.0017009739267230424,0.000682818577918132,0.036349036042782265,0.5265625,0.014937614531781456,5,0.906966443874748,-0.00011942180674462847,0.00037691607792830306,0.03673746625009369,0.9375,0.0387421273786806,5,0.8935565830433987,-0.0015815521199784139,0.000305902499989829,-0.0003884302073114271,-0.41093749999999996,-0.023804512846899148,0.013409860831349318
headtohead,hotcold,distance,low,pp,OtherDR,-0.0003954039745921306,8.550225765062913e-05,0.01563067103346309,0.6,0.007199263383967579,5,0.7118336635877242,-0.0002204588293515173,7.857740941177052e-05,0.017418536184038644,0.94375,0.018938240094804156,5,0.6635326015753307,-0.0001749451452406133,6.924848238858605e-06,-0.001787865150575555,-0.34375,-0.011738976710836577,0.04830106201239348
headtohead,hotcold,distance,low,pp,RR,0.0009259935397331241,0.0002734052360678792,0.029803451048653617,0.5234375,0.012106506375017218,5,0.8573746227505217,-0.0006440708178234199,0.0002848525428807272,0.034114298107544516,0.940625,0.03532719667172457,5,0.8365914366089948,0.0015700643575565442,-1.1447306812847956e-05,-0.004310847058890899,-0.41718750000000004,-0.023220690296707352,0.020783186141526855
headtohead,hotcold,distance,low,pp,TVD,0.04105636714722507,0.0018489040567835529,0.0446568965525479,0.0,,5,,0.04440312435545674,0.0022299271527722675,0.04826782490140354,0.0,,5,,-0.0033467572082316738,-0.00038102309598871467,-0.003610928348855645,0.0,,
headtohead,hotcold,distance,low,pp,preXDR_XDR,0.0011703843615820473,7.619599046989203e-05,0.015311773096428796,0.6125,0.007262658791791977,5,0.7250088870350592,0.0009839514539198091,7.868436937018138e-05,0.017043120156909626,0.9609375,0.01890885837318347,5,0.6890292569834457,0.00018643290766223817,-2.4883789002893523e-06,-0.0017313470604808298,-0.34843749999999996,-0.011646199581391493,0.03597963005161342
headtohead,hotcold,distance,medium,amatrix,DS,0.003471223936308128,0.00031462243771792,0.03147163947103195,0.959375,0.03396930672211104,5,0.9152003457358976,0.0007500378200834715,0.0005058184686524928,0.03831784270720963,0.9390625,0.0387421273786806,5,0.8801088785387174,0.0027211861162246566,-0.0001911960309345728,-0.006846203236177677,0.020312499999999956,-0.00477282065656956,0.03509146719718015
headtohead,hotcold,distance,medium,amatrix,OtherDR,-0.0008354769188496064,4.031776416710053e-05,0.01361709314130001,0.9703125,0.01647184303121257,5,0.7227832868750707,-0.00015203582132947082,5.4789688651933384e-05,0.01628011354778342,0.965625,0.018938240094804156,5,0.6399297440238013,-0.0006834410975201355,-1.4471924484832855e-05,-0.0026630204064834115,0.004687500000000067,-0.0024663970635915855,0.08285354285126934
headtohead,hotcold,distance,medium,amatrix,RR,-0.0025417760024188203,0.00025857729967830015,0.028147313066510995,0.9734375,0.03165257162547682,5,0.870584524157513,-0.001210719955598889,0.00043161713293848127,0.03456104277473047,0.940625,0.03532719667172457,5,0.8283377721262074,-0.0013310560468199313,-0.00017303983326018112,-0.006413729708219473,0.03281249999999991,-0.0036746250462477495,0.04224675203130557
headtohead,hotcold,distance,medium,amatrix,TVD,0.036675331463682834,0.001461266821304904,0.039786166569691736,0.0,,5,,0.04429388270198567,0.0022141804847982524,0.04833797832160776,0.0,,5,,-0.007618551238302837,-0.0007529136634933484,-0.008551811751916022,0.0,,
headtohead,hotcold,distance,medium,amatrix,preXDR_XDR,-9.397101503964451e-05,5.666526423420924e-05,0.013663317213045265,0.9765625,0.016446122322714595,5,0.7320404475033195,0.000612717956845134,8.665619911118124e-05,0.017056760346305457,0.959375,0.01890885837318347,5,0.6442106141833671,-0.0007066889718847785,-2.9990934876972002e-05,-0.0033934431332601923,0.017187500000000022,-0.0024627360504688757,0.08782983331995242
headtohead,hotcold,distance,medium,amatrix_proj,DS,0.01261441604852114,0.0004597114395570428,0.030753178312450467,0.8828125,0.025250736575935285,5,0.9190274859051192,0.0007500378200834715,0.0005058184686524928,0.03831784270720963,0.9390625,0.0387421273786806,5,0.8801088785387174,0.011864378228437668,-4.610702909544999e-05,-0.007564664394759162,-0.05625000000000002,-0.013491390802745317,0.038918607366401736
headtohead,hotcold,distance,medium,amatrix_proj,OtherDR,-0.0030396887770742587,5.921944955638131e-05,0.013218375950558218,0.9234375,0.01234445972154625,5,0.7228325123165019,-0.00015203582132947082,5.4789688651933384e-05,0.01628011354778342,0.965625,0.018938240094804156,5,0.6399297440238013,-0.002887652955744788,4.429760904447924e-06,-0.0030617375972252035,-0.04218749999999993,-0.006593780373257906,0.0829027682927006
headtohead,hotcold,distance,medium,amatrix_proj,RR,-0.007198917942856793,0.00018978323033438824,0.02392033158842143,0.9296875,0.02246978935610218,5,0.8808281888675804,-0.001210719955598889,0.00043161713293848127,0.03456104277473047,0.940625,0.03532719667172457,5,0.8283377721262074,-0.005988197987257904,-0.00024183390260409303,-0.010640711186309038,-0.010937500000000044,-0.01285740731562239,0.052490416741373
headtohead,hotcold,distance,medium,amatrix_proj,TVD,0.03411068875109569,0.0013004027094439662,0.03691701658346313,0.0,,5,,0.04429388270198567,0.0022141804847982524,0.04833797832160776,0.0,,5,,-0.010183193950889978,-0.0009137777753542861,-0.011420961738144629,0.0,,
headtohead,hotcold,distance,medium,amatrix_proj,preXDR_XDR,-0.002375809328590047,5.835444518063105e-05,0.012722486109897834,0.94375,0.012347517388754527,5,0.7333039509863009,0.000612717956845134,8.665619911118124e-05,0.017056760346305457,0.959375,0.01890885837318347,5,0.6442106141833671,-0.002988527285435181,-2.830175393055019e-05,-0.0043342742364076235,-0.015625,-0.0065613409844289435,0.08909333680293374
headtohead,hotcold,distance,medium,pp,DS,-0.003225639786887836,0.00047583858576256955,0.03084187053898401,0.53125,0.012440872167167836,5,0.9246800729188797,0.0007500378200834715,0.0005058184686524928,0.03831784270720963,0.9390625,0.0387421273786806,5,0.8801088785387174,-0.003975677606971307,-2.9979882889923245e-05,-0.007475972168225618,-0.4078125,-0.026301255211512768,0.044571194380162216
headtohead,hotcold,distance,medium,pp,OtherDR,-0.0004213355851253591,5.571174706027042e-05,0.01314670764832844,0.5921875,0.005939315248193322,5,0.7378732926273913,-0.00015203582132947082,5.4789688651933384e-05,0.01628011354778342,0.965625,0.018938240094804156,5,0.6399297440238013,-0.00026929976379588827,9.220584083370343e-07,-0.0031334058994549815,-0.3734375,-0.012998924846610834,0.09794354860359
headtohead,hotcold,distance,medium,pp,RR,0.002558408313221418,0.00019920161887957414,0.02371636736252012,0.571875,0.010096832369110274,5,0.8883788942407438,-0.001210719955598889,0.00043161713293848127,0.03456104277473047,0.940625,0.03532719667172457,5,0.8283377721262074,0.003769128268820307,-0.00023241551405890713,-0.010844675412210347,-0.36875,-0.025230364302614296,0.06004112211453638
headtohead,hotcold,distance,medium,pp,TVD,0.033860058808600914,0.001244029810671286,0.03692249394762048,0.0,,5,,0.04429388270198567,0.0022141804847982524,0.04833797832160776,0.0,,5,,-0.010433823893384757,-0.0009701506741269664,-0.011415484373987275,0.0,,
headtohead,hotcold,distance,medium,pp,preXDR_XDR,0.0010885670587917722,5.4347274347758703e-05,0.012557963397448461,0.625,0.006006917923311788,5,0.751832536204901,0.000612717956845134,8.665619911118124e-05,0.017056760346305457,0.959375,0.01890885837318347,5,0.6442106141833671,0.0004758491019466382,-3.230892476342254e-05,-0.004498796948856996,-0.334375,-0.012901940449871682,0.10762192202153387
headtohead,hotcold,into_urban,high,amatrix,DS,-0.004677569817471482,0.0008225777693623236,0.05263039503699605,0.928125,0.05203572848315767,5,0.844597330526085,-0.0007035042332207723,0.0011546132869991103,0.05571755340089257,0.7796875,0.0387421273786806,5,0.8194582126536277,-0.00397406558425071,-0.0003320355176367867,-0.0030871583638965236,0.1484375,0.013293601104477068,0.02513911787245726
headtohead,hotcold,into_urban,high,amatrix,OtherDR,0.002105748174187175,0.00017031998652380483,0.025029756738163565,0.971875,0.02625678235098122,5,0.5095535347816773,0.0011001309795494658,0.00017707574818786023,0.025507624023427624,0.8046875,0.018938240094804156,5,0.49542870050932236,0.001005617194637709,-6.755761664055393e-06,-0.0004778672852640588,0.16718750000000004,0.007318542256177063,0.014124834272354947
headtohead,hotcold,into_urban,high,amatrix,RR,-3.631361310034956e-05,0.0005341998188887162,0.04568588817064342,0.940625,0.04644786809127279,5,0.7689592762178252,-0.0018548587988199807,0.0006490023721313941,0.04693402703937899,0.8109375,0.03532719667172457,5,0.7516529372490167,0.001818545185719631,-0.00011480255324267791,-0.0012481388687355724,0.12968750000000007,0.011120671419548221,0.01730633896880851
headtohead,hotcold,into_urban,high,amatrix,TVD,0.06317131238856263,0.004687959253157165,0.06790021699963097,0.0,,5,,0.06574282871778162,0.004967779675683326,0.07041903410857063,0.0,,5,,-0.0025715163292189813,-0.0002798204225261617,-0.0025188171089396555,0.0,,
headtohead,hotcold,into_urban,high,amatrix,preXDR_XDR,0.002608135256384944,0.00017095337833195732,0.025395998126682588,0.9671875,0.026266206274065316,5,0.5794900624008661,0.0014582320524915316,0.0001888007288532663,0.025954770736278283,0.7859375000000001,0.01890885837318347,5,0.5651157558076023,0.0011499032038934122,-1.784735052130898e-05,-0.0005587726095956959,0.1812499999999999,0.007357347900881845,0.014374306593263775
headtohead,hotcold,into_urban,high,amatrix_proj,DS,0.0005990154368002809,0.000902916473730312,0.052393878237284336,0.9140625,0.050059498118891,5,0.8469486607021606,-0.0007035042332207723,0.0011546132869991103,0.05571755340089257,0.7796875,0.0387421273786806,5,0.8194582126536277,0.0013025196700210532,-0.00025169681326879837,-0.0033236751636082362,0.13437500000000002,0.0113173707402104,0.027490448048532845
headtohead,hotcold,into_urban,high,amatrix_proj,OtherDR,0.0009758740454463114,0.000171826975104606,0.024760334030035965,0.95625,0.024987774893025113,5,0.508205251743086,0.0011001309795494658,0.00017707574818786023,0.025507624023427624,0.8046875,0.018938240094804156,5,0.49542870050932236,-0.00012425693410315442,-5.24877308325422e-06,-0.0007472899933916588,0.15156250000000004,0.006049534798220957,0.012776551233763589
headtohead,hotcold,into_urban,high,amatrix_proj,RR,-0.002794418253768232,0.0005225514443259557,0.04421065235540476,0.9328125,0.044644913941669626,5,0.7740413546290231,-0.0018548587988199807,0.0006490023721313941,0.04693402703937899,0.8109375,0.03532719667172457,5,0.7516529372490167,-0.0009395594549482513,-0.00012645092780543845,-0.002723374683974232,0.12187500000000007,0.009317717269945056,0.02238841738000641
headtohead,hotcold,into_urban,high,amatrix_proj,TVD,0.062166856440748874,0.004559537581585826,0.06674714808101002,0.0,,5,,0.06574282871778162,0.004967779675683326,0.07041903410857063,0.0,,5,,-0.0035759722770327407,-0.00040824209409750026,-0.0036718860275606058,0.0,,
headtohead,hotcold,into_urban,high,amatrix_proj,preXDR_XDR,0.0012195287715219374,0.00017339649307515536,0.025071505202004084,0.9625,0.025033797991586147,5,0.5813850177131754,0.0014582320524915316,0.0001888007288532663,0.025954770736278283,0.7859375000000001,0.01890885837318347,5,0.5651157558076023,-0.0002387032809695942,-1.5404235778110933e-05,-0.0008832655342741989,0.17656249999999996,0.006124939618402676,0.016269261905573096
headtohead,hotcold,into_urban,high,pp,DS,-0.0004172584857129578,0.0009365484502845198,0.05379201350251151,0.4109375,0.01685824714469501,5,0.8343015676265585,-0.0007035042332207723,0.0011546132869991103,0.05571755340089257,0.7796875,0.0387421273786806,5,0.8194582126536277,0.0002862457475078145,-0.00021806483671459053,-0.001925539898381061,-0.36874999999999997,-0.021883880233985593,0.014843354972930767
headtohead,hotcold,into_urban,high,pp,OtherDR,0.0010527943393769412,0.00017067006578319957,0.025122597488463343,0.44375000000000003,0.008534240521850481,5,0.49942574594729966,0.0011001309795494658,0.00017707574818786023,0.025507624023427624,0.8046875,0.018938240094804156,5,0.49542870050932236,-4.733664017252462e-05,-6.405682404660656e-06,-0.0003850265349642813,-0.36093749999999997,-0.010403999572953675,0.003997045437977298
headtohead,hotcold,into_urban,high,pp,RR,-0.0020474139350584145,0.000562867616140755,0.045616000648529144,0.4171875,0.013850211196646976,5,0.7620162517209774,-0.0018548587988199807,0.0006490023721313941,0.04693402703937899,0.8109375,0.03532719667172457,5,0.7516529372490167,-0.0001925551362384338,-8.61347559906391e-05,-0.0013180263908498455,-0.39375,-0.021476985475077592,0.010363314471960705
headtohead,hotcold,into_urban,high,pp,TVD,0.06385102383816897,0.004733494968532635,0.06847190715524179,0.0,,5,,0.06574282871778162,0.004967779675683326,0.07041903410857063,0.0,,5,,-0.0018918048796126435,-0.0002342847071506917,-0.00194712695332884,0.0,,
headtohead,hotcold,into_urban,high,pp,preXDR_XDR,0.001411878081394489,0.00017880289521050565,0.02555414825002672,0.4296875,0.008548385925236827,5,0.570112830092572,0.0014582320524915316,0.0001888007288532663,0.025954770736278283,0.7859375000000001,0.01890885837318347,5,0.5651157558076023,-4.6353971097042685e-05,-9.99783364276065e-06,-0.0004006224862515631,-0.35625000000000007,-0.010360472447946644,0.004997074284969649
headtohead,hotcold,into_urban,low,amatrix,DS,-0.000503126013070634,0.0005207804748667736,0.03903664708158814,0.9546875,0.043593864986853546,5,0.8950917790521791,-8.997306987676858e-05,0.0005550165988823976,0.040081655436212185,0.9125,0.0387421273786806,5,0.8901510560429156,-0.0004131529431938654,-3.423612401562404e-05,-0.0010450083546240455,0.042187500000000044,0.004851737608172944,0.004940723009263515
headtohead,hotcold,into_urban,low,amatrix,OtherDR,0.0008452831431969869,8.548114459766846e-05,0.017070300088936962,0.9828125,0.02140407271844044,5,0.7074647376372846,0.0006544677717866769,8.734046684357321e-05,0.017477645847330425,0.946875,0.018938240094804156,5,0.6934036366476815,0.00019081537141030995,-1.8593222459047483e-06,-0.00040734575839346254,0.035937499999999956,0.0024658326236362826,0.014061100989603115
headtohead,hotcold,into_urban,low,amatrix,RR,-0.0015942544862182471,0.00033517643637212107,0.034824261241306574,0.9625,0.03981981052114254,5,0.8383903351493117,-0.0015996574286428812,0.0003459895368345234,0.0353198839932377,0.93125,0.03532719667172457,5,0.8357820647345102,5.402942424634046e-06,-1.081310046240232e-05,-0.0004956227519311227,0.03125,0.004492613849417973,0.0026082704148014946
headtohead,hotcold,into_urban,low,amatrix,TVD,0.045359167662799,0.002328361094519853,0.04945400435247917,0.0,,5,,0.046501702497604505,0.002444764077857322,0.050658041366336386,0.0,,5,,-0.001142534834805503,-0.000116402983337469,-0.001204037013857219,0.0,,
headtohead,hotcold,into_urban,low,amatrix,preXDR_XDR,0.0012520973560920764,8.3166938555646e-05,0.017733926740925495,0.9734375,0.02152820901150432,5,0.6870391855162816,0.0010351627267332184,9.069655504497686e-05,0.01826475739526633,0.940625,0.01890885837318347,5,0.6749197101491929,0.000216934629358858,-7.529616489330859e-06,-0.0005308306543408345,0.03281249999999991,0.0026193506383208505,0.012119475367088683
headtohead,hotcold,into_urban,low,amatrix_proj,DS,0.0006777919669504219,0.0005630485210499796,0.0390320731355693,0.9453125,0.04293871565870389,5,0.896279176679424,-8.997306987676858e-05,0.0005550165988823976,0.040081655436212185,0.9125,0.0387421273786806,5,0.8901510560429156,0.0007677650368271905,8.031922167581911e-06,-0.0010495823006428859,0.03281250000000002,0.00419658828002329,0.006128120636508472
headtohead,hotcold,into_urban,low,amatrix_proj,OtherDR,0.0006227808864344665,8.739025014937325e-05,0.016895167137579638,0.98125,0.021018541685267424,5,0.7095162179537745,0.0006544677717866769,8.734046684357321e-05,0.017477645847330425,0.946875,0.018938240094804156,5,0.6934036366476815,-3.1686885352210444e-05,4.9783305800036844e-08,-0.0005824787097507868,0.03437499999999993,0.0020803015904632682,0.016112581306093055
headtohead,hotcold,into_urban,low,amatrix_proj,RR,-0.0022102938881320513,0.000330143631681611,0.03426111587405628,0.971875,0.03927643540397599,5,0.8401265111851751,-0.0015996574286428812,0.0003459895368345234,0.0353198839932377,0.93125,0.03532719667172457,5,0.8357820647345102,-0.0006106364594891701,-1.5845905152912375e-05,-0.0010587681191814163,0.04062500000000002,0.00394923873225142,0.004344446450664896
headtohead,hotcold,into_urban,low,amatrix_proj,TVD,0.04499236771671572,0.0023107758871332177,0.0491008059448479,0.0,,5,,0.046501702497604505,0.002444764077857322,0.050658041366336386,0.0,,5,,-0.0015093347808887853,-0.0001339881907241043,-0.001557235421488487,0.0,,
headtohead,hotcold,into_urban,low,amatrix_proj,preXDR_XDR,0.0009097210347473572,8.534350940168385e-05,0.017559727717159395,0.971875,0.02102416890595785,5,0.6849980047644859,0.0010351627267332184,9.069655504497686e-05,0.01826475739526633,0.940625,0.01890885837318347,5,0.6749197101491929,-0.0001254416919858612,-5.353045643293006e-06,-0.0007050296781069346,0.03125,0.002115310532774379,0.010078294615292971
headtohead,hotcold,into_urban,low,pp,DS,-4.570629230092115e-05,0.0005360260059848252,0.03969479630436753,0.5484375,0.016767606647874262,5,0.8917739291219441,-8.997306987676858e-05,0.0005550165988823976,0.040081655436212185,0.9125,0.0387421273786806,5,0.8901510560429156,4.426677757584743e-05,-1.8990592897572488e-05,-0.00038685913184465653,-0.36406249999999996,-0.02197452073080634,0.0016228730790285306
headtohead,hotcold,into_urban,low,pp,OtherDR,0.0006435247168129992,8.715529612666502e-05,0.017407863272436236,0.6296875,0.008489012570547932,5,0.6940994799751479,0.0006544677717866769,8.734046684357321e-05,0.017477645847330425,0.946875,0.018938240094804156,5,0.6934036366476815,-1.0943054973677757e-05,-1.8517071690819255e-07,-6.978257489418868e-05,-0.31718750000000007,-0.010449227524256224,0.0006958433274664166
headtohead,hotcold,into_urban,low,pp,RR,-0.0016148713312846117,0.00033754161887485686,0.03504032582416332,0.521875,0.013761967161114093,5,0.8366192518627541,-0.0015996574286428812,0.0003459895368345234,0.0353198839932377,0.93125,0.03532719667172457,5,0.8357820647345102,-1.521390264173049e-05,-8.447917959666527e-06,-0.0002795581690743787,-0.40937500000000004,-0.021565229510610476,0.000837187128243877
headtohead,hotcold,into_urban,low,pp,TVD,0.04612047525307387,0.0024170737784215347,0.05026185305906472,0.0,,5,,0.046501702497604505,0.002444764077857322,0.050658041366336386,0.0,,5,,-0.00038122724453063667,-2.7690299435787283e-05,-0.00039618830727166515,0.0,,
headtohead,hotcold,into_urban,low,pp,preXDR_XDR,0.0010170529067725345,8.938150918588678e-05,0.018176368150954737,0.6078125,0.008500860701480588,5,0.6750473188802734,0.0010351627267332184,9.069655504497686e-05,0.01826475739526633,0.940625,0.01890885837318347,5,0.6749197101491929,-1.8109819960683863e-05,-1.3150458590900817e-06,-8.838924431159301e-05,-0.33281250000000007,-0.010407997671702883,0.0001276087310804197
headtohead,hotcold,into_urban,medium,amatrix,DS,-0.0021196330050228004,0.0006597262395112309,0.04346441480743187,0.9484375,0.04640047518558383,5,0.8734977233198528,0.00022726392526526047,0.0009092305930305825,0.04598964654444258,0.853125,0.0387421273786806,5,0.8557176464037068,-0.002346896930288061,-0.0002495043535193516,-0.002525231737010712,0.09531250000000002,0.007658347806903228,0.017780076916145915
headtohead,hotcold,into_urban,medium,amatrix,OtherDR,-0.0002697119326573727,0.0001313586196216642,0.020187412465954454,0.9609375,0.023014102615185425,5,0.6653772583754956,-0.0008347142331924658,0.00014933872371123073,0.02079806346511749,0.8890625,0.018938240094804156,5,0.6396915994382746,0.0005650023005350931,-1.7980104089566516e-05,-0.0006106509991630378,0.07187500000000002,0.004075862520381269,0.025685658937220968
headtohead,hotcold,into_urban,medium,amatrix,RR,0.0012755039926784348,0.00044034359992644364,0.03763337065699181,0.9625,0.04202412660456045,5,0.8270731361575978,0.00025444481166939976,0.0004774061784804128,0.03812713698604864,0.8953125,0.03532719667172457,5,0.8177170103835776,0.001021059181009035,-3.706257855396914e-05,-0.00049376632905683,0.06718750000000007,0.006696929932835882,0.00935612577402023
headtohead,hotcold,into_urban,medium,amatrix,TVD,0.05095041178983995,0.0029162914364946266,0.05546434345519221,0.0,,5,,0.052759310154204625,0.0031064506994240714,0.057441381340873725,0.0,,5,,-0.0018088983643646736,-0.00019015926292944478,-0.001977037885681515,0.0,,
headtohead,hotcold,into_urban,medium,amatrix,preXDR_XDR,0.0011138409450018477,0.00012342428723133685,0.020185242263174866,0.965625,0.023043393421414145,5,0.6562862098585928,0.0003530054962580508,0.00013932299120416735,0.020724660739735074,0.890625,0.01890885837318347,5,0.6365009549567999,0.0007608354487437969,-1.58987039728305e-05,-0.0005394184765602078,0.07499999999999996,0.004134535048230675,0.019785254901792837
headtohead,hotcold,into_urban,medium,amatrix_proj,DS,0.001502999772971538,0.0007482414451731496,0.04331818823264116,0.9328125,0.044569572099528665,5,0.8799754816910866,0.00022726392526526047,0.0009092305930305825,0.04598964654444258,0.853125,0.0387421273786806,5,0.8557176464037068,0.0012757358477062776,-0.00016098914785743284,-0.0026714583118014265,0.07968750000000002,0.005827444720848063,0.024257835287379792
headtohead,hotcold,into_urban,medium,amatrix_proj,OtherDR,-0.000996231140770339,0.00014264726808225627,0.020042245919670073,0.95,0.021954132700224577,5,0.666175538582076,-0.0008347142331924658,0.00014933872371123073,0.02079806346511749,0.8890625,0.018938240094804156,5,0.6396915994382746,-0.0001615169075778731,-6.691455628974458e-06,-0.0007558175454474188,0.06093749999999998,0.0030158926054204213,0.026483939143801427
headtohead,hotcold,into_urban,medium,amatrix_proj,RR,-0.0006571578983844185,0.0004017550966075518,0.03611152333012403,0.959375,0.04043568143231743,5,0.8323388974758302,0.00025444481166939976,0.0004774061784804128,0.03812713698604864,0.8953125,0.03532719667172457,5,0.8177170103835776,-0.0009116027100538183,-7.565108187286096e-05,-0.0020156136559246057,0.06406250000000002,0.005108484760592863,0.01462188709225265
headtohead,hotcold,into_urban,medium,amatrix_proj,TVD,0.04986358052916633,0.0028224556974637267,0.05445040195636538,0.0,,5,,0.052759310154204625,0.0031064506994240714,0.057441381340873725,0.0,,5,,-0.0028957296250382916,-0.00028399500196034464,-0.0029909793845083466,0.0,,
headtohead,hotcold,into_urban,medium,amatrix_proj,preXDR_XDR,0.00015038926618340283,0.00012796624704171697,0.019747063886931846,0.9625,0.021992002113146537,5,0.6549523175062193,0.0003530054962580508,0.00013932299120416735,0.020724660739735074,0.890625,0.01890885837318347,5,0.6365009549567999,-0.00020261623007464797,-1.1356744162450375e-05,-0.000977596852803228,0.07187500000000002,0.0030831437399630665,0.01845136254941937
headtohead,hotcold,into_urban,medium,pp,DS,0.0004148024952764233,0.0007726504871825037,0.04465208652703112,0.4921875,0.016804239448490133,5,0.8654016677481128,0.00022726392526526047,0.0009092305930305825,0.04598964654444258,0.853125,0.0387421273786806,5,0.8557176464037068,0.00018753857001116284,-0.00013658010584807875,-0.0013375600174114627,-0.3609375,-0.02193788793019047,0.009684021344405935
headtohead,hotcold,into_urban,medium,pp,OtherDR,-0.0008468457657137132,0.00014438928148381204,0.020548677931093835,0.5515625,0.008520658998898211,5,0.6437276248555696,-0.0008347142331924658,0.00014933872371123073,0.02079806346511749,0.8890625,0.018938240094804156,5,0.6396915994382746,-1.2131532521247337e-05,-4.949442227418689e-06,-0.00024938553402365643,-0.3375,-0.010417581095905945,0.004036025417294975
headtohead,hotcold,into_urban,medium,pp,RR,0.00011776880338417615,0.00042437784758211726,0.03721072633887172,0.49843750000000003,0.013799083264443967,5,0.8238794664799176,0.00025444481166939976,0.0004774061784804128,0.03812713698604864,0.8953125,0.03532719667172457,5,0.8177170103835776,-0.0001366760082852236,-5.302833089829552e-05,-0.0009164106471769157,-0.3968749999999999,-0.021528113407280603,0.00616245609634003
headtohead,hotcold,into_urban,medium,pp,TVD,0.05142100341060572,0.0029620165978407483,0.05606435093389906,0.0,,5,,0.052759310154204625,0.0031064506994240714,0.057441381340873725,0.0,,5,,-0.0013383067435989021,-0.00014443410158332306,-0.0013770304069746636,0.0,,
headtohead,hotcold,into_urban,medium,pp,preXDR_XDR,0.00031427446705307993,0.0001334713685442251,0.020446734984470364,0.56875,0.008524642820926197,5,0.6394273999351933,0.0003530054962580508,0.00013932299120416735,0.020724660739735074,0.890625,0.01890885837318347,5,0.6365009549567999,-3.873102920497087e-05,-5.851622659942238e-06,-0.0002779257552647102,-0.321875,-0.010384215552257273,0.002926444978393339
headtohead,hotcold,neighbors,high,amatrix,DS,-0.0001210928196709714,0.00027503654082645484,0.029608468561428358,0.9421875,0.029593612711158436,5,0.9200334836481806,-7.39403656434076e-05,0.0006637054113091795,0.041434636431649206,0.90625,0.0387421273786806,5,0.8774697114519027,-4.7152454027563794e-05,-0.0003886688704827247,-0.011826167870220849,0.035937499999999956,-0.009148514667522166,0.04256377219627794
headtohead,hotcold,neighbors,high,amatrix,OtherDR,0.00041035050908031195,6.527321323403603e-05,0.014459805037608936,0.9421875,0.014920986428633745,5,0.7582880762379112,0.0003587348059496905,0.00010875480363077127,0.01772582085043416,0.940625,0.018938240094804156,5,0.6400312082709801,5.161570313062146e-05,-4.348159039673524e-05,-0.0032660158128252244,0.0015624999999999112,-0.004017253666170411,0.11825686796693102
headtohead,hotcold,neighbors,high,amatrix,RR,-0.0007906642551739139,0.00020498400937124,0.026312523655729895,0.95625,0.026569434147036997,5,0.8788320808268816,-0.0007764290259576012,0.0003780003875044475,0.03519104134063061,0.9265625000000001,0.03532719667172457,5,0.8247936940255874,-1.4235229216312626e-05,-0.0001730163781332075,-0.008878517684900718,0.029687499999999978,-0.008757762524687573,0.054038386801294136
headtohead,hotcold,neighbors,high,amatrix,TVD,0.03495526492082551,0.0014171882171882429,0.038003634762477125,0.0,,5,,0.046880466978016636,0.002459781268888033,0.050972014882335215,0.0,,5,,-0.011925202057191123,-0.00104259305169979,-0.01296838011985809,0.0,,
headtohead,hotcold,neighbors,high,amatrix,preXDR_XDR,0.0005014065657646372,4.906160586657269e-05,0.01337427951867612,0.9609375,0.014878956277551208,5,0.7937056676275069,0.0004916345856515642,8.995257515560708e-05,0.017324728413772,0.9546875,0.01890885837318347,5,0.7015097449093385,9.771980113073057e-06,-4.0890969289034395e-05,-0.00395044889509588,0.006249999999999978,-0.004029902095632263,0.09219592271816845
headtohead,hotcold,neighbors,high,amatrix_proj,DS,0.008734571767477523,0.0005480579702097834,0.03103658945322451,0.8625,0.02441909255791603,5,0.9228317370421714,-7.39403656434076e-05,0.0006637054113091795,0.041434636431649206,0.90625,0.0387421273786806,5,0.8774697114519027,0.00880851213312093,-0.00011564744109939613,-0.010398046978424696,-0.043749999999999956,-0.014323034820764573,0.045362025590268695
headtohead,hotcold,neighbors,high,amatrix_proj,OtherDR,-0.002288018375628097,9.350214837950534e-05,0.014177983218063671,0.909375,0.012198014833446494,5,0.7721734738200627,0.0003587348059496905,0.00010875480363077127,0.01772582085043416,0.940625,0.018938240094804156,5,0.6400312082709801,-0.0026467531815777875,-1.5252655251265935e-05,-0.003547837632370489,-0.03125,-0.006740225261357662,0.1321422655490826
headtohead,hotcold,neighbors,high,amatrix_proj,RR,-0.004449784288322573,0.00023569913949605066,0.024673157128221768,0.9109375000000001,0.02128334284106187,5,0.8890168173700136,-0.0007764290259576012,0.0003780003875044475,0.03519104134063061,0.9265625000000001,0.03532719667172457,5,0.8247936940255874,-0.0036733552623649723,-0.00014230124800839684,-0.010517884212408846,-0.015625,-0.0140438538306627,0.06422312334442615
headtohead,hotcold,neighbors,high,amatrix_proj,TVD,0.034612921167568464,0.0014104630863037498,0.037700381818907516,0.0,,5,,0.046880466978016636,0.002459781268888033,0.050972014882335215,0.0,,5,,-0.012267545810448172,-0.001049318182584283,-0.013271633063427699,0.0,,
headtohead,hotcold,neighbors,high,amatrix_proj,preXDR_XDR,-0.00199676910352679,5.6890458753253686e-05,0.012741163857259203,0.928125,0.012231609033410343,5,0.8105999284865657,0.0004916345856515642,8.995257515560708e-05,0.017324728413772,0.9546875,0.01890885837318347,5,0.7015097449093385,-0.002488403689178354,-3.3062116402353396e-05,-0.004583564556512798,-0.026562500000000044,-0.006677249339773128,0.10909018357722722
headtohead,hotcold,neighbors,high,pp,DS,0.001469949676380498,0.00038288250279214285,0.03022584100509656,0.5546875,0.012876883391906915,5,0.9180289278480075,-7.39403656434076e-05,0.0006637054113091795,0.041434636431649206,0.90625,0.0387421273786806,5,0.8774697114519027,0.0015438900420239056,-0.0002808229085170367,-0.011208795426552648,-0.3515625,-0.025865243986773687,0.040559216396104825
headtohead,hotcold,neighbors,high,pp,OtherDR,1.2699685264726655e-05,7.419276516505748e-05,0.014446179438909528,0.5890625,0.00654987060709904,5,0.7624551180939942,0.0003587348059496905,0.00010875480363077127,0.01772582085043416,0.940625,0.018938240094804156,5,0.6400312082709801,-0.00034603512068496383,-3.4562038465713794e-05,-0.003279641411524632,-0.3515625,-0.012388369487705116,0.1224239098230141
headtohead,hotcold,neighbors,high,pp,RR,-0.0016692628543119937,0.00021088791345263337,0.025338652480333394,0.54375,0.010609001925464955,5,0.8833630800254928,-0.0007764290259576012,0.0003780003875044475,0.03519104134063061,0.9265625000000001,0.03532719667172457,5,0.8247936940255874,-0.0008928338283543925,-0.00016711247405181413,-0.009852388860297219,-0.3828125000000001,-0.024718194746259615,0.058569385999905355
headtohead,hotcold,neighbors,high,pp,TVD,0.03482915629325548,0.001374377060532023,0.03784978753519561,0.0,,5,,0.046880466978016636,0.002459781268888033,0.050972014882335215,0.0,,5,,-0.012051310684761153,-0.0010854042083560098,-0.013122227347139602,0.0,,
headtohead,hotcold,neighbors,high,pp,preXDR_XDR,0.00018661349266676643,4.8927402143234255e-05,0.013037684498703796,0.6234375,0.006544967703083997,5,0.8039207346701274,0.0004916345856515642,8.995257515560708e-05,0.017324728413772,0.9546875,0.01890885837318347,5,0.7015097449093385,-0.00030502109298479775,-4.102517301237283e-05,-0.004287043915068204,-0.33125000000000004,-0.012363890670099475,0.10241098976078888
headtohead,hotcold,neighbors,low,amatrix,DS,-0.00022050391426333576,0.0003837792864706807,0.03442091405715919,0.9671875,0.040417425549776446,5,0.9071379605780873,-0.00039856680491197463,0.0004444474980722163,0.03689628449070371,0.9359375,0.0387421273786806,5,0.8962178943814847,0.00017806289064863887,-6.066821160153555e-05,-0.0024753704335445173,0.03125,0.0016752981710958445,0.010920066196602574
headtohead,hotcold,neighbors,low,amatrix,OtherDR,0.0009838745770144961,7.832549887444442e-05,0.01630487894746219,0.9765625,0.019748029787233067,5,0.7149684010906892,0.0009947684359963036,8.618434573733373e-05,0.017277337898903317,0.953125,0.018938240094804156,5,0.6799650191531711,-1.0893858981807442e-05,-7.858846862889308e-06,-0.0009724589514411262,0.0234375,0.0008097896924289111,0.03500338193751806
headtohead,hotcold,neighbors,low,amatrix,RR,-0.0017003069026054773,0.0002319751414817051,0.03024525270646658,0.971875,0.03723449275680592,5,0.8675270465416738,-0.0015199878571725,0.00027559442939354404,0.03240584287508929,0.9515625,0.03532719667172457,5,0.8549532219012278,-0.00018031904543297722,-4.361928791183893e-05,-0.00216059016862271,0.020312500000000067,0.0019072960850813475,0.012573824640445985
headtohead,hotcold,neighbors,low,amatrix,TVD,0.040542957846479065,0.0018591792459799643,0.04420382236875619,0.0,,5,,0.0433621924312353,0.0021468195338056498,0.04730406476400814,0.0,,5,,-0.0028192345847562333,-0.0002876402878256854,-0.0031002423952519523,0.0,,
headtohead,hotcold,neighbors,low,amatrix,preXDR_XDR,0.0009369362398544207,7.328521723220808e-05,0.015776929309478806,0.984375,0.0197994517866409,5,0.751673730435691,0.0009237862260884151,8.795487899773955e-05,0.016998044460190462,0.96875,0.01890885837318347,5,0.7215269673632305,1.3150013766005555e-05,-1.466966176553147e-05,-0.0012211151507116567,0.015625,0.00089059341345743,0.030146763072460447
headtohead,hotcold,neighbors,low,amatrix_proj,DS,0.0020025395149985297,0.00040788461030141337,0.0339536830669125,0.946875,0.03784795009270109,5,0.9086097637624222,-0.00039856680491197463,0.0004444474980722163,0.03689628449070371,0.9359375,0.0387421273786806,5,0.8962178943814847,0.0024011063199105044,-3.656288777080291e-05,-0.0029426014237912065,0.010937500000000044,-0.0008941772859795138,0.012391869380937504
headtohead,hotcold,neighbors,low,amatrix_proj,OtherDR,0.0002974395140296911,8.18688947874373e-05,0.016127508465141358,0.96875,0.018502286624893605,5,0.7162032993934604,0.0009947684359963036,8.618434573733373e-05,0.017277337898903317,0.953125,0.018938240094804156,5,0.6799650191531711,-0.0006973289219666125,-4.315450949896431e-06,-0.0011498294337619584,0.015625,-0.0004359534699105508,0.0362382802402893
headtohead,hotcold,neighbors,low,amatrix_proj,RR,-0.0026157258842345902,0.00022367809282737653,0.029290860993141248,0.975,0.03450554622156618,5,0.8714205661116908,-0.0015199878571725,0.00027559442939354404,0.03240584287508929,0.9515625,0.03532719667172457,5,0.8549532219012278,-0.0010957380270620902,-5.191633656616751e-05,-0.0031149818819480417,0.0234375,-0.0008216504501583899,0.01646734421046303
headtohead,hotcold,neighbors,low,amatrix_proj,TVD,0.03977560659967485,0.0017915564252651236,0.043420860642912215,0.0,,5,,0.0433621924312353,0.0021468195338056498,0.04730406476400814,0.0,,5,,-0.0035865858315604487,-0.00035526310854052615,-0.003883204121095926,0.0,,
headtohead,hotcold,neighbors,low,amatrix_proj,preXDR_XDR,0.00031574685520651324,7.202356619482284e-05,0.015505120877720576,0.9765625,0.0185648128839837,5,0.754655097614624,0.0009237862260884151,8.795487899773955e-05,0.016998044460190462,0.96875,0.01890885837318347,5,0.7215269673632305,-0.0006080393708819019,-1.5931312802916714e-05,-0.0014929235824698867,0.0078125,-0.0003440454891997721,0.033128130251393495
headtohead,hotcold,neighbors,low,pp,DS,-0.0006394133588879768,0.0003360611880756859,0.033152862451551524,0.6015625,0.015051287002311493,5,0.9110852792781502,-0.00039856680491197463,0.0004444474980722163,0.03689628449070371,0.9359375,0.0387421273786806,5,0.8962178943814847,-0.00024084655397600213,-0.00010838630999653037,-0.0037434220391521847,-0.334375,-0.023690840376369107,0.014867384896665503
headtohead,hotcold,neighbors,low,pp,OtherDR,0.0009395632767118171,7.757235472218962e-05,0.01636674268497654,0.60625,0.007628332071225588,5,0.7121192162676039,0.0009947684359963036,8.618434573733373e-05,0.017277337898903317,0.953125,0.018938240094804156,5,0.6799650191531711,-5.5205159284486436e-05,-8.611991015144109e-06,-0.0009105952139267758,-0.34687500000000004,-0.011309908023578568,0.03215419711443279
headtohead,hotcold,neighbors,low,pp,RR,-0.001345096793593861,0.00020880512233718168,0.028920340409954143,0.5765625,0.012358626938083376,5,0.8748213846573485,-0.0015199878571725,0.00027559442939354404,0.03240584287508929,0.9515625,0.03532719667172457,5,0.8549532219012278,0.00017489106357863903,-6.678930705636237e-05,-0.003485502465135147,-0.375,-0.022968569733641194,0.01986816275612069
headtohead,hotcold,neighbors,low,pp,TVD,0.03912771474525331,0.0017247929577260794,0.04287626200128162,0.0,,5,,0.0433621924312353,0.0021468195338056498,0.04730406476400814,0.0,,5,,-0.004234477685981987,-0.0004220265760795704,-0.004427802762726522,0.0,,
headtohead,hotcold,neighbors,low,pp,preXDR_XDR,0.001044946875770053,7.149680557850243e-05,0.015470979429542096,0.628125,0.007648570681446168,5,0.7564610841454193,0.0009237862260884151,8.795487899773955e-05,0.016998044460190462,0.96875,0.01890885837318347,5,0.7215269673632305,0.00012116064968163785,-1.6458073419237118e-05,-0.0015270650306483669,-0.34062499999999996,-0.011260287691737304,0.03493411678218883
headtohead,hotcold,neighbors,medium,amatrix,DS,0.0009398297552695451,0.00030946956025768247,0.03208385063897408,0.9515625,0.03415350112100422,5,0.9142237970309273,0.00044025245374943145,0.0005921512787541647,0.03994945337063704,0.915625,0.0387421273786806,5,0.8836450002637474,0.0004995773015201137,-0.0002826817184964822,-0.007865602731662959,0.035937499999999956,-0.004588626257676379,0.030578796767179894
headtohead,hotcold,neighbors,medium,amatrix,OtherDR,-0.00014039744062357208,8.482955278908254e-05,0.01567351328913571,0.9671875,0.01676771047719186,5,0.7449563698211341,1.5144656750196357e-07,0.00011109441505751386,0.018153901569973593,0.9578125,0.018938240094804156,5,0.6637354841183021,-0.00014054888719107405,-2.6264862268431317e-05,-0.0024803882808378842,0.009375000000000022,-0.0021705296176122955,0.08122088570283204
headtohead,hotcold,neighbors,medium,amatrix,RR,-0.0019434747815949259,0.00020944139372499324,0.028165320103076732,0.9625,0.03137859975435157,5,0.8699629954093873,-0.001647132028955132,0.0003476935046553565,0.03468564786269245,0.940625,0.03532719667172457,5,0.8314283427983105,-0.0002963427526397938,-0.00013825211093036326,-0.00652032775961572,0.021874999999999978,-0.003948596917373003,0.0385346526110768
headtohead,hotcold,neighbors,medium,amatrix,TVD,0.038402291583553155,0.001693338027155851,0.04146520201745533,0.0,,5,,0.04644898510764732,0.002438621532331681,0.05048734937185712,0.0,,5,,-0.008046693524094164,-0.00074528350517583,-0.009022147354401794,0.0,,
headtohead,hotcold,neighbors,medium,amatrix,preXDR_XDR,0.0011440424669491728,7.201866246234381e-05,0.014949204608216984,0.9609375,0.01681154653380134,5,0.749127771114511,0.001206728128638443,0.00010606812046651185,0.017479376917815512,0.9421875,0.01890885837318347,5,0.6897779184521503,-6.268566168927026e-05,-3.404945800416804e-05,-0.002530172309598528,0.018750000000000044,-0.0020973118393821308,0.0593498526623607
headtohead,hotcold,neighbors,medium,amatrix_proj,DS,0.006961694497180307,0.00045304535968846793,0.032598826086017954,0.8984375,0.02874790454494015,5,0.9162838603163515,0.00044025245374943145,0.0005921512787541647,0.03994945337063704,0.915625,0.0387421273786806,5,0.8836450002637474,0.006521442043430876,-0.00013910591906569675,-0.007350627284619084,-0.017187500000000022,-0.009994222833740452,0.03263886005260408
headtohead,hotcold,neighbors,medium,amatrix_proj,OtherDR,-0.0019410798298332903,0.00010022451089588847,0.01547472174847045,0.928125,0.014213263339745303,5,0.7500521635831553,1.5144656750196357e-07,0.00011109441505751386,0.018153901569973593,0.9578125,0.018938240094804156,5,0.6637354841183021,-0.0019412312764007923,-1.0869904161625392e-05,-0.002679179821503142,-0.029687499999999978,-0.004724976755058853,0.08631667946485322
headtohead,hotcold,neighbors,medium,amatrix_proj,RR,-0.004360010879674152,0.00020950572413847216,0.026709327169807683,0.9375,0.02554459992995257,5,0.8779217117992761,-0.001647132028955132,0.0003476935046553565,0.03468564786269245,0.940625,0.03532719667172457,5,0.8314283427983105,-0.00271287885071902,-0.00013818778051688434,-0.007976320692884769,-0.0031250000000000444,-0.009782596741771999,0.04649336900096568
headtohead,hotcold,neighbors,medium,amatrix_proj,TVD,0.037662346565460414,0.0016272637515749768,0.040760635919242456,0.0,,5,,0.04644898510764732,0.002438621532331681,0.05048734937185712,0.0,,5,,-0.008786638542186906,-0.0008113577807567043,-0.009726713452614666,0.0,,
headtohead,hotcold,neighbors,medium,amatrix_proj,preXDR_XDR,-0.0006606037876726392,7.419817737968868e-05,0.014303155739521352,0.9421875000000001,0.014202475078051573,5,0.7553262723954498,0.001206728128638443,0.00010606812046651185,0.017479376917815512,0.9421875,0.01890885837318347,5,0.6897779184521503,-0.0018673319163110822,-3.186994308682317e-05,-0.0031762211782941606,1.1102230246251565e-16,-0.004706383295131898,0.0655483539432995
headtohead,hotcold,neighbors,medium,pp,DS,0.0011352410182167668,0.0003152985672514311,0.03152419291087896,0.565625,0.013489878193769709,5,0.9137963320646044,0.00044025245374943145,0.0005921512787541647,0.03994945337063704,0.915625,0.0387421273786806,5,0.8836450002637474,0.0006949885644673354,-0.0002768527115027336,-0.008425260459758076,-0.35,-0.025252249184910893,0.03015133180085705
headtohead,hotcold,neighbors,medium,pp,OtherDR,-0.00014282398250010014,8.44161942101316e-05,0.015574657229596346,0.5765625,0.0068694213214320655,5,0.7506003678398949,1.5144656750196357e-07,0.00011109441505751386,0.018153901569973593,0.9578125,0.018938240094804156,5,0.6637354841183021,-0.0001429754290676021,-2.6678220847382256e-05,-0.002579244340377247,-0.38125,-0.01206881877337209,0.08686488372159284
headtohead,hotcold,neighbors,medium,pp,RR,-0.0020791531120629364,0.00017902233846378977,0.02719149696255752,0.53125,0.011106912412603219,5,0.872933495619867,-0.001647132028955132,0.0003476935046553565,0.03468564786269245,0.940625,0.03532719667172457,5,0.8314283427983105,-0.0004320210831078044,-0.00016867116619156673,-0.007494150900134933,-0.40937500000000004,-0.02422028425912135,0.041505152821556535
headtohead,hotcold,neighbors,medium,pp,TVD,0.037522723063820845,0.001593199132088217,0.04049320946422906,0.0,,5,,0.04644898510764732,0.002438621532331681,0.05048734937185712,0.0,,5,,-0.008926262043826474,-0.000845422400243464,-0.009994139907628062,0.0,,
headtohead,hotcold,neighbors,medium,pp,preXDR_XDR,0.001086736076346267,7.151132944906594e-05,0.01467495705519635,0.60625,0.006853995910084512,5,0.7610698335572919,0.001206728128638443,0.00010606812046651185,0.017479376917815512,0.9421875,0.01890885837318347,5,0.6897779184521503,-0.00011999205229217599,-3.455679101744591e-05,-0.0028044198626191626,-0.3359375,-0.012054862463098958,0.07129191510514155
