study,base,pattern,level,method,bias,bias2,rmse,coverage,sd,n_rep,spearman,bias_ref,bias2_ref,rmse_ref,coverage_ref,sd_ref,n_rep_ref,spearman_ref,d_bias,d_bias2,d_rmse,d_coverage,d_sd,d_spearman
prediction,block,crisis_dist,high,pp,0.01417528257843095,0.0011200631737535761,0.046319076399785705,0.48203125,0.016603420836604082,10,0.8991325553525746,-0.026792455152527647,0.00132275495735393,0.05441592826193093,0.884375,0.04404740352868721,10,0.8933583659471076,0.040967737730958596,-0.00020269178360035394,-0.008096851862145225,-0.40234375,-0.02744398269208313,0.005774189405467034
prediction,block,crisis_dist,high,pp_sample,0.008420344334434343,0.0003292721894666937,0.04468857074313195,0.8703125,0.03521808210161582,10,0.9084566310236374,-0.026792455152527647,0.00132275495735393,0.05441592826193093,0.884375,0.04404740352868721,10,0.8933583659471076,0.03521279948696199,-0.0009934827678872364,-0.009727357518798982,-0.014062499999999978,-0.008829321427071393,0.015098265076529782
prediction,block,crisis_dist,high,pp_tempered,0.06383477595111704,0.008486718731198937,0.08746508501533902,0.428125,0.03301939052994038,10,0.7858602336423732,-0.026792455152527647,0.00132275495735393,0.05441592826193093,0.884375,0.04404740352868721,10,0.8933583659471076,0.09062723110364469,0.007163963773845007,0.03304915675340809,-0.45625000000000004,-0.011028012998746832,-0.10749813230473437
prediction,block,crisis_dist,low,pp,0.006671888000891397,0.0005196600749088232,0.04316327249760028,0.5359375,0.017092591965829764,10,0.9049047687699392,-0.0037546126123168344,0.0002924381734507811,0.042751986325863384,0.95703125,0.04404740352868721,10,0.9031082214613964,0.010426500613208232,0.0002272219014580421,0.0004112861717368993,-0.42109375000000004,-0.026954811562857447,0.0017965473085428396
prediction,block,crisis_dist,low,pp_sample,0.01314673033439258,0.0004366765142566418,0.04758435983306109,0.85,0.0353773487648701,10,0.9007045282156968,-0.0037546126123168344,0.0002924381734507811,0.042751986325863384,0.95703125,0.04404740352868721,10,0.9031082214613964,0.016901342946709415,0.00014423834080586073,0.004832373507197708,-0.10703125000000002,-0.00867005476381711,-0.0024036932456995563
prediction,block,crisis_dist,low,pp_tempered,0.03462771688894305,0.0031478239729929524,0.06001962867000671,0.77109375,0.041325690310270634,10,0.876554295760456,-0.0037546126123168344,0.0002924381734507811,0.042751986325863384,0.95703125,0.04404740352868721,10,0.9031082214613964,0.03838232950125988,0.0028553857995421714,0.017267642344143325,-0.18593749999999998,-0.002721713218416577,-0.026553925700940395
prediction,block,crisis_dist,medium,pp,0.013569846686343295,0.0010382636167168933,0.0449503884987041,0.51484375,0.01686688153593925,10,0.9032170232075579,-0.015629119365179286,0.000533349776270198,0.04620420157670954,0.93984375,0.04404740352868721,10,0.9012965853044406,0.02919896605152258,0.0005049138404466953,-0.0012538130780054418,-0.42499999999999993,-0.02718052199274796,0.0019204379031173557
prediction,block,crisis_dist,medium,pp_sample,0.012175774004509044,0.0004012872964095871,0.045452997709203635,0.8601562500000001,0.035263716432883924,10,0.9062939612091998,-0.015629119365179286,0.000533349776270198,0.04620420157670954,0.93984375,0.04404740352868721,10,0.9012965853044406,0.027804893369688333,-0.0001320624798606109,-0.0007512038675059063,-0.07968749999999991,-0.008783687095803287,0.004997375904759238
prediction,block,crisis_dist,medium,pp_tempered,0.05971992155784041,0.007506521303187302,0.08142834048900292,0.4796875,0.03563266893552126,10,0.820194986377951,-0.015629119365179286,0.000533349776270198,0.04620420157670954,0.93984375,0.04404740352868721,10,0.9012965853044406,0.0753490409230197,0.006973171526917104,0.03522413891229338,-0.46015625,-0.008414734593165954,-0.0811015989264896
prediction,block,crisis_idp,high,pp,0.010214287135248116,0.0008188750470075236,0.045164128026918375,0.51875,0.01740169980444043,10,0.8902482760884747,-0.01630962282662337,0.0005366446633785982,0.04764475694162367,0.9,0.04404740352868721,10,0.8978619233632082,0.026523909961871484,0.00028223038362892535,-0.0024806289147052962,-0.38125,-0.02664570372424678,-0.00761364727473357
prediction,block,crisis_idp,high,pp_sample,0.008929372197824045,0.000392588214668211,0.04669387279876539,0.84765625,0.035566492760552265,10,0.8928911639768996,-0.01630962282662337,0.0005366446633785982,0.04764475694162367,0.9,0.04404740352868721,10,0.8978619233632082,0.025238995024447416,-0.0001440564487103872,-0.0009508841428582798,-0.05234375000000002,-0.008480910768134946,-0.004970759386308643
prediction,block,crisis_idp,high,pp_tempered,0.06388914657256313,0.007931008355785307,0.08655639161785547,0.43359375,0.036964392051797516,10,0.8232464433692612,-0.01630962282662337,0.0005366446633785982,0.04764475694162367,0.9,0.04404740352868721,10,0.8978619233632082,0.08019876939918649,0.007394363692406709,0.0389116346762318,-0.46640625,-0.007083011476889695,-0.07461547999394702
prediction,block,crisis_idp,low,pp,0.003220581709878206,0.00032581896527555086,0.04225860850302944,0.565625,0.017025382165945777,10,0.9023562178294332,-0.001644857010255063,0.000262376291528507,0.04236586447660753,0.95234375,0.04404740352868721,10,0.9022125867398149,0.004865438720133269,6.344267374704387e-05,-0.00010725597357808675,-0.38671875,-0.027022021362741434,0.0001436310896183457
prediction,block,crisis_idp,low,pp_sample,0.012339561707601813,0.0004141879485607513,0.04813873057837426,0.8328125000000001,0.035367650364257736,10,0.8975528354223791,-0.001644857010255063,0.000262376291528507,0.04236586447660753,0.95234375,0.04404740352868721,10,0.9022125867398149,0.013984418717856877,0.00015181165703224433,0.005772866101766735,-0.11953124999999998,-0.008679753164429475,-0.00465975131743579
prediction,block,crisis_idp,low,pp_tempered,0.022147922191267867,0.0013390652142652856,0.050623003861055595,0.88203125,0.0438356659000669,10,0.8952635825418825,-0.001644857010255063,0.000262376291528507,0.04236586447660753,0.95234375,0.04404740352868721,10,0.9022125867398149,0.02379277920152293,0.0010766889227367786,0.008257139384448067,-0.0703125,-0.0002117376286203121,-0.006949004197932318
prediction,block,crisis_idp,medium,pp,0.006920754664633636,0.0005933481585471864,0.0441687542509597,0.53359375,0.01735243824092262,10,0.8948875972047133,-0.010012618645533218,0.00033310752079816546,0.04485165227833444,0.92734375,0.04404740352868721,10,0.8972354972518648,0.016933373310166852,0.0002602406377490209,-0.0006828980273747356,-0.39375000000000004,-0.02669496528776459,-0.0023479000471514633
prediction,block,crisis_idp,medium,pp_sample,0.01007499989264097,0.0003657280887559304,0.04734950587948077,0.846875,0.03553602055629431,10,0.8923216692804748,-0.010012618645533218,0.00033310752079816546,0.04485165227833444,0.92734375,0.04404740352868721,10,0.8972354972518648,0.020087618538174187,3.2620567957764935e-05,0.0024978536011463354,-0.08046874999999998,-0.0085113829723929,-0.00491382797138995
prediction,block,crisis_idp,medium,pp_tempered,0.051207497121644824,0.005424183340225301,0.0746528230127292,0.5640625,0.039838548781500914,10,0.8583563383325371,-0.010012618645533218,0.00033310752079816546,0.04485165227833444,0.92734375,0.04404740352868721,10,0.8972354972518648,0.06122011576717804,0.005091075819427136,0.029801170734394762,-0.36328125,-0.004208854747186297,-0.038879158919327694
prediction,block,distance,high,pp,0.009113488336154725,0.00031038904285481014,0.024731305770015484,0.61328125,0.011817821425002628,10,0.9555987782632286,-0.008475325148083909,0.0018814903456713132,0.05963942522179516,0.790625,0.04404740352868721,10,0.8860396121905942,0.017588813484238634,-0.001571101302816503,-0.03490811945177968,-0.17734375000000002,-0.03222958210368458,0.06955916607263435
prediction,block,distance,high,pp_sample,0.021763219909985226,0.0007406289318048626,0.0346764004673,0.87265625,0.028386322829041747,10,0.9349231859675534,-0.008475325148083909,0.0018814903456713132,0.05963942522179516,0.790625,0.04404740352868721,10,0.8860396121905942,0.030238545058069135,-0.0011408614138664506,-0.02496302475449516,0.08203125,-0.015661080699645464,0.04888357377695918
prediction,block,distance,high,pp_tempered,0.012446221010618342,0.0008555724201363828,0.03170293684677276,0.528125,0.013593874957077083,10,0.9541229726760608,-0.008475325148083909,0.0018814903456713132,0.05963942522179516,0.790625,0.04404740352868721,10,0.8860396121905942,0.020921546158702252,-0.0010259179255349303,-0.027936488375022404,-0.26250000000000007,-0.030453528571610128,0.06808336048546659
prediction,block,distance,low,pp,0.00649199182290443,0.0007060104419927034,0.0393295435873393,0.50390625,0.015335826823090669,10,0.9172077931453636,-0.000967953437102391,0.00021173683703025852,0.04301934069568244,0.9500000000000001,0.04404740352868721,10,0.9001624880276424,0.007459945260006822,0.0004942736049624449,-0.0036897971083431416,-0.44609375000000007,-0.028711576705596542,0.017045305117721177
prediction,block,distance,low,pp_sample,0.017318574797769645,0.0005491484584258906,0.04407000748940725,0.8367187500000001,0.03315716176308575,10,0.9091749786511423,-0.000967953437102391,0.00021173683703025852,0.04301934069568244,0.9500000000000001,0.04404740352868721,10,0.9001624880276424,0.018286528234872035,0.00033741162139563213,0.0010506667937248138,-0.11328125,-0.010890241765601459,0.009012490623499847
prediction,block,distance,low,pp_tempered,0.013684188887858098,0.0023458035466689744,0.04999184791307017,0.590625,0.026009858953122897,10,0.9183425448304098,-0.000967953437102391,0.00021173683703025852,0.04301934069568244,0.9500000000000001,0.04404740352868721,10,0.9001624880276424,0.014652142324960489,0.002134066709638716,0.006972507217387729,-0.3593750000000001,-0.018037544575564314,0.018180056802767353
prediction,block,distance,medium,pp,0.008463093283856648,0.000572859021675799,0.030645169136390187,0.521875,0.012869100231536439,10,0.949031726032435,-0.006016477461109869,0.0006952410218695117,0.047316584753084846,0.9148437500000001,0.04404740352868721,10,0.9054167415443422,0.014479570744966516,-0.00012238200019371276,-0.01667141561669466,-0.3929687500000001,-0.031178303297150774,0.04361498448809287
prediction,block,distance,medium,pp_sample,0.020338827205451257,0.0005662594597862696,0.035127673302759566,0.896875,0.02992741738265038,10,0.9385402781819673,-0.006016477461109869,0.0006952410218695117,0.047316584753084846,0.9148437500000001,0.04404740352868721,10,0.9054167415443422,0.026355304666561125,-0.00012898156208324216,-0.01218891145032528,-0.01796875000000009,-0.01411998614603683,0.03312353663762513
prediction,block,distance,medium,pp_tempered,0.013659842007007709,0.0017185041393299979,0.04246166938151191,0.4484375,0.016675259474305655,10,0.9431722777862026,-0.006016477461109869,0.0006952410218695117,0.047316584753084846,0.9148437500000001,0.04404740352868721,10,0.9054167415443422,0.019676319468117577,0.0010232631174604862,-0.0048549153715729335,-0.4664062500000001,-0.027372144054381556,0.037755536241860455
prediction,block,into_hotcold,high,pp,0.0013323925497610671,0.0003640386995233079,0.05151365088549535,0.4609375,0.016768562675160262,10,0.8886582168744308,-0.00038341416868235286,0.0007022819321909926,0.05438358390276228,0.87421875,0.04404740352868721,10,0.8765323975650287,0.00171580671844342,-0.0003382432326676847,-0.002869933017266929,-0.41328125000000004,-0.02727884085352695,0.012125819309402153
prediction,block,into_hotcold,high,pp_sample,0.012108608284819298,0.0006402444592925586,0.05800578790870459,0.740625,0.035335178462322286,10,0.8817970266369832,-0.00038341416868235286,0.0007022819321909926,0.05438358390276228,0.87421875,0.04404740352868721,10,0.8765323975650287,0.012492022453501651,-6.203747289843398e-05,0.003622204005942306,-0.13359375000000007,-0.008712225066364924,0.005264629071954574
prediction,block,into_hotcold,high,pp_tempered,0.0017922134147491209,0.0003503222481883779,0.05136964955488517,0.8859375,0.043370497283236845,10,0.8884393348041799,-0.00038341416868235286,0.0007022819321909926,0.05438358390276228,0.87421875,0.04404740352868721,10,0.8765323975650287,0.0021756275834314736,-0.0003519596840026147,-0.003013934347877112,0.01171875,-0.0006769062454503663,0.01190693723915126
prediction,block,into_hotcold,low,pp,0.0004286485615258278,0.0003361095875250559,0.043725917418517696,0.54765625,0.01673701170978975,10,0.9007703323029566,-0.0005127856847245464,0.00041017901040839235,0.04498969748498076,0.9234375,0.04404740352868721,10,0.8958459223330901,0.0009414342462503741,-7.406942288333643e-05,-0.0012637800664630633,-0.37578125000000007,-0.02731039181889746,0.004924409969866428
prediction,block,into_hotcold,low,pp_sample,0.01161128108532153,0.00045797558714478896,0.04975816609793948,0.8234375,0.03535002326185409,10,0.8946224754435208,-0.0005127856847245464,0.00041017901040839235,0.04498969748498076,0.9234375,0.04404740352868721,10,0.8958459223330901,0.012124066770046077,4.779657673639661e-05,0.004768468612958723,-0.09999999999999998,-0.008697380266833123,-0.001223446889569324
prediction,block,into_hotcold,low,pp_tempered,0.001396627714890895,0.00040058057129396135,0.04453751777090839,0.921875,0.04349046603235133,10,0.8988187090759855,-0.0005127856847245464,0.00041017901040839235,0.04498969748498076,0.9234375,0.04404740352868721,10,0.8958459223330901,0.0019094133996154414,-9.598439114431e-06,-0.0004521797140723677,-0.0015625000000000222,-0.0005569374963358825,0.0029727867428953614
prediction,block,into_hotcold,medium,pp,-7.747176714236651e-05,0.0003856158783316562,0.046187379418408954,0.50625,0.016762233594709172,10,0.8955914071710722,-0.0016394068750482302,0.0006377411584238501,0.04864639800471279,0.9046875,0.04404740352868721,10,0.8861626107114935,0.0015619351079058637,-0.0002521252800921939,-0.002459018586303839,-0.3984375,-0.02728516993397804,0.009428796459578725
prediction,block,into_hotcold,medium,pp_sample,0.010776742129506552,0.0005668687114053866,0.05263554012785089,0.7859375000000001,0.035343714521933085,10,0.8879863408387152,-0.0016394068750482302,0.0006377411584238501,0.04864639800471279,0.9046875,0.04404740352868721,10,0.8861626107114935,0.012416149004554781,-7.087244701846351e-05,0.003989142123138098,-0.11874999999999991,-0.008703689006754126,0.001823730127221701
prediction,block,into_hotcold,medium,pp_tempered,0.0005152331737067315,0.0003928169201589724,0.04632689329006949,0.91953125,0.04339709581287031,10,0.8939110253157292,-0.0016394068750482302,0.0006377411584238501,0.04864639800471279,0.9046875,0.04404740352868721,10,0.8861626107114935,0.0021546400487549616,-0.00024492423826487776,-0.002319504714643303,0.014843750000000044,-0.0006503077158169016,0.007748414604235698
prediction,block,into_urban,high,pp,0.001162777024513605,0.0005528341833433825,0.05159123017155613,0.453125,0.01684925911327844,10,0.8896283851334887,0.002282235425503032,0.0008228373463366287,0.0536980686007628,0.86328125,0.04404740352868721,10,0.8809717929654092,-0.0011194584009894273,-0.0002700031629932463,-0.00210683842920667,-0.41015625,-0.02719814441540877,0.008656592168079569
prediction,block,into_urban,high,pp_sample,0.013196681055188293,0.0008551127548789565,0.05762175596353946,0.746875,0.035413445482099876,10,0.8809474641257353,0.002282235425503032,0.0008228373463366287,0.0536980686007628,0.86328125,0.04404740352868721,10,0.8809717929654092,0.01091444562968526,3.22754085423278e-05,0.003923687362776658,-0.11640625000000004,-0.008633958046587335,-2.4328839673848357e-05
prediction,block,into_urban,high,pp_tempered,-0.0005145871631972934,0.00048149331143976747,0.05043040379878581,0.88984375,0.04351402215361684,10,0.8906927563305107,0.002282235425503032,0.0008228373463366287,0.0536980686007628,0.86328125,0.04404740352868721,10,0.8809717929654092,-0.0027968225887003255,-0.00034134403489686127,-0.003267664801976995,0.026562500000000044,-0.00053338137507037,0.009720963365101531
prediction,block,into_urban,low,pp,0.0006330807588021037,0.0003366425799285779,0.04441052024080324,0.5296875,0.016760774231675893,10,0.8968969482074058,0.0009153676925612627,0.0003573217197614605,0.04484478671529674,0.93515625,0.04404740352868721,10,0.8949387427102671,-0.00028228693375915905,-2.0679139832882642e-05,-0.00043426647449350264,-0.40546875000000004,-0.027286629297011318,0.0019582054971387652
prediction,block,into_urban,low,pp_sample,0.012304525519946324,0.00046909624041011413,0.050540181227247384,0.81171875,0.03533443920925253,10,0.8885994674170308,0.0009153676925612627,0.0003573217197614605,0.04484478671529674,0.93515625,0.04404740352868721,10,0.8949387427102671,0.011389157827385062,0.00011177452064865362,0.005695394511950641,-0.12343749999999998,-0.008712964319434684,-0.006339275293236302
prediction,block,into_urban,low,pp_tempered,-0.0006339894176995793,0.0003716912840077523,0.04472836946105246,0.93203125,0.04382464127404736,10,0.9001046382714695,0.0009153676925612627,0.0003573217197614605,0.04484478671529674,0.93515625,0.04404740352868721,10,0.8949387427102671,-0.001549357110260842,1.4369564246291804e-05,-0.00011641725424428595,-0.0031250000000000444,-0.00022276225463985222,0.005165895561202394
prediction,block,into_urban,medium,pp,0.0017197319480918378,0.0004086758326481427,0.04668806530189838,0.49375,0.016821248002778528,10,0.8987274284167063,0.0025471511636079637,0.000562095318202129,0.04815587488533541,0.909375,0.04404740352868721,10,0.8934971516066531,-0.0008274192155161258,-0.0001534194855539863,-0.0014678095834370283,-0.415625,-0.027226155525908683,0.005230276810053169
prediction,block,into_urban,medium,pp_sample,0.013552787538102096,0.0006467175114723987,0.05337605309659935,0.79453125,0.0353716608762717,10,0.8902579821523275,0.0025471511636079637,0.000562095318202129,0.04815587488533541,0.909375,0.04404740352868721,10,0.8934971516066531,0.011005636374494133,8.46221932702697e-05,0.005220178211263943,-0.11484375000000002,-0.00867574265241551,-0.0032391694543255634
prediction,block,into_urban,medium,pp_tempered,0.00014117344084355515,0.00038288865928085166,0.04611289500973423,0.925,0.04351783903660296,10,0.9004704720156649,0.0025471511636079637,0.000562095318202129,0.04815587488533541,0.909375,0.04404740352868721,10,0.8934971516066531,-0.0024059777227644083,-0.00017920665892127736,-0.002042979875601182,0.015625,-0.0005295644920842515,0.006973320409011774
prediction,block,neighbors,high,pp,0.0008434127752294657,0.00015092926881280693,0.025890395527072656,0.65234375,0.012855117071801661,10,0.9368177374062026,-0.0018171472181929937,0.0004962256861178599,0.045237334042399664,0.92890625,0.04404740352868721,10,0.8905281312480291,0.0026605599934224596,-0.00034529641730505296,-0.019346938515327008,-0.27656250000000004,-0.03119228645688555,0.04628960615817346
prediction,block,neighbors,high,pp_sample,0.015877694120991735,0.0004407921884913628,0.03496976759282272,0.88203125,0.030411398246046814,10,0.9239846913412245,-0.0018171472181929937,0.0004962256861178599,0.045237334042399664,0.92890625,0.04404740352868721,10,0.8905281312480291,0.017694841339184728,-5.543349762649711e-05,-0.010267566449576944,-0.046875,-0.013636005282640397,0.03345656009319542
prediction,block,neighbors,high,pp_tempered,0.0013419650785227685,0.0002635103147928798,0.027335552540912158,0.71875,0.015795392964562234,10,0.9367507862800007,-0.0018171472181929937,0.0004962256861178599,0.045237334042399664,0.92890625,0.04404740352868721,10,0.8905281312480291,0.003159112296715762,-0.00023271537132498008,-0.017901781501487506,-0.21015625000000004,-0.028252010564124977,0.04622265503197165
prediction,block,neighbors,low,pp,0.0008188042873657679,0.000277628972266928,0.03537136347617305,0.57890625,0.015033493995997791,10,0.9132099699240545,-0.00047025720098058354,0.0003151498440407185,0.04259397026253885,0.95546875,0.04404740352868721,10,0.9019797640221752,0.0012890614883463514,-3.752087177379045e-05,-0.007222606786365798,-0.3765625,-0.029013909532689418,0.011230205901879287
prediction,block,neighbors,low,pp_sample,0.01363449250821431,0.0004209989781595151,0.043368285874508326,0.8578125,0.03342989383985043,10,0.9062887302049074,-0.00047025720098058354,0.0003151498440407185,0.04259397026253885,0.95546875,0.04404740352868721,10,0.9019797640221752,0.014104749709194894,0.00010584913411879662,0.0007743156119694797,-0.09765625,-0.010617509688836783,0.004308966182732243
prediction,block,neighbors,low,pp_tempered,0.002426129114332035,0.0004113964910944364,0.03189177498046463,0.87890625,0.028003382860027,10,0.9143418620021487,-0.00047025720098058354,0.0003151498440407185,0.04259397026253885,0.95546875,0.04404740352868721,10,0.9019797640221752,0.002896386315312619,9.624664705371792e-05,-0.010702195282074216,-0.07656249999999998,-0.01604402066866021,0.012362097979973563
prediction,block,neighbors,medium,pp,0.0007291814832464941,0.00016933911166980116,0.02858065013213128,0.63046875,0.013472358980321007,10,0.9295281312946347,-0.001655348249783152,0.0003260114478147313,0.04311333770554935,0.94453125,0.04404740352868721,10,0.8987033052554476,0.002384529733029646,-0.00015667233614493012,-0.014532687573418069,-0.3140625,-0.030575044548366202,0.030824826039187125
prediction,block,neighbors,medium,pp_sample,0.01512421768224399,0.00040007861994791034,0.037446178750870134,0.884375,0.031363689428766064,10,0.919151139901117,-0.001655348249783152,0.0003260114478147313,0.04311333770554935,0.94453125,0.04404740352868721,10,0.8987033052554476,0.016779565932027143,7.406717213317906e-05,-0.005667158954679216,-0.06015625000000002,-0.012683714099921146,0.02044783464566935
prediction,block,neighbors,medium,pp_tempered,0.0016665504280614309,0.0003300910414134726,0.02849865684202089,0.7765625,0.019141195187154587,10,0.9296139672221205,-0.001655348249783152,0.0003260114478147313,0.04311333770554935,0.94453125,0.04404740352868721,10,0.8987033052554476,0.0033218986778445828,4.079593598741327e-06,-0.014614680863528458,-0.16796875,-0.024906208341532624,0.030910661966672914
prediction,block,out_hotcold,high,pp,0.010048030477369319,0.0009363173553008194,0.03892628466724325,0.48828125,0.014596614756582636,10,0.9223062627476463,0.00047067206394288245,0.00017777015580630848,0.0408866627688522,0.959375,0.04404740352868721,10,0.907516719756883,0.009577358413426437,0.0007585471994945109,-0.001960378101608949,-0.47109375,-0.029450788772104573,0.014789542990763294
prediction,block,out_hotcold,high,pp_sample,0.020700637255399,0.0007236881232168484,0.042614308595420175,0.82421875,0.03179107355914657,10,0.9185077314245559,0.00047067206394288245,0.00017777015580630848,0.0408866627688522,0.959375,0.04404740352868721,10,0.907516719756883,0.020229965191456117,0.00054591796741054,0.0017276458265679737,-0.13515624999999998,-0.012256329969540639,0.010991011667672912
prediction,block,out_hotcold,high,pp_tempered,0.016125649899320645,0.0026461425641901327,0.051762371821993836,0.528125,0.023566919497191644,10,0.9033877297726167,0.00047067206394288245,0.00017777015580630848,0.0408866627688522,0.959375,0.04404740352868721,10,0.907516719756883,0.01565497783537776,0.002468372408383824,0.010875709053141634,-0.43125,-0.020480484031495567,-0.004128989984266251
prediction,block,out_hotcold,low,pp,0.0035909568600858924,0.0004868877412608456,0.0424935802927129,0.53203125,0.016720108199959054,10,0.9012685644336271,0.0006740123282872853,0.0002949585742821155,0.04414818977459408,0.94453125,0.04404740352868721,10,0.8973555890143501,0.002916944531798607,0.00019192916697873008,-0.0016546094818811821,-0.4125000000000001,-0.027327295328728157,0.003912975419277043
prediction,block,out_hotcold,low,pp_sample,0.01437020476923099,0.00048624689404192385,0.04833011629033856,0.8328125000000001,0.03464104870774646,10,0.8972213970896655,0.0006740123282872853,0.0002949585742821155,0.04414818977459408,0.94453125,0.04404740352868721,10,0.8973555890143501,0.013696192440943705,0.00019128831975980833,0.004181926515744477,-0.11171874999999998,-0.009406354820940752,-0.00013419192468455687
prediction,block,out_hotcold,low,pp_tempered,0.008503973871261925,0.0013684634322939158,0.04656819676592084,0.84453125,0.03694695024405302,10,0.8971533007210433,0.0006740123282872853,0.0002949585742821155,0.04414818977459408,0.94453125,0.04404740352868721,10,0.8973555890143501,0.00782996154297464,0.0010735048580118004,0.002420006991326759,-0.10000000000000009,-0.007100453284634191,-0.0002022882933068182
prediction,block,out_hotcold,medium,pp,0.007853931006683308,0.0007790188106542746,0.04030061092397076,0.4921875,0.015504015188710292,10,0.9145424532189029,0.00022649897493912935,0.0002084129820651271,0.042035932540379475,0.95546875,0.04404740352868721,10,0.9025714867940545,0.007627432031744178,0.0005706058285891476,-0.0017353216164087137,-0.46328125,-0.028543388339976918,0.011970966424848406
prediction,block,out_hotcold,medium,pp_sample,0.018246175821950223,0.000614305756342097,0.044542479474925324,0.834375,0.032930332477503654,10,0.9089651194964095,0.00022649897493912935,0.0002084129820651271,0.042035932540379475,0.95546875,0.04404740352868721,10,0.9025714867940545,0.018019676847011095,0.00040589277427696994,0.002506546934545849,-0.12109375,-0.011117071051183557,0.006393632702354934
prediction,block,out_hotcold,medium,pp_tempered,0.01444224171508899,0.0024497015770033044,0.05189044975075316,0.6109375,0.027421813771276293,10,0.900013288553059,0.00022649897493912935,0.0002084129820651271,0.042035932540379475,0.95546875,0.04404740352868721,10,0.9025714867940545,0.01421574274014986,0.0022412885949381774,0.009854517210373684,-0.34453124999999996,-0.01662558975741092,-0.0025581982409955684
prediction,block,out_urban,high,pp,0.014170990169216174,0.001673707055633267,0.04352602732478033,0.3625,0.012084176636484499,10,0.9298667434097947,-0.00755487971253014,0.00033952729340991784,0.04410059992254865,0.95078125,0.04404740352868721,10,0.9024218449689304,0.021725869881746313,0.0013341797622233491,-0.0005745725977683233,-0.5882812500000001,-0.03196322689220271,0.027444898440864285
prediction,block,out_urban,high,pp_sample,0.025984061426323656,0.0011776448098584195,0.043367919639337914,0.74765625,0.028661289684652223,10,0.9276352940121704,-0.00755487971253014,0.00033952729340991784,0.04410059992254865,0.95078125,0.04404740352868721,10,0.9024218449689304,0.0335389411388538,0.0008381175164485017,-0.000732680283210739,-0.203125,-0.015386113844034988,0.025213449043239966
prediction,block,out_urban,high,pp_tempered,0.024012851451348523,0.004160951967872725,0.061230214218111784,0.34375,0.017034468694548638,10,0.9141298693837591,-0.00755487971253014,0.00033952729340991784,0.04410059992254865,0.95078125,0.04404740352868721,10,0.9024218449689304,0.03156773116387866,0.003821424674462807,0.01712961429556313,-0.60703125,-0.027012934834138573,0.011708024414828655
prediction,block,out_urban,low,pp,0.008288297200018576,0.0009340182272376225,0.0425550248338136,0.50625,0.015848651804613787,10,0.908337289406403,-0.0006261798725612015,0.0002608882498331868,0.04234097410052621,0.95078125,0.04404740352868721,10,0.9030480730587411,0.008914477072579778,0.0006731299774044357,0.0002140507332873895,-0.44453125000000004,-0.028198751724073424,0.005289216347661885
prediction,block,out_urban,low,pp_sample,0.018147820898741906,0.0006860576380438714,0.04631491175951017,0.82734375,0.033597832500685404,10,0.905688960889405,-0.0006261798725612015,0.0002608882498331868,0.04234097410052621,0.95078125,0.04404740352868721,10,0.9030480730587411,0.018774000771303107,0.0004251693882106846,0.0039739376589839615,-0.12343749999999998,-0.010449571028001807,0.0026408878306638517
prediction,block,out_urban,low,pp_tempered,0.01988994150994154,0.0031408602275885774,0.05609723340619817,0.640625,0.03013851902054529,10,0.8974303921286845,-0.0006261798725612015,0.0002608882498331868,0.04234097410052621,0.95078125,0.04404740352868721,10,0.9030480730587411,0.020516121382502743,0.002879971977755391,0.01375625930567196,-0.31015625,-0.01390888450814192,-0.005617680930056657
prediction,block,out_urban,medium,pp,0.013992623697797496,0.0016684487628667,0.04472394096443303,0.3890625,0.013349763909373522,10,0.917914767376492,-0.004017588050841428,0.0002047653388222024,0.0423889101546485,0.9546875,0.04404740352868721,10,0.9009507198472813,0.018010211748638923,0.0014636834240444976,0.002335030809784533,-0.565625,-0.03069763961931369,0.01696404752921077
prediction,block,out_urban,medium,pp_sample,0.024453599113654915,0.001128009130341288,0.045250759253113206,0.7703125,0.030432286259012144,10,0.9155099300242387,-0.004017588050841428,0.0002047653388222024,0.0423889101546485,0.9546875,0.04404740352868721,10,0.9009507198472813,0.028471187164496342,0.0009232437915190856,0.0028618490984647083,-0.18437500000000007,-0.013615117269675066,0.014559210176957493
prediction,block,out_urban,medium,pp_tempered,0.025573275090819025,0.004453051906679675,0.0631851661180289,0.40390625,0.020232852725321018,10,0.9042737092281177,-0.004017588050841428,0.0002047653388222024,0.0423889101546485,0.9546875,0.04404740352868721,10,0.9009507198472813,0.029590863141660453,0.004248286567857473,0.020796255963380396,-0.55078125,-0.023814550803366193,0.0033229893808364164
prediction,gradient,crisis_dist,high,pp,0.0023513688959825156,0.00045289405078079186,0.03568189285241606,0.584375,0.015629031152667155,10,0.7433381446934838,-0.008232997347482736,0.0003347907271246879,0.0382904539163361,0.94140625,0.03934294844418585,10,0.7482207866480204,0.010584366243465251,0.00011810332365610397,-0.0026085610639200382,-0.35703125,-0.023713917291518696,-0.004882641954536582
prediction,gradient,crisis_dist,high,pp_sample,0.00932853250070778,0.00031510026213176775,0.04011446411892852,0.859375,0.032262165863281324,10,0.7373696810015841,-0.008232997347482736,0.0003347907271246879,0.0382904539163361,0.94140625,0.03934294844418585,10,0.7482207866480204,0.017561529848190517,-1.969046499292014e-05,0.001824010202592423,-0.08203125,-0.007080782580904527,-0.010851105646436321
prediction,gradient,crisis_dist,high,pp_tempered,0.014267076853129784,0.0012014570427471495,0.04109117000572485,0.76953125,0.028487025889018323,10,0.6790913191666039,-0.008232997347482736,0.0003347907271246879,0.0382904539163361,0.94140625,0.03934294844418585,10,0.7482207866480204,0.02250007420061252,0.0008666663156224616,0.002800716089388748,-0.171875,-0.010855922555167527,-0.06912946748141646
prediction,gradient,crisis_dist,low,pp,0.0012983343206515105,0.0005215626682725816,0.037928027496826486,0.59140625,0.016643505680348784,10,0.7803289656458198,-0.0015050801383998526,0.00044100834396866475,0.038129289344167025,0.9328125,0.03934294844418585,10,0.7796857685622232,0.002803414459051363,8.055432430391688e-05,-0.0002012618473405392,-0.34140625,-0.022699442763837067,0.0006431970835966139
prediction,gradient,crisis_dist,low,pp_sample,0.010521440685696288,0.0004575632029025894,0.043382440806332405,0.84296875,0.03294104101932605,10,0.7548474052809637,-0.0015050801383998526,0.00044100834396866475,0.038129289344167025,0.9328125,0.03934294844418585,10,0.7796857685622232,0.012026520824096141,1.655485893392464e-05,0.00525315146216538,-0.08984375,-0.0064019074248597985,-0.024838363281259435
prediction,gradient,crisis_dist,low,pp_tempered,0.007348633502358114,0.0008825555955769277,0.03949936294561685,0.88671875,0.03542851288218575,10,0.754998477227615,-0.0015050801383998526,0.00044100834396866475,0.038129289344167025,0.9328125,0.03934294844418585,10,0.7796857685622232,0.008853713640757967,0.0004415472516082629,0.0013700736014498269,-0.046093750000000044,-0.0039144355620001,-0.02468729133460812
prediction,gradient,crisis_dist,medium,pp,0.001501190834931197,0.000511830554879702,0.03630106898090719,0.58828125,0.01598635081634278,10,0.7637348551842724,-0.006061619140491212,0.0003558180868233269,0.037627578540412605,0.94296875,0.03934294844418585,10,0.7628807856051362,0.00756280997542241,0.0001560124680563751,-0.0013265095595054177,-0.35468750000000004,-0.02335659762784307,0.0008540695791362518
prediction,gradient,crisis_dist,medium,pp_sample,0.009232590264706374,0.0003623451807287617,0.04108957021375764,0.86484375,0.03250012100884165,10,0.7475152819265842,-0.006061619140491212,0.0003558180868233269,0.037627578540412605,0.94296875,0.03934294844418585,10,0.7628807856051362,0.015294209405197587,6.527093905434793e-06,0.003461991673345037,-0.078125,-0.006842827435344201,-0.01536550367855194
prediction,gradient,crisis_dist,medium,pp_tempered,0.012226093145510403,0.0012278611933474234,0.04072682916305915,0.80625,0.03063479161095839,10,0.7097898061471982,-0.006061619140491212,0.0003558180868233269,0.037627578540412605,0.94296875,0.03934294844418585,10,0.7628807856051362,0.018287712286001616,0.0008720431065240965,0.0030992506226465433,-0.13671875,-0.008708156833227461,-0.05309097945793795
prediction,gradient,crisis_idp,high,pp,0.0005273463548271921,0.0005895516447253524,0.0381915720796004,0.571875,0.016405224969520793,10,0.7523651784107013,-0.006370290813994651,0.00044745800818070104,0.039362921732746935,0.9359375,0.03934294844418585,10,0.757282444657878,0.0068976371688218435,0.0001420936365446514,-0.001171349653146532,-0.36406249999999996,-0.022937723474665057,-0.004917266247176699
prediction,gradient,crisis_idp,high,pp_sample,0.00799600793963743,0.00042250315395822135,0.042834868123304254,0.84140625,0.032804662346321886,10,0.7360918034387794,-0.006370290813994651,0.00044745800818070104,0.039362921732746935,0.9359375,0.03934294844418585,10,0.757282444657878,0.01436629875363208,-2.495485422247969e-05,0.003471946390557319,-0.09453124999999996,-0.006538286097863964,-0.021190641219098527
prediction,gradient,crisis_idp,high,pp_tempered,0.013204896959460248,0.0013852055078596606,0.043169232605495864,0.79296875,0.031421943438750606,10,0.7028655240682218,-0.006370290813994651,0.00044745800818070104,0.039362921732746935,0.9359375,0.03934294844418585,10,0.757282444657878,0.019575187773454898,0.0009377474996789595,0.003806310872748929,-0.14296874999999998,-0.007921005005435244,-0.05441692058965619
prediction,gradient,crisis_idp,low,pp,-0.0001936108902214792,0.0005548378900760669,0.04045350228483342,0.56953125,0.016898225267367475,10,0.765682118207544,-0.0014633413350742784,0.0005203259873468666,0.04057452126953939,0.92890625,0.03934294844418585,10,0.7653885596474457,0.0012697304448527993,3.451190272920029e-05,-0.00012101898470597006,-0.359375,-0.022444723176818376,0.00029355856009827264
prediction,gradient,crisis_idp,low,pp_sample,0.009681731233058832,0.0004900809891140149,0.046079532394740226,0.81484375,0.033118002247957926,10,0.7391279046140552,-0.0014633413350742784,0.0005203259873468666,0.04057452126953939,0.92890625,0.03934294844418585,10,0.7653885596474457,0.01114507256813311,-3.0244998232851648e-05,0.005505011125200833,-0.11406250000000007,-0.006224946196227925,-0.02626065503339048
prediction,gradient,crisis_idp,low,pp_tempered,0.00375237018967253,0.0007222717818004482,0.04071862381423447,0.9031250000000001,0.037489761543759714,10,0.7588919197179973,-0.0014633413350742784,0.0005203259873468666,0.04057452126953939,0.92890625,0.03934294844418585,10,0.7653885596474457,0.005215711524746808,0.00020194579445358162,0.00014410254469507389,-0.025781249999999978,-0.0018531869004261362,-0.006496639929448378
prediction,gradient,crisis_idp,medium,pp,0.0013273406806947694,0.0004892243872847883,0.0382808237409655,0.57890625,0.01663663766539112,10,0.7612695721238681,-0.0030522256950154757,0.0003922805715351615,0.0389275547428339,0.94375,0.03934294844418585,10,0.7620174941842583,0.004379566375710246,9.694381574962686e-05,-0.0006467310018683989,-0.36484375,-0.02270631077879473,-0.0007479220603902048
prediction,gradient,crisis_idp,medium,pp_sample,0.009777085369384113,0.00040948164216267477,0.043663230774984296,0.8421875,0.03293565907365392,10,0.7399661766114656,-0.0030522256950154757,0.0003922805715351615,0.0389275547428339,0.94375,0.03934294844418585,10,0.7620174941842583,0.01282931106439959,1.7201070627513278e-05,0.004735676032150395,-0.1015625,-0.006407289370531928,-0.022051317572792772
prediction,gradient,crisis_idp,medium,pp_tempered,0.011428662964048921,0.0010363398995293085,0.040989686184210984,0.85,0.03383864434286614,10,0.7309344969246243,-0.0030522256950154757,0.0003922805715351615,0.0389275547428339,0.94375,0.03934294844418585,10,0.7620174941842583,0.014480888659064398,0.000644059327994147,0.0020621314413770825,-0.09375,-0.005504304101319711,-0.031082997259634038
prediction,gradient,distance,high,pp,-0.0013709729109944646,0.0001008514037329539,0.02034011113252621,0.696875,0.010884384223977583,10,0.8119788803095689,0.00023003355301895467,0.0004766885627021957,0.03789682756260932,0.94375,0.03934294844418585,10,0.699265945658617,-0.0016010064640134191,-0.0003758371589692418,-0.01755671643008311,-0.24687499999999996,-0.028458564220208267,0.11271293465095189
prediction,gradient,distance,high,pp_sample,0.01705716885592958,0.00038719017552483315,0.029636123844364117,0.9125,0.026726432873870876,10,0.7671375997795057,0.00023003355301895467,0.0004766885627021957,0.03789682756260932,0.94375,0.03934294844418585,10,0.699265945658617,0.016827135302910627,-8.949838717736257e-05,-0.008260703718245204,-0.03125,-0.012616515570314974,0.06787165412088869
prediction,gradient,distance,high,pp_tempered,-0.0013877168393794665,0.00021231541907469685,0.02224856764814994,0.7125,0.012477265721552383,10,0.7991060550167229,0.00023003355301895467,0.0004766885627021957,0.03789682756260932,0.94375,0.03934294844418585,10,0.699265945658617,-0.0016177503923984213,-0.0002643731436274989,-0.01564825991445938,-0.23124999999999996,-0.02686568272263347,0.09984010935810594
prediction,gradient,distance,low,pp,-0.001238016147983499,0.0005242805679916466,0.03438147851953387,0.5671875,0.014476379717612427,10,0.7882617517112134,-0.0007672967330788225,0.00025193156287289917,0.03603666823887468,0.95703125,0.03934294844418585,10,0.775142004665002,-0.00047071941490467646,0.0002723490051187474,-0.0016551897193408105,-0.38984375000000004,-0.024866568726573425,0.013119747046211327
prediction,gradient,distance,low,pp_sample,0.012043957010143961,0.0003959719963748281,0.03892145638038044,0.86640625,0.031090740450704375,10,0.7649810263019228,-0.0007672967330788225,0.00025193156287289917,0.03603666823887468,0.95703125,0.03934294844418585,10,0.775142004665002,0.012811253743222784,0.00014404043350192892,0.0028847881415057647,-0.09062499999999996,-0.008252207993481475,-0.010160978363079276
prediction,gradient,distance,low,pp_tempered,-0.0020708043588230085,0.001052351675931341,0.03730377253511569,0.75,0.023179131467588435,10,0.7815061699724226,-0.0007672967330788225,0.00025193156287289917,0.03603666823887468,0.95703125,0.03934294844418585,10,0.775142004665002,-0.001303507625744186,0.0008004201130584419,0.001267104296241009,-0.20703125,-0.016163816976597415,0.006364165307420566
prediction,gradient,distance,medium,pp,-0.0010172894292488838,0.00029053493370222524,0.026298181778379674,0.603125,0.011918716384903947,10,0.7982169933052881,0.00017673137505948592,0.0002034507144600838,0.03517198251945678,0.9625,0.03934294844418585,10,0.7445981031545298,-0.0011940208043083698,8.708421924214144e-05,-0.008873800741077107,-0.359375,-0.027424232059281906,0.05361889015075827
prediction,gradient,distance,medium,pp_sample,0.015844485147533113,0.0003820063564190882,0.032833708948994976,0.88671875,0.02815427456223127,10,0.7707875246883706,0.00017673137505948592,0.0002034507144600838,0.03517198251945678,0.9625,0.03934294844418585,10,0.7445981031545298,0.015667753772473626,0.0001785556419590044,-0.0023382735704618046,-0.07578125000000002,-0.011188673881954582,0.02618942153384085
prediction,gradient,distance,medium,pp_tempered,-0.0011947061140667914,0.0005655976913395183,0.02915920261648655,0.6625,0.015134159984741833,10,0.7808758398450263,0.00017673137505948592,0.0002034507144600838,0.03517198251945678,0.9625,0.03934294844418585,10,0.7445981031545298,-0.0013714374891262773,0.00036214697687943453,-0.006012779902970229,-0.30000000000000004,-0.02420878845944402,0.0362777366904965
prediction,gradient,into_hotcold,high,pp,-0.0015150078440755897,0.0006289385468085104,0.047830891728017626,0.49453125,0.017041872905316422,10,0.6980673110964055,-0.002224771968408757,0.000702317159075977,0.04940233939748086,0.86484375,0.03934294844418585,10,0.6882101273536301,0.0007097641243331671,-7.337861226746668e-05,-0.0015714476694632315,-0.37031250000000004,-0.02230107553886943,0.009857183742775444
prediction,gradient,into_hotcold,high,pp_sample,0.008536426747093977,0.0005765240471982578,0.05287625586630933,0.7671875,0.03321169202853013,10,0.6679321002201155,-0.002224771968408757,0.000702317159075977,0.04940233939748086,0.86484375,0.03934294844418585,10,0.6882101273536301,0.010761198715502733,-0.00012579311187771924,0.0034739164688284696,-0.09765625,-0.00613125641565572,-0.020278027133514565
prediction,gradient,into_hotcold,high,pp_tempered,-0.0012226617071716757,0.0006253929537853434,0.04769115180861718,0.878125,0.03870923869620526,10,0.6967537203091676,-0.002224771968408757,0.000702317159075977,0.04940233939748086,0.86484375,0.03934294844418585,10,0.6882101273536301,0.001002110261237081,-7.692420529063369e-05,-0.001711187588863676,0.013281250000000022,-0.0006337097479805903,0.008543592955537527
prediction,gradient,into_hotcold,low,pp,-0.0009642910391028083,0.0005145744053277047,0.04021174554529419,0.5609375,0.01700665671945823,10,0.7529162498630686,-0.0013636198582310023,0.0005271908871188791,0.0407724417791002,0.9296875,0.03934294844418585,10,0.7511637648888144,0.000399328819128194,-1.2616481791174355e-05,-0.0005606962338060087,-0.36875,-0.02233629172472762,0.001752484974254176
prediction,gradient,into_hotcold,low,pp_sample,0.009365709654423307,0.00046662004745665525,0.04580119923378969,0.83046875,0.03318424362725746,10,0.7273585671052445,-0.0013636198582310023,0.0005271908871188791,0.0407724417791002,0.9296875,0.03934294844418585,10,0.7511637648888144,0.010729329512654309,-6.0570839662223836e-05,0.005028757454689489,-0.09921875000000002,-0.006158704816928387,-0.02380519778356993
prediction,gradient,into_hotcold,low,pp_tempered,-0.0005653598550825678,0.0005398562263764306,0.04060985099993053,0.92109375,0.038859041627092125,10,0.7458659558998131,-0.0013636198582310023,0.0005271908871188791,0.0407724417791002,0.9296875,0.03934294844418585,10,0.7511637648888144,0.0007982600031484345,1.266533925755155e-05,-0.0001625907791696704,-0.008593749999999956,-0.00048390681709372524,-0.00529780898900134
prediction,gradient,into_hotcold,medium,pp,-0.0006301133306138584,0.00047917838427740983,0.041671562811144154,0.559375,0.017022225883992593,10,0.7278917843777368,-0.001268038906445094,0.0005370884703900442,0.04303336203366577,0.903125,0.03934294844418585,10,0.7195768339590229,0.0006379255758312357,-5.791008611263438e-05,-0.001361799222521616,-0.34375,-0.022320722560193258,0.008314950418713885
prediction,gradient,into_hotcold,medium,pp_sample,0.009443156088064963,0.0004782128048466336,0.04737513577620561,0.809375,0.03320443457219751,10,0.7007996119409226,-0.001268038906445094,0.0005370884703900442,0.04303336203366577,0.903125,0.03934294844418585,10,0.7195768339590229,0.010711194994510056,-5.887566554341059e-05,0.004341773742539842,-0.09375,-0.006138513871988341,-0.018777222018100392
prediction,gradient,into_hotcold,medium,pp_tempered,-0.0002906257673453827,0.00048276283675129783,0.04173133696904754,0.9125,0.03876141704602668,10,0.725252325663696,-0.001268038906445094,0.0005370884703900442,0.04303336203366577,0.903125,0.03934294844418585,10,0.7195768339590229,0.0009774131390997115,-5.432563363874638e-05,-0.0013020250646182327,0.009375000000000022,-0.0005815313981591685,0.005675491704673075
prediction,gradient,into_urban,high,pp,0.001324982086100916,0.0005220909535545444,0.04800911022632214,0.4875,0.017165149928017466,10,0.6822180393428006,0.002007972231653473,0.0005748231306965343,0.0491725079186547,0.8625,0.03934294844418585,10,0.6794486650629936,-0.0006829901455525571,-5.273217714198998e-05,-0.001163397692332556,-0.37500000000000006,-0.022177798516168384,0.0027693742798069465
prediction,gradient,into_urban,high,pp_sample,0.011731816439808732,0.0005861722493934402,0.053731197997281196,0.76484375,0.033242884765276,10,0.6573989438544998,0.002007972231653473,0.0005748231306965343,0.0491725079186547,0.8625,0.03934294844418585,10,0.6794486650629936,0.00972384420815526,1.1349118696905836e-05,0.004558690078626498,-0.09765625,-0.006100063678909848,-0.0220497212084938
prediction,gradient,into_urban,high,pp_tempered,0.0005831479533670644,0.000522430085665175,0.04753719850307059,0.87734375,0.03887690767092572,10,0.6788054662930383,0.002007972231653473,0.0005748231306965343,0.0491725079186547,0.8625,0.03934294844418585,10,0.6794486650629936,-0.0014248242782864086,-5.239304503135936e-05,-0.0016353094155841102,0.014843749999999933,-0.00046604077326013044,-0.0006431987699553332
prediction,gradient,into_urban,low,pp,0.00041873788558585386,0.0004909035213831157,0.0393095703873901,0.56875,0.01703661332517499,10,0.7676930119388803,0.000588074526812546,0.0004923577165252629,0.03944077830437587,0.9304687500000001,0.03934294844418585,10,0.7680220497407273,-0.00016933664122669215,-1.4541951421471414e-06,-0.00013120791698576634,-0.3617187500000001,-0.02230633511901086,-0.0003290378018470097
prediction,gradient,into_urban,low,pp_sample,0.010817805104657541,0.00048136973275592407,0.045159537133913595,0.83203125,0.03324833839956347,10,0.7426646655097817,0.000588074526812546,0.0004923577165252629,0.03944077830437587,0.9304687500000001,0.03934294844418585,10,0.7680220497407273,0.010229730577844995,-1.0987983769338786e-05,0.005718758829537728,-0.09843750000000007,-0.0060946100446223825,-0.02535738423094558
prediction,gradient,into_urban,low,pp_tempered,-0.00023368607423380707,0.0005127974077972822,0.0392504043057766,0.92734375,0.039112983188285655,10,0.7642813163775031,0.000588074526812546,0.0004923577165252629,0.03944077830437587,0.9304687500000001,0.03934294844418585,10,0.7680220497407273,-0.000821760601046353,2.043969127201936e-05,-0.0001903739985992664,-0.0031250000000000444,-0.0002299652559001955,-0.0037407333632242246
prediction,gradient,into_urban,medium,pp,-0.0007272911356254012,0.0004893116500545728,0.042287849007105444,0.55078125,0.017107096955673393,10,0.7362306015412109,-0.000211528065480056,0.0005167355588185051,0.043094043725760964,0.9171875,0.03934294844418585,10,0.7353593650921665,-0.0005157630701453453,-2.7423908763932322e-05,-0.0008061947186555202,-0.36640625000000004,-0.022235851488512457,0.0008712364490444102
prediction,gradient,into_urban,medium,pp_sample,0.009681005780045588,0.0004765646519151923,0.04819726824341202,0.80546875,0.03323923096538273,10,0.7086712114975839,-0.000211528065480056,0.0005167355588185051,0.043094043725760964,0.9171875,0.03934294844418585,10,0.7353593650921665,0.009892533845525645,-4.017090690331277e-05,0.005103224517651057,-0.11171875000000009,-0.006103717478803124,-0.026688153594582542
prediction,gradient,into_urban,medium,pp_tempered,-0.0015474598272230487,0.0005051514116071896,0.042138323136904784,0.91953125,0.03895518251971041,10,0.7336572370177421,-0.000211528065480056,0.0005167355588185051,0.043094043725760964,0.9171875,0.03934294844418585,10,0.7353593650921665,-0.0013359317617429927,-1.1584147211315433e-05,-0.0009557205888561793,0.002343749999999978,-0.0003877659244754389,-0.0017021280744243805
prediction,gradient,neighbors,high,pp,-0.0007632792935212296,0.00019929096786418737,0.026435699726937042,0.64765625,0.013105599284036712,10,0.8804568760300311,0.0011441858678139566,0.00041394063853935487,0.037594125565342924,0.95,0.03934294844418585,10,0.755190784654825,-0.0019074651613351862,-0.0002146496706751675,-0.011158425838405883,-0.3023437499999999,-0.026237349160149137,0.12526609137520606
prediction,gradient,neighbors,high,pp_sample,0.014110134337285205,0.0003918893004035493,0.033829568482036956,0.88671875,0.029265299524778986,10,0.8451079243728253,0.0011441858678139566,0.00041394063853935487,0.037594125565342924,0.95,0.03934294844418585,10,0.755190784654825,0.012965948469471248,-2.205133813580558e-05,-0.003764557083305968,-0.06328124999999996,-0.010077648919406865,0.0899171397180003
prediction,gradient,neighbors,high,pp_tempered,-0.0002185387676896808,0.00022592505574937707,0.027250919810883498,0.71953125,0.016148033343881773,10,0.8722955960446803,0.0011441858678139566,0.00041394063853935487,0.037594125565342924,0.95,0.03934294844418585,10,0.755190784654825,-0.0013627246355036374,-0.0001880155827899778,-0.010343205754459427,-0.23046875,-0.023194915100304078,0.11710481138985529
prediction,gradient,neighbors,low,pp,-0.0009235691769748233,0.0004278825030802582,0.03482023311799201,0.58203125,0.01531830978796608,10,0.8127388072419954,0.00010232546065573496,0.00037732373936365883,0.037190633618257724,0.94140625,0.03934294844418585,10,0.785162546510188,-0.0010258946376305582,5.0558763716599374e-05,-0.0023704005002657125,-0.359375,-0.02402463865621977,0.02757626073180741
prediction,gradient,neighbors,low,pp_sample,0.011491941334498846,0.00042350069650865055,0.04083294506889578,0.84921875,0.031731837667732556,10,0.779082206238046,0.00010232546065573496,0.00037732373936365883,0.037190633618257724,0.94140625,0.03934294844418585,10,0.785162546510188,0.011389615873843111,4.617695714499172e-05,0.003642311450638057,-0.09218749999999998,-0.007611110776453295,-0.006080340272141993
prediction,gradient,neighbors,low,pp_tempered,-0.00148717556767828,0.0005437446527412549,0.033892427490238373,0.846875,0.027225846324685457,10,0.8248517052299581,0.00010232546065573496,0.00037732373936365883,0.037190633618257724,0.94140625,0.03934294844418585,10,0.785162546510188,-0.001589501028334015,0.00016642091337759607,-0.00329820612801935,-0.09453124999999996,-0.012117102119500393,0.03968915871977008
prediction,gradient,neighbors,medium,pp,-0.0009113632759484268,0.0002409718346922722,0.029094916954776805,0.6125,0.013740225185254673,10,0.8504536931602928,0.0008268777388490161,0.00028491469589274603,0.036054333200680674,0.9546875,0.03934294844418585,10,0.7699521455183602,-0.001738241014797443,-4.394286120047383e-05,-0.00695941624590387,-0.3421875,-0.025602723258931176,0.08050154764193262
prediction,gradient,neighbors,medium,pp_sample,0.01331356798354813,0.00035850992033770103,0.03595855316326854,0.8796875,0.03004395895538474,10,0.815127331473082,0.0008268777388490161,0.00028491469589274603,0.036054333200680674,0.9546875,0.03934294844418585,10,0.7699521455183602,0.012486690244699113,7.3595224444955e-05,-9.578003741213259e-05,-0.07500000000000007,-0.009298989488801111,0.04517518595472181
prediction,gradient,neighbors,medium,pp_tempered,-0.000662844742914603,0.000314792051967669,0.02919690877612647,0.7625,0.019303646415710814,10,0.8513996003072446,0.0008268777388490161,0.00028491469589274603,0.036054333200680674,0.9546875,0.03934294844418585,10,0.7699521455183602,-0.0014897224817636192,2.987735607492295e-05,-0.006857424424554205,-0.19218750000000007,-0.020039302028475037,0.08144745478888438
prediction,gradient,out_hotcold,high,pp,-0.0035148432808533216,0.0007113154774944725,0.03574312524672186,0.49296875,0.013339191904671975,10,0.7918258778702979,0.0017156130291036955,0.00031200986649308185,0.03647628435293866,0.9484375,0.03934294844418585,10,0.7762466469503935,-0.005230456309957017,0.0003993056110013906,-0.0007331591062168033,-0.45546875000000003,-0.026003756539513874,0.01557923091990443
prediction,gradient,out_hotcold,high,pp_sample,0.012895270353449772,0.0005122659249289154,0.03894746065985039,0.83359375,0.02982296387037395,10,0.7725877391177111,0.0017156130291036955,0.00031200986649308185,0.03647628435293866,0.9484375,0.03934294844418585,10,0.7762466469503935,0.011179657324346077,0.00020025605843583354,0.0024711763069117307,-0.11484375000000002,-0.0095199845738119,-0.003658907832682412
prediction,gradient,out_hotcold,high,pp_tempered,-0.008274080599303847,0.001330979227019431,0.04065128973653868,0.64453125,0.020385003980506505,10,0.7554857642243828,0.0017156130291036955,0.00031200986649308185,0.03647628435293866,0.9484375,0.03934294844418585,10,0.7762466469503935,-0.009989693628407542,0.001018969360526349,0.004175005383600015,-0.30390625000000004,-0.018957944463679346,-0.02076088272601062
prediction,gradient,out_hotcold,low,pp,-0.001958867725551069,0.0005789957452498348,0.03820758337476137,0.559375,0.016097276853234796,10,0.7784473043629135,-0.0005788548281941506,0.00046288811242633165,0.03890798614342268,0.9390625,0.03934294844418585,10,0.7722436532177568,-0.0013800128973569183,0.00011610763282350319,-0.000700402768661311,-0.37968750000000007,-0.023245671590951054,0.006203651145156752
prediction,gradient,out_hotcold,low,pp_sample,0.01010281166043376,0.00047146183599634003,0.043568935759280954,0.8367187500000001,0.032441935903994246,10,0.7506407354975281,-0.0005788548281941506,0.00046288811242633165,0.03890798614342268,0.9390625,0.03934294844418585,10,0.7722436532177568,0.01068166648862791,8.573723570008381e-06,0.004660949615858272,-0.10234374999999996,-0.006901012540191605,-0.02160291772022871
prediction,gradient,out_hotcold,low,pp_tempered,-0.004832132511118748,0.0009294256676227838,0.03904145079625079,0.85625,0.031802344003994086,10,0.7720613897984026,-0.0005788548281941506,0.00046288811242633165,0.03890798614342268,0.9390625,0.03934294844418585,10,0.7722436532177568,-0.004253277682924598,0.0004665375551964521,0.00013346465282811082,-0.08281250000000007,-0.007540604440191764,-0.00018226341935423385
prediction,gradient,out_hotcold,medium,pp,-0.0027423421167610657,0.0006301366766701428,0.03625960887592314,0.515625,0.014350252415158287,10,0.7914705788500533,0.0012210677953497183,0.0003282294177695023,0.03748739519692634,0.953125,0.03934294844418585,10,0.7755065171274517,-0.003963409912110784,0.0003019072589006405,-0.0012277863210032047,-0.4375,-0.024992696029027563,0.015964061722601675
prediction,gradient,out_hotcold,medium,pp_sample,0.012206553412040603,0.00045620510475948966,0.04050455862743287,0.8406250000000001,0.030888266896919266,10,0.7669726993795342,0.0012210677953497183,0.0003282294177695023,0.03748739519692634,0.953125,0.03934294844418585,10,0.7755065171274517,0.010985485616690886,0.00012797568698998737,0.0030171634305065295,-0.11249999999999993,-0.008454681547266585,-0.008533817747917505
prediction,gradient,out_hotcold,medium,pp_tempered,-0.007493172368309326,0.001235081653407493,0.040113988868243515,0.72109375,0.02363249121615282,10,0.7673709742022579,0.0012210677953497183,0.0003282294177695023,0.03748739519692634,0.953125,0.03934294844418585,10,0.7755065171274517,-0.008714240163659044,0.0009068522356379905,0.002626593671317172,-0.23203125000000002,-0.01571045722803303,-0.008135542925193806
prediction,gradient,out_urban,high,pp,-0.0016576670520122014,0.0008254137698636161,0.03492759533992755,0.440625,0.011136158280534734,10,0.7928040888686912,-0.0023405898788870427,0.00023876713827072964,0.03603007192582761,0.96484375,0.03934294844418585,10,0.778155895193952,0.0006829228268748413,0.0005866466315928864,-0.0011024765859000626,-0.52421875,-0.028206790163651116,0.01464819367473924
prediction,gradient,out_urban,high,pp_sample,0.01660713907666583,0.0006762138217383781,0.0374300479502698,0.81015625,0.026991061006301734,10,0.7796334199195897,-0.0023405898788870427,0.00023876713827072964,0.03603007192582761,0.96484375,0.03934294844418585,10,0.778155895193952,0.018947728955552873,0.0004374466834676485,0.0013999760244421885,-0.15468749999999998,-0.012351887437884117,0.001477524725637669
prediction,gradient,out_urban,high,pp_tempered,-0.0012030087026375558,0.001302794052968149,0.039610985888366576,0.515625,0.015237107109976852,10,0.7606101555291882,-0.0023405898788870427,0.00023876713827072964,0.03603007192582761,0.96484375,0.03934294844418585,10,0.778155895193952,0.001137581176249487,0.0010640269146974194,0.0035809139625389633,-0.44921875,-0.024105841334208997,-0.017545739664763804
prediction,gradient,out_urban,low,pp,-0.0008677268552339047,0.0007251880959397728,0.03810542431262104,0.53046875,0.014969713576261432,10,0.7803536582800548,-0.0012084416390345314,0.0004391220087335589,0.038819991418761475,0.9390625,0.03934294844418585,10,0.7722833485746451,0.0003407147838006267,0.0002860660872062139,-0.000714567106140436,-0.40859375,-0.02437323486792442,0.008070309705409673
prediction,gradient,out_urban,low,pp_sample,0.01179725806580003,0.0005314031700343494,0.042757163539713525,0.83828125,0.03146231702457863,10,0.7556818082737877,-0.0012084416390345314,0.0004391220087335589,0.038819991418761475,0.9390625,0.03934294844418585,10,0.7722833485746451,0.013005699704834561,9.228116130079048e-05,0.00393717212095205,-0.10078125000000004,-0.007880631419607223,-0.016601540300857365
prediction,gradient,out_urban,low,pp_tempered,-0.0006623911542305346,0.0013173389395757964,0.04112969680442455,0.75703125,0.026325559987907955,10,0.7657993151638885,-0.0012084416390345314,0.0004391220087335589,0.038819991418761475,0.9390625,0.03934294844418585,10,0.7722833485746451,0.0005460504848039968,0.0008782169308422375,0.002309705385663073,-0.18203124999999998,-0.013017388456277895,-0.00648403341075654
prediction,gradient,out_urban,medium,pp,-0.0005746352650988538,0.0007965536374028119,0.03616769708841648,0.46796875,0.012326639411928204,10,0.7855148298138882,-0.0012185331624523696,0.0002755705166296841,0.03629802591491341,0.9515625,0.03934294844418585,10,0.7758731645242142,0.0006438978973535159,0.0005209831207731279,-0.00013032882649692545,-0.48359375,-0.027016309032257647,0.009641665289674028
prediction,gradient,out_urban,medium,pp_sample,0.015797140607020622,0.0006294602821823857,0.038885119996623536,0.8140625,0.028613957382247063,10,0.7675387799717635,-0.0012185331624523696,0.0002755705166296841,0.03629802591491341,0.9515625,0.03934294844418585,10,0.7758731645242142,0.01701567376947299,0.0003538897655527016,0.00258709408171013,-0.13749999999999996,-0.010728991061938788,-0.008334384552450724
prediction,gradient,out_urban,medium,pp_tempered,-0.00022174962725599867,0.0013717676400447063,0.04116125800642736,0.5640625,0.017936897868627094,10,0.7588041167906255,-0.0012185331624523696,0.0002755705166296841,0.03629802591491341,0.9515625,0.03934294844418585,10,0.7758731645242142,0.000996783535196371,0.0010961971234150223,0.004863232091513951,-0.38749999999999996,-0.021406050575558756,-0.017069047733588638
prediction,hotcold,crisis_dist,high,pp,0.00563190695541297,0.0005934347584338993,0.04067056441028689,0.53828125,0.016015672514997675,10,0.8690920645801347,-0.011910397122222959,0.0004773901077576727,0.04717623913537701,0.91953125,0.043746815392287426,10,0.8603067438823994,0.017542304077635927,0.00011604465067622665,-0.006505674725090123,-0.38125,-0.02773114287728975,0.0087853206977353
prediction,hotcold,crisis_dist,high,pp_sample,0.010433479568491562,0.00036057540610937266,0.045464898004089635,0.8484375,0.03446205375761656,10,0.8609193273606005,-0.011910397122222959,0.0004773901077576727,0.04717623913537701,0.91953125,0.043746815392287426,10,0.8603067438823994,0.02234387669071452,-0.00011681470164830003,-0.001711341131287375,-0.07109375000000007,-0.009284761634670867,0.0006125834782011452
prediction,hotcold,crisis_dist,high,pp_tempered,0.030048434965540258,0.0033693080941736243,0.05927169156910691,0.5921875,0.030970250616141955,10,0.8103135574409391,-0.011910397122222959,0.0004773901077576727,0.04717623913537701,0.91953125,0.043746815392287426,10,0.8603067438823994,0.041958832087763215,0.0028919179864159514,0.012095452433729899,-0.32734375000000004,-0.012776564776145471,-0.049993186441460225
prediction,hotcold,crisis_dist,low,pp,0.001111858117327643,0.0004291468415817392,0.04236480540150322,0.53125,0.016894183333719573,10,0.8769021451083112,-0.0030619114389469756,0.00031546416502515755,0.043703210047325886,0.9421875,0.043746815392287426,10,0.8730678504834282,0.004173769556274618,0.00011368267655658163,-0.0013384046458226675,-0.41093749999999996,-0.026852632058567853,0.00383429462488305
prediction,hotcold,crisis_dist,low,pp_sample,0.01143847800588767,0.0004503451469027031,0.049365765060401065,0.81875,0.03526236734929835,10,0.8629114467545096,-0.0030619114389469756,0.00031546416502515755,0.043703210047325886,0.9421875,0.043746815392287426,10,0.8730678504834282,0.014500389444834647,0.00013488098187754556,0.0056625550130751795,-0.12343749999999998,-0.008484448042989076,-0.010156403728918573
prediction,hotcold,crisis_dist,low,pp_tempered,0.012445674401828274,0.0013176381123912923,0.04642488543465026,0.8718750000000001,0.03895990068773063,10,0.8669268599050796,-0.0030619114389469756,0.00031546416502515755,0.043703210047325886,0.9421875,0.043746815392287426,10,0.8730678504834282,0.015507585840775249,0.0010021739473661348,0.0027216753873243738,-0.07031249999999989,-0.004786914704556798,-0.006140990578348604
prediction,hotcold,crisis_dist,medium,pp,0.003940758829262816,0.0005749299759660155,0.04128703808528923,0.5359375,0.016355707695837995,10,0.8759811976755765,-0.008047427206732878,0.0003046450503319249,0.044100640372780144,0.9390625,0.043746815392287426,10,0.8710914122913394,0.011988186035995694,0.0002702849256340906,-0.0028136022874909114,-0.40312500000000007,-0.02739110769644943,0.004889785384237122
prediction,hotcold,crisis_dist,medium,pp_sample,0.010855177231088801,0.0003737914856264322,0.04629089920098007,0.8453125,0.034772443965358765,10,0.8651595720688862,-0.008047427206732878,0.0003046450503319249,0.044100640372780144,0.9390625,0.043746815392287426,10,0.8710914122913394,0.018902604437821678,6.914643529450727e-05,0.002190258828199926,-0.09375,-0.008974371426928661,-0.0059318402224531885
prediction,hotcold,crisis_dist,medium,pp_tempered,0.025586808751693148,0.002965566690487742,0.05651750397370037,0.66171875,0.0334409822982312,10,0.8355332889250254,-0.008047427206732878,0.0003046450503319249,0.044100640372780144,0.9390625,0.043746815392287426,10,0.8710914122913394,0.033634235958426024,0.002660921640155817,0.012416863600920224,-0.27734375,-0.010305833094056228,-0.03555812336631392
prediction,hotcold,crisis_idp,high,pp,0.00379122958618137,0.0004908190998343917,0.04312967815396637,0.5453125,0.01686829118285022,10,0.8541202482749123,-0.008173783177217528,0.00034648165643461884,0.04637061738026821,0.93359375,0.043746815392287426,10,0.8579579759058686,0.011965012763398897,0.00014433744339977287,-0.0032409392263018366,-0.38828125,-0.026878524209437205,-0.0038377276309563557
prediction,hotcold,crisis_idp,high,pp_sample,0.010213744808238305,0.00043028317567484257,0.049618952535475214,0.834375,0.03519256605027693,10,0.8417063576650528,-0.008173783177217528,0.00034648165643461884,0.04637061738026821,0.93359375,0.043746815392287426,10,0.8579579759058686,0.018387527985455832,8.380151924022373e-05,0.003248335155207005,-0.09921875000000002,-0.008554249342010496,-0.01625161824081589
prediction,hotcold,crisis_idp,high,pp_tempered,0.02952543658964117,0.0031740975007317094,0.06006703542006337,0.6203125,0.034577574045877496,10,0.8076409051972071,-0.008173783177217528,0.00034648165643461884,0.04637061738026821,0.93359375,0.043746815392287426,10,0.8579579759058686,0.0376992197668587,0.0028276158442970905,0.013696418039795162,-0.31328124999999996,-0.00916924134640993,-0.05031707070866154
prediction,hotcold,crisis_idp,low,pp,1.961924711878306e-05,0.00039197641000194346,0.043682302334021574,0.56015625,0.017086827199088602,10,0.8693990062556667,-0.0021352251244852313,0.0003471145202576671,0.044080017640327304,0.93984375,0.043746815392287426,10,0.8688908573737961,0.0021548443716040144,4.4861889744276346e-05,-0.00039771530630573065,-0.37968749999999996,-0.026659988193198824,0.0005081488818705626
prediction,hotcold,crisis_idp,low,pp_sample,0.011157224931145543,0.0004717092670525664,0.05078574339263102,0.80859375,0.03545779837689831,10,0.853234088973983,-0.0021352251244852313,0.0003471145202576671,0.044080017640327304,0.93984375,0.043746815392287426,10,0.8688908573737961,0.013292450055630775,0.00012459474679489926,0.006705725752303715,-0.13124999999999998,-0.008289017015389116,-0.015656768399813115
prediction,hotcold,crisis_idp,low,pp_tempered,0.008013295011977712,0.0007977389463355813,0.04536645862390503,0.909375,0.0418508316457366,10,0.866346963454356,-0.0021352251244852313,0.0003471145202576671,0.044080017640327304,0.93984375,0.043746815392287426,10,0.8688908573737961,0.010148520136462943,0.00045062442607791416,0.001286440983577726,-0.030468749999999933,-0.001895983746550825,-0.002543893919440099
prediction,hotcold,crisis_idp,medium,pp,0.0009008503842328645,0.0004683507369286407,0.04396609378340739,0.5515625,0.017024430424217925,10,0.8616160237951395,-0.006539687667617942,0.00032927835796316834,0.04553809728609531,0.9375,0.043746815392287426,10,0.8623971330655478,0.007440538051850806,0.00013907237896547235,-0.0015720035026879145,-0.38593750000000004,-0.0267223849680695,-0.0007811092704083089
prediction,hotcold,crisis_idp,medium,pp_sample,0.00945917910055281,0.0004220561260306948,0.05040771387005132,0.8296875,0.03529842892897393,10,0.8473672448074291,-0.006539687667617942,0.00032927835796316834,0.04553809728609531,0.9375,0.043746815392287426,10,0.8623971330655478,0.015998866768170753,9.277776806752646e-05,0.004869616583956016,-0.10781249999999998,-0.008448386463313494,-0.015029888258118684
prediction,hotcold,crisis_idp,medium,pp_tempered,0.02124346100961235,0.002279424104447259,0.0555521214262321,0.7140625,0.03742622104743526,10,0.8346454855308882,-0.006539687667617942,0.00032927835796316834,0.04553809728609531,0.9375,0.043746815392287426,10,0.8623971330655478,0.027783148677230293,0.0019501457464840906,0.010014024140136794,-0.22343749999999996,-0.0063205943448521665,-0.02775164753465953
prediction,hotcold,distance,high,pp,0.0064492149940070815,0.00022070594191015656,0.022592645431014958,0.64765625,0.011653921857191064,10,0.9396527489080077,-0.0017055961233445778,0.0012494536121537892,0.05309373837795432,0.871875,0.043746815392287426,10,0.850206821339194,0.00815481111735166,-0.0010287476702436327,-0.030501092946939364,-0.2242187499999999,-0.03209289353509636,0.08944592756881364
prediction,hotcold,distance,high,pp_sample,0.02185452189684587,0.0007142838756959614,0.034120553334093605,0.87734375,0.02814653827275602,10,0.9126951083079436,-0.0017055961233445778,0.0012494536121537892,0.05309373837795432,0.871875,0.043746815392287426,10,0.850206821339194,0.023560118020190448,-0.0005351697364578278,-0.018973185043860717,0.005468750000000022,-0.015600277119531405,0.06248828696874964
prediction,hotcold,distance,high,pp_tempered,0.009322697023808139,0.0005787676238899806,0.027736743079369915,0.6046875,0.013408651888248913,10,0.9326791497810649,-0.0017055961233445778,0.0012494536121537892,0.05309373837795432,0.871875,0.043746815392287426,10,0.850206821339194,0.011028293147152717,-0.0006706859882638086,-0.025356995298584407,-0.2671874999999999,-0.030338163504038514,0.08247232844187091
prediction,hotcold,distance,low,pp,0.00254726756287513,0.0005390987968913268,0.03774300738216515,0.53515625,0.015234896852670264,10,0.8952240800167948,-0.00018117328050207775,0.00026427232653350316,0.043255325512973584,0.9453125,0.043746815392287426,10,0.8694045991184914,0.002728440843377208,0.00027482647035782364,-0.005512318130808436,-0.41015625,-0.02851191853961716,0.025819480898303326
prediction,hotcold,distance,low,pp_sample,0.015669449696476934,0.0005125918931674933,0.04422885177899837,0.84140625,0.033028878801908225,10,0.8757332882549285,-0.00018117328050207775,0.00026427232653350316,0.043255325512973584,0.9453125,0.043746815392287426,10,0.8694045991184914,0.01585062297697901,0.0002483195666339901,0.0009735262660247879,-0.10390624999999998,-0.010717936590379201,0.006328689136437027
prediction,hotcold,distance,low,pp_tempered,0.006176820356260102,0.0014685302577103255,0.043917749584039906,0.6828125,0.025429003206801144,10,0.900300997525099,-0.00018117328050207775,0.00026427232653350316,0.043255325512973584,0.9453125,0.043746815392287426,10,0.8694045991184914,0.00635799363676218,0.0012042579311768223,0.0006624240710663212,-0.26249999999999996,-0.018317812185486282,0.030896398406607517
prediction,hotcold,distance,medium,pp,0.004415705911165856,0.0003365610747815868,0.02737143159360295,0.5984375,0.012713780016226039,10,0.9338682424083616,-0.0014436159866068738,0.0005503532202795302,0.04603760471959667,0.93515625,0.043746815392287426,10,0.8668412086499085,0.00585932189777273,-0.00021379214549794342,-0.01866617312599372,-0.33671875000000007,-0.031033035376061387,0.06702703375845309
prediction,hotcold,distance,medium,pp_sample,0.019070203653672707,0.0005112419614377573,0.03497706452922583,0.884375,0.029738548212987364,10,0.9103998246877024,-0.0014436159866068738,0.0005503532202795302,0.04603760471959667,0.93515625,0.043746815392287426,10,0.8668412086499085,0.020513819640279582,-3.911125884177298e-05,-0.011060540190370838,-0.05078125,-0.014008267179300062,0.043558616037793874
prediction,hotcold,distance,medium,pp_tempered,0.008036073217711494,0.0010073741635456188,0.03528334367088143,0.55625,0.016387396316011056,10,0.9313572558983756,-0.0014436159866068738,0.0005503532202795302,0.04603760471959667,0.93515625,0.043746815392287426,10,0.8668412086499085,0.009479689204318367,0.00045702094326608854,-0.010754261048715241,-0.37890625,-0.02735941907627637,0.06451604724846705
prediction,hotcold,into_hotcold,high,pp,0.000804899841919267,0.0004664242558430199,0.05285373899570598,0.44921875,0.017074519757671214,10,0.8289018604523255,0.0002637174536312024,0.0009863283135578054,0.05697371244600388,0.85078125,0.043746815392287426,10,0.7987281198835134,0.0005411823882880646,-0.0005199040577147855,-0.004119973450297902,-0.40156250000000004,-0.026672295634616212,0.030173740568812057
prediction,hotcold,into_hotcold,high,pp_sample,0.012654722957197792,0.0008212885014827943,0.06176337503636408,0.721875,0.035540352600692354,10,0.8000754728164707,0.0002637174536312024,0.0009863283135578054,0.05697371244600388,0.85078125,0.043746815392287426,10,0.7987281198835134,0.01239100550356659,-0.00016503981207501115,0.004789662590360198,-0.12890625,-0.008206462791595072,0.0013473529329572909
prediction,hotcold,into_hotcold,high,pp_tempered,0.001450342123158164,0.0004711545251882772,0.05291859087455501,0.87890625,0.043004973213454666,10,0.8307490570280021,0.0002637174536312024,0.0009863283135578054,0.05697371244600388,0.85078125,0.043746815392287426,10,0.7987281198835134,0.0011866246695269617,-0.0005151737883695283,-0.004055121571448869,0.028124999999999956,-0.0007418421788327606,0.032020937144488615
prediction,hotcold,into_hotcold,low,pp,-0.00021049593966782643,0.0003777349089434013,0.04469443847917872,0.5390625,0.01706309698416659,10,0.8597766037458527,-0.00017166266333195322,0.0004842525283153466,0.046360675314904336,0.91953125,0.043746815392287426,10,0.8517978610505965,-3.883327633587321e-05,-0.00010651761937194532,-0.0016662368357256152,-0.38046875,-0.026683718408120838,0.007978742695256225
prediction,hotcold,into_hotcold,low,pp_sample,0.012047196967532744,0.0005729699145644736,0.052852917741362714,0.7921875,0.035471077021286594,10,0.839535618290333,-0.00017166266333195322,0.0004842525283153466,0.046360675314904336,0.91953125,0.043746815392287426,10,0.8517978610505965,0.012218859630864698,8.871738624912701e-05,0.006492242426458378,-0.12734374999999998,-0.008275738371000832,-0.012262242760263553
prediction,hotcold,into_hotcold,low,pp_tempered,0.0005968303910464673,0.0005105274655848678,0.046293421057205,0.90625,0.0431788933350558,10,0.8567915131194251,-0.00017166266333195322,0.0004842525283153466,0.046360675314904336,0.91953125,0.043746815392287426,10,0.8517978610505965,0.0007684930543784205,2.627493726952123e-05,-6.72542576993368e-05,-0.013281250000000022,-0.0005679220572316276,0.0049936520688286246
prediction,hotcold,into_hotcold,medium,pp,-0.000925903151266668,0.00041532982058042575,0.0479316695570904,0.503125,0.01707388126357935,10,0.8516372000203972,-0.0012888887788488706,0.0008094122895394136,0.05145270962457421,0.8765625,0.043746815392287426,10,0.8260923815244553,0.0003629856275822026,-0.0003940824689589879,-0.0035210400674838133,-0.3734375,-0.026672934128708078,0.025544818495941923
prediction,hotcold,into_hotcold,medium,pp_sample,0.01105024125641043,0.0006763073720445057,0.05650137441168136,0.7578125,0.03551934063353435,10,0.8225287527267346,-0.0012888887788488706,0.0008094122895394136,0.05145270962457421,0.8765625,0.043746815392287426,10,0.8260923815244553,0.012339130035259301,-0.00013310491749490795,0.005048664787107152,-0.11875000000000002,-0.008227474758753073,-0.0035636287977206527
prediction,hotcold,into_hotcold,medium,pp_tempered,-0.0001635084780964772,0.00043942541888220585,0.0482913535333631,0.88828125,0.04306957651160007,10,0.8537553506744147,-0.0012888887788488706,0.0008094122895394136,0.05145270962457421,0.8765625,0.043746815392287426,10,0.8260923815244553,0.0011253803007523933,-0.0003699868706572078,-0.003161356091211112,0.01171875,-0.000677238880687353,0.02766296914995936
prediction,hotcold,into_urban,high,pp,-0.00106553315490845,0.0005723837918698637,0.05658535190589889,0.43984375,0.017172694184240642,10,0.8188731179025291,-0.0007383387010417605,0.0008028974977023165,0.05861173793382071,0.83828125,0.043746815392287426,10,0.8054282909564939,-0.0003271944538666895,-0.00023051370583245282,-0.0020263860279218227,-0.3984375,-0.026574121208046784,0.013444826946035215
prediction,hotcold,into_urban,high,pp_sample,0.01113412666207831,0.0008331863163974145,0.06430798046803621,0.7015625,0.035622593405015925,10,0.7951431032000879,-0.0007383387010417605,0.0008028974977023165,0.05861173793382071,0.83828125,0.043746815392287426,10,0.8054282909564939,0.011872465363120071,3.0288818695097994e-05,0.005696242534215495,-0.13671875,-0.008124221987271502,-0.010285187756406078
prediction,hotcold,into_urban,high,pp_tempered,-0.001589418161206862,0.0005035063459717939,0.05535356070063378,0.8734375,0.04328264509971212,10,0.830792060616135,-0.0007383387010417605,0.0008028974977023165,0.05861173793382071,0.83828125,0.043746815392287426,10,0.8054282909564939,-0.0008510794601651016,-0.00029939115173052266,-0.003258177233186929,0.03515625,-0.0004641702925753041,0.025363769659641044
prediction,hotcold,into_urban,low,pp,-0.0006596118806576379,0.0003689783325517303,0.04574150473822589,0.52578125,0.01708695216168472,10,0.8563817841939722,-0.0005781491174295657,0.0003852314984313392,0.0461410057613422,0.921875,0.043746815392287426,10,0.8558985278784293,-8.146276322807224e-05,-1.6253165879608913e-05,-0.00039950102311631097,-0.39609375,-0.026659863230602706,0.0004832563155428016
prediction,hotcold,into_urban,low,pp_sample,0.011555038213222877,0.00053546104011258,0.05366425834997079,0.7859375,0.03549357737991501,10,0.8377347716163512,-0.0005781491174295657,0.0003852314984313392,0.0461410057613422,0.921875,0.043746815392287426,10,0.8558985278784293,0.012133187330652443,0.0001502295416812408,0.0075232525886285845,-0.13593750000000004,-0.008253238012372419,-0.018163756262078112
prediction,hotcold,into_urban,low,pp_tempered,-0.0010701444979485453,0.0003997974800995332,0.045927013448136274,0.925,0.04355042009701593,10,0.8551732124647712,-0.0005781491174295657,0.0003852314984313392,0.0461410057613422,0.921875,0.043746815392287426,10,0.8558985278784293,-0.0004919953805189797,1.4565981668193965e-05,-0.0002139923132059296,0.0031250000000000444,-0.00019639529527149674,-0.0007253154136581674
prediction,hotcold,into_urban,medium,pp,0.0003067432544806,0.0004616552569199471,0.04835504083845269,0.5109375,0.017155152165068178,10,0.8516736246272611,0.0005702592354153338,0.0005936342531825763,0.04973980108501525,0.8796875000000001,0.043746815392287426,10,0.8428144892499692,-0.00026351598093473375,-0.00013197899626262913,-0.0013847602465625608,-0.36875,-0.02659166322721925,0.008859135377291993
prediction,hotcold,into_urban,medium,pp_sample,0.012530875588660518,0.000702940290772181,0.05608495180824079,0.76640625,0.03560389934710305,10,0.8326145924881262,0.0005702592354153338,0.0005936342531825763,0.04973980108501525,0.8796875000000001,0.043746815392287426,10,0.8428144892499692,0.011960616353245185,0.0001093060375896047,0.006345150723225536,-0.11328125000000011,-0.008142916045184377,-0.010199896761842964
prediction,hotcold,into_urban,medium,pp_tempered,-0.00022822775200952828,0.0004349054993970302,0.047753165111822794,0.90546875,0.043355375277705076,10,0.8614792489847659,0.0005702592354153338,0.0005936342531825763,0.04973980108501525,0.8796875000000001,0.043746815392287426,10,0.8428144892499692,-0.0007984869874248621,-0.00015872875378554604,-0.0019866359731924577,0.025781249999999978,-0.0003914401145823504,0.018664759734796754
prediction,hotcold,neighbors,high,pp,-0.0016274774733733698,0.0001674008231088598,0.02682891185805993,0.65,0.01304382706090705,10,0.9215040573393128,0.0005015979433555195,0.00045563060547477264,0.04537495457854333,0.9203125,0.043746815392287426,10,0.8605790371555374,-0.0021290754167288895,-0.0002882297823659128,-0.018546042720483404,-0.27031249999999996,-0.030702988331380375,0.060925020183775436
prediction,hotcold,neighbors,high,pp_sample,0.015549097086557662,0.0004563201414268887,0.036385446834814913,0.875,0.030589379675628872,10,0.9041451403717875,0.0005015979433555195,0.00045563060547477264,0.04537495457854333,0.9203125,0.043746815392287426,10,0.8605790371555374,0.015047499143202142,6.895359521160815e-07,-0.00898950774372842,-0.04531249999999998,-0.013157435716658554,0.043566103216250096
prediction,hotcold,neighbors,high,pp_tempered,-0.0015992787892290762,0.00020579274922787868,0.02706675433597363,0.72109375,0.015993344820974906,10,0.9181123818467555,0.0005015979433555195,0.00045563060547477264,0.04537495457854333,0.9203125,0.043746815392287426,10,0.8605790371555374,-0.0021008767325845956,-0.00024983785624689396,-0.018308200242569704,-0.19921875,-0.02775347057131252,0.05753334469121807
prediction,hotcold,neighbors,low,pp,-0.0003563578207295199,0.00034073203751655773,0.0379033164415232,0.55234375,0.015310867958412692,10,0.8963153497527925,-0.00020409813664300225,0.00039076743266851834,0.0447902451804682,0.93515625,0.043746815392287426,10,0.8685623054385643,-0.00015225968408651765,-5.003539515196061e-05,-0.006886928738945003,-0.3828125,-0.028435947433874734,0.027753044314228204
prediction,hotcold,neighbors,low,pp_sample,0.013970768914218338,0.0005316848340020967,0.0466328349805849,0.82265625,0.03370568265372869,10,0.8748855520966856,-0.00020409813664300225,0.00039076743266851834,0.0447902451804682,0.93515625,0.043746815392287426,10,0.8685623054385643,0.01417486705086134,0.00014091740133357836,0.0018425898001167007,-0.11250000000000004,-0.010041132738558736,0.00632324665812134
prediction,hotcold,neighbors,low,pp_tempered,-0.0016169728919543276,0.0003284888921233462,0.03290447854517873,0.87421875,0.028136152089044162,10,0.9093263596410914,-0.00020409813664300225,0.00039076743266851834,0.0447902451804682,0.93515625,0.043746815392287426,10,0.8685623054385643,-0.0014128747553113254,-6.227854054517213e-05,-0.011885766635289473,-0.06093749999999998,-0.015610663303243264,0.040764054202527156
prediction,hotcold,neighbors,medium,pp,-0.0015132384404651065,0.0001924160703878887,0.029855538405182194,0.61171875,0.013668316024112783,10,0.9173259586469229,-0.00013980177078092376,0.0003714170559678175,0.04413669261533065,0.94453125,0.043746815392287426,10,0.8697104654578119,-0.0013734366696841827,-0.00017900098557992877,-0.014281154210148458,-0.33281250000000007,-0.030078499368174645,0.04761549318911096
prediction,hotcold,neighbors,medium,pp_sample,0.014913921725366486,0.00043622117042888887,0.03908722525908729,0.859375,0.03156075957437465,10,0.9000471821895216,-0.00013980177078092376,0.0003714170559678175,0.04413669261533065,0.94453125,0.043746815392287426,10,0.8697104654578119,0.01505372349614741,6.480411446107138e-05,-0.005049467356243363,-0.08515625000000004,-0.012186055817912773,0.03033671673170968
prediction,hotcold,neighbors,medium,pp_tempered,-0.0022641530351240327,0.00021810124997336796,0.0280146859227769,0.78046875,0.019339344567215942,10,0.9173273891257825,-0.00013980177078092376,0.0003714170559678175,0.04413669261533065,0.94453125,0.043746815392287426,10,0.8697104654578119,-0.002124351264343109,-0.00015331580599444952,-0.01612200669255375,-0.1640625,-0.024407470825071484,0.047616923667970545
prediction,hotcold,out_hotcold,high,pp,-0.003501737711699802,0.00042637221365957864,0.03551112516232322,0.55390625,0.0145959964437261,10,0.9138016439383032,0.0014805914011164667,0.00021918391777712239,0.04325821404396818,0.9421875,0.043746815392287426,10,0.876371146541949,-0.004982329112816269,0.00020718829588245625,-0.007747088881644958,-0.3882812499999999,-0.02915081894856133,0.03743049739635418
prediction,hotcold,out_hotcold,high,pp_sample,0.01278197352400403,0.00036856144660602993,0.04189010220306963,0.8406250000000001,0.03147513805925404,10,0.894403854553706,0.0014805914011164667,0.00021918391777712239,0.04325821404396818,0.9421875,0.043746815392287426,10,0.876371146541949,0.011301382122887563,0.00014937752882890755,-0.0013681118408985504,-0.10156249999999989,-0.012271677333033387,0.018032708011756937
prediction,hotcold,out_hotcold,high,pp_tempered,-0.00739746882641797,0.0008780877973159521,0.03817105219057587,0.74921875,0.023486924689277995,10,0.9218710865150637,0.0014805914011164667,0.00021918391777712239,0.04325821404396818,0.9421875,0.043746815392287426,10,0.876371146541949,-0.008878060227534436,0.0006589038795388298,-0.005087161853392308,-0.1929687499999999,-0.02025989070300943,0.045499939973114634
prediction,hotcold,out_hotcold,low,pp,-0.002386544919296765,0.00037370867692756456,0.04214442014411739,0.5640625,0.016812255851173862,10,0.878513228568278,-0.00041106071268442725,0.00029870417312454785,0.04525201863031491,0.928125,0.043746815392287426,10,0.8637594580137942,-0.001975484206612338,7.500450380301671e-05,-0.003107598486197523,-0.36406249999999996,-0.026934559541113564,0.014753770554483792
prediction,hotcold,out_hotcold,low,pp_sample,0.01140575924627251,0.0004202470854179011,0.05002310750711331,0.815625,0.03458203601584259,10,0.8555243574100098,-0.00041106071268442725,0.00029870417312454785,0.04525201863031491,0.928125,0.043746815392287426,10,0.8637594580137942,0.011816819958956937,0.00012154291229335326,0.0047710888767983975,-0.11249999999999993,-0.009164779376444838,-0.008235100603784407
prediction,hotcold,out_hotcold,low,pp_tempered,-0.00700770411763103,0.0007198076820650879,0.041504808694840974,0.88828125,0.036343361956923864,10,0.8880933798933428,-0.00041106071268442725,0.00029870417312454785,0.04525201863031491,0.928125,0.043746815392287426,10,0.8637594580137942,-0.006596643404946602,0.0004211035089405401,-0.0037472099354739358,-0.039843749999999956,-0.007403453435363562,0.024333921879548637
prediction,hotcold,out_hotcold,medium,pp,-0.0037163979238172573,0.000463659470231019,0.03812845698351697,0.55,0.015519093857761356,10,0.9011580934020967,0.0002955664167425937,0.00028747017499113867,0.044141670366455006,0.93671875,0.043746815392287426,10,0.8738951347658303,-0.004011964340559851,0.00017618929523988033,-0.006013213382938039,-0.38671875,-0.02822772153452607,0.027262958636266488
prediction,hotcold,out_hotcold,medium,pp_sample,0.011759353276365198,0.0004015591428845315,0.04490045841971524,0.8296875,0.03272140720031504,10,0.8805494377846573,0.0002955664167425937,0.00028747017499113867,0.044141670366455006,0.93671875,0.043746815392287426,10,0.8738951347658303,0.011463786859622604,0.00011408896789339286,0.0007587880532602329,-0.10703125000000002,-0.011025408191972383,0.006654303018827079
prediction,hotcold,out_hotcold,medium,pp_tempered,-0.007995029326203398,0.0009368867671248869,0.040285700623419976,0.7890625,0.027349081294872436,10,0.9052252875851756,0.0002955664167425937,0.00028747017499113867,0.044141670366455006,0.93671875,0.043746815392287426,10,0.8738951347658303,-0.008290595742945992,0.0006494165921337482,-0.00385596974303503,-0.14765625000000004,-0.01639773409741499,0.03133015281934537
prediction,hotcold,out_urban,high,pp,0.009737883418863768,0.0011839295554057004,0.0399257097017987,0.36953125,0.012023139548208772,10,0.9156211008800531,-0.0008149633096797927,0.00026880390221555966,0.0431646343574425,0.94296875,0.043746815392287426,10,0.8724035508533715,0.01055284672854356,0.0009151256531901408,-0.0032389246556438003,-0.5734375,-0.031723675844078654,0.043217550026681595
prediction,hotcold,out_urban,high,pp_sample,0.024792543866135452,0.0010788592954009443,0.042527679551715394,0.7625,0.028465317348329994,10,0.9013977970471372,-0.0008149633096797927,0.00026880390221555966,0.0431646343574425,0.94296875,0.043746815392287426,10,0.8724035508533715,0.025607507175815246,0.0008100553931853847,-0.0006369548057271052,-0.18046875000000007,-0.015281498043957432,0.02899424619376567
prediction,hotcold,out_urban,high,pp_tempered,0.015995632844474916,0.002505388669418445,0.05086115673867263,0.38125,0.016809494767059226,10,0.9102795290639433,-0.0008149633096797927,0.00026880390221555966,0.0431646343574425,0.94296875,0.043746815392287426,10,0.8724035508533715,0.01681059615415471,0.0022365847672028852,0.007696522381230128,-0.56171875,-0.0269373206252282,0.03787597821057176
prediction,hotcold,out_urban,low,pp,0.0031728633338534433,0.0006737987897495744,0.04167327966090343,0.5234375,0.015846111885362998,10,0.887232132002984,-0.0001271444505878309,0.00030131629963182677,0.04446477256365137,0.9453125,0.043746815392287426,10,0.8695436276367543,0.0033000077844412743,0.00037248249011774765,-0.0027914929027479385,-0.421875,-0.02790070350692443,0.017688504366229707
prediction,hotcold,out_urban,low,pp_sample,0.015741173023551918,0.0005843999584474054,0.04804196198881514,0.81328125,0.03351932286969774,10,0.8690489257695384,-0.0001271444505878309,0.00030131629963182677,0.04446477256365137,0.9453125,0.043746815392287426,10,0.8695436276367543,0.015868317474139748,0.00028308365881557864,0.0035771894251637737,-0.13203125000000004,-0.010227492522589685,-0.0004947018672158965
prediction,hotcold,out_urban,low,pp_tempered,0.008443831682433926,0.001792135860369677,0.048348678587363275,0.7234375,0.029573933932403814,10,0.8871311293464558,-0.0001271444505878309,0.00030131629963182677,0.04446477256365137,0.9453125,0.043746815392287426,10,0.8695436276367543,0.008570976133021756,0.0014908195607378502,0.003883906023711907,-0.22187500000000004,-0.014172881459883612,0.01758750170970147
prediction,hotcold,out_urban,medium,pp,0.007632570835967472,0.001053221627013197,0.040245902368285236,0.43984375,0.013302840780197592,10,0.9064901452061627,-0.00048523635859707467,0.00023849632500048265,0.0434207493776524,0.940625,0.043746815392287426,10,0.8683769569399915,0.008117807194564546,0.0008147253020127144,-0.0031748470093671613,-0.5007812500000001,-0.030443974612089836,0.03811318826617116
prediction,hotcold,out_urban,medium,pp_sample,0.02160394844533391,0.0008852618099550876,0.04360178703082844,0.78828125,0.030192225040512975,10,0.8908785720553183,-0.00048523635859707467,0.00023849632500048265,0.0434207493776524,0.940625,0.043746815392287426,10,0.8683769569399915,0.022089184803930986,0.000646765484954605,0.00018103765317604298,-0.15234375,-0.013554590351774452,0.02250161511532678
prediction,hotcold,out_urban,medium,pp_tempered,0.01413766151797157,0.0024412322777418605,0.051287436235871474,0.46640625,0.019977929343775052,10,0.9033528410189124,-0.00048523635859707467,0.00023849632500048265,0.0434207493776524,0.940625,0.043746815392287426,10,0.8683769569399915,0.014622897876568643,0.002202735952741378,0.007866686858219077,-0.47421875,-0.023768886048512374,0.03497588407892094
prediction,random,crisis_dist,high,pp,-0.0004615545105593375,0.0008899412734449737,0.04212799272759473,0.51328125,0.015567688809083357,10,0.7861738426124628,0.0025069982727182086,0.0006750446294440231,0.046179565892410485,0.92109375,0.04393745846153657,10,0.7707167814229491,-0.0029685527832775463,0.00021489664400095056,-0.004051573164815754,-0.4078125,-0.028369769652453213,0.015457061189513732
prediction,random,crisis_dist,high,pp_sample,0.014647182753147598,0.0006590938886059244,0.047079541988455285,0.83203125,0.034253576200261156,10,0.790527728371728,0.0025069982727182086,0.0006750446294440231,0.046179565892410485,0.92109375,0.04393745846153657,10,0.7707167814229491,0.012140184480429389,-1.5950740838098693e-05,0.0008999760960448008,-0.08906250000000004,-0.009683882261275416,0.01981094694877894
prediction,random,crisis_dist,high,pp_tempered,-0.003131822228116548,0.0016904602192622357,0.046671952291904455,0.71953125,0.029019516497934206,10,0.7608857024575104,0.0025069982727182086,0.0006750446294440231,0.046179565892410485,0.92109375,0.04393745846153657,10,0.7707167814229491,-0.005638820500834757,0.0010154155898182125,0.0004923863994939701,-0.2015625000000001,-0.014917941963602365,-0.009831078965438667
prediction,random,crisis_dist,low,pp,-0.0018877455855374483,0.0010665854707300711,0.048239695920578904,0.46953125,0.016863786794511545,10,0.7766971443124401,-0.0008854389378167459,0.0009605216893478321,0.04928549772506522,0.89765625,0.04393745846153657,10,0.7707035040842095,-0.0010023066477207023,0.00010606378138223907,-0.0010458018044863168,-0.42812500000000003,-0.027073671667025026,0.005993640228230568
prediction,random,crisis_dist,low,pp_sample,0.011157938318478035,0.0006992079861222197,0.05186572399503404,0.79765625,0.03547759103710555,10,0.7822229795050043,-0.0008854389378167459,0.0009605216893478321,0.04928549772506522,0.89765625,0.04393745846153657,10,0.7707035040842095,0.012043377256294781,-0.0002613137032256124,0.002580226269968816,-0.10000000000000009,-0.008459867424431021,0.01151947542079479
prediction,random,crisis_dist,low,pp_tempered,-0.0038828922361905044,0.0015203551230771016,0.04830164295496048,0.8328125,0.03790943459865746,10,0.7804919574282254,-0.0008854389378167459,0.0009605216893478321,0.04928549772506522,0.89765625,0.04393745846153657,10,0.7707035040842095,-0.0029974532983737586,0.0005598334337292695,-0.0009838547701047431,-0.06484375000000009,-0.006028023862879109,0.009788453344015902
prediction,random,crisis_dist,medium,pp,-0.0018543955534945393,0.000960069116797911,0.044392403544500844,0.496875,0.016033826519923727,10,0.7878861862732779,0.0004455580923084562,0.0007214412511655617,0.046595335394309004,0.92734375,0.04393745846153657,10,0.7772018989454712,-0.0022999536458029957,0.00023862786563234927,-0.0022029318498081596,-0.43046875,-0.027903631941612845,0.010684287327806685
prediction,random,crisis_dist,medium,pp_sample,0.012586189051934307,0.0006180833648773717,0.04810731870221278,0.82421875,0.03473169565570601,10,0.7928646690048489,0.0004455580923084562,0.0007214412511655617,0.046595335394309004,0.92734375,0.04393745846153657,10,0.7772018989454712,0.01214063095962585,-0.00010335788628819008,0.0015119833079037734,-0.10312500000000002,-0.009205762805830561,0.015662770059377662
prediction,random,crisis_dist,medium,pp_tempered,-0.004413278158243258,0.0017859202147524813,0.048348525850600704,0.74296875,0.0316526113550392,10,0.7659473757457694,0.0004455580923084562,0.0007214412511655617,0.046595335394309004,0.92734375,0.04393745846153657,10,0.7772018989454712,-0.004858836250551715,0.0010644789635869197,0.0017531904562917006,-0.18437500000000007,-0.012284847106497375,-0.011254523199701771
prediction,random,crisis_idp,high,pp,-0.000729534585403973,0.0010163945133132236,0.0467063728890033,0.4703125,0.01650152868283258,10,0.7636888402163237,0.000883839895910496,0.0007986745230421037,0.0489779234048625,0.9125,0.04393745846153657,10,0.7562949231547911,-0.001613374481314469,0.0002177199902711199,-0.0022715505158591998,-0.44218749999999996,-0.02743592977870399,0.0073939170615325844
prediction,random,crisis_idp,high,pp_sample,0.012935114054303858,0.0006872502436832782,0.05067023265734124,0.80703125,0.035149769009455885,10,0.7736326614690533,0.000883839895910496,0.0007986745230421037,0.0489779234048625,0.9125,0.04393745846153657,10,0.7562949231547911,0.012051274158393362,-0.00011142427935882551,0.0016923092524787423,-0.10546875,-0.008787689452080687,0.01733773831426222
prediction,random,crisis_idp,high,pp_tempered,-0.0035819366904598408,0.0019473929868404553,0.05046827418952636,0.73203125,0.03241407221899529,10,0.7534365920105219,0.000883839895910496,0.0007986745230421037,0.0489779234048625,0.9125,0.04393745846153657,10,0.7562949231547911,-0.004465776586370337,0.0011487184637983517,0.001490350784663863,-0.18046874999999996,-0.011523386242541282,-0.002858331144269144
prediction,random,crisis_idp,low,pp,-0.0028987926434358774,0.0010649140689590747,0.049681376515554355,0.48046875,0.017211283597968845,10,0.7728009719996491,-0.002601989973571489,0.0010090461070162314,0.049993618869852416,0.8984375,0.04393745846153657,10,0.7715637890825684,-0.00029680266986438844,5.586796194284333e-05,-0.0003122423542980604,-0.41796875,-0.026726174863567726,0.001237182917080748
prediction,random,crisis_idp,low,pp_sample,0.00943342783625555,0.0006719384177039695,0.0527876323863182,0.78828125,0.035757556492669006,10,0.7791102069372043,-0.002601989973571489,0.0010090461070162314,0.049993618869852416,0.8984375,0.04393745846153657,10,0.7715637890825684,0.012035417809827038,-0.0003371076893122619,0.0027940135164657848,-0.11015624999999996,-0.008179901968867566,0.007546417854635945
prediction,random,crisis_idp,low,pp_tempered,-0.004157956341044912,0.001337071966237848,0.0495256630949797,0.8625,0.040885431520087244,10,0.7720836708916786,-0.002601989973571489,0.0010090461070162314,0.049993618869852416,0.8984375,0.04393745846153657,10,0.7715637890825684,-0.001555966367473423,0.0003280258592216166,-0.00046795577487271367,-0.035937499999999956,-0.0030520269414493276,0.0005198818091102231
prediction,random,crisis_idp,medium,pp,-0.0018492830205480025,0.0009640654273721531,0.047224178144441784,0.48046875,0.016819408436001732,10,0.7677932554923828,-0.0007868073730541687,0.0007990068608366562,0.0484464747978834,0.91328125,0.04393745846153657,10,0.7642659711097767,-0.001062475647493834,0.00016505856653549695,-0.001222296653441618,-0.43281250000000004,-0.02711805002553484,0.0035272843826060774
prediction,random,crisis_idp,medium,pp_sample,0.011287787026602988,0.0006095042940597406,0.050988734809983,0.80625,0.035421878225148626,10,0.7746661377833403,-0.0007868073730541687,0.0007990068608366562,0.0484464747978834,0.91328125,0.04393745846153657,10,0.7642659711097767,0.012074594399657156,-0.00018950256677691558,0.0025422600120995967,-0.10703125000000002,-0.008515580236387946,0.010400166673563582
prediction,random,crisis_idp,medium,pp_tempered,-0.004283394102946412,0.001712685309546832,0.049382990584725235,0.79140625,0.03543860451212207,10,0.7577930758710568,-0.0007868073730541687,0.0007990068608366562,0.0484464747978834,0.91328125,0.04393745846153657,10,0.7642659711097767,-0.0034965867298922433,0.0009136784487101758,0.0009365157868418336,-0.12187500000000007,-0.008498853949414499,-0.006472895238719856
prediction,random,distance,high,pp,0.01336633401417462,0.00038695764138081944,0.02623258454861178,0.58359375,0.011754497030786055,10,0.599657928477699,-0.0029680092380261294,0.001241130290372286,0.05209426722592303,0.86640625,0.04393745846153657,10,0.62670173488912,0.01633434325220075,-0.0008541726489914665,-0.02586168267731125,-0.2828125,-0.032182961430750515,-0.0270438064114209
prediction,random,distance,high,pp_sample,0.027748549785061576,0.0010381058075520785,0.03882404125024683,0.83125,0.028601808801299422,10,0.6789970065401303,-0.0029680092380261294,0.001241130290372286,0.05209426722592303,0.86640625,0.04393745846153657,10,0.62670173488912,0.030716559023087706,-0.00020302448282020743,-0.013270225975676203,-0.03515625,-0.01533564966023715,0.05229527165101033
prediction,random,distance,high,pp_tempered,0.01712174666658243,0.0008569591842811496,0.03181243800901143,0.53828125,0.013469678885534608,10,0.298106943866539,-0.0029680092380261294,0.001241130290372286,0.05209426722592303,0.86640625,0.04393745846153657,10,0.62670173488912,0.02008975590460856,-0.0003841711060911363,-0.0202818292169116,-0.328125,-0.030467779576001962,-0.32859479102258093
prediction,random,distance,low,pp,0.00610805718252363,0.001257340181522473,0.04478163717513594,0.46328125,0.015456107829542631,10,0.7428718782274089,-0.0004284127215301557,0.000498567809195869,0.04601152604127969,0.928125,0.04393745846153657,10,0.768578046847209,0.0065364699040537854,0.0007587723723266041,-0.0012298888661437524,-0.46484375,-0.02848135063199394,-0.02570616861980013
prediction,random,distance,low,pp_sample,0.018166573788972178,0.0008688506111535237,0.04824294004175359,0.80234375,0.03351656310830538,10,0.7735991552423804,-0.0004284127215301557,0.000498567809195869,0.04601152604127969,0.928125,0.04393745846153657,10,0.768578046847209,0.018594986510502332,0.0003702828019576548,0.0022314140004738997,-0.12578124999999996,-0.010420895353231194,0.0050211083951714475
prediction,random,distance,low,pp_tempered,0.01293635848664807,0.0028246572887855132,0.05361657757615819,0.57265625,0.025629126552591544,10,0.5762307453949471,-0.0004284127215301557,0.000498567809195869,0.04601152604127969,0.928125,0.04393745846153657,10,0.768578046847209,0.013364771208178226,0.0023260894795896444,0.007605051534878497,-0.35546875,-0.018308331908945027,-0.19234730145226187
prediction,random,distance,medium,pp,0.009351627760003362,0.0006903465213291585,0.03282327015421148,0.4984375,0.012824074705636982,10,0.6747189306910365,-0.003440537523913239,0.0003680392520894785,0.043111776375391785,0.93984375,0.04393745846153657,10,0.7586511026656143,0.012792165283916601,0.00032230726923968006,-0.010288506221180306,-0.44140625,-0.031113383755899587,-0.08393217197457781
prediction,random,distance,medium,pp_sample,0.02305102195873817,0.0007771174668873464,0.038827564669146906,0.84140625,0.030180532901012243,10,0.7559412459980714,-0.003440537523913239,0.0003680392520894785,0.043111776375391785,0.93984375,0.04393745846153657,10,0.7586511026656143,0.02649155948265141,0.0004090782147978679,-0.004284211706244878,-0.09843749999999996,-0.013756925560524328,-0.002709856667542865
prediction,random,distance,medium,pp_tempered,0.015141733957589412,0.0016871188413627866,0.041865389389448275,0.4609375,0.016474515825058825,10,0.3844547883675831,-0.003440537523913239,0.0003680392520894785,0.043111776375391785,0.93984375,0.04393745846153657,10,0.7586511026656143,0.01858227148150265,0.001319079589273308,-0.0012463869859435095,-0.47890625,-0.027462942636477746,-0.3741963142980312
prediction,random,into_hotcold,high,pp,0.0008330842664506333,0.0010999108811482628,0.05639150308288919,0.4578125,0.0174028458957223,10,0.7289592796504942,-0.0002710434501178903,0.0011728206988102735,0.05776655244310945,0.8265625,0.04393745846153657,10,0.7220760583733743,0.0011041277165685236,-7.29098176620107e-05,-0.0013750493602202596,-0.36874999999999997,-0.026534612565814273,0.006883221277119933
prediction,random,into_hotcold,high,pp_sample,0.012204782109628587,0.0008369564833615061,0.06032835642426453,0.72421875,0.03591196377659113,10,0.7323578297804502,-0.0002710434501178903,0.0011728206988102735,0.05776655244310945,0.8265625,0.04393745846153657,10,0.7220760583733743,0.012475825559746476,-0.0003358642154487674,0.002561803981155082,-0.10234374999999996,-0.008025494684945442,0.010281771407075868
prediction,random,into_hotcold,high,pp_tempered,0.001490029665559592,0.0011266972543354475,0.0567793892659695,0.82421875,0.04323377441774879,10,0.724627966145692,-0.0002710434501178903,0.0011728206988102735,0.05776655244310945,0.8265625,0.04393745846153657,10,0.7220760583733743,0.0017610731156774823,-4.6123444474825996e-05,-0.0009871631771399478,-0.002343749999999978,-0.000703684043787782,0.0025519077723177297
prediction,random,into_hotcold,low,pp,-0.0007314559474606744,0.0009503294289563484,0.04863109320610929,0.453125,0.017357617942804715,10,0.7720135309491629,-0.0012337746495201098,0.0009487956589131106,0.04915382852478957,0.90078125,0.04393745846153657,10,0.7707543167161393,0.0005023187020594354,1.533770043237793e-06,-0.00052273531868028,-0.44765625,-0.026579840518731856,0.0012592142330236644
prediction,random,into_hotcold,low,pp_sample,0.01097523797663246,0.0006427097385326459,0.052198990212299096,0.79921875,0.03584634585507535,10,0.7783181973990254,-0.0012337746495201098,0.0009487956589131106,0.04915382852478957,0.90078125,0.04393745846153657,10,0.7707543167161393,0.012209012626152569,-0.00030608592038046465,0.003045161687509526,-0.1015625,-0.008091112606461219,0.007563880682886159
prediction,random,into_hotcold,low,pp_tempered,0.00011862262148362829,0.0010093006243383975,0.04908012822488088,0.8875000000000001,0.04338119996094552,10,0.7639360696038316,-0.0012337746495201098,0.0009487956589131106,0.04915382852478957,0.90078125,0.04393745846153657,10,0.7707543167161393,0.001352397271003738,6.0504965425286876e-05,-7.370029990869109e-05,-0.013281249999999911,-0.0005562585005910517,-0.006818247112307607
prediction,random,into_hotcold,medium,pp,0.0009174789954662673,0.0010555431028762396,0.05053918629859971,0.45,0.017377256626715715,10,0.7608813069251505,-1.990952136848101e-05,0.0010986975382743821,0.05167002998235896,0.87578125,0.04393745846153657,10,0.7553457377112665,0.0009373885168347482,-4.315443539814256e-05,-0.00113084368375925,-0.42578124999999994,-0.026560201834820857,0.005535569213884095
prediction,random,into_hotcold,medium,pp_sample,0.012393122175319715,0.0007867235081943888,0.054303448061793394,0.76953125,0.03588401559457324,10,0.7665662264330846,-1.990952136848101e-05,0.0010986975382743821,0.05167002998235896,0.87578125,0.04393745846153657,10,0.7553457377112665,0.012413031696688196,-0.0003119740300799933,0.0026334180794344367,-0.10624999999999996,-0.008053442866963328,0.011220488721818134
prediction,random,into_hotcold,medium,pp_tempered,0.0017353778511618857,0.0010920033228051587,0.051003096898029024,0.86640625,0.04327054599656039,10,0.7539777953851895,-1.990952136848101e-05,0.0010986975382743821,0.05167002998235896,0.87578125,0.04393745846153657,10,0.7553457377112665,0.0017552873725303667,-6.694215469223424e-06,-0.0006669330843299334,-0.009374999999999911,-0.0006669124649761812,-0.001367942326076954
prediction,random,into_urban,high,pp,-0.0006261358916862098,0.0011781057864083773,0.05735617116686078,0.41953125,0.017495273623521133,10,0.7036830505787748,0.0002533689513694133,0.001278898579211544,0.05874753123602685,0.82578125,0.04393745846153657,10,0.6997374382895053,-0.0008795048430556231,-0.0001007927928031668,-0.00139136006916607,-0.40625,-0.02644218483801544,0.0039456122892694845
prediction,random,into_urban,high,pp_sample,0.01159515914238369,0.000946876768646952,0.06150296146792783,0.715625,0.03596218786937696,10,0.7112775625573862,0.0002533689513694133,0.001278898579211544,0.05874753123602685,0.82578125,0.04393745846153657,10,0.6997374382895053,0.011341790191014278,-0.00033202181056459206,0.0027554302319009807,-0.11015625000000007,-0.007975270592159613,0.011540124267880869
prediction,random,into_urban,high,pp_tempered,-0.0019700014584584135,0.0011460729955977368,0.05657067724402061,0.859375,0.04342785525160803,10,0.706007493251813,0.0002533689513694133,0.001278898579211544,0.05874753123602685,0.82578125,0.04393745846153657,10,0.6997374382895053,-0.0022233704098278267,-0.00013282558361380728,-0.0021768539920062405,0.03359374999999998,-0.0005096032099285441,0.006270054962307703
prediction,random,into_urban,low,pp,0.00036021665394591696,0.0010392108078429848,0.05027094186498639,0.459375,0.017380591384751072,10,0.7654089540179181,0.0005275981331425777,0.0010442936975760377,0.05043448146119223,0.89375,0.04393745846153657,10,0.7656673207560357,-0.00016738147919666073,-5.082889733052862e-06,-0.00016353959620584585,-0.43437500000000007,-0.0265568670767855,-0.00025836673811763244
prediction,random,into_urban,low,pp_sample,0.01234954966490968,0.0007503993311828318,0.05404139666650071,0.78203125,0.03586846665991434,10,0.7730274700107995,0.0005275981331425777,0.0010442936975760377,0.05043448146119223,0.89375,0.04393745846153657,10,0.7656673207560357,0.011821951531767103,-0.00029389436639320587,0.003606915205308474,-0.11171875000000009,-0.008068991801622231,0.007360149254763804
prediction,random,into_urban,low,pp_tempered,-0.0005618506863357065,0.001066420400863356,0.050396001336972404,0.8921875,0.04368337597541966,10,0.761923155587277,0.0005275981331425777,0.0010442936975760377,0.05043448146119223,0.89375,0.04393745846153657,10,0.7656673207560357,-0.001089448819478284,2.2126703287318273e-05,-3.8480124219829326e-05,-0.0015625000000000222,-0.0002540824861169133,-0.0037441651687587507
prediction,random,into_urban,medium,pp,0.0017995255824801016,0.0009919986576533604,0.05168275889886528,0.45859375,0.017439150128375665,10,0.745813650602551,0.0024671379338669554,0.0010490724977164395,0.05262778795370095,0.8562500000000001,0.04393745846153657,10,0.7447381243169896,-0.0006676123513868538,-5.7073840063079145e-05,-0.0009450290548356638,-0.39765625000000004,-0.026498308333160907,0.0010755262855614012
prediction,random,into_urban,medium,pp_sample,0.01397980650175937,0.0008040661267115587,0.05607978168306242,0.75078125,0.03594127219093099,10,0.7570241203510959,0.0024671379338669554,0.0010490724977164395,0.05262778795370095,0.8562500000000001,0.04393745846153657,10,0.7447381243169896,0.011512668567892414,-0.0002450063710048809,0.0034519937293614744,-0.10546875000000011,-0.007996186270605582,0.012285996034106295
prediction,random,into_urban,medium,pp_tempered,0.0004896903134497579,0.0009882403412832445,0.051232735370985556,0.878125,0.043489394690337135,10,0.74528461179665,0.0024671379338669554,0.0010490724977164395,0.05262778795370095,0.8562500000000001,0.04393745846153657,10,0.7447381243169896,-0.0019774476204171974,-6.083215643319499e-05,-0.0013950525827153906,0.021874999999999978,-0.0004480637711994362,0.0005464874796603514
prediction,random,neighbors,high,pp,0.0012069706786121096,0.00028111614912554523,0.031150515112873412,0.60234375,0.013458900075736007,10,0.8012038709169726,-0.0028952927277049014,0.0016705535480206646,0.05503146638364711,0.85078125,0.04393745846153657,10,0.5426498897366661,0.004102263406317011,-0.0013894373988951195,-0.023880951270773696,-0.2484375000000001,-0.030478558385800564,0.2585539811803066
prediction,random,neighbors,high,pp_sample,0.01665143349450324,0.0006957417302620591,0.03989457177815502,0.84375,0.031269020314669965,10,0.787215184342365,-0.0028952927277049014,0.0016705535480206646,0.05503146638364711,0.85078125,0.04393745846153657,10,0.5426498897366661,0.01954672622220814,-0.0009748118177586055,-0.015136894605492085,-0.007031250000000044,-0.012668438146866606,0.24456529460569898
prediction,random,neighbors,high,pp_tempered,0.0015367057150598436,0.0006659628351764847,0.035838527298576284,0.60546875,0.01647352936787004,10,0.7325777303681732,-0.0028952927277049014,0.0016705535480206646,0.05503146638364711,0.85078125,0.04393745846153657,10,0.5426498897366661,0.0044319984427647445,-0.00100459071284418,-0.019192939085070825,-0.24531250000000004,-0.02746392909366653,0.18992784063150714
prediction,random,neighbors,low,pp,0.001741377048627648,0.0011908575680393595,0.04624626620639519,0.44609375,0.015746154060694403,10,0.7382410927372559,-0.0006606049663070359,0.0005387920645140464,0.046162350641721736,0.9296875,0.04393745846153657,10,0.7673869782720002,0.002401982014934684,0.0006520655035253131,8.391556467345074e-05,-0.48359375,-0.02819130440084217,-0.029145885534744287
prediction,random,neighbors,low,pp_sample,0.014817772024173684,0.0007621309205446415,0.049054057002832406,0.80859375,0.034219117519955225,10,0.7778260619276308,-0.0006606049663070359,0.0005387920645140464,0.046162350641721736,0.9296875,0.04393745846153657,10,0.7673869782720002,0.01547837699048072,0.00022333885603059505,0.00289170636111067,-0.12109375,-0.009718340941581347,0.010439083655630621
prediction,random,neighbors,low,pp_tempered,0.0034068941029554004,0.002574798705514121,0.05353877240435352,0.65703125,0.02887562779704039,10,0.605071743485953,-0.0006606049663070359,0.0005387920645140464,0.046162350641721736,0.9296875,0.04393745846153657,10,0.7673869782720002,0.0040674990692624365,0.002036006641000075,0.007376421762631785,-0.27265625000000004,-0.015061830664496182,-0.16231523478604715
prediction,random,neighbors,medium,pp,0.001672759384913683,0.000520582831255879,0.03526404456445092,0.53046875,0.014117373762976393,10,0.7828859548373661,-0.0020193237355978153,0.0006704673741441555,0.04570468727028325,0.9265625,0.04393745846153657,10,0.7075159329512914,0.003692083120511498,-0.00014988454288827652,-0.01044064270583233,-0.3960937499999999,-0.02982008469856018,0.07537002188607467
prediction,random,neighbors,medium,pp_sample,0.01641207506200168,0.0005661930551845202,0.040457800709108364,0.8453125,0.032220077605230796,10,0.8102842350888224,-0.0020193237355978153,0.0006704673741441555,0.04570468727028325,0.9265625,0.04393745846153657,10,0.7075159329512914,0.018431398797599495,-0.0001042743189596353,-0.0052468865611748836,-0.08124999999999993,-0.011717380856305776,0.10276830213753096
prediction,random,neighbors,medium,pp_tempered,0.0025962819056633713,0.0014169525882140176,0.04406694283324489,0.55078125,0.019942792192226104,10,0.6430825519403862,-0.0020193237355978153,0.0006704673741441555,0.04570468727028325,0.9265625,0.04393745846153657,10,0.7075159329512914,0.004615605641261187,0.0007464852140698621,-0.0016377444370383604,-0.37578124999999996,-0.023994666269310468,-0.06443338101090523
prediction,random,out_hotcold,high,pp,-0.009049754180279857,0.0017519696740983602,0.04651568899091821,0.40390625,0.013790629572803336,10,0.6998262384155366,0.0012075921668512153,0.0005347092701513979,0.045154939579577724,0.92421875,0.04393745846153657,10,0.7777055280807437,-0.010257346347131073,0.0012172604039469622,0.0013607494113404839,-0.5203125,-0.030146828888733233,-0.07787928966520707
prediction,random,out_hotcold,high,pp_sample,0.010631645456090563,0.0007981553133174918,0.04480361840330586,0.80234375,0.03159935885538509,10,0.778757584301524,0.0012075921668512153,0.0005347092701513979,0.045154939579577724,0.92421875,0.04393745846153657,10,0.7777055280807437,0.009424053289239348,0.00026344604316609393,-0.0003513211762718668,-0.12187499999999996,-0.012338099606151481,0.0010520562207803064
prediction,random,out_hotcold,high,pp_tempered,-0.016631879644573497,0.003721505860742036,0.05816708896413844,0.484375,0.02139747054115156,10,0.43635381979461574,0.0012075921668512153,0.0005347092701513979,0.045154939579577724,0.92421875,0.04393745846153657,10,0.7777055280807437,-0.01783947181142471,0.0031867965905906384,0.013012149384560717,-0.43984375,-0.022539987920385012,-0.34135170828612793
prediction,random,out_hotcold,low,pp,-0.004330788109393431,0.0012623546451815439,0.0482743122822854,0.46171875,0.01662425828283211,10,0.7722777135541594,-0.0008850257202660278,0.0008684790306868568,0.048098126756230285,0.90546875,0.04393745846153657,10,0.7835042031324269,-0.0034457623891274037,0.00039387561449468703,0.00017618552605511845,-0.44375000000000003,-0.02731320017870446,-0.01122648957826744
prediction,random,out_hotcold,low,pp_sample,0.010321860951643657,0.0006892437743030584,0.04998128839760639,0.7953125,0.03493877328500442,10,0.7908818040162618,-0.0008850257202660278,0.0008684790306868568,0.048098126756230285,0.90546875,0.04393745846153657,10,0.7835042031324269,0.011206886671909685,-0.00017923525638379844,0.0018831616413761063,-0.11015625000000007,-0.00899868517653215,0.007377600883834989
prediction,random,out_hotcold,low,pp_tempered,-0.011178216244802067,0.0026251984237837976,0.05401482162937677,0.74765625,0.03459791434139734,10,0.6684671006501032,-0.0008850257202660278,0.0008684790306868568,0.048098126756230285,0.90546875,0.04393745846153657,10,0.7835042031324269,-0.010293190524536039,0.0017567193930969408,0.005916694873146486,-0.15781250000000002,-0.00933954412013923,-0.11503710248232368
prediction,random,out_hotcold,medium,pp,-0.006605180136879357,0.0015955889512767009,0.04767035434065883,0.39921875,0.014882224727971035,10,0.7258747875750255,0.0011969265152886523,0.0006775744743156095,0.047069306226706485,0.92109375,0.04393745846153657,10,0.7692897760949554,-0.007802106652168009,0.0009180144769610914,0.0006010481139523474,-0.5218750000000001,-0.029055233733565534,-0.043414988519929865
prediction,random,out_hotcold,medium,pp_sample,0.01141765445643982,0.0008044062647351658,0.047639660296677974,0.8015625,0.03298240690659006,10,0.7790587668460719,0.0011969265152886523,0.0006775744743156095,0.047069306226706485,0.92109375,0.04393745846153657,10,0.7692897760949554,0.010220727941151166,0.0001268317904195563,0.000570354069971489,-0.11953125000000009,-0.010955051554946513,0.00976899075111648
prediction,random,out_hotcold,medium,pp_tempered,-0.014734980532062627,0.0035698893793100575,0.05862035652996905,0.5578125,0.025111356709414875,10,0.5076436802930836,0.0011969265152886523,0.0006775744743156095,0.047069306226706485,0.92109375,0.04393745846153657,10,0.7692897760949554,-0.015931907047351278,0.002892314904994448,0.011551050303262568,-0.36328125,-0.018826101752121696,-0.2616460958018718
prediction,random,out_urban,high,pp,0.016018066391208046,0.0020579157354494314,0.04696871468172394,0.340625,0.012123533682347209,10,0.6486067992645502,-0.008005142926387794,0.00047489286152211177,0.04384077155302671,0.934375,0.04393745846153657,10,0.7783100579326192,0.024023209317595842,0.0015830228739273197,0.0031279431286972345,-0.59375,-0.03181392477918936,-0.12970325866806898
prediction,random,out_urban,high,pp_sample,0.028896935448740443,0.0017785819254692527,0.048253154301558326,0.69921875,0.029049654786938002,10,0.747689521501542,-0.008005142926387794,0.00047489286152211177,0.04384077155302671,0.934375,0.04393745846153657,10,0.7783100579326192,0.03690207837512824,0.0013036890639471408,0.004412382748531618,-0.23515624999999996,-0.01488780367459857,-0.030620536431077205
prediction,random,out_urban,high,pp_tempered,0.028243774704035884,0.004002674603602965,0.0601094449589467,0.3390625,0.016921816319876604,10,0.3682780259629378,-0.008005142926387794,0.00047489286152211177,0.04384077155302671,0.934375,0.04393745846153657,10,0.7783100579326192,0.03624891763042368,0.003527781742080853,0.01626867340591999,-0.5953124999999999,-0.027015642141659968,-0.4100320319696814
prediction,random,out_urban,low,pp,0.007262635088877388,0.0016381398455647715,0.0489171527346031,0.43124999999999997,0.016105168982062903,10,0.7521873042807192,-0.002683742056652602,0.0009012268166168268,0.04810789904195657,0.9078125,0.04393745846153657,10,0.776854275526849,0.00994637714552999,0.0007369130289479447,0.0008092536926465263,-0.47656250000000006,-0.02783228947947367,-0.02466697124612982
prediction,random,out_urban,low,pp_sample,0.017508533539778267,0.0010669049984033353,0.05050285890193731,0.7765625,0.03413111026687876,10,0.7863949366143896,-0.002683742056652602,0.0009012268166168268,0.04810789904195657,0.9078125,0.04393745846153657,10,0.776854275526849,0.02019227559643087,0.00016567818178650853,0.0023949598599807345,-0.13124999999999998,-0.00980634819465781,0.009540661087540592
prediction,random,out_urban,low,pp_tempered,0.020422830833596098,0.003604111505545649,0.059544393896433664,0.60703125,0.02975814620840365,10,0.5956665794769332,-0.002683742056652602,0.0009012268166168268,0.04810789904195657,0.9078125,0.04393745846153657,10,0.776854275526849,0.0231065728902487,0.002702884688928822,0.011436494854477092,-0.30078125,-0.01417931225313292,-0.1811876960499158
prediction,random,out_urban,medium,pp,0.013730170370657767,0.0020481962261913803,0.04815970018972677,0.3703125,0.013388178460572761,10,0.6814419976066326,-0.006198490393605409,0.0005951868438709871,0.04568084655860043,0.9296875,0.04393745846153657,10,0.771345160946685,0.019928660764263174,0.0014530093823203931,0.0024788536311263418,-0.559375,-0.03054928000096381,-0.08990316334005244
prediction,random,out_urban,medium,pp_sample,0.025324405343927436,0.0015857940234563844,0.049622573163251305,0.73125,0.030841290090885504,10,0.75558739063983,-0.006198490393605409,0.0005951868438709871,0.04568084655860043,0.9296875,0.04393745846153657,10,0.771345160946685,0.03152289573753284,0.0009906071795853972,0.0039417266046508775,-0.19843750000000004,-0.013096168370651067,-0.01575777030685499
prediction,random,out_urban,medium,pp_tempered,0.027162506761864078,0.0041880876549613266,0.061407585417791906,0.39609375,0.020067721649269395,10,0.4307468942846088,-0.006198490393605409,0.0005951868438709871,0.04568084655860043,0.9296875,0.04393745846153657,10,0.771345160946685,0.03336099715546949,0.0035929008110903394,0.01572673885919148,-0.53359375,-0.023869736812267176,-0.34059826666207627
